Customer_ID,Customer_Name,Recency_Days,Frequency,Monetary,Recency_Score,Frequency_Score,Monetary_Score,RFM_Total_Score,Customer_Segment
CUST02369,Vivaan Sharma,6.0,26,656467.23,5,5,5,15,Champions
CUST03244,Neha Mhaske,12.0,19,600454.29,5,5,5,15,Champions
CUST00349,Amit Singh,6.0,20,543035.24,5,5,5,15,Champions
CUST02022,Neha Patil,15.0,23,541358.75,5,5,5,15,Champions
CUST01139,Karan Joshi,2.0,22,534445.22,5,5,5,15,Champions
CUST02672,Ananya Joshi,9.0,20,518367.26,5,5,5,15,Champions
CUST04433,Ananya Kumar,5.0,20,512302.35,5,5,5,15,Champions
CUST03669,Aarav Deshmukh,12.0,17,497075.29,5,5,5,15,Champions
CUST00348,Amit Mehta,1.0,18,496225.41,5,5,5,15,Champions
CUST04416,Vivaan Verma,3.0,21,495128.65,5,5,5,15,Champions
CUST01244,Vivaan Shah,0.0,19,491153.79,5,5,5,15,Champions
CUST01564,Pooja Joshi,10.0,18,489934.67,5,5,5,15,Champions
CUST04378,Vivaan Mhaske,0.0,20,483643.45,5,5,5,15,Champions
CUST03149,Karan Nair,15.0,16,482374.99,5,5,5,15,Champions
CUST03969,Rohan Kumar,16.0,19,481934.91,5,5,5,15,Champions
CUST01307,Arjun Sharma,3.0,19,481414.0,5,5,5,15,Champions
CUST02439,Priya Deshmukh,8.0,15,477507.72,5,5,5,15,Champions
CUST04335,Amit Gupta,8.0,21,477477.47,5,5,5,15,Champions
CUST05036,Amit Patil,14.0,20,471552.49,5,5,5,15,Champions
CUST05431,Arjun Kumar,2.0,17,471221.61,5,5,5,15,Champions
CUST05604,Pooja Verma,3.0,18,471013.14,5,5,5,15,Champions
CUST02782,Pooja Verma,0.0,17,470932.49,5,5,5,15,Champions
CUST03990,Kavya Deshmukh,3.0,17,468466.48,5,5,5,15,Champions
CUST01340,Sneha Deshmukh,15.0,21,466827.65,5,5,5,15,Champions
CUST03012,Isha Deshmukh,8.0,19,466653.47,5,5,5,15,Champions
CUST04829,Karan Mehta,14.0,21,466528.72,5,5,5,15,Champions
CUST04770,Aarav Mehta,1.0,19,463325.7,5,5,5,15,Champions
CUST01719,Meera Singh,11.0,23,460987.84,5,5,5,15,Champions
CUST03248,Meera Kumar,3.0,19,459384.11,5,5,5,15,Champions
CUST03711,Amit Verma,10.0,19,458044.16,5,5,5,15,Champions
CUST05152,Vivaan Mhaske,5.0,24,457598.22,5,5,5,15,Champions
CUST05012,Priya Mehta,8.0,18,457329.16,5,5,5,15,Champions
CUST04883,Pooja Sharma,12.0,17,454970.57,5,5,5,15,Champions
CUST00440,Rahul Mehta,13.0,17,453880.07,5,5,5,15,Champions
CUST05337,Isha Nair,12.0,18,445757.93,5,5,5,15,Champions
CUST04348,Vivaan Sharma,6.0,18,443559.37,5,5,5,15,Champions
CUST00632,Sneha Joshi,14.0,22,443303.4,5,5,5,15,Champions
CUST04854,Rahul Joshi,12.0,19,438168.39,5,5,5,15,Champions
CUST00341,Neha Verma,8.0,18,438153.61,5,5,5,15,Champions
CUST05329,Aditya Nair,3.0,19,437917.21,5,5,5,15,Champions
CUST00303,Vivaan Kumar,15.0,18,436689.29,5,5,5,15,Champions
CUST05162,Rohan Patil,1.0,17,434505.69,5,5,5,15,Champions
CUST05860,Sneha Singh,14.0,16,432611.05,5,5,5,15,Champions
CUST00607,Priya Mhaske,12.0,20,429215.5,5,5,5,15,Champions
CUST05944,Vivaan Shah,10.0,20,426593.0,5,5,5,15,Champions
CUST00689,Aarav Joshi,11.0,24,426338.82,5,5,5,15,Champions
CUST05612,Arjun Mhaske,11.0,20,425956.65,5,5,5,15,Champions
CUST00027,Karan Gupta,15.0,19,424852.81,5,5,5,15,Champions
CUST00072,Rohan Nair,6.0,19,424330.66,5,5,5,15,Champions
CUST03008,Isha Gupta,8.0,17,421609.83,5,5,5,15,Champions
CUST03477,Amit Gupta,10.0,15,420806.0,5,5,5,15,Champions
CUST01639,Isha Shah,14.0,20,419932.6,5,5,5,15,Champions
CUST00682,Arjun Gupta,9.0,19,419527.75,5,5,5,15,Champions
CUST03577,Karan Gupta,3.0,16,417415.34,5,5,5,15,Champions
CUST01736,Pooja Gupta,1.0,15,417345.45,5,5,5,15,Champions
CUST00763,Aditya Deshmukh,3.0,15,416816.6,5,5,5,15,Champions
CUST04938,Ananya Singh,16.0,23,413998.66,5,5,5,15,Champions
CUST02199,Neha Kumar,1.0,19,411337.73,5,5,5,15,Champions
CUST02413,Ananya Joshi,4.0,16,409546.71,5,5,5,15,Champions
CUST02056,Rahul Kumar,1.0,19,409390.54,5,5,5,15,Champions
CUST01740,Meera Kumar,12.0,16,408264.9,5,5,5,15,Champions
CUST01353,Priya Nair,14.0,18,406157.98,5,5,5,15,Champions
CUST02724,Amit Nair,14.0,21,404468.81,5,5,5,15,Champions
CUST00354,Neha Nair,7.0,18,403952.78,5,5,5,15,Champions
CUST02749,Priya Joshi,1.0,17,402796.11,5,5,5,15,Champions
CUST00077,Pooja Kumar,2.0,21,402727.07,5,5,5,15,Champions
CUST05949,Isha Sharma,11.0,18,400684.6,5,5,5,15,Champions
CUST04995,Amit Sharma,10.0,20,398477.59,5,5,5,15,Champions
CUST01448,Priya Mhaske,10.0,17,398359.7,5,5,5,15,Champions
CUST02217,Aditya Verma,6.0,23,396475.16,5,5,5,15,Champions
CUST05666,Rohan Deshmukh,7.0,21,395120.82,5,5,5,15,Champions
CUST01125,Kavya Deshmukh,11.0,17,394868.4,5,5,5,15,Champions
CUST01357,Priya Gupta,7.0,18,391229.58,5,5,5,15,Champions
CUST05116,Ananya Kumar,5.0,16,390987.49,5,5,5,15,Champions
CUST01297,Meera Joshi,7.0,22,390736.29,5,5,5,15,Champions
CUST02361,Aditya Patil,4.0,18,390525.63,5,5,5,15,Champions
CUST04238,Isha Gupta,10.0,18,390520.81,5,5,5,15,Champions
CUST02588,Sneha Patil,2.0,15,390171.25,5,5,5,15,Champions
CUST03505,Rahul Sharma,8.0,16,389009.26,5,5,5,15,Champions
CUST01187,Aditya Sharma,1.0,15,388828.69,5,5,5,15,Champions
CUST00926,Karan Patil,10.0,16,387760.62,5,5,5,15,Champions
CUST02396,Rahul Joshi,8.0,19,386986.39,5,5,5,15,Champions
CUST05196,Neha Kumar,9.0,15,386215.45,5,5,5,15,Champions
CUST01933,Rahul Deshmukh,3.0,25,385891.75,5,5,5,15,Champions
CUST04520,Aditya Kumar,8.0,15,385470.23,5,5,5,15,Champions
CUST01814,Priya Gupta,4.0,18,385250.36,5,5,5,15,Champions
CUST03031,Sneha Deshmukh,4.0,17,384256.12,5,5,5,15,Champions
CUST02810,Rohan Deshmukh,2.0,15,383124.12,5,5,5,15,Champions
CUST01725,Vivaan Shah,1.0,18,383019.33,5,5,5,15,Champions
CUST03045,Kavya Joshi,6.0,17,382931.96,5,5,5,15,Champions
CUST01114,Priya Singh,14.0,15,381793.45,5,5,5,15,Champions
CUST03411,Sneha Mhaske,15.0,17,380999.93,5,5,5,15,Champions
CUST01393,Rahul Kumar,5.0,22,380131.21,5,5,5,15,Champions
CUST01508,Karan Shah,14.0,20,379441.23,5,5,5,15,Champions
CUST04580,Neha Gupta,13.0,15,378599.95,5,5,5,15,Champions
CUST00875,Karan Patil,8.0,18,378472.14,5,5,5,15,Champions
CUST03512,Rohan Gupta,7.0,20,377702.82,5,5,5,15,Champions
CUST03357,Karan Kumar,14.0,22,375359.22,5,5,5,15,Champions
CUST04506,Priya Verma,0.0,18,372849.58,5,5,5,15,Champions
CUST04563,Aditya Mehta,0.0,16,372394.21,5,5,5,15,Champions
CUST00279,Amit Verma,14.0,19,371911.12,5,5,5,15,Champions
CUST01235,Pooja Kumar,8.0,15,371752.31,5,5,5,15,Champions
CUST04011,Isha Shah,11.0,22,370731.76,5,5,5,15,Champions
CUST01594,Ananya Verma,10.0,17,370557.01,5,5,5,15,Champions
CUST01668,Vivaan Kumar,12.0,20,370120.45,5,5,5,15,Champions
CUST00140,Pooja Kumar,13.0,16,369722.99,5,5,5,15,Champions
CUST00074,Rohan Gupta,5.0,20,369434.19,5,5,5,15,Champions
CUST02721,Aarav Gupta,14.0,19,368645.43,5,5,5,15,Champions
CUST03033,Rahul Singh,5.0,22,368536.56,5,5,5,15,Champions
CUST00435,Aarav Gupta,0.0,16,368115.52,5,5,5,15,Champions
CUST04469,Ananya Patil,10.0,15,364544.32,5,5,5,15,Champions
CUST02813,Neha Nair,5.0,16,364155.78,5,5,5,15,Champions
CUST04880,Meera Joshi,1.0,17,363389.22,5,5,5,15,Champions
CUST01471,Karan Mhaske,11.0,17,361560.24,5,5,5,15,Champions
CUST01072,Isha Kumar,9.0,17,359963.8,5,5,5,15,Champions
CUST03917,Sneha Nair,4.0,18,359806.87,5,5,5,15,Champions
CUST04431,Arjun Sharma,10.0,16,359563.36,5,5,5,15,Champions
CUST00386,Rahul Patil,6.0,20,359380.43,5,5,5,15,Champions
CUST04198,Aditya Nair,12.0,18,358512.23,5,5,5,15,Champions
CUST03713,Rohan Shah,16.0,19,358227.27,5,5,5,15,Champions
CUST02750,Aditya Mhaske,14.0,15,357283.43,5,5,5,15,Champions
CUST01214,Pooja Sharma,9.0,15,357226.95,5,5,5,15,Champions
CUST04916,Isha Verma,3.0,17,356732.21,5,5,5,15,Champions
CUST03735,Ananya Mhaske,16.0,19,353991.01,5,5,5,15,Champions
CUST03027,Kavya Kumar,2.0,20,353244.14,5,5,5,15,Champions
CUST02016,Pooja Singh,9.0,16,353137.47,5,5,5,15,Champions
CUST04983,Meera Verma,8.0,15,351222.23,5,5,5,15,Champions
CUST02781,Aarav Gupta,5.0,18,350075.76,5,5,5,15,Champions
CUST04774,Aarav Verma,9.0,17,349786.29,5,5,5,15,Champions
CUST00806,Aditya Gupta,1.0,21,349282.11,5,5,5,15,Champions
CUST05810,Aditya Mehta,4.0,19,347905.81,5,5,5,15,Champions
CUST05800,Aditya Mhaske,8.0,16,347885.38,5,5,5,15,Champions
CUST00554,Priya Shah,8.0,15,346375.81,5,5,5,15,Champions
CUST01179,Kavya Joshi,11.0,17,344830.33,5,5,5,15,Champions
CUST00197,Aarav Mehta,5.0,17,344709.55,5,5,5,15,Champions
CUST00900,Pooja Kumar,0.0,16,344496.71,5,5,5,15,Champions
CUST03429,Kavya Verma,9.0,18,344350.35,5,5,5,15,Champions
CUST04784,Karan Shah,8.0,20,343465.8,5,5,5,15,Champions
CUST05603,Arjun Gupta,8.0,17,343230.93,5,5,5,15,Champions
CUST05126,Kavya Gupta,6.0,15,343224.54,5,5,5,15,Champions
CUST00153,Vivaan Mhaske,1.0,17,342996.84,5,5,5,15,Champions
CUST03639,Ananya Gupta,8.0,15,342840.38,5,5,5,15,Champions
CUST01175,Karan Shah,12.0,21,341689.63,5,5,5,15,Champions
CUST02489,Priya Sharma,0.0,16,341689.6,5,5,5,15,Champions
CUST04823,Rahul Nair,10.0,16,341030.06,5,5,5,15,Champions
CUST03595,Aarav Mehta,5.0,17,340982.77,5,5,5,15,Champions
CUST00413,Kavya Mhaske,13.0,16,340194.75,5,5,5,15,Champions
CUST04247,Sneha Gupta,7.0,18,339906.91,5,5,5,15,Champions
CUST01059,Vivaan Sharma,5.0,15,339804.98,5,5,5,15,Champions
CUST01607,Ananya Patil,8.0,17,339679.52,5,5,5,15,Champions
CUST00069,Aarav Gupta,10.0,16,339072.74,5,5,5,15,Champions
CUST04326,Meera Patil,6.0,15,338291.96,5,5,5,15,Champions
CUST00195,Meera Deshmukh,16.0,18,337674.81,5,5,5,15,Champions
CUST01381,Rohan Joshi,6.0,21,336967.8,5,5,5,15,Champions
CUST02796,Rahul Gupta,8.0,17,336434.55,5,5,5,15,Champions
CUST05634,Pooja Gupta,7.0,15,336323.67,5,5,5,15,Champions
CUST01460,Neha Gupta,13.0,17,335249.08,5,5,5,15,Champions
CUST03658,Aarav Mehta,1.0,18,334656.29,5,5,5,15,Champions
CUST03857,Arjun Singh,15.0,19,332932.08,5,5,5,15,Champions
CUST00190,Neha Nair,12.0,18,331973.74,5,5,5,15,Champions
CUST04017,Aarav Shah,3.0,16,331499.47,5,5,5,15,Champions
CUST03020,Isha Patil,11.0,16,330295.9,5,5,5,15,Champions
CUST04679,Aditya Sharma,3.0,17,330096.25,5,5,5,15,Champions
CUST03187,Priya Gupta,7.0,18,328541.17,5,5,5,15,Champions
CUST02970,Rohan Patil,3.0,17,328204.11,5,5,5,15,Champions
CUST04292,Kavya Joshi,5.0,20,327530.84,5,5,5,15,Champions
CUST02157,Rahul Nair,11.0,19,327135.94,5,5,5,15,Champions
CUST01036,Neha Verma,2.0,17,326271.12,5,5,5,15,Champions
CUST03374,Aditya Kumar,15.0,22,325771.89,5,5,5,15,Champions
CUST05547,Pooja Nair,15.0,18,325705.08,5,5,5,15,Champions
CUST00816,Priya Patil,4.0,20,325044.17,5,5,5,15,Champions
CUST03172,Aarav Mehta,2.0,19,324300.75,5,5,5,15,Champions
CUST00597,Rahul Gupta,13.0,17,324268.57,5,5,5,15,Champions
CUST03436,Pooja Patil,12.0,18,323109.97,5,5,5,15,Champions
CUST00787,Arjun Mehta,10.0,17,322704.01,5,5,5,15,Champions
CUST02556,Amit Shah,2.0,16,322166.29,5,5,5,15,Champions
CUST05549,Rohan Deshmukh,11.0,18,322143.51,5,5,5,15,Champions
CUST00112,Rohan Singh,10.0,16,321870.98,5,5,5,15,Champions
CUST04646,Aarav Gupta,15.0,18,321585.44,5,5,5,15,Champions
CUST03086,Isha Gupta,14.0,16,321098.87,5,5,5,15,Champions
CUST05806,Kavya Gupta,15.0,20,320676.36,5,5,5,15,Champions
CUST04321,Priya Singh,7.0,20,320602.74,5,5,5,15,Champions
CUST02885,Aarav Patil,14.0,17,320569.95,5,5,5,15,Champions
CUST04847,Aditya Deshmukh,9.0,18,320483.98,5,5,5,15,Champions
CUST02167,Priya Mehta,5.0,18,318760.71,5,5,5,15,Champions
CUST01089,Rohan Mehta,12.0,17,318583.6,5,5,5,15,Champions
CUST02315,Aditya Joshi,7.0,19,318316.06,5,5,5,15,Champions
CUST00535,Meera Patil,12.0,21,317199.39,5,5,5,15,Champions
CUST02509,Kavya Deshmukh,3.0,16,315621.5,5,5,5,15,Champions
CUST04256,Rohan Verma,9.0,16,315613.38,5,5,5,15,Champions
CUST02446,Aditya Verma,16.0,18,313921.16,5,5,5,15,Champions
CUST02076,Meera Shah,3.0,21,313596.56,5,5,5,15,Champions
CUST00559,Meera Shah,12.0,16,313128.17,5,5,5,15,Champions
CUST03472,Karan Joshi,7.0,19,313083.97,5,5,5,15,Champions
CUST02419,Amit Verma,16.0,18,313039.63,5,5,5,15,Champions
CUST03799,Vivaan Gupta,1.0,19,310100.65,5,5,5,15,Champions
CUST01783,Neha Kumar,9.0,16,309736.48,5,5,5,15,Champions
CUST04012,Rahul Sharma,11.0,19,309496.84,5,5,5,15,Champions
CUST05707,Ananya Singh,10.0,18,309419.43,5,5,5,15,Champions
CUST03230,Kavya Patil,9.0,18,308182.73,5,5,5,15,Champions
CUST00932,Karan Joshi,6.0,17,307564.25,5,5,5,15,Champions
CUST03353,Aarav Verma,9.0,16,307547.45,5,5,5,15,Champions
CUST01048,Pooja Deshmukh,10.0,19,306851.05,5,5,5,15,Champions
CUST03768,Isha Kumar,0.0,20,306076.35,5,5,5,15,Champions
CUST02042,Amit Singh,9.0,17,305680.56,5,5,5,15,Champions
CUST00721,Isha Mhaske,1.0,17,305337.31,5,5,5,15,Champions
CUST04331,Pooja Nair,6.0,16,303512.68,5,5,5,15,Champions
CUST01638,Neha Singh,14.0,17,303276.95,5,5,5,15,Champions
CUST05990,Karan Sharma,4.0,18,301450.15,5,5,5,15,Champions
CUST01058,Aditya Nair,13.0,20,299754.05,5,5,5,15,Champions
CUST02176,Aarav Joshi,30.0,20,629769.19,4,5,5,14,Champions
CUST01171,Aarav Gupta,24.0,22,612137.04,4,5,5,14,Champions
CUST03036,Pooja Singh,33.0,21,569817.88,4,5,5,14,Champions
CUST01817,Amit Patil,33.0,21,529895.41,4,5,5,14,Champions
CUST00778,Karan Shah,33.0,21,527205.51,4,5,5,14,Champions
CUST04540,Karan Mehta,31.0,18,517450.86,4,5,5,14,Champions
CUST03272,Rohan Joshi,22.0,17,484448.68,4,5,5,14,Champions
CUST01441,Kavya Sharma,33.0,18,481020.45,4,5,5,14,Champions
CUST05866,Neha Joshi,28.0,20,480274.75,4,5,5,14,Champions
CUST05985,Rahul Shah,32.0,20,478666.8,4,5,5,14,Champions
CUST04325,Vivaan Patil,30.0,16,476180.64,4,5,5,14,Champions
CUST03262,Karan Joshi,20.0,21,474872.14,4,5,5,14,Champions
CUST02501,Sneha Mehta,29.0,20,474795.5,4,5,5,14,Champions
CUST05566,Isha Mehta,37.0,18,472210.38,4,5,5,14,Champions
CUST00716,Sneha Nair,17.0,17,467191.18,4,5,5,14,Champions
CUST03497,Vivaan Singh,34.0,18,456254.79,4,5,5,14,Champions
CUST01975,Neha Gupta,21.0,19,452009.18,4,5,5,14,Champions
CUST04680,Ananya Deshmukh,22.0,16,447281.23,4,5,5,14,Champions
CUST01293,Arjun Mhaske,36.0,18,446482.53,4,5,5,14,Champions
CUST05640,Rahul Verma,19.0,18,445135.39,4,5,5,14,Champions
CUST03905,Sneha Nair,35.0,20,441006.14,4,5,5,14,Champions
CUST03078,Rohan Nair,29.0,16,436573.78,4,5,5,14,Champions
CUST03896,Rahul Shah,15.0,14,436460.88,5,4,5,14,Champions
CUST04414,Arjun Sharma,19.0,21,434529.97,4,5,5,14,Champions
CUST02303,Aarav Mehta,33.0,18,432554.02,4,5,5,14,Champions
CUST01256,Arjun Joshi,22.0,16,430185.06,4,5,5,14,Champions
CUST04036,Kavya Sharma,23.0,16,423701.65,4,5,5,14,Champions
CUST05315,Karan Singh,23.0,19,420938.81,4,5,5,14,Champions
CUST00742,Rahul Patil,28.0,18,419575.07,4,5,5,14,Champions
CUST00225,Meera Patil,17.0,15,417430.88,4,5,5,14,Champions
CUST04338,Karan Mehta,20.0,16,416654.38,4,5,5,14,Champions
CUST02945,Rohan Verma,30.0,16,415729.94,4,5,5,14,Champions
CUST03973,Aarav Mehta,17.0,17,412836.96,4,5,5,14,Champions
CUST00949,Rohan Nair,24.0,18,412234.45,4,5,5,14,Champions
CUST02790,Rahul Patil,29.0,19,410918.0,4,5,5,14,Champions
CUST02720,Arjun Mhaske,31.0,18,410094.8,4,5,5,14,Champions
CUST05905,Neha Patil,24.0,18,409465.05,4,5,5,14,Champions
CUST03106,Aditya Joshi,26.0,16,404921.92,4,5,5,14,Champions
CUST05651,Ananya Deshmukh,23.0,22,404840.03,4,5,5,14,Champions
CUST03343,Amit Singh,28.0,15,404662.69,4,5,5,14,Champions
CUST00053,Vivaan Nair,28.0,19,403703.38,4,5,5,14,Champions
CUST05889,Kavya Deshmukh,29.0,17,400298.86,4,5,5,14,Champions
CUST02021,Arjun Kumar,29.0,15,399578.46,4,5,5,14,Champions
CUST00080,Pooja Verma,20.0,19,399209.45,4,5,5,14,Champions
CUST02975,Pooja Verma,24.0,22,398605.43,4,5,5,14,Champions
CUST00257,Isha Sharma,16.0,15,398043.41,4,5,5,14,Champions
CUST05914,Sneha Verma,31.0,15,396540.79,4,5,5,14,Champions
CUST05925,Aditya Gupta,16.0,16,395479.25,4,5,5,14,Champions
CUST05837,Ananya Patil,33.0,21,394185.19,4,5,5,14,Champions
CUST04602,Arjun Deshmukh,3.0,13,393966.52,5,4,5,14,Champions
CUST03485,Isha Gupta,29.0,15,393599.06,4,5,5,14,Champions
CUST04864,Rohan Sharma,19.0,22,393562.85,4,5,5,14,Champions
CUST00821,Aarav Joshi,27.0,17,391812.58,4,5,5,14,Champions
CUST01575,Sneha Kumar,25.0,22,389460.19,4,5,5,14,Champions
CUST05614,Rohan Patil,34.0,16,388990.71,4,5,5,14,Champions
CUST00727,Arjun Joshi,18.0,21,387874.49,4,5,5,14,Champions
CUST03046,Aarav Mhaske,36.0,22,387696.79,4,5,5,14,Champions
CUST05589,Kavya Joshi,25.0,20,387655.65,4,5,5,14,Champions
CUST00134,Meera Gupta,20.0,17,386708.39,4,5,5,14,Champions
CUST05930,Aarav Joshi,17.0,17,386505.09,4,5,5,14,Champions
CUST00881,Rahul Mhaske,6.0,14,385720.69,5,4,5,14,Champions
CUST04362,Neha Verma,5.0,13,385666.47,5,4,5,14,Champions
CUST05484,Rohan Nair,22.0,19,385277.83,4,5,5,14,Champions
CUST05698,Kavya Deshmukh,3.0,14,385088.4,5,4,5,14,Champions
CUST01582,Ananya Gupta,5.0,14,384851.18,5,4,5,14,Champions
CUST02620,Amit Joshi,24.0,22,383219.43,4,5,5,14,Champions
CUST03867,Priya Singh,18.0,17,382641.98,4,5,5,14,Champions
CUST04371,Kavya Nair,9.0,14,382468.94,5,4,5,14,Champions
CUST05704,Aarav Nair,4.0,14,382277.39,5,4,5,14,Champions
CUST04752,Pooja Joshi,37.0,18,381053.55,4,5,5,14,Champions
CUST02946,Neha Mehta,17.0,20,380975.55,4,5,5,14,Champions
CUST01080,Arjun Mehta,18.0,20,380464.64,4,5,5,14,Champions
CUST02125,Karan Joshi,4.0,14,380173.33,5,4,5,14,Champions
CUST03518,Arjun Mhaske,26.0,23,379553.6,4,5,5,14,Champions
CUST05609,Ananya Nair,18.0,18,379341.83,4,5,5,14,Champions
CUST00267,Rahul Joshi,36.0,17,379311.63,4,5,5,14,Champions
CUST03815,Arjun Nair,21.0,15,379141.13,4,5,5,14,Champions
CUST03718,Priya Gupta,31.0,15,378116.19,4,5,5,14,Champions
CUST04624,Arjun Nair,19.0,15,377365.68,4,5,5,14,Champions
CUST02566,Neha Deshmukh,28.0,17,375588.93,4,5,5,14,Champions
CUST02089,Pooja Gupta,20.0,22,375359.36,4,5,5,14,Champions
CUST05768,Rohan Sharma,34.0,19,375243.57,4,5,5,14,Champions
CUST03650,Sneha Kumar,37.0,17,374813.41,4,5,5,14,Champions
CUST01606,Sneha Joshi,29.0,15,374790.94,4,5,5,14,Champions
CUST02025,Rahul Sharma,35.0,17,374335.6,4,5,5,14,Champions
CUST05578,Amit Mhaske,23.0,16,373628.36,4,5,5,14,Champions
CUST02156,Meera Singh,29.0,17,373140.11,4,5,5,14,Champions
CUST01035,Priya Nair,30.0,20,373103.04,4,5,5,14,Champions
CUST04344,Arjun Patil,32.0,18,373101.97,4,5,5,14,Champions
CUST00586,Vivaan Verma,29.0,17,372680.16,4,5,5,14,Champions
CUST01097,Priya Shah,37.0,17,372561.83,4,5,5,14,Champions
CUST02104,Pooja Gupta,35.0,20,372225.6,4,5,5,14,Champions
CUST00738,Pooja Patil,30.0,19,371100.74,4,5,5,14,Champions
CUST00152,Isha Joshi,18.0,18,370521.62,4,5,5,14,Champions
CUST03541,Kavya Nair,18.0,21,370051.52,4,5,5,14,Champions
CUST00031,Aditya Deshmukh,29.0,20,369592.95,4,5,5,14,Champions
CUST02306,Rahul Sharma,12.0,14,368901.41,5,4,5,14,Champions
CUST04887,Ananya Patil,18.0,16,367614.22,4,5,5,14,Champions
CUST03168,Sneha Sharma,18.0,20,364943.78,4,5,5,14,Champions
CUST04376,Sneha Kumar,37.0,18,364743.05,4,5,5,14,Champions
CUST01916,Sneha Patil,1.0,14,364479.84,5,4,5,14,Champions
CUST03574,Priya Mhaske,24.0,15,364295.95,4,5,5,14,Champions
CUST03302,Rahul Gupta,16.0,17,363450.03,4,5,5,14,Champions
CUST00465,Ananya Nair,19.0,19,363268.53,4,5,5,14,Champions
CUST05587,Vivaan Singh,3.0,14,362554.65,5,4,5,14,Champions
CUST05264,Rohan Gupta,0.0,14,360818.38,5,4,5,14,Champions
CUST03392,Karan Gupta,33.0,19,358793.37,4,5,5,14,Champions
CUST03511,Rohan Gupta,10.0,14,358263.86,5,4,5,14,Champions
CUST03611,Karan Deshmukh,29.0,21,357556.53,4,5,5,14,Champions
CUST00162,Neha Sharma,19.0,16,356746.48,4,5,5,14,Champions
CUST00203,Amit Patil,36.0,15,356180.65,4,5,5,14,Champions
CUST00385,Kavya Deshmukh,34.0,16,354035.52,4,5,5,14,Champions
CUST00275,Pooja Mhaske,13.0,14,352751.71,5,4,5,14,Champions
CUST03914,Aditya Mhaske,36.0,16,351318.63,4,5,5,14,Champions
CUST04948,Meera Gupta,32.0,15,351207.8,4,5,5,14,Champions
CUST05763,Priya Verma,26.0,19,350185.86,4,5,5,14,Champions
CUST02921,Vivaan Mhaske,19.0,15,350078.04,4,5,5,14,Champions
CUST01348,Isha Sharma,19.0,16,349241.11,4,5,5,14,Champions
CUST04790,Kavya Joshi,37.0,20,347721.94,4,5,5,14,Champions
CUST00784,Isha Deshmukh,23.0,20,347507.76,4,5,5,14,Champions
CUST01670,Meera Gupta,21.0,15,345483.32,4,5,5,14,Champions
CUST02246,Vivaan Mhaske,20.0,17,345421.02,4,5,5,14,Champions
CUST05385,Ananya Mhaske,25.0,18,345388.09,4,5,5,14,Champions
CUST01981,Amit Kumar,27.0,16,344916.68,4,5,5,14,Champions
CUST03296,Karan Verma,18.0,19,343590.5,4,5,5,14,Champions
CUST04567,Sneha Gupta,26.0,23,343509.7,4,5,5,14,Champions
CUST00458,Neha Mehta,19.0,18,343352.15,4,5,5,14,Champions
CUST04584,Rahul Gupta,35.0,16,343163.91,4,5,5,14,Champions
CUST05581,Aditya Kumar,27.0,15,342763.08,4,5,5,14,Champions
CUST00527,Priya Verma,0.0,13,342489.2,5,4,5,14,Champions
CUST01586,Karan Patil,35.0,15,342260.33,4,5,5,14,Champions
CUST03613,Rahul Deshmukh,12.0,13,341857.91,5,4,5,14,Champions
CUST00668,Amit Nair,2.0,14,341667.16,5,4,5,14,Champions
CUST03968,Vivaan Kumar,34.0,19,341315.35,4,5,5,14,Champions
CUST04882,Aarav Sharma,19.0,18,341296.76,4,5,5,14,Champions
CUST03912,Vivaan Deshmukh,37.0,15,341181.55,4,5,5,14,Champions
CUST01374,Kavya Singh,23.0,18,341147.03,4,5,5,14,Champions
CUST05265,Isha Mehta,20.0,16,340231.09,4,5,5,14,Champions
CUST02073,Ananya Mhaske,31.0,15,340204.15,4,5,5,14,Champions
CUST00328,Rohan Patil,24.0,18,339453.94,4,5,5,14,Champions
CUST00235,Rohan Shah,12.0,13,339418.17,5,4,5,14,Champions
CUST03147,Sneha Verma,31.0,17,339407.63,4,5,5,14,Champions
CUST03496,Ananya Patil,34.0,16,338160.79,4,5,5,14,Champions
CUST02287,Rohan Mhaske,22.0,16,338089.93,4,5,5,14,Champions
CUST05418,Ananya Mhaske,8.0,13,338009.49,5,4,5,14,Champions
CUST02809,Sneha Patil,17.0,16,337739.83,4,5,5,14,Champions
CUST00096,Sneha Kumar,17.0,16,336925.98,4,5,5,14,Champions
CUST04170,Arjun Deshmukh,2.0,13,336866.98,5,4,5,14,Champions
CUST05291,Sneha Nair,9.0,14,336110.84,5,4,5,14,Champions
CUST01474,Kavya Patil,12.0,13,335785.03,5,4,5,14,Champions
CUST01419,Vivaan Kumar,21.0,17,335113.81,4,5,5,14,Champions
CUST00161,Isha Mehta,11.0,13,334958.09,5,4,5,14,Champions
CUST04894,Aditya Deshmukh,8.0,14,334559.46,5,4,5,14,Champions
CUST05384,Amit Mhaske,24.0,16,334550.11,4,5,5,14,Champions
CUST04071,Karan Joshi,33.0,16,333848.9,4,5,5,14,Champions
CUST04718,Vivaan Shah,0.0,14,333559.14,5,4,5,14,Champions
CUST03642,Isha Singh,27.0,17,333244.98,4,5,5,14,Champions
CUST03686,Rohan Mhaske,13.0,15,333133.38,5,4,5,14,Champions
CUST04999,Isha Gupta,28.0,16,333034.08,4,5,5,14,Champions
CUST03215,Sneha Mehta,23.0,20,332920.34,4,5,5,14,Champions
CUST03334,Aditya Gupta,35.0,20,331905.79,4,5,5,14,Champions
CUST05461,Vivaan Kumar,31.0,18,331398.79,4,5,5,14,Champions
CUST04559,Pooja Mhaske,19.0,17,331183.85,4,5,5,14,Champions
CUST05962,Rahul Kumar,23.0,19,330575.22,4,5,5,14,Champions
CUST02627,Meera Patil,30.0,19,330417.42,4,5,5,14,Champions
CUST03179,Aarav Gupta,1.0,13,330089.7,5,4,5,14,Champions
CUST02615,Rohan Mhaske,3.0,15,329846.84,5,4,5,14,Champions
CUST01669,Pooja Gupta,8.0,13,328624.12,5,4,5,14,Champions
CUST00823,Rahul Joshi,26.0,16,327892.91,4,5,5,14,Champions
CUST04423,Priya Mehta,12.0,13,327266.15,5,4,5,14,Champions
CUST05973,Karan Deshmukh,16.0,16,327139.12,4,5,5,14,Champions
CUST00583,Karan Mehta,27.0,17,327056.54,4,5,5,14,Champions
CUST04073,Pooja Mehta,18.0,18,327004.05,4,5,5,14,Champions
CUST05469,Meera Gupta,20.0,18,326637.77,4,5,5,14,Champions
CUST05911,Amit Mehta,19.0,17,326590.65,4,5,5,14,Champions
CUST05854,Priya Sharma,23.0,20,326480.17,4,5,5,14,Champions
CUST02516,Meera Patil,35.0,18,326357.24,4,5,5,14,Champions
CUST05967,Karan Mhaske,4.0,14,326280.57,5,4,5,14,Champions
CUST03451,Sneha Deshmukh,20.0,17,326268.08,4,5,5,14,Champions
CUST05921,Sneha Singh,3.0,14,325373.81,5,4,5,14,Champions
CUST04158,Aarav Mhaske,17.0,16,325290.67,4,5,5,14,Champions
CUST05771,Neha Kumar,33.0,21,325032.68,4,5,5,14,Champions
CUST03410,Arjun Patil,7.0,15,324851.76,5,4,5,14,Champions
CUST01287,Rahul Gupta,26.0,17,324417.27,4,5,5,14,Champions
CUST00824,Aarav Kumar,33.0,19,324021.79,4,5,5,14,Champions
CUST02080,Neha Nair,7.0,14,323982.91,5,4,5,14,Champions
CUST01720,Vivaan Kumar,1.0,15,322971.99,5,4,5,14,Champions
CUST05218,Priya Joshi,1.0,15,322661.63,5,4,5,14,Champions
CUST03273,Pooja Shah,17.0,16,322660.41,4,5,5,14,Champions
CUST00335,Rahul Kumar,9.0,14,322645.29,5,4,5,14,Champions
CUST01495,Arjun Gupta,6.0,15,321831.62,5,4,5,14,Champions
CUST05895,Vivaan Mehta,18.0,18,321541.27,4,5,5,14,Champions
CUST04708,Arjun Sharma,18.0,17,321341.38,4,5,5,14,Champions
CUST04309,Karan Deshmukh,24.0,19,320898.23,4,5,5,14,Champions
CUST03764,Aarav Joshi,22.0,17,320115.8,4,5,5,14,Champions
CUST01199,Sneha Deshmukh,11.0,13,319451.29,5,4,5,14,Champions
CUST00946,Isha Patil,34.0,19,319378.03,4,5,5,14,Champions
CUST00412,Rahul Mehta,5.0,14,318758.14,5,4,5,14,Champions
CUST03986,Vivaan Patil,18.0,19,318347.37,4,5,5,14,Champions
CUST01238,Amit Mehta,0.0,15,318068.65,5,4,5,14,Champions
CUST04972,Amit Kumar,22.0,20,317929.26,4,5,5,14,Champions
CUST03151,Karan Sharma,24.0,21,317755.33,4,5,5,14,Champions
CUST02393,Arjun Shah,4.0,13,317594.74,5,4,5,14,Champions
CUST04576,Isha Singh,12.0,15,317350.48,5,4,5,14,Champions
CUST04659,Ananya Deshmukh,0.0,14,317254.94,5,4,5,14,Champions
CUST04981,Ananya Mhaske,0.0,13,315621.45,5,4,5,14,Champions
CUST05948,Pooja Kumar,28.0,17,314820.87,4,5,5,14,Champions
CUST00516,Arjun Sharma,13.0,14,314567.24,5,4,5,14,Champions
CUST00908,Rahul Patil,13.0,13,314218.62,5,4,5,14,Champions
CUST01641,Pooja Verma,10.0,15,314002.46,5,4,5,14,Champions
CUST05156,Isha Deshmukh,21.0,16,313769.59,4,5,5,14,Champions
CUST01482,Karan Verma,17.0,16,313761.38,4,5,5,14,Champions
CUST05327,Rohan Verma,23.0,20,313324.19,4,5,5,14,Champions
CUST02508,Karan Sharma,14.0,13,313046.55,5,4,5,14,Champions
CUST03055,Sneha Deshmukh,8.0,15,312933.19,5,4,5,14,Champions
CUST04996,Meera Sharma,8.0,14,312361.4,5,4,5,14,Champions
CUST03418,Kavya Sharma,2.0,15,312266.32,5,4,5,14,Champions
CUST00866,Aditya Shah,18.0,16,311692.53,4,5,5,14,Champions
CUST02352,Rohan Gupta,9.0,14,311289.45,5,4,5,14,Champions
CUST03241,Amit Deshmukh,22.0,19,311176.5,4,5,5,14,Champions
CUST03380,Kavya Deshmukh,18.0,16,311105.74,4,5,5,14,Champions
CUST03245,Rohan Verma,28.0,17,310924.36,4,5,5,14,Champions
CUST02285,Vivaan Verma,18.0,18,310922.07,4,5,5,14,Champions
CUST04274,Aditya Joshi,12.0,15,310921.17,5,4,5,14,Champions
CUST02839,Rahul Mhaske,28.0,17,310763.61,4,5,5,14,Champions
CUST04534,Priya Deshmukh,4.0,13,310640.44,5,4,5,14,Champions
CUST00314,Meera Kumar,0.0,15,310081.86,5,4,5,14,Champions
CUST01084,Isha Joshi,15.0,13,309907.5,5,4,5,14,Champions
CUST00933,Sneha Gupta,17.0,16,309470.99,4,5,5,14,Champions
CUST04526,Pooja Sharma,22.0,17,309098.06,4,5,5,14,Champions
CUST04172,Rahul Mehta,30.0,18,308991.27,4,5,5,14,Champions
CUST02277,Arjun Mhaske,16.0,17,308292.82,4,5,5,14,Champions
CUST04120,Pooja Patil,23.0,16,307721.34,4,5,5,14,Champions
CUST00432,Priya Joshi,21.0,17,307556.07,4,5,5,14,Champions
CUST00398,Rohan Patil,29.0,19,307159.07,4,5,5,14,Champions
CUST03121,Rohan Nair,7.0,15,307118.5,5,4,5,14,Champions
CUST04934,Pooja Patil,35.0,16,306737.26,4,5,5,14,Champions
CUST01631,Aarav Gupta,32.0,17,306555.17,4,5,5,14,Champions
CUST01681,Vivaan Singh,30.0,16,305850.63,4,5,5,14,Champions
CUST01218,Neha Patil,7.0,14,305349.61,5,4,5,14,Champions
CUST02521,Pooja Nair,33.0,16,305339.33,4,5,5,14,Champions
CUST00718,Neha Deshmukh,15.0,15,305234.39,5,4,5,14,Champions
CUST00114,Karan Joshi,7.0,13,305214.24,5,4,5,14,Champions
CUST02887,Aditya Patil,33.0,16,305030.27,4,5,5,14,Champions
CUST01954,Pooja Mehta,0.0,15,304272.3,5,4,5,14,Champions
CUST05483,Sneha Patil,23.0,16,303740.91,4,5,5,14,Champions
CUST01221,Ananya Gupta,12.0,13,303478.52,5,4,5,14,Champions
CUST01900,Priya Joshi,27.0,17,302949.68,4,5,5,14,Champions
CUST00499,Aarav Verma,36.0,17,302427.69,4,5,5,14,Champions
CUST04294,Kavya Kumar,37.0,17,302421.93,4,5,5,14,Champions
CUST01987,Sneha Sharma,19.0,17,302077.88,4,5,5,14,Champions
CUST04452,Sneha Shah,14.0,14,301499.37,5,4,5,14,Champions
CUST04257,Pooja Mehta,9.0,14,300738.5,5,4,5,14,Champions
CUST02205,Amit Nair,12.0,14,300732.39,5,4,5,14,Champions
CUST00411,Arjun Mhaske,5.0,14,300286.88,5,4,5,14,Champions
CUST03363,Amit Kumar,3.0,14,299931.09,5,4,5,14,Champions
CUST05580,Rahul Verma,0.0,14,299345.78,5,4,5,14,Champions
CUST01100,Neha Gupta,24.0,19,299195.34,4,5,5,14,Champions
CUST03191,Aditya Nair,3.0,19,297610.85,5,5,4,14,Champions
CUST00818,Rohan Patil,6.0,16,297415.06,5,5,4,14,Champions
CUST05443,Aarav Sharma,10.0,18,295096.99,5,5,4,14,Champions
CUST00495,Pooja Gupta,14.0,19,295028.11,5,5,4,14,Champions
CUST02108,Rohan Joshi,11.0,22,294916.08,5,5,4,14,Champions
CUST00587,Kavya Sharma,16.0,19,293338.98,5,5,4,14,Champions
CUST02357,Aarav Kumar,15.0,17,292541.65,5,5,4,14,Champions
CUST05463,Amit Mhaske,2.0,18,291267.04,5,5,4,14,Champions
CUST03364,Neha Nair,3.0,17,291204.14,5,5,4,14,Champions
CUST01752,Priya Mehta,11.0,19,289855.56,5,5,4,14,Champions
CUST03100,Rahul Gupta,12.0,16,288543.92,5,5,4,14,Champions
CUST05079,Amit Patil,7.0,16,288236.37,5,5,4,14,Champions
CUST02617,Karan Sharma,9.0,17,287920.18,5,5,4,14,Champions
CUST04270,Isha Deshmukh,5.0,17,287243.03,5,5,4,14,Champions
CUST03862,Rohan Shah,2.0,17,287099.22,5,5,4,14,Champions
CUST01876,Rahul Gupta,6.0,21,286425.57,5,5,4,14,Champions
CUST04712,Amit Mehta,14.0,17,285693.9,5,5,4,14,Champions
CUST03873,Meera Nair,12.0,16,285087.7,5,5,4,14,Champions
CUST02836,Neha Deshmukh,9.0,21,283313.62,5,5,4,14,Champions
CUST05065,Isha Kumar,5.0,16,282527.15,5,5,4,14,Champions
CUST00188,Priya Kumar,7.0,17,281368.98,5,5,4,14,Champions
CUST03098,Arjun Deshmukh,14.0,16,281332.28,5,5,4,14,Champions
CUST04078,Meera Patil,5.0,16,281326.48,5,5,4,14,Champions
CUST04109,Vivaan Deshmukh,1.0,16,278617.61,5,5,4,14,Champions
CUST01427,Neha Mhaske,7.0,17,277982.04,5,5,4,14,Champions
CUST02471,Priya Deshmukh,5.0,20,277478.37,5,5,4,14,Champions
CUST03388,Karan Patil,5.0,17,277178.31,5,5,4,14,Champions
CUST03678,Ananya Kumar,5.0,19,276525.83,5,5,4,14,Champions
CUST02414,Vivaan Patil,2.0,18,276379.04,5,5,4,14,Champions
CUST04180,Meera Mhaske,4.0,20,276020.99,5,5,4,14,Champions
CUST02163,Meera Gupta,6.0,16,274832.63,5,5,4,14,Champions
CUST01196,Meera Kumar,6.0,16,273997.51,5,5,4,14,Champions
CUST04207,Aarav Kumar,15.0,16,273447.72,5,5,4,14,Champions
CUST05381,Karan Nair,11.0,17,271970.12,5,5,4,14,Champions
CUST01311,Rahul Kumar,11.0,17,271683.18,5,5,4,14,Champions
CUST02445,Meera Gupta,15.0,16,271513.37,5,5,4,14,Champions
CUST02587,Aditya Sharma,9.0,19,271209.91,5,5,4,14,Champions
CUST05710,Rohan Kumar,15.0,17,269438.57,5,5,4,14,Champions
CUST01771,Sneha Nair,6.0,17,268448.57,5,5,4,14,Champions
CUST02274,Rahul Singh,12.0,16,266216.19,5,5,4,14,Champions
CUST05725,Amit Joshi,10.0,18,265678.83,5,5,4,14,Champions
CUST04246,Pooja Kumar,1.0,16,264883.86,5,5,4,14,Champions
CUST03988,Ananya Gupta,7.0,16,264738.37,5,5,4,14,Champions
CUST05228,Aditya Nair,15.0,16,262371.89,5,5,4,14,Champions
CUST03029,Karan Sharma,6.0,17,261367.34,5,5,4,14,Champions
CUST00911,Sneha Mhaske,9.0,18,260475.2,5,5,4,14,Champions
CUST02833,Rahul Sharma,1.0,16,260294.49,5,5,4,14,Champions
CUST01292,Aditya Kumar,5.0,16,260206.3,5,5,4,14,Champions
CUST00020,Priya Gupta,8.0,17,260109.15,5,5,4,14,Champions
CUST02161,Isha Shah,6.0,16,258462.7,5,5,4,14,Champions
CUST04497,Aditya Gupta,9.0,19,256456.34,5,5,4,14,Champions
CUST01748,Kavya Patil,5.0,19,256300.16,5,5,4,14,Champions
CUST04034,Priya Nair,15.0,18,255263.74,5,5,4,14,Champions
CUST04608,Pooja Mehta,8.0,21,254611.47,5,5,4,14,Champions
CUST00410,Aarav Gupta,3.0,18,254067.24,5,5,4,14,Champions
CUST03879,Aarav Verma,8.0,20,253800.18,5,5,4,14,Champions
CUST01562,Neha Kumar,4.0,16,251369.55,5,5,4,14,Champions
CUST03769,Vivaan Deshmukh,4.0,17,251333.02,5,5,4,14,Champions
CUST02431,Rohan Kumar,10.0,16,250618.02,5,5,4,14,Champions
CUST02709,Karan Nair,1.0,16,250142.07,5,5,4,14,Champions
CUST05661,Kavya Patil,11.0,16,249508.53,5,5,4,14,Champions
CUST00764,Ananya Gupta,12.0,16,249183.56,5,5,4,14,Champions
CUST00847,Karan Patil,7.0,17,248583.35,5,5,4,14,Champions
CUST04290,Rohan Joshi,1.0,16,247422.24,5,5,4,14,Champions
CUST01856,Isha Deshmukh,13.0,17,247219.21,5,5,4,14,Champions
CUST05802,Kavya Deshmukh,4.0,16,246550.23,5,5,4,14,Champions
CUST01299,Isha Gupta,4.0,16,243858.96,5,5,4,14,Champions
CUST04244,Sneha Mhaske,6.0,16,243283.0,5,5,4,14,Champions
CUST00674,Isha Mehta,14.0,18,242675.43,5,5,4,14,Champions
CUST03370,Rohan Deshmukh,48.0,18,682579.18,3,5,5,13,Loyal Customers
CUST00947,Meera Deshmukh,63.0,21,592453.93,3,5,5,13,Loyal Customers
CUST05687,Amit Kumar,51.0,17,576083.55,3,5,5,13,Loyal Customers
CUST00992,Sneha Sharma,42.0,23,572539.2,3,5,5,13,Loyal Customers
CUST05424,Aarav Joshi,54.0,16,544745.38,3,5,5,13,Loyal Customers
CUST04253,Meera Joshi,40.0,20,538140.37,3,5,5,13,Loyal Customers
CUST05658,Amit Singh,54.0,18,513434.44,3,5,5,13,Loyal Customers
CUST01428,Rahul Singh,66.0,17,511005.72,3,5,5,13,Loyal Customers
CUST05703,Ananya Deshmukh,57.0,16,498598.16,3,5,5,13,Loyal Customers
CUST04105,Sneha Mhaske,50.0,23,491863.33,3,5,5,13,Loyal Customers
CUST02762,Pooja Singh,17.0,13,488160.62,4,4,5,13,Champions
CUST04265,Amit Deshmukh,40.0,21,487744.58,3,5,5,13,Loyal Customers
CUST04123,Amit Nair,40.0,15,473712.82,3,5,5,13,Loyal Customers
CUST04165,Amit Gupta,60.0,15,473079.78,3,5,5,13,Loyal Customers
CUST00382,Vivaan Gupta,28.0,13,472609.12,4,4,5,13,Champions
CUST03665,Amit Joshi,62.0,21,468411.8,3,5,5,13,Loyal Customers
CUST05940,Aditya Sharma,40.0,17,465487.21,3,5,5,13,Loyal Customers
CUST04478,Amit Patil,50.0,16,462705.01,3,5,5,13,Loyal Customers
CUST02819,Amit Singh,34.0,13,459872.75,4,4,5,13,Champions
CUST05394,Karan Shah,0.0,12,459446.74,5,3,5,13,Potential Loyalists
CUST02242,Kavya Gupta,63.0,21,450315.1,3,5,5,13,Loyal Customers
CUST04091,Neha Patil,44.0,18,448038.48,3,5,5,13,Loyal Customers
CUST05808,Kavya Deshmukh,13.0,12,447589.47,5,3,5,13,Potential Loyalists
CUST05646,Priya Sharma,62.0,17,445404.63,3,5,5,13,Loyal Customers
CUST01662,Karan Verma,40.0,19,441725.32,3,5,5,13,Loyal Customers
CUST00285,Meera Joshi,51.0,20,439974.37,3,5,5,13,Loyal Customers
CUST02712,Neha Sharma,23.0,14,439296.17,4,4,5,13,Champions
CUST00563,Sneha Gupta,56.0,17,438336.16,3,5,5,13,Loyal Customers
CUST05585,Rohan Gupta,65.0,19,437684.91,3,5,5,13,Loyal Customers
CUST02379,Priya Verma,49.0,15,435847.52,3,5,5,13,Loyal Customers
CUST00756,Meera Singh,59.0,17,435795.43,3,5,5,13,Loyal Customers
CUST03424,Rohan Nair,49.0,19,431083.43,3,5,5,13,Loyal Customers
CUST05528,Vivaan Deshmukh,41.0,15,429014.41,3,5,5,13,Loyal Customers
CUST04865,Aditya Joshi,64.0,15,428286.87,3,5,5,13,Loyal Customers
CUST01880,Pooja Verma,31.0,14,427869.61,4,4,5,13,Champions
CUST05697,Meera Gupta,38.0,20,427181.99,3,5,5,13,Loyal Customers
CUST00301,Rahul Nair,49.0,18,426415.48,3,5,5,13,Loyal Customers
CUST03777,Meera Mehta,52.0,19,423522.18,3,5,5,13,Loyal Customers
CUST01742,Ananya Deshmukh,47.0,15,421409.09,3,5,5,13,Loyal Customers
CUST02638,Kavya Nair,45.0,23,421095.85,3,5,5,13,Loyal Customers
CUST00613,Rahul Verma,22.0,13,419353.81,4,4,5,13,Champions
CUST02240,Sneha Gupta,49.0,21,418110.38,3,5,5,13,Loyal Customers
CUST05586,Rahul Mhaske,65.0,18,417692.9,3,5,5,13,Loyal Customers
CUST01818,Kavya Nair,39.0,22,417589.12,3,5,5,13,Loyal Customers
CUST03860,Kavya Joshi,44.0,20,417560.66,3,5,5,13,Loyal Customers
CUST01576,Kavya Singh,37.0,13,413346.33,4,4,5,13,Champions
CUST05535,Meera Gupta,40.0,23,411793.27,3,5,5,13,Loyal Customers
CUST03125,Amit Patil,58.0,16,406227.77,3,5,5,13,Loyal Customers
CUST04997,Ananya Sharma,48.0,21,406013.46,3,5,5,13,Loyal Customers
CUST02956,Priya Gupta,24.0,14,403165.88,4,4,5,13,Champions
CUST01386,Isha Deshmukh,34.0,13,402535.52,4,4,5,13,Champions
CUST04112,Neha Sharma,17.0,14,401898.15,4,4,5,13,Champions
CUST00545,Rahul Gupta,62.0,16,398920.82,3,5,5,13,Loyal Customers
CUST00785,Rahul Patil,40.0,16,397513.36,3,5,5,13,Loyal Customers
CUST00154,Kavya Nair,57.0,17,396573.4,3,5,5,13,Loyal Customers
CUST03761,Pooja Mhaske,60.0,15,396362.39,3,5,5,13,Loyal Customers
CUST01402,Sneha Joshi,33.0,13,395233.35,4,4,5,13,Champions
CUST05198,Vivaan Sharma,41.0,15,395093.45,3,5,5,13,Loyal Customers
CUST04346,Sneha Sharma,35.0,14,394808.93,4,4,5,13,Champions
CUST02704,Rohan Deshmukh,33.0,14,394028.1,4,4,5,13,Champions
CUST05785,Sneha Mehta,43.0,18,393165.49,3,5,5,13,Loyal Customers
CUST01800,Ananya Deshmukh,49.0,19,391338.31,3,5,5,13,Loyal Customers
CUST03073,Neha Shah,18.0,13,389488.84,4,4,5,13,Champions
CUST04521,Rahul Kumar,63.0,15,388190.7,3,5,5,13,Loyal Customers
CUST02381,Isha Deshmukh,41.0,26,387858.95,3,5,5,13,Loyal Customers
CUST02666,Amit Kumar,46.0,19,387019.32,3,5,5,13,Loyal Customers
CUST03644,Kavya Nair,26.0,14,387016.43,4,4,5,13,Champions
CUST04874,Arjun Joshi,49.0,15,386498.87,3,5,5,13,Loyal Customers
CUST01728,Karan Nair,19.0,14,386428.35,4,4,5,13,Champions
CUST00403,Aarav Shah,47.0,20,385265.74,3,5,5,13,Loyal Customers
CUST02641,Pooja Patil,50.0,15,384955.29,3,5,5,13,Loyal Customers
CUST03918,Vivaan Kumar,45.0,19,384839.18,3,5,5,13,Loyal Customers
CUST00774,Aarav Singh,7.0,12,384838.23,5,3,5,13,Potential Loyalists
CUST04391,Amit Verma,55.0,15,384090.71,3,5,5,13,Loyal Customers
CUST01183,Rohan Mhaske,3.0,11,384065.25,5,3,5,13,Potential Loyalists
CUST03722,Aarav Mhaske,45.0,17,383974.59,3,5,5,13,Loyal Customers
CUST05006,Pooja Shah,59.0,22,383770.65,3,5,5,13,Loyal Customers
CUST00131,Vivaan Gupta,60.0,16,382252.71,3,5,5,13,Loyal Customers
CUST05201,Aarav Shah,42.0,21,380319.22,3,5,5,13,Loyal Customers
CUST02211,Amit Shah,47.0,20,378328.58,3,5,5,13,Loyal Customers
CUST02365,Rahul Verma,38.0,20,377518.11,3,5,5,13,Loyal Customers
CUST00098,Amit Patil,43.0,17,376981.15,3,5,5,13,Loyal Customers
CUST00871,Karan Shah,57.0,18,376578.54,3,5,5,13,Loyal Customers
CUST01087,Isha Patil,65.0,19,375342.45,3,5,5,13,Loyal Customers
CUST02229,Amit Deshmukh,51.0,20,373774.58,3,5,5,13,Loyal Customers
CUST04850,Priya Singh,38.0,18,373170.56,3,5,5,13,Loyal Customers
CUST05562,Neha Nair,39.0,17,372303.62,3,5,5,13,Loyal Customers
CUST05563,Isha Shah,42.0,16,369461.17,3,5,5,13,Loyal Customers
CUST02957,Rahul Sharma,57.0,15,369447.94,3,5,5,13,Loyal Customers
CUST05597,Isha Gupta,49.0,15,367242.68,3,5,5,13,Loyal Customers
CUST05001,Isha Gupta,34.0,14,367117.5,4,4,5,13,Champions
CUST05117,Priya Joshi,57.0,16,366984.94,3,5,5,13,Loyal Customers
CUST03203,Sneha Sharma,42.0,16,366212.51,3,5,5,13,Loyal Customers
CUST02939,Karan Patil,50.0,15,363979.22,3,5,5,13,Loyal Customers
CUST01723,Rohan Nair,41.0,16,363414.33,3,5,5,13,Loyal Customers
CUST01634,Pooja Singh,66.0,22,362161.67,3,5,5,13,Loyal Customers
CUST04861,Aditya Shah,38.0,19,360926.84,3,5,5,13,Loyal Customers
CUST04285,Rahul Gupta,51.0,19,360835.05,3,5,5,13,Loyal Customers
CUST00642,Pooja Verma,45.0,18,360241.97,3,5,5,13,Loyal Customers
CUST05085,Priya Singh,18.0,14,360150.91,4,4,5,13,Champions
CUST03295,Rahul Gupta,43.0,18,359260.48,3,5,5,13,Loyal Customers
CUST04304,Aarav Gupta,60.0,16,359073.65,3,5,5,13,Loyal Customers
CUST02612,Karan Shah,23.0,14,358817.97,4,4,5,13,Champions
CUST01154,Arjun Kumar,44.0,18,358678.91,3,5,5,13,Loyal Customers
CUST01768,Priya Kumar,42.0,17,358180.44,3,5,5,13,Loyal Customers
CUST04554,Isha Mhaske,60.0,16,358033.53,3,5,5,13,Loyal Customers
CUST04409,Rahul Joshi,62.0,17,357626.49,3,5,5,13,Loyal Customers
CUST04832,Aditya Kumar,39.0,18,356995.45,3,5,5,13,Loyal Customers
CUST04908,Sneha Joshi,50.0,20,355371.35,3,5,5,13,Loyal Customers
CUST04209,Rohan Sharma,29.0,14,355225.57,4,4,5,13,Champions
CUST02900,Aarav Joshi,54.0,17,354930.01,3,5,5,13,Loyal Customers
CUST05537,Arjun Kumar,54.0,16,353540.39,3,5,5,13,Loyal Customers
CUST04562,Rahul Deshmukh,26.0,14,353287.88,4,4,5,13,Champions
CUST01998,Priya Gupta,8.0,12,352803.56,5,3,5,13,Potential Loyalists
CUST05213,Rahul Singh,47.0,18,352749.56,3,5,5,13,Loyal Customers
CUST01540,Aarav Mhaske,40.0,16,352534.32,3,5,5,13,Loyal Customers
CUST02214,Aditya Joshi,34.0,14,351785.32,4,4,5,13,Champions
CUST01672,Sneha Deshmukh,53.0,18,351578.31,3,5,5,13,Loyal Customers
CUST00311,Aditya Joshi,0.0,12,350565.08,5,3,5,13,Potential Loyalists
CUST03780,Amit Sharma,49.0,17,350499.71,3,5,5,13,Loyal Customers
CUST03038,Vivaan Kumar,20.0,13,349736.4,4,4,5,13,Champions
CUST01507,Vivaan Kumar,16.0,14,349672.51,4,4,5,13,Champions
CUST05900,Karan Patil,44.0,19,349583.94,3,5,5,13,Loyal Customers
CUST03813,Meera Sharma,38.0,16,349326.2,3,5,5,13,Loyal Customers
CUST00479,Priya Verma,32.0,13,348548.88,4,4,5,13,Champions
CUST02805,Aarav Patil,66.0,18,348155.22,3,5,5,13,Loyal Customers
CUST04385,Neha Verma,21.0,14,347567.0,4,4,5,13,Champions
CUST00845,Priya Singh,40.0,15,346696.84,3,5,5,13,Loyal Customers
CUST05301,Karan Patil,63.0,20,346648.36,3,5,5,13,Loyal Customers
CUST04724,Neha Shah,43.0,18,346171.42,3,5,5,13,Loyal Customers
CUST03888,Vivaan Kumar,52.0,17,345436.72,3,5,5,13,Loyal Customers
CUST02593,Rahul Gupta,27.0,14,343651.71,4,4,5,13,Champions
CUST05809,Rohan Mhaske,38.0,15,343465.95,3,5,5,13,Loyal Customers
CUST01350,Arjun Mhaske,42.0,20,343406.64,3,5,5,13,Loyal Customers
CUST03210,Neha Verma,35.0,13,342606.59,4,4,5,13,Champions
CUST01591,Neha Joshi,15.0,12,342230.55,5,3,5,13,Potential Loyalists
CUST02878,Arjun Mehta,59.0,17,341078.26,3,5,5,13,Loyal Customers
CUST00566,Sneha Singh,53.0,19,340307.45,3,5,5,13,Loyal Customers
CUST02829,Vivaan Singh,38.0,18,340050.71,3,5,5,13,Loyal Customers
CUST03440,Ananya Nair,44.0,16,339327.08,3,5,5,13,Loyal Customers
CUST01472,Ananya Sharma,39.0,16,339062.7,3,5,5,13,Loyal Customers
CUST05732,Aarav Mehta,38.0,16,338566.03,3,5,5,13,Loyal Customers
CUST00991,Kavya Nair,43.0,19,338445.96,3,5,5,13,Loyal Customers
CUST05561,Aditya Deshmukh,36.0,14,337736.12,4,4,5,13,Champions
CUST00117,Meera Singh,11.0,11,337724.18,5,3,5,13,Potential Loyalists
CUST01229,Sneha Joshi,47.0,15,337716.22,3,5,5,13,Loyal Customers
CUST04974,Ananya Deshmukh,20.0,13,337174.44,4,4,5,13,Champions
CUST00940,Arjun Deshmukh,44.0,15,337058.75,3,5,5,13,Loyal Customers
CUST04727,Ananya Sharma,64.0,17,336315.09,3,5,5,13,Loyal Customers
CUST04042,Rahul Sharma,53.0,18,336101.88,3,5,5,13,Loyal Customers
CUST03153,Isha Kumar,39.0,19,335715.06,3,5,5,13,Loyal Customers
CUST05390,Arjun Mhaske,48.0,19,335640.07,3,5,5,13,Loyal Customers
CUST00281,Priya Shah,63.0,17,335452.95,3,5,5,13,Loyal Customers
CUST01274,Priya Nair,50.0,18,335324.85,3,5,5,13,Loyal Customers
CUST01417,Priya Verma,32.0,13,335216.74,4,4,5,13,Champions
CUST02502,Rahul Deshmukh,20.0,14,333058.56,4,4,5,13,Champions
CUST05849,Meera Patil,58.0,17,332292.0,3,5,5,13,Loyal Customers
CUST01997,Kavya Joshi,51.0,17,331588.49,3,5,5,13,Loyal Customers
CUST04067,Vivaan Mehta,36.0,14,330880.0,4,4,5,13,Champions
CUST03293,Isha Mehta,43.0,16,330652.81,3,5,5,13,Loyal Customers
CUST02441,Priya Mehta,39.0,20,329920.78,3,5,5,13,Loyal Customers
CUST00107,Aarav Sharma,38.0,18,329399.46,3,5,5,13,Loyal Customers
CUST01831,Priya Patil,29.0,14,329179.22,4,4,5,13,Champions
CUST00970,Priya Verma,16.0,15,328367.77,4,4,5,13,Champions
CUST00462,Priya Kumar,18.0,13,327980.77,4,4,5,13,Champions
CUST02106,Vivaan Deshmukh,39.0,23,327789.22,3,5,5,13,Loyal Customers
CUST04349,Karan Verma,11.0,12,326948.54,5,3,5,13,Potential Loyalists
CUST02606,Arjun Gupta,59.0,17,326372.91,3,5,5,13,Loyal Customers
CUST04352,Aditya Singh,53.0,19,326162.5,3,5,5,13,Loyal Customers
CUST04828,Arjun Singh,30.0,15,324750.27,4,4,5,13,Champions
CUST01688,Kavya Deshmukh,11.0,12,324639.56,5,3,5,13,Potential Loyalists
CUST02674,Meera Verma,21.0,14,323891.17,4,4,5,13,Champions
CUST04827,Rohan Sharma,21.0,15,323283.37,4,4,5,13,Champions
CUST00863,Priya Mhaske,54.0,17,322648.36,3,5,5,13,Loyal Customers
CUST03631,Kavya Shah,37.0,15,322613.0,4,4,5,13,Champions
CUST02743,Arjun Verma,49.0,16,322362.72,3,5,5,13,Loyal Customers
CUST04176,Amit Kumar,34.0,14,321798.18,4,4,5,13,Champions
CUST03954,Arjun Sharma,42.0,16,321716.42,3,5,5,13,Loyal Customers
CUST02972,Vivaan Sharma,39.0,17,321349.89,3,5,5,13,Loyal Customers
CUST02563,Rahul Shah,62.0,19,321022.05,3,5,5,13,Loyal Customers
CUST05751,Isha Deshmukh,1.0,12,320941.32,5,3,5,13,Potential Loyalists
CUST03488,Aditya Nair,22.0,13,320777.85,4,4,5,13,Champions
CUST00064,Arjun Mehta,40.0,18,320751.74,3,5,5,13,Loyal Customers
CUST05506,Isha Nair,14.0,12,320315.33,5,3,5,13,Potential Loyalists
CUST02146,Rahul Patil,46.0,17,319973.95,3,5,5,13,Loyal Customers
CUST05782,Rahul Verma,41.0,19,319435.66,3,5,5,13,Loyal Customers
CUST00656,Aarav Patil,47.0,19,319372.22,3,5,5,13,Loyal Customers
CUST00442,Isha Mhaske,59.0,18,319140.77,3,5,5,13,Loyal Customers
CUST05970,Meera Joshi,16.0,15,318505.58,4,4,5,13,Champions
CUST02159,Vivaan Joshi,42.0,16,318136.03,3,5,5,13,Loyal Customers
CUST04328,Aarav Shah,65.0,17,318101.44,3,5,5,13,Loyal Customers
CUST00490,Rahul Mehta,55.0,16,317924.48,3,5,5,13,Loyal Customers
CUST05421,Rohan Mhaske,17.0,13,316950.31,4,4,5,13,Champions
CUST05474,Aditya Mehta,52.0,17,316656.02,3,5,5,13,Loyal Customers
CUST05341,Rohan Kumar,37.0,13,316547.88,4,4,5,13,Champions
CUST04917,Kavya Mehta,19.0,15,315588.56,4,4,5,13,Champions
CUST00109,Rahul Verma,34.0,15,315423.8,4,4,5,13,Champions
CUST01520,Neha Deshmukh,7.0,12,314778.2,5,3,5,13,Potential Loyalists
CUST04454,Karan Nair,56.0,17,314070.32,3,5,5,13,Loyal Customers
CUST02337,Pooja Shah,32.0,15,313861.13,4,4,5,13,Champions
CUST00327,Neha Joshi,42.0,20,313492.0,3,5,5,13,Loyal Customers
CUST04143,Pooja Deshmukh,30.0,14,312836.33,4,4,5,13,Champions
CUST05803,Arjun Nair,52.0,18,312751.02,3,5,5,13,Loyal Customers
CUST01874,Amit Nair,30.0,14,312687.73,4,4,5,13,Champions
CUST02727,Vivaan Sharma,60.0,16,312601.04,3,5,5,13,Loyal Customers
CUST03332,Meera Verma,39.0,17,312408.81,3,5,5,13,Loyal Customers
CUST00750,Priya Verma,24.0,14,312299.59,4,4,5,13,Champions
CUST03859,Amit Mehta,17.0,14,312251.26,4,4,5,13,Champions
CUST04477,Amit Deshmukh,32.0,14,311614.58,4,4,5,13,Champions
CUST00549,Pooja Shah,49.0,20,311523.55,3,5,5,13,Loyal Customers
CUST00655,Ananya Sharma,49.0,21,311014.45,3,5,5,13,Loyal Customers
CUST05236,Rohan Kumar,17.0,15,310637.4,4,4,5,13,Champions
CUST00453,Ananya Mhaske,43.0,17,310155.7,3,5,5,13,Loyal Customers
CUST02626,Neha Sharma,23.0,14,308646.71,4,4,5,13,Champions
CUST00681,Pooja Joshi,40.0,18,307990.19,3,5,5,13,Loyal Customers
CUST02066,Rahul Mhaske,24.0,15,307111.9,4,4,5,13,Champions
CUST00584,Sneha Shah,42.0,16,306881.0,3,5,5,13,Loyal Customers
CUST00051,Aditya Deshmukh,47.0,17,306756.8,3,5,5,13,Loyal Customers
CUST03015,Kavya Joshi,31.0,13,306230.01,4,4,5,13,Champions
CUST04658,Priya Gupta,0.0,12,306081.04,5,3,5,13,Potential Loyalists
CUST02293,Vivaan Singh,61.0,18,304808.91,3,5,5,13,Loyal Customers
CUST05371,Aarav Deshmukh,6.0,12,304582.14,5,3,5,13,Potential Loyalists
CUST01559,Rohan Deshmukh,17.0,15,304500.03,4,4,5,13,Champions
CUST04937,Isha Gupta,66.0,18,303209.58,3,5,5,13,Loyal Customers
CUST03120,Kavya Patil,25.0,15,303180.53,4,4,5,13,Champions
CUST01098,Ananya Patil,42.0,20,302998.44,3,5,5,13,Loyal Customers
CUST04305,Meera Singh,20.0,13,302864.13,4,4,5,13,Champions
CUST03250,Amit Singh,37.0,13,302783.37,4,4,5,13,Champions
CUST04912,Kavya Shah,12.0,12,302517.88,5,3,5,13,Potential Loyalists
CUST05979,Priya Shah,62.0,16,302341.14,3,5,5,13,Loyal Customers
CUST04048,Priya Deshmukh,40.0,16,300922.46,3,5,5,13,Loyal Customers
CUST04696,Pooja Joshi,4.0,12,300694.8,5,3,5,13,Potential Loyalists
CUST05309,Vivaan Verma,49.0,20,300532.34,3,5,5,13,Loyal Customers
CUST05904,Amit Kumar,18.0,15,300479.99,4,4,5,13,Champions
CUST01558,Arjun Mhaske,23.0,15,300154.34,4,4,5,13,Champions
CUST03837,Amit Gupta,25.0,13,300066.02,4,4,5,13,Champions
CUST04243,Pooja Patil,16.0,15,299801.97,4,4,5,13,Champions
CUST04008,Kavya Deshmukh,63.0,17,299740.27,3,5,5,13,Loyal Customers
CUST01857,Pooja Gupta,36.0,14,299175.45,4,4,5,13,Champions
CUST01412,Vivaan Singh,11.0,14,298961.0,5,4,4,13,Champions
CUST04046,Rahul Shah,7.0,14,298926.29,5,4,4,13,Champions
CUST02189,Ananya Gupta,3.0,13,298558.24,5,4,4,13,Champions
CUST00637,Rahul Verma,23.0,16,298436.35,4,5,4,13,Champions
CUST04155,Neha Mehta,5.0,15,298078.53,5,4,4,13,Champions
CUST04334,Amit Sharma,13.0,14,298027.08,5,4,4,13,Champions
CUST03600,Aarav Mehta,15.0,14,297884.96,5,4,4,13,Champions
CUST03109,Kavya Patil,12.0,14,297467.28,5,4,4,13,Champions
CUST00017,Karan Gupta,22.0,16,297433.89,4,5,4,13,Champions
CUST02323,Amit Deshmukh,5.0,15,296876.73,5,4,4,13,Champions
CUST03006,Ananya Kumar,8.0,13,296146.58,5,4,4,13,Champions
CUST05124,Pooja Joshi,20.0,17,295793.25,4,5,4,13,Champions
CUST01521,Kavya Gupta,24.0,17,295498.36,4,5,4,13,Champions
CUST03152,Neha Deshmukh,9.0,14,295495.83,5,4,4,13,Champions
CUST03118,Isha Joshi,6.0,15,294609.64,5,4,4,13,Champions
CUST00989,Pooja Verma,21.0,16,294526.02,4,5,4,13,Champions
CUST03524,Ananya Kumar,30.0,16,294218.55,4,5,4,13,Champions
CUST00424,Neha Verma,25.0,16,294091.6,4,5,4,13,Champions
CUST02898,Isha Kumar,17.0,21,293946.85,4,5,4,13,Champions
CUST01280,Meera Deshmukh,14.0,13,293737.09,5,4,4,13,Champions
CUST01519,Isha Singh,10.0,15,293681.99,5,4,4,13,Champions
CUST02093,Aarav Singh,31.0,17,293166.58,4,5,4,13,Champions
CUST05616,Rohan Sharma,30.0,16,293147.98,4,5,4,13,Champions
CUST04711,Sneha Singh,1.0,15,293099.9,5,4,4,13,Champions
CUST04289,Ananya Shah,15.0,13,292658.63,5,4,4,13,Champions
CUST03275,Isha Mhaske,33.0,16,292475.11,4,5,4,13,Champions
CUST02039,Kavya Patil,10.0,13,291571.12,5,4,4,13,Champions
CUST01788,Neha Singh,27.0,16,291255.14,4,5,4,13,Champions
CUST02271,Aditya Sharma,37.0,18,291172.54,4,5,4,13,Champions
CUST03596,Kavya Mehta,7.0,15,291059.48,5,4,4,13,Champions
CUST03866,Neha Nair,13.0,14,291034.96,5,4,4,13,Champions
CUST00762,Meera Singh,22.0,18,290985.18,4,5,4,13,Champions
CUST02559,Neha Patil,4.0,14,290774.31,5,4,4,13,Champions
CUST01414,Amit Singh,36.0,16,289365.54,4,5,4,13,Champions
CUST03786,Priya Kumar,35.0,17,289333.18,4,5,4,13,Champions
CUST04842,Karan Sharma,19.0,20,289171.9,4,5,4,13,Champions
CUST04616,Aarav Patil,25.0,16,288651.72,4,5,4,13,Champions
CUST04940,Aditya Mhaske,11.0,14,287146.07,5,4,4,13,Champions
CUST00683,Karan Verma,7.0,13,287129.78,5,4,4,13,Champions
CUST01302,Kavya Kumar,27.0,16,287084.87,4,5,4,13,Champions
CUST04475,Kavya Singh,23.0,17,287065.79,4,5,4,13,Champions
CUST02596,Isha Nair,22.0,16,286944.35,4,5,4,13,Champions
CUST04422,Karan Gupta,30.0,18,286342.49,4,5,4,13,Champions
CUST02513,Amit Patil,2.0,15,286317.19,5,4,4,13,Champions
CUST04268,Rohan Mehta,25.0,19,285835.6,4,5,4,13,Champions
CUST02799,Ananya Gupta,5.0,15,284732.15,5,4,4,13,Champions
CUST04884,Vivaan Singh,13.0,14,284454.25,5,4,4,13,Champions
CUST03589,Kavya Patil,4.0,13,283611.16,5,4,4,13,Champions
CUST00768,Ananya Singh,1.0,13,283495.23,5,4,4,13,Champions
CUST00493,Rahul Joshi,19.0,20,283353.79,4,5,4,13,Champions
CUST01934,Ananya Joshi,27.0,18,282404.96,4,5,4,13,Champions
CUST03892,Kavya Sharma,1.0,13,282235.58,5,4,4,13,Champions
CUST05965,Pooja Patil,18.0,18,281409.16,4,5,4,13,Champions
CUST01608,Aarav Nair,18.0,16,281112.9,4,5,4,13,Champions
CUST00807,Vivaan Patil,12.0,13,280753.58,5,4,4,13,Champions
CUST00463,Ananya Kumar,2.0,14,280618.37,5,4,4,13,Champions
CUST00920,Neha Patil,9.0,14,280357.29,5,4,4,13,Champions
CUST00531,Karan Shah,15.0,14,280285.64,5,4,4,13,Champions
CUST02594,Arjun Nair,6.0,14,279670.96,5,4,4,13,Champions
CUST01936,Aarav Patil,26.0,20,279415.72,4,5,4,13,Champions
CUST03138,Aarav Mhaske,0.0,15,279315.6,5,4,4,13,Champions
CUST04023,Amit Singh,4.0,14,279306.69,5,4,4,13,Champions
CUST03186,Aditya Mhaske,14.0,13,278654.11,5,4,4,13,Champions
CUST02270,Ananya Verma,8.0,14,278317.52,5,4,4,13,Champions
CUST01336,Vivaan Gupta,33.0,18,277915.77,4,5,4,13,Champions
CUST00745,Karan Sharma,4.0,15,277698.89,5,4,4,13,Champions
CUST03337,Isha Shah,5.0,15,277477.99,5,4,4,13,Champions
CUST02340,Karan Sharma,11.0,13,277354.7,5,4,4,13,Champions
CUST05991,Rohan Mhaske,13.0,13,276773.86,5,4,4,13,Champions
CUST01905,Amit Kumar,8.0,15,276460.98,5,4,4,13,Champions
CUST02611,Arjun Deshmukh,17.0,16,276374.39,4,5,4,13,Champions
CUST03000,Aarav Singh,30.0,21,275337.55,4,5,4,13,Champions
CUST02567,Amit Nair,5.0,14,274115.69,5,4,4,13,Champions
CUST00070,Kavya Joshi,25.0,18,273675.03,4,5,4,13,Champions
CUST02821,Neha Joshi,18.0,17,273574.21,4,5,4,13,Champions
CUST02635,Meera Mhaske,25.0,18,273499.21,4,5,4,13,Champions
CUST02318,Karan Kumar,4.0,14,273485.31,5,4,4,13,Champions
CUST03417,Kavya Singh,0.0,14,272615.74,5,4,4,13,Champions
CUST04968,Rahul Sharma,2.0,14,272576.85,5,4,4,13,Champions
CUST05087,Rahul Joshi,11.0,15,272482.11,5,4,4,13,Champions
CUST01145,Sneha Shah,2.0,14,272151.11,5,4,4,13,Champions
CUST00389,Sneha Patil,31.0,18,271381.18,4,5,4,13,Champions
CUST04955,Neha Sharma,11.0,15,271306.4,5,4,4,13,Champions
CUST01833,Aditya Verma,3.0,14,271290.42,5,4,4,13,Champions
CUST02916,Aarav Verma,14.0,15,271076.26,5,4,4,13,Champions
CUST05917,Aditya Gupta,15.0,14,270612.11,5,4,4,13,Champions
CUST03851,Meera Verma,23.0,16,269907.44,4,5,4,13,Champions
CUST04028,Vivaan Kumar,17.0,17,269525.01,4,5,4,13,Champions
CUST03782,Aditya Kumar,5.0,14,269410.18,5,4,4,13,Champions
CUST02886,Ananya Nair,7.0,15,268608.16,5,4,4,13,Champions
CUST01202,Kavya Sharma,6.0,15,268423.27,5,4,4,13,Champions
CUST03378,Sneha Gupta,4.0,14,268070.91,5,4,4,13,Champions
CUST04104,Meera Sharma,6.0,15,267783.26,5,4,4,13,Champions
CUST05559,Neha Joshi,11.0,14,266891.46,5,4,4,13,Champions
CUST03499,Pooja Joshi,32.0,16,265841.2,4,5,4,13,Champions
CUST01159,Ananya Shah,16.0,18,265809.89,4,5,4,13,Champions
CUST04365,Isha Patil,8.0,14,265596.48,5,4,4,13,Champions
CUST04239,Ananya Singh,26.0,18,264939.98,4,5,4,13,Champions
CUST04688,Priya Deshmukh,22.0,16,264739.45,4,5,4,13,Champions
CUST05300,Ananya Joshi,16.0,17,264196.81,4,5,4,13,Champions
CUST01405,Kavya Verma,35.0,17,263450.18,4,5,4,13,Champions
CUST01758,Neha Gupta,0.0,14,262994.18,5,4,4,13,Champions
CUST03556,Neha Verma,32.0,16,262805.35,4,5,4,13,Champions
CUST05413,Karan Sharma,1.0,14,262017.82,5,4,4,13,Champions
CUST04539,Vivaan Joshi,7.0,14,262002.19,5,4,4,13,Champions
CUST05452,Meera Deshmukh,12.0,14,261685.73,5,4,4,13,Champions
CUST05774,Arjun Nair,12.0,14,261650.69,5,4,4,13,Champions
CUST00037,Meera Kumar,13.0,15,261023.8,5,4,4,13,Champions
CUST02912,Aditya Patil,0.0,14,260392.42,5,4,4,13,Champions
CUST01907,Isha Shah,0.0,15,259172.7,5,4,4,13,Champions
CUST05963,Amit Shah,13.0,14,258216.69,5,4,4,13,Champions
CUST05462,Vivaan Kumar,6.0,14,257204.29,5,4,4,13,Champions
CUST01730,Amit Nair,12.0,15,257056.05,5,4,4,13,Champions
CUST04412,Amit Shah,9.0,15,256371.72,5,4,4,13,Champions
CUST03668,Kavya Sharma,30.0,16,255278.86,4,5,4,13,Champions
CUST04316,Vivaan Shah,2.0,15,255053.3,5,4,4,13,Champions
CUST01056,Aarav Deshmukh,11.0,14,254980.04,5,4,4,13,Champions
CUST05682,Meera Singh,1.0,14,254777.49,5,4,4,13,Champions
CUST00809,Priya Mhaske,16.0,16,254697.83,4,5,4,13,Champions
CUST05833,Sneha Singh,21.0,16,254343.68,4,5,4,13,Champions
CUST04280,Aarav Nair,20.0,16,254023.8,4,5,4,13,Champions
CUST00400,Pooja Kumar,33.0,16,253704.04,4,5,4,13,Champions
CUST02835,Aditya Kumar,23.0,16,252914.59,4,5,4,13,Champions
CUST01160,Pooja Kumar,25.0,16,252621.18,4,5,4,13,Champions
CUST02653,Sneha Sharma,37.0,17,252466.9,4,5,4,13,Champions
CUST03994,Ananya Patil,7.0,14,252400.48,5,4,4,13,Champions
CUST03546,Amit Nair,13.0,15,252291.15,5,4,4,13,Champions
CUST03024,Rohan Patil,3.0,14,251833.95,5,4,4,13,Champions
CUST03180,Kavya Patil,8.0,15,251740.69,5,4,4,13,Champions
CUST01243,Pooja Nair,8.0,14,251089.8,5,4,4,13,Champions
CUST01424,Arjun Shah,36.0,16,251000.41,4,5,4,13,Champions
CUST03075,Meera Mhaske,5.0,15,250534.46,5,4,4,13,Champions
CUST04886,Ananya Gupta,16.0,17,250534.15,4,5,4,13,Champions
CUST00510,Meera Singh,20.0,17,250455.3,4,5,4,13,Champions
CUST00872,Ananya Singh,14.0,14,250437.4,5,4,4,13,Champions
CUST04107,Neha Joshi,34.0,17,249492.63,4,5,4,13,Champions
CUST02570,Sneha Kumar,30.0,16,249298.81,4,5,4,13,Champions
CUST02453,Neha Gupta,18.0,18,249059.62,4,5,4,13,Champions
CUST05311,Rahul Sharma,27.0,16,248847.6,4,5,4,13,Champions
CUST00813,Vivaan Mhaske,2.0,14,248461.22,5,4,4,13,Champions
CUST01225,Rohan Kumar,3.0,14,248295.05,5,4,4,13,Champions
CUST02716,Karan Shah,1.0,14,247850.48,5,4,4,13,Champions
CUST03276,Priya Kumar,15.0,15,247219.89,5,4,4,13,Champions
CUST04476,Pooja Mehta,14.0,15,247116.92,5,4,4,13,Champions
CUST04502,Arjun Deshmukh,37.0,16,246973.32,4,5,4,13,Champions
CUST01517,Pooja Mehta,25.0,17,246651.24,4,5,4,13,Champions
CUST05885,Priya Joshi,20.0,16,246432.95,4,5,4,13,Champions
CUST05155,Meera Gupta,12.0,15,246072.39,5,4,4,13,Champions
CUST00650,Meera Shah,7.0,15,245112.31,5,4,4,13,Champions
CUST01939,Aditya Mehta,13.0,14,244632.65,5,4,4,13,Champions
CUST01621,Pooja Shah,30.0,23,244251.87,4,5,4,13,Champions
CUST01958,Amit Sharma,1.0,15,243820.04,5,4,4,13,Champions
CUST03803,Isha Mhaske,0.0,15,243412.57,5,4,4,13,Champions
CUST04379,Pooja Deshmukh,0.0,15,243231.8,5,4,4,13,Champions
CUST01197,Amit Verma,8.0,14,242865.7,5,4,4,13,Champions
CUST03414,Rahul Gupta,16.0,19,241603.57,5,5,3,13,Loyal Customers
CUST00360,Pooja Nair,7.0,16,241518.01,5,5,3,13,Loyal Customers
CUST00260,Vivaan Nair,13.0,17,241380.75,5,5,3,13,Loyal Customers
CUST05834,Rohan Joshi,14.0,19,240808.53,5,5,3,13,Loyal Customers
CUST00748,Sneha Mehta,4.0,17,240066.86,5,5,3,13,Loyal Customers
CUST03941,Meera Mehta,0.0,20,237910.53,5,5,3,13,Loyal Customers
CUST00779,Isha Nair,3.0,16,231740.51,5,5,3,13,Loyal Customers
CUST03894,Pooja Sharma,6.0,16,231559.48,5,5,3,13,Loyal Customers
CUST01862,Kavya Mhaske,13.0,18,230582.69,5,5,3,13,Loyal Customers
CUST05200,Isha Mehta,9.0,16,230541.12,5,5,3,13,Loyal Customers
CUST01624,Meera Singh,4.0,16,229266.36,5,5,3,13,Loyal Customers
CUST03157,Aarav Deshmukh,15.0,16,228496.97,5,5,3,13,Loyal Customers
CUST01509,Amit Shah,2.0,17,227785.06,5,5,3,13,Loyal Customers
CUST04072,Rahul Patil,1.0,16,223627.85,5,5,3,13,Loyal Customers
CUST00061,Kavya Gupta,15.0,16,222146.32,5,5,3,13,Loyal Customers
CUST03944,Karan Singh,8.0,17,221753.2,5,5,3,13,Loyal Customers
CUST02420,Isha Joshi,12.0,17,221481.43,5,5,3,13,Loyal Customers
CUST01601,Isha Joshi,10.0,17,210234.3,5,5,3,13,Loyal Customers
CUST02702,Aditya Verma,15.0,16,209635.68,5,5,3,13,Loyal Customers
CUST02295,Rahul Mehta,7.0,16,204607.64,5,5,3,13,Loyal Customers
CUST01896,Meera Patil,15.0,16,202966.26,5,5,3,13,Loyal Customers
CUST02989,Rahul Singh,11.0,17,202882.16,5,5,3,13,Loyal Customers
CUST03115,Arjun Mhaske,12.0,16,202781.57,5,5,3,13,Loyal Customers
CUST05541,Neha Sharma,12.0,16,200599.54,5,5,3,13,Loyal Customers
CUST02987,Amit Sharma,100.0,25,630590.67,2,5,5,12,At Risk
CUST03758,Sneha Mehta,88.0,21,555275.89,2,5,5,12,At Risk
CUST05362,Rahul Singh,80.0,19,539423.17,2,5,5,12,At Risk
CUST05922,Karan Nair,116.0,20,509322.79,2,5,5,12,At Risk
CUST01161,Isha Mhaske,93.0,21,503427.57,2,5,5,12,At Risk
CUST05073,Aarav Deshmukh,78.0,24,497373.12,2,5,5,12,At Risk
CUST05110,Kavya Patil,83.0,20,495388.54,2,5,5,12,At Risk
CUST04610,Sneha Singh,112.0,22,474387.08,2,5,5,12,At Risk
CUST03400,Aditya Joshi,117.0,17,466585.75,2,5,5,12,At Risk
CUST03557,Kavya Mhaske,75.0,17,465209.01,2,5,5,12,At Risk
CUST01273,Meera Joshi,113.0,24,463517.75,2,5,5,12,At Risk
CUST00139,Karan Nair,68.0,19,459827.19,2,5,5,12,At Risk
CUST00831,Aditya Patil,67.0,17,455533.36,2,5,5,12,At Risk
CUST01503,Ananya Verma,81.0,21,452443.78,2,5,5,12,At Risk
CUST04181,Amit Shah,9.0,10,447731.64,5,2,5,12,Potential Loyalists
CUST03587,Aarav Verma,110.0,18,428670.43,2,5,5,12,At Risk
CUST00564,Priya Deshmukh,87.0,15,427959.06,2,5,5,12,At Risk
CUST02346,Neha Joshi,98.0,20,427349.64,2,5,5,12,At Risk
CUST00846,Rahul Verma,56.0,14,422731.4,3,4,5,12,Loyal Customers
CUST01385,Priya Patil,65.0,13,420868.09,3,4,5,12,Loyal Customers
CUST01113,Pooja Sharma,39.0,14,419059.67,3,4,5,12,Loyal Customers
CUST05071,Neha Shah,74.0,20,412870.74,2,5,5,12,At Risk
CUST05052,Arjun Deshmukh,68.0,22,412741.15,2,5,5,12,At Risk
CUST04199,Pooja Joshi,95.0,17,410174.83,2,5,5,12,At Risk
CUST04964,Priya Mhaske,97.0,18,409013.37,2,5,5,12,At Risk
CUST04597,Rahul Nair,57.0,13,408895.22,3,4,5,12,Loyal Customers
CUST00244,Isha Shah,92.0,15,407927.16,2,5,5,12,At Risk
CUST05180,Ananya Verma,87.0,18,406453.11,2,5,5,12,At Risk
CUST02113,Aditya Gupta,110.0,16,406038.35,2,5,5,12,At Risk
CUST00591,Amit Mehta,116.0,18,405707.65,2,5,5,12,At Risk
CUST03159,Pooja Verma,110.0,17,401884.87,2,5,5,12,At Risk
CUST03506,Kavya Sharma,82.0,21,399260.5,2,5,5,12,At Risk
CUST03056,Sneha Sharma,91.0,18,396095.04,2,5,5,12,At Risk
CUST05823,Kavya Verma,66.0,13,395976.55,3,4,5,12,Loyal Customers
CUST00429,Sneha Verma,61.0,13,395419.71,3,4,5,12,Loyal Customers
CUST02662,Priya Patil,100.0,20,395143.26,2,5,5,12,At Risk
CUST05775,Karan Sharma,78.0,16,392955.97,2,5,5,12,At Risk
CUST04522,Meera Patil,83.0,15,392216.46,2,5,5,12,At Risk
CUST05807,Isha Sharma,57.0,13,391822.37,3,4,5,12,Loyal Customers
CUST04665,Karan Mhaske,90.0,18,391766.16,2,5,5,12,At Risk
CUST04750,Amit Verma,88.0,18,390981.86,2,5,5,12,At Risk
CUST00657,Priya Mehta,56.0,14,385494.34,3,4,5,12,Loyal Customers
CUST05029,Meera Singh,23.0,11,385067.9,4,3,5,12,Potential Loyalists
CUST05629,Rahul Singh,83.0,15,384282.87,2,5,5,12,At Risk
CUST04959,Meera Singh,101.0,21,382047.79,2,5,5,12,At Risk
CUST03129,Amit Mhaske,64.0,14,381057.0,3,4,5,12,Loyal Customers
CUST00306,Rohan Kumar,57.0,13,380120.01,3,4,5,12,Loyal Customers
CUST00577,Meera Mehta,78.0,15,379316.04,2,5,5,12,At Risk
CUST03636,Vivaan Shah,59.0,14,378695.87,3,4,5,12,Loyal Customers
CUST01308,Isha Patil,65.0,14,378560.62,3,4,5,12,Loyal Customers
CUST00687,Sneha Shah,103.0,17,377285.54,2,5,5,12,At Risk
CUST04443,Arjun Mehta,109.0,16,377009.41,2,5,5,12,At Risk
CUST01932,Arjun Mehta,81.0,21,376460.61,2,5,5,12,At Risk
CUST03552,Ananya Mhaske,46.0,13,373188.75,3,4,5,12,Loyal Customers
CUST04030,Priya Nair,90.0,22,372692.94,2,5,5,12,At Risk
CUST02249,Ananya Sharma,21.0,12,372005.33,4,3,5,12,Potential Loyalists
CUST01911,Kavya Patil,111.0,17,371626.04,2,5,5,12,At Risk
CUST04436,Sneha Singh,67.0,15,370766.31,2,5,5,12,At Risk
CUST00598,Pooja Gupta,93.0,19,369843.59,2,5,5,12,At Risk
CUST02600,Kavya Gupta,40.0,13,369707.61,3,4,5,12,Loyal Customers
CUST05441,Priya Sharma,46.0,14,368171.65,3,4,5,12,Loyal Customers
CUST02998,Amit Deshmukh,19.0,12,367914.03,4,3,5,12,Potential Loyalists
CUST00467,Sneha Patil,77.0,16,367437.69,2,5,5,12,At Risk
CUST00186,Amit Kumar,43.0,14,365623.0,3,4,5,12,Loyal Customers
CUST02547,Aditya Verma,96.0,21,362445.55,2,5,5,12,At Risk
CUST05908,Vivaan Sharma,90.0,19,361008.51,2,5,5,12,At Risk
CUST04498,Neha Gupta,84.0,17,359292.68,2,5,5,12,At Risk
CUST02206,Ananya Gupta,94.0,19,358272.99,2,5,5,12,At Risk
CUST05572,Kavya Deshmukh,64.0,13,355175.72,3,4,5,12,Loyal Customers
CUST01257,Vivaan Nair,76.0,16,354444.49,2,5,5,12,At Risk
CUST04459,Aditya Sharma,91.0,19,353867.46,2,5,5,12,At Risk
CUST05514,Priya Gupta,79.0,21,352077.99,2,5,5,12,At Risk
CUST03677,Amit Singh,94.0,17,350230.3,2,5,5,12,At Risk
CUST02496,Ananya Deshmukh,16.0,12,350228.35,4,3,5,12,Potential Loyalists
CUST01513,Rohan Patil,97.0,18,349851.89,2,5,5,12,At Risk
CUST02424,Vivaan Sharma,53.0,13,348249.5,3,4,5,12,Loyal Customers
CUST05745,Sneha Nair,108.0,17,347861.02,2,5,5,12,At Risk
CUST00581,Kavya Kumar,70.0,16,347684.53,2,5,5,12,At Risk
CUST02544,Priya Deshmukh,111.0,17,347242.58,2,5,5,12,At Risk
CUST03656,Amit Mehta,43.0,14,346726.78,3,4,5,12,Loyal Customers
CUST02774,Isha Shah,68.0,16,346455.38,2,5,5,12,At Risk
CUST03584,Priya Nair,47.0,14,346286.23,3,4,5,12,Loyal Customers
CUST02831,Rohan Verma,61.0,14,345798.37,3,4,5,12,Loyal Customers
CUST01618,Rohan Patil,63.0,14,345436.16,3,4,5,12,Loyal Customers
CUST02069,Karan Singh,69.0,19,345266.81,2,5,5,12,At Risk
CUST02330,Isha Kumar,72.0,16,344120.65,2,5,5,12,At Risk
CUST05660,Neha Patil,112.0,15,344105.28,2,5,5,12,At Risk
CUST05422,Rahul Deshmukh,56.0,13,343300.68,3,4,5,12,Loyal Customers
CUST03622,Aditya Shah,107.0,15,343281.36,2,5,5,12,At Risk
CUST01580,Aditya Mhaske,96.0,16,342812.57,2,5,5,12,At Risk
CUST03227,Meera Shah,60.0,13,340889.82,3,4,5,12,Loyal Customers
CUST05376,Rohan Gupta,113.0,17,340622.45,2,5,5,12,At Risk
CUST02261,Aarav Nair,46.0,13,340342.11,3,4,5,12,Loyal Customers
CUST00205,Meera Patil,102.0,15,340132.2,2,5,5,12,At Risk
CUST00240,Sneha Verma,51.0,14,340044.74,3,4,5,12,Loyal Customers
CUST00725,Amit Mhaske,82.0,19,339847.77,2,5,5,12,At Risk
CUST05645,Kavya Shah,51.0,13,339778.35,3,4,5,12,Loyal Customers
CUST02913,Rahul Mhaske,69.0,20,339765.8,2,5,5,12,At Risk
CUST05342,Kavya Gupta,118.0,19,339550.52,2,5,5,12,At Risk
CUST01795,Kavya Verma,76.0,15,339332.13,2,5,5,12,At Risk
CUST00899,Neha Mhaske,77.0,18,339313.9,2,5,5,12,At Risk
CUST04144,Arjun Deshmukh,96.0,16,338970.39,2,5,5,12,At Risk
CUST04166,Meera Nair,20.0,12,337519.73,4,3,5,12,Potential Loyalists
CUST01387,Vivaan Mhaske,67.0,15,337491.89,2,5,5,12,At Risk
CUST01510,Neha Kumar,100.0,17,336727.47,2,5,5,12,At Risk
CUST03606,Aarav Nair,114.0,16,336611.48,2,5,5,12,At Risk
CUST02332,Neha Shah,50.0,14,336384.29,3,4,5,12,Loyal Customers
CUST05009,Arjun Sharma,46.0,13,335770.13,3,4,5,12,Loyal Customers
CUST04080,Amit Shah,109.0,18,335649.73,2,5,5,12,At Risk
CUST05843,Pooja Kumar,40.0,13,335457.17,3,4,5,12,Loyal Customers
CUST04449,Ananya Mehta,24.0,12,335432.4,4,3,5,12,Potential Loyalists
CUST04547,Neha Mehta,18.0,12,335271.75,4,3,5,12,Potential Loyalists
CUST04914,Neha Verma,106.0,17,335005.33,2,5,5,12,At Risk
CUST01149,Ananya Patil,119.0,20,334466.77,2,5,5,12,At Risk
CUST00105,Meera Joshi,116.0,16,333655.63,2,5,5,12,At Risk
CUST04221,Rahul Nair,96.0,18,332767.95,2,5,5,12,At Risk
CUST03869,Ananya Verma,70.0,16,332357.41,2,5,5,12,At Risk
CUST05882,Aarav Gupta,72.0,18,331605.23,2,5,5,12,At Risk
CUST05470,Meera Joshi,31.0,11,331586.85,4,3,5,12,Potential Loyalists
CUST03906,Amit Singh,94.0,20,331268.18,2,5,5,12,At Risk
CUST02982,Meera Deshmukh,26.0,12,330257.51,4,3,5,12,Potential Loyalists
CUST04762,Karan Deshmukh,44.0,13,329903.25,3,4,5,12,Loyal Customers
CUST01648,Kavya Patil,84.0,18,329730.71,2,5,5,12,At Risk
CUST05113,Amit Mehta,84.0,18,329701.68,2,5,5,12,At Risk
CUST05539,Aditya Joshi,47.0,14,328519.69,3,4,5,12,Loyal Customers
CUST00213,Aditya Singh,49.0,15,328160.95,3,4,5,12,Loyal Customers
CUST02469,Sneha Mhaske,73.0,17,328082.82,2,5,5,12,At Risk
CUST01890,Isha Patil,55.0,14,328056.12,3,4,5,12,Loyal Customers
CUST00278,Aditya Nair,93.0,17,327815.58,2,5,5,12,At Risk
CUST02785,Ananya Nair,101.0,17,327192.5,2,5,5,12,At Risk
CUST03874,Rahul Kumar,116.0,19,327144.39,2,5,5,12,At Risk
CUST05869,Kavya Kumar,38.0,13,326253.75,3,4,5,12,Loyal Customers
CUST00543,Ananya Shah,71.0,16,326223.65,2,5,5,12,At Risk
CUST03217,Isha Sharma,32.0,12,325059.09,4,3,5,12,Potential Loyalists
CUST01675,Arjun Shah,87.0,20,325031.02,2,5,5,12,At Risk
CUST03660,Rohan Deshmukh,29.0,12,324546.79,4,3,5,12,Potential Loyalists
CUST02435,Arjun Nair,45.0,15,324405.51,3,4,5,12,Loyal Customers
CUST01206,Amit Patil,89.0,16,324260.35,2,5,5,12,At Risk
CUST01422,Meera Verma,108.0,21,323797.16,2,5,5,12,At Risk
CUST00641,Vivaan Joshi,57.0,15,323375.78,3,4,5,12,Loyal Customers
CUST02334,Sneha Gupta,60.0,14,321484.83,3,4,5,12,Loyal Customers
CUST01103,Vivaan Gupta,118.0,17,321406.56,2,5,5,12,At Risk
CUST01269,Amit Mehta,97.0,19,321378.26,2,5,5,12,At Risk
CUST03479,Aarav Gupta,31.0,12,320964.14,4,3,5,12,Potential Loyalists
CUST05251,Rohan Gupta,52.0,14,320367.06,3,4,5,12,Loyal Customers
CUST04013,Meera Patil,53.0,15,320185.75,3,4,5,12,Loyal Customers
CUST03281,Rahul Patil,94.0,18,319026.41,2,5,5,12,At Risk
CUST05942,Karan Joshi,109.0,20,318296.66,2,5,5,12,At Risk
CUST04952,Amit Mhaske,114.0,18,318134.2,2,5,5,12,At Risk
CUST04276,Vivaan Joshi,60.0,14,317818.57,3,4,5,12,Loyal Customers
CUST05699,Aarav Mehta,38.0,13,317525.73,3,4,5,12,Loyal Customers
CUST01172,Neha Patil,75.0,21,317317.56,2,5,5,12,At Risk
CUST02457,Neha Deshmukh,15.0,11,316704.64,5,2,5,12,Potential Loyalists
CUST02752,Arjun Singh,58.0,14,316227.54,3,4,5,12,Loyal Customers
CUST01901,Arjun Verma,47.0,15,315731.78,3,4,5,12,Loyal Customers
CUST04803,Rohan Mehta,120.0,16,315638.08,2,5,5,12,At Risk
CUST04635,Rohan Singh,99.0,17,315022.23,2,5,5,12,At Risk
CUST05179,Neha Singh,18.0,12,314997.24,4,3,5,12,Potential Loyalists
CUST00609,Sneha Sharma,45.0,15,314846.82,3,4,5,12,Loyal Customers
CUST04988,Neha Gupta,64.0,15,314296.75,3,4,5,12,Loyal Customers
CUST04892,Isha Joshi,66.0,14,313762.5,3,4,5,12,Loyal Customers
CUST00562,Aarav Mehta,64.0,13,313320.64,3,4,5,12,Loyal Customers
CUST00396,Sneha Gupta,99.0,17,313217.6,2,5,5,12,At Risk
CUST02213,Aditya Nair,12.0,11,312515.57,5,2,5,12,Potential Loyalists
CUST04844,Vivaan Nair,63.0,13,311829.77,3,4,5,12,Loyal Customers
CUST03612,Sneha Joshi,106.0,16,311648.63,2,5,5,12,At Risk
CUST02784,Neha Kumar,40.0,13,311080.18,3,4,5,12,Loyal Customers
CUST05417,Vivaan Joshi,1.0,10,310817.59,5,2,5,12,Potential Loyalists
CUST04192,Vivaan Sharma,83.0,17,310782.11,2,5,5,12,At Risk
CUST05430,Pooja Mhaske,60.0,14,310691.83,3,4,5,12,Loyal Customers
CUST00676,Karan Nair,78.0,16,310562.21,2,5,5,12,At Risk
CUST00102,Neha Kumar,53.0,15,310431.1,3,4,5,12,Loyal Customers
CUST01192,Pooja Singh,58.0,15,310365.01,3,4,5,12,Loyal Customers
CUST04946,Vivaan Gupta,92.0,16,310158.37,2,5,5,12,At Risk
CUST00765,Isha Patil,75.0,17,310118.37,2,5,5,12,At Risk
CUST00099,Rohan Kumar,82.0,19,310105.77,2,5,5,12,At Risk
CUST02479,Aditya Patil,47.0,15,309975.06,3,4,5,12,Loyal Customers
CUST02036,Aarav Nair,43.0,13,309965.95,3,4,5,12,Loyal Customers
CUST02568,Priya Deshmukh,102.0,21,309900.48,2,5,5,12,At Risk
CUST00814,Karan Kumar,66.0,14,309677.12,3,4,5,12,Loyal Customers
CUST03955,Pooja Mehta,48.0,14,309522.26,3,4,5,12,Loyal Customers
CUST04942,Sneha Singh,87.0,23,309511.93,2,5,5,12,At Risk
CUST05714,Isha Gupta,67.0,16,309177.48,2,5,5,12,At Risk
CUST04601,Aarav Verma,78.0,16,309019.1,2,5,5,12,At Risk
CUST04279,Priya Deshmukh,39.0,15,308664.34,3,4,5,12,Loyal Customers
CUST03137,Amit Shah,1.0,11,308593.05,5,2,5,12,Potential Loyalists
CUST02648,Pooja Deshmukh,81.0,18,308415.08,2,5,5,12,At Risk
CUST00340,Kavya Gupta,84.0,20,308080.13,2,5,5,12,At Risk
CUST05471,Meera Singh,47.0,13,307743.83,3,4,5,12,Loyal Customers
CUST00317,Isha Nair,41.0,13,307709.48,3,4,5,12,Loyal Customers
CUST00004,Rohan Sharma,43.0,15,307336.54,3,4,5,12,Loyal Customers
CUST01184,Amit Joshi,62.0,13,307268.67,3,4,5,12,Loyal Customers
CUST02565,Priya Nair,113.0,16,306407.53,2,5,5,12,At Risk
CUST04056,Vivaan Mehta,95.0,18,306368.23,2,5,5,12,At Risk
CUST04862,Ananya Verma,119.0,17,305952.13,2,5,5,12,At Risk
CUST04587,Vivaan Joshi,98.0,16,305860.09,2,5,5,12,At Risk
CUST03720,Amit Sharma,31.0,12,305703.16,4,3,5,12,Potential Loyalists
CUST01635,Arjun Mhaske,65.0,13,305652.78,3,4,5,12,Loyal Customers
CUST01991,Ananya Joshi,42.0,13,305649.58,3,4,5,12,Loyal Customers
CUST04226,Rohan Mehta,56.0,15,305625.83,3,4,5,12,Loyal Customers
CUST01973,Kavya Shah,51.0,14,305571.24,3,4,5,12,Loyal Customers
CUST00836,Karan Singh,51.0,13,304334.29,3,4,5,12,Loyal Customers
CUST03643,Sneha Deshmukh,67.0,22,304238.1,2,5,5,12,At Risk
CUST04629,Aditya Mehta,45.0,14,304085.48,3,4,5,12,Loyal Customers
CUST03445,Ananya Mhaske,87.0,18,303512.78,2,5,5,12,At Risk
CUST02155,Neha Nair,1.0,11,303188.94,5,2,5,12,Potential Loyalists
CUST00984,Arjun Sharma,59.0,15,303120.69,3,4,5,12,Loyal Customers
CUST00122,Pooja Patil,56.0,13,303108.04,3,4,5,12,Loyal Customers
CUST00629,Sneha Mehta,6.0,11,301845.14,5,2,5,12,Potential Loyalists
CUST02581,Kavya Patil,47.0,15,301806.05,3,4,5,12,Loyal Customers
CUST04510,Vivaan Nair,61.0,15,301684.29,3,4,5,12,Loyal Customers
CUST03801,Rohan Verma,66.0,14,301321.74,3,4,5,12,Loyal Customers
CUST01666,Rohan Singh,40.0,14,301025.03,3,4,5,12,Loyal Customers
CUST03305,Amit Kumar,32.0,12,300599.73,4,3,5,12,Potential Loyalists
CUST00395,Neha Sharma,66.0,15,300427.43,3,4,5,12,Loyal Customers
CUST04792,Aarav Mhaske,18.0,12,299637.28,4,3,5,12,Potential Loyalists
CUST03680,Kavya Singh,42.0,13,299597.77,3,4,5,12,Loyal Customers
CUST03826,Priya Sharma,58.0,14,299481.67,3,4,5,12,Loyal Customers
CUST00030,Sneha Nair,44.0,15,299438.15,3,4,5,12,Loyal Customers
CUST04494,Aarav Gupta,39.0,14,299313.55,3,4,5,12,Loyal Customers
CUST03632,Arjun Kumar,26.0,12,299156.36,4,3,5,12,Potential Loyalists
CUST02694,Amit Joshi,16.0,14,299110.41,4,4,4,12,Champions
CUST05521,Amit Gupta,19.0,15,298675.63,4,4,4,12,Champions
CUST03292,Rahul Deshmukh,21.0,14,298434.16,4,4,4,12,Champions
CUST03150,Kavya Patil,42.0,18,298390.92,3,5,4,12,Loyal Customers
CUST02657,Aarav Verma,23.0,14,298136.84,4,4,4,12,Champions
CUST01227,Vivaan Kumar,20.0,15,296844.21,4,4,4,12,Champions
CUST02079,Rahul Nair,29.0,13,296408.94,4,4,4,12,Champions
CUST01014,Neha Mhaske,20.0,15,295758.16,4,4,4,12,Champions
CUST00615,Rohan Nair,39.0,18,294756.66,3,5,4,12,Loyal Customers
CUST03822,Arjun Verma,44.0,17,294549.65,3,5,4,12,Loyal Customers
CUST05848,Neha Singh,22.0,14,293984.98,4,4,4,12,Champions
CUST03028,Sneha Sharma,53.0,17,293930.58,3,5,4,12,Loyal Customers
CUST03807,Rohan Joshi,44.0,16,293845.7,3,5,4,12,Loyal Customers
CUST05672,Arjun Shah,31.0,15,293699.62,4,4,4,12,Champions
CUST00924,Rahul Verma,17.0,15,293686.17,4,4,4,12,Champions
CUST01733,Arjun Patil,49.0,18,293629.73,3,5,4,12,Loyal Customers
CUST02685,Kavya Mehta,19.0,15,293461.8,4,4,4,12,Champions
CUST02137,Aditya Mehta,29.0,14,292990.53,4,4,4,12,Champions
CUST04493,Ananya Nair,36.0,14,292877.85,4,4,4,12,Champions
CUST02265,Kavya Shah,16.0,13,292634.19,4,4,4,12,Champions
CUST05743,Arjun Nair,30.0,15,292354.96,4,4,4,12,Champions
CUST02033,Karan Gupta,17.0,13,292332.3,4,4,4,12,Champions
CUST00212,Sneha Deshmukh,35.0,13,292077.68,4,4,4,12,Champions
CUST02532,Sneha Patil,56.0,16,291746.17,3,5,4,12,Loyal Customers
CUST04208,Karan Deshmukh,31.0,14,291555.15,4,4,4,12,Champions
CUST04881,Arjun Nair,12.0,12,291186.25,5,3,4,12,Potential Loyalists
CUST03890,Aarav Verma,24.0,15,291078.99,4,4,4,12,Champions
CUST01450,Aarav Mhaske,60.0,16,290344.74,3,5,4,12,Loyal Customers
CUST05366,Arjun Sharma,19.0,13,290131.02,4,4,4,12,Champions
CUST00620,Isha Mhaske,23.0,14,289678.53,4,4,4,12,Champions
CUST05868,Meera Joshi,37.0,14,289293.29,4,4,4,12,Champions
CUST04114,Vivaan Kumar,20.0,13,288908.71,4,4,4,12,Champions
CUST00448,Isha Nair,59.0,18,288143.76,3,5,4,12,Loyal Customers
CUST02812,Isha Gupta,56.0,19,288026.56,3,5,4,12,Loyal Customers
CUST05014,Rohan Joshi,29.0,13,287416.37,4,4,4,12,Champions
CUST00156,Rahul Joshi,47.0,16,287290.22,3,5,4,12,Loyal Customers
CUST00594,Meera Mhaske,53.0,18,287276.04,3,5,4,12,Loyal Customers
CUST05899,Karan Kumar,33.0,13,287218.33,4,4,4,12,Champions
CUST03814,Karan Mhaske,23.0,14,286941.64,4,4,4,12,Champions
CUST00263,Rohan Sharma,27.0,15,286882.39,4,4,4,12,Champions
CUST04087,Kavya Kumar,26.0,15,286207.27,4,4,4,12,Champions
CUST05548,Pooja Shah,26.0,14,285850.01,4,4,4,12,Champions
CUST04095,Priya Kumar,18.0,13,285705.1,4,4,4,12,Champions
CUST01734,Aditya Sharma,21.0,15,285665.67,4,4,4,12,Champions
CUST02586,Vivaan Verma,45.0,17,285650.43,3,5,4,12,Loyal Customers
CUST01549,Aditya Verma,16.0,13,285520.7,4,4,4,12,Champions
CUST04427,Karan Sharma,58.0,16,285206.38,3,5,4,12,Loyal Customers
CUST02607,Rahul Gupta,12.0,12,285093.02,5,3,4,12,Potential Loyalists
CUST05923,Arjun Deshmukh,23.0,14,285081.54,4,4,4,12,Champions
CUST04625,Meera Mehta,34.0,14,284882.33,4,4,4,12,Champions
CUST02128,Priya Verma,58.0,17,284882.06,3,5,4,12,Loyal Customers
CUST00589,Neha Joshi,22.0,15,284676.09,4,4,4,12,Champions
CUST04441,Aarav Singh,35.0,15,284520.21,4,4,4,12,Champions
CUST03432,Aditya Deshmukh,10.0,12,284408.88,5,3,4,12,Potential Loyalists
CUST01343,Pooja Shah,49.0,17,284268.39,3,5,4,12,Loyal Customers
CUST02775,Meera Gupta,20.0,15,282350.92,4,4,4,12,Champions
CUST00865,Arjun Verma,45.0,18,282211.44,3,5,4,12,Loyal Customers
CUST04647,Isha Verma,65.0,19,282003.85,3,5,4,12,Loyal Customers
CUST00990,Priya Gupta,22.0,15,281780.13,4,4,4,12,Champions
CUST02336,Priya Sharma,64.0,17,281235.05,3,5,4,12,Loyal Customers
CUST00533,Arjun Patil,47.0,17,280809.07,3,5,4,12,Loyal Customers
CUST04260,Vivaan Mehta,63.0,16,280485.48,3,5,4,12,Loyal Customers
CUST04763,Amit Kumar,22.0,13,280286.12,4,4,4,12,Champions
CUST00259,Priya Gupta,49.0,16,280276.73,3,5,4,12,Loyal Customers
CUST04855,Meera Gupta,21.0,15,280259.23,4,4,4,12,Champions
CUST05172,Neha Kumar,48.0,17,279915.39,3,5,4,12,Loyal Customers
CUST00936,Rahul Nair,18.0,15,279889.69,4,4,4,12,Champions
CUST03995,Ananya Mehta,24.0,13,278914.79,4,4,4,12,Champions
CUST01367,Arjun Deshmukh,43.0,16,278715.42,3,5,4,12,Loyal Customers
CUST03076,Vivaan Mhaske,30.0,13,278666.46,4,4,4,12,Champions
CUST02520,Rohan Sharma,48.0,19,277959.3,3,5,4,12,Loyal Customers
CUST04444,Isha Sharma,37.0,15,277943.52,4,4,4,12,Champions
CUST03646,Rohan Nair,64.0,17,277917.39,3,5,4,12,Loyal Customers
CUST04663,Kavya Mehta,32.0,14,277882.99,4,4,4,12,Champions
CUST04703,Priya Mehta,47.0,17,277683.65,3,5,4,12,Loyal Customers
CUST04161,Rahul Sharma,34.0,15,277683.51,4,4,4,12,Champions
CUST04425,Meera Shah,17.0,13,277588.0,4,4,4,12,Champions
CUST00126,Karan Gupta,31.0,14,277050.01,4,4,4,12,Champions
CUST05694,Neha Kumar,34.0,13,277038.08,4,4,4,12,Champions
CUST00500,Rohan Verma,23.0,14,276138.54,4,4,4,12,Champions
CUST05426,Amit Singh,25.0,14,275958.85,4,4,4,12,Champions
CUST01074,Rahul Verma,5.0,13,275678.78,5,3,4,12,Potential Loyalists
CUST03345,Karan Nair,15.0,13,275500.45,5,3,4,12,Potential Loyalists
CUST04926,Amit Nair,21.0,14,275160.48,4,4,4,12,Champions
CUST03594,Neha Patil,19.0,15,274995.99,4,4,4,12,Champions
CUST05591,Arjun Deshmukh,10.0,12,274876.26,5,3,4,12,Potential Loyalists
CUST02950,Ananya Nair,50.0,19,274686.42,3,5,4,12,Loyal Customers
CUST01082,Arjun Shah,10.0,12,274463.01,5,3,4,12,Potential Loyalists
CUST02729,Neha Nair,13.0,12,274391.32,5,3,4,12,Potential Loyalists
CUST02954,Priya Mehta,38.0,16,274193.95,3,5,4,12,Loyal Customers
CUST02659,Amit Shah,59.0,17,273944.4,3,5,4,12,Loyal Customers
CUST02254,Vivaan Patil,4.0,12,273798.38,5,3,4,12,Potential Loyalists
CUST04184,Sneha Shah,5.0,12,273698.39,5,3,4,12,Potential Loyalists
CUST02171,Isha Kumar,45.0,17,273445.76,3,5,4,12,Loyal Customers
CUST05344,Rohan Nair,27.0,15,273328.88,4,4,4,12,Champions
CUST03318,Sneha Verma,31.0,14,273282.7,4,4,4,12,Champions
CUST03662,Karan Gupta,19.0,15,272963.24,4,4,4,12,Champions
CUST00464,Rohan Verma,58.0,18,272541.57,3,5,4,12,Loyal Customers
CUST02943,Rahul Kumar,3.0,12,272355.98,5,3,4,12,Potential Loyalists
CUST05884,Arjun Sharma,16.0,14,272300.74,4,4,4,12,Champions
CUST03939,Aarav Joshi,29.0,14,272178.38,4,4,4,12,Champions
CUST01490,Pooja Gupta,39.0,16,272114.36,3,5,4,12,Loyal Customers
CUST01481,Arjun Verma,40.0,19,271874.65,3,5,4,12,Loyal Customers
CUST01538,Meera Verma,56.0,16,271489.01,3,5,4,12,Loyal Customers
CUST05476,Aditya Patil,62.0,16,271397.17,3,5,4,12,Loyal Customers
CUST01095,Isha Gupta,42.0,16,270916.88,3,5,4,12,Loyal Customers
CUST00963,Neha Verma,4.0,12,270789.18,5,3,4,12,Potential Loyalists
CUST02689,Amit Mehta,57.0,16,270526.39,3,5,4,12,Loyal Customers
CUST03591,Karan Patil,25.0,14,270283.81,4,4,4,12,Champions
CUST05529,Rohan Mhaske,5.0,12,270061.68,5,3,4,12,Potential Loyalists
CUST03398,Kavya Verma,53.0,18,269955.92,3,5,4,12,Loyal Customers
CUST00081,Arjun Mehta,30.0,15,269886.74,4,4,4,12,Champions
CUST02562,Pooja Verma,5.0,12,269817.98,5,3,4,12,Potential Loyalists
CUST03235,Aditya Singh,13.0,13,269598.56,5,3,4,12,Potential Loyalists
CUST03605,Arjun Patil,57.0,18,269161.63,3,5,4,12,Loyal Customers
CUST03258,Vivaan Mhaske,46.0,17,269028.95,3,5,4,12,Loyal Customers
CUST01928,Ananya Joshi,19.0,14,268472.19,4,4,4,12,Champions
CUST01820,Meera Singh,6.0,12,268427.94,5,3,4,12,Potential Loyalists
CUST05791,Sneha Patil,44.0,16,268393.16,3,5,4,12,Loyal Customers
CUST00369,Amit Verma,10.0,12,268166.25,5,3,4,12,Potential Loyalists
CUST00934,Sneha Shah,44.0,18,268080.55,3,5,4,12,Loyal Customers
CUST03804,Meera Shah,2.0,13,268034.2,5,3,4,12,Potential Loyalists
CUST03790,Vivaan Deshmukh,2.0,12,267774.41,5,3,4,12,Potential Loyalists
CUST03483,Aarav Verma,16.0,15,267488.11,4,4,4,12,Champions
CUST00915,Aarav Deshmukh,56.0,16,267372.02,3,5,4,12,Loyal Customers
CUST04720,Neha Nair,25.0,15,267176.79,4,4,4,12,Champions
CUST03708,Meera Gupta,13.0,12,266512.17,5,3,4,12,Potential Loyalists
CUST03283,Amit Verma,8.0,13,265859.48,5,3,4,12,Potential Loyalists
CUST04171,Rahul Singh,56.0,16,265058.72,3,5,4,12,Loyal Customers
CUST02531,Arjun Deshmukh,42.0,18,264742.96,3,5,4,12,Loyal Customers
CUST04966,Meera Joshi,11.0,12,263568.57,5,3,4,12,Potential Loyalists
CUST01563,Rahul Deshmukh,25.0,15,263229.62,4,4,4,12,Champions
CUST03233,Rahul Shah,35.0,14,263194.59,4,4,4,12,Champions
CUST00578,Meera Nair,48.0,19,262750.8,3,5,4,12,Loyal Customers
CUST03796,Sneha Joshi,1.0,12,262523.96,5,3,4,12,Potential Loyalists
CUST04329,Vivaan Mehta,8.0,12,261683.46,5,3,4,12,Potential Loyalists
CUST04689,Pooja Gupta,21.0,15,261528.92,4,4,4,12,Champions
CUST00903,Kavya Deshmukh,35.0,14,261343.09,4,4,4,12,Champions
CUST05343,Kavya Mhaske,34.0,14,261335.99,4,4,4,12,Champions
CUST02574,Arjun Joshi,5.0,13,261318.16,5,3,4,12,Potential Loyalists
CUST04871,Pooja Deshmukh,19.0,14,261279.37,4,4,4,12,Champions
CUST02112,Kavya Patil,6.0,13,261268.07,5,3,4,12,Potential Loyalists
CUST01108,Rohan Joshi,50.0,16,261259.77,3,5,4,12,Loyal Customers
CUST04794,Aarav Gupta,41.0,17,261161.3,3,5,4,12,Loyal Customers
CUST05135,Aarav Shah,43.0,19,261032.1,3,5,4,12,Loyal Customers
CUST04051,Rahul Patil,5.0,12,261007.16,5,3,4,12,Potential Loyalists
CUST02820,Aditya Gupta,8.0,12,260980.25,5,3,4,12,Potential Loyalists
CUST04593,Vivaan Kumar,22.0,15,260767.66,4,4,4,12,Champions
CUST04805,Kavya Nair,0.0,12,260350.96,5,3,4,12,Potential Loyalists
CUST01989,Kavya Shah,4.0,12,260267.34,5,3,4,12,Potential Loyalists
CUST02871,Rahul Kumar,9.0,12,260240.14,5,3,4,12,Potential Loyalists
CUST05738,Priya Patil,19.0,14,259798.04,4,4,4,12,Champions
CUST02055,Rohan Verma,0.0,13,259558.6,5,3,4,12,Potential Loyalists
CUST04568,Ananya Mehta,26.0,14,258988.23,4,4,4,12,Champions
CUST05959,Neha Singh,34.0,15,258675.95,4,4,4,12,Champions
CUST04893,Rahul Gupta,8.0,13,258628.37,5,3,4,12,Potential Loyalists
CUST04630,Ananya Mhaske,50.0,18,258307.13,3,5,4,12,Loyal Customers
CUST05749,Aarav Mhaske,14.0,12,258249.05,5,3,4,12,Potential Loyalists
CUST04744,Isha Joshi,57.0,17,257946.55,3,5,4,12,Loyal Customers
CUST03781,Aarav Mehta,15.0,12,257518.32,5,3,4,12,Potential Loyalists
CUST01952,Rahul Verma,38.0,18,257433.56,3,5,4,12,Loyal Customers
CUST01148,Isha Sharma,52.0,16,257210.61,3,5,4,12,Loyal Customers
CUST04897,Aditya Mehta,61.0,16,256927.76,3,5,4,12,Loyal Customers
CUST03816,Rahul Sharma,4.0,12,256907.51,5,3,4,12,Potential Loyalists
CUST00886,Vivaan Gupta,19.0,14,256731.86,4,4,4,12,Champions
CUST02881,Rohan Gupta,44.0,18,256698.37,3,5,4,12,Loyal Customers
CUST05497,Meera Joshi,31.0,15,256189.76,4,4,4,12,Champions
CUST00850,Amit Verma,34.0,14,255705.58,4,4,4,12,Champions
CUST00067,Rahul Gupta,2.0,13,255595.7,5,3,4,12,Potential Loyalists
CUST05924,Rohan Gupta,7.0,12,255537.56,5,3,4,12,Potential Loyalists
CUST01477,Vivaan Kumar,8.0,13,255287.17,5,3,4,12,Potential Loyalists
CUST04381,Priya Nair,5.0,13,255142.48,5,3,4,12,Potential Loyalists
CUST01045,Amit Sharma,34.0,14,255049.66,4,4,4,12,Champions
CUST04267,Vivaan Nair,23.0,15,254348.29,4,4,4,12,Champions
CUST00961,Priya Verma,52.0,19,254122.64,3,5,4,12,Loyal Customers
CUST00673,Neha Patil,4.0,13,253984.74,5,3,4,12,Potential Loyalists
CUST03828,Priya Patil,4.0,13,253847.81,5,3,4,12,Potential Loyalists
CUST02994,Isha Joshi,40.0,18,253827.94,3,5,4,12,Loyal Customers
CUST02460,Rohan Verma,6.0,13,252948.13,5,3,4,12,Potential Loyalists
CUST00346,Rohan Nair,41.0,20,252824.02,3,5,4,12,Loyal Customers
CUST04086,Kavya Gupta,59.0,18,252730.32,3,5,4,12,Loyal Customers
CUST01627,Karan Deshmukh,29.0,14,252621.05,4,4,4,12,Champions
CUST05396,Aarav Joshi,24.0,15,252452.72,4,4,4,12,Champions
CUST03784,Isha Verma,31.0,15,252434.85,4,4,4,12,Champions
CUST05280,Karan Sharma,12.0,12,251763.21,5,3,4,12,Potential Loyalists
CUST01716,Isha Joshi,66.0,20,251597.77,3,5,4,12,Loyal Customers
CUST04565,Neha Sharma,3.0,13,251141.66,5,3,4,12,Potential Loyalists
CUST03581,Ananya Shah,20.0,14,251075.14,4,4,4,12,Champions
CUST00722,Ananya Sharma,22.0,14,250973.0,4,4,4,12,Champions
CUST01040,Meera Singh,43.0,16,250933.07,3,5,4,12,Loyal Customers
CUST01493,Ananya Shah,23.0,14,250466.66,4,4,4,12,Champions
CUST05263,Aditya Kumar,5.0,13,250280.25,5,3,4,12,Potential Loyalists
CUST02063,Kavya Mhaske,6.0,12,250142.67,5,3,4,12,Potential Loyalists
CUST04846,Ananya Mehta,20.0,14,249962.64,4,4,4,12,Champions
CUST05351,Rahul Singh,9.0,12,249868.46,5,3,4,12,Potential Loyalists
CUST01680,Sneha Singh,57.0,16,249553.6,3,5,4,12,Loyal Customers
CUST00176,Amit Nair,5.0,12,248986.79,5,3,4,12,Potential Loyalists
CUST03442,Kavya Joshi,53.0,18,248928.22,3,5,4,12,Loyal Customers
CUST05153,Pooja Patil,25.0,15,248809.23,4,4,4,12,Champions
CUST05960,Pooja Sharma,25.0,14,248752.75,4,4,4,12,Champions
CUST04649,Rohan Sharma,3.0,13,248686.73,5,3,4,12,Potential Loyalists
CUST04661,Pooja Mhaske,43.0,16,248535.16,3,5,4,12,Loyal Customers
CUST04115,Rahul Mhaske,52.0,16,248414.03,3,5,4,12,Loyal Customers
CUST03362,Arjun Gupta,32.0,15,248274.07,4,4,4,12,Champions
CUST03060,Isha Nair,7.0,13,248220.33,5,3,4,12,Potential Loyalists
CUST05841,Rohan Kumar,33.0,15,248138.27,4,4,4,12,Champions
CUST06000,Isha Sharma,23.0,15,247661.91,4,4,4,12,Champions
CUST02902,Pooja Patil,11.0,13,247395.78,5,3,4,12,Potential Loyalists
CUST03290,Kavya Joshi,0.0,12,247318.42,5,3,4,12,Potential Loyalists
CUST01695,Pooja Mehta,13.0,13,247072.89,5,3,4,12,Potential Loyalists
CUST05719,Meera Deshmukh,18.0,15,246864.01,4,4,4,12,Champions
CUST02007,Vivaan Verma,58.0,17,246759.47,3,5,4,12,Loyal Customers
CUST00331,Isha Gupta,1.0,13,246420.1,5,3,4,12,Potential Loyalists
CUST01915,Sneha Patil,46.0,16,246275.99,3,5,4,12,Loyal Customers
CUST04876,Arjun Deshmukh,34.0,15,245834.58,4,4,4,12,Champions
CUST05498,Aarav Kumar,47.0,18,245808.81,3,5,4,12,Loyal Customers
CUST03166,Vivaan Kumar,59.0,16,245342.84,3,5,4,12,Loyal Customers
CUST02817,Rohan Gupta,7.0,12,245230.21,5,3,4,12,Potential Loyalists
CUST04669,Arjun Mehta,63.0,16,245148.76,3,5,4,12,Loyal Customers
CUST02766,Kavya Sharma,10.0,12,244978.23,5,3,4,12,Potential Loyalists
CUST00377,Vivaan Shah,52.0,16,244861.23,3,5,4,12,Loyal Customers
CUST02892,Aditya Joshi,19.0,15,244575.92,4,4,4,12,Champions
CUST05231,Sneha Gupta,43.0,16,244144.79,3,5,4,12,Loyal Customers
CUST05826,Neha Nair,2.0,13,244133.08,5,3,4,12,Potential Loyalists
CUST01453,Neha Shah,57.0,16,243776.24,3,5,4,12,Loyal Customers
CUST02117,Meera Joshi,2.0,13,243605.94,5,3,4,12,Potential Loyalists
CUST01155,Rohan Sharma,47.0,16,242885.15,3,5,4,12,Loyal Customers
CUST01964,Pooja Shah,8.0,13,242867.43,5,3,4,12,Potential Loyalists
CUST02751,Aditya Nair,2.0,13,242789.23,5,3,4,12,Potential Loyalists
CUST02378,Meera Shah,33.0,16,241858.04,4,5,3,12,Loyal Customers
CUST05573,Amit Mehta,7.0,14,240917.81,5,4,3,12,Loyal Customers
CUST05440,Vivaan Kumar,19.0,16,240525.42,4,5,3,12,Loyal Customers
CUST03093,Sneha Kumar,13.0,14,239552.8,5,4,3,12,Loyal Customers
CUST04410,Ananya Mehta,10.0,14,239390.86,5,4,3,12,Loyal Customers
CUST04043,Aarav Gupta,24.0,17,239162.81,4,5,3,12,Loyal Customers
CUST03145,Priya Shah,6.0,15,239161.65,5,4,3,12,Loyal Customers
CUST01676,Aarav Patil,18.0,17,238881.67,4,5,3,12,Loyal Customers
CUST03261,Vivaan Singh,12.0,15,238798.55,5,4,3,12,Loyal Customers
CUST05835,Sneha Deshmukh,10.0,14,238234.27,5,4,3,12,Loyal Customers
CUST05556,Amit Shah,12.0,14,238048.07,5,4,3,12,Loyal Customers
CUST01456,Rahul Gupta,3.0,15,237925.42,5,4,3,12,Loyal Customers
CUST00869,Amit Gupta,27.0,18,236567.12,4,5,3,12,Loyal Customers
CUST03480,Arjun Mehta,6.0,14,235943.28,5,4,3,12,Loyal Customers
CUST03021,Priya Mehta,18.0,16,235791.62,4,5,3,12,Loyal Customers
CUST02518,Meera Joshi,23.0,19,235151.9,4,5,3,12,Loyal Customers
CUST04005,Kavya Deshmukh,16.0,17,235051.24,4,5,3,12,Loyal Customers
CUST00352,Isha Sharma,4.0,14,234975.43,5,4,3,12,Loyal Customers
CUST01291,Aditya Shah,33.0,16,233655.84,4,5,3,12,Loyal Customers
CUST05540,Sneha Mehta,26.0,17,233383.54,4,5,3,12,Loyal Customers
CUST01578,Arjun Shah,17.0,17,233376.25,4,5,3,12,Loyal Customers
CUST01753,Ananya Kumar,5.0,14,232117.15,5,4,3,12,Loyal Customers
CUST00993,Rahul Sharma,34.0,16,232115.37,4,5,3,12,Loyal Customers
CUST04511,Aditya Shah,1.0,14,231998.78,5,4,3,12,Loyal Customers
CUST05620,Priya Gupta,8.0,14,231977.52,5,4,3,12,Loyal Customers
CUST03602,Sneha Singh,32.0,18,231335.06,4,5,3,12,Loyal Customers
CUST00129,Arjun Deshmukh,23.0,16,230309.74,4,5,3,12,Loyal Customers
CUST01246,Arjun Verma,12.0,15,229527.47,5,4,3,12,Loyal Customers
CUST01002,Karan Joshi,10.0,15,229387.26,5,4,3,12,Loyal Customers
CUST02216,Pooja Patil,3.0,15,229338.07,5,4,3,12,Loyal Customers
CUST02756,Ananya Nair,11.0,14,229331.84,5,4,3,12,Loyal Customers
CUST05524,Isha Patil,10.0,15,228463.71,5,4,3,12,Loyal Customers
CUST03328,Priya Gupta,13.0,15,226705.74,5,4,3,12,Loyal Customers
CUST00459,Aditya Mhaske,8.0,15,226269.15,5,4,3,12,Loyal Customers
CUST00555,Ananya Verma,32.0,18,225972.38,4,5,3,12,Loyal Customers
CUST00703,Isha Patil,14.0,14,225078.91,5,4,3,12,Loyal Customers
CUST00091,Arjun Kumar,28.0,16,224867.36,4,5,3,12,Loyal Customers
CUST00062,Pooja Nair,10.0,14,224712.36,5,4,3,12,Loyal Customers
CUST03833,Isha Kumar,10.0,15,224614.16,5,4,3,12,Loyal Customers
CUST03974,Isha Kumar,26.0,16,224502.32,4,5,3,12,Loyal Customers
CUST00073,Meera Joshi,0.0,14,224309.45,5,4,3,12,Loyal Customers
CUST02504,Rohan Kumar,21.0,18,223234.07,4,5,3,12,Loyal Customers
CUST00483,Arjun Joshi,23.0,16,223218.56,4,5,3,12,Loyal Customers
CUST00797,Karan Joshi,12.0,14,222282.04,5,4,3,12,Loyal Customers
CUST04545,Isha Mehta,7.0,15,222266.44,5,4,3,12,Loyal Customers
CUST04457,Neha Mhaske,23.0,16,221892.05,4,5,3,12,Loyal Customers
CUST01552,Aditya Shah,5.0,14,221693.73,5,4,3,12,Loyal Customers
CUST03486,Rahul Nair,2.0,15,219937.23,5,4,3,12,Loyal Customers
CUST04179,Sneha Mehta,29.0,16,219700.51,4,5,3,12,Loyal Customers
CUST00320,Aarav Shah,23.0,17,219370.4,4,5,3,12,Loyal Customers
CUST05974,Karan Mhaske,12.0,14,218342.03,5,4,3,12,Loyal Customers
CUST02490,Pooja Singh,0.0,14,218080.99,5,4,3,12,Loyal Customers
CUST03140,Priya Patil,3.0,14,217412.4,5,4,3,12,Loyal Customers
CUST04026,Aditya Deshmukh,5.0,14,217335.24,5,4,3,12,Loyal Customers
CUST00168,Karan Verma,6.0,14,217294.83,5,4,3,12,Loyal Customers
CUST05821,Sneha Kumar,2.0,15,217189.44,5,4,3,12,Loyal Customers
CUST01535,Priya Sharma,5.0,15,216658.92,5,4,3,12,Loyal Customers
CUST01941,Ananya Nair,22.0,16,215932.08,4,5,3,12,Loyal Customers
CUST04615,Meera Kumar,1.0,15,215092.5,5,4,3,12,Loyal Customers
CUST05247,Karan Sharma,7.0,14,214944.05,5,4,3,12,Loyal Customers
CUST01265,Neha Deshmukh,12.0,15,214872.71,5,4,3,12,Loyal Customers
CUST00675,Kavya Mhaske,4.0,14,214819.72,5,4,3,12,Loyal Customers
CUST03738,Sneha Nair,1.0,15,213637.94,5,4,3,12,Loyal Customers
CUST02227,Karan Gupta,12.0,15,213364.02,5,4,3,12,Loyal Customers
CUST05726,Sneha Sharma,2.0,15,212769.17,5,4,3,12,Loyal Customers
CUST02530,Amit Mehta,36.0,18,212302.98,4,5,3,12,Loyal Customers
CUST04687,Neha Nair,7.0,14,211220.82,5,4,3,12,Loyal Customers
CUST05005,Rahul Verma,1.0,15,211033.53,5,4,3,12,Loyal Customers
CUST03397,Isha Mehta,5.0,15,209922.66,5,4,3,12,Loyal Customers
CUST04065,Rohan Deshmukh,10.0,15,209295.23,5,4,3,12,Loyal Customers
CUST05138,Pooja Shah,16.0,16,209027.95,4,5,3,12,Loyal Customers
CUST03071,Pooja Sharma,10.0,15,208985.54,5,4,3,12,Loyal Customers
CUST04641,Ananya Mhaske,4.0,14,208966.06,5,4,3,12,Loyal Customers
CUST04442,Neha Mehta,3.0,14,208400.06,5,4,3,12,Loyal Customers
CUST04582,Aarav Joshi,2.0,15,208266.2,5,4,3,12,Loyal Customers
CUST02465,Pooja Mehta,5.0,15,207298.67,5,4,3,12,Loyal Customers
CUST00101,Rohan Gupta,10.0,14,206710.27,5,4,3,12,Loyal Customers
CUST01655,Arjun Deshmukh,36.0,18,204845.63,4,5,3,12,Loyal Customers
CUST04808,Pooja Kumar,15.0,14,204689.58,5,4,3,12,Loyal Customers
CUST02074,Sneha Mehta,24.0,18,202050.93,4,5,3,12,Loyal Customers
CUST01984,Aditya Joshi,22.0,16,201833.34,4,5,3,12,Loyal Customers
CUST00910,Aditya Mehta,35.0,16,201686.31,4,5,3,12,Loyal Customers
CUST03313,Ananya Mhaske,13.0,14,201554.64,5,4,3,12,Loyal Customers
CUST05550,Neha Mhaske,13.0,15,201435.03,5,4,3,12,Loyal Customers
CUST00505,Isha Verma,4.0,15,199569.96,5,4,3,12,Loyal Customers
CUST00624,Amit Patil,36.0,16,198605.14,4,5,3,12,Loyal Customers
CUST02372,Meera Deshmukh,35.0,16,197834.11,4,5,3,12,Loyal Customers
CUST02178,Isha Mhaske,6.0,15,197339.84,5,4,3,12,Loyal Customers
CUST03737,Priya Mhaske,23.0,16,197090.91,4,5,3,12,Loyal Customers
CUST03688,Aarav Patil,20.0,16,196990.09,4,5,3,12,Loyal Customers
CUST00193,Kavya Shah,6.0,17,189553.06,5,5,2,12,Potential Loyalists
CUST01295,Arjun Deshmukh,15.0,16,182452.5,5,5,2,12,Potential Loyalists
CUST03291,Neha Verma,9.0,16,178928.58,5,5,2,12,Potential Loyalists
CUST04599,Kavya Gupta,6.0,17,169353.74,5,5,2,12,Potential Loyalists
CUST04684,Amit Nair,6.0,17,168060.27,5,5,2,12,Potential Loyalists
CUST03037,Isha Sharma,152.0,17,521696.75,1,5,5,11,At Risk
CUST04678,Aarav Patil,121.0,15,482120.93,1,5,5,11,At Risk
CUST02034,Vivaan Kumar,140.0,21,471708.23,1,5,5,11,At Risk
CUST03899,Rohan Shah,175.0,19,461366.2,1,5,5,11,At Risk
CUST01940,Kavya Shah,212.0,17,441277.12,1,5,5,11,At Risk
CUST02429,Aarav Nair,158.0,17,436473.07,1,5,5,11,At Risk
CUST02417,Pooja Nair,175.0,16,434769.24,1,5,5,11,At Risk
CUST01780,Rahul Gupta,160.0,19,429658.14,1,5,5,11,At Risk
CUST00614,Rahul Joshi,207.0,15,429409.12,1,5,5,11,At Risk
CUST01894,Aarav Deshmukh,201.0,17,427626.68,1,5,5,11,At Risk
CUST05185,Amit Gupta,147.0,19,426289.05,1,5,5,11,At Risk
CUST00234,Amit Singh,166.0,20,424936.45,1,5,5,11,At Risk
CUST04809,Amit Shah,147.0,18,424708.34,1,5,5,11,At Risk
CUST02258,Aditya Sharma,111.0,14,420711.13,2,4,5,11,At Risk
CUST02506,Pooja Patil,86.0,14,418553.33,2,4,5,11,At Risk
CUST04483,Arjun Deshmukh,177.0,27,417594.53,1,5,5,11,At Risk
CUST04481,Aditya Kumar,139.0,17,416205.22,1,5,5,11,At Risk
CUST02995,Aarav Joshi,161.0,21,409184.26,1,5,5,11,At Risk
CUST04551,Priya Patil,81.0,13,408703.82,2,4,5,11,At Risk
CUST04736,Rahul Deshmukh,139.0,23,408097.11,1,5,5,11,At Risk
CUST00959,Priya Mhaske,253.0,17,405447.85,1,5,5,11,At Risk
CUST05323,Rohan Deshmukh,178.0,19,398149.73,1,5,5,11,At Risk
CUST02499,Pooja Gupta,78.0,14,397903.08,2,4,5,11,At Risk
CUST04322,Arjun Nair,56.0,12,396267.28,3,3,5,11,Regular Customers
CUST04839,Amit Singh,89.0,13,395759.66,2,4,5,11,At Risk
CUST03697,Pooja Mehta,110.0,13,395555.99,2,4,5,11,At Risk
CUST03934,Vivaan Patil,78.0,14,394460.28,2,4,5,11,At Risk
CUST00485,Aditya Mehta,176.0,18,392757.71,1,5,5,11,At Risk
CUST05883,Vivaan Kumar,122.0,15,392330.3,1,5,5,11,At Risk
CUST02935,Arjun Singh,45.0,12,391707.59,3,3,5,11,Regular Customers
CUST03310,Rohan Mehta,193.0,16,391002.45,1,5,5,11,At Risk
CUST00456,Meera Nair,71.0,14,388918.14,2,4,5,11,At Risk
CUST04089,Vivaan Nair,67.0,14,386884.75,2,4,5,11,At Risk
CUST04673,Kavya Mhaske,189.0,16,386852.92,1,5,5,11,At Risk
CUST05391,Rohan Nair,151.0,18,385796.89,1,5,5,11,At Risk
CUST00366,Rohan Shah,121.0,19,384445.54,1,5,5,11,At Risk
CUST04761,Priya Patil,253.0,16,384251.44,1,5,5,11,At Risk
CUST05237,Neha Gupta,132.0,18,383280.03,1,5,5,11,At Risk
CUST04944,Aditya Patil,118.0,14,381816.12,2,4,5,11,At Risk
CUST02517,Karan Mehta,111.0,14,380380.95,2,4,5,11,At Risk
CUST04447,Vivaan Sharma,122.0,19,379304.89,1,5,5,11,At Risk
CUST00894,Kavya Nair,194.0,18,378932.78,1,5,5,11,At Risk
CUST03001,Aarav Nair,103.0,14,377286.07,2,4,5,11,At Risk
CUST05487,Rahul Deshmukh,149.0,16,375960.07,1,5,5,11,At Risk
CUST00537,Aditya Shah,195.0,17,373661.2,1,5,5,11,At Risk
CUST05105,Vivaan Mehta,140.0,19,373128.94,1,5,5,11,At Risk
CUST01234,Arjun Deshmukh,104.0,14,370476.8,2,4,5,11,At Risk
CUST01294,Priya Gupta,79.0,13,368417.07,2,4,5,11,At Risk
CUST03999,Meera Kumar,151.0,15,367828.32,1,5,5,11,At Risk
CUST00427,Neha Singh,142.0,15,367304.44,1,5,5,11,At Risk
CUST05681,Sneha Kumar,192.0,16,365797.21,1,5,5,11,At Risk
CUST00879,Priya Patil,68.0,14,365466.6,2,4,5,11,At Risk
CUST00595,Isha Mehta,72.0,13,365071.7,2,4,5,11,At Risk
CUST02637,Sneha Shah,67.0,13,364265.23,2,4,5,11,At Risk
CUST02122,Rahul Mhaske,104.0,14,363495.7,2,4,5,11,At Risk
CUST00228,Kavya Shah,167.0,19,362984.07,1,5,5,11,At Risk
CUST02891,Isha Singh,121.0,19,362027.47,1,5,5,11,At Risk
CUST00223,Vivaan Mehta,76.0,13,361864.0,2,4,5,11,At Risk
CUST01687,Ananya Mehta,102.0,14,360486.27,2,4,5,11,At Risk
CUST00520,Rahul Mehta,193.0,17,360118.8,1,5,5,11,At Risk
CUST04866,Karan Joshi,135.0,19,360108.98,1,5,5,11,At Risk
CUST00295,Meera Kumar,67.0,13,358777.42,2,4,5,11,At Risk
CUST01598,Kavya Gupta,159.0,17,358417.24,1,5,5,11,At Risk
CUST01211,Amit Deshmukh,101.0,14,357159.8,2,4,5,11,At Risk
CUST01839,Rohan Gupta,130.0,15,356780.45,1,5,5,11,At Risk
CUST01396,Karan Nair,151.0,18,356024.4,1,5,5,11,At Risk
CUST04282,Vivaan Shah,101.0,14,354739.68,2,4,5,11,At Risk
CUST05101,Priya Shah,128.0,16,353636.62,1,5,5,11,At Risk
CUST00466,Ananya Gupta,177.0,17,353589.96,1,5,5,11,At Risk
CUST04935,Ananya Gupta,166.0,16,353138.83,1,5,5,11,At Risk
CUST00232,Isha Sharma,123.0,19,348432.92,1,5,5,11,At Risk
CUST04083,Karan Kumar,45.0,12,348210.18,3,3,5,11,Regular Customers
CUST03317,Aditya Mhaske,250.0,15,348060.49,1,5,5,11,At Risk
CUST05716,Vivaan Verma,127.0,16,347494.28,1,5,5,11,At Risk
CUST00521,Vivaan Nair,145.0,18,347426.27,1,5,5,11,At Risk
CUST04307,Rahul Gupta,89.0,13,346540.56,2,4,5,11,At Risk
CUST02000,Isha Mehta,122.0,17,345513.01,1,5,5,11,At Risk
CUST02279,Sneha Nair,111.0,14,345462.88,2,4,5,11,At Risk
CUST01506,Meera Singh,76.0,14,345290.76,2,4,5,11,At Risk
CUST03004,Kavya Gupta,130.0,15,344238.43,1,5,5,11,At Risk
CUST01365,Priya Joshi,48.0,12,343830.67,3,3,5,11,Regular Customers
CUST02690,Pooja Patil,108.0,13,343571.32,2,4,5,11,At Risk
CUST02319,Vivaan Deshmukh,128.0,19,341212.29,1,5,5,11,At Risk
CUST05881,Amit Verma,135.0,18,338129.58,1,5,5,11,At Risk
CUST00724,Neha Deshmukh,184.0,15,337990.33,1,5,5,11,At Risk
CUST03156,Rahul Verma,199.0,15,336998.68,1,5,5,11,At Risk
CUST04100,Aditya Kumar,159.0,15,335502.19,1,5,5,11,At Risk
CUST01698,Pooja Patil,47.0,12,335331.41,3,3,5,11,Regular Customers
CUST03054,Amit Joshi,99.0,15,334867.95,2,4,5,11,At Risk
CUST02940,Aditya Verma,80.0,13,334273.73,2,4,5,11,At Risk
CUST03142,Vivaan Mhaske,166.0,19,332057.93,1,5,5,11,At Risk
CUST01619,Karan Verma,120.0,15,330086.28,2,4,5,11,At Risk
CUST01548,Vivaan Mehta,70.0,13,329674.66,2,4,5,11,At Risk
CUST03987,Isha Shah,48.0,11,329246.36,3,3,5,11,Regular Customers
CUST04719,Sneha Singh,35.0,11,329229.32,4,2,5,11,Potential Loyalists
CUST04075,Sneha Joshi,85.0,14,327631.42,2,4,5,11,At Risk
CUST05032,Isha Shah,68.0,15,327115.26,2,4,5,11,At Risk
CUST03938,Neha Kumar,74.0,15,326752.23,2,4,5,11,At Risk
CUST01198,Meera Nair,94.0,14,326355.8,2,4,5,11,At Risk
CUST05630,Rohan Verma,118.0,13,326176.0,2,4,5,11,At Risk
CUST01790,Ananya Deshmukh,67.0,13,325916.73,2,4,5,11,At Risk
CUST03983,Aditya Mhaske,122.0,16,325696.18,1,5,5,11,At Risk
CUST02124,Kavya Sharma,87.0,14,325607.23,2,4,5,11,At Risk
CUST03422,Pooja Nair,70.0,15,325489.36,2,4,5,11,At Risk
CUST02834,Kavya Mehta,77.0,15,325204.22,2,4,5,11,At Risk
CUST03260,Pooja Patil,210.0,17,324706.45,1,5,5,11,At Risk
CUST04572,Neha Singh,29.0,9,324247.58,4,2,5,11,Potential Loyalists
CUST03278,Neha Shah,57.0,12,323701.49,3,3,5,11,Regular Customers
CUST00560,Priya Kumar,31.0,10,323454.74,4,2,5,11,Potential Loyalists
CUST01067,Pooja Deshmukh,95.0,13,323247.72,2,4,5,11,At Risk
CUST00266,Neha Shah,91.0,13,321973.83,2,4,5,11,At Risk
CUST05060,Vivaan Nair,27.0,10,321688.57,4,2,5,11,Potential Loyalists
CUST02121,Rohan Sharma,108.0,13,321602.97,2,4,5,11,At Risk
CUST03136,Neha Patil,186.0,18,321130.46,1,5,5,11,At Risk
CUST05793,Vivaan Deshmukh,99.0,15,320822.75,2,4,5,11,At Risk
CUST04776,Kavya Shah,77.0,14,320254.36,2,4,5,11,At Risk
CUST00660,Arjun Mehta,102.0,14,318816.8,2,4,5,11,At Risk
CUST01855,Kavya Patil,18.0,10,318343.48,4,2,5,11,Potential Loyalists
CUST04015,Priya Singh,136.0,16,317980.87,1,5,5,11,At Risk
CUST01796,Isha Nair,75.0,14,317639.5,2,4,5,11,At Risk
CUST00496,Karan Deshmukh,116.0,15,316978.57,2,4,5,11,At Risk
CUST01717,Karan Singh,94.0,13,316569.12,2,4,5,11,At Risk
CUST00449,Pooja Mehta,62.0,12,315213.07,3,3,5,11,Regular Customers
CUST03314,Vivaan Singh,122.0,16,314897.96,1,5,5,11,At Risk
CUST05599,Vivaan Shah,67.0,13,314736.75,2,4,5,11,At Risk
CUST05584,Priya Deshmukh,134.0,19,314205.0,1,5,5,11,At Risk
CUST00948,Pooja Verma,35.0,10,314148.14,4,2,5,11,Potential Loyalists
CUST05053,Meera Deshmukh,136.0,17,313894.63,1,5,5,11,At Risk
CUST02849,Meera Gupta,220.0,16,313323.03,1,5,5,11,At Risk
CUST00111,Amit Kumar,101.0,13,312933.08,2,4,5,11,At Risk
CUST05139,Isha Shah,73.0,15,312753.51,2,4,5,11,At Risk
CUST04795,Aditya Sharma,119.0,14,311905.2,2,4,5,11,At Risk
CUST02094,Vivaan Kumar,72.0,13,311770.21,2,4,5,11,At Risk
CUST05493,Arjun Patil,101.0,14,311725.77,2,4,5,11,At Risk
CUST05098,Aditya Nair,107.0,14,311208.67,2,4,5,11,At Risk
CUST01055,Aarav Kumar,93.0,13,311001.16,2,4,5,11,At Risk
CUST05977,Vivaan Nair,96.0,15,310813.01,2,4,5,11,At Risk
CUST02825,Isha Singh,88.0,15,310808.59,2,4,5,11,At Risk
CUST05083,Priya Patil,80.0,14,310641.37,2,4,5,11,At Risk
CUST00960,Amit Joshi,105.0,15,309999.71,2,4,5,11,At Risk
CUST03832,Ananya Mhaske,119.0,14,309341.87,2,4,5,11,At Risk
CUST02928,Rohan Verma,149.0,17,309064.6,1,5,5,11,At Risk
CUST00477,Amit Nair,67.0,13,309014.52,2,4,5,11,At Risk
CUST04561,Priya Mhaske,119.0,14,308620.62,2,4,5,11,At Risk
CUST00325,Meera Nair,64.0,12,308007.73,3,3,5,11,Regular Customers
CUST05968,Ananya Shah,83.0,15,307222.15,2,4,5,11,At Risk
CUST02923,Vivaan Verma,98.0,13,306841.2,2,4,5,11,At Risk
CUST04291,Karan Patil,42.0,12,306799.48,3,3,5,11,Regular Customers
CUST04621,Aarav Deshmukh,35.0,11,306793.92,4,2,5,11,Potential Loyalists
CUST00219,Aarav Joshi,305.0,16,306523.39,1,5,5,11,At Risk
CUST03531,Aarav Gupta,143.0,16,306189.99,1,5,5,11,At Risk
CUST01697,Aarav Gupta,99.0,13,305964.38,2,4,5,11,At Risk
CUST02875,Pooja Joshi,88.0,15,305927.28,2,4,5,11,At Risk
CUST00996,Vivaan Nair,43.0,12,305728.8,3,3,5,11,Regular Customers
CUST00585,Aditya Shah,217.0,16,305636.46,1,5,5,11,At Risk
CUST05783,Rahul Mehta,29.0,11,305212.75,4,2,5,11,Potential Loyalists
CUST05567,Rahul Kumar,94.0,13,304454.87,2,4,5,11,At Risk
CUST03205,Pooja Shah,123.0,17,303987.09,1,5,5,11,At Risk
CUST00558,Rohan Mhaske,88.0,14,303188.01,2,4,5,11,At Risk
CUST00371,Arjun Gupta,91.0,13,301802.58,2,4,5,11,At Risk
CUST02147,Karan Patil,87.0,15,301688.31,2,4,5,11,At Risk
CUST05137,Aditya Singh,62.0,12,301395.4,3,3,5,11,Regular Customers
CUST05824,Isha Patil,130.0,18,301325.55,1,5,5,11,At Risk
CUST00715,Isha Nair,82.0,14,301316.21,2,4,5,11,At Risk
CUST02177,Isha Shah,88.0,13,301244.36,2,4,5,11,At Risk
CUST03977,Rahul Patil,96.0,13,301058.69,2,4,5,11,At Risk
CUST01871,Meera Patil,79.0,13,300649.28,2,4,5,11,At Risk
CUST05097,Neha Sharma,78.0,15,300139.78,2,4,5,11,At Risk
CUST01137,Pooja Mehta,111.0,14,299898.92,2,4,5,11,At Risk
CUST00525,Rohan Shah,253.0,16,299712.96,1,5,5,11,At Risk
CUST02633,Aditya Kumar,160.0,16,299685.37,1,5,5,11,At Risk
CUST03072,Amit Kumar,41.0,14,298715.2,3,4,4,11,Loyal Customers
CUST01667,Meera Nair,17.0,12,298120.07,4,3,4,11,Potential Loyalists
CUST02404,Aarav Sharma,61.0,15,297321.25,3,4,4,11,Loyal Customers
CUST05220,Meera Kumar,42.0,14,296452.76,3,4,4,11,Loyal Customers
CUST00532,Isha Shah,54.0,15,296435.88,3,4,4,11,Loyal Customers
CUST03214,Rahul Patil,85.0,18,296257.4,2,5,4,11,At Risk
CUST00788,Amit Mehta,18.0,12,296129.96,4,3,4,11,Potential Loyalists
CUST01807,Karan Shah,63.0,15,295842.6,3,4,4,11,Loyal Customers
CUST02768,Kavya Kumar,63.0,14,295568.63,3,4,4,11,Loyal Customers
CUST03360,Aarav Kumar,77.0,20,295440.88,2,5,4,11,At Risk
CUST00955,Pooja Kumar,51.0,13,295042.45,3,4,4,11,Loyal Customers
CUST05008,Karan Mhaske,45.0,15,294621.75,3,4,4,11,Loyal Customers
CUST01352,Neha Mehta,102.0,17,294443.38,2,5,4,11,At Risk
CUST00209,Karan Sharma,20.0,12,294153.75,4,3,4,11,Potential Loyalists
CUST04000,Isha Singh,32.0,12,293245.61,4,3,4,11,Potential Loyalists
CUST05765,Meera Kumar,16.0,12,293094.79,4,3,4,11,Potential Loyalists
CUST00357,Amit Mhaske,20.0,12,292765.15,4,3,4,11,Potential Loyalists
CUST03316,Rahul Sharma,52.0,13,292559.02,3,4,4,11,Loyal Customers
CUST00292,Aarav Singh,58.0,15,291939.51,3,4,4,11,Loyal Customers
CUST02062,Isha Mhaske,89.0,19,291712.85,2,5,4,11,At Risk
CUST02736,Priya Patil,91.0,18,291358.24,2,5,4,11,At Risk
CUST04700,Isha Verma,52.0,15,290957.35,3,4,4,11,Loyal Customers
CUST03736,Rohan Singh,27.0,12,290860.16,4,3,4,11,Potential Loyalists
CUST05208,Rahul Shah,89.0,16,290665.84,2,5,4,11,At Risk
CUST00363,Sneha Patil,90.0,16,290398.95,2,5,4,11,At Risk
CUST00075,Meera Mehta,26.0,12,289943.7,4,3,4,11,Potential Loyalists
CUST01371,Amit Verma,58.0,15,289862.14,3,4,4,11,Loyal Customers
CUST04258,Priya Mehta,68.0,16,289748.33,2,5,4,11,At Risk
CUST04570,Aarav Deshmukh,39.0,15,289730.06,3,4,4,11,Loyal Customers
CUST01832,Arjun Patil,110.0,16,287218.18,2,5,4,11,At Risk
CUST05020,Vivaan Patil,54.0,15,286978.42,3,4,4,11,Loyal Customers
CUST03194,Aditya Shah,100.0,16,286199.38,2,5,4,11,At Risk
CUST05061,Sneha Nair,65.0,15,285819.51,3,4,4,11,Loyal Customers
CUST04552,Pooja Singh,65.0,13,285260.9,3,4,4,11,Loyal Customers
CUST04835,Arjun Patil,47.0,14,284965.1,3,4,4,11,Loyal Customers
CUST05778,Neha Mehta,87.0,19,284759.82,2,5,4,11,At Risk
CUST00226,Priya Joshi,69.0,17,284102.83,2,5,4,11,At Risk
CUST05313,Isha Deshmukh,76.0,16,283878.35,2,5,4,11,At Risk
CUST04789,Amit Singh,64.0,13,283074.49,3,4,4,11,Loyal Customers
CUST01705,Meera Deshmukh,90.0,20,282526.42,2,5,4,11,At Risk
CUST05690,Karan Mhaske,47.0,14,282384.34,3,4,4,11,Loyal Customers
CUST03679,Pooja Deshmukh,104.0,17,282382.41,2,5,4,11,At Risk
CUST05070,Pooja Deshmukh,9.0,11,282228.64,5,2,4,11,Potential Loyalists
CUST02814,Isha Joshi,62.0,13,282207.67,3,4,4,11,Loyal Customers
CUST05150,Pooja Deshmukh,76.0,17,282121.53,2,5,4,11,At Risk
CUST05912,Priya Mhaske,39.0,14,281520.51,3,4,4,11,Loyal Customers
CUST01542,Ananya Gupta,65.0,15,281437.08,3,4,4,11,Loyal Customers
CUST05142,Pooja Sharma,70.0,18,280804.95,2,5,4,11,At Risk
CUST03042,Neha Verma,87.0,18,280747.91,2,5,4,11,At Risk
CUST05678,Kavya Sharma,39.0,15,280480.2,3,4,4,11,Loyal Customers
CUST00931,Amit Patil,14.0,11,280228.25,5,2,4,11,Potential Loyalists
CUST04249,Isha Deshmukh,53.0,14,279328.03,3,4,4,11,Loyal Customers
CUST02608,Vivaan Gupta,79.0,17,279237.14,2,5,4,11,At Risk
CUST00713,Rohan Gupta,52.0,15,279077.14,3,4,4,11,Loyal Customers
CUST00040,Amit Nair,69.0,16,278680.67,2,5,4,11,At Risk
CUST00110,Amit Mhaske,22.0,12,278658.39,4,3,4,11,Potential Loyalists
CUST01664,Priya Sharma,38.0,14,278534.71,3,4,4,11,Loyal Customers
CUST00478,Isha Mhaske,46.0,13,278501.16,3,4,4,11,Loyal Customers
CUST01185,Arjun Patil,53.0,14,276918.79,3,4,4,11,Loyal Customers
CUST03135,Neha Nair,0.0,10,276679.86,5,2,4,11,Potential Loyalists
CUST00884,Ananya Nair,62.0,14,276501.09,3,4,4,11,Loyal Customers
CUST02746,Ananya Kumar,73.0,19,276129.09,2,5,4,11,At Risk
CUST04302,Ananya Patil,72.0,16,275826.12,2,5,4,11,At Risk
CUST05512,Sneha Singh,85.0,17,275620.77,2,5,4,11,At Risk
CUST04188,Rohan Verma,74.0,16,275604.3,2,5,4,11,At Risk
CUST04327,Aditya Singh,36.0,12,275464.49,4,3,4,11,Potential Loyalists
CUST00569,Ananya Joshi,39.0,15,274767.65,3,4,4,11,Loyal Customers
CUST01038,Sneha Gupta,89.0,16,274685.51,2,5,4,11,At Risk
CUST02493,Neha Shah,54.0,15,274681.49,3,4,4,11,Loyal Customers
CUST05813,Aarav Joshi,31.0,13,273866.4,4,3,4,11,Potential Loyalists
CUST04863,Rahul Deshmukh,26.0,13,273478.89,4,3,4,11,Potential Loyalists
CUST03163,Vivaan Mehta,40.0,15,272898.49,3,4,4,11,Loyal Customers
CUST03350,Priya Deshmukh,5.0,11,272364.3,5,2,4,11,Potential Loyalists
CUST05143,Meera Shah,14.0,10,272265.06,5,2,4,11,Potential Loyalists
CUST05758,Pooja Nair,58.0,15,272139.57,3,4,4,11,Loyal Customers
CUST03085,Priya Mehta,29.0,13,271908.54,4,3,4,11,Potential Loyalists
CUST02351,Meera Verma,0.0,11,271613.95,5,2,4,11,Potential Loyalists
CUST04537,Priya Shah,33.0,12,271543.89,4,3,4,11,Potential Loyalists
CUST05805,Isha Kumar,116.0,17,271442.33,2,5,4,11,At Risk
CUST04057,Kavya Deshmukh,79.0,16,271437.54,2,5,4,11,At Risk
CUST04231,Kavya Kumar,15.0,11,271238.79,5,2,4,11,Potential Loyalists
CUST03554,Pooja Mehta,32.0,13,271174.05,4,3,4,11,Potential Loyalists
CUST01415,Priya Deshmukh,32.0,12,271022.8,4,3,4,11,Potential Loyalists
CUST00141,Amit Gupta,61.0,15,270830.71,3,4,4,11,Loyal Customers
CUST02824,Ananya Patil,85.0,18,270591.41,2,5,4,11,At Risk
CUST04701,Aarav Shah,16.0,13,270580.59,4,3,4,11,Potential Loyalists
CUST03207,Amit Patil,5.0,11,270565.91,5,2,4,11,Potential Loyalists
CUST05501,Priya Joshi,55.0,14,269900.56,3,4,4,11,Loyal Customers
CUST02557,Aarav Mhaske,32.0,13,269769.33,4,3,4,11,Potential Loyalists
CUST02480,Kavya Verma,78.0,16,269453.88,2,5,4,11,At Risk
CUST01019,Priya Shah,72.0,17,268993.02,2,5,4,11,At Risk
CUST03548,Rohan Nair,31.0,13,268766.97,4,3,4,11,Potential Loyalists
CUST04118,Karan Shah,40.0,14,268741.32,3,4,4,11,Loyal Customers
CUST05543,Kavya Patil,98.0,16,268203.22,2,5,4,11,At Risk
CUST02888,Karan Singh,70.0,16,267382.21,2,5,4,11,At Risk
CUST02228,Ananya Patil,78.0,16,267149.29,2,5,4,11,At Risk
CUST03439,Karan Shah,41.0,14,266299.6,3,4,4,11,Loyal Customers
CUST04369,Aditya Gupta,65.0,14,266226.9,3,4,4,11,Loyal Customers
CUST03192,Arjun Nair,10.0,10,266156.66,5,2,4,11,Potential Loyalists
CUST05294,Priya Patil,22.0,13,266016.54,4,3,4,11,Potential Loyalists
CUST02585,Aarav Patil,3.0,10,265932.78,5,2,4,11,Potential Loyalists
CUST03174,Aarav Deshmukh,26.0,13,265928.49,4,3,4,11,Potential Loyalists
CUST05460,Rohan Mhaske,57.0,15,265701.58,3,4,4,11,Loyal Customers
CUST05112,Aarav Joshi,48.0,14,265416.24,3,4,4,11,Loyal Customers
CUST02861,Sneha Nair,48.0,14,265318.48,3,4,4,11,Loyal Customers
CUST05269,Pooja Mhaske,14.0,11,265094.26,5,2,4,11,Potential Loyalists
CUST00029,Aarav Nair,51.0,15,264915.73,3,4,4,11,Loyal Customers
CUST02764,Neha Verma,68.0,16,264371.81,2,5,4,11,At Risk
CUST02467,Aarav Kumar,45.0,15,264141.69,3,4,4,11,Loyal Customers
CUST05401,Vivaan Singh,42.0,14,263761.05,3,4,4,11,Loyal Customers
CUST00761,Pooja Gupta,19.0,12,263268.23,4,3,4,11,Potential Loyalists
CUST00180,Vivaan Mhaske,107.0,17,262819.76,2,5,4,11,At Risk
CUST03446,Isha Sharma,39.0,15,262717.29,3,4,4,11,Loyal Customers
CUST03171,Meera Kumar,26.0,12,262513.98,4,3,4,11,Potential Loyalists
CUST03294,Ananya Verma,0.0,11,262481.34,5,2,4,11,Potential Loyalists
CUST02726,Aarav Sharma,29.0,13,262382.58,4,3,4,11,Potential Loyalists
CUST01653,Rahul Gupta,98.0,16,262300.65,2,5,4,11,At Risk
CUST05258,Aditya Singh,7.0,10,261437.28,5,2,4,11,Potential Loyalists
CUST00108,Sneha Verma,17.0,13,261341.45,4,3,4,11,Potential Loyalists
CUST00621,Vivaan Singh,48.0,15,261331.13,3,4,4,11,Loyal Customers
CUST04769,Ananya Mhaske,33.0,13,261319.68,4,3,4,11,Potential Loyalists
CUST04044,Rohan Gupta,52.0,15,261163.19,3,4,4,11,Loyal Customers
CUST00025,Rahul Deshmukh,43.0,15,261016.04,3,4,4,11,Loyal Customers
CUST04632,Sneha Shah,44.0,14,260977.79,3,4,4,11,Loyal Customers
CUST03887,Ananya Mehta,3.0,11,259871.91,5,2,4,11,Potential Loyalists
CUST03005,Meera Mehta,33.0,13,259809.25,4,3,4,11,Potential Loyalists
CUST05438,Karan Gupta,66.0,14,259667.59,3,4,4,11,Loyal Customers
CUST02843,Vivaan Deshmukh,44.0,14,259416.93,3,4,4,11,Loyal Customers
CUST05838,Meera Singh,41.0,14,258846.68,3,4,4,11,Loyal Customers
CUST03369,Priya Verma,13.0,11,258372.9,5,2,4,11,Potential Loyalists
CUST05326,Pooja Patil,22.0,13,258254.83,4,3,4,11,Potential Loyalists
CUST03607,Aditya Verma,16.0,13,258177.2,4,3,4,11,Potential Loyalists
CUST05015,Rohan Kumar,74.0,17,258021.03,2,5,4,11,At Risk
CUST03538,Meera Sharma,21.0,13,257959.29,4,3,4,11,Potential Loyalists
CUST01442,Rohan Deshmukh,28.0,12,257414.68,4,3,4,11,Potential Loyalists
CUST02838,Vivaan Verma,50.0,15,257330.53,3,4,4,11,Loyal Customers
CUST04152,Neha Singh,30.0,12,256753.04,4,3,4,11,Potential Loyalists
CUST00918,Amit Deshmukh,34.0,12,256715.88,4,3,4,11,Potential Loyalists
CUST03111,Kavya Gupta,57.0,14,256648.56,3,4,4,11,Loyal Customers
CUST02981,Karan Kumar,17.0,12,256403.44,4,3,4,11,Potential Loyalists
CUST02014,Sneha Nair,109.0,17,256138.04,2,5,4,11,At Risk
CUST04472,Rohan Gupta,58.0,14,255997.06,3,4,4,11,Loyal Customers
CUST02067,Kavya Verma,63.0,14,255747.79,3,4,4,11,Loyal Customers
CUST05146,Kavya Mehta,50.0,14,255571.2,3,4,4,11,Loyal Customers
CUST02322,Priya Gupta,33.0,12,255347.74,4,3,4,11,Potential Loyalists
CUST00230,Priya Gupta,82.0,17,255242.7,2,5,4,11,At Risk
CUST03143,Rohan Mehta,2.0,10,255198.62,5,2,4,11,Potential Loyalists
CUST03661,Kavya Gupta,38.0,14,255153.23,3,4,4,11,Loyal Customers
CUST00553,Karan Mhaske,62.0,14,255100.87,3,4,4,11,Loyal Customers
CUST04870,Neha Sharma,44.0,14,254974.29,3,4,4,11,Loyal Customers
CUST04943,Sneha Mehta,30.0,13,254719.55,4,3,4,11,Potential Loyalists
CUST04045,Vivaan Deshmukh,73.0,17,254430.9,2,5,4,11,At Risk
CUST01141,Karan Joshi,16.0,13,254296.75,4,3,4,11,Potential Loyalists
CUST01081,Sneha Kumar,96.0,16,254266.31,2,5,4,11,At Risk
CUST05945,Neha Gupta,24.0,12,254177.22,4,3,4,11,Potential Loyalists
CUST02667,Isha Verma,23.0,12,253862.21,4,3,4,11,Potential Loyalists
CUST03884,Rahul Patil,31.0,12,253798.79,4,3,4,11,Potential Loyalists
CUST03237,Priya Singh,57.0,15,252668.7,3,4,4,11,Loyal Customers
CUST05518,Aditya Nair,73.0,17,252474.09,2,5,4,11,At Risk
CUST03091,Ananya Patil,50.0,15,252443.43,3,4,4,11,Loyal Customers
CUST02681,Rohan Shah,106.0,17,252402.8,2,5,4,11,At Risk
CUST03729,Karan Gupta,29.0,13,252163.69,4,3,4,11,Potential Loyalists
CUST04978,Arjun Patil,27.0,12,252096.62,4,3,4,11,Potential Loyalists
CUST05508,Pooja Deshmukh,63.0,15,251944.2,3,4,4,11,Loyal Customers
CUST02192,Rohan Sharma,25.0,12,251909.52,4,3,4,11,Potential Loyalists
CUST05356,Aarav Joshi,115.0,16,251908.5,2,5,4,11,At Risk
CUST01018,Neha Nair,18.0,13,251785.22,4,3,4,11,Potential Loyalists
CUST02628,Rohan Singh,74.0,17,251488.51,2,5,4,11,At Risk
CUST03536,Ananya Mehta,25.0,13,251436.47,4,3,4,11,Potential Loyalists
CUST00741,Pooja Mehta,22.0,12,251240.5,4,3,4,11,Potential Loyalists
CUST04733,Aarav Deshmukh,2.0,10,251152.98,5,2,4,11,Potential Loyalists
CUST03456,Priya Patil,29.0,13,250954.13,4,3,4,11,Potential Loyalists
CUST00822,Isha Gupta,4.0,11,250938.73,5,2,4,11,Potential Loyalists
CUST04735,Karan Shah,91.0,16,250874.97,2,5,4,11,At Risk
CUST04399,Karan Deshmukh,23.0,12,250767.37,4,3,4,11,Potential Loyalists
CUST04024,Meera Sharma,21.0,12,250469.6,4,3,4,11,Potential Loyalists
CUST05338,Arjun Deshmukh,75.0,16,250334.64,2,5,4,11,At Risk
CUST05938,Aditya Gupta,29.0,12,250249.07,4,3,4,11,Potential Loyalists
CUST05709,Ananya Nair,26.0,12,250058.07,4,3,4,11,Potential Loyalists
CUST05822,Priya Deshmukh,45.0,14,250041.14,3,4,4,11,Loyal Customers
CUST04173,Sneha Shah,57.0,15,249511.87,3,4,4,11,Loyal Customers
CUST05242,Isha Verma,20.0,13,249116.92,4,3,4,11,Potential Loyalists
CUST05047,Arjun Patil,7.0,11,249079.32,5,2,4,11,Potential Loyalists
CUST05558,Arjun Deshmukh,42.0,15,248654.06,3,4,4,11,Loyal Customers
CUST03344,Meera Joshi,25.0,12,248205.3,4,3,4,11,Potential Loyalists
CUST04081,Meera Kumar,47.0,15,247297.66,3,4,4,11,Loyal Customers
CUST05026,Meera Verma,33.0,12,247235.85,4,3,4,11,Potential Loyalists
CUST00447,Karan Singh,95.0,20,247116.65,2,5,4,11,At Risk
CUST01128,Arjun Deshmukh,39.0,14,246377.78,3,4,4,11,Loyal Customers
CUST05473,Isha Deshmukh,36.0,13,246099.27,4,3,4,11,Potential Loyalists
CUST03463,Vivaan Kumar,64.0,14,245790.24,3,4,4,11,Loyal Customers
CUST01825,Aditya Singh,23.0,13,245727.41,4,3,4,11,Potential Loyalists
CUST00271,Aarav Sharma,28.0,12,245485.14,4,3,4,11,Potential Loyalists
CUST01735,Aarav Joshi,24.0,13,244970.98,4,3,4,11,Potential Loyalists
CUST04922,Amit Mhaske,86.0,16,244952.15,2,5,4,11,At Risk
CUST02850,Isha Nair,100.0,18,244809.33,2,5,4,11,At Risk
CUST05249,Amit Gupta,1.0,11,244664.35,5,2,4,11,Potential Loyalists
CUST00353,Rohan Gupta,64.0,15,244431.84,3,4,4,11,Loyal Customers
CUST05130,Priya Nair,76.0,17,243280.52,2,5,4,11,At Risk
CUST03128,Karan Gupta,58.0,14,243232.6,3,4,4,11,Loyal Customers
CUST02868,Arjun Sharma,50.0,14,243169.62,3,4,4,11,Loyal Customers
CUST05607,Sneha Deshmukh,62.0,14,242933.92,3,4,4,11,Loyal Customers
CUST02960,Meera Sharma,22.0,14,242665.66,4,4,3,11,Loyal Customers
CUST02722,Priya Kumar,7.0,13,242472.32,5,3,3,11,Potential Loyalists
CUST05035,Pooja Shah,53.0,19,242460.06,3,5,3,11,Loyal Customers
CUST04311,Pooja Mhaske,37.0,14,242213.77,4,4,3,11,Loyal Customers
CUST02759,Ananya Shah,12.0,12,241912.34,5,3,3,11,Potential Loyalists
CUST03197,Isha Deshmukh,11.0,12,241765.72,5,3,3,11,Potential Loyalists
CUST05260,Rahul Joshi,21.0,14,241684.21,4,4,3,11,Loyal Customers
CUST00601,Karan Singh,16.0,15,241469.38,4,4,3,11,Loyal Customers
CUST05205,Kavya Verma,34.0,14,241392.74,4,4,3,11,Loyal Customers
CUST04504,Arjun Nair,36.0,15,241098.18,4,4,3,11,Loyal Customers
CUST05510,Karan Kumar,59.0,19,240721.8,3,5,3,11,Loyal Customers
CUST03346,Aarav Kumar,13.0,13,240539.96,5,3,3,11,Potential Loyalists
CUST03351,Karan Mhaske,54.0,16,240194.61,3,5,3,11,Loyal Customers
CUST05414,Karan Joshi,27.0,14,239901.17,4,4,3,11,Loyal Customers
CUST05182,Aditya Joshi,36.0,14,239602.93,4,4,3,11,Loyal Customers
CUST00241,Sneha Singh,1.0,12,239139.02,5,3,3,11,Potential Loyalists
CUST00855,Sneha Mhaske,33.0,14,238592.34,4,4,3,11,Loyal Customers
CUST01004,Rahul Deshmukh,12.0,13,238186.14,5,3,3,11,Potential Loyalists
CUST02301,Sneha Patil,37.0,15,238180.37,4,4,3,11,Loyal Customers
CUST01285,Meera Gupta,22.0,14,238042.42,4,4,3,11,Loyal Customers
CUST00751,Karan Sharma,16.0,14,237735.44,4,4,3,11,Loyal Customers
CUST01333,Rahul Shah,64.0,18,237598.61,3,5,3,11,Loyal Customers
CUST00130,Vivaan Verma,5.0,12,237111.32,5,3,3,11,Potential Loyalists
CUST00854,Pooja Verma,25.0,15,236723.69,4,4,3,11,Loyal Customers
CUST01042,Neha Singh,16.0,14,236715.84,4,4,3,11,Loyal Customers
CUST05270,Amit Nair,35.0,15,236572.94,4,4,3,11,Loyal Customers
CUST00294,Priya Sharma,24.0,14,236455.54,4,4,3,11,Loyal Customers
CUST01458,Meera Joshi,54.0,16,236374.05,3,5,3,11,Loyal Customers
CUST01588,Sneha Gupta,5.0,12,236341.73,5,3,3,11,Potential Loyalists
CUST03481,Isha Kumar,31.0,14,236341.03,4,4,3,11,Loyal Customers
CUST05844,Isha Verma,31.0,15,236339.4,4,4,3,11,Loyal Customers
CUST04037,Amit Singh,31.0,15,235814.13,4,4,3,11,Loyal Customers
CUST01421,Karan Patil,44.0,16,235710.85,3,5,3,11,Loyal Customers
CUST03931,Meera Kumar,16.0,15,235673.58,4,4,3,11,Loyal Customers
CUST02710,Ananya Singh,31.0,14,235554.17,4,4,3,11,Loyal Customers
CUST02142,Rahul Kumar,9.0,13,235409.33,5,3,3,11,Potential Loyalists
CUST04577,Arjun Sharma,20.0,14,235161.64,4,4,3,11,Loyal Customers
CUST04778,Neha Sharma,32.0,15,234911.88,4,4,3,11,Loyal Customers
CUST02962,Neha Singh,1.0,13,234909.25,5,3,3,11,Potential Loyalists
CUST01429,Rohan Mehta,37.0,14,234621.65,4,4,3,11,Loyal Customers
CUST00665,Meera Singh,46.0,18,234566.71,3,5,3,11,Loyal Customers
CUST01686,Vivaan Joshi,55.0,19,234528.01,3,5,3,11,Loyal Customers
CUST05830,Aarav Verma,18.0,15,233957.87,4,4,3,11,Loyal Customers
CUST05624,Aarav Mehta,28.0,14,233602.78,4,4,3,11,Loyal Customers
CUST04167,Isha Mhaske,12.0,13,233534.92,5,3,3,11,Potential Loyalists
CUST03792,Pooja Joshi,25.0,14,233393.67,4,4,3,11,Loyal Customers
CUST02235,Vivaan Kumar,25.0,14,233311.62,4,4,3,11,Loyal Customers
CUST01978,Karan Deshmukh,31.0,15,233091.95,4,4,3,11,Loyal Customers
CUST04834,Karan Mehta,31.0,15,232816.07,4,4,3,11,Loyal Customers
CUST05345,Pooja Patil,55.0,18,232003.92,3,5,3,11,Loyal Customers
CUST05121,Karan Patil,15.0,13,231430.2,5,3,3,11,Potential Loyalists
CUST01804,Rahul Mehta,34.0,14,229142.75,4,4,3,11,Loyal Customers
CUST00925,Amit Mhaske,0.0,13,228909.33,5,3,3,11,Potential Loyalists
CUST04133,Meera Verma,48.0,18,228826.94,3,5,3,11,Loyal Customers
CUST05405,Meera Mehta,38.0,16,228474.8,3,5,3,11,Loyal Customers
CUST04821,Amit Mehta,1.0,12,228289.51,5,3,3,11,Potential Loyalists
CUST03652,Rohan Singh,13.0,13,228159.77,5,3,3,11,Potential Loyalists
CUST00987,Meera Mhaske,17.0,14,227884.27,4,4,3,11,Loyal Customers
CUST00795,Rahul Singh,17.0,14,227867.81,4,4,3,11,Loyal Customers
CUST05304,Pooja Gupta,22.0,14,227350.76,4,4,3,11,Loyal Customers
CUST05408,Isha Shah,57.0,16,227053.29,3,5,3,11,Loyal Customers
CUST00480,Rohan Mhaske,27.0,15,226983.1,4,4,3,11,Loyal Customers
CUST00487,Meera Sharma,9.0,12,226895.07,5,3,3,11,Potential Loyalists
CUST03715,Meera Mehta,26.0,14,226864.28,4,4,3,11,Loyal Customers
CUST02632,Isha Shah,23.0,14,226758.54,4,4,3,11,Loyal Customers
CUST04370,Neha Singh,2.0,13,226720.68,5,3,3,11,Potential Loyalists
CUST01434,Aditya Kumar,3.0,13,226719.76,5,3,3,11,Potential Loyalists
CUST01762,Neha Mhaske,7.0,13,225985.11,5,3,3,11,Potential Loyalists
CUST03003,Meera Gupta,16.0,15,225834.19,4,4,3,11,Loyal Customers
CUST03811,Meera Mehta,11.0,12,225776.41,5,3,3,11,Potential Loyalists
CUST00399,Pooja Mhaske,7.0,12,225525.03,5,3,3,11,Potential Loyalists
CUST01400,Pooja Sharma,16.0,15,225082.85,4,4,3,11,Loyal Customers
CUST02658,Pooja Mhaske,65.0,17,224996.84,3,5,3,11,Loyal Customers
CUST00065,Ananya Singh,13.0,12,224937.92,5,3,3,11,Potential Loyalists
CUST03063,Kavya Patil,15.0,12,224910.75,5,3,3,11,Potential Loyalists
CUST00833,Neha Mehta,14.0,13,224830.0,5,3,3,11,Potential Loyalists
CUST04797,Rahul Shah,30.0,15,224398.28,4,4,3,11,Loyal Customers
CUST02333,Aditya Mehta,10.0,12,224299.16,5,3,3,11,Potential Loyalists
CUST04824,Amit Deshmukh,0.0,13,224250.01,5,3,3,11,Potential Loyalists
CUST01288,Rahul Shah,20.0,15,224109.84,4,4,3,11,Loyal Customers
CUST05018,Priya Mehta,38.0,16,223853.41,3,5,3,11,Loyal Customers
CUST03675,Aarav Patil,19.0,14,223465.3,4,4,3,11,Loyal Customers
CUST01486,Ananya Singh,21.0,15,223079.63,4,4,3,11,Loyal Customers
CUST00002,Vivaan Shah,24.0,14,222656.85,4,4,3,11,Loyal Customers
CUST04967,Vivaan Kumar,24.0,14,222651.1,4,4,3,11,Loyal Customers
CUST05668,Karan Nair,29.0,14,222371.32,4,4,3,11,Loyal Customers
CUST02255,Aditya Joshi,3.0,12,222149.25,5,3,3,11,Potential Loyalists
CUST01037,Neha Mhaske,18.0,14,221848.86,4,4,3,11,Loyal Customers
CUST01166,Amit Gupta,11.0,13,221602.16,5,3,3,11,Potential Loyalists
CUST02512,Amit Mehta,5.0,13,221562.36,5,3,3,11,Potential Loyalists
CUST02979,Rohan Patil,28.0,14,221103.46,4,4,3,11,Loyal Customers
CUST03074,Karan Joshi,4.0,13,221041.77,5,3,3,11,Potential Loyalists
CUST05972,Aditya Kumar,18.0,15,220521.56,4,4,3,11,Loyal Customers
CUST04704,Arjun Shah,22.0,14,220487.95,4,4,3,11,Loyal Customers
CUST04146,Rahul Joshi,25.0,14,220368.68,4,4,3,11,Loyal Customers
CUST05320,Rahul Mehta,11.0,13,220091.89,5,3,3,11,Potential Loyalists
CUST03080,Arjun Mehta,31.0,14,220063.9,4,4,3,11,Loyal Customers
CUST05817,Neha Joshi,31.0,14,219990.14,4,4,3,11,Loyal Customers
CUST05693,Rahul Mhaske,25.0,15,219245.83,4,4,3,11,Loyal Customers
CUST00905,Meera Singh,9.0,12,218893.24,5,3,3,11,Potential Loyalists
CUST00867,Aarav Kumar,9.0,13,218641.92,5,3,3,11,Potential Loyalists
CUST05042,Arjun Shah,40.0,17,218428.19,3,5,3,11,Loyal Customers
CUST00249,Sneha Patil,14.0,13,218191.12,5,3,3,11,Potential Loyalists
CUST03843,Isha Singh,24.0,15,217696.05,4,4,3,11,Loyal Customers
CUST04397,Amit Shah,25.0,15,217549.49,4,4,3,11,Loyal Customers
CUST01360,Ananya Verma,33.0,15,217408.51,4,4,3,11,Loyal Customers
CUST04237,Ananya Mehta,52.0,17,216794.19,3,5,3,11,Loyal Customers
CUST03034,Neha Shah,35.0,14,216603.91,4,4,3,11,Loyal Customers
CUST03249,Kavya Patil,51.0,17,216146.89,3,5,3,11,Loyal Customers
CUST05814,Pooja Shah,14.0,12,216120.11,5,3,3,11,Potential Loyalists
CUST00705,Aarav Shah,10.0,13,215550.35,5,3,3,11,Potential Loyalists
CUST03131,Kavya Shah,15.0,13,215270.36,5,3,3,11,Potential Loyalists
CUST04500,Karan Joshi,8.0,12,215216.23,5,3,3,11,Potential Loyalists
CUST01271,Rohan Kumar,2.0,12,215154.57,5,3,3,11,Potential Loyalists
CUST02841,Aarav Singh,3.0,12,214973.84,5,3,3,11,Potential Loyalists
CUST01808,Aarav Gupta,25.0,15,214820.74,4,4,3,11,Loyal Customers
CUST05864,Pooja Mehta,18.0,15,214317.85,4,4,3,11,Loyal Customers
CUST05628,Karan Sharma,57.0,17,214158.96,3,5,3,11,Loyal Customers
CUST02119,Aditya Mehta,13.0,12,213839.83,5,3,3,11,Potential Loyalists
CUST00612,Pooja Sharma,33.0,15,213612.9,4,4,3,11,Loyal Customers
CUST00042,Ananya Kumar,18.0,14,213578.83,4,4,3,11,Loyal Customers
CUST01142,Vivaan Shah,16.0,14,213529.63,4,4,3,11,Loyal Customers
CUST01278,Aditya Mhaske,24.0,14,213399.27,4,4,3,11,Loyal Customers
CUST05976,Aarav Mhaske,9.0,12,213318.02,5,3,3,11,Potential Loyalists
CUST01031,Sneha Patil,3.0,12,213095.4,5,3,3,11,Potential Loyalists
CUST04840,Meera Shah,59.0,18,213069.39,3,5,3,11,Loyal Customers
CUST04367,Rohan Patil,44.0,17,212979.4,3,5,3,11,Loyal Customers
CUST03301,Pooja Mehta,21.0,14,212835.01,4,4,3,11,Loyal Customers
CUST03618,Neha Nair,0.0,13,212803.64,5,3,3,11,Potential Loyalists
CUST00088,Rahul Sharma,27.0,14,212725.52,4,4,3,11,Loyal Customers
CUST01006,Rohan Verma,24.0,14,212325.17,4,4,3,11,Loyal Customers
CUST01489,Arjun Mehta,9.0,12,211741.75,5,3,3,11,Potential Loyalists
CUST00799,Pooja Mhaske,1.0,12,211065.61,5,3,3,11,Potential Loyalists
CUST04793,Meera Mehta,14.0,12,210784.15,5,3,3,11,Potential Loyalists
CUST00707,Isha Patil,12.0,12,210575.96,5,3,3,11,Potential Loyalists
CUST01210,Kavya Verma,20.0,15,209633.81,4,4,3,11,Loyal Customers
CUST04064,Karan Patil,31.0,14,209621.01,4,4,3,11,Loyal Customers
CUST05886,Sneha Shah,40.0,17,209212.1,3,5,3,11,Loyal Customers
CUST03693,Amit Patil,9.0,13,208777.95,5,3,3,11,Potential Loyalists
CUST05434,Amit Patil,42.0,16,208117.76,3,5,3,11,Loyal Customers
CUST01186,Ananya Joshi,19.0,15,207996.5,4,4,3,11,Loyal Customers
CUST04772,Rohan Nair,3.0,12,207846.32,5,3,3,11,Potential Loyalists
CUST02017,Pooja Nair,8.0,12,207777.48,5,3,3,11,Potential Loyalists
CUST03297,Arjun Joshi,0.0,12,207131.41,5,3,3,11,Potential Loyalists
CUST05691,Pooja Sharma,12.0,12,206768.89,5,3,3,11,Potential Loyalists
CUST04936,Rahul Joshi,17.0,15,206155.6,4,4,3,11,Loyal Customers
CUST03095,Ananya Shah,16.0,15,206106.03,4,4,3,11,Loyal Customers
CUST00056,Ananya Singh,1.0,12,205969.95,5,3,3,11,Potential Loyalists
CUST02865,Amit Shah,14.0,13,204619.34,5,3,3,11,Potential Loyalists
CUST04202,Rohan Shah,4.0,13,204465.86,5,3,3,11,Potential Loyalists
CUST00220,Karan Patil,11.0,13,204200.5,5,3,3,11,Potential Loyalists
CUST04890,Pooja Nair,57.0,16,204168.97,3,5,3,11,Loyal Customers
CUST03962,Ananya Deshmukh,2.0,12,204094.96,5,3,3,11,Potential Loyalists
CUST03243,Isha Patil,15.0,12,203382.23,5,3,3,11,Potential Loyalists
CUST05552,Meera Verma,16.0,14,203364.64,4,4,3,11,Loyal Customers
CUST05799,Vivaan Kumar,37.0,15,203239.84,4,4,3,11,Loyal Customers
CUST01209,Arjun Singh,47.0,16,203142.45,3,5,3,11,Loyal Customers
CUST02552,Ananya Sharma,14.0,12,202995.81,5,3,3,11,Potential Loyalists
CUST02169,Sneha Kumar,3.0,12,202020.52,5,3,3,11,Potential Loyalists
CUST02152,Pooja Gupta,39.0,16,201781.84,3,5,3,11,Loyal Customers
CUST00409,Pooja Shah,24.0,14,201710.07,4,4,3,11,Loyal Customers
CUST00890,Neha Mehta,12.0,12,201008.06,5,3,3,11,Potential Loyalists
CUST05655,Arjun Mhaske,22.0,15,200916.3,4,4,3,11,Loyal Customers
CUST00534,Ananya Singh,13.0,12,200783.23,5,3,3,11,Potential Loyalists
CUST04971,Aarav Joshi,33.0,14,200769.76,4,4,3,11,Loyal Customers
CUST05891,Meera Shah,24.0,14,200748.01,4,4,3,11,Loyal Customers
CUST02779,Rohan Nair,1.0,13,200719.24,5,3,3,11,Potential Loyalists
CUST04187,Vivaan Nair,23.0,14,200615.91,4,4,3,11,Loyal Customers
CUST02543,Sneha Shah,18.0,15,200606.94,4,4,3,11,Loyal Customers
CUST02693,Amit Mehta,9.0,12,200446.94,5,3,3,11,Potential Loyalists
CUST03162,Meera Joshi,4.0,12,200423.75,5,3,3,11,Potential Loyalists
CUST03802,Rohan Joshi,4.0,13,200238.01,5,3,3,11,Potential Loyalists
CUST03699,Ananya Deshmukh,34.0,15,200164.39,4,4,3,11,Loyal Customers
CUST01824,Neha Mhaske,61.0,16,199768.33,3,5,3,11,Loyal Customers
CUST01865,Aarav Nair,37.0,14,199724.2,4,4,3,11,Loyal Customers
CUST02605,Vivaan Joshi,25.0,15,199660.61,4,4,3,11,Loyal Customers
CUST01727,Rahul Gupta,14.0,12,199537.15,5,3,3,11,Potential Loyalists
CUST03721,Neha Joshi,16.0,14,199376.9,4,4,3,11,Loyal Customers
CUST03238,Aarav Mhaske,22.0,15,199322.89,4,4,3,11,Loyal Customers
CUST05665,Rohan Patil,37.0,14,199221.45,4,4,3,11,Loyal Customers
CUST03923,Ananya Mehta,9.0,13,199136.05,5,3,3,11,Potential Loyalists
CUST01885,Karan Mhaske,28.0,14,199092.67,4,4,3,11,Loyal Customers
CUST02647,Sneha Joshi,29.0,15,198618.74,4,4,3,11,Loyal Customers
CUST04448,Aditya Joshi,58.0,17,198557.79,3,5,3,11,Loyal Customers
CUST02087,Sneha Mhaske,2.0,12,198506.99,5,3,3,11,Potential Loyalists
CUST03097,Vivaan Shah,13.0,12,198257.11,5,3,3,11,Potential Loyalists
CUST01568,Aarav Deshmukh,14.0,12,198112.56,5,3,3,11,Potential Loyalists
CUST03487,Arjun Kumar,14.0,13,198062.36,5,3,3,11,Potential Loyalists
CUST02745,Amit Mehta,2.0,13,197062.87,5,3,3,11,Potential Loyalists
CUST03870,Neha Mhaske,9.0,14,196192.1,5,4,2,11,Potential Loyalists
CUST00439,Sneha Singh,6.0,15,195657.24,5,4,2,11,Potential Loyalists
CUST04590,Isha Mhaske,34.0,17,194040.41,4,5,2,11,Potential Loyalists
CUST04702,Amit Sharma,5.0,15,191255.55,5,4,2,11,Potential Loyalists
CUST02398,Rahul Shah,14.0,14,190526.0,5,4,2,11,Potential Loyalists
CUST02338,Arjun Singh,8.0,14,189816.62,5,4,2,11,Potential Loyalists
CUST02210,Amit Joshi,3.0,14,188984.73,5,4,2,11,Potential Loyalists
CUST02523,Sneha Mehta,10.0,14,188018.13,5,4,2,11,Potential Loyalists
CUST02650,Meera Nair,31.0,18,186935.03,4,5,2,11,Potential Loyalists
CUST03687,Aarav Verma,13.0,14,186421.48,5,4,2,11,Potential Loyalists
CUST05692,Vivaan Singh,24.0,16,185257.39,4,5,2,11,Potential Loyalists
CUST00524,Arjun Gupta,22.0,17,183634.89,4,5,2,11,Potential Loyalists
CUST04353,Priya Kumar,6.0,14,183623.25,5,4,2,11,Potential Loyalists
CUST03239,Amit Verma,8.0,14,183388.33,5,4,2,11,Potential Loyalists
CUST00749,Aarav Mehta,13.0,14,182883.97,5,4,2,11,Potential Loyalists
CUST04398,Neha Mhaske,17.0,17,182624.47,4,5,2,11,Potential Loyalists
CUST02966,Rohan Shah,14.0,14,180641.46,5,4,2,11,Potential Loyalists
CUST00383,Karan Singh,3.0,14,179938.7,5,4,2,11,Potential Loyalists
CUST03455,Aarav Nair,3.0,14,179215.98,5,4,2,11,Potential Loyalists
CUST00538,Rohan Sharma,3.0,14,178329.24,5,4,2,11,Potential Loyalists
CUST01331,Neha Deshmukh,3.0,14,177857.66,5,4,2,11,Potential Loyalists
CUST01088,Aarav Shah,3.0,14,176137.52,5,4,2,11,Potential Loyalists
CUST05674,Karan Joshi,29.0,16,176131.96,4,5,2,11,Potential Loyalists
CUST05464,Rohan Singh,34.0,18,175452.96,4,5,2,11,Potential Loyalists
CUST04731,Aditya Mhaske,14.0,14,175022.17,5,4,2,11,Potential Loyalists
CUST01677,Isha Sharma,7.0,14,174871.6,5,4,2,11,Potential Loyalists
CUST04984,Rahul Singh,3.0,15,174124.99,5,4,2,11,Potential Loyalists
CUST01491,Neha Singh,4.0,15,173865.32,5,4,2,11,Potential Loyalists
CUST02901,Aarav Joshi,32.0,16,173468.79,4,5,2,11,Potential Loyalists
CUST03937,Priya Mehta,1.0,15,173149.57,5,4,2,11,Potential Loyalists
CUST00800,Meera Deshmukh,12.0,15,171815.15,5,4,2,11,Potential Loyalists
CUST04194,Neha Deshmukh,7.0,15,167895.49,5,4,2,11,Potential Loyalists
CUST05215,Ananya Nair,3.0,14,167274.54,5,4,2,11,Potential Loyalists
CUST02090,Rohan Deshmukh,12.0,14,164949.78,5,4,2,11,Potential Loyalists
CUST02806,Vivaan Deshmukh,12.0,14,162964.45,5,4,2,11,Potential Loyalists
CUST05435,Aarav Mehta,15.0,14,158448.86,5,4,2,11,Potential Loyalists
CUST04185,Sneha Shah,13.0,14,158060.78,5,4,2,11,Potential Loyalists
CUST04579,Pooja Kumar,5.0,14,156402.76,5,4,2,11,Potential Loyalists
CUST05565,Ananya Sharma,13.0,14,154764.5,5,4,2,11,Potential Loyalists
CUST00497,Arjun Verma,22.0,16,153640.93,4,5,2,11,Potential Loyalists
CUST02182,Meera Mhaske,11.0,16,149046.8,5,5,1,11,Regular Customers
CUST01592,Rahul Nair,3.0,17,147600.21,5,5,1,11,Regular Customers
CUST02374,Kavya Sharma,7.0,16,146097.22,5,5,1,11,Regular Customers
CUST00498,Meera Kumar,1.0,16,101222.34,5,5,1,11,Regular Customers
CUST01651,Isha Mhaske,76.0,12,437968.27,2,3,5,10,At Risk
CUST00644,Neha Mehta,128.0,14,429682.28,1,4,5,10,At Risk
CUST01163,Aditya Verma,125.0,13,406487.56,1,4,5,10,At Risk
CUST03052,Pooja Singh,98.0,11,401220.67,2,3,5,10,At Risk
CUST04430,Isha Gupta,97.0,11,395988.9,2,3,5,10,At Risk
CUST05125,Sneha Mhaske,138.0,14,393376.16,1,4,5,10,At Risk
CUST01611,Aditya Mehta,95.0,12,387120.95,2,3,5,10,At Risk
CUST04617,Amit Kumar,121.0,13,383638.4,1,4,5,10,At Risk
CUST00877,Aarav Singh,121.0,13,377188.97,1,4,5,10,At Risk
CUST04232,Rohan Deshmukh,166.0,14,374273.85,1,4,5,10,At Risk
CUST04213,Aditya Deshmukh,44.0,9,369241.93,3,2,5,10,Regular Customers
CUST01988,Priya Mhaske,185.0,14,363592.25,1,4,5,10,At Risk
CUST05631,Aarav Mhaske,142.0,14,358566.74,1,4,5,10,At Risk
CUST04820,Karan Singh,71.0,12,358379.16,2,3,5,10,At Risk
CUST05080,Pooja Shah,130.0,14,357992.16,1,4,5,10,At Risk
CUST04811,Aditya Verma,250.0,13,357779.46,1,4,5,10,At Risk
CUST00739,Rahul Sharma,118.0,11,353943.37,2,3,5,10,At Risk
CUST04732,Vivaan Mehta,54.0,10,353640.04,3,2,5,10,Regular Customers
CUST04069,Neha Singh,117.0,11,352664.32,2,3,5,10,At Risk
CUST01138,Priya Shah,84.0,12,348525.31,2,3,5,10,At Risk
CUST05266,Vivaan Mhaske,125.0,13,343560.19,1,4,5,10,At Risk
CUST04261,Amit Deshmukh,187.0,13,340888.57,1,4,5,10,At Risk
CUST05588,Ananya Sharma,156.0,14,338559.48,1,4,5,10,At Risk
CUST05217,Isha Sharma,208.0,13,338295.81,1,4,5,10,At Risk
CUST00277,Aditya Mhaske,126.0,14,338054.22,1,4,5,10,At Risk
CUST05952,Vivaan Deshmukh,183.0,15,334684.06,1,4,5,10,At Risk
CUST04337,Aarav Deshmukh,246.0,13,333201.39,1,4,5,10,At Risk
CUST05457,Meera Verma,127.0,14,332001.18,1,4,5,10,At Risk
CUST00906,Pooja Deshmukh,103.0,12,330856.6,2,3,5,10,At Risk
CUST00843,Isha Mhaske,58.0,9,330349.93,3,2,5,10,Regular Customers
CUST05248,Meera Verma,137.0,14,329492.33,1,4,5,10,At Risk
CUST01272,Vivaan Mhaske,43.0,11,328359.89,3,2,5,10,Regular Customers
CUST02926,Priya Sharma,210.0,15,324857.75,1,4,5,10,At Risk
CUST05633,Arjun Verma,129.0,15,323337.36,1,4,5,10,At Risk
CUST01384,Pooja Singh,160.0,14,322664.55,1,4,5,10,At Risk
CUST03101,Priya Kumar,302.0,13,321963.89,1,4,5,10,At Risk
CUST03765,Sneha Verma,43.0,9,321579.61,3,2,5,10,Regular Customers
CUST02345,Sneha Verma,47.0,11,321207.94,3,2,5,10,Regular Customers
CUST02760,Rahul Nair,201.0,15,320410.78,1,4,5,10,At Risk
CUST04035,Neha Patil,211.0,13,320116.7,1,4,5,10,At Risk
CUST00087,Aditya Mehta,126.0,13,319871.56,1,4,5,10,At Risk
CUST04575,Kavya Verma,138.0,15,319699.34,1,4,5,10,At Risk
CUST01133,Kavya Shah,77.0,12,319592.64,2,3,5,10,At Risk
CUST04788,Kavya Mhaske,122.0,13,318825.72,1,4,5,10,At Risk
CUST01873,Meera Sharma,59.0,11,318579.7,3,2,5,10,Regular Customers
CUST00794,Vivaan Sharma,152.0,14,318329.47,1,4,5,10,At Risk
CUST00975,Isha Verma,151.0,13,318023.77,1,4,5,10,At Risk
CUST01650,Kavya Joshi,45.0,10,316765.56,3,2,5,10,Regular Customers
CUST03434,Priya Kumar,124.0,15,316591.92,1,4,5,10,At Risk
CUST05023,Karan Deshmukh,99.0,12,316451.51,2,3,5,10,At Risk
CUST04178,Rohan Shah,128.0,14,315205.11,1,4,5,10,At Risk
CUST05043,Isha Kumar,27.0,9,314850.39,4,1,5,10,Regular Customers
CUST03704,Rahul Deshmukh,156.0,13,313929.96,1,4,5,10,At Risk
CUST05845,Sneha Joshi,133.0,14,313430.83,1,4,5,10,At Risk
CUST01921,Aditya Joshi,36.0,9,312833.24,4,1,5,10,Regular Customers
CUST04868,Karan Deshmukh,78.0,12,312233.17,2,3,5,10,At Risk
CUST05767,Aarav Mehta,176.0,15,312231.88,1,4,5,10,At Risk
CUST00662,Neha Mhaske,228.0,15,311078.59,1,4,5,10,At Risk
CUST00512,Isha Singh,146.0,14,310552.87,1,4,5,10,At Risk
CUST01524,Amit Kumar,45.0,11,308149.21,3,2,5,10,Regular Customers
CUST00402,Aditya Mehta,156.0,15,307424.19,1,4,5,10,At Risk
CUST04833,Aarav Verma,225.0,13,307268.38,1,4,5,10,At Risk
CUST01099,Kavya Joshi,51.0,11,307196.96,3,2,5,10,Regular Customers
CUST03743,Meera Mehta,64.0,11,306634.61,3,2,5,10,Regular Customers
CUST05404,Pooja Verma,173.0,14,306144.93,1,4,5,10,At Risk
CUST02202,Aditya Nair,157.0,15,305971.67,1,4,5,10,At Risk
CUST00888,Priya Nair,79.0,12,305692.81,2,3,5,10,At Risk
CUST05203,Ananya Deshmukh,159.0,13,305587.74,1,4,5,10,At Risk
CUST03913,Arjun Singh,110.0,12,305346.25,2,3,5,10,At Risk
CUST01642,Arjun Patil,103.0,12,303251.21,2,3,5,10,At Risk
CUST02682,Arjun Joshi,80.0,12,303014.56,2,3,5,10,At Risk
CUST00289,Neha Verma,166.0,14,300121.71,1,4,5,10,At Risk
CUST05367,Kavya Nair,58.0,10,299820.48,3,2,5,10,Regular Customers
CUST03461,Aditya Patil,159.0,14,299646.1,1,4,5,10,At Risk
CUST04440,Meera Nair,117.0,12,299489.7,2,3,5,10,At Risk
CUST00418,Rohan Mehta,89.0,12,299219.32,2,3,5,10,At Risk
CUST03189,Amit Gupta,168.0,16,298957.66,1,5,4,10,At Risk
CUST02027,Aarav Patil,133.0,19,298916.31,1,5,4,10,At Risk
CUST03219,Priya Nair,67.0,15,298860.5,2,4,4,10,At Risk
CUST02757,Rahul Mehta,75.0,13,298342.33,2,4,4,10,At Risk
CUST05654,Priya Sharma,90.0,13,297218.34,2,4,4,10,At Risk
CUST05987,Karan Sharma,108.0,14,297050.75,2,4,4,10,At Risk
CUST02200,Rahul Mhaske,68.0,13,296751.3,2,4,4,10,At Risk
CUST01409,Pooja Patil,82.0,14,296112.68,2,4,4,10,At Risk
CUST05244,Kavya Mehta,204.0,16,295909.0,1,5,4,10,At Risk
CUST03358,Rohan Deshmukh,98.0,15,295704.5,2,4,4,10,At Risk
CUST05416,Ananya Mhaske,97.0,13,295436.46,2,4,4,10,At Risk
CUST03470,Aarav Mehta,31.0,11,295218.35,4,2,4,10,Potential Loyalists
CUST04140,Arjun Mhaske,102.0,15,295129.92,2,4,4,10,At Risk
CUST02165,Pooja Mhaske,99.0,13,294918.32,2,4,4,10,At Risk
CUST01106,Karan Verma,95.0,15,294886.85,2,4,4,10,At Risk
CUST02005,Sneha Mhaske,105.0,15,294285.95,2,4,4,10,At Risk
CUST00460,Arjun Nair,124.0,16,294155.75,1,5,4,10,At Risk
CUST02049,Vivaan Verma,43.0,12,293837.16,3,3,4,10,Regular Customers
CUST01403,Priya Mehta,122.0,21,292715.84,1,5,4,10,At Risk
CUST05780,Aarav Sharma,22.0,10,292071.36,4,2,4,10,Potential Loyalists
CUST03570,Aarav Joshi,35.0,11,291441.18,4,2,4,10,Potential Loyalists
CUST02312,Kavya Singh,28.0,11,291430.03,4,2,4,10,Potential Loyalists
CUST03049,Aarav Joshi,17.0,10,291264.73,4,2,4,10,Potential Loyalists
CUST03009,Sneha Gupta,60.0,12,290697.95,3,3,4,10,Regular Customers
CUST04549,Amit Shah,6.0,9,290576.24,5,1,4,10,Regular Customers
CUST05894,Meera Shah,19.0,10,290410.27,4,2,4,10,Potential Loyalists
CUST03839,Pooja Singh,99.0,15,290406.42,2,4,4,10,At Risk
CUST03635,Kavya Nair,110.0,14,290031.6,2,4,4,10,At Risk
CUST00355,Amit Patil,22.0,10,289709.87,4,2,4,10,Potential Loyalists
CUST02070,Amit Deshmukh,67.0,15,289498.25,2,4,4,10,At Risk
CUST03543,Rohan Patil,146.0,16,289462.6,1,5,4,10,At Risk
CUST05207,Amit Verma,145.0,21,289051.52,1,5,4,10,At Risk
CUST04310,Isha Mhaske,76.0,14,288978.08,2,4,4,10,At Risk
CUST03359,Sneha Mehta,59.0,12,288739.66,3,3,4,10,Regular Customers
CUST02723,Sneha Deshmukh,35.0,10,288577.02,4,2,4,10,Potential Loyalists
CUST04889,Amit Nair,72.0,13,288370.76,2,4,4,10,At Risk
CUST02545,Pooja Nair,92.0,13,288152.6,2,4,4,10,At Risk
CUST02876,Pooja Shah,80.0,15,288150.37,2,4,4,10,At Risk
CUST03991,Pooja Verma,101.0,14,288046.67,2,4,4,10,At Risk
CUST05277,Isha Verma,22.0,11,287684.91,4,2,4,10,Potential Loyalists
CUST00233,Rahul Deshmukh,71.0,13,287391.31,2,4,4,10,At Risk
CUST01843,Vivaan Deshmukh,129.0,18,287385.49,1,5,4,10,At Risk
CUST04614,Rahul Nair,20.0,11,287294.8,4,2,4,10,Potential Loyalists
CUST04910,Vivaan Shah,52.0,12,287196.72,3,3,4,10,Regular Customers
CUST01583,Pooja Gupta,86.0,15,286337.87,2,4,4,10,At Risk
CUST04063,Isha Shah,102.0,14,286292.87,2,4,4,10,At Risk
CUST02706,Kavya Mehta,30.0,11,285634.14,4,2,4,10,Potential Loyalists
CUST01077,Vivaan Deshmukh,47.0,12,285603.01,3,3,4,10,Regular Customers
CUST01290,Aditya Patil,71.0,14,285423.06,2,4,4,10,At Risk
CUST05847,Isha Deshmukh,110.0,15,285066.83,2,4,4,10,At Risk
CUST05103,Rohan Mhaske,112.0,15,284983.62,2,4,4,10,At Risk
CUST01011,Isha Kumar,113.0,13,284735.22,2,4,4,10,At Risk
CUST01530,Pooja Patil,102.0,14,283853.17,2,4,4,10,At Risk
CUST03315,Isha Joshi,86.0,14,283609.41,2,4,4,10,At Risk
CUST05871,Aditya Patil,104.0,13,283308.42,2,4,4,10,At Risk
CUST02904,Aditya Nair,118.0,13,283118.95,2,4,4,10,At Risk
CUST05433,Ananya Mhaske,93.0,14,282976.35,2,4,4,10,At Risk
CUST03863,Amit Verma,161.0,16,282790.83,1,5,4,10,At Risk
CUST04807,Neha Patil,76.0,14,281798.0,2,4,4,10,At Risk
CUST02791,Aditya Verma,89.0,15,281662.31,2,4,4,10,At Risk
CUST00513,Rohan Mhaske,150.0,17,281646.43,1,5,4,10,At Risk
CUST04888,Karan Deshmukh,103.0,14,281184.15,2,4,4,10,At Risk
CUST01092,Sneha Gupta,79.0,15,281149.09,2,4,4,10,At Risk
CUST05450,Arjun Patil,28.0,10,280862.44,4,2,4,10,Potential Loyalists
CUST02634,Amit Deshmukh,123.0,16,280732.62,1,5,4,10,At Risk
CUST03563,Ananya Joshi,131.0,17,280510.77,1,5,4,10,At Risk
CUST01420,Pooja Mehta,1.0,9,280384.5,5,1,4,10,Regular Customers
CUST02580,Kavya Joshi,81.0,15,280352.79,2,4,4,10,At Risk
CUST04857,Karan Gupta,128.0,16,280149.56,1,5,4,10,At Risk
CUST02855,Vivaan Sharma,124.0,18,280144.61,1,5,4,10,At Risk
CUST01726,Pooja Joshi,100.0,13,280117.23,2,4,4,10,At Risk
CUST00968,Amit Nair,104.0,13,279974.3,2,4,4,10,At Risk
CUST00491,Pooja Patil,129.0,19,279904.14,1,5,4,10,At Risk
CUST05530,Neha Verma,105.0,14,279756.46,2,4,4,10,At Risk
CUST01123,Meera Shah,29.0,11,279722.85,4,2,4,10,Potential Loyalists
CUST01467,Karan Kumar,138.0,17,279101.09,1,5,4,10,At Risk
CUST01663,Kavya Joshi,57.0,12,278155.54,3,3,4,10,Regular Customers
CUST01945,Neha Shah,40.0,12,278042.59,3,3,4,10,Regular Customers
CUST03164,Neha Nair,106.0,13,277712.28,2,4,4,10,At Risk
CUST03146,Neha Verma,37.0,12,277275.27,3,3,4,10,Regular Customers
CUST00680,Kavya Sharma,78.0,15,277170.36,2,4,4,10,At Risk
CUST02266,Ananya Mehta,54.0,12,276196.6,3,3,4,10,Regular Customers
CUST01258,Aditya Singh,24.0,11,275910.73,4,2,4,10,Potential Loyalists
CUST01075,Rohan Patil,61.0,12,275845.99,3,3,4,10,Regular Customers
CUST00938,Arjun Deshmukh,70.0,14,275795.06,2,4,4,10,At Risk
CUST02748,Rahul Nair,155.0,18,275553.35,1,5,4,10,At Risk
CUST01685,Rahul Shah,75.0,15,275537.51,2,4,4,10,At Risk
CUST00200,Pooja Nair,78.0,14,275276.87,2,4,4,10,At Risk
CUST00488,Meera Mhaske,155.0,16,275101.87,1,5,4,10,At Risk
CUST02223,Vivaan Verma,44.0,12,274756.39,3,3,4,10,Regular Customers
CUST02071,Kavya Singh,98.0,14,274503.33,2,4,4,10,At Risk
CUST04667,Karan Mehta,21.0,11,274458.97,4,2,4,10,Potential Loyalists
CUST03195,Vivaan Sharma,167.0,17,274456.02,1,5,4,10,At Risk
CUST02788,Meera Shah,195.0,16,274124.72,1,5,4,10,At Risk
CUST05675,Amit Kumar,64.0,13,273687.4,3,3,4,10,Regular Customers
CUST03462,Sneha Mhaske,56.0,12,273059.34,3,3,4,10,Regular Customers
CUST01180,Aditya Gupta,42.0,12,272796.13,3,3,4,10,Regular Customers
CUST05241,Amit Verma,84.0,14,272457.8,2,4,4,10,At Risk
CUST03247,Ananya Singh,103.0,14,272436.6,2,4,4,10,At Risk
CUST02584,Karan Joshi,94.0,15,272279.62,2,4,4,10,At Risk
CUST05057,Amit Kumar,59.0,13,271596.42,3,3,4,10,Regular Customers
CUST04019,Sneha Mehta,151.0,16,271534.38,1,5,4,10,At Risk
CUST04836,Vivaan Verma,46.0,13,271523.52,3,3,4,10,Regular Customers
CUST03386,Karan Sharma,64.0,13,271490.92,3,3,4,10,Regular Customers
CUST04919,Rahul Mhaske,64.0,13,271131.32,3,3,4,10,Regular Customers
CUST01759,Vivaan Nair,92.0,15,270774.06,2,4,4,10,At Risk
CUST05706,Kavya Deshmukh,25.0,10,270710.24,4,2,4,10,Potential Loyalists
CUST02164,Vivaan Kumar,97.0,14,270297.74,2,4,4,10,At Risk
CUST01615,Neha Singh,115.0,14,269744.88,2,4,4,10,At Risk
CUST00059,Karan Deshmukh,21.0,11,269386.97,4,2,4,10,Potential Loyalists
CUST03759,Aditya Mehta,142.0,20,269123.71,1,5,4,10,At Risk
CUST01392,Meera Sharma,55.0,13,268626.52,3,3,4,10,Regular Customers
CUST02432,Isha Patil,66.0,13,268188.64,3,3,4,10,Regular Customers
CUST04340,Karan Kumar,33.0,10,268025.26,4,2,4,10,Potential Loyalists
CUST02917,Priya Gupta,46.0,12,267927.4,3,3,4,10,Regular Customers
CUST04417,Ananya Mhaske,68.0,14,267885.37,2,4,4,10,At Risk
CUST02064,Karan Verma,118.0,15,267819.2,2,4,4,10,At Risk
CUST05144,Vivaan Kumar,75.0,14,267777.17,2,4,4,10,At Risk
CUST04982,Karan Gupta,63.0,13,267421.77,3,3,4,10,Regular Customers
CUST00573,Sneha Nair,126.0,16,267220.78,1,5,4,10,At Risk
CUST03225,Rohan Nair,84.0,14,267218.75,2,4,4,10,At Risk
CUST03088,Priya Mhaske,129.0,17,266690.97,1,5,4,10,At Risk
CUST01805,Rohan Deshmukh,52.0,13,266365.05,3,3,4,10,Regular Customers
CUST04710,Kavya Sharma,42.0,13,266019.28,3,3,4,10,Regular Customers
CUST03716,Vivaan Joshi,72.0,14,265726.97,2,4,4,10,At Risk
CUST03897,Amit Singh,51.0,13,265722.82,3,3,4,10,Regular Customers
CUST00047,Isha Mhaske,27.0,10,265192.15,4,2,4,10,Potential Loyalists
CUST05961,Neha Deshmukh,24.0,10,264977.49,4,2,4,10,Potential Loyalists
CUST04047,Ananya Gupta,21.0,11,264600.16,4,2,4,10,Potential Loyalists
CUST02947,Vivaan Kumar,32.0,11,264376.51,4,2,4,10,Potential Loyalists
CUST05728,Kavya Mehta,65.0,12,264369.92,3,3,4,10,Regular Customers
CUST00550,Arjun Kumar,77.0,14,264364.99,2,4,4,10,At Risk
CUST04791,Amit Mehta,18.0,10,264178.02,4,2,4,10,Potential Loyalists
CUST02652,Rahul Kumar,135.0,16,264082.28,1,5,4,10,At Risk
CUST05772,Neha Mehta,35.0,10,264038.25,4,2,4,10,Potential Loyalists
CUST05685,Amit Mehta,294.0,18,263353.29,1,5,4,10,At Risk
CUST00999,Rahul Nair,48.0,12,263138.99,3,3,4,10,Regular Customers
CUST03864,Priya Shah,52.0,13,263003.15,3,3,4,10,Regular Customers
CUST04932,Karan Patil,171.0,16,262464.63,1,5,4,10,At Risk
CUST05538,Neha Nair,77.0,14,262358.36,2,4,4,10,At Risk
CUST04989,Isha Singh,40.0,13,262153.59,3,3,4,10,Regular Customers
CUST03209,Rahul Mehta,100.0,14,261998.85,2,4,4,10,At Risk
CUST04634,Arjun Kumar,143.0,17,261985.59,1,5,4,10,At Risk
CUST02482,Ananya Kumar,68.0,14,261515.38,2,4,4,10,At Risk
CUST03724,Arjun Patil,127.0,19,260408.37,1,5,4,10,At Risk
CUST02451,Isha Verma,78.0,15,260205.6,2,4,4,10,At Risk
CUST00014,Rahul Shah,73.0,15,259465.24,2,4,4,10,At Risk
CUST00781,Amit Kumar,36.0,11,259320.84,4,2,4,10,Potential Loyalists
CUST05670,Priya Singh,22.0,10,259224.06,4,2,4,10,Potential Loyalists
CUST02245,Karan Deshmukh,39.0,12,258869.99,3,3,4,10,Regular Customers
CUST01231,Neha Joshi,32.0,10,258817.99,4,2,4,10,Potential Loyalists
CUST01775,Priya Mehta,121.0,17,258761.26,1,5,4,10,At Risk
CUST05307,Amit Patil,114.0,15,258532.27,2,4,4,10,At Risk
CUST03059,Arjun Verma,68.0,15,258087.74,2,4,4,10,At Risk
CUST00293,Isha Nair,52.0,13,257672.52,3,3,4,10,Regular Customers
CUST02383,Isha Mehta,63.0,12,257161.36,3,3,4,10,Regular Customers
CUST04319,Isha Sharma,27.0,11,257139.3,4,2,4,10,Potential Loyalists
CUST02060,Aarav Joshi,43.0,12,256974.54,3,3,4,10,Regular Customers
CUST02977,Rahul Verma,108.0,15,256794.87,2,4,4,10,At Risk
CUST05109,Vivaan Mehta,29.0,10,256271.11,4,2,4,10,Potential Loyalists
CUST04698,Aditya Kumar,4.0,7,256150.72,5,1,4,10,Regular Customers
CUST04977,Pooja Patil,77.0,14,255720.97,2,4,4,10,At Risk
CUST01389,Sneha Nair,53.0,13,255540.17,3,3,4,10,Regular Customers
CUST00196,Rohan Shah,54.0,12,255524.8,3,3,4,10,Regular Customers
CUST01597,Priya Mhaske,126.0,17,255257.45,1,5,4,10,At Risk
CUST04162,Sneha Patil,87.0,14,255235.35,2,4,4,10,At Risk
CUST00187,Karan Singh,29.0,11,255096.01,4,2,4,10,Potential Loyalists
CUST00851,Vivaan Joshi,102.0,14,254880.9,2,4,4,10,At Risk
CUST02284,Amit Mehta,38.0,13,254759.0,3,3,4,10,Regular Customers
CUST01439,Rohan Nair,74.0,14,254504.92,2,4,4,10,At Risk
CUST01452,Meera Singh,33.0,11,254309.95,4,2,4,10,Potential Loyalists
CUST02002,Vivaan Joshi,86.0,15,254237.75,2,4,4,10,At Risk
CUST00253,Meera Verma,136.0,17,254051.32,1,5,4,10,At Risk
CUST05372,Aarav Mhaske,53.0,13,253971.56,3,3,4,10,Regular Customers
CUST02088,Rahul Shah,43.0,12,253941.71,3,3,4,10,Regular Customers
CUST00362,Karan Joshi,39.0,12,253538.59,3,3,4,10,Regular Customers
CUST00028,Vivaan Nair,0.0,9,253536.02,5,1,4,10,Regular Customers
CUST03640,Rohan Nair,113.0,14,253443.29,2,4,4,10,At Risk
CUST03717,Aarav Joshi,48.0,13,253377.02,3,3,4,10,Regular Customers
CUST02872,Vivaan Mhaske,30.0,11,253195.46,4,2,4,10,Potential Loyalists
CUST04931,Isha Singh,111.0,15,253000.75,2,4,4,10,At Risk
CUST00552,Neha Deshmukh,153.0,16,252916.64,1,5,4,10,At Risk
CUST00015,Meera Singh,41.0,13,252059.25,3,3,4,10,Regular Customers
CUST02183,Rohan Mhaske,70.0,15,251098.82,2,4,4,10,At Risk
CUST05592,Priya Sharma,36.0,10,251004.69,4,2,4,10,Potential Loyalists
CUST00457,Ananya Deshmukh,63.0,13,250954.81,3,3,4,10,Regular Customers
CUST03390,Priya Nair,38.0,12,250266.07,3,3,4,10,Regular Customers
CUST00238,Rohan Verma,31.0,11,249843.55,4,2,4,10,Potential Loyalists
CUST05850,Meera Kumar,70.0,15,249812.62,2,4,4,10,At Risk
CUST02986,Kavya Joshi,55.0,13,249602.81,3,3,4,10,Regular Customers
CUST00838,Isha Nair,68.0,14,249410.8,2,4,4,10,At Risk
CUST04734,Rohan Singh,4.0,7,249409.28,5,1,4,10,Regular Customers
CUST02840,Isha Shah,52.0,13,249356.15,3,3,4,10,Regular Customers
CUST01376,Rohan Patil,26.0,11,249261.51,4,2,4,10,Potential Loyalists
CUST03335,Karan Kumar,22.0,11,249231.21,4,2,4,10,Potential Loyalists
CUST02654,Arjun Nair,50.0,12,249078.47,3,3,4,10,Regular Customers
CUST00183,Sneha Deshmukh,80.0,15,249000.48,2,4,4,10,At Risk
CUST05984,Karan Deshmukh,49.0,13,248549.78,3,3,4,10,Regular Customers
CUST01195,Aditya Sharma,83.0,15,248431.77,2,4,4,10,At Risk
CUST02911,Priya Joshi,94.0,14,248215.01,2,4,4,10,At Risk
CUST01425,Pooja Kumar,56.0,13,247857.73,3,3,4,10,Regular Customers
CUST00473,Isha Gupta,45.0,13,247790.56,3,3,4,10,Regular Customers
CUST01702,Karan Singh,150.0,18,247769.23,1,5,4,10,At Risk
CUST02740,Amit Deshmukh,99.0,14,247523.12,2,4,4,10,At Risk
CUST04215,Isha Mhaske,77.0,14,246360.48,2,4,4,10,At Risk
CUST00342,Sneha Deshmukh,23.0,10,246228.37,4,2,4,10,Potential Loyalists
CUST01242,Isha Verma,34.0,11,246141.41,4,2,4,10,Potential Loyalists
CUST02999,Priya Singh,31.0,10,245596.2,4,2,4,10,Potential Loyalists
CUST00913,Sneha Mhaske,88.0,14,245204.51,2,4,4,10,At Risk
CUST02278,Ananya Kumar,49.0,12,244742.66,3,3,4,10,Regular Customers
CUST00844,Isha Shah,80.0,14,244525.97,2,4,4,10,At Risk
CUST02092,Priya Singh,119.0,14,244521.08,2,4,4,10,At Risk
CUST01119,Isha Kumar,7.0,9,244496.45,5,1,4,10,Regular Customers
CUST01671,Vivaan Verma,45.0,12,244128.08,3,3,4,10,Regular Customers
CUST05140,Karan Mehta,95.0,14,243888.53,2,4,4,10,At Risk
CUST05281,Karan Deshmukh,121.0,16,243098.08,1,5,4,10,At Risk
CUST05825,Ananya Deshmukh,45.0,12,242972.14,3,3,4,10,Regular Customers
CUST03403,Arjun Singh,27.0,11,242943.21,4,2,4,10,Potential Loyalists
CUST01652,Ananya Deshmukh,47.0,13,242849.99,3,3,4,10,Regular Customers
CUST04706,Ananya Mhaske,76.0,16,242599.5,2,5,3,10,At Risk
CUST02024,Neha Nair,24.0,13,242531.91,4,3,3,10,Potential Loyalists
CUST05324,Priya Patil,32.0,13,242450.25,4,3,3,10,Potential Loyalists
CUST00113,Meera Kumar,63.0,15,242196.21,3,4,3,10,Loyal Customers
CUST05173,Aarav Kumar,58.0,14,241853.41,3,4,3,10,Loyal Customers
CUST02527,Karan Shah,36.0,13,241827.44,4,3,3,10,Potential Loyalists
CUST00264,Meera Sharma,58.0,15,240985.89,3,4,3,10,Loyal Customers
CUST00752,Ananya Patil,20.0,12,240476.42,4,3,3,10,Potential Loyalists
CUST03847,Ananya Deshmukh,33.0,12,240462.96,4,3,3,10,Potential Loyalists
CUST00720,Priya Verma,69.0,17,240441.12,2,5,3,10,At Risk
CUST01327,Amit Nair,65.0,14,240428.0,3,4,3,10,Loyal Customers
CUST03825,Amit Mhaske,32.0,13,240157.31,4,3,3,10,Potential Loyalists
CUST01312,Isha Kumar,74.0,17,239930.84,2,5,3,10,At Risk
CUST02339,Vivaan Joshi,42.0,14,239605.26,3,4,3,10,Loyal Customers
CUST01252,Meera Nair,76.0,17,239601.31,2,5,3,10,At Risk
CUST03200,Isha Shah,10.0,11,238899.25,5,2,3,10,Potential Loyalists
CUST00709,Pooja Verma,69.0,18,238567.69,2,5,3,10,At Risk
CUST04690,Karan Joshi,62.0,14,238508.18,3,4,3,10,Loyal Customers
CUST03750,Aarav Kumar,16.0,12,238507.67,4,3,3,10,Potential Loyalists
CUST04825,Aarav Mhaske,66.0,14,238171.82,3,4,3,10,Loyal Customers
CUST05897,Priya Mhaske,49.0,15,237940.26,3,4,3,10,Loyal Customers
CUST05898,Priya Patil,39.0,14,237591.75,3,4,3,10,Loyal Customers
CUST02309,Pooja Patil,54.0,14,237304.18,3,4,3,10,Loyal Customers
CUST04588,Rohan Mehta,35.0,12,237108.45,4,3,3,10,Potential Loyalists
CUST03579,Rahul Mhaske,29.0,13,236882.91,4,3,3,10,Potential Loyalists
CUST03770,Isha Kumar,44.0,15,236704.76,3,4,3,10,Loyal Customers
CUST00885,Pooja Mehta,57.0,14,236622.37,3,4,3,10,Loyal Customers
CUST02801,Kavya Nair,24.0,12,236289.22,4,3,3,10,Potential Loyalists
CUST04090,Meera Verma,57.0,15,236222.35,3,4,3,10,Loyal Customers
CUST04219,Aarav Verma,11.0,11,235844.47,5,2,3,10,Potential Loyalists
CUST03992,Rahul Joshi,29.0,12,235477.12,4,3,3,10,Potential Loyalists
CUST02407,Kavya Singh,23.0,12,235382.49,4,3,3,10,Potential Loyalists
CUST05195,Rahul Sharma,40.0,14,235147.97,3,4,3,10,Loyal Customers
CUST01826,Rahul Singh,58.0,15,234756.37,3,4,3,10,Loyal Customers
CUST01665,Meera Singh,83.0,18,234475.74,2,5,3,10,At Risk
CUST02411,Neha Shah,1.0,10,234473.88,5,2,3,10,Potential Loyalists
CUST04467,Rahul Gupta,26.0,12,234463.64,4,3,3,10,Potential Loyalists
CUST04518,Isha Shah,3.0,11,234362.52,5,2,3,10,Potential Loyalists
CUST02291,Rahul Sharma,86.0,17,234273.07,2,5,3,10,At Risk
CUST03647,Kavya Nair,5.0,10,234082.55,5,2,3,10,Potential Loyalists
CUST03620,Meera Mehta,50.0,15,233950.01,3,4,3,10,Loyal Customers
CUST04536,Sneha Singh,4.0,11,233536.71,5,2,3,10,Potential Loyalists
CUST02057,Aditya Patil,76.0,17,233473.51,2,5,3,10,At Risk
CUST05278,Arjun Mehta,43.0,14,233363.1,3,4,3,10,Loyal Customers
CUST03682,Vivaan Deshmukh,63.0,14,232892.06,3,4,3,10,Loyal Customers
CUST01623,Pooja Nair,55.0,14,232799.15,3,4,3,10,Loyal Customers
CUST03271,Kavya Patil,5.0,10,232671.52,5,2,3,10,Potential Loyalists
CUST02697,Isha Deshmukh,56.0,15,232645.4,3,4,3,10,Loyal Customers
CUST03671,Rahul Singh,98.0,17,232603.29,2,5,3,10,At Risk
CUST02741,Aarav Gupta,28.0,13,232598.37,4,3,3,10,Potential Loyalists
CUST05786,Rohan Sharma,12.0,11,232167.36,5,2,3,10,Potential Loyalists
CUST00121,Ananya Singh,45.0,15,232133.08,3,4,3,10,Loyal Customers
CUST00431,Pooja Sharma,28.0,12,232016.97,4,3,3,10,Potential Loyalists
CUST05720,Isha Mhaske,36.0,13,231637.87,4,3,3,10,Potential Loyalists
CUST04716,Isha Deshmukh,67.0,19,231367.56,2,5,3,10,At Risk
CUST03637,Meera Nair,3.0,11,231348.33,5,2,3,10,Potential Loyalists
CUST01144,Isha Joshi,54.0,14,231228.04,3,4,3,10,Loyal Customers
CUST03062,Priya Patil,39.0,14,231143.11,3,4,3,10,Loyal Customers
CUST03627,Vivaan Joshi,17.0,13,231078.44,4,3,3,10,Potential Loyalists
CUST00958,Arjun Deshmukh,17.0,12,230882.14,4,3,3,10,Potential Loyalists
CUST05163,Aarav Deshmukh,32.0,13,230637.9,4,3,3,10,Potential Loyalists
CUST02529,Priya Joshi,73.0,19,230434.48,2,5,3,10,At Risk
CUST03466,Ananya Kumar,7.0,11,230421.94,5,2,3,10,Potential Loyalists
CUST04550,Amit Kumar,33.0,12,230260.85,4,3,3,10,Potential Loyalists
CUST01784,Meera Sharma,12.0,10,229774.66,5,2,3,10,Potential Loyalists
CUST05522,Rohan Kumar,56.0,14,229445.93,3,4,3,10,Loyal Customers
CUST03521,Aarav Gupta,88.0,17,229403.77,2,5,3,10,At Risk
CUST02317,Neha Joshi,14.0,11,228219.14,5,2,3,10,Potential Loyalists
CUST03110,Neha Kumar,28.0,12,228133.22,4,3,3,10,Potential Loyalists
CUST04838,Meera Patil,11.0,10,227832.28,5,2,3,10,Potential Loyalists
CUST03170,Arjun Verma,8.0,10,227545.98,5,2,3,10,Potential Loyalists
CUST04029,Amit Deshmukh,77.0,16,227451.94,2,5,3,10,At Risk
CUST04363,Neha Patil,19.0,12,227352.76,4,3,3,10,Potential Loyalists
CUST04902,Isha Nair,53.0,14,227327.42,3,4,3,10,Loyal Customers
CUST04499,Neha Mehta,55.0,15,227235.1,3,4,3,10,Loyal Customers
CUST03654,Sneha Nair,2.0,11,227168.29,5,2,3,10,Potential Loyalists
CUST03309,Kavya Mehta,24.0,13,227121.09,4,3,3,10,Potential Loyalists
CUST02461,Ananya Mehta,8.0,10,226677.6,5,2,3,10,Potential Loyalists
CUST04530,Kavya Verma,19.0,12,226618.75,4,3,3,10,Potential Loyalists
CUST03920,Kavya Kumar,93.0,16,226557.81,2,5,3,10,At Risk
CUST02503,Meera Mhaske,44.0,14,226382.72,3,4,3,10,Loyal Customers
CUST04548,Kavya Deshmukh,25.0,13,226082.7,4,3,3,10,Potential Loyalists
CUST00696,Aarav Gupta,79.0,17,225565.46,2,5,3,10,At Risk
CUST05733,Rahul Kumar,16.0,13,224642.17,4,3,3,10,Potential Loyalists
CUST03572,Isha Kumar,41.0,14,224508.4,3,4,3,10,Loyal Customers
CUST02867,Pooja Shah,75.0,18,224405.24,2,5,3,10,At Risk
CUST00731,Amit Joshi,44.0,15,224393.76,3,4,3,10,Loyal Customers
CUST00828,Kavya Mehta,21.0,12,224379.36,4,3,3,10,Potential Loyalists
CUST01525,Rohan Mhaske,84.0,18,224341.97,2,5,3,10,At Risk
CUST04490,Amit Verma,45.0,15,224307.83,3,4,3,10,Loyal Customers
CUST05717,Isha Shah,11.0,11,224180.18,5,2,3,10,Potential Loyalists
CUST01310,Priya Mhaske,33.0,12,223819.75,4,3,3,10,Potential Loyalists
CUST00596,Vivaan Joshi,51.0,15,223693.3,3,4,3,10,Loyal Customers
CUST04033,Amit Sharma,13.0,10,223649.13,5,2,3,10,Potential Loyalists
CUST02827,Karan Singh,27.0,12,223409.1,4,3,3,10,Potential Loyalists
CUST05133,Aarav Sharma,35.0,12,223039.76,4,3,3,10,Potential Loyalists
CUST03041,Meera Deshmukh,30.0,13,222379.9,4,3,3,10,Potential Loyalists
CUST04368,Vivaan Patil,9.0,11,222362.14,5,2,3,10,Potential Loyalists
CUST01259,Ananya Kumar,47.0,14,221991.11,3,4,3,10,Loyal Customers
CUST01637,Priya Deshmukh,12.0,11,221988.16,5,2,3,10,Potential Loyalists
CUST02765,Pooja Mehta,7.0,11,221919.01,5,2,3,10,Potential Loyalists
CUST01837,Arjun Deshmukh,31.0,12,221902.08,4,3,3,10,Potential Loyalists
CUST02231,Amit Deshmukh,3.0,11,221672.07,5,2,3,10,Potential Loyalists
CUST01569,Kavya Joshi,38.0,15,221466.65,3,4,3,10,Loyal Customers
CUST00606,Amit Mhaske,7.0,11,221431.17,5,2,3,10,Potential Loyalists
CUST04670,Kavya Deshmukh,26.0,13,221251.79,4,3,3,10,Potential Loyalists
CUST01917,Pooja Patil,13.0,11,221005.88,5,2,3,10,Potential Loyalists
CUST01358,Neha Shah,2.0,10,220997.88,5,2,3,10,Potential Loyalists
CUST03547,Isha Mhaske,8.0,10,220674.75,5,2,3,10,Potential Loyalists
CUST03473,Rohan Verma,112.0,17,220461.5,2,5,3,10,At Risk
CUST04124,Rohan Patil,48.0,15,219699.05,3,4,3,10,Loyal Customers
CUST05206,Amit Shah,53.0,15,219512.24,3,4,3,10,Loyal Customers
CUST05432,Vivaan Verma,29.0,12,219198.29,4,3,3,10,Potential Loyalists
CUST03568,Kavya Joshi,21.0,13,219068.04,4,3,3,10,Potential Loyalists
CUST03013,Vivaan Mhaske,49.0,14,218751.66,3,4,3,10,Loyal Customers
CUST04055,Priya Nair,35.0,12,218599.47,4,3,3,10,Potential Loyalists
CUST02851,Ananya Singh,115.0,17,218154.13,2,5,3,10,At Risk
CUST02807,Arjun Mhaske,28.0,12,217989.87,4,3,3,10,Potential Loyalists
CUST01822,Arjun Gupta,2.0,10,217606.06,5,2,3,10,Potential Loyalists
CUST00216,Aditya Singh,46.0,15,217065.27,3,4,3,10,Loyal Customers
CUST03196,Aarav Patil,4.0,11,216720.12,5,2,3,10,Potential Loyalists
CUST05788,Arjun Singh,65.0,14,216354.82,3,4,3,10,Loyal Customers
CUST04298,Aarav Shah,18.0,13,215906.02,4,3,3,10,Potential Loyalists
CUST04491,Aarav Shah,99.0,17,215481.0,2,5,3,10,At Risk
CUST05360,Sneha Patil,17.0,13,215480.65,4,3,3,10,Potential Loyalists
CUST05975,Rohan Deshmukh,16.0,12,215344.04,4,3,3,10,Potential Loyalists
CUST01754,Vivaan Nair,40.0,14,215131.74,3,4,3,10,Loyal Customers
CUST01906,Rahul Gupta,50.0,14,215021.21,3,4,3,10,Loyal Customers
CUST05082,Karan Gupta,40.0,14,214959.77,3,4,3,10,Loyal Customers
CUST03691,Arjun Mehta,5.0,11,214134.52,5,2,3,10,Potential Loyalists
CUST01526,Amit Kumar,46.0,14,214106.76,3,4,3,10,Loyal Customers
CUST03585,Sneha Shah,44.0,14,214040.49,3,4,3,10,Loyal Customers
CUST01868,Sneha Deshmukh,20.0,13,213581.45,4,3,3,10,Potential Loyalists
CUST00367,Priya Shah,28.0,12,213576.34,4,3,3,10,Potential Loyalists
CUST03476,Arjun Mhaske,7.0,11,213422.42,5,2,3,10,Potential Loyalists
CUST05420,Isha Mhaske,1.0,10,213266.04,5,2,3,10,Potential Loyalists
CUST05818,Neha Deshmukh,33.0,12,213100.81,4,3,3,10,Potential Loyalists
CUST05253,Ananya Shah,89.0,18,213051.0,2,5,3,10,At Risk
CUST04240,Meera Shah,7.0,11,212959.45,5,2,3,10,Potential Loyalists
CUST01545,Priya Kumar,49.0,14,212805.94,3,4,3,10,Loyal Customers
CUST02602,Kavya Shah,6.0,10,212235.79,5,2,3,10,Potential Loyalists
CUST03433,Meera Shah,20.0,12,212130.77,4,3,3,10,Potential Loyalists
CUST03040,Amit Verma,25.0,12,211738.69,4,3,3,10,Potential Loyalists
CUST02613,Sneha Mhaske,86.0,16,211666.19,2,5,3,10,At Risk
CUST02703,Kavya Mhaske,57.0,14,211501.12,3,4,3,10,Loyal Customers
CUST01658,Meera Patil,17.0,13,211484.78,4,3,3,10,Potential Loyalists
CUST00605,Arjun Kumar,33.0,13,211422.37,4,3,3,10,Potential Loyalists
CUST05626,Rahul Joshi,54.0,14,211377.91,3,4,3,10,Loyal Customers
CUST03852,Kavya Patil,36.0,12,210880.58,4,3,3,10,Potential Loyalists
CUST02409,Pooja Singh,25.0,12,210681.88,4,3,3,10,Potential Loyalists
CUST03633,Aarav Deshmukh,3.0,10,210046.97,5,2,3,10,Potential Loyalists
CUST01237,Kavya Kumar,23.0,12,210003.72,4,3,3,10,Potential Loyalists
CUST00319,Neha Patil,11.0,11,209940.21,5,2,3,10,Potential Loyalists
CUST01349,Ananya Singh,75.0,17,209542.09,2,5,3,10,At Risk
CUST05766,Priya Kumar,1.0,11,209540.56,5,2,3,10,Potential Loyalists
CUST01781,Aarav Kumar,19.0,13,209137.3,4,3,3,10,Potential Loyalists
CUST02083,Meera Gupta,31.0,13,208909.22,4,3,3,10,Potential Loyalists
CUST00895,Meera Gupta,48.0,14,208435.16,3,4,3,10,Loyal Customers
CUST00820,Karan Mhaske,21.0,12,208408.63,4,3,3,10,Potential Loyalists
CUST05352,Amit Mhaske,17.0,12,208019.23,4,3,3,10,Potential Loyalists
CUST05286,Sneha Joshi,56.0,15,207926.25,3,4,3,10,Loyal Customers
CUST00699,Pooja Patil,0.0,11,207828.49,5,2,3,10,Potential Loyalists
CUST02355,Rahul Patil,28.0,12,207815.9,4,3,3,10,Potential Loyalists
CUST05102,Aarav Verma,24.0,13,207770.35,4,3,3,10,Potential Loyalists
CUST03421,Rohan Shah,24.0,12,206967.52,4,3,3,10,Potential Loyalists
CUST04252,Isha Mehta,4.0,11,206945.25,5,2,3,10,Potential Loyalists
CUST03269,Pooja Joshi,23.0,13,206670.31,4,3,3,10,Potential Loyalists
CUST05273,Priya Deshmukh,18.0,12,206227.73,4,3,3,10,Potential Loyalists
CUST05757,Pooja Verma,27.0,12,206158.87,4,3,3,10,Potential Loyalists
CUST05267,Sneha Patil,28.0,12,205927.54,4,3,3,10,Potential Loyalists
CUST04320,Amit Joshi,14.0,11,205916.63,5,2,3,10,Potential Loyalists
CUST03751,Neha Sharma,18.0,12,205904.07,4,3,3,10,Potential Loyalists
CUST02288,Kavya Mhaske,2.0,11,205700.03,5,2,3,10,Potential Loyalists
CUST02195,Karan Joshi,31.0,13,205664.6,4,3,3,10,Potential Loyalists
CUST05285,Priya Mehta,25.0,12,205495.93,4,3,3,10,Potential Loyalists
CUST03373,Rahul Singh,65.0,14,205464.37,3,4,3,10,Loyal Customers
CUST02859,Ananya Singh,1.0,11,205234.56,5,2,3,10,Potential Loyalists
CUST02696,Pooja Patil,3.0,11,205229.96,5,2,3,10,Potential Loyalists
CUST01354,Pooja Nair,49.0,14,204977.52,3,4,3,10,Loyal Customers
CUST03475,Kavya Sharma,49.0,15,204907.49,3,4,3,10,Loyal Customers
CUST00133,Vivaan Deshmukh,40.0,14,204727.69,3,4,3,10,Loyal Customers
CUST03458,Karan Mhaske,4.0,10,204639.15,5,2,3,10,Potential Loyalists
CUST01032,Meera Verma,36.0,12,204549.09,4,3,3,10,Potential Loyalists
CUST01156,Sneha Sharma,68.0,16,204241.49,2,5,3,10,At Risk
CUST00602,Amit Deshmukh,4.0,11,204206.16,5,2,3,10,Potential Loyalists
CUST05149,Isha Verma,12.0,10,203949.4,5,2,3,10,Potential Loyalists
CUST00728,Amit Nair,18.0,12,203722.13,4,3,3,10,Potential Loyalists
CUST05819,Sneha Shah,55.0,14,203415.45,3,4,3,10,Loyal Customers
CUST05239,Vivaan Patil,24.0,13,202994.8,4,3,3,10,Potential Loyalists
CUST03354,Pooja Singh,14.0,11,202642.12,5,2,3,10,Potential Loyalists
CUST02040,Vivaan Deshmukh,15.0,11,202449.63,5,2,3,10,Potential Loyalists
CUST00021,Aditya Mehta,55.0,15,202116.65,3,4,3,10,Loyal Customers
CUST05132,Rohan Gupta,22.0,13,202068.82,4,3,3,10,Potential Loyalists
CUST02085,Rahul Nair,58.0,15,201719.31,3,4,3,10,Loyal Customers
CUST03891,Vivaan Nair,53.0,15,201462.64,3,4,3,10,Loyal Customers
CUST02980,Rohan Joshi,109.0,16,200929.96,2,5,3,10,At Risk
CUST03812,Neha Joshi,29.0,13,200813.89,4,3,3,10,Potential Loyalists
CUST03820,Priya Singh,68.0,18,199731.68,2,5,3,10,At Risk
CUST05861,Vivaan Gupta,3.0,10,199672.01,5,2,3,10,Potential Loyalists
CUST04333,Meera Mehta,34.0,12,199461.02,4,3,3,10,Potential Loyalists
CUST02665,Sneha Kumar,8.0,11,199395.69,5,2,3,10,Potential Loyalists
CUST04364,Amit Nair,1.0,11,199215.45,5,2,3,10,Potential Loyalists
CUST03835,Rohan Gupta,18.0,12,198846.28,4,3,3,10,Potential Loyalists
CUST05038,Arjun Sharma,30.0,12,198784.98,4,3,3,10,Potential Loyalists
CUST02864,Vivaan Gupta,22.0,13,198233.69,4,3,3,10,Potential Loyalists
CUST03562,Sneha Sharma,61.0,14,197404.6,3,4,3,10,Loyal Customers
CUST03882,Vivaan Joshi,2.0,11,197270.06,5,2,3,10,Potential Loyalists
CUST05582,Arjun Kumar,33.0,13,197264.7,4,3,3,10,Potential Loyalists
CUST01581,Pooja Nair,20.0,13,197121.29,4,3,3,10,Potential Loyalists
CUST04858,Amit Singh,6.0,11,197120.76,5,2,3,10,Potential Loyalists
CUST04723,Aditya Verma,103.0,16,197115.24,2,5,3,10,At Risk
CUST00667,Meera Sharma,57.0,15,197066.07,3,4,3,10,Loyal Customers
CUST01446,Pooja Patil,0.0,12,196548.27,5,3,2,10,Potential Loyalists
CUST01913,Sneha Patil,7.0,13,196406.09,5,3,2,10,Potential Loyalists
CUST01974,Priya Deshmukh,33.0,14,195945.18,4,4,2,10,Potential Loyalists
CUST01903,Arjun Gupta,2.0,13,195653.63,5,3,2,10,Potential Loyalists
CUST03123,Aditya Nair,34.0,15,195133.15,4,4,2,10,Potential Loyalists
CUST05998,Karan Kumar,55.0,16,194970.47,3,5,2,10,Regular Customers
CUST04694,Rohan Deshmukh,6.0,12,194626.52,5,3,2,10,Potential Loyalists
CUST04637,Aditya Singh,16.0,14,194617.36,4,4,2,10,Potential Loyalists
CUST04421,Ananya Joshi,31.0,15,194464.28,4,4,2,10,Potential Loyalists
CUST05031,Kavya Sharma,39.0,16,194311.9,3,5,2,10,Regular Customers
CUST05167,Ananya Kumar,0.0,12,193624.03,5,3,2,10,Potential Loyalists
CUST05696,Vivaan Kumar,63.0,17,193478.47,3,5,2,10,Regular Customers
CUST05141,Vivaan Kumar,31.0,15,193108.14,4,4,2,10,Potential Loyalists
CUST05382,Rohan Verma,5.0,12,193099.21,5,3,2,10,Potential Loyalists
CUST01897,Aditya Joshi,15.0,12,192312.0,5,3,2,10,Potential Loyalists
CUST02364,Amit Deshmukh,21.0,14,192236.42,4,4,2,10,Potential Loyalists
CUST01201,Aarav Mehta,0.0,12,192167.73,5,3,2,10,Potential Loyalists
CUST01881,Isha Mhaske,31.0,14,191792.9,4,4,2,10,Potential Loyalists
CUST03930,Pooja Kumar,18.0,14,191597.81,4,4,2,10,Potential Loyalists
CUST01679,Meera Mehta,16.0,14,191222.17,4,4,2,10,Potential Loyalists
CUST01215,Isha Mhaske,3.0,13,190972.93,5,3,2,10,Potential Loyalists
CUST03681,Amit Verma,15.0,12,190770.96,5,3,2,10,Potential Loyalists
CUST00652,Isha Nair,7.0,13,190053.2,5,3,2,10,Potential Loyalists
CUST04359,Aarav Gupta,4.0,13,189891.71,5,3,2,10,Potential Loyalists
CUST02777,Priya Mehta,7.0,13,189270.44,5,3,2,10,Potential Loyalists
CUST05978,Karan Singh,17.0,15,188834.29,4,4,2,10,Potential Loyalists
CUST02651,Sneha Deshmukh,37.0,14,188601.57,4,4,2,10,Potential Loyalists
CUST00551,Isha Shah,9.0,13,188539.68,5,3,2,10,Potential Loyalists
CUST03755,Vivaan Mehta,3.0,12,188212.99,5,3,2,10,Potential Loyalists
CUST01776,Priya Verma,8.0,13,188109.86,5,3,2,10,Potential Loyalists
CUST02051,Amit Shah,9.0,13,188034.88,5,3,2,10,Potential Loyalists
CUST02983,Priya Shah,3.0,13,187887.13,5,3,2,10,Potential Loyalists
CUST02362,Isha Mehta,0.0,13,187759.72,5,3,2,10,Potential Loyalists
CUST05956,Amit Shah,11.0,13,187291.37,5,3,2,10,Potential Loyalists
CUST05210,Meera Joshi,20.0,15,186667.42,4,4,2,10,Potential Loyalists
CUST00001,Aarav Nair,21.0,14,186635.79,4,4,2,10,Potential Loyalists
CUST00979,Meera Patil,14.0,12,186269.37,5,3,2,10,Potential Loyalists
CUST01851,Rahul Singh,4.0,12,186190.52,5,3,2,10,Potential Loyalists
CUST02941,Pooja Shah,24.0,15,185422.15,4,4,2,10,Potential Loyalists
CUST05166,Arjun Nair,9.0,12,184898.12,5,3,2,10,Potential Loyalists
CUST04098,Arjun Patil,7.0,13,184563.29,5,3,2,10,Potential Loyalists
CUST01994,Ananya Verma,4.0,13,183260.94,5,3,2,10,Potential Loyalists
CUST03576,Karan Verma,35.0,14,183173.23,4,4,2,10,Potential Loyalists
CUST01693,Karan Mehta,13.0,12,182128.16,5,3,2,10,Potential Loyalists
CUST03617,Rohan Verma,26.0,14,182096.2,4,4,2,10,Potential Loyalists
CUST03467,Amit Singh,3.0,12,182072.58,5,3,2,10,Potential Loyalists
CUST04228,Karan Mehta,14.0,13,181977.17,5,3,2,10,Potential Loyalists
CUST02477,Amit Joshi,9.0,13,181671.31,5,3,2,10,Potential Loyalists
CUST02772,Meera Kumar,37.0,14,181593.76,4,4,2,10,Potential Loyalists
CUST01886,Sneha Mhaske,4.0,12,181575.1,5,3,2,10,Potential Loyalists
CUST05764,Vivaan Shah,21.0,14,181513.55,4,4,2,10,Potential Loyalists
CUST05392,Kavya Verma,10.0,12,181467.09,5,3,2,10,Potential Loyalists
CUST03513,Amit Sharma,15.0,13,181297.16,5,3,2,10,Potential Loyalists
CUST04891,Neha Verma,23.0,14,181077.38,4,4,2,10,Potential Loyalists
CUST03257,Isha Gupta,31.0,14,180746.66,4,4,2,10,Potential Loyalists
CUST01094,Amit Patil,14.0,12,179888.76,5,3,2,10,Potential Loyalists
CUST04801,Kavya Kumar,34.0,14,179687.82,4,4,2,10,Potential Loyalists
CUST01153,Rahul Sharma,17.0,15,179225.13,4,4,2,10,Potential Loyalists
CUST03886,Pooja Deshmukh,13.0,13,177012.66,5,3,2,10,Potential Loyalists
CUST02816,Ananya Kumar,3.0,12,176926.21,5,3,2,10,Potential Loyalists
CUST05608,Pooja Singh,16.0,14,175352.39,4,4,2,10,Potential Loyalists
CUST03289,Pooja Gupta,15.0,12,175268.08,5,3,2,10,Potential Loyalists
CUST01363,Rohan Nair,12.0,12,174646.39,5,3,2,10,Potential Loyalists
CUST00177,Neha Patil,15.0,12,173876.43,5,3,2,10,Potential Loyalists
CUST01328,Priya Nair,11.0,12,173875.03,5,3,2,10,Potential Loyalists
CUST01789,Priya Patil,11.0,12,173367.66,5,3,2,10,Potential Loyalists
CUST05907,Isha Singh,8.0,12,172842.83,5,3,2,10,Potential Loyalists
CUST01436,Pooja Singh,11.0,12,172308.02,5,3,2,10,Potential Loyalists
CUST01248,Amit Gupta,47.0,18,172154.22,3,5,2,10,Regular Customers
CUST02043,Vivaan Shah,4.0,12,172132.24,5,3,2,10,Potential Loyalists
CUST04217,Rahul Nair,26.0,14,171222.23,4,4,2,10,Potential Loyalists
CUST03544,Arjun Singh,17.0,14,170875.83,4,4,2,10,Potential Loyalists
CUST05271,Amit Kumar,12.0,12,170792.35,5,3,2,10,Potential Loyalists
CUST04566,Rohan Deshmukh,29.0,14,170778.24,4,4,2,10,Potential Loyalists
CUST01264,Vivaan Mhaske,31.0,14,170733.81,4,4,2,10,Potential Loyalists
CUST02906,Rahul Gupta,3.0,12,169615.18,5,3,2,10,Potential Loyalists
CUST01660,Arjun Joshi,0.0,12,169364.7,5,3,2,10,Potential Loyalists
CUST04358,Rahul Shah,24.0,14,169275.02,4,4,2,10,Potential Loyalists
CUST03408,Vivaan Singh,0.0,13,168849.18,5,3,2,10,Potential Loyalists
CUST00011,Rohan Singh,8.0,12,168682.39,5,3,2,10,Potential Loyalists
CUST00388,Aarav Mehta,29.0,14,168644.02,4,4,2,10,Potential Loyalists
CUST02052,Kavya Nair,20.0,14,168441.35,4,4,2,10,Potential Loyalists
CUST02416,Aditya Verma,0.0,12,168409.18,5,3,2,10,Potential Loyalists
CUST05836,Arjun Gupta,15.0,12,168366.22,5,3,2,10,Potential Loyalists
CUST00310,Amit Joshi,25.0,14,168327.14,4,4,2,10,Potential Loyalists
CUST01844,Kavya Joshi,0.0,12,167416.76,5,3,2,10,Potential Loyalists
CUST05601,Vivaan Deshmukh,12.0,13,167296.4,5,3,2,10,Potential Loyalists
CUST00436,Pooja Patil,2.0,13,166912.97,5,3,2,10,Potential Loyalists
CUST04933,Neha Joshi,10.0,12,166743.58,5,3,2,10,Potential Loyalists
CUST00841,Isha Mhaske,22.0,15,166356.03,4,4,2,10,Potential Loyalists
CUST05021,Sneha Mhaske,17.0,15,166282.05,4,4,2,10,Potential Loyalists
CUST03700,Priya Kumar,9.0,13,165627.7,5,3,2,10,Potential Loyalists
CUST05050,Pooja Kumar,0.0,13,165588.03,5,3,2,10,Potential Loyalists
CUST05533,Priya Joshi,1.0,13,164981.81,5,3,2,10,Potential Loyalists
CUST03527,Ananya Singh,37.0,15,164512.47,4,4,2,10,Potential Loyalists
CUST03985,Meera Verma,4.0,13,164449.55,5,3,2,10,Potential Loyalists
CUST03190,Arjun Nair,16.0,14,164015.47,4,4,2,10,Potential Loyalists
CUST05354,Ananya Mehta,29.0,15,163497.3,4,4,2,10,Potential Loyalists
CUST00634,Neha Shah,2.0,12,163137.68,5,3,2,10,Potential Loyalists
CUST01219,Amit Sharma,38.0,17,162478.11,3,5,2,10,Regular Customers
CUST05492,Pooja Sharma,34.0,14,161775.8,4,4,2,10,Potential Loyalists
CUST05679,Priya Singh,13.0,12,160392.56,5,3,2,10,Potential Loyalists
CUST03800,Kavya Sharma,10.0,12,160302.13,5,3,2,10,Potential Loyalists
CUST03525,Isha Singh,0.0,13,160186.79,5,3,2,10,Potential Loyalists
CUST02794,Isha Patil,24.0,15,160049.96,4,4,2,10,Potential Loyalists
CUST01761,Vivaan Deshmukh,6.0,13,159761.69,5,3,2,10,Potential Loyalists
CUST01721,Aarav Patil,2.0,12,159655.65,5,3,2,10,Potential Loyalists
CUST01410,Aditya Nair,10.0,12,159545.95,5,3,2,10,Potential Loyalists
CUST05233,Arjun Verma,4.0,12,159418.65,5,3,2,10,Potential Loyalists
CUST04915,Vivaan Mhaske,54.0,16,158806.81,3,5,2,10,Regular Customers
CUST00873,Meera Nair,19.0,14,157711.46,4,4,2,10,Potential Loyalists
CUST00316,Vivaan Singh,19.0,14,156466.6,4,4,2,10,Potential Loyalists
CUST00419,Aarav Kumar,7.0,12,155856.82,5,3,2,10,Potential Loyalists
CUST03202,Priya Gupta,24.0,15,155775.82,4,4,2,10,Potential Loyalists
CUST02938,Aditya Joshi,22.0,14,154609.98,4,4,2,10,Potential Loyalists
CUST00766,Priya Singh,5.0,12,152383.92,5,3,2,10,Potential Loyalists
CUST03274,Isha Singh,3.0,13,152327.39,5,3,2,10,Potential Loyalists
CUST00048,Sneha Deshmukh,14.0,12,152323.52,5,3,2,10,Potential Loyalists
CUST04818,Pooja Sharma,4.0,12,152320.99,5,3,2,10,Potential Loyalists
CUST02573,Amit Mhaske,14.0,13,152306.55,5,3,2,10,Potential Loyalists
CUST03090,Kavya Sharma,0.0,12,151888.76,5,3,2,10,Potential Loyalists
CUST00038,Meera Verma,30.0,14,151779.91,4,4,2,10,Potential Loyalists
CUST05064,Priya Nair,12.0,13,151102.77,5,3,2,10,Potential Loyalists
CUST04691,Neha Joshi,11.0,13,150963.63,5,3,2,10,Potential Loyalists
CUST03582,Neha Deshmukh,48.0,17,150206.92,3,5,2,10,Regular Customers
CUST01324,Aditya Patil,33.0,18,149925.85,4,5,1,10,Regular Customers
CUST03523,Rohan Joshi,3.0,14,145501.23,5,4,1,10,Regular Customers
CUST01836,Rohan Deshmukh,1.0,15,145273.81,5,4,1,10,Regular Customers
CUST03842,Isha Gupta,5.0,14,143834.9,5,4,1,10,Regular Customers
CUST02392,Aditya Patil,12.0,15,142341.07,5,4,1,10,Regular Customers
CUST00237,Arjun Sharma,5.0,14,141387.61,5,4,1,10,Regular Customers
CUST03177,Meera Nair,7.0,14,118988.37,5,4,1,10,Regular Customers
CUST04041,Pooja Verma,4.0,14,115308.42,5,4,1,10,Regular Customers
CUST04699,Amit Verma,142.0,11,369992.53,1,3,5,9,At Risk
CUST05937,Vivaan Singh,172.0,11,359726.17,1,3,5,9,At Risk
CUST03282,Rahul Joshi,147.0,12,359660.68,1,3,5,9,At Risk
CUST01500,Rohan Kumar,218.0,12,354587.84,1,3,5,9,At Risk
CUST01959,Rohan Shah,198.0,11,335104.58,1,3,5,9,At Risk
CUST02290,Aarav Sharma,281.0,11,331939.18,1,3,5,9,At Risk
CUST04361,Priya Nair,67.0,11,321239.28,2,2,5,9,Regular Customers
CUST02358,Karan Mhaske,178.0,12,319835.04,1,3,5,9,At Risk
CUST02247,Aarav Verma,83.0,10,319510.88,2,2,5,9,Regular Customers
CUST02232,Rohan Sharma,113.0,11,316846.03,2,2,5,9,Regular Customers
CUST03993,Vivaan Kumar,61.0,9,315878.77,3,1,5,9,Regular Customers
CUST05358,Isha Kumar,96.0,10,311995.97,2,2,5,9,Regular Customers
CUST03356,Ananya Mhaske,138.0,12,311471.58,1,3,5,9,At Risk
CUST05915,Priya Patil,65.0,9,306652.18,3,1,5,9,Regular Customers
CUST02937,Rahul Sharma,142.0,12,301278.56,1,3,5,9,At Risk
CUST01888,Arjun Sharma,59.0,10,298462.84,3,2,4,9,Regular Customers
CUST02908,Pooja Deshmukh,185.0,15,297436.65,1,4,4,9,At Risk
CUST00878,Meera Kumar,232.0,13,297195.45,1,4,4,9,At Risk
CUST03957,Vivaan Deshmukh,80.0,12,297040.7,2,3,4,9,At Risk
CUST01296,Karan Shah,78.0,12,295773.88,2,3,4,9,At Risk
CUST01863,Meera Singh,54.0,11,295723.45,3,2,4,9,Regular Customers
CUST00261,Isha Sharma,154.0,14,291673.03,1,4,4,9,At Risk
CUST04921,Karan Kumar,42.0,11,291669.7,3,2,4,9,Regular Customers
CUST05570,Arjun Nair,227.0,13,291362.08,1,4,4,9,At Risk
CUST00380,Priya Mehta,121.0,14,291019.57,1,4,4,9,At Risk
CUST04264,Pooja Joshi,84.0,12,289729.99,2,3,4,9,At Risk
CUST04947,Kavya Nair,72.0,12,289693.5,2,3,4,9,At Risk
CUST04052,Ananya Verma,159.0,14,288640.91,1,4,4,9,At Risk
CUST00666,Rahul Kumar,121.0,13,287333.11,1,4,4,9,At Risk
CUST02282,Kavya Kumar,154.0,14,287329.59,1,4,4,9,At Risk
CUST05531,Arjun Kumar,60.0,11,285245.31,3,2,4,9,Regular Customers
CUST01842,Rahul Gupta,189.0,14,284578.1,1,4,4,9,At Risk
CUST03819,Vivaan Shah,198.0,15,282692.5,1,4,4,9,At Risk
CUST01432,Amit Kumar,140.0,13,281864.95,1,4,4,9,At Risk
CUST00274,Rohan Sharma,164.0,15,281855.82,1,4,4,9,At Risk
CUST03778,Aarav Singh,253.0,14,281645.9,1,4,4,9,At Risk
CUST04609,Priya Nair,87.0,12,280879.27,2,3,4,9,At Risk
CUST05403,Aarav Mehta,102.0,12,280247.05,2,3,4,9,At Risk
CUST02858,Kavya Gupta,229.0,13,279353.83,1,4,4,9,At Risk
CUST05154,Rahul Patil,133.0,13,279307.71,1,4,4,9,At Risk
CUST04612,Isha Sharma,146.0,13,278173.92,1,4,4,9,At Risk
CUST03583,Aarav Sharma,85.0,12,277704.05,2,3,4,9,At Risk
CUST01960,Aditya Sharma,93.0,12,276741.24,2,3,4,9,At Risk
CUST04758,Kavya Kumar,121.0,15,276611.01,1,4,4,9,At Risk
CUST05380,Rohan Patil,188.0,13,276566.95,1,4,4,9,At Risk
CUST05051,Aditya Sharma,70.0,13,276502.82,2,3,4,9,At Risk
CUST01250,Karan Kumar,112.0,13,276177.42,2,3,4,9,At Risk
CUST02359,Isha Joshi,72.0,12,275696.36,2,3,4,9,At Risk
CUST00672,Aditya Sharma,92.0,13,275554.29,2,3,4,9,At Risk
CUST03566,Kavya Singh,52.0,10,275325.18,3,2,4,9,Regular Customers
CUST04515,Aditya Mehta,103.0,12,275002.09,2,3,4,9,At Risk
CUST02269,Meera Nair,136.0,14,274546.49,1,4,4,9,At Risk
CUST03885,Priya Patil,150.0,14,274486.17,1,4,4,9,At Risk
CUST05310,Kavya Sharma,68.0,12,273975.87,2,3,4,9,At Risk
CUST02354,Rohan Mhaske,305.0,14,273970.2,1,4,4,9,At Risk
CUST03924,Vivaan Verma,84.0,12,273610.38,2,3,4,9,At Risk
CUST03035,Sneha Verma,114.0,12,273321.75,2,3,4,9,At Risk
CUST02560,Vivaan Mehta,67.0,12,273202.44,2,3,4,9,At Risk
CUST01982,Kavya Mhaske,66.0,11,273151.72,3,2,4,9,Regular Customers
CUST04277,Priya Kumar,66.0,10,272954.82,3,2,4,9,Regular Customers
CUST00654,Kavya Gupta,51.0,11,272871.41,3,2,4,9,Regular Customers
CUST03854,Aditya Gupta,107.0,12,272221.37,2,3,4,9,At Risk
CUST02296,Sneha Nair,87.0,13,272177.11,2,3,4,9,At Risk
CUST05499,Pooja Patil,135.0,15,272063.23,1,4,4,9,At Risk
CUST05076,Karan Gupta,76.0,13,271963.69,2,3,4,9,At Risk
CUST04411,Neha Gupta,17.0,9,271325.57,4,1,4,9,Regular Customers
CUST04951,Kavya Verma,105.0,13,270934.99,2,3,4,9,At Risk
CUST05160,Karan Joshi,213.0,14,270916.7,1,4,4,9,At Risk
CUST02848,Karan Patil,251.0,15,270090.32,1,4,4,9,At Risk
CUST05410,Arjun Mehta,89.0,13,269535.46,2,3,4,9,At Risk
CUST01480,Arjun Sharma,58.0,11,269225.68,3,2,4,9,Regular Customers
CUST05656,Vivaan Sharma,42.0,10,269160.0,3,2,4,9,Regular Customers
CUST01194,Vivaan Verma,223.0,14,268963.69,1,4,4,9,At Risk
CUST05283,Arjun Verma,196.0,14,268319.48,1,4,4,9,At Risk
CUST01909,Isha Nair,124.0,15,268219.16,1,4,4,9,At Risk
CUST04920,Meera Mehta,84.0,13,268170.36,2,3,4,9,At Risk
CUST04556,Sneha Mehta,59.0,11,267793.9,3,2,4,9,Regular Customers
CUST01395,Karan Patil,54.0,10,267792.72,3,2,4,9,Regular Customers
CUST02542,Sneha Gupta,183.0,14,267057.83,1,4,4,9,At Risk
CUST03539,Pooja Verma,77.0,13,266876.82,2,3,4,9,At Risk
CUST00297,Vivaan Patil,65.0,11,266570.13,3,2,4,9,Regular Customers
CUST04517,Kavya Sharma,183.0,15,266162.73,1,4,4,9,At Risk
CUST05932,Meera Verma,161.0,14,265477.48,1,4,4,9,At Risk
CUST00356,Isha Nair,120.0,12,265357.23,2,3,4,9,At Risk
CUST05797,Kavya Deshmukh,80.0,12,265219.25,2,3,4,9,At Risk
CUST00837,Aarav Mehta,71.0,12,264803.0,2,3,4,9,At Risk
CUST05928,Sneha Singh,286.0,14,263886.16,1,4,4,9,At Risk
CUST03616,Meera Kumar,50.0,11,263627.31,3,2,4,9,Regular Customers
CUST03427,Neha Patil,123.0,15,263497.03,1,4,4,9,At Risk
CUST04113,Sneha Singh,157.0,14,263399.04,1,4,4,9,At Risk
CUST00849,Pooja Shah,107.0,13,263093.59,2,3,4,9,At Risk
CUST01476,Rohan Shah,78.0,13,263005.55,2,3,4,9,At Risk
CUST00967,Rahul Joshi,95.0,12,262813.74,2,3,4,9,At Risk
CUST00645,Vivaan Gupta,94.0,13,262444.62,2,3,4,9,At Risk
CUST05673,Priya Gupta,301.0,14,262088.04,1,4,4,9,At Risk
CUST04001,Priya Kumar,131.0,14,261876.95,1,4,4,9,At Risk
CUST00592,Amit Verma,212.0,14,261823.55,1,4,4,9,At Risk
CUST01079,Aditya Mehta,87.0,13,261757.22,2,3,4,9,At Risk
CUST04826,Rohan Joshi,49.0,10,261747.06,3,2,4,9,Regular Customers
CUST01217,Kavya Shah,67.0,12,261534.11,2,3,4,9,At Risk
CUST03099,Meera Verma,54.0,10,260808.46,3,2,4,9,Regular Customers
CUST02618,Rahul Singh,122.0,14,259682.85,1,4,4,9,At Risk
CUST01827,Amit Shah,90.0,13,259545.26,2,3,4,9,At Risk
CUST01745,Priya Kumar,211.0,15,259272.08,1,4,4,9,At Risk
CUST01861,Rohan Verma,68.0,13,259248.67,2,3,4,9,At Risk
CUST04206,Isha Singh,158.0,15,258298.83,1,4,4,9,At Risk
CUST05702,Arjun Verma,71.0,13,258165.03,2,3,4,9,At Risk
CUST04402,Kavya Sharma,53.0,10,258117.74,3,2,4,9,Regular Customers
CUST02444,Vivaan Deshmukh,51.0,11,257513.24,3,2,4,9,Regular Customers
CUST02553,Neha Sharma,86.0,13,256993.91,2,3,4,9,At Risk
CUST01132,Vivaan Shah,130.0,14,256318.1,1,4,4,9,At Risk
CUST01356,Aditya Gupta,168.0,14,256308.05,1,4,4,9,At Risk
CUST01433,Aditya Joshi,154.0,14,256203.62,1,4,4,9,At Risk
CUST05100,Rohan Mehta,69.0,12,256172.04,2,3,4,9,At Risk
CUST04189,Karan Patil,93.0,12,256071.71,2,3,4,9,At Risk
CUST04985,Rohan Gupta,82.0,13,255763.66,2,3,4,9,At Risk
CUST05314,Isha Nair,45.0,11,255735.18,3,2,4,9,Regular Customers
CUST00548,Vivaan Singh,39.0,11,255625.08,3,2,4,9,Regular Customers
CUST00334,Meera Mhaske,209.0,14,255236.34,1,4,4,9,At Risk
CUST01304,Pooja Joshi,43.0,11,254784.97,3,2,4,9,Regular Customers
CUST01644,Karan Mehta,98.0,13,254780.06,2,3,4,9,At Risk
CUST02209,Meera Nair,38.0,11,254640.97,3,2,4,9,Regular Customers
CUST04721,Aditya Shah,168.0,14,254423.7,1,4,4,9,At Risk
CUST04401,Sneha Mhaske,73.0,12,254417.36,2,3,4,9,At Risk
CUST03925,Sneha Singh,39.0,11,254284.11,3,2,4,9,Regular Customers
CUST02342,Ananya Verma,54.0,10,254189.24,3,2,4,9,Regular Customers
CUST04230,Karan Nair,27.0,9,254126.74,4,1,4,9,Regular Customers
CUST05455,Pooja Kumar,185.0,15,254120.19,1,4,4,9,At Risk
CUST01765,Aditya Sharma,96.0,13,254097.09,2,3,4,9,At Risk
CUST03760,Sneha Shah,48.0,11,253783.04,3,2,4,9,Regular Customers
CUST05259,Rahul Sharma,86.0,12,253742.71,2,3,4,9,At Risk
CUST05365,Rohan Shah,152.0,15,253741.95,1,4,4,9,At Risk
CUST00159,Ananya Mehta,87.0,12,253734.1,2,3,4,9,At Risk
CUST03444,Rohan Sharma,88.0,12,253496.57,2,3,4,9,At Risk
CUST03550,Sneha Mhaske,69.0,12,253390.04,2,3,4,9,At Risk
CUST05197,Karan Mhaske,196.0,15,253229.78,1,4,4,9,At Risk
CUST00167,Kavya Verma,70.0,12,253146.39,2,3,4,9,At Risk
CUST05491,Arjun Mehta,162.0,15,253099.26,1,4,4,9,At Risk
CUST03836,Aditya Mhaske,114.0,13,252435.53,2,3,4,9,At Risk
CUST04849,Meera Verma,38.0,10,252321.21,3,2,4,9,Regular Customers
CUST01706,Ananya Kumar,95.0,12,252279.07,2,3,4,9,At Risk
CUST03242,Pooja Shah,91.0,12,252003.3,2,3,4,9,At Risk
CUST04245,Vivaan Sharma,92.0,12,251932.63,2,3,4,9,At Risk
CUST03016,Pooja Mehta,96.0,13,251080.34,2,3,4,9,At Risk
CUST01418,Meera Sharma,156.0,14,251068.89,1,4,4,9,At Risk
CUST05715,Karan Mehta,103.0,13,250969.91,2,3,4,9,At Risk
CUST03212,Karan Kumar,170.0,15,250900.7,1,4,4,9,At Risk
CUST00155,Kavya Patil,66.0,10,250770.16,3,2,4,9,Regular Customers
CUST04286,Kavya Verma,41.0,11,250579.62,3,2,4,9,Regular Customers
CUST03395,Aditya Nair,38.0,11,250549.01,3,2,4,9,Regular Customers
CUST05445,Arjun Nair,74.0,13,250082.06,2,3,4,9,At Risk
CUST02230,Neha Sharma,190.0,14,249928.37,1,4,4,9,At Risk
CUST01883,Arjun Singh,138.0,14,249473.01,1,4,4,9,At Risk
CUST00169,Pooja Patil,94.0,13,249303.77,2,3,4,9,At Risk
CUST05641,Isha Patil,44.0,11,248581.92,3,2,4,9,Regular Customers
CUST05458,Pooja Patil,103.0,13,248131.81,2,3,4,9,At Risk
CUST02449,Karan Joshi,165.0,14,247798.7,1,4,4,9,At Risk
CUST01646,Pooja Sharma,170.0,15,247560.09,1,4,4,9,At Risk
CUST00350,Meera Patil,44.0,10,247495.43,3,2,4,9,Regular Customers
CUST01625,Arjun Sharma,119.0,13,247145.93,2,3,4,9,At Risk
CUST04154,Aditya Sharma,159.0,15,246419.63,1,4,4,9,At Risk
CUST01168,Arjun Patil,88.0,12,246190.52,2,3,4,9,At Risk
CUST01178,Vivaan Mhaske,233.0,14,245928.89,1,4,4,9,At Risk
CUST02391,Kavya Verma,169.0,14,245915.25,1,4,4,9,At Risk
CUST01334,Isha Deshmukh,272.0,15,245674.58,1,4,4,9,At Risk
CUST02823,Amit Gupta,150.0,15,245277.95,1,4,4,9,At Risk
CUST01744,Vivaan Deshmukh,76.0,13,245005.04,2,3,4,9,At Risk
CUST02603,Priya Sharma,65.0,10,244974.82,3,2,4,9,Regular Customers
CUST04692,Arjun Verma,50.0,11,244973.59,3,2,4,9,Regular Customers
CUST05013,Vivaan Nair,75.0,13,244828.97,2,3,4,9,At Risk
CUST01406,Rahul Patil,60.0,10,244612.41,3,2,4,9,Regular Customers
CUST01301,Aarav Singh,56.0,10,244555.13,3,2,4,9,Regular Customers
CUST00361,Aditya Shah,42.0,10,244490.83,3,2,4,9,Regular Customers
CUST03067,Neha Gupta,96.0,12,244144.56,2,3,4,9,At Risk
CUST03865,Neha Deshmukh,98.0,12,243565.92,2,3,4,9,At Risk
CUST01303,Amit Patil,65.0,11,243416.54,3,2,4,9,Regular Customers
CUST02866,Ananya Mhaske,118.0,12,243314.44,2,3,4,9,At Risk
CUST01603,Aditya Joshi,50.0,10,243213.83,3,2,4,9,Regular Customers
CUST02952,Vivaan Mhaske,17.0,10,242648.56,4,2,3,9,Potential Loyalists
CUST00147,Pooja Singh,77.0,15,242633.96,2,4,3,9,At Risk
CUST04485,Rahul Shah,57.0,12,242233.42,3,3,3,9,Regular Customers
CUST04751,Priya Mhaske,58.0,12,241677.48,3,3,3,9,Regular Customers
CUST02714,Pooja Sharma,38.0,12,241573.83,3,3,3,9,Regular Customers
CUST03537,Rohan Joshi,50.0,13,241200.41,3,3,3,9,Regular Customers
CUST04150,Rohan Joshi,77.0,15,240981.19,2,4,3,9,At Risk
CUST02773,Karan Joshi,7.0,9,240874.92,5,1,3,9,Regular Customers
CUST01536,Rohan Nair,46.0,12,240662.57,3,3,3,9,Regular Customers
CUST02238,Neha Mehta,79.0,15,240347.36,2,4,3,9,At Risk
CUST03428,Arjun Deshmukh,66.0,13,240169.65,3,3,3,9,Regular Customers
CUST05209,Neha Joshi,62.0,12,240021.78,3,3,3,9,Regular Customers
CUST05184,Pooja Verma,62.0,13,239931.94,3,3,3,9,Regular Customers
CUST00789,Karan Sharma,114.0,14,239704.87,2,4,3,9,At Risk
CUST02577,Sneha Mhaske,51.0,13,239513.81,3,3,3,9,Regular Customers
CUST04149,Ananya Gupta,40.0,13,239387.69,3,3,3,9,Regular Customers
CUST04512,Rohan Patil,119.0,14,239286.56,2,4,3,9,At Risk
CUST02974,Pooja Nair,50.0,12,239226.68,3,3,3,9,Regular Customers
CUST03394,Kavya Patil,21.0,10,238933.68,4,2,3,9,Potential Loyalists
CUST05123,Pooja Mhaske,175.0,16,238905.28,1,5,3,9,At Risk
CUST01247,Rahul Patil,60.0,12,238634.61,3,3,3,9,Regular Customers
CUST02020,Ananya Mehta,77.0,14,238586.07,2,4,3,9,At Risk
CUST04300,Ananya Shah,88.0,14,238317.28,2,4,3,9,At Risk
CUST03464,Rahul Mhaske,34.0,11,238214.76,4,2,3,9,Potential Loyalists
CUST01378,Amit Verma,0.0,9,237976.81,5,1,3,9,Regular Customers
CUST02222,Arjun Patil,25.0,11,237863.25,4,2,3,9,Potential Loyalists
CUST01590,Aditya Patil,64.0,12,237683.44,3,3,3,9,Regular Customers
CUST00754,Amit Patil,51.0,13,237642.86,3,3,3,9,Regular Customers
CUST04685,Arjun Joshi,59.0,13,237205.63,3,3,3,9,Regular Customers
CUST04312,Aarav Mehta,77.0,15,237140.84,2,4,3,9,At Risk
CUST05546,Kavya Gupta,297.0,17,236764.43,1,5,3,9,At Risk
CUST01050,Pooja Singh,17.0,10,236576.05,4,2,3,9,Potential Loyalists
CUST00006,Amit Nair,9.0,9,236402.48,5,1,3,9,Regular Customers
CUST04501,Ananya Sharma,39.0,12,236374.83,3,3,3,9,Regular Customers
CUST00638,Meera Nair,67.0,15,236309.43,2,4,3,9,At Risk
CUST04177,Meera Verma,40.0,12,235638.57,3,3,3,9,Regular Customers
CUST05011,Kavya Nair,4.0,9,235586.66,5,1,3,9,Regular Customers
CUST05790,Ananya Deshmukh,51.0,12,235555.72,3,3,3,9,Regular Customers
CUST03789,Priya Mhaske,41.0,13,234537.88,3,3,3,9,Regular Customers
CUST04642,Rahul Verma,27.0,11,234175.74,4,2,3,9,Potential Loyalists
CUST05479,Aarav Singh,275.0,16,233924.92,1,5,3,9,At Risk
CUST04652,Priya Singh,112.0,15,233844.31,2,4,3,9,At Risk
CUST02188,Isha Singh,16.0,11,233791.73,4,2,3,9,Potential Loyalists
CUST05916,Aditya Gupta,86.0,15,233727.92,2,4,3,9,At Risk
CUST02991,Priya Gupta,65.0,12,232982.18,3,3,3,9,Regular Customers
CUST03409,Neha Gupta,50.0,13,232734.06,3,3,3,9,Regular Customers
CUST05316,Kavya Kumar,37.0,12,232520.9,3,3,3,9,Regular Customers
CUST03730,Sneha Sharma,51.0,13,232424.89,3,3,3,9,Regular Customers
CUST01589,Aarav Deshmukh,83.0,14,232419.37,2,4,3,9,At Risk
CUST04129,Kavya Shah,115.0,14,232325.81,2,4,3,9,At Risk
CUST03947,Pooja Verma,0.0,8,232286.52,5,1,3,9,Regular Customers
CUST02144,Rohan Verma,52.0,13,231204.19,3,3,3,9,Regular Customers
CUST03895,Vivaan Kumar,63.0,13,230512.16,3,3,3,9,Regular Customers
CUST00461,Amit Mhaske,38.0,12,230049.7,3,3,3,9,Regular Customers
CUST03435,Aarav Mehta,62.0,12,229908.74,3,3,3,9,Regular Customers
CUST01609,Kavya Patil,109.0,15,229887.94,2,4,3,9,At Risk
CUST01852,Arjun Joshi,42.0,13,229841.55,3,3,3,9,Regular Customers
CUST04053,Ananya Shah,114.0,14,229821.37,2,4,3,9,At Risk
CUST02522,Neha Singh,20.0,11,229745.75,4,2,3,9,Potential Loyalists
CUST03628,Sneha Verma,59.0,13,229053.16,3,3,3,9,Regular Customers
CUST00717,Vivaan Gupta,40.0,13,228993.23,3,3,3,9,Regular Customers
CUST04242,Sneha Nair,132.0,16,228930.73,1,5,3,9,At Risk
CUST02498,Rohan Mhaske,67.0,14,228793.64,2,4,3,9,At Risk
CUST00214,Amit Kumar,63.0,12,228445.22,3,3,3,9,Regular Customers
CUST01126,Rohan Sharma,12.0,9,228162.43,5,1,3,9,Regular Customers
CUST00068,Pooja Deshmukh,19.0,11,228071.78,4,2,3,9,Potential Loyalists
CUST02663,Priya Verma,97.0,14,227709.85,2,4,3,9,At Risk
CUST00054,Rahul Singh,5.0,8,227572.21,5,1,3,9,Regular Customers
CUST03876,Vivaan Mehta,86.0,14,227511.67,2,4,3,9,At Risk
CUST01801,Rohan Mehta,131.0,16,226885.03,1,5,3,9,At Risk
CUST00041,Vivaan Deshmukh,91.0,15,226233.72,2,4,3,9,At Risk
CUST01373,Amit Shah,67.0,15,226199.31,2,4,3,9,At Risk
CUST05045,Sneha Shah,50.0,13,225794.92,3,3,3,9,Regular Customers
CUST00173,Neha Deshmukh,98.0,14,225423.78,2,4,3,9,At Risk
CUST02158,Arjun Patil,65.0,13,225200.22,3,3,3,9,Regular Customers
CUST05419,Aarav Mehta,54.0,13,224891.78,3,3,3,9,Regular Customers
CUST00590,Amit Sharma,77.0,14,224783.65,2,4,3,9,At Risk
CUST00755,Aarav Nair,18.0,11,224470.7,4,2,3,9,Potential Loyalists
CUST02487,Meera Verma,63.0,13,224441.81,3,3,3,9,Regular Customers
CUST00600,Neha Shah,46.0,12,224395.97,3,3,3,9,Regular Customers
CUST05099,Arjun Joshi,106.0,14,224111.3,2,4,3,9,At Risk
CUST03880,Karan Mhaske,11.0,9,224011.86,5,1,3,9,Regular Customers
CUST03495,Rohan Singh,119.0,14,223633.45,2,4,3,9,At Risk
CUST00853,Arjun Deshmukh,127.0,17,223533.08,1,5,3,9,At Risk
CUST05077,Rohan Nair,100.0,14,223486.9,2,4,3,9,At Risk
CUST04528,Rahul Nair,105.0,14,223384.12,2,4,3,9,At Risk
CUST01281,Neha Patil,42.0,13,223348.73,3,3,3,9,Regular Customers
CUST00444,Meera Singh,48.0,13,223222.76,3,3,3,9,Regular Customers
CUST05643,Vivaan Sharma,21.0,11,222972.75,4,2,3,9,Potential Loyalists
CUST00966,Meera Mehta,26.0,11,222964.88,4,2,3,9,Potential Loyalists
CUST03727,Ananya Verma,99.0,15,222895.28,2,4,3,9,At Risk
CUST00702,Sneha Shah,41.0,13,222694.05,3,3,3,9,Regular Customers
CUST00753,Aarav Shah,28.0,11,222432.62,4,2,3,9,Potential Loyalists
CUST04313,Isha Singh,154.0,16,222416.92,1,5,3,9,At Risk
CUST03966,Aditya Shah,52.0,13,222268.69,3,3,3,9,Regular Customers
CUST03818,Priya Singh,44.0,12,221970.69,3,3,3,9,Regular Customers
CUST00085,Priya Mhaske,53.0,12,221828.51,3,3,3,9,Regular Customers
CUST04395,Pooja Sharma,118.0,15,221471.82,2,4,3,9,At Risk
CUST02599,Vivaan Gupta,91.0,14,221463.88,2,4,3,9,At Risk
CUST02789,Meera Mhaske,74.0,14,221004.79,2,4,3,9,At Risk
CUST03701,Neha Gupta,113.0,14,220933.0,2,4,3,9,At Risk
CUST04754,Sneha Mehta,56.0,12,220865.24,3,3,3,9,Regular Customers
CUST02003,Kavya Verma,60.0,12,220782.88,3,3,3,9,Regular Customers
CUST03385,Vivaan Verma,18.0,11,220263.25,4,2,3,9,Potential Loyalists
CUST04200,Aarav Deshmukh,24.0,11,220155.83,4,2,3,9,Potential Loyalists
CUST03122,Aarav Joshi,39.0,12,220073.48,3,3,3,9,Regular Customers
CUST01504,Amit Mehta,92.0,14,219602.08,2,4,3,9,At Risk
CUST02201,Karan Sharma,29.0,11,219551.3,4,2,3,9,Potential Loyalists
CUST02257,Aarav Singh,22.0,11,219476.82,4,2,3,9,Potential Loyalists
CUST01461,Vivaan Gupta,45.0,12,219430.39,3,3,3,9,Regular Customers
CUST03845,Aditya Nair,74.0,15,219102.69,2,4,3,9,At Risk
CUST00952,Kavya Mhaske,78.0,15,218953.52,2,4,3,9,At Risk
CUST04757,Sneha Mhaske,10.0,9,218937.74,5,1,3,9,Regular Customers
CUST03126,Amit Mhaske,30.0,11,218665.59,4,2,3,9,Potential Loyalists
CUST03672,Rohan Sharma,48.0,12,217867.07,3,3,3,9,Regular Customers
CUST02012,Amit Mhaske,19.0,10,217822.05,4,2,3,9,Potential Loyalists
CUST03592,Pooja Deshmukh,58.0,13,217582.15,3,3,3,9,Regular Customers
CUST01924,Aditya Verma,8.0,9,217270.62,5,1,3,9,Regular Customers
CUST02408,Rohan Mehta,77.0,14,217112.28,2,4,3,9,At Risk
CUST03160,Aditya Singh,24.0,10,216213.84,4,2,3,9,Potential Loyalists
CUST00286,Vivaan Verma,68.0,14,215721.74,2,4,3,9,At Risk
CUST01347,Meera Sharma,34.0,10,215213.53,4,2,3,9,Potential Loyalists
CUST05256,Rahul Deshmukh,59.0,13,215033.85,3,3,3,9,Regular Customers
CUST02276,Priya Sharma,245.0,18,214660.32,1,5,3,9,At Risk
CUST03911,Aditya Kumar,54.0,12,214568.66,3,3,3,9,Regular Customers
CUST03959,Isha Patil,61.0,12,214564.4,3,3,3,9,Regular Customers
CUST01068,Isha Joshi,59.0,12,214306.26,3,3,3,9,Regular Customers
CUST04853,Kavya Nair,63.0,13,214237.35,3,3,3,9,Regular Customers
CUST02701,Meera Kumar,45.0,12,214165.45,3,3,3,9,Regular Customers
CUST04016,Ananya Nair,75.0,14,214035.07,2,4,3,9,At Risk
CUST04662,Ananya Gupta,63.0,12,213959.37,3,3,3,9,Regular Customers
CUST01203,Aarav Sharma,29.0,11,213720.44,4,2,3,9,Potential Loyalists
CUST05334,Aarav Gupta,18.0,10,213272.77,4,2,3,9,Potential Loyalists
CUST02175,Ananya Sharma,28.0,11,212262.44,4,2,3,9,Potential Loyalists
CUST04925,Rohan Shah,57.0,13,211931.21,3,3,3,9,Regular Customers
CUST04096,Aarav Gupta,38.0,13,211919.44,3,3,3,9,Regular Customers
CUST02434,Rohan Mehta,83.0,15,211890.22,2,4,3,9,At Risk
CUST04875,Sneha Joshi,32.0,11,211702.07,4,2,3,9,Potential Loyalists
CUST05387,Aarav Gupta,190.0,16,210897.59,1,5,3,9,At Risk
CUST05992,Rohan Mhaske,42.0,13,210804.0,3,3,3,9,Regular Customers
CUST00759,Pooja Mehta,20.0,11,210776.81,4,2,3,9,Potential Loyalists
CUST04210,Aditya Sharma,42.0,13,210747.51,3,3,3,9,Regular Customers
CUST05388,Aarav Sharma,0.0,8,210661.41,5,1,3,9,Regular Customers
CUST00941,Arjun Gupta,84.0,14,210372.28,2,4,3,9,At Risk
CUST04315,Kavya Kumar,114.0,15,210079.91,2,4,3,9,At Risk
CUST01743,Rohan Patil,83.0,14,210073.51,2,4,3,9,At Risk
CUST02595,Priya Mehta,56.0,13,209968.68,3,3,3,9,Regular Customers
CUST02438,Karan Joshi,63.0,13,209808.66,3,3,3,9,Regular Customers
CUST01898,Neha Mhaske,84.0,15,209651.24,2,4,3,9,At Risk
CUST00221,Amit Singh,48.0,13,209447.53,3,3,3,9,Regular Customers
CUST02804,Priya Sharma,64.0,13,209355.08,3,3,3,9,Regular Customers
CUST02488,Ananya Patil,19.0,11,209149.2,4,2,3,9,Potential Loyalists
CUST03504,Arjun Gupta,60.0,13,209131.64,3,3,3,9,Regular Customers
CUST03827,Rahul Mehta,29.0,10,209125.3,4,2,3,9,Potential Loyalists
CUST03619,Neha Mehta,31.0,10,208666.15,4,2,3,9,Potential Loyalists
CUST01550,Aarav Verma,32.0,11,208662.13,4,2,3,9,Potential Loyalists
CUST01445,Kavya Mhaske,54.0,12,208563.05,3,3,3,9,Regular Customers
CUST00529,Ananya Kumar,40.0,13,208549.57,3,3,3,9,Regular Customers
CUST00443,Aditya Shah,41.0,12,208146.44,3,3,3,9,Regular Customers
CUST01714,Rohan Deshmukh,18.0,11,208049.72,4,2,3,9,Potential Loyalists
CUST00344,Rohan Verma,13.0,9,207958.68,5,1,3,9,Regular Customers
CUST02558,Vivaan Kumar,10.0,9,207935.27,5,1,3,9,Regular Customers
CUST05575,Sneha Verma,25.0,11,207928.71,4,2,3,9,Potential Loyalists
CUST01007,Priya Joshi,42.0,12,207633.64,3,3,3,9,Regular Customers
CUST05402,Arjun Kumar,61.0,13,207202.31,3,3,3,9,Regular Customers
CUST05516,Kavya Mehta,48.0,13,206847.18,3,3,3,9,Regular Customers
CUST03372,Rahul Deshmukh,34.0,10,206674.06,4,2,3,9,Potential Loyalists
CUST03534,Pooja Verma,91.0,15,206214.42,2,4,3,9,At Risk
CUST03255,Vivaan Mhaske,86.0,14,206129.62,2,4,3,9,At Risk
CUST02180,Kavya Shah,52.0,12,205791.82,3,3,3,9,Regular Customers
CUST03593,Kavya Nair,24.0,10,205783.57,4,2,3,9,Potential Loyalists
CUST03599,Aarav Shah,58.0,13,205475.32,3,3,3,9,Regular Customers
CUST00939,Sneha Patil,46.0,12,205405.15,3,3,3,9,Regular Customers
CUST03629,Pooja Mhaske,21.0,11,205385.07,4,2,3,9,Potential Loyalists
CUST05177,Neha Gupta,75.0,14,204565.62,2,4,3,9,At Risk
CUST01947,Aarav Shah,33.0,11,204379.15,4,2,3,9,Potential Loyalists
CUST04434,Rohan Mhaske,64.0,12,204065.57,3,3,3,9,Regular Customers
CUST04905,Karan Kumar,70.0,14,204045.01,2,4,3,9,At Risk
CUST02536,Isha Verma,78.0,15,203950.81,2,4,3,9,At Risk
CUST05934,Vivaan Sharma,40.0,13,203654.59,3,3,3,9,Regular Customers
CUST03667,Pooja Joshi,39.0,13,203551.02,3,3,3,9,Regular Customers
CUST03165,Kavya Singh,48.0,12,203488.3,3,3,3,9,Regular Customers
CUST02132,Kavya Deshmukh,64.0,13,202947.56,3,3,3,9,Regular Customers
CUST01369,Neha Kumar,3.0,9,202878.85,5,1,3,9,Regular Customers
CUST03018,Aditya Kumar,80.0,14,202245.69,2,4,3,9,At Risk
CUST02035,Aarav Joshi,13.0,8,202218.47,5,1,3,9,Regular Customers
CUST02348,Aarav Deshmukh,67.0,15,201841.86,2,4,3,9,At Risk
CUST04117,Amit Deshmukh,43.0,13,201709.74,3,3,3,9,Regular Customers
CUST00907,Amit Nair,51.0,13,201269.01,3,3,3,9,Regular Customers
CUST03936,Aditya Joshi,115.0,14,201159.94,2,4,3,9,At Risk
CUST04841,Aditya Kumar,66.0,13,201104.67,3,3,3,9,Regular Customers
CUST02356,Amit Mhaske,15.0,9,200615.46,5,1,3,9,Regular Customers
CUST02218,Meera Singh,37.0,12,200587.46,3,3,3,9,Regular Customers
CUST02421,Rahul Sharma,27.0,11,200365.87,4,2,3,9,Potential Loyalists
CUST00546,Isha Nair,33.0,11,200271.87,4,2,3,9,Potential Loyalists
CUST00777,Rahul Mehta,85.0,14,200036.45,2,4,3,9,At Risk
CUST04110,Rahul Joshi,40.0,13,200003.21,3,3,3,9,Regular Customers
CUST01112,Neha Mhaske,22.0,11,199725.81,4,2,3,9,Potential Loyalists
CUST04740,Aditya Mehta,52.0,13,199638.37,3,3,3,9,Regular Customers
CUST05689,Kavya Sharma,46.0,12,199577.8,3,3,3,9,Regular Customers
CUST04343,Isha Sharma,173.0,16,199565.1,1,5,3,9,At Risk
CUST03559,Aarav Gupta,30.0,10,199396.69,4,2,3,9,Potential Loyalists
CUST04799,Neha Singh,51.0,12,199247.38,3,3,3,9,Regular Customers
CUST00732,Rohan Mehta,53.0,13,199167.81,3,3,3,9,Regular Customers
CUST01656,Karan Nair,40.0,12,199144.68,3,3,3,9,Regular Customers
CUST02190,Rahul Shah,41.0,13,199090.95,3,3,3,9,Regular Customers
CUST01616,Meera Patil,87.0,14,198986.45,2,4,3,9,At Risk
CUST04851,Kavya Deshmukh,34.0,11,198956.32,4,2,3,9,Potential Loyalists
CUST01260,Kavya Sharma,46.0,13,198701.76,3,3,3,9,Regular Customers
CUST03514,Isha Mhaske,37.0,12,198655.79,3,3,3,9,Regular Customers
CUST02264,Ananya Patil,91.0,15,198526.78,2,4,3,9,At Risk
CUST02196,Amit Gupta,28.0,10,198271.7,4,2,3,9,Potential Loyalists
CUST02572,Neha Joshi,2.0,8,198207.5,5,1,3,9,Regular Customers
CUST01972,Karan Verma,51.0,12,197715.49,3,3,3,9,Regular Customers
CUST03502,Rohan Gupta,0.0,9,197614.92,5,1,3,9,Regular Customers
CUST01370,Rahul Singh,12.0,6,197558.84,5,1,3,9,Regular Customers
CUST05279,Pooja Nair,54.0,12,197431.48,3,3,3,9,Regular Customers
CUST00780,Neha Verma,35.0,10,197274.86,4,2,3,9,Potential Loyalists
CUST02310,Aditya Gupta,15.0,11,196979.14,5,2,2,9,Potential Loyalists
CUST05377,Ananya Singh,24.0,12,196892.39,4,3,2,9,Potential Loyalists
CUST01025,Aditya Mehta,68.0,16,196892.14,2,5,2,9,Regular Customers
CUST05169,Pooja Joshi,32.0,13,196846.57,4,3,2,9,Potential Loyalists
CUST02008,Aarav Deshmukh,7.0,10,196775.92,5,2,2,9,Potential Loyalists
CUST01305,Isha Singh,24.0,13,196700.72,4,3,2,9,Potential Loyalists
CUST00893,Ananya Mhaske,5.0,11,196580.74,5,2,2,9,Potential Loyalists
CUST03447,Sneha Mehta,43.0,14,196498.88,3,4,2,9,Regular Customers
CUST05600,Kavya Shah,4.0,11,196249.56,5,2,2,9,Potential Loyalists
CUST04994,Arjun Gupta,9.0,11,196106.77,5,2,2,9,Potential Loyalists
CUST01116,Aarav Kumar,36.0,12,195974.97,4,3,2,9,Potential Loyalists
CUST02116,Aarav Verma,2.0,10,195916.2,5,2,2,9,Potential Loyalists
CUST03175,Priya Nair,5.0,10,195810.01,5,2,2,9,Potential Loyalists
CUST05888,Pooja Deshmukh,0.0,10,195736.87,5,2,2,9,Potential Loyalists
CUST03399,Vivaan Mhaske,60.0,15,195716.78,3,4,2,9,Regular Customers
CUST05118,Amit Shah,37.0,13,195674.53,4,3,2,9,Potential Loyalists
CUST00063,Kavya Deshmukh,28.0,13,195131.44,4,3,2,9,Potential Loyalists
CUST02958,Aditya Gupta,25.0,12,195001.67,4,3,2,9,Potential Loyalists
CUST04125,Arjun Mhaske,27.0,13,194981.28,4,3,2,9,Potential Loyalists
CUST00547,Rahul Singh,84.0,17,194791.63,2,5,2,9,Regular Customers
CUST03226,Isha Patil,4.0,10,194735.72,5,2,2,9,Potential Loyalists
CUST01511,Pooja Deshmukh,57.0,14,194482.91,3,4,2,9,Regular Customers
CUST00506,Sneha Kumar,30.0,12,194326.37,4,3,2,9,Potential Loyalists
CUST02924,Pooja Sharma,2.0,11,193993.13,5,2,2,9,Potential Loyalists
CUST00969,Neha Mhaske,43.0,14,193519.39,3,4,2,9,Regular Customers
CUST05839,Meera Verma,2.0,10,193388.97,5,2,2,9,Potential Loyalists
CUST02253,Neha Deshmukh,9.0,10,192733.42,5,2,2,9,Potential Loyalists
CUST03396,Aditya Deshmukh,53.0,15,192620.39,3,4,2,9,Regular Customers
CUST00268,Aarav Singh,76.0,16,192454.28,2,5,2,9,Regular Customers
CUST05536,Kavya Joshi,17.0,13,192203.13,4,3,2,9,Potential Loyalists
CUST01914,Priya Joshi,26.0,12,192085.5,4,3,2,9,Potential Loyalists
CUST04101,Kavya Mhaske,52.0,14,191412.5,3,4,2,9,Regular Customers
CUST04432,Ananya Mehta,33.0,13,191410.58,4,3,2,9,Potential Loyalists
CUST05989,Vivaan Mhaske,75.0,16,191196.85,2,5,2,9,Regular Customers
CUST02448,Aarav Joshi,0.0,11,191051.22,5,2,2,9,Potential Loyalists
CUST04843,Aditya Gupta,11.0,10,190820.62,5,2,2,9,Potential Loyalists
CUST03674,Arjun Mhaske,45.0,14,190662.62,3,4,2,9,Regular Customers
CUST04174,Amit Joshi,35.0,12,190141.48,4,3,2,9,Potential Loyalists
CUST02185,Neha Nair,35.0,13,189643.95,4,3,2,9,Potential Loyalists
CUST05829,Pooja Mhaske,65.0,14,189606.49,3,4,2,9,Regular Customers
CUST02129,Isha Shah,10.0,11,189573.19,5,2,2,9,Potential Loyalists
CUST02483,Karan Gupta,27.0,12,189411.42,4,3,2,9,Potential Loyalists
CUST03875,Priya Mehta,6.0,10,189218.53,5,2,2,9,Potential Loyalists
CUST03664,Pooja Patil,31.0,13,188548.68,4,3,2,9,Potential Loyalists
CUST00019,Sneha Patil,2.0,11,188315.38,5,2,2,9,Potential Loyalists
CUST04471,Isha Mehta,1.0,11,188083.31,5,2,2,9,Potential Loyalists
CUST00658,Rahul Verma,13.0,11,187723.74,5,2,2,9,Potential Loyalists
CUST02771,Neha Sharma,13.0,11,187268.31,5,2,2,9,Potential Loyalists
CUST01016,Vivaan Nair,31.0,13,186962.23,4,3,2,9,Potential Loyalists
CUST01689,Amit Nair,0.0,11,186289.86,5,2,2,9,Potential Loyalists
CUST05415,Aarav Deshmukh,25.0,13,186276.77,4,3,2,9,Potential Loyalists
CUST01729,Meera Nair,28.0,12,185895.26,4,3,2,9,Potential Loyalists
CUST03228,Arjun Verma,16.0,12,185563.4,4,3,2,9,Potential Loyalists
CUST00861,Isha Patil,1.0,11,185512.09,5,2,2,9,Potential Loyalists
CUST01251,Sneha Gupta,61.0,14,185510.56,3,4,2,9,Regular Customers
CUST04541,Aarav Singh,11.0,10,185394.08,5,2,2,9,Potential Loyalists
CUST03793,Arjun Patil,18.0,13,185382.93,4,3,2,9,Potential Loyalists
CUST04347,Ananya Shah,10.0,10,185265.4,5,2,2,9,Potential Loyalists
CUST00116,Priya Shah,6.0,11,184521.66,5,2,2,9,Potential Loyalists
CUST05033,Vivaan Patil,0.0,11,184455.23,5,2,2,9,Potential Loyalists
CUST04671,Aditya Mhaske,35.0,12,184184.59,4,3,2,9,Potential Loyalists
CUST01408,Priya Kumar,11.0,11,184157.17,5,2,2,9,Potential Loyalists
CUST00481,Ananya Deshmukh,12.0,10,184025.68,5,2,2,9,Potential Loyalists
CUST01437,Priya Deshmukh,17.0,13,183795.18,4,3,2,9,Potential Loyalists
CUST04438,Karan Gupta,7.0,11,183762.28,5,2,2,9,Potential Loyalists
CUST01143,Kavya Deshmukh,33.0,13,183559.19,4,3,2,9,Potential Loyalists
CUST00971,Priya Verma,9.0,11,183327.44,5,2,2,9,Potential Loyalists
CUST00914,Priya Sharma,25.0,13,183266.51,4,3,2,9,Potential Loyalists
CUST00470,Sneha Gupta,23.0,12,182974.09,4,3,2,9,Potential Loyalists
CUST01835,Neha Mehta,41.0,14,182575.99,3,4,2,9,Regular Customers
CUST00501,Rohan Gupta,41.0,14,182426.3,3,4,2,9,Regular Customers
CUST03964,Arjun Mehta,8.0,11,182175.83,5,2,2,9,Potential Loyalists
CUST02691,Pooja Mehta,17.0,12,182112.93,4,3,2,9,Potential Loyalists
CUST03349,Arjun Verma,36.0,13,181958.46,4,3,2,9,Potential Loyalists
CUST03083,Pooja Mhaske,48.0,15,181548.38,3,4,2,9,Regular Customers
CUST01188,Vivaan Mehta,7.0,11,181496.91,5,2,2,9,Potential Loyalists
CUST05756,Karan Deshmukh,31.0,12,180843.69,4,3,2,9,Potential Loyalists
CUST04970,Rahul Kumar,18.0,13,180609.84,4,3,2,9,Potential Loyalists
CUST05164,Isha Gupta,62.0,15,180440.18,3,4,2,9,Regular Customers
CUST00071,Ananya Singh,2.0,11,180405.2,5,2,2,9,Potential Loyalists
CUST05542,Vivaan Joshi,32.0,13,180105.14,4,3,2,9,Potential Loyalists
CUST00384,Aditya Kumar,3.0,10,180086.34,5,2,2,9,Potential Loyalists
CUST02695,Rahul Sharma,32.0,13,179820.1,4,3,2,9,Potential Loyalists
CUST01039,Priya Deshmukh,48.0,14,179538.81,3,4,2,9,Regular Customers
CUST03666,Pooja Mhaske,20.0,13,178175.48,4,3,2,9,Potential Loyalists
CUST03960,Meera Deshmukh,44.0,14,178083.65,3,4,2,9,Regular Customers
CUST02018,Arjun Nair,13.0,11,177701.46,5,2,2,9,Potential Loyalists
CUST01739,Aditya Sharma,15.0,11,177621.41,5,2,2,9,Potential Loyalists
CUST04212,Aditya Patil,55.0,15,177127.98,3,4,2,9,Regular Customers
CUST01313,Rohan Gupta,18.0,12,177106.42,4,3,2,9,Potential Loyalists
CUST01565,Rahul Kumar,15.0,11,177029.31,5,2,2,9,Potential Loyalists
CUST02735,Aarav Singh,3.0,10,176894.27,5,2,2,9,Potential Loyalists
CUST05238,Aarav Sharma,11.0,11,176304.4,5,2,2,9,Potential Loyalists
CUST02331,Ananya Joshi,14.0,10,176268.54,5,2,2,9,Potential Loyalists
CUST03154,Ananya Gupta,20.0,12,175940.34,4,3,2,9,Potential Loyalists
CUST05862,Amit Deshmukh,18.0,12,175910.06,4,3,2,9,Potential Loyalists
CUST02109,Neha Gupta,27.0,12,175378.36,4,3,2,9,Potential Loyalists
CUST00417,Kavya Deshmukh,15.0,11,175360.47,5,2,2,9,Potential Loyalists
CUST00618,Aarav Sharma,55.0,14,175008.65,3,4,2,9,Regular Customers
CUST04653,Meera Singh,35.0,13,174839.31,4,3,2,9,Potential Loyalists
CUST02154,Ananya Kumar,8.0,11,174559.94,5,2,2,9,Potential Loyalists
CUST04571,Priya Mehta,7.0,10,174294.72,5,2,2,9,Potential Loyalists
CUST02828,Karan Joshi,64.0,14,174274.19,3,4,2,9,Regular Customers
CUST03893,Neha Mhaske,4.0,11,174100.03,5,2,2,9,Potential Loyalists
CUST00619,Priya Joshi,19.0,13,174030.03,4,3,2,9,Potential Loyalists
CUST02384,Arjun Kumar,47.0,14,173937.77,3,4,2,9,Regular Customers
CUST03103,Amit Singh,5.0,10,173926.27,5,2,2,9,Potential Loyalists
CUST05158,Amit Joshi,6.0,11,173377.62,5,2,2,9,Potential Loyalists
CUST05494,Priya Mhaske,9.0,10,173147.48,5,2,2,9,Potential Loyalists
CUST05993,Ananya Shah,19.0,13,173113.76,4,3,2,9,Potential Loyalists
CUST05407,Neha Gupta,10.0,11,173106.97,5,2,2,9,Potential Loyalists
CUST03124,Aarav Kumar,60.0,14,172724.19,3,4,2,9,Regular Customers
CUST00201,Ananya Nair,5.0,11,172238.97,5,2,2,9,Potential Loyalists
CUST03347,Aditya Mhaske,7.0,11,172047.73,5,2,2,9,Potential Loyalists
CUST04927,Rahul Verma,8.0,11,171403.1,5,2,2,9,Potential Loyalists
CUST05350,Neha Gupta,41.0,14,171129.35,3,4,2,9,Regular Customers
CUST03714,Sneha Patil,2.0,10,171102.36,5,2,2,9,Potential Loyalists
CUST03299,Rohan Singh,4.0,10,170318.33,5,2,2,9,Potential Loyalists
CUST02874,Arjun Deshmukh,35.0,12,170193.73,4,3,2,9,Potential Loyalists
CUST03929,Rahul Verma,17.0,13,169892.97,4,3,2,9,Potential Loyalists
CUST02386,Amit Nair,29.0,12,169735.87,4,3,2,9,Potential Loyalists
CUST03069,Kavya Shah,110.0,16,168509.86,2,5,2,9,Regular Customers
CUST05297,Sneha Nair,35.0,12,168408.44,4,3,2,9,Potential Loyalists
CUST04160,Vivaan Kumar,47.0,14,168168.93,3,4,2,9,Regular Customers
CUST02103,Sneha Sharma,3.0,11,168161.92,5,2,2,9,Potential Loyalists
CUST03898,Isha Sharma,37.0,13,167825.05,4,3,2,9,Potential Loyalists
CUST04273,Aarav Patil,17.0,12,167797.78,4,3,2,9,Potential Loyalists
CUST04145,Sneha Mehta,10.0,11,167614.35,5,2,2,9,Potential Loyalists
CUST04924,Rahul Sharma,63.0,14,167533.6,3,4,2,9,Regular Customers
CUST00981,Sneha Sharma,34.0,12,167096.96,4,3,2,9,Potential Loyalists
CUST05724,Ananya Mehta,63.0,14,166640.06,3,4,2,9,Regular Customers
CUST03564,Sneha Sharma,20.0,13,166542.33,4,3,2,9,Potential Loyalists
CUST05234,Priya Kumar,60.0,14,165715.51,3,4,2,9,Regular Customers
CUST03393,Aarav Verma,33.0,13,165647.65,4,3,2,9,Potential Loyalists
CUST05846,Aditya Sharma,28.0,12,165641.15,4,3,2,9,Potential Loyalists
CUST02854,Rohan Mhaske,5.0,11,164791.75,5,2,2,9,Potential Loyalists
CUST03051,Meera Singh,13.0,10,164480.02,5,2,2,9,Potential Loyalists
CUST05411,Amit Sharma,29.0,12,163883.22,4,3,2,9,Potential Loyalists
CUST03797,Rahul Mehta,53.0,14,163700.14,3,4,2,9,Regular Customers
CUST02314,Amit Mehta,43.0,14,163259.28,3,4,2,9,Regular Customers
CUST01377,Rahul Mhaske,29.0,12,163211.79,4,3,2,9,Potential Loyalists
CUST01778,Aarav Mehta,7.0,11,163107.19,5,2,2,9,Potential Loyalists
CUST05519,Neha Sharma,31.0,13,163038.56,4,3,2,9,Potential Loyalists
CUST04079,Amit Singh,15.0,11,162664.91,5,2,2,9,Potential Loyalists
CUST05355,Rahul Verma,4.0,10,162597.93,5,2,2,9,Potential Loyalists
CUST04332,Aarav Mhaske,9.0,10,162564.24,5,2,2,9,Potential Loyalists
CUST05111,Arjun Verma,0.0,11,162336.01,5,2,2,9,Potential Loyalists
CUST01207,Karan Joshi,8.0,11,161899.58,5,2,2,9,Potential Loyalists
CUST01951,Vivaan Mhaske,22.0,12,160883.35,4,3,2,9,Potential Loyalists
CUST02086,Aditya Gupta,20.0,12,160584.5,4,3,2,9,Potential Loyalists
CUST05096,Sneha Mehta,8.0,10,159751.39,5,2,2,9,Potential Loyalists
CUST05713,Aarav Kumar,20.0,12,159289.99,4,3,2,9,Potential Loyalists
CUST00626,Isha Deshmukh,19.0,12,159183.16,4,3,2,9,Potential Loyalists
CUST04250,Karan Verma,33.0,13,158904.97,4,3,2,9,Potential Loyalists
CUST01015,Rohan Singh,10.0,11,158492.64,5,2,2,9,Potential Loyalists
CUST02963,Aarav Kumar,28.0,13,158320.22,4,3,2,9,Potential Loyalists
CUST05165,Priya Mehta,65.0,14,157980.83,3,4,2,9,Regular Customers
CUST01118,Neha Gupta,114.0,17,157963.99,2,5,2,9,Regular Customers
CUST05760,Isha Deshmukh,25.0,13,157657.04,4,3,2,9,Potential Loyalists
CUST00291,Meera Singh,0.0,10,157581.57,5,2,2,9,Potential Loyalists
CUST03329,Aditya Gupta,7.0,10,157570.22,5,2,2,9,Potential Loyalists
CUST05583,Priya Mhaske,1.0,11,157021.08,5,2,2,9,Potential Loyalists
CUST03383,Neha Deshmukh,2.0,10,156268.26,5,2,2,9,Potential Loyalists
CUST00423,Neha Sharma,97.0,16,155474.42,2,5,2,9,Regular Customers
CUST01226,Ananya Kumar,46.0,14,155364.39,3,4,2,9,Regular Customers
CUST03112,Vivaan Singh,20.0,13,154858.04,4,3,2,9,Potential Loyalists
CUST05232,Rohan Sharma,11.0,11,154505.42,5,2,2,9,Potential Loyalists
CUST03604,Ananya Patil,11.0,11,154342.45,5,2,2,9,Potential Loyalists
CUST03366,Priya Deshmukh,27.0,13,154019.46,4,3,2,9,Potential Loyalists
CUST05074,Meera Singh,9.0,10,153328.99,5,2,2,9,Potential Loyalists
CUST02349,Aarav Singh,52.0,14,153286.78,3,4,2,9,Regular Customers
CUST00370,Aarav Sharma,12.0,10,153138.99,5,2,2,9,Potential Loyalists
CUST05089,Meera Deshmukh,41.0,14,152726.15,3,4,2,9,Regular Customers
CUST02896,Karan Patil,0.0,10,152511.47,5,2,2,9,Potential Loyalists
CUST00032,Aarav Verma,44.0,14,152376.05,3,4,2,9,Regular Customers
CUST03989,Arjun Sharma,14.0,10,151328.98,5,2,2,9,Potential Loyalists
CUST03017,Aditya Mhaske,64.0,14,151199.45,3,4,2,9,Regular Customers
CUST01494,Amit Patil,2.0,11,150982.75,5,2,2,9,Potential Loyalists
CUST00901,Rohan Verma,31.0,12,150866.22,4,3,2,9,Potential Loyalists
CUST00049,Arjun Verma,12.0,11,150644.42,5,2,2,9,Potential Loyalists
CUST00556,Meera Sharma,9.0,11,150546.71,5,2,2,9,Potential Loyalists
CUST00454,Ananya Nair,8.0,11,150510.42,5,2,2,9,Potential Loyalists
CUST02778,Pooja Mehta,0.0,11,150483.36,5,2,2,9,Potential Loyalists
CUST01531,Pooja Kumar,20.0,12,150070.2,4,3,2,9,Potential Loyalists
CUST03167,Karan Sharma,6.0,13,148881.89,5,3,1,9,Regular Customers
CUST04765,Priya Verma,11.0,13,148417.98,5,3,1,9,Regular Customers
CUST02373,Sneha Mehta,14.0,12,147769.23,5,3,1,9,Regular Customers
CUST05712,Rahul Sharma,22.0,14,146174.38,4,4,1,9,Regular Customers
CUST05730,Ananya Singh,8.0,12,145697.39,5,3,1,9,Regular Customers
CUST04954,Neha Gupta,18.0,15,145252.46,4,4,1,9,Regular Customers
CUST02920,Pooja Kumar,13.0,12,143985.31,5,3,1,9,Regular Customers
CUST02571,Priya Verma,12.0,13,143430.77,5,3,1,9,Regular Customers
CUST05637,Neha Deshmukh,8.0,13,143026.55,5,3,1,9,Regular Customers
CUST02873,Amit Mehta,8.0,13,139630.57,5,3,1,9,Regular Customers
CUST02320,Rohan Shah,6.0,12,139554.06,5,3,1,9,Regular Customers
CUST01613,Rohan Deshmukh,7.0,12,139183.79,5,3,1,9,Regular Customers
CUST05856,Ananya Sharma,6.0,12,137612.8,5,3,1,9,Regular Customers
CUST05892,Sneha Deshmukh,2.0,12,133697.32,5,3,1,9,Regular Customers
CUST05406,Ananya Gupta,1.0,12,133662.89,5,3,1,9,Regular Customers
CUST01319,Arjun Gupta,16.0,14,129995.23,4,4,1,9,Regular Customers
CUST04675,Karan Gupta,14.0,12,129596.56,5,3,1,9,Regular Customers
CUST00445,Karan Mhaske,32.0,14,128561.25,4,4,1,9,Regular Customers
CUST05219,Rahul Singh,3.0,12,126945.54,5,3,1,9,Regular Customers
CUST01518,Vivaan Singh,21.0,14,126490.55,4,4,1,9,Regular Customers
CUST03598,Karan Mhaske,2.0,12,125057.99,5,3,1,9,Regular Customers
CUST04979,Arjun Patil,19.0,15,123619.37,4,4,1,9,Regular Customers
CUST00919,Sneha Joshi,1.0,12,123465.02,5,3,1,9,Regular Customers
CUST03907,Vivaan Kumar,34.0,14,123327.9,4,4,1,9,Regular Customers
CUST04643,Amit Verma,29.0,15,118270.12,4,4,1,9,Regular Customers
CUST04525,Amit Kumar,19.0,14,115333.01,4,4,1,9,Regular Customers
CUST00976,Aditya Patil,12.0,12,115088.59,5,3,1,9,Regular Customers
CUST01612,Kavya Singh,28.0,14,114697.97,4,4,1,9,Regular Customers
CUST00365,Amit Sharma,3.0,12,104775.85,5,3,1,9,Regular Customers
CUST03148,Kavya Deshmukh,6.0,12,98847.47,5,3,1,9,Regular Customers
CUST05157,Vivaan Deshmukh,30.0,14,93232.9,4,4,1,9,Regular Customers
CUST01240,Karan Joshi,156.0,9,355455.83,1,2,5,8,Regular Customers
CUST01492,Isha Verma,269.0,9,351565.85,1,2,5,8,Regular Customers
CUST04283,Kavya Singh,120.0,10,331363.43,1,2,5,8,Regular Customers
CUST00378,Vivaan Kumar,256.0,10,328686.77,1,2,5,8,Regular Customers
CUST00475,Ananya Kumar,188.0,11,326714.58,1,2,5,8,Regular Customers
CUST00207,Karan Kumar,140.0,11,310489.82,1,2,5,8,Regular Customers
CUST05663,Rahul Sharma,165.0,11,304046.26,1,2,5,8,Regular Customers
CUST00622,Rohan Joshi,171.0,11,304033.97,1,2,5,8,Regular Customers
CUST00769,Arjun Singh,217.0,11,302003.18,1,2,5,8,Regular Customers
CUST05412,Ananya Singh,114.0,9,301968.83,2,1,5,8,Regular Customers
CUST04508,Rohan Shah,75.0,11,297957.91,2,2,4,8,Regular Customers
CUST04817,Amit Mhaske,91.0,11,297930.05,2,2,4,8,Regular Customers
CUST01083,Priya Mehta,58.0,7,292914.24,3,1,4,8,Regular Customers
CUST01276,Rohan Kumar,37.0,9,292339.82,3,1,4,8,Regular Customers
CUST01929,Vivaan Gupta,141.0,12,291578.49,1,3,4,8,At Risk
CUST00401,Aarav Nair,122.0,12,291551.83,1,3,4,8,At Risk
CUST05927,Sneha Verma,79.0,10,291199.99,2,2,4,8,Regular Customers
CUST02895,Sneha Verma,51.0,9,289619.47,3,1,4,8,Regular Customers
CUST01708,Arjun Joshi,73.0,10,286267.39,2,2,4,8,Regular Customers
CUST04182,Aditya Shah,134.0,12,284155.27,1,3,4,8,At Risk
CUST04284,Pooja Sharma,77.0,10,283369.95,2,2,4,8,Regular Customers
CUST01351,Sneha Gupta,140.0,12,283302.61,1,3,4,8,At Risk
CUST05995,Arjun Deshmukh,42.0,9,282333.6,3,1,4,8,Regular Customers
CUST02630,Arjun Joshi,162.0,12,278699.3,1,3,4,8,At Risk
CUST04342,Sneha Joshi,168.0,12,277623.15,1,3,4,8,At Risk
CUST03753,Sneha Patil,107.0,11,277400.49,2,2,4,8,Regular Customers
CUST01339,Priya Patil,136.0,13,275925.04,1,3,4,8,At Risk
CUST04586,Aarav Kumar,145.0,13,275561.84,1,3,4,8,At Risk
CUST03419,Arjun Singh,156.0,12,275143.96,1,3,4,8,At Risk
CUST01584,Rohan Gupta,79.0,10,275059.81,2,2,4,8,Regular Customers
CUST03805,Isha Kumar,110.0,11,274915.98,2,2,4,8,Regular Customers
CUST05284,Neha Kumar,185.0,12,274769.25,1,3,4,8,At Risk
CUST00697,Pooja Singh,250.0,12,273530.58,1,3,4,8,At Risk
CUST00916,Neha Gupta,140.0,13,273296.13,1,3,4,8,At Risk
CUST02497,Rahul Mhaske,95.0,11,273261.03,2,2,4,8,Regular Customers
CUST01516,Neha Mehta,129.0,12,273052.6,1,3,4,8,At Risk
CUST00125,Isha Gupta,143.0,13,271693.1,1,3,4,8,At Risk
CUST05168,Kavya Gupta,91.0,11,271420.26,2,2,4,8,Regular Customers
CUST01700,Neha Joshi,107.0,11,271292.55,2,2,4,8,Regular Customers
CUST00012,Neha Sharma,366.0,13,270665.96,1,3,4,8,At Risk
CUST00882,Arjun Joshi,153.0,13,270580.95,1,3,4,8,At Risk
CUST01191,Kavya Singh,107.0,11,270173.28,2,2,4,8,Regular Customers
CUST01127,Aditya Nair,159.0,13,269382.75,1,3,4,8,At Risk
CUST02135,Priya Kumar,213.0,12,269180.09,1,3,4,8,At Risk
CUST00208,Isha Kumar,70.0,11,269054.61,2,2,4,8,Regular Customers
CUST03791,Kavya Sharma,160.0,12,266387.31,1,3,4,8,At Risk
CUST00137,Isha Joshi,212.0,12,266281.61,1,3,4,8,At Risk
CUST02649,Aarav Verma,329.0,13,265828.15,1,3,4,8,At Risk
CUST00604,Rohan Sharma,321.0,13,265483.68,1,3,4,8,At Risk
CUST01069,Meera Sharma,93.0,11,264842.89,2,2,4,8,Regular Customers
CUST02909,Rohan Singh,92.0,11,264743.47,2,2,4,8,Regular Customers
CUST00138,Aarav Deshmukh,122.0,13,264232.18,1,3,4,8,At Risk
CUST05459,Arjun Verma,224.0,12,263885.12,1,3,4,8,At Risk
CUST05619,Amit Deshmukh,111.0,10,263769.03,2,2,4,8,Regular Customers
CUST05017,Rahul Kumar,169.0,13,263733.07,1,3,4,8,At Risk
CUST05389,Aditya Mhaske,39.0,9,263562.86,3,1,4,8,Regular Customers
CUST04973,Aditya Sharma,139.0,12,263209.09,1,3,4,8,At Risk
CUST04681,Priya Gupta,84.0,10,263179.46,2,2,4,8,Regular Customers
CUST05683,Rohan Sharma,113.0,10,262225.89,2,2,4,8,Regular Customers
CUST05490,Rohan Shah,227.0,12,262205.49,1,3,4,8,At Risk
CUST05467,Kavya Shah,133.0,13,262020.45,1,3,4,8,At Risk
CUST01692,Kavya Mehta,128.0,12,260256.63,1,3,4,8,At Risk
CUST03507,Aditya Shah,207.0,13,260219.78,1,3,4,8,At Risk
CUST03748,Ananya Nair,194.0,13,259540.69,1,3,4,8,At Risk
CUST00044,Kavya Nair,142.0,13,259173.29,1,3,4,8,At Risk
CUST02010,Amit Mhaske,91.0,11,258652.35,2,2,4,8,Regular Customers
CUST05662,Neha Sharma,83.0,11,257778.91,2,2,4,8,Regular Customers
CUST04627,Rohan Joshi,175.0,12,257721.63,1,3,4,8,At Risk
CUST03452,Neha Mhaske,225.0,13,256255.89,1,3,4,8,At Risk
CUST05770,Kavya Patil,167.0,12,255643.71,1,3,4,8,At Risk
CUST01595,Aarav Verma,51.0,9,255396.77,3,1,4,8,Regular Customers
CUST03204,Amit Mehta,75.0,11,255140.37,2,2,4,8,Regular Customers
CUST05657,Rohan Nair,68.0,11,254539.15,2,2,4,8,Regular Customers
CUST03039,Arjun Mehta,337.0,12,254490.24,1,3,4,8,At Risk
CUST04429,Kavya Shah,137.0,12,254324.97,1,3,4,8,At Risk
CUST05069,Aarav Kumar,147.0,13,254291.52,1,3,4,8,At Risk
CUST00236,Amit Sharma,171.0,13,254155.16,1,3,4,8,At Risk
CUST02719,Rahul Mehta,81.0,10,253998.09,2,2,4,8,Regular Customers
CUST00451,Aarav Kumar,88.0,10,253831.83,2,2,4,8,Regular Customers
CUST04764,Amit Shah,209.0,12,253604.62,1,3,4,8,At Risk
CUST03516,Isha Shah,69.0,11,253388.7,2,2,4,8,Regular Customers
CUST05731,Amit Joshi,222.0,13,253335.54,1,3,4,8,At Risk
CUST00723,Aditya Shah,168.0,12,253181.95,1,3,4,8,At Risk
CUST03178,Kavya Kumar,127.0,13,252720.97,1,3,4,8,At Risk
CUST04918,Isha Singh,382.0,13,252317.85,1,3,4,8,At Risk
CUST01574,Isha Mehta,131.0,13,252308.67,1,3,4,8,At Risk
CUST01537,Aditya Shah,194.0,12,252104.81,1,3,4,8,At Risk
CUST00786,Arjun Mhaske,112.0,10,251928.29,2,2,4,8,Regular Customers
CUST03754,Arjun Patil,208.0,12,251822.51,1,3,4,8,At Risk
CUST01617,Priya Shah,205.0,13,251712.35,1,3,4,8,At Risk
CUST05879,Rahul Mehta,67.0,11,251574.81,2,2,4,8,Regular Customers
CUST01694,Isha Mehta,131.0,12,251262.97,1,3,4,8,At Risk
CUST02925,Aditya Gupta,134.0,13,251183.79,1,3,4,8,At Risk
CUST02048,Pooja Verma,70.0,11,249770.57,2,2,4,8,Regular Customers
CUST02677,Neha Gupta,126.0,13,249421.69,1,3,4,8,At Risk
CUST03413,Pooja Kumar,184.0,12,248939.31,1,3,4,8,At Risk
CUST05773,Isha Verma,123.0,13,248810.01,1,3,4,8,At Risk
CUST00522,Rohan Sharma,73.0,11,248632.56,2,2,4,8,Regular Customers
CUST01596,Neha Sharma,191.0,13,247944.85,1,3,4,8,At Risk
CUST04986,Sneha Shah,208.0,13,247797.04,1,3,4,8,At Risk
CUST01029,Pooja Kumar,58.0,9,247309.35,3,1,4,8,Regular Customers
CUST04435,Sneha Mhaske,110.0,11,247080.33,2,2,4,8,Regular Customers
CUST01557,Ananya Sharma,113.0,10,246995.42,2,2,4,8,Regular Customers
CUST00284,Rohan Joshi,87.0,11,246988.58,2,2,4,8,Regular Customers
CUST05855,Sneha Nair,152.0,12,246553.27,1,3,4,8,At Risk
CUST00270,Neha Mhaske,193.0,13,246329.83,1,3,4,8,At Risk
CUST00094,Aarav Mehta,165.0,12,245197.45,1,3,4,8,At Risk
CUST05003,Pooja Singh,117.0,10,244901.02,2,2,4,8,Regular Customers
CUST03575,Ananya Kumar,114.0,10,244672.02,2,2,4,8,Regular Customers
CUST02061,Neha Nair,93.0,11,243634.17,2,2,4,8,Regular Customers
CUST05039,Aditya Mehta,138.0,14,242182.7,1,4,3,8,At Risk
CUST01815,Rohan Shah,25.0,8,241846.09,4,1,3,8,Regular Customers
CUST05554,Karan Singh,97.0,13,241665.89,2,3,3,8,At Risk
CUST05456,Karan Verma,74.0,13,241506.04,2,3,3,8,At Risk
CUST00428,Ananya Kumar,62.0,11,241498.7,3,2,3,8,Regular Customers
CUST02783,Arjun Joshi,117.0,12,241263.31,2,3,3,8,At Risk
CUST01054,Meera Gupta,46.0,10,240985.71,3,2,3,8,Regular Customers
CUST02673,Amit Nair,61.0,11,240982.45,3,2,3,8,Regular Customers
CUST05359,Meera Mehta,66.0,11,240964.51,3,2,3,8,Regular Customers
CUST04693,Ananya Kumar,152.0,14,240936.28,1,4,3,8,At Risk
CUST00912,Arjun Singh,238.0,14,240173.73,1,4,3,8,At Risk
CUST04810,Pooja Verma,37.0,11,239045.74,3,2,3,8,Regular Customers
CUST01204,Arjun Sharma,95.0,13,238891.4,2,3,3,8,At Risk
CUST02985,Aditya Mehta,32.0,9,238891.21,4,1,3,8,Regular Customers
CUST00127,Aarav Deshmukh,94.0,12,238820.73,2,3,3,8,At Risk
CUST00628,Ananya Gupta,290.0,15,238724.38,1,4,3,8,At Risk
CUST03492,Ananya Joshi,140.0,15,238538.0,1,4,3,8,At Risk
CUST03019,Neha Mehta,73.0,12,238418.8,2,3,3,8,At Risk
CUST04465,Rohan Verma,70.0,12,238160.36,2,3,3,8,At Risk
CUST00944,Aarav Deshmukh,88.0,12,237973.1,2,3,3,8,At Risk
CUST00523,Amit Shah,81.0,12,237913.7,2,3,3,8,At Risk
CUST02221,Priya Joshi,49.0,11,237907.74,3,2,3,8,Regular Customers
CUST00298,Meera Nair,117.0,13,237739.11,2,3,3,8,At Risk
CUST05151,Priya Joshi,99.0,12,237658.47,2,3,3,8,At Risk
CUST01867,Aarav Mehta,192.0,14,237411.55,1,4,3,8,At Risk
CUST00033,Karan Kumar,59.0,11,237109.79,3,2,3,8,Regular Customers
CUST01587,Arjun Singh,48.0,11,237022.84,3,2,3,8,Regular Customers
CUST04993,Ananya Gupta,77.0,12,236820.04,2,3,3,8,At Risk
CUST03144,Neha Kumar,81.0,13,236499.27,2,3,3,8,At Risk
CUST04487,Aarav Gupta,207.0,14,236235.48,1,4,3,8,At Risk
CUST02692,Vivaan Mehta,108.0,12,235085.91,2,3,3,8,At Risk
CUST04509,Rahul Gupta,93.0,12,234834.83,2,3,3,8,At Risk
CUST02075,Vivaan Sharma,33.0,9,234109.7,4,1,3,8,Regular Customers
CUST01643,Priya Verma,98.0,13,233947.03,2,3,3,8,At Risk
CUST01286,Ananya Verma,79.0,12,233810.54,2,3,3,8,At Risk
CUST05442,Priya Deshmukh,94.0,13,233742.11,2,3,3,8,At Risk
CUST01599,Amit Deshmukh,71.0,12,233625.53,2,3,3,8,At Risk
CUST00009,Aarav Nair,29.0,8,233592.86,4,1,3,8,Regular Customers
CUST03841,Karan Mehta,83.0,13,233027.57,2,3,3,8,At Risk
CUST04453,Vivaan Gupta,49.0,11,232589.1,3,2,3,8,Regular Customers
CUST02237,Meera Verma,236.0,14,232477.5,1,4,3,8,At Risk
CUST04392,Pooja Sharma,87.0,12,231873.34,2,3,3,8,At Risk
CUST02476,Pooja Mehta,69.0,13,231831.66,2,3,3,8,At Risk
CUST04142,Aditya Nair,219.0,14,231633.81,1,4,3,8,At Risk
CUST02233,Vivaan Verma,46.0,11,231485.72,3,2,3,8,Regular Customers
CUST01779,Rahul Mhaske,75.0,12,231290.97,2,3,3,8,At Risk
CUST03402,Isha Singh,168.0,14,230811.08,1,4,3,8,At Risk
CUST01222,Karan Nair,104.0,12,230748.63,2,3,3,8,At Risk
CUST01052,Sneha Shah,49.0,11,230438.66,3,2,3,8,Regular Customers
CUST01712,Sneha Joshi,99.0,12,230110.22,2,3,3,8,At Risk
CUST01938,Vivaan Shah,69.0,13,229080.11,2,3,3,8,At Risk
CUST00372,Sneha Joshi,46.0,10,228975.52,3,2,3,8,Regular Customers
CUST05648,Arjun Mhaske,89.0,13,228717.85,2,3,3,8,At Risk
CUST05288,Aditya Verma,47.0,10,228419.81,3,2,3,8,Regular Customers
CUST00972,Kavya Mehta,138.0,15,228388.94,1,4,3,8,At Risk
CUST01879,Aditya Singh,56.0,11,228298.8,3,2,3,8,Regular Customers
CUST01560,Neha Joshi,67.0,12,228235.57,2,3,3,8,At Risk
CUST03972,Priya Sharma,41.0,11,228226.36,3,2,3,8,Regular Customers
CUST04722,Rohan Mhaske,60.0,11,228191.62,3,2,3,8,Regular Customers
CUST00575,Kavya Patil,301.0,14,227847.44,1,4,3,8,At Risk
CUST05496,Aarav Kumar,60.0,11,227427.99,3,2,3,8,Regular Customers
CUST00974,Meera Mhaske,107.0,13,227358.99,2,3,3,8,At Risk
CUST04006,Vivaan Sharma,99.0,12,227315.09,2,3,3,8,At Risk
CUST03032,Aditya Verma,61.0,11,227089.06,3,2,3,8,Regular Customers
CUST03698,Rohan Mhaske,63.0,11,226738.01,3,2,3,8,Regular Customers
CUST02138,Rohan Joshi,81.0,12,226566.63,2,3,3,8,At Risk
CUST01715,Neha Shah,50.0,10,226558.98,3,2,3,8,Regular Customers
CUST00639,Rohan Singh,78.0,12,226184.28,2,3,3,8,At Risk
CUST01962,Meera Mehta,55.0,11,226075.01,3,2,3,8,Regular Customers
CUST05335,Pooja Gupta,52.0,11,225673.38,3,2,3,8,Regular Customers
CUST01990,Kavya Mehta,60.0,10,225392.89,3,2,3,8,Regular Customers
CUST02058,Aditya Nair,45.0,10,225319.94,3,2,3,8,Regular Customers
CUST00802,Aditya Mhaske,39.0,11,224864.98,3,2,3,8,Regular Customers
CUST03465,Rahul Shah,70.0,13,224645.07,2,3,3,8,At Risk
CUST00326,Amit Sharma,50.0,11,224300.34,3,2,3,8,Regular Customers
CUST00010,Neha Mehta,107.0,12,224230.93,2,3,3,8,At Risk
CUST03102,Rohan Mehta,24.0,9,223853.52,4,1,3,8,Regular Customers
CUST02191,Pooja Singh,117.0,12,223810.08,2,3,3,8,At Risk
CUST00123,Kavya Joshi,79.0,13,223589.89,2,3,3,8,At Risk
CUST03846,Rohan Shah,59.0,11,223557.17,3,2,3,8,Regular Customers
CUST02172,Aditya Singh,59.0,11,223284.98,3,2,3,8,Regular Customers
CUST03569,Ananya Shah,52.0,11,222769.53,3,2,3,8,Regular Customers
CUST05186,Pooja Deshmukh,62.0,11,222421.72,3,2,3,8,Regular Customers
CUST01722,Karan Nair,60.0,10,222369.26,3,2,3,8,Regular Customers
CUST04513,Kavya Verma,101.0,13,222336.6,2,3,3,8,At Risk
CUST03023,Rohan Deshmukh,96.0,12,222146.37,2,3,3,8,At Risk
CUST04648,Rohan Sharma,21.0,9,221420.88,4,1,3,8,Regular Customers
CUST00771,Isha Mehta,31.0,9,221275.32,4,1,3,8,Regular Customers
CUST01986,Aditya Deshmukh,58.0,10,221058.47,3,2,3,8,Regular Customers
CUST01983,Kavya Gupta,98.0,13,221030.24,2,3,3,8,At Risk
CUST02932,Karan Kumar,99.0,12,219704.83,2,3,3,8,At Risk
CUST01746,Pooja Deshmukh,41.0,11,219612.34,3,2,3,8,Regular Customers
CUST00008,Sneha Mhaske,95.0,12,219523.44,2,3,3,8,At Risk
CUST01802,Priya Deshmukh,84.0,13,219445.55,2,3,3,8,At Risk
CUST00623,Rahul Kumar,32.0,9,219091.52,4,1,3,8,Regular Customers
CUST01426,Neha Nair,111.0,12,219061.85,2,3,3,8,At Risk
CUST02763,Amit Gupta,119.0,13,218970.49,2,3,3,8,At Risk
CUST01854,Vivaan Patil,75.0,12,218963.76,2,3,3,8,At Risk
CUST04618,Sneha Mhaske,129.0,14,218727.65,1,4,3,8,At Risk
CUST04224,Aarav Shah,86.0,13,218593.83,2,3,3,8,At Risk
CUST01289,Aditya Joshi,102.0,12,218554.07,2,3,3,8,At Risk
CUST03114,Meera Kumar,35.0,9,218474.16,4,1,3,8,Regular Customers
CUST00276,Amit Mehta,55.0,11,218291.81,3,2,3,8,Regular Customers
CUST02009,Aarav Singh,166.0,15,218123.04,1,4,3,8,At Risk
CUST01859,Rahul Shah,39.0,10,217735.09,3,2,3,8,Regular Customers
CUST02640,Rahul Mehta,32.0,9,217013.47,4,1,3,8,Regular Customers
CUST05997,Sneha Verma,52.0,11,216506.81,3,2,3,8,Regular Customers
CUST01996,Vivaan Deshmukh,40.0,10,216211.53,3,2,3,8,Regular Customers
CUST05623,Ananya Shah,59.0,10,215848.71,3,2,3,8,Regular Customers
CUST01008,Neha Gupta,115.0,13,215818.98,2,3,3,8,At Risk
CUST02131,Kavya Mhaske,77.0,13,215759.09,2,3,3,8,At Risk
CUST05902,Ananya Joshi,75.0,12,215535.73,2,3,3,8,At Risk
CUST04383,Aditya Patil,150.0,14,215535.17,1,4,3,8,At Risk
CUST02114,Ananya Patil,58.0,11,215489.06,3,2,3,8,Regular Customers
CUST01777,Isha Sharma,46.0,11,214848.81,3,2,3,8,Regular Customers
CUST04317,Vivaan Joshi,56.0,11,214628.73,3,2,3,8,Regular Customers
CUST00013,Rohan Nair,63.0,10,214240.39,3,2,3,8,Regular Customers
CUST03489,Arjun Sharma,75.0,13,213542.38,2,3,3,8,At Risk
CUST04377,Meera Mhaske,50.0,10,213031.25,3,2,3,8,Regular Customers
CUST05605,Arjun Gupta,93.0,12,212697.69,2,3,3,8,At Risk
CUST05804,Pooja Joshi,34.0,9,212684.92,4,1,3,8,Regular Customers
CUST01604,Ananya Shah,153.0,14,212439.9,1,4,3,8,At Risk
CUST02897,Karan Deshmukh,31.0,9,212120.01,4,1,3,8,Regular Customers
CUST05212,Kavya Deshmukh,79.0,12,211883.27,2,3,3,8,At Risk
CUST04372,Pooja Deshmukh,90.0,12,211333.23,2,3,3,8,At Risk
CUST03901,Karan Kumar,264.0,14,211259.8,1,4,3,8,At Risk
CUST05302,Vivaan Sharma,119.0,13,211118.13,2,3,3,8,At Risk
CUST03657,Kavya Kumar,125.0,14,210954.82,1,4,3,8,At Risk
CUST03942,Rahul Mehta,30.0,9,210738.47,4,1,3,8,Regular Customers
CUST03284,Aarav Singh,73.0,13,210622.96,2,3,3,8,At Risk
CUST00889,Karan Kumar,50.0,11,210132.46,3,2,3,8,Regular Customers
CUST04039,Aarav Nair,67.0,13,210091.24,2,3,3,8,At Risk
CUST00083,Kavya Kumar,75.0,13,209958.15,2,3,3,8,At Risk
CUST02166,Aarav Patil,40.0,11,208823.85,3,2,3,8,Regular Customers
CUST00492,Priya Kumar,100.0,13,207773.69,2,3,3,8,At Risk
CUST04991,Isha Nair,33.0,9,207635.09,4,1,3,8,Regular Customers
CUST04848,Ananya Sharma,25.0,9,207631.47,4,1,3,8,Regular Customers
CUST04878,Sneha Kumar,61.0,11,207599.25,3,2,3,8,Regular Customers
CUST04470,Aarav Patil,143.0,14,206998.67,1,4,3,8,At Risk
CUST04496,Aarav Deshmukh,25.0,8,206908.53,4,1,3,8,Regular Customers
CUST00928,Vivaan Deshmukh,116.0,12,206756.59,2,3,3,8,At Risk
CUST01090,Vivaan Kumar,47.0,11,206543.54,3,2,3,8,Regular Customers
CUST04507,Kavya Mhaske,105.0,13,206382.88,2,3,3,8,At Risk
CUST00229,Neha Shah,108.0,13,206366.08,2,3,3,8,At Risk
CUST02738,Karan Mhaske,50.0,10,206223.71,3,2,3,8,Regular Customers
CUST02059,Amit Kumar,59.0,11,205711.9,3,2,3,8,Regular Customers
CUST00007,Karan Verma,46.0,10,205518.04,3,2,3,8,Regular Customers
CUST04350,Aditya Sharma,53.0,11,205209.57,3,2,3,8,Regular Customers
CUST01107,Amit Nair,22.0,8,205098.81,4,1,3,8,Regular Customers
CUST01554,Meera Patil,240.0,14,204844.09,1,4,3,8,At Risk
CUST03352,Aarav Sharma,55.0,11,204715.01,3,2,3,8,Regular Customers
CUST01661,Priya Kumar,87.0,12,204566.04,2,3,3,8,At Risk
CUST02551,Isha Deshmukh,105.0,13,204545.52,2,3,3,8,At Risk
CUST01957,Priya Singh,38.0,11,204539.32,3,2,3,8,Regular Customers
CUST05174,Sneha Shah,52.0,11,204515.72,3,2,3,8,Regular Customers
CUST00840,Sneha Singh,70.0,12,204106.05,2,3,3,8,At Risk
CUST03327,Karan Mhaske,58.0,10,204052.84,3,2,3,8,Regular Customers
CUST04816,Vivaan Verma,97.0,13,204015.98,2,3,3,8,At Risk
CUST03304,Kavya Verma,93.0,12,203976.64,2,3,3,8,At Risk
CUST04396,Aarav Mehta,37.0,10,203746.48,3,2,3,8,Regular Customers
CUST05276,Karan Mhaske,62.0,11,203236.26,3,2,3,8,Regular Customers
CUST02102,Rohan Joshi,60.0,10,203200.73,3,2,3,8,Regular Customers
CUST01544,Ananya Kumar,52.0,10,203069.59,3,2,3,8,Regular Customers
CUST00698,Kavya Joshi,64.0,11,202954.0,3,2,3,8,Regular Customers
CUST03087,Meera Mehta,55.0,10,202828.84,3,2,3,8,Regular Customers
CUST03287,Arjun Patil,87.0,12,202216.05,2,3,3,8,At Risk
CUST04519,Pooja Mehta,48.0,10,201997.51,3,2,3,8,Regular Customers
CUST04898,Amit Deshmukh,16.0,9,201772.91,4,1,3,8,Regular Customers
CUST03338,Isha Kumar,38.0,11,201683.75,3,2,3,8,Regular Customers
CUST04814,Isha Verma,68.0,12,201675.85,2,3,3,8,At Risk
CUST00313,Karan Nair,40.0,11,201675.42,3,2,3,8,Regular Customers
CUST05134,Neha Verma,73.0,12,201431.46,2,3,3,8,At Risk
CUST03404,Isha Shah,66.0,11,201415.59,3,2,3,8,Regular Customers
CUST03133,Aarav Shah,91.0,12,201169.52,2,3,3,8,At Risk
CUST03022,Aarav Deshmukh,95.0,13,200776.76,2,3,3,8,At Risk
CUST04745,Amit Verma,54.0,11,200726.92,3,2,3,8,Regular Customers
CUST00322,Ananya Singh,92.0,12,200459.65,2,3,3,8,At Risk
CUST04664,Karan Deshmukh,65.0,11,199917.95,3,2,3,8,Regular Customers
CUST00468,Isha Singh,47.0,10,199804.52,3,2,3,8,Regular Customers
CUST04741,Meera Verma,99.0,13,199758.73,2,3,3,8,At Risk
CUST00688,Pooja Gupta,79.0,12,199400.93,2,3,3,8,At Risk
CUST01177,Arjun Verma,38.0,10,199318.43,3,2,3,8,Regular Customers
CUST00957,Pooja Deshmukh,105.0,13,199285.65,2,3,3,8,At Risk
CUST02082,Sneha Deshmukh,60.0,11,199254.59,3,2,3,8,Regular Customers
CUST02533,Ananya Deshmukh,18.0,8,199218.08,4,1,3,8,Regular Customers
CUST04553,Rahul Gupta,39.0,11,198937.9,3,2,3,8,Regular Customers
CUST01399,Rahul Sharma,25.0,9,198734.02,4,1,3,8,Regular Customers
CUST04815,Pooja Gupta,72.0,13,198601.58,2,3,3,8,At Risk
CUST04460,Pooja Shah,113.0,13,197767.95,2,3,3,8,At Risk
CUST01763,Isha Kumar,76.0,13,197583.8,2,3,3,8,At Risk
CUST05398,Pooja Kumar,113.0,12,197514.16,2,3,3,8,At Risk
CUST04128,Pooja Deshmukh,50.0,10,197434.58,3,2,3,8,Regular Customers
CUST05576,Karan Singh,102.0,12,197401.25,2,3,3,8,At Risk
CUST01205,Vivaan Verma,55.0,11,197176.04,3,2,3,8,Regular Customers
CUST05887,Vivaan Mhaske,49.0,13,196857.39,3,3,2,8,Regular Customers
CUST00767,Sneha Kumar,108.0,14,196314.06,2,4,2,8,Regular Customers
CUST02936,Ananya Singh,1.0,9,196269.81,5,1,2,8,Regular Customers
CUST00735,Kavya Sharma,74.0,14,195896.89,2,4,2,8,Regular Customers
CUST04739,Rohan Deshmukh,16.0,11,195675.0,4,2,2,8,Potential Loyalists
CUST01364,Meera Mehta,33.0,10,195652.87,4,2,2,8,Potential Loyalists
CUST02239,Aarav Kumar,57.0,12,195615.74,3,3,2,8,Regular Customers
CUST00330,Kavya Mehta,174.0,16,195499.78,1,5,2,8,Regular Customers
CUST01158,Kavya Kumar,45.0,12,195459.11,3,3,2,8,Regular Customers
CUST04837,Kavya Verma,0.0,9,195380.23,5,1,2,8,Regular Customers
CUST04930,Pooja Patil,109.0,14,195186.75,2,4,2,8,Regular Customers
CUST04975,Aarav Shah,56.0,13,195127.68,3,3,2,8,Regular Customers
CUST05639,Neha Verma,30.0,11,194929.16,4,2,2,8,Potential Loyalists
CUST01315,Neha Sharma,27.0,11,194572.64,4,2,2,8,Potential Loyalists
CUST00988,Kavya Mehta,43.0,13,194445.41,3,3,2,8,Regular Customers
CUST02890,Rohan Patil,28.0,10,194398.76,4,2,2,8,Potential Loyalists
CUST03308,Kavya Verma,21.0,11,194375.77,4,2,2,8,Potential Loyalists
CUST01969,Rahul Nair,89.0,14,194027.77,2,4,2,8,Regular Customers
CUST01165,Aditya Gupta,30.0,11,193345.47,4,2,2,8,Potential Loyalists
CUST01682,Neha Nair,38.0,12,193195.67,3,3,2,8,Regular Customers
CUST04644,Karan Joshi,26.0,10,192737.45,4,2,2,8,Potential Loyalists
CUST00663,Isha Verma,36.0,10,192710.29,4,2,2,8,Potential Loyalists
CUST03558,Meera Kumar,59.0,13,192517.34,3,3,2,8,Regular Customers
CUST04127,Rahul Joshi,65.0,13,192501.14,3,3,2,8,Regular Customers
CUST04956,Neha Gupta,36.0,11,192292.37,4,2,2,8,Potential Loyalists
CUST00517,Kavya Gupta,15.0,9,192270.36,5,1,2,8,Regular Customers
CUST05955,Aarav Mehta,45.0,13,191788.2,3,3,2,8,Regular Customers
CUST02422,Priya Verma,41.0,13,191237.23,3,3,2,8,Regular Customers
CUST04596,Rohan Kumar,59.0,12,191024.16,3,3,2,8,Regular Customers
CUST00579,Meera Joshi,55.0,13,190869.21,3,3,2,8,Regular Customers
CUST02555,Vivaan Singh,58.0,13,190826.09,3,3,2,8,Regular Customers
CUST01323,Sneha Nair,51.0,12,190763.45,3,3,2,8,Regular Customers
CUST01741,Vivaan Joshi,52.0,12,190514.86,3,3,2,8,Regular Customers
CUST04656,Rohan Verma,32.0,11,190503.95,4,2,2,8,Potential Loyalists
CUST01794,Aditya Singh,37.0,12,190370.09,3,3,2,8,Regular Customers
CUST01912,Aditya Nair,220.0,18,190083.28,1,5,2,8,Regular Customers
CUST01633,Sneha Joshi,17.0,10,189994.05,4,2,2,8,Potential Loyalists
CUST01593,Rohan Nair,58.0,13,189800.2,3,3,2,8,Regular Customers
CUST04531,Rahul Mhaske,43.0,12,189635.88,3,3,2,8,Regular Customers
CUST04631,Pooja Gupta,58.0,13,189484.14,3,3,2,8,Regular Customers
CUST02481,Pooja Verma,16.0,10,189454.62,4,2,2,8,Potential Loyalists
CUST03588,Sneha Sharma,90.0,14,189438.59,2,4,2,8,Regular Customers
CUST05999,Karan Verma,94.0,15,189093.65,2,4,2,8,Regular Customers
CUST03645,Neha Deshmukh,17.0,11,188849.33,4,2,2,8,Potential Loyalists
CUST04558,Amit Sharma,53.0,13,188467.06,3,3,2,8,Regular Customers
CUST02224,Rohan Mhaske,1.0,6,188320.37,5,1,2,8,Regular Customers
CUST03830,Isha Patil,24.0,10,187897.9,4,2,2,8,Potential Loyalists
CUST03084,Aarav Shah,7.0,7,187562.65,5,1,2,8,Regular Customers
CUST04595,Amit Sharma,1.0,7,187456.13,5,1,2,8,Regular Customers
CUST02492,Meera Kumar,38.0,12,187181.38,3,3,2,8,Regular Customers
CUST05447,Meera Nair,61.0,13,187122.01,3,3,2,8,Regular Customers
CUST05652,Sneha Joshi,21.0,11,187002.39,4,2,2,8,Potential Loyalists
CUST01724,Priya Patil,58.0,12,186976.73,3,3,2,8,Regular Customers
CUST02725,Ananya Sharma,43.0,12,186935.35,3,3,2,8,Regular Customers
CUST05564,Meera Verma,2.0,7,186890.77,5,1,2,8,Regular Customers
CUST02302,Vivaan Shah,95.0,15,186693.75,2,4,2,8,Regular Customers
CUST02540,Rahul Deshmukh,138.0,17,186691.66,1,5,2,8,Regular Customers
CUST00494,Kavya Joshi,44.0,12,186400.48,3,3,2,8,Regular Customers
CUST02047,Priya Patil,10.0,9,186092.22,5,1,2,8,Regular Customers
CUST03453,Rahul Mhaske,59.0,12,186074.02,3,3,2,8,Regular Customers
CUST01064,Amit Nair,65.0,12,185544.4,3,3,2,8,Regular Customers
CUST02803,Aarav Gupta,63.0,13,185398.42,3,3,2,8,Regular Customers
CUST04439,Priya Singh,40.0,13,185186.04,3,3,2,8,Regular Customers
CUST00302,Arjun Mehta,10.0,9,184844.79,5,1,2,8,Regular Customers
CUST03234,Karan Singh,38.0,13,184628.07,3,3,2,8,Regular Customers
CUST03061,Aarav Sharma,63.0,13,184412.88,3,3,2,8,Regular Customers
CUST01512,Kavya Deshmukh,86.0,14,184083.43,2,4,2,8,Regular Customers
CUST01465,Neha Deshmukh,56.0,13,183807.76,3,3,2,8,Regular Customers
CUST05148,Rahul Kumar,27.0,10,183609.99,4,2,2,8,Potential Loyalists
CUST05635,Isha Shah,12.0,7,183354.65,5,1,2,8,Regular Customers
CUST04223,Amit Deshmukh,48.0,13,183124.2,3,3,2,8,Regular Customers
CUST03927,Isha Deshmukh,18.0,10,183069.14,4,2,2,8,Potential Loyalists
CUST01485,Amit Verma,27.0,11,182862.37,4,2,2,8,Potential Loyalists
CUST00904,Rahul Mehta,61.0,13,182435.13,3,3,2,8,Regular Customers
CUST05229,Arjun Nair,80.0,14,182406.11,2,4,2,8,Regular Customers
CUST00179,Arjun Verma,56.0,13,182191.06,3,3,2,8,Regular Customers
CUST03949,Isha Shah,14.0,9,181754.55,5,1,2,8,Regular Customers
CUST04961,Aditya Shah,27.0,10,181600.75,4,2,2,8,Potential Loyalists
CUST01076,Sneha Patil,5.0,9,181524.02,5,1,2,8,Regular Customers
CUST00287,Priya Mehta,62.0,12,181435.96,3,3,2,8,Regular Customers
CUST04830,Kavya Verma,49.0,13,181316.22,3,3,2,8,Regular Customers
CUST02212,Isha Joshi,122.0,19,181291.85,1,5,2,8,Regular Customers
CUST03829,Sneha Mehta,47.0,13,181122.96,3,3,2,8,Regular Customers
CUST02564,Neha Singh,4.0,9,180794.01,5,1,2,8,Regular Customers
CUST04360,Ananya Sharma,63.0,12,180285.28,3,3,2,8,Regular Customers
CUST02031,Priya Verma,9.0,8,180275.38,5,1,2,8,Regular Customers
CUST02758,Vivaan Nair,28.0,11,180000.25,4,2,2,8,Potential Loyalists
CUST03773,Isha Verma,60.0,12,179795.29,3,3,2,8,Regular Customers
CUST01170,Vivaan Mhaske,56.0,13,177419.72,3,3,2,8,Regular Customers
CUST04798,Aditya Singh,84.0,14,177242.81,2,4,2,8,Regular Customers
CUST05321,Rohan Nair,46.0,12,177235.57,3,3,2,8,Regular Customers
CUST02350,Meera Patil,16.0,11,177176.2,4,2,2,8,Potential Loyalists
CUST02800,Karan Nair,7.0,9,176847.51,5,1,2,8,Regular Customers
CUST04686,Rohan Mhaske,32.0,10,176084.15,4,2,2,8,Potential Loyalists
CUST00883,Arjun Deshmukh,15.0,9,175835.85,5,1,2,8,Regular Customers
CUST01927,Karan Kumar,30.0,11,175809.02,4,2,2,8,Potential Loyalists
CUST04419,Kavya Kumar,114.0,14,175676.86,2,4,2,8,Regular Customers
CUST02325,Arjun Mehta,21.0,10,175006.07,4,2,2,8,Potential Loyalists
CUST03011,Amit Joshi,56.0,12,174982.03,3,3,2,8,Regular Customers
CUST01965,Arjun Verma,49.0,13,174585.81,3,3,2,8,Regular Customers
CUST05708,Ananya Sharma,119.0,14,174161.38,2,4,2,8,Regular Customers
CUST01823,Ananya Mehta,51.0,13,174052.9,3,3,2,8,Regular Customers
CUST02742,Sneha Mhaske,25.0,11,173598.77,4,2,2,8,Potential Loyalists
CUST03107,Isha Mehta,55.0,13,173006.51,3,3,2,8,Regular Customers
CUST01208,Neha Singh,28.0,10,172845.66,4,2,2,8,Potential Loyalists
CUST00248,Sneha Mhaske,25.0,11,172430.97,4,2,2,8,Potential Loyalists
CUST00902,Sneha Nair,40.0,13,172121.28,3,3,2,8,Regular Customers
CUST05795,Rohan Patil,37.0,12,171923.64,3,3,2,8,Regular Customers
CUST01977,Aditya Shah,5.0,8,171296.55,5,1,2,8,Regular Customers
CUST01798,Meera Mhaske,38.0,12,171156.99,3,3,2,8,Regular Customers
CUST00093,Kavya Patil,29.0,10,170909.5,4,2,2,8,Potential Loyalists
CUST05453,Rahul Deshmukh,34.0,10,170857.04,4,2,2,8,Potential Loyalists
CUST02730,Arjun Verma,16.0,10,170725.01,4,2,2,8,Potential Loyalists
CUST05187,Priya Joshi,26.0,10,170703.67,4,2,2,8,Potential Loyalists
CUST05049,Aarav Kumar,0.0,6,170629.82,5,1,2,8,Regular Customers
CUST02660,Aditya Sharma,23.0,10,170469.67,4,2,2,8,Potential Loyalists
CUST04474,Sneha Nair,28.0,10,170056.77,4,2,2,8,Potential Loyalists
CUST00695,Rohan Nair,63.0,13,169979.73,3,3,2,8,Regular Customers
CUST01561,Kavya Nair,32.0,10,169888.04,4,2,2,8,Potential Loyalists
CUST02148,Arjun Nair,39.0,12,169571.08,3,3,2,8,Regular Customers
CUST04446,Neha Verma,18.0,11,169406.9,4,2,2,8,Potential Loyalists
CUST05718,Pooja Mehta,13.0,8,169395.68,5,1,2,8,Regular Customers
CUST03184,Vivaan Patil,60.0,12,169003.75,3,3,2,8,Regular Customers
CUST03946,Isha Singh,70.0,15,167861.51,2,4,2,8,Regular Customers
CUST05305,Arjun Verma,13.0,8,167527.73,5,1,2,8,Regular Customers
CUST00182,Pooja Kumar,36.0,10,167279.24,4,2,2,8,Potential Loyalists
CUST01151,Priya Nair,42.0,12,167149.69,3,3,2,8,Regular Customers
CUST03375,Priya Shah,41.0,13,167140.91,3,3,2,8,Regular Customers
CUST04254,Ananya Shah,26.0,10,166896.9,4,2,2,8,Potential Loyalists
CUST03002,Arjun Kumar,54.0,13,166631.72,3,3,2,8,Regular Customers
CUST02316,Arjun Kumar,1.0,8,166629.66,5,1,2,8,Regular Customers
CUST01704,Amit Joshi,27.0,11,166616.03,4,2,2,8,Potential Loyalists
CUST02456,Meera Gupta,8.0,9,166523.43,5,1,2,8,Regular Customers
CUST04108,Pooja Gupta,35.0,11,166426.46,4,2,2,8,Potential Loyalists
CUST03130,Aarav Sharma,60.0,13,166190.71,3,3,2,8,Regular Customers
CUST05454,Kavya Deshmukh,15.0,8,165960.23,5,1,2,8,Regular Customers
CUST01063,Meera Patil,36.0,11,164602.8,4,2,2,8,Potential Loyalists
CUST01529,Aditya Patil,25.0,10,164501.78,4,2,2,8,Potential Loyalists
CUST02241,Amit Kumar,0.0,7,164420.81,5,1,2,8,Regular Customers
CUST03117,Vivaan Gupta,0.0,8,164227.06,5,1,2,8,Regular Customers
CUST00194,Rahul Deshmukh,64.0,12,164125.73,3,3,2,8,Regular Customers
CUST02263,Karan Patil,26.0,10,163948.69,4,2,2,8,Potential Loyalists
CUST05527,Arjun Mhaske,31.0,11,163906.66,4,2,2,8,Potential Loyalists
CUST01091,Rohan Nair,14.0,8,163812.19,5,1,2,8,Regular Customers
CUST01610,Arjun Kumar,54.0,12,163734.53,3,3,2,8,Regular Customers
CUST05500,Karan Mhaske,26.0,11,163343.04,4,2,2,8,Potential Loyalists
CUST01134,Karan Singh,4.0,9,163087.1,5,1,2,8,Regular Customers
CUST05287,Meera Nair,75.0,14,162854.49,2,4,2,8,Regular Customers
CUST04738,Rahul Patil,0.0,9,162808.24,5,1,2,8,Regular Customers
CUST00437,Aditya Singh,38.0,12,162759.95,3,3,2,8,Regular Customers
CUST02324,Amit Deshmukh,47.0,12,162757.53,3,3,2,8,Regular Customers
CUST01701,Meera Mehta,30.0,10,162676.26,4,2,2,8,Potential Loyalists
CUST02225,Rohan Gupta,27.0,10,162580.59,4,2,2,8,Potential Loyalists
CUST05933,Neha Nair,17.0,10,162413.23,4,2,2,8,Potential Loyalists
CUST02922,Kavya Nair,20.0,10,162407.26,4,2,2,8,Potential Loyalists
CUST02173,Isha Joshi,27.0,11,162355.77,4,2,2,8,Potential Loyalists
CUST03980,Neha Deshmukh,62.0,13,162179.06,3,3,2,8,Regular Customers
CUST03441,Pooja Singh,52.0,12,161815.82,3,3,2,8,Regular Customers
CUST04911,Meera Mhaske,20.0,10,161752.19,4,2,2,8,Potential Loyalists
CUST00160,Kavya Sharma,70.0,14,161623.29,2,4,2,8,Regular Customers
CUST05282,Neha Gupta,8.0,9,160854.25,5,1,2,8,Regular Customers
CUST05865,Arjun Mhaske,4.0,9,160847.29,5,1,2,8,Regular Customers
CUST04976,Rohan Deshmukh,138.0,16,160614.81,1,5,2,8,Regular Customers
CUST02484,Isha Singh,30.0,10,160335.65,4,2,2,8,Potential Loyalists
CUST05066,Meera Mhaske,56.0,12,160335.3,3,3,2,8,Regular Customers
CUST05114,Ananya Mehta,46.0,12,160011.45,3,3,2,8,Regular Customers
CUST03774,Vivaan Patil,39.0,12,159922.05,3,3,2,8,Regular Customers
CUST02862,Aditya Joshi,39.0,13,159618.48,3,3,2,8,Regular Customers
CUST00790,Isha Kumar,11.0,8,159427.54,5,1,2,8,Regular Customers
CUST02993,Aditya Sharma,82.0,15,159354.0,2,4,2,8,Regular Customers
CUST05568,Priya Verma,107.0,14,159070.94,2,4,2,8,Regular Customers
CUST03877,Neha Nair,2.0,7,159036.4,5,1,2,8,Regular Customers
CUST00693,Karan Gupta,36.0,11,158547.78,4,2,2,8,Potential Loyalists
CUST03615,Neha Mehta,38.0,12,158421.72,3,3,2,8,Regular Customers
CUST04655,Arjun Mhaske,67.0,14,157971.5,2,4,2,8,Regular Customers
CUST02528,Pooja Kumar,74.0,14,157840.0,2,4,2,8,Regular Customers
CUST02363,Meera Joshi,47.0,12,157670.88,3,3,2,8,Regular Customers
CUST01065,Kavya Joshi,54.0,12,157619.95,3,3,2,8,Regular Customers
CUST04229,Karan Kumar,44.0,13,157003.86,3,3,2,8,Regular Customers
CUST00082,Rahul Mhaske,7.0,9,156987.49,5,1,2,8,Regular Customers
CUST04742,Priya Shah,105.0,15,156819.5,2,4,2,8,Regular Customers
CUST03259,Karan Verma,57.0,13,156605.47,3,3,2,8,Regular Customers
CUST04195,Meera Shah,10.0,9,156589.15,5,1,2,8,Regular Customers
CUST03728,Neha Kumar,50.0,12,156566.01,3,3,2,8,Regular Customers
CUST05647,Arjun Sharma,1.0,9,156329.88,5,1,2,8,Regular Customers
CUST04393,Amit Nair,28.0,11,155986.44,4,2,2,8,Potential Loyalists
CUST01239,Isha Singh,89.0,14,155751.18,2,4,2,8,Regular Customers
CUST03132,Vivaan Kumar,25.0,11,155725.89,4,2,2,8,Potential Loyalists
CUST01475,Amit Nair,11.0,9,155088.94,5,1,2,8,Regular Customers
CUST01061,Sneha Sharma,163.0,16,154891.33,1,5,2,8,Regular Customers
CUST04126,Ananya Verma,35.0,11,154771.67,4,2,2,8,Potential Loyalists
CUST02423,Amit Patil,91.0,14,154596.15,2,4,2,8,Regular Customers
CUST00043,Isha Gupta,33.0,10,154492.85,4,2,2,8,Potential Loyalists
CUST00239,Aarav Deshmukh,6.0,8,154284.1,5,1,2,8,Regular Customers
CUST02519,Karan Shah,4.0,8,153954.82,5,1,2,8,Regular Customers
CUST04533,Rahul Patil,81.0,14,153865.92,2,4,2,8,Regular Customers
CUST02459,Kavya Singh,0.0,9,153655.28,5,1,2,8,Regular Customers
CUST01444,Aditya Shah,25.0,11,153620.7,4,2,2,8,Potential Loyalists
CUST03285,Isha Mhaske,30.0,11,153354.66,4,2,2,8,Potential Loyalists
CUST04190,Arjun Patil,0.0,8,153287.76,5,1,2,8,Regular Customers
CUST02328,Karan Deshmukh,29.0,11,153139.56,4,2,2,8,Potential Loyalists
CUST00796,Priya Deshmukh,25.0,10,152687.74,4,2,2,8,Potential Loyalists
CUST05037,Rahul Singh,8.0,9,152275.72,5,1,2,8,Regular Customers
CUST03526,Ananya Singh,97.0,14,152076.26,2,4,2,8,Regular Customers
CUST00603,Pooja Shah,27.0,11,151630.35,4,2,2,8,Potential Loyalists
CUST00746,Kavya Nair,19.0,11,151518.1,4,2,2,8,Potential Loyalists
CUST01870,Vivaan Kumar,80.0,15,151454.47,2,4,2,8,Regular Customers
CUST02134,Amit Singh,73.0,14,151448.69,2,4,2,8,Regular Customers
CUST05068,Aditya Patil,14.0,7,151412.13,5,1,2,8,Regular Customers
CUST01946,Aditya Nair,53.0,13,151170.95,3,3,2,8,Regular Customers
CUST04473,Meera Gupta,12.0,9,151096.65,5,1,2,8,Regular Customers
CUST04324,Sneha Shah,7.0,9,150993.51,5,1,2,8,Regular Customers
CUST01275,Aarav Joshi,1.0,8,150963.48,5,1,2,8,Regular Customers
CUST01860,Rahul Sharma,2.0,9,150894.63,5,1,2,8,Regular Customers
CUST05503,Rahul Shah,0.0,8,150363.57,5,1,2,8,Regular Customers
CUST04668,Neha Joshi,16.0,11,150155.2,4,2,2,8,Potential Loyalists
CUST04251,Karan Nair,34.0,11,150153.78,4,2,2,8,Potential Loyalists
CUST02468,Aditya Joshi,10.0,11,150005.17,5,2,1,8,Regular Customers
CUST01602,Kavya Verma,7.0,11,149887.49,5,2,1,8,Regular Customers
CUST04259,Ananya Nair,15.0,10,149822.8,5,2,1,8,Regular Customers
CUST02118,Kavya Nair,27.0,12,148654.41,4,3,1,8,Regular Customers
CUST03339,Aditya Mehta,5.0,10,148454.0,5,2,1,8,Regular Customers
CUST01499,Isha Patil,9.0,11,147592.14,5,2,1,8,Regular Customers
CUST02705,Kavya Kumar,0.0,10,147185.35,5,2,1,8,Regular Customers
CUST00245,Neha Deshmukh,6.0,10,146547.29,5,2,1,8,Regular Customers
CUST01496,Arjun Verma,13.0,11,144307.57,5,2,1,8,Regular Customers
CUST00859,Karan Sharma,14.0,10,144248.54,5,2,1,8,Regular Customers
CUST01948,Rahul Mehta,26.0,13,144135.74,4,3,1,8,Regular Customers
CUST03984,Vivaan Sharma,15.0,10,143878.21,5,2,1,8,Regular Customers
CUST05870,Rahul Mhaske,30.0,13,143386.89,4,3,1,8,Regular Customers
CUST05030,Kavya Kumar,16.0,13,142934.77,4,3,1,8,Regular Customers
CUST01049,Priya Patil,12.0,11,142333.16,5,2,1,8,Regular Customers
CUST02753,Kavya Gupta,2.0,11,141994.69,5,2,1,8,Regular Customers
CUST02826,Meera Joshi,28.0,12,141589.26,4,3,1,8,Regular Customers
CUST04633,Sneha Gupta,10.0,10,141493.65,5,2,1,8,Regular Customers
CUST01093,Isha Patil,0.0,10,140100.51,5,2,1,8,Regular Customers
CUST03256,Priya Deshmukh,61.0,14,138855.11,3,4,1,8,Regular Customers
CUST02013,Isha Mehta,4.0,11,138774.03,5,2,1,8,Regular Customers
CUST04987,Sneha Singh,4.0,11,137995.62,5,2,1,8,Regular Customers
CUST05931,Amit Nair,7.0,11,137078.23,5,2,1,8,Regular Customers
CUST01017,Isha Joshi,33.0,13,136045.83,4,3,1,8,Regular Customers
CUST03355,Arjun Shah,22.0,12,135874.37,4,3,1,8,Regular Customers
CUST04116,Vivaan Kumar,6.0,10,135472.57,5,2,1,8,Regular Customers
CUST03694,Aditya Verma,44.0,15,134001.6,3,4,1,8,Regular Customers
CUST05832,Vivaan Mhaske,38.0,14,133966.65,3,4,1,8,Regular Customers
CUST03224,Arjun Singh,95.0,17,133297.67,2,5,1,8,Regular Customers
CUST02802,Meera Kumar,34.0,12,133259.02,4,3,1,8,Regular Customers
CUST02168,Amit Singh,21.0,12,132961.02,4,3,1,8,Regular Customers
CUST02390,Ananya Kumar,6.0,10,131817.94,5,2,1,8,Regular Customers
CUST03915,Aditya Shah,12.0,10,131809.51,5,2,1,8,Regular Customers
CUST02344,Pooja Nair,22.0,13,131509.0,4,3,1,8,Regular Customers
CUST01407,Pooja Nair,3.0,11,131426.36,5,2,1,8,Regular Customers
CUST01241,Rahul Nair,18.0,13,131409.26,4,3,1,8,Regular Customers
CUST03070,Rohan Kumar,30.0,12,130026.77,4,3,1,8,Regular Customers
CUST02511,Kavya Mehta,1.0,11,129896.52,5,2,1,8,Regular Customers
CUST00983,Rohan Gupta,1.0,11,126767.78,5,2,1,8,Regular Customers
CUST03158,Kavya Mehta,11.0,10,126665.44,5,2,1,8,Regular Customers
CUST02011,Sneha Sharma,6.0,11,126178.39,5,2,1,8,Regular Customers
CUST04456,Aditya Patil,9.0,11,126008.17,5,2,1,8,Regular Customers
CUST03706,Amit Singh,4.0,11,126007.24,5,2,1,8,Regular Customers
CUST03216,Arjun Joshi,3.0,11,125821.06,5,2,1,8,Regular Customers
CUST00647,Neha Verma,4.0,11,124997.18,5,2,1,8,Regular Customers
CUST01325,Karan Sharma,3.0,11,124311.98,5,2,1,8,Regular Customers
CUST04786,Isha Joshi,12.0,10,122900.96,5,2,1,8,Regular Customers
CUST02728,Arjun Mehta,2.0,10,122821.13,5,2,1,8,Regular Customers
CUST03286,Ananya Gupta,26.0,12,122697.25,4,3,1,8,Regular Customers
CUST02510,Arjun Kumar,15.0,10,122118.83,5,2,1,8,Regular Customers
CUST05595,Rohan Gupta,30.0,12,121965.35,4,3,1,8,Regular Customers
CUST02538,Isha Sharma,38.0,14,121941.58,3,4,1,8,Regular Customers
CUST01830,Karan Verma,12.0,10,121715.57,5,2,1,8,Regular Customers
CUST04852,Aditya Mhaske,3.0,10,121329.6,5,2,1,8,Regular Customers
CUST05560,Rahul Mhaske,0.0,10,121189.48,5,2,1,8,Regular Customers
CUST04153,Vivaan Patil,29.0,12,120929.22,4,3,1,8,Regular Customers
CUST05878,Rohan Sharma,10.0,10,119912.06,5,2,1,8,Regular Customers
CUST00393,Ananya Mehta,26.0,12,119783.94,4,3,1,8,Regular Customers
CUST04928,Vivaan Gupta,96.0,17,119478.06,2,5,1,8,Regular Customers
CUST01181,Priya Singh,3.0,10,118362.2,5,2,1,8,Regular Customers
CUST01690,Rahul Verma,50.0,14,117754.94,3,4,1,8,Regular Customers
CUST04148,Aarav Patil,26.0,12,117452.19,4,3,1,8,Regular Customers
CUST05622,Kavya Shah,8.0,11,115677.27,5,2,1,8,Regular Customers
CUST05104,Kavya Patil,33.0,12,115150.52,4,3,1,8,Regular Customers
CUST01066,Kavya Mehta,13.0,10,114047.45,5,2,1,8,Regular Customers
CUST00943,Meera Sharma,7.0,11,113726.2,5,2,1,8,Regular Customers
CUST03943,Neha Deshmukh,5.0,10,112993.36,5,2,1,8,Regular Customers
CUST05877,Priya Deshmukh,13.0,10,112763.04,5,2,1,8,Regular Customers
CUST05966,Priya Gupta,5.0,10,112411.35,5,2,1,8,Regular Customers
CUST00318,Kavya Shah,11.0,10,110749.32,5,2,1,8,Regular Customers
CUST02822,Sneha Verma,8.0,11,106399.06,5,2,1,8,Regular Customers
CUST01284,Karan Verma,1.0,10,105232.61,5,2,1,8,Regular Customers
CUST02955,Sneha Patil,7.0,11,105100.3,5,2,1,8,Regular Customers
CUST05759,Rohan Verma,12.0,10,104801.6,5,2,1,8,Regular Customers
CUST01488,Rohan Mhaske,14.0,10,102447.27,5,2,1,8,Regular Customers
CUST04203,Aditya Verma,5.0,10,100212.71,5,2,1,8,Regular Customers
CUST02515,Arjun Nair,7.0,11,98967.67,5,2,1,8,Regular Customers
CUST03626,Rahul Gupta,34.0,12,95752.76,4,3,1,8,Regular Customers
CUST03288,Sneha Joshi,0.0,10,94682.35,5,2,1,8,Regular Customers
CUST01253,Rohan Mhaske,8.0,11,92416.89,5,2,1,8,Regular Customers
CUST02203,Ananya Joshi,0.0,11,87406.51,5,2,1,8,Regular Customers
CUST01176,Kavya Singh,114.0,9,297805.09,2,1,4,7,Regular Customers
CUST05268,Aarav Joshi,128.0,11,297749.33,1,2,4,7,Regular Customers
CUST04437,Sneha Joshi,198.0,10,291918.35,1,2,4,7,Regular Customers
CUST05295,Vivaan Kumar,187.0,10,289907.41,1,2,4,7,Regular Customers
CUST03094,Rahul Kumar,141.0,11,285763.62,1,2,4,7,Regular Customers
CUST04620,Isha Kumar,111.0,9,285677.96,2,1,4,7,Regular Customers
CUST01787,Aarav Gupta,140.0,11,281766.92,1,2,4,7,Regular Customers
CUST04455,Priya Kumar,148.0,11,278318.04,1,2,4,7,Regular Customers
CUST01620,Rahul Kumar,143.0,11,277894.21,1,2,4,7,Regular Customers
CUST05926,Rahul Nair,109.0,9,276942.08,2,1,4,7,Regular Customers
CUST05243,Pooja Shah,154.0,11,274121.16,1,2,4,7,Regular Customers
CUST00997,Amit Deshmukh,145.0,11,273992.23,1,2,4,7,Regular Customers
CUST05532,Amit Joshi,132.0,11,273035.9,1,2,4,7,Regular Customers
CUST04211,Kavya Gupta,214.0,11,272736.72,1,2,4,7,Regular Customers
CUST02442,Kavya Nair,103.0,9,272204.0,2,1,4,7,Regular Customers
CUST05684,Sneha Joshi,194.0,11,269759.69,1,2,4,7,Regular Customers
CUST04945,Isha Patil,195.0,11,268916.99,1,2,4,7,Regular Customers
CUST04583,Kavya Singh,266.0,11,265653.45,1,2,4,7,Regular Customers
CUST02455,Arjun Kumar,169.0,11,264738.33,1,2,4,7,Regular Customers
CUST03183,Aarav Shah,83.0,9,264062.81,2,1,4,7,Regular Customers
CUST00776,Pooja Mehta,171.0,10,261067.63,1,2,4,7,Regular Customers
CUST04682,Meera Kumar,150.0,11,260750.18,1,2,4,7,Regular Customers
CUST05383,Arjun Shah,270.0,11,260311.08,1,2,4,7,Regular Customers
CUST02450,Amit Deshmukh,141.0,10,260221.05,1,2,4,7,Regular Customers
CUST02353,Meera Shah,306.0,11,260112.63,1,2,4,7,Regular Customers
CUST04726,Aarav Nair,148.0,11,259944.3,1,2,4,7,Regular Customers
CUST04382,Arjun Mehta,222.0,10,259901.65,1,2,4,7,Regular Customers
CUST03997,Vivaan Patil,117.0,8,257280.61,2,1,4,7,Regular Customers
CUST02591,Neha Joshi,140.0,10,256301.99,1,2,4,7,Regular Customers
CUST02664,Aarav Sharma,275.0,11,255561.42,1,2,4,7,Regular Customers
CUST01277,Amit Verma,146.0,10,252518.5,1,2,4,7,Regular Customers
CUST03744,Kavya Verma,154.0,10,252392.28,1,2,4,7,Regular Customers
CUST05617,Sneha Patil,261.0,10,251823.99,1,2,4,7,Regular Customers
CUST05369,Rahul Kumar,120.0,10,251619.1,1,2,4,7,Regular Customers
CUST02507,Meera Joshi,213.0,11,251289.62,1,2,4,7,Regular Customers
CUST05929,Aditya Mehta,73.0,9,250988.8,2,1,4,7,Regular Customers
CUST01884,Meera Verma,227.0,11,250574.58,1,2,4,7,Regular Customers
CUST05513,Kavya Patil,130.0,11,250054.31,1,2,4,7,Regular Customers
CUST04038,Sneha Mhaske,184.0,10,249596.53,1,2,4,7,Regular Customers
CUST02115,Isha Verma,153.0,10,249103.98,1,2,4,7,Regular Customers
CUST05551,Pooja Kumar,153.0,11,248893.7,1,2,4,7,Regular Customers
CUST04066,Isha Mhaske,101.0,8,248891.54,2,1,4,7,Regular Customers
CUST04233,Aditya Singh,80.0,9,248829.72,2,1,4,7,Regular Customers
CUST01117,Neha Patil,218.0,11,248703.38,1,2,4,7,Regular Customers
CUST02933,Ananya Mehta,301.0,10,248510.45,1,2,4,7,Regular Customers
CUST00737,Vivaan Patil,145.0,11,245705.43,1,2,4,7,Regular Customers
CUST01674,Ananya Deshmukh,159.0,11,245176.37,1,2,4,7,Regular Customers
CUST02978,Neha Singh,243.0,11,244951.08,1,2,4,7,Regular Customers
CUST00373,Pooja Verma,70.0,9,244913.84,2,1,4,7,Regular Customers
CUST01811,Amit Nair,224.0,10,244372.95,1,2,4,7,Regular Customers
CUST00636,Meera Singh,145.0,11,244330.5,1,2,4,7,Regular Customers
CUST00648,Karan Kumar,151.0,12,242463.59,1,3,3,7,At Risk
CUST04269,Priya Nair,40.0,8,241946.71,3,1,3,7,Regular Customers
CUST04585,Pooja Deshmukh,87.0,11,241892.0,2,2,3,7,Regular Customers
CUST05722,Amit Mhaske,106.0,11,241396.45,2,2,3,7,Regular Customers
CUST05448,Meera Joshi,198.0,12,240896.73,1,3,3,7,At Risk
CUST04216,Ananya Patil,179.0,13,240883.69,1,3,3,7,At Risk
CUST04650,Pooja Sharma,126.0,12,240246.13,1,3,3,7,At Risk
CUST02478,Kavya Gupta,174.0,13,239428.25,1,3,3,7,At Risk
CUST01320,Rahul Kumar,104.0,10,238945.73,2,2,3,7,Regular Customers
CUST05947,Sneha Sharma,302.0,13,238646.28,1,3,3,7,At Risk
CUST01858,Ananya Kumar,255.0,13,238557.42,1,3,3,7,At Risk
CUST04183,Meera Joshi,93.0,11,238352.8,2,2,3,7,Regular Customers
CUST03361,Rohan Sharma,105.0,11,237990.35,2,2,3,7,Regular Customers
CUST00630,Arjun Patil,85.0,11,237552.25,2,2,3,7,Regular Customers
CUST03709,Pooja Mehta,67.0,11,237527.79,2,2,3,7,Regular Customers
CUST03731,Kavya Deshmukh,133.0,13,236993.76,1,3,3,7,At Risk
CUST05230,Neha Nair,69.0,11,236730.97,2,2,3,7,Regular Customers
CUST04564,Pooja Mehta,164.0,13,236695.99,1,3,3,7,At Risk
CUST03500,Amit Gupta,156.0,13,236573.53,1,3,3,7,At Risk
CUST02646,Priya Singh,165.0,12,236497.19,1,3,3,7,At Risk
CUST00397,Vivaan Deshmukh,52.0,9,235943.91,3,1,3,7,Regular Customers
CUST02151,Rohan Patil,64.0,9,235381.85,3,1,3,7,Regular Customers
CUST05119,Rohan Nair,329.0,13,234277.17,1,3,3,7,At Risk
CUST01169,Priya Singh,142.0,13,234177.4,1,3,3,7,At Risk
CUST05754,Meera Shah,41.0,9,232981.59,3,1,3,7,Regular Customers
CUST03979,Rohan Kumar,81.0,10,232976.6,2,2,3,7,Regular Customers
CUST02343,Isha Gupta,226.0,12,232474.57,1,3,3,7,At Risk
CUST01955,Vivaan Singh,71.0,10,232373.57,2,2,3,7,Regular Customers
CUST04404,Aditya Joshi,133.0,13,232256.73,1,3,3,7,At Risk
CUST04061,Rahul Gupta,84.0,11,232251.89,2,2,3,7,Regular Customers
CUST00580,Karan Mehta,144.0,13,232041.85,1,3,3,7,At Risk
CUST05739,Meera Patil,130.0,12,231620.87,1,3,3,7,At Risk
CUST00962,Vivaan Shah,39.0,8,231572.79,3,1,3,7,Regular Customers
CUST02436,Vivaan Joshi,270.0,12,230499.78,1,3,3,7,At Risk
CUST01882,Vivaan Mhaske,102.0,10,230374.48,2,2,3,7,Regular Customers
CUST01124,Ananya Mhaske,124.0,12,229087.95,1,3,3,7,At Risk
CUST02882,Aditya Patil,95.0,10,228988.38,2,2,3,7,Regular Customers
CUST01577,Ananya Singh,73.0,11,228380.65,2,2,3,7,Regular Customers
CUST04514,Vivaan Deshmukh,151.0,13,227309.0,1,3,3,7,At Risk
CUST02934,Pooja Shah,265.0,12,227064.88,1,3,3,7,At Risk
CUST01523,Neha Kumar,114.0,10,226911.47,2,2,3,7,Regular Customers
CUST04676,Vivaan Mhaske,171.0,12,226895.55,1,3,3,7,At Risk
CUST00782,Isha Singh,103.0,11,225732.27,2,2,3,7,Regular Customers
CUST03850,Aarav Deshmukh,179.0,12,224654.81,1,3,3,7,At Risk
CUST02965,Amit Joshi,72.0,11,224601.56,2,2,3,7,Regular Customers
CUST00783,Vivaan Joshi,125.0,12,224290.34,1,3,3,7,At Risk
CUST05325,Rohan Mhaske,133.0,12,224056.32,1,3,3,7,At Risk
CUST03878,Karan Mhaske,200.0,12,223760.67,1,3,3,7,At Risk
CUST00998,Rohan Mehta,46.0,9,223492.88,3,1,3,7,Regular Customers
CUST02268,Sneha Singh,108.0,11,223389.46,2,2,3,7,Regular Customers
CUST03625,Rohan Singh,137.0,13,222863.09,1,3,3,7,At Risk
CUST04082,Arjun Sharma,177.0,12,222611.83,1,3,3,7,At Risk
CUST00701,Aditya Gupta,133.0,12,222557.95,1,3,3,7,At Risk
CUST03188,Aditya Shah,85.0,10,222120.95,2,2,3,7,Regular Customers
CUST04314,Arjun Shah,166.0,12,221410.1,1,3,3,7,At Risk
CUST04058,Priya Singh,81.0,10,220061.65,2,2,3,7,Regular Customers
CUST00192,Sneha Deshmukh,58.0,9,220046.58,3,1,3,7,Regular Customers
CUST05664,Amit Deshmukh,92.0,10,219989.19,2,2,3,7,Regular Customers
CUST04923,Pooja Sharma,229.0,13,219605.18,1,3,3,7,At Risk
CUST03958,Amit Deshmukh,150.0,12,219563.11,1,3,3,7,At Risk
CUST05204,Isha Nair,272.0,13,219301.69,1,3,3,7,At Risk
CUST00857,Vivaan Mhaske,75.0,11,219268.83,2,2,3,7,Regular Customers
CUST00736,Aditya Shah,121.0,12,219267.6,1,3,3,7,At Risk
CUST02101,Amit Mehta,48.0,8,219213.3,3,1,3,7,Regular Customers
CUST04900,Pooja Mehta,183.0,13,217560.66,1,3,3,7,At Risk
CUST05489,Isha Mehta,102.0,10,217255.43,2,2,3,7,Regular Customers
CUST02162,Aarav Sharma,88.0,11,216491.46,2,2,3,7,Regular Customers
CUST04306,Arjun Verma,169.0,12,216437.57,1,3,3,7,At Risk
CUST05055,Ananya Joshi,41.0,9,215576.09,3,1,3,7,Regular Customers
CUST02256,Ananya Mhaske,76.0,10,215213.92,2,2,3,7,Regular Customers
CUST02707,Arjun Patil,64.0,8,215206.72,3,1,3,7,Regular Customers
CUST05136,Priya Nair,324.0,12,215153.26,1,3,3,7,At Risk
CUST02684,Isha Gupta,73.0,10,214751.03,2,2,3,7,Regular Customers
CUST03971,Aditya Kumar,65.0,8,214709.2,3,1,3,7,Regular Customers
CUST00023,Amit Sharma,40.0,7,214692.0,3,1,3,7,Regular Customers
CUST03222,Karan Patil,173.0,12,214276.59,1,3,3,7,At Risk
CUST01232,Arjun Deshmukh,268.0,12,213719.14,1,3,3,7,At Risk
CUST02399,Priya Deshmukh,75.0,10,213681.43,2,2,3,7,Regular Customers
CUST05347,Karan Kumar,69.0,10,213060.07,2,2,3,7,Regular Customers
CUST05349,Sneha Kumar,125.0,13,213034.69,1,3,3,7,At Risk
CUST01937,Aditya Shah,147.0,12,212988.27,1,3,3,7,At Risk
CUST02321,Arjun Gupta,118.0,10,212324.61,2,2,3,7,Regular Customers
CUST04831,Amit Shah,114.0,10,211352.95,2,2,3,7,Regular Customers
CUST05747,Arjun Patil,84.0,10,211327.43,2,2,3,7,Regular Customers
CUST04169,Karan Mehta,39.0,9,210073.63,3,1,3,7,Regular Customers
CUST00097,Rohan Nair,210.0,12,209453.43,1,3,3,7,At Risk
CUST01622,Karan Nair,135.0,12,208313.48,1,3,3,7,At Risk
CUST05762,Ananya Mhaske,187.0,12,207991.88,1,3,3,7,At Risk
CUST03211,Meera Nair,191.0,13,207880.36,1,3,3,7,At Risk
CUST04626,Aditya Verma,204.0,12,207516.14,1,3,3,7,At Risk
CUST01654,Ananya Nair,65.0,8,207404.26,3,1,3,7,Regular Customers
CUST02524,Aarav Sharma,345.0,13,207116.74,1,3,3,7,At Risk
CUST03459,Amit Joshi,169.0,13,206842.15,1,3,3,7,At Risk
CUST05466,Isha Kumar,207.0,13,206776.97,1,3,3,7,At Risk
CUST01024,Rahul Kumar,245.0,12,206563.6,1,3,3,7,At Risk
CUST05379,Sneha Mehta,192.0,13,206371.69,1,3,3,7,At Risk
CUST03712,Vivaan Shah,223.0,13,206236.35,1,3,3,7,At Risk
CUST05787,Vivaan Mhaske,133.0,12,205914.24,1,3,3,7,At Risk
CUST04962,Neha Gupta,241.0,12,205565.88,1,3,3,7,At Risk
CUST01115,Sneha Sharma,136.0,13,205196.51,1,3,3,7,At Risk
CUST00625,Kavya Sharma,230.0,12,205082.31,1,3,3,7,At Risk
CUST03868,Vivaan Patil,93.0,11,204905.48,2,2,3,7,Regular Customers
CUST02286,Kavya Shah,91.0,11,204558.94,2,2,3,7,Regular Customers
CUST05625,Pooja Sharma,192.0,12,204359.58,1,3,3,7,At Risk
CUST03889,Karan Sharma,89.0,11,204272.54,2,2,3,7,Regular Customers
CUST03306,Sneha Deshmukh,122.0,13,203604.99,1,3,3,7,At Risk
CUST04147,Pooja Gupta,131.0,13,203436.14,1,3,3,7,At Risk
CUST00484,Isha Shah,277.0,12,203416.4,1,3,3,7,At Risk
CUST05611,Rohan Mehta,151.0,13,203252.75,1,3,3,7,At Risk
CUST04773,Amit Sharma,145.0,13,203179.8,1,3,3,7,At Risk
CUST01321,Ananya Shah,84.0,11,203050.13,2,2,3,7,Regular Customers
CUST00982,Rahul Mehta,91.0,11,202673.68,2,2,3,7,Regular Customers
CUST04387,Rahul Kumar,82.0,10,202553.7,2,2,3,7,Regular Customers
CUST03919,Meera Deshmukh,39.0,7,202268.18,3,1,3,7,Regular Customers
CUST05092,Isha Gupta,101.0,10,201569.14,2,2,3,7,Regular Customers
CUST02491,Amit Gupta,55.0,9,201452.86,3,1,3,7,Regular Customers
CUST00704,Kavya Sharma,104.0,11,201288.02,2,2,3,7,Regular Customers
CUST00166,Sneha Deshmukh,83.0,11,200649.55,2,2,3,7,Regular Customers
CUST03468,Pooja Sharma,45.0,9,200571.82,3,1,3,7,Regular Customers
CUST03068,Kavya Verma,59.0,9,200470.78,3,1,3,7,Regular Customers
CUST00441,Neha Sharma,49.0,9,200021.15,3,1,3,7,Regular Customers
CUST04010,Vivaan Singh,70.0,11,199935.4,2,2,3,7,Regular Customers
CUST00368,Priya Kumar,78.0,10,199163.44,2,2,3,7,Regular Customers
CUST00486,Kavya Kumar,110.0,10,199159.96,2,2,3,7,Regular Customers
CUST03048,Aditya Sharma,195.0,13,198544.52,1,3,3,7,At Risk
CUST04463,Aarav Mhaske,294.0,12,197540.59,1,3,3,7,At Risk
CUST02842,Pooja Mehta,37.0,10,196961.18,3,2,2,7,Regular Customers
CUST00646,Pooja Verma,90.0,13,196944.1,2,3,2,7,Regular Customers
CUST05120,Arjun Shah,110.0,12,196748.77,2,3,2,7,Regular Customers
CUST05840,Rahul Joshi,73.0,13,196650.49,2,3,2,7,Regular Customers
CUST03749,Karan Gupta,209.0,15,196639.05,1,4,2,7,Regular Customers
CUST00118,Karan Sharma,103.0,13,196570.94,2,3,2,7,Regular Customers
CUST03493,Aarav Shah,111.0,13,196163.57,2,3,2,7,Regular Customers
CUST01626,Sneha Joshi,44.0,11,196121.04,3,2,2,7,Regular Customers
CUST04420,Priya Kumar,99.0,13,195958.4,2,3,2,7,Regular Customers
CUST01950,Arjun Patil,33.0,7,195433.49,4,1,2,7,Regular Customers
CUST03696,Karan Mehta,51.0,10,195345.14,3,2,2,7,Regular Customers
CUST03043,Isha Kumar,222.0,14,195325.04,1,4,2,7,Regular Customers
CUST02425,Vivaan Mehta,59.0,10,195122.42,3,2,2,7,Regular Customers
CUST00164,Priya Kumar,98.0,13,195112.92,2,3,2,7,Regular Customers
CUST05261,Neha Nair,37.0,11,194585.76,3,2,2,7,Regular Customers
CUST05969,Rohan Singh,92.0,12,194413.65,2,3,2,7,Regular Customers
CUST02655,Meera Nair,39.0,10,194407.12,3,2,2,7,Regular Customers
CUST03325,Aditya Deshmukh,70.0,12,194371.36,2,3,2,7,Regular Customers
CUST05222,Pooja Shah,27.0,8,194109.22,4,1,2,7,Regular Customers
CUST03963,Priya Mehta,66.0,11,194104.54,3,2,2,7,Regular Customers
CUST00046,Pooja Patil,87.0,13,193989.06,2,3,2,7,Regular Customers
CUST05988,Priya Singh,40.0,11,193744.45,3,2,2,7,Regular Customers
CUST00706,Arjun Mehta,122.0,14,193612.49,1,4,2,7,Regular Customers
CUST04607,Karan Mhaske,22.0,7,193525.37,4,1,2,7,Regular Customers
CUST04214,Ananya Kumar,44.0,10,193022.92,3,2,2,7,Regular Customers
CUST03482,Vivaan Kumar,44.0,11,192788.99,3,2,2,7,Regular Customers
CUST03809,Kavya Verma,57.0,11,192781.7,3,2,2,7,Regular Customers
CUST00791,Rahul Nair,52.0,10,192680.68,3,2,2,7,Regular Customers
CUST05328,Rahul Gupta,92.0,13,192612.5,2,3,2,7,Regular Customers
CUST04164,Neha Shah,140.0,15,192376.62,1,4,2,7,Regular Customers
CUST01440,Rahul Nair,42.0,10,189968.86,3,2,2,7,Regular Customers
CUST00664,Rahul Joshi,40.0,11,189878.39,3,2,2,7,Regular Customers
CUST04600,Karan Patil,77.0,12,189824.91,2,3,2,7,Regular Customers
CUST00090,Priya Verma,18.0,9,189712.98,4,1,2,7,Regular Customers
CUST03416,Meera Joshi,39.0,10,189616.07,3,2,2,7,Regular Customers
CUST02179,Aditya Gupta,57.0,11,189271.52,3,2,2,7,Regular Customers
CUST05875,Sneha Nair,43.0,10,189139.18,3,2,2,7,Regular Customers
CUST03655,Aarav Shah,70.0,12,188762.14,2,3,2,7,Regular Customers
CUST03634,Pooja Joshi,112.0,12,188166.1,2,3,2,7,Regular Customers
CUST04674,Aarav Verma,92.0,13,188085.95,2,3,2,7,Regular Customers
CUST03945,Rohan Sharma,82.0,12,187673.31,2,3,2,7,Regular Customers
CUST04275,Vivaan Gupta,149.0,14,187273.98,1,4,2,7,Regular Customers
CUST02045,Arjun Nair,53.0,11,187078.15,3,2,2,7,Regular Customers
CUST05446,Amit Gupta,89.0,12,186617.82,2,3,2,7,Regular Customers
CUST02054,Neha Joshi,43.0,11,186074.98,3,2,2,7,Regular Customers
CUST02046,Aditya Patil,28.0,8,185557.2,4,1,2,7,Regular Customers
CUST01101,Amit Verma,84.0,13,185217.87,2,3,2,7,Regular Customers
CUST01710,Amit Nair,48.0,11,185179.33,3,2,2,7,Regular Customers
CUST01443,Kavya Nair,73.0,13,184860.18,2,3,2,7,Regular Customers
CUST02462,Aditya Sharma,107.0,13,184676.22,2,3,2,7,Regular Customers
CUST02856,Pooja Kumar,26.0,9,184664.93,4,1,2,7,Regular Customers
CUST00734,Karan Mhaske,118.0,12,184606.57,2,3,2,7,Regular Customers
CUST04730,Amit Deshmukh,33.0,9,184298.03,4,1,2,7,Regular Customers
CUST02454,Vivaan Gupta,57.0,11,184120.16,3,2,2,7,Regular Customers
CUST04351,Vivaan Mhaske,77.0,13,183437.86,2,3,2,7,Regular Customers
CUST00338,Rohan Mehta,57.0,11,182854.95,3,2,2,7,Regular Customers
CUST02747,Ananya Mehta,43.0,11,182700.52,3,2,2,7,Regular Customers
CUST05750,Rohan Joshi,97.0,13,182404.85,2,3,2,7,Regular Customers
CUST00937,Neha Mehta,92.0,12,182234.98,2,3,2,7,Regular Customers
CUST04201,Arjun Singh,94.0,13,181338.31,2,3,2,7,Regular Customers
CUST04014,Vivaan Mehta,42.0,11,181333.17,3,2,2,7,Regular Customers
CUST03246,Aarav Deshmukh,64.0,11,181263.33,3,2,2,7,Regular Customers
CUST00224,Rohan Gupta,44.0,11,180625.01,3,2,2,7,Regular Customers
CUST01902,Arjun Singh,54.0,11,180378.02,3,2,2,7,Regular Customers
CUST02671,Arjun Singh,154.0,14,180200.01,1,4,2,7,Regular Customers
CUST02853,Vivaan Shah,44.0,10,180136.86,3,2,2,7,Regular Customers
CUST01394,Karan Shah,85.0,12,179865.8,2,3,2,7,Regular Customers
CUST01853,Amit Patil,127.0,15,179841.33,1,4,2,7,Regular Customers
CUST01785,Aditya Nair,103.0,12,179559.9,2,3,2,7,Regular Customers
CUST00929,Rahul Shah,39.0,10,179253.78,3,2,2,7,Regular Customers
CUST04375,Rohan Mehta,67.0,13,179220.12,2,3,2,7,Regular Customers
CUST01841,Kavya Mhaske,78.0,13,179065.93,2,3,2,7,Regular Customers
CUST05477,Meera Nair,150.0,14,179001.34,1,4,2,7,Regular Customers
CUST04619,Ananya Nair,59.0,11,178890.68,3,2,2,7,Regular Customers
CUST03788,Amit Joshi,108.0,12,178794.44,2,3,2,7,Regular Customers
CUST00035,Ananya Shah,127.0,14,178716.43,1,4,2,7,Regular Customers
CUST01869,Vivaan Mhaske,87.0,13,177220.81,2,3,2,7,Regular Customers
CUST02405,Ananya Verma,47.0,11,177169.43,3,2,2,7,Regular Customers
CUST05468,Meera Nair,88.0,13,176776.82,2,3,2,7,Regular Customers
CUST05735,Aditya Joshi,40.0,10,176543.29,3,2,2,7,Regular Customers
CUST02029,Rahul Patil,29.0,7,176029.48,4,1,2,7,Regular Customers
CUST03254,Karan Joshi,55.0,11,175252.39,3,2,2,7,Regular Customers
CUST02298,Pooja Mhaske,77.0,12,174961.22,2,3,2,7,Regular Customers
CUST04394,Neha Sharma,88.0,13,174500.18,2,3,2,7,Regular Customers
CUST03379,Pooja Mehta,306.0,14,174056.65,1,4,2,7,Regular Customers
CUST02992,Aarav Mhaske,26.0,9,173726.92,4,1,2,7,Regular Customers
CUST04018,Isha Verma,18.0,9,173554.67,4,1,2,7,Regular Customers
CUST05063,Isha Shah,44.0,11,173523.37,3,2,2,7,Regular Customers
CUST04141,Meera Nair,20.0,8,173370.92,4,1,2,7,Regular Customers
CUST04357,Amit Deshmukh,24.0,7,173088.41,4,1,2,7,Regular Customers
CUST02639,Aarav Shah,76.0,12,172911.45,2,3,2,7,Regular Customers
CUST05593,Ananya Verma,64.0,11,172500.07,3,2,2,7,Regular Customers
CUST00086,Kavya Gupta,47.0,10,172383.27,3,2,2,7,Regular Customers
CUST02949,Rohan Shah,102.0,13,172233.88,2,3,2,7,Regular Customers
CUST04654,Rohan Kumar,37.0,11,172227.56,3,2,2,7,Regular Customers
CUST04462,Meera Verma,39.0,10,171825.69,3,2,2,7,Regular Customers
CUST02644,Pooja Gupta,91.0,13,171312.51,2,3,2,7,Regular Customers
CUST04896,Rahul Singh,66.0,10,171205.02,3,2,2,7,Regular Customers
CUST05147,Vivaan Deshmukh,37.0,10,169142.13,3,2,2,7,Regular Customers
CUST00515,Arjun Sharma,90.0,13,169101.75,2,3,2,7,Regular Customers
CUST03817,Kavya Singh,102.0,13,168756.07,2,3,2,7,Regular Customers
CUST05820,Aarav Singh,141.0,14,168563.95,1,4,2,7,Regular Customers
CUST01904,Neha Nair,52.0,10,168556.42,3,2,2,7,Regular Customers
CUST01967,Arjun Singh,65.0,11,168447.29,3,2,2,7,Regular Customers
CUST00198,Amit Singh,55.0,10,168379.25,3,2,2,7,Regular Customers
CUST04636,Aarav Singh,107.0,12,168362.61,2,3,2,7,Regular Customers
CUST05028,Kavya Nair,58.0,10,168015.61,3,2,2,7,Regular Customers
CUST01318,Sneha Verma,22.0,9,167994.33,4,1,2,7,Regular Customers
CUST04094,Neha Joshi,35.0,7,167505.66,4,1,2,7,Regular Customers
CUST05482,Aarav Mhaske,62.0,10,167488.96,3,2,2,7,Regular Customers
CUST02053,Aditya Kumar,19.0,9,167244.65,4,1,2,7,Regular Customers
CUST03253,Meera Mhaske,78.0,12,167150.23,2,3,2,7,Regular Customers
CUST03266,Pooja Nair,31.0,8,166832.83,4,1,2,7,Regular Customers
CUST02582,Isha Nair,68.0,12,166594.89,2,3,2,7,Regular Customers
CUST03808,Meera Shah,187.0,15,166135.92,1,4,2,7,Regular Customers
CUST00184,Rohan Mehta,53.0,10,165944.47,3,2,2,7,Regular Customers
CUST00528,Karan Gupta,99.0,13,165911.82,2,3,2,7,Regular Customers
CUST03871,Rohan Patil,90.0,13,165759.84,2,3,2,7,Regular Customers
CUST03685,Priya Shah,79.0,13,165635.58,2,3,2,7,Regular Customers
CUST03265,Neha Gupta,17.0,9,165491.66,4,1,2,7,Regular Customers
CUST01809,Priya Sharma,185.0,14,165116.51,1,4,2,7,Regular Customers
CUST03975,Meera Deshmukh,43.0,10,165102.71,3,2,2,7,Regular Customers
CUST04913,Vivaan Shah,57.0,10,164933.11,3,2,2,7,Regular Customers
CUST03553,Isha Nair,28.0,9,164892.0,4,1,2,7,Regular Customers
CUST02930,Rohan Deshmukh,102.0,13,163864.04,2,3,2,7,Regular Customers
CUST01630,Priya Nair,69.0,12,163494.9,2,3,2,7,Regular Customers
CUST01614,Neha Verma,51.0,11,163471.24,3,2,2,7,Regular Customers
CUST04748,Sneha Deshmukh,111.0,12,163222.53,2,3,2,7,Regular Customers
CUST02792,Rohan Gupta,67.0,12,162976.79,2,3,2,7,Regular Customers
CUST05319,Pooja Verma,85.0,12,162817.66,2,3,2,7,Regular Customers
CUST03806,Amit Sharma,29.0,9,162787.09,4,1,2,7,Regular Customers
CUST03590,Vivaan Verma,46.0,11,162785.29,3,2,2,7,Regular Customers
CUST04062,Rohan Sharma,65.0,10,162089.88,3,2,2,7,Regular Customers
CUST03707,Kavya Verma,18.0,8,161987.88,4,1,2,7,Regular Customers
CUST01236,Arjun Kumar,80.0,12,161948.82,2,3,2,7,Regular Customers
CUST02770,Vivaan Mhaske,119.0,12,161844.6,2,3,2,7,Regular Customers
CUST05951,Karan Kumar,95.0,13,161685.22,2,3,2,7,Regular Customers
CUST05223,Aditya Joshi,103.0,13,161529.94,2,3,2,7,Regular Customers
CUST01515,Aditya Joshi,18.0,9,161142.44,4,1,2,7,Regular Customers
CUST03169,Aarav Nair,115.0,13,161008.51,2,3,2,7,Regular Customers
CUST02098,Rahul Patil,84.0,13,160323.67,2,3,2,7,Regular Customers
CUST05853,Aditya Sharma,86.0,12,160174.97,2,3,2,7,Regular Customers
CUST03567,Kavya Singh,25.0,9,160111.89,4,1,2,7,Regular Customers
CUST00215,Isha Joshi,68.0,13,159688.01,2,3,2,7,Regular Customers
CUST05526,Isha Mhaske,76.0,12,159125.69,2,3,2,7,Regular Customers
CUST03014,Arjun Sharma,28.0,7,159024.41,4,1,2,7,Regular Customers
CUST01140,Karan Nair,159.0,14,158782.24,1,4,2,7,Regular Customers
CUST04950,Vivaan Patil,86.0,12,158542.81,2,3,2,7,Regular Customers
CUST05507,Kavya Sharma,251.0,15,158103.15,1,4,2,7,Regular Customers
CUST01532,Neha Mhaske,67.0,12,158099.87,2,3,2,7,Regular Customers
CUST02786,Karan Gupta,42.0,10,157594.57,3,2,2,7,Regular Customers
CUST03739,Kavya Nair,116.0,13,157517.87,2,3,2,7,Regular Customers
CUST05688,Arjun Deshmukh,222.0,14,157397.36,1,4,2,7,Regular Customers
CUST02001,Isha Joshi,36.0,9,157274.34,4,1,2,7,Regular Customers
CUST03614,Karan Mehta,20.0,8,157129.7,4,1,2,7,Regular Customers
CUST04845,Sneha Gupta,37.0,10,156572.63,3,2,2,7,Regular Customers
CUST02120,Karan Singh,107.0,12,155665.19,2,3,2,7,Regular Customers
CUST02341,Isha Verma,99.0,12,155217.97,2,3,2,7,Regular Customers
CUST01060,Neha Verma,18.0,8,155206.89,4,1,2,7,Regular Customers
CUST01430,Karan Singh,39.0,10,154515.66,3,2,2,7,Regular Customers
CUST04904,Rohan Nair,103.0,12,154200.31,2,3,2,7,Regular Customers
CUST03948,Arjun Patil,48.0,11,153463.25,3,2,2,7,Regular Customers
CUST02893,Aditya Deshmukh,55.0,11,153445.64,3,2,2,7,Regular Customers
CUST02733,Aarav Sharma,55.0,11,153312.31,3,2,2,7,Regular Customers
CUST05571,Pooja Deshmukh,87.0,12,152888.41,2,3,2,7,Regular Customers
CUST04495,Kavya Kumar,145.0,14,152789.05,1,4,2,7,Regular Customers
CUST00608,Ananya Mhaske,58.0,10,152478.28,3,2,2,7,Regular Customers
CUST05515,Rohan Deshmukh,16.0,6,152147.08,4,1,2,7,Regular Customers
CUST05257,Karan Singh,53.0,10,152021.66,3,2,2,7,Regular Customers
CUST05000,Pooja Deshmukh,98.0,12,151330.3,2,3,2,7,Regular Customers
CUST04400,Aditya Nair,43.0,10,151294.16,3,2,2,7,Regular Customers
CUST01464,Priya Mhaske,32.0,7,151114.6,4,1,2,7,Regular Customers
CUST01502,Amit Mehta,42.0,11,150819.59,3,2,2,7,Regular Customers
CUST05776,Karan Joshi,163.0,15,150612.76,1,4,2,7,Regular Customers
CUST05590,Kavya Gupta,37.0,10,150390.16,3,2,2,7,Regular Customers
CUST02918,Vivaan Nair,20.0,8,150119.36,4,1,2,7,Regular Customers
CUST05946,Amit Verma,118.0,15,149601.5,2,4,1,7,Regular Customers
CUST04542,Amit Deshmukh,6.0,8,149571.84,5,1,1,7,Regular Customers
CUST00922,Karan Joshi,63.0,12,149561.72,3,3,1,7,Regular Customers
CUST04022,Kavya Joshi,51.0,12,149117.88,3,3,1,7,Regular Customers
CUST02041,Rahul Gupta,3.0,7,148888.69,5,1,1,7,Regular Customers
CUST03053,Pooja Verma,45.0,12,148760.03,3,3,1,7,Regular Customers
CUST01270,Ananya Kumar,25.0,10,148398.9,4,2,1,7,Regular Customers
CUST01027,Amit Joshi,58.0,12,148107.8,3,3,1,7,Regular Customers
CUST05108,Kavya Mehta,29.0,10,148062.16,4,2,1,7,Regular Customers
CUST02931,Vivaan Mehta,2.0,9,147837.92,5,1,1,7,Regular Customers
CUST00145,Ananya Mehta,33.0,10,147457.94,4,2,1,7,Regular Customers
CUST03560,Aarav Joshi,12.0,9,147455.62,5,1,1,7,Regular Customers
CUST03953,Meera Gupta,36.0,10,147408.87,4,2,1,7,Regular Customers
CUST03840,Neha Sharma,33.0,11,147362.06,4,2,1,7,Regular Customers
CUST02870,Neha Mehta,111.0,14,147285.92,2,4,1,7,Regular Customers
CUST05649,Neha Sharma,13.0,8,147243.29,5,1,1,7,Regular Customers
CUST05254,Neha Mhaske,10.0,9,147189.76,5,1,1,7,Regular Customers
CUST02486,Rahul Verma,64.0,12,147150.88,3,3,1,7,Regular Customers
CUST00909,Arjun Patil,9.0,5,147117.76,5,1,1,7,Regular Customers
CUST02430,Priya Verma,60.0,13,147001.8,3,3,1,7,Regular Customers
CUST05918,Meera Verma,1.0,9,146863.22,5,1,1,7,Regular Customers
CUST01135,Karan Singh,11.0,9,146851.13,5,1,1,7,Regular Customers
CUST03082,Pooja Singh,64.0,13,146676.86,3,3,1,7,Regular Customers
CUST00103,Vivaan Nair,56.0,13,146516.15,3,3,1,7,Regular Customers
CUST02412,Amit Joshi,10.0,8,146187.73,5,1,1,7,Regular Customers
CUST04406,Priya Kumar,7.0,8,146148.78,5,1,1,7,Regular Customers
CUST03457,Karan Shah,66.0,13,145948.58,3,3,1,7,Regular Customers
CUST01342,Karan Singh,23.0,11,145899.69,4,2,1,7,Regular Customers
CUST02832,Amit Mhaske,4.0,9,145181.78,5,1,1,7,Regular Customers
CUST03787,Amit Mhaske,16.0,10,144983.01,4,2,1,7,Regular Customers
CUST04050,Kavya Nair,26.0,11,144636.96,4,2,1,7,Regular Customers
CUST00430,Meera Mhaske,15.0,9,144230.68,5,1,1,7,Regular Customers
CUST02068,Pooja Verma,6.0,8,144161.05,5,1,1,7,Regular Customers
CUST03491,Kavya Patil,5.0,9,144153.88,5,1,1,7,Regular Customers
CUST04611,Isha Verma,9.0,7,143887.02,5,1,1,7,Regular Customers
CUST02579,Rohan Mehta,28.0,11,143827.12,4,2,1,7,Regular Customers
CUST03776,Rahul Sharma,11.0,8,143678.07,5,1,1,7,Regular Customers
CUST02141,Kavya Verma,7.0,8,143648.0,5,1,1,7,Regular Customers
CUST00265,Neha Verma,6.0,7,143626.99,5,1,1,7,Regular Customers
CUST00803,Aditya Singh,45.0,12,143468.91,3,3,1,7,Regular Customers
CUST04175,Aarav Patil,5.0,8,142966.36,5,1,1,7,Regular Customers
CUST00708,Aarav Singh,22.0,10,141996.01,4,2,1,7,Regular Customers
CUST00576,Pooja Gupta,3.0,7,141837.78,5,1,1,7,Regular Customers
CUST04747,Meera Singh,32.0,10,141596.71,4,2,1,7,Regular Customers
CUST05439,Rahul Nair,14.0,9,141521.88,5,1,1,7,Regular Customers
CUST05893,Aarav Patil,1.0,7,141330.44,5,1,1,7,Regular Customers
CUST03319,Pooja Mehta,13.0,5,141199.78,5,1,1,7,Regular Customers
CUST01872,Priya Patil,40.0,12,140850.09,3,3,1,7,Regular Customers
CUST00740,Priya Verma,25.0,11,140065.13,4,2,1,7,Regular Customers
CUST01923,Rohan Mhaske,27.0,10,140039.49,4,2,1,7,Regular Customers
CUST00315,Amit Singh,27.0,10,139923.39,4,2,1,7,Regular Customers
CUST02078,Arjun Mhaske,63.0,12,139578.99,3,3,1,7,Regular Customers
CUST01571,Rahul Kumar,9.0,8,139568.3,5,1,1,7,Regular Customers
CUST05378,Aditya Mehta,59.0,12,139484.68,3,3,1,7,Regular Customers
CUST05250,Vivaan Sharma,61.0,12,139232.27,3,3,1,7,Regular Customers
CUST02549,Aditya Mhaske,1.0,8,139058.24,5,1,1,7,Regular Customers
CUST01469,Aarav Singh,61.0,12,138661.55,3,3,1,7,Regular Customers
CUST04573,Ananya Deshmukh,49.0,13,138179.87,3,3,1,7,Regular Customers
CUST02050,Aditya Deshmukh,1.0,9,138037.52,5,1,1,7,Regular Customers
CUST00446,Aditya Singh,112.0,14,137876.87,2,4,1,7,Regular Customers
CUST04218,Sneha Nair,25.0,11,137511.55,4,2,1,7,Regular Customers
CUST05348,Kavya Mhaske,27.0,11,136979.77,4,2,1,7,Regular Customers
CUST04802,Ananya Kumar,32.0,11,136074.74,4,2,1,7,Regular Customers
CUST04076,Sneha Nair,15.0,6,135871.39,5,1,1,7,Regular Customers
CUST05375,Pooja Sharma,59.0,12,135833.32,3,3,1,7,Regular Customers
CUST04872,Aditya Singh,27.0,10,135803.93,4,2,1,7,Regular Customers
CUST00005,Priya Mhaske,18.0,10,135785.02,4,2,1,7,Regular Customers
CUST00175,Amit Gupta,2.0,8,135530.65,5,1,1,7,Regular Customers
CUST04025,Sneha Nair,6.0,6,134926.21,5,1,1,7,Regular Customers
CUST02281,Kavya Joshi,8.0,7,134887.83,5,1,1,7,Regular Customers
CUST01770,Aditya Singh,7.0,7,134381.84,5,1,1,7,Regular Customers
CUST05093,Pooja Shah,7.0,8,134272.57,5,1,1,7,Regular Customers
CUST04867,Rahul Mehta,6.0,8,134225.8,5,1,1,7,Regular Customers
CUST03155,Rahul Mhaske,88.0,14,133350.14,2,4,1,7,Regular Customers
CUST05746,Karan Verma,10.0,7,132339.32,5,1,1,7,Regular Customers
CUST05189,Pooja Deshmukh,66.0,12,132329.98,3,3,1,7,Regular Customers
CUST02971,Priya Singh,7.0,9,132214.53,5,1,1,7,Regular Customers
CUST03928,Priya Verma,3.0,9,131992.99,5,1,1,7,Regular Customers
CUST02360,Neha Kumar,41.0,12,131842.74,3,3,1,7,Regular Customers
CUST03653,Meera Gupta,10.0,8,131411.74,5,1,1,7,Regular Customers
CUST00617,Neha Verma,12.0,9,131055.77,5,1,1,7,Regular Customers
CUST03268,Ananya Shah,13.0,6,130926.92,5,1,1,7,Regular Customers
CUST00381,Rahul Mehta,18.0,10,130535.81,4,2,1,7,Regular Customers
CUST05022,Amit Deshmukh,58.0,12,130078.98,3,3,1,7,Regular Customers
CUST03561,Rahul Patil,37.0,12,129708.13,3,3,1,7,Regular Customers
CUST01173,Sneha Joshi,10.0,9,129581.6,5,1,1,7,Regular Customers
CUST05010,Vivaan Deshmukh,43.0,13,129580.86,3,3,1,7,Regular Customers
CUST01849,Meera Mehta,72.0,14,129560.28,2,4,1,7,Regular Customers
CUST02226,Rahul Patil,28.0,10,128825.19,4,2,1,7,Regular Customers
CUST04255,Amit Sharma,25.0,11,128312.18,4,2,1,7,Regular Customers
CUST05386,Rohan Deshmukh,17.0,11,128039.15,4,2,1,7,Regular Customers
CUST02996,Arjun Deshmukh,15.0,9,127563.01,5,1,1,7,Regular Customers
CUST03330,Meera Deshmukh,39.0,13,126573.96,3,3,1,7,Regular Customers
CUST02676,Vivaan Kumar,1.0,9,126429.46,5,1,1,7,Regular Customers
CUST03996,Rahul Nair,36.0,11,125018.31,4,2,1,7,Regular Customers
CUST02583,Arjun Patil,51.0,12,124165.81,3,3,1,7,Regular Customers
CUST03733,Priya Gupta,23.0,11,123909.05,4,2,1,7,Regular Customers
CUST00819,Rahul Joshi,9.0,8,123618.95,5,1,1,7,Regular Customers
CUST00671,Meera Joshi,2.0,9,123118.16,5,1,1,7,Regular Customers
CUST01020,Aarav Kumar,6.0,8,122859.92,5,1,1,7,Regular Customers
CUST04235,Arjun Verma,24.0,11,122667.09,4,2,1,7,Regular Customers
CUST02097,Rohan Verma,9.0,8,122387.19,5,1,1,7,Regular Customers
CUST05705,Meera Deshmukh,21.0,10,121870.03,4,2,1,7,Regular Customers
CUST02037,Rohan Singh,12.0,9,121753.81,5,1,1,7,Regular Customers
CUST00252,Isha Mhaske,52.0,12,121375.68,3,3,1,7,Regular Customers
CUST01051,Sneha Sharma,16.0,10,120252.98,4,2,1,7,Regular Customers
CUST00339,Karan Kumar,27.0,10,119383.42,4,2,1,7,Regular Customers
CUST04415,Karan Mhaske,19.0,10,119335.78,4,2,1,7,Regular Customers
CUST00026,Arjun Sharma,16.0,11,118871.62,4,2,1,7,Regular Customers
CUST00690,Rohan Patil,31.0,11,118722.28,4,2,1,7,Regular Customers
CUST04645,Priya Deshmukh,62.0,12,117613.7,3,3,1,7,Regular Customers
CUST02440,Arjun Joshi,36.0,11,116799.15,4,2,1,7,Regular Customers
CUST02767,Pooja Kumar,2.0,5,116334.79,5,1,1,7,Regular Customers
CUST02686,Karan Joshi,9.0,7,115939.58,5,1,1,7,Regular Customers
CUST04804,Amit Sharma,16.0,10,114526.55,4,2,1,7,Regular Customers
CUST00848,Kavya Nair,27.0,11,114257.84,4,2,1,7,Regular Customers
CUST01220,Vivaan Singh,30.0,10,114062.23,4,2,1,7,Regular Customers
CUST04336,Neha Patil,17.0,10,113696.46,4,2,1,7,Regular Customers
CUST05859,Isha Gupta,16.0,10,113304.01,4,2,1,7,Regular Customers
CUST01657,Arjun Verma,9.0,9,112964.6,5,1,1,7,Regular Customers
CUST05920,Priya Mhaske,32.0,11,112843.29,4,2,1,7,Regular Customers
CUST05983,Rohan Joshi,1.0,7,112271.93,5,1,1,7,Regular Customers
CUST03264,Neha Verma,15.0,7,111369.82,5,1,1,7,Regular Customers
CUST01760,Amit Shah,34.0,10,111343.92,4,2,1,7,Regular Customers
CUST01829,Kavya Gupta,2.0,8,111341.13,5,1,1,7,Regular Customers
CUST03549,Arjun Mhaske,24.0,11,110964.29,4,2,1,7,Regular Customers
CUST00434,Meera Mhaske,9.0,9,110451.76,5,1,1,7,Regular Customers
CUST00743,Rahul Mehta,10.0,6,110269.99,5,1,1,7,Regular Customers
CUST03173,Aditya Shah,26.0,11,109858.15,4,2,1,7,Regular Customers
CUST03821,Karan Singh,24.0,11,109065.42,4,2,1,7,Regular Customers
CUST05472,Ananya Joshi,27.0,10,108986.11,4,2,1,7,Regular Customers
CUST03438,Vivaan Mhaske,7.0,7,105168.37,5,1,1,7,Regular Customers
CUST01438,Sneha Verma,10.0,9,104549.38,5,1,1,7,Regular Customers
CUST04879,Karan Verma,9.0,8,104522.6,5,1,1,7,Regular Customers
CUST02072,Aditya Mhaske,10.0,8,104017.07,5,1,1,7,Regular Customers
CUST00022,Aditya Kumar,76.0,14,103670.71,2,4,1,7,Regular Customers
CUST01747,Arjun Verma,27.0,10,102447.41,4,2,1,7,Regular Customers
CUST02028,Isha Sharma,17.0,10,101972.65,4,2,1,7,Regular Customers
CUST04060,Kavya Kumar,8.0,8,101538.27,5,1,1,7,Regular Customers
CUST02198,Meera Shah,11.0,7,98379.13,5,1,1,7,Regular Customers
CUST01484,Sneha Mehta,16.0,10,97003.5,4,2,1,7,Regular Customers
CUST00482,Karan Singh,4.0,7,95725.6,5,1,1,7,Regular Customers
CUST02914,Rahul Deshmukh,5.0,9,94161.19,5,1,1,7,Regular Customers
CUST02262,Vivaan Mehta,29.0,10,94075.86,4,2,1,7,Regular Customers
CUST05395,Aarav Shah,5.0,7,93428.96,5,1,1,7,Regular Customers
CUST02402,Pooja Singh,12.0,5,92817.5,5,1,1,7,Regular Customers
CUST03326,Ananya Shah,90.0,14,92365.68,2,4,1,7,Regular Customers
CUST02470,Pooja Mhaske,1.0,9,92187.8,5,1,1,7,Regular Customers
CUST04605,Arjun Kumar,27.0,10,91503.4,4,2,1,7,Regular Customers
CUST05982,Vivaan Shah,3.0,9,89529.71,5,1,1,7,Regular Customers
CUST01737,Aditya Joshi,35.0,11,89276.79,4,2,1,7,Regular Customers
CUST03336,Aditya Kumar,8.0,7,88724.94,5,1,1,7,Regular Customers
CUST02494,Ananya Patil,14.0,9,88650.78,5,1,1,7,Regular Customers
CUST01110,Rohan Mhaske,4.0,6,88564.82,5,1,1,7,Regular Customers
CUST02857,Aarav Nair,30.0,10,88296.38,4,2,1,7,Regular Customers
CUST03775,Arjun Singh,3.0,8,88095.24,5,1,1,7,Regular Customers
CUST05262,Kavya Sharma,2.0,8,87327.77,5,1,1,7,Regular Customers
CUST00394,Kavya Gupta,5.0,7,86029.89,5,1,1,7,Regular Customers
CUST04714,Vivaan Verma,47.0,13,85832.21,3,3,1,7,Regular Customers
CUST01162,Amit Nair,8.0,8,85728.49,5,1,1,7,Regular Customers
CUST05517,Aarav Mehta,27.0,10,85552.69,4,2,1,7,Regular Customers
CUST03322,Pooja Deshmukh,9.0,8,85444.66,5,1,1,7,Regular Customers
CUST05792,Karan Deshmukh,0.0,8,84525.41,5,1,1,7,Regular Customers
CUST04085,Rahul Mhaske,7.0,9,84080.57,5,1,1,7,Regular Customers
CUST05095,Kavya Kumar,14.0,6,82559.58,5,1,1,7,Regular Customers
CUST05890,Vivaan Mhaske,13.0,4,82513.81,5,1,1,7,Regular Customers
CUST02447,Rohan Mehta,3.0,9,80970.66,5,1,1,7,Regular Customers
CUST00269,Karan Sharma,10.0,7,78998.11,5,1,1,7,Regular Customers
CUST05981,Meera Kumar,8.0,7,78838.27,5,1,1,7,Regular Customers
CUST03689,Aditya Kumar,12.0,7,78794.34,5,1,1,7,Regular Customers
CUST01129,Ananya Singh,19.0,10,78225.47,4,2,1,7,Regular Customers
CUST03348,Rohan Verma,8.0,8,76804.79,5,1,1,7,Regular Customers
CUST03532,Aditya Verma,1.0,7,70773.09,5,1,1,7,Regular Customers
CUST05741,Aarav Patil,9.0,9,70131.43,5,1,1,7,Regular Customers
CUST04603,Aditya Verma,7.0,6,67295.74,5,1,1,7,Regular Customers
CUST05081,Sneha Sharma,8.0,7,62090.94,5,1,1,7,Regular Customers
CUST01332,Arjun Mehta,9.0,6,61515.01,5,1,1,7,Regular Customers
CUST03723,Meera Gupta,5.0,7,60589.46,5,1,1,7,Regular Customers
CUST03848,Rohan Nair,10.0,6,60021.84,5,1,1,7,Regular Customers
CUST04266,Aditya Sharma,15.0,5,58823.09,5,1,1,7,Regular Customers
CUST05317,Rahul Joshi,4.0,5,56795.26,5,1,1,7,Regular Customers
CUST02683,Amit Gupta,12.0,4,55701.32,5,1,1,7,Regular Customers
CUST01013,Priya Patil,0.0,7,54277.34,5,1,1,7,Regular Customers
CUST01711,Aditya Verma,8.0,8,52572.24,5,1,1,7,Regular Customers
CUST00288,Rohan Mhaske,13.0,9,48173.42,5,1,1,7,Regular Customers
CUST03690,Priya Verma,123.0,9,287987.29,1,1,4,6,Regular Customers
CUST05131,Priya Deshmukh,235.0,9,273231.49,1,1,4,6,Regular Customers
CUST05333,Arjun Sharma,350.0,8,272418.37,1,1,4,6,Regular Customers
CUST04544,Vivaan Gupta,397.0,9,270678.55,1,1,4,6,Regular Customers
CUST03161,Aarav Gupta,123.0,8,254141.85,1,1,4,6,Regular Customers
CUST03529,Isha Patil,153.0,8,254034.08,1,1,4,6,Regular Customers
CUST05296,Rohan Nair,208.0,9,252871.21,1,1,4,6,Regular Customers
CUST04535,Priya Kumar,152.0,9,249712.51,1,1,4,6,Regular Customers
CUST03454,Priya Patil,128.0,9,246485.2,1,1,4,6,Regular Customers
CUST04796,Vivaan Mehta,150.0,8,245865.97,1,1,4,6,Regular Customers
CUST00541,Vivaan Singh,179.0,9,244391.93,1,1,4,6,Regular Customers
CUST01268,Rahul Patil,121.0,9,242881.13,1,1,4,6,Regular Customers
CUST00405,Aarav Gupta,118.0,9,242218.81,2,1,3,6,Regular Customers
CUST01193,Pooja Sharma,124.0,11,241296.47,1,2,3,6,Regular Customers
CUST05594,Meera Mhaske,116.0,9,240599.42,2,1,3,6,Regular Customers
CUST04003,Isha Mehta,88.0,9,240185.67,2,1,3,6,Regular Customers
CUST05737,Rohan Deshmukh,163.0,10,240082.85,1,2,3,6,Regular Customers
CUST05019,Neha Kumar,286.0,11,239464.96,1,2,3,6,Regular Customers
CUST05695,Isha Mhaske,323.0,10,238948.1,1,2,3,6,Regular Customers
CUST03580,Kavya Joshi,266.0,10,238197.43,1,2,3,6,Regular Customers
CUST03232,Isha Shah,179.0,10,238136.16,1,2,3,6,Regular Customers
CUST04885,Sneha Mehta,139.0,10,237509.07,1,2,3,6,Regular Customers
CUST00450,Aditya Verma,138.0,11,237422.4,1,2,3,6,Regular Customers
CUST00174,Karan Sharma,218.0,10,236813.99,1,2,3,6,Regular Customers
CUST04323,Meera Kumar,245.0,11,236199.07,1,2,3,6,Regular Customers
CUST05368,Neha Shah,120.0,10,235486.18,1,2,3,6,Regular Customers
CUST04903,Sneha Mhaske,86.0,8,235285.99,2,1,3,6,Regular Customers
CUST03405,Aarav Mehta,189.0,11,231812.01,1,2,3,6,Regular Customers
CUST00387,Vivaan Joshi,125.0,11,231780.53,1,2,3,6,Regular Customers
CUST04295,Pooja Shah,214.0,11,231252.74,1,2,3,6,Regular Customers
CUST02578,Aarav Joshi,235.0,11,228890.41,1,2,3,6,Regular Customers
CUST00039,Karan Deshmukh,92.0,7,228081.84,2,1,3,6,Regular Customers
CUST05274,Sneha Shah,150.0,11,227493.05,1,2,3,6,Regular Customers
CUST03407,Kavya Gupta,162.0,10,227436.86,1,2,3,6,Regular Customers
CUST02219,Isha Kumar,144.0,11,227177.22,1,2,3,6,Regular Customers
CUST00149,Pooja Gupta,116.0,9,227136.89,2,1,3,6,Regular Customers
CUST05024,Rohan Sharma,81.0,7,227010.75,2,1,3,6,Regular Customers
CUST04591,Arjun Joshi,153.0,11,226410.58,1,2,3,6,Regular Customers
CUST01773,Rahul Deshmukh,97.0,7,226371.02,2,1,3,6,Regular Customers
CUST02997,Amit Gupta,71.0,8,226366.57,2,1,3,6,Regular Customers
CUST00045,Aditya Joshi,120.0,10,226104.42,1,2,3,6,Regular Customers
CUST02474,Rohan Mhaske,354.0,10,224892.01,1,2,3,6,Regular Customers
CUST00747,Rahul Shah,125.0,11,224134.37,1,2,3,6,Regular Customers
CUST00247,Ananya Nair,95.0,9,223835.03,2,1,3,6,Regular Customers
CUST00565,Sneha Shah,119.0,9,223544.64,2,1,3,6,Regular Customers
CUST03263,Arjun Patil,138.0,11,223088.9,1,2,3,6,Regular Customers
CUST03515,Rohan Sharma,120.0,10,222593.17,1,2,3,6,Regular Customers
CUST05436,Aarav Singh,169.0,11,222383.68,1,2,3,6,Regular Customers
CUST04418,Ananya Gupta,118.0,8,222260.68,2,1,3,6,Regular Customers
CUST03116,Meera Joshi,131.0,10,221239.71,1,2,3,6,Regular Customers
CUST04660,Ananya Singh,228.0,11,220746.75,1,2,3,6,Regular Customers
CUST03252,Arjun Verma,174.0,11,220051.98,1,2,3,6,Regular Customers
CUST05740,Rohan Mhaske,231.0,10,219759.89,1,2,3,6,Regular Customers
CUST00856,Priya Mehta,96.0,9,219705.57,2,1,3,6,Regular Customers
CUST04021,Vivaan Patil,126.0,10,218690.7,1,2,3,6,Regular Customers
CUST01404,Aarav Deshmukh,73.0,8,218581.08,2,1,3,6,Regular Customers
CUST03218,Kavya Deshmukh,156.0,11,218468.61,1,2,3,6,Regular Customers
CUST02642,Meera Mhaske,146.0,11,217522.44,1,2,3,6,Regular Customers
CUST05842,Rohan Mehta,120.0,11,216944.43,1,2,3,6,Regular Customers
CUST03096,Rohan Nair,228.0,10,216001.22,1,2,3,6,Regular Customers
CUST04373,Priya Gupta,98.0,9,215305.32,2,1,3,6,Regular Customers
CUST05318,Karan Joshi,141.0,11,214398.47,1,2,3,6,Regular Customers
CUST05876,Ananya Patil,122.0,11,214285.65,1,2,3,6,Regular Customers
CUST03872,Kavya Sharma,257.0,10,214195.6,1,2,3,6,Regular Customers
CUST02548,Arjun Sharma,154.0,11,213924.14,1,2,3,6,Regular Customers
CUST02347,Isha Patil,162.0,10,213867.65,1,2,3,6,Regular Customers
CUST05971,Meera Shah,169.0,10,213781.4,1,2,3,6,Regular Customers
CUST01345,Aarav Verma,476.0,10,213659.54,1,2,3,6,Regular Customers
CUST02385,Isha Sharma,118.0,9,213072.94,2,1,3,6,Regular Customers
CUST05748,Meera Sharma,112.0,8,212575.82,2,1,3,6,Regular Customers
CUST03501,Karan Mehta,151.0,10,212334.59,1,2,3,6,Regular Customers
CUST02463,Sneha Joshi,266.0,11,211796.64,1,2,3,6,Regular Customers
CUST03331,Kavya Nair,145.0,10,211483.03,1,2,3,6,Regular Customers
CUST04484,Vivaan Shah,183.0,10,211472.42,1,2,3,6,Regular Customers
CUST02889,Amit Sharma,84.0,8,211314.62,2,1,3,6,Regular Customers
CUST02624,Rahul Sharma,141.0,11,210880.6,1,2,3,6,Regular Customers
CUST03231,Pooja Mhaske,164.0,11,210671.89,1,2,3,6,Regular Customers
CUST05727,Priya Joshi,167.0,10,210560.48,1,2,3,6,Regular Customers
CUST05606,Priya Deshmukh,78.0,8,209832.97,2,1,3,6,Regular Customers
CUST03763,Rohan Singh,174.0,10,209354.09,1,2,3,6,Regular Customers
CUST00700,Aarav Singh,139.0,11,208890.9,1,2,3,6,Regular Customers
CUST01919,Meera Verma,234.0,11,208571.84,1,2,3,6,Regular Customers
CUST03420,Meera Shah,183.0,10,208274.79,1,2,3,6,Regular Customers
CUST00954,Pooja Deshmukh,102.0,7,208179.56,2,1,3,6,Regular Customers
CUST00651,Karan Nair,73.0,8,208080.42,2,1,3,6,Regular Customers
CUST00714,Priya Nair,245.0,11,207832.95,1,2,3,6,Regular Customers
CUST00669,Rohan Shah,146.0,11,206238.14,1,2,3,6,Regular Customers
CUST03401,Karan Shah,141.0,10,206010.22,1,2,3,6,Regular Customers
CUST05880,Neha Singh,226.0,10,205997.11,1,2,3,6,Regular Customers
CUST05423,Amit Patil,132.0,11,205912.65,1,2,3,6,Regular Customers
CUST00408,Karan Nair,72.0,7,205870.79,2,1,3,6,Regular Customers
CUST00678,Isha Mhaske,219.0,11,204956.83,1,2,3,6,Regular Customers
CUST02769,Amit Kumar,134.0,11,204940.51,1,2,3,6,Regular Customers
CUST04529,Rohan Mhaske,129.0,11,204706.93,1,2,3,6,Regular Customers
CUST05509,Meera Shah,119.0,8,204101.98,2,1,3,6,Regular Customers
CUST02275,Rahul Sharma,127.0,10,204022.21,1,2,3,6,Regular Customers
CUST02929,Amit Joshi,88.0,8,203470.99,2,1,3,6,Regular Customers
CUST01755,Ananya Kumar,170.0,10,203406.83,1,2,3,6,Regular Customers
CUST04278,Karan Kumar,224.0,10,202322.28,1,2,3,6,Regular Customers
CUST05374,Ananya Sharma,157.0,11,201835.14,1,2,3,6,Regular Customers
CUST00539,Meera Singh,113.0,9,201257.84,2,1,3,6,Regular Customers
CUST05216,Vivaan Kumar,101.0,8,201098.35,2,1,3,6,Regular Customers
CUST04040,Rahul Mehta,77.0,9,200274.15,2,1,3,6,Regular Customers
CUST04121,Vivaan Shah,72.0,9,199061.74,2,1,3,6,Regular Customers
CUST02044,Aarav Gupta,77.0,9,198975.72,2,1,3,6,Regular Customers
CUST02267,Priya Kumar,213.0,11,198691.63,1,2,3,6,Regular Customers
CUST00323,Aditya Kumar,235.0,10,197540.0,1,2,3,6,Regular Customers
CUST02096,Priya Singh,108.0,6,197412.29,2,1,3,6,Regular Customers
CUST04622,Sneha Patil,115.0,9,197134.82,2,1,3,6,Regular Customers
CUST00251,Aditya Sharma,165.0,12,196735.19,1,3,2,6,Regular Customers
CUST02272,Ananya Mhaske,66.0,9,196559.91,3,1,2,6,Regular Customers
CUST00627,Rahul Nair,51.0,9,196239.0,3,1,2,6,Regular Customers
CUST02631,Rohan Shah,142.0,13,196127.48,1,3,2,6,Regular Customers
CUST03779,Aditya Mhaske,100.0,10,195634.41,2,2,2,6,Lost / Low Value
CUST03026,Aditya Sharma,68.0,10,195632.73,2,2,2,6,Lost / Low Value
CUST02234,Pooja Verma,115.0,11,195546.67,2,2,2,6,Lost / Low Value
CUST00568,Aarav Mehta,147.0,12,195264.55,1,3,2,6,Regular Customers
CUST02576,Pooja Gupta,41.0,8,195042.63,3,1,2,6,Regular Customers
CUST03767,Sneha Mhaske,100.0,11,194980.85,2,2,2,6,Lost / Low Value
CUST01875,Vivaan Mehta,93.0,11,194905.34,2,2,2,6,Lost / Low Value
CUST01793,Kavya Nair,68.0,11,194785.7,2,2,2,6,Lost / Low Value
CUST00935,Arjun Sharma,102.0,10,194419.81,2,2,2,6,Lost / Low Value
CUST02130,Rohan Deshmukh,106.0,11,194213.4,2,2,2,6,Lost / Low Value
CUST04877,Isha Mhaske,79.0,11,194152.1,2,2,2,6,Lost / Low Value
CUST04241,Arjun Patil,189.0,13,193252.0,1,3,2,6,Regular Customers
CUST05428,Aditya Nair,55.0,9,192910.75,3,1,2,6,Regular Customers
CUST02597,Aditya Verma,119.0,11,192747.69,2,2,2,6,Lost / Low Value
CUST02259,Pooja Verma,157.0,12,192726.28,1,3,2,6,Regular Customers
CUST05194,Aditya Mhaske,41.0,8,192270.72,3,1,2,6,Regular Customers
CUST01699,Meera Shah,72.0,10,192263.23,2,2,2,6,Lost / Low Value
CUST01423,Aarav Joshi,53.0,9,191665.58,3,1,2,6,Regular Customers
CUST02860,Meera Shah,63.0,9,191495.51,3,1,2,6,Regular Customers
CUST04464,Neha Gupta,73.0,11,191221.51,2,2,2,6,Lost / Low Value
CUST05062,Arjun Verma,69.0,11,191006.36,2,2,2,6,Lost / Low Value
CUST00392,Isha Nair,107.0,11,190761.87,2,2,2,6,Lost / Low Value
CUST02126,Amit Nair,138.0,13,190165.7,1,3,2,6,Regular Customers
CUST04725,Isha Kumar,66.0,9,190163.3,3,1,2,6,Regular Customers
CUST02207,Rohan Joshi,118.0,10,190126.14,2,2,2,6,Lost / Low Value
CUST02139,Neha Mehta,118.0,11,190021.93,2,2,2,6,Lost / Low Value
CUST02485,Karan Sharma,68.0,10,189691.13,2,2,2,6,Lost / Low Value
CUST01096,Vivaan Shah,67.0,11,189578.66,2,2,2,6,Lost / Low Value
CUST05941,Rahul Sharma,107.0,10,189308.85,2,2,2,6,Lost / Low Value
CUST04557,Isha Mehta,90.0,10,189030.17,2,2,2,6,Lost / Low Value
CUST01309,Kavya Joshi,203.0,12,188978.74,1,3,2,6,Regular Customers
CUST04068,Rahul Shah,78.0,10,188916.19,2,2,2,6,Lost / Low Value
CUST04099,Rohan Patil,133.0,12,188819.13,1,3,2,6,Regular Customers
CUST02127,Priya Mehta,133.0,12,188549.36,1,3,2,6,Regular Customers
CUST01233,Arjun Nair,129.0,13,188505.52,1,3,2,6,Regular Customers
CUST00860,Aditya Mhaske,133.0,12,188460.27,1,3,2,6,Regular Customers
CUST03223,Arjun Patil,99.0,11,188122.96,2,2,2,6,Lost / Low Value
CUST00171,Meera Nair,161.0,13,187783.93,1,3,2,6,Regular Customers
CUST05040,Neha Singh,123.0,12,187545.42,1,3,2,6,Regular Customers
CUST05346,Sneha Nair,60.0,9,187234.84,3,1,2,6,Regular Customers
CUST00921,Ananya Shah,160.0,12,186694.38,1,3,2,6,Regular Customers
CUST02252,Kavya Gupta,47.0,8,186673.71,3,1,2,6,Regular Customers
CUST01640,Rohan Nair,40.0,7,186370.36,3,1,2,6,Regular Customers
CUST03412,Rohan Kumar,55.0,9,186224.95,3,1,2,6,Regular Customers
CUST01366,Aarav Mehta,140.0,13,185940.51,1,3,2,6,Regular Customers
CUST01878,Isha Nair,141.0,13,185804.81,1,3,2,6,Regular Customers
CUST04204,Isha Shah,114.0,10,185401.76,2,2,2,6,Lost / Low Value
CUST05191,Kavya Sharma,186.0,13,185107.92,1,3,2,6,Regular Customers
CUST05067,Sneha Nair,103.0,10,184905.28,2,2,2,6,Lost / Low Value
CUST05059,Priya Shah,98.0,11,184533.03,2,2,2,6,Lost / Low Value
CUST00973,Rahul Singh,38.0,9,184371.09,3,1,2,6,Regular Customers
CUST03312,Neha Shah,158.0,13,184213.69,1,3,2,6,Regular Customers
CUST05903,Sneha Gupta,244.0,12,182575.49,1,3,2,6,Regular Customers
CUST01390,Vivaan Deshmukh,208.0,12,182526.89,1,3,2,6,Regular Customers
CUST04102,Vivaan Singh,61.0,9,182236.19,3,1,2,6,Regular Customers
CUST03079,Amit Nair,55.0,9,182053.02,3,1,2,6,Regular Customers
CUST00290,Priya Patil,77.0,11,181831.17,2,2,2,6,Lost / Low Value
CUST05272,Aarav Gupta,103.0,10,181370.89,2,2,2,6,Lost / Low Value
CUST03139,Rohan Deshmukh,50.0,8,181063.35,3,1,2,6,Regular Customers
CUST02541,Kavya Nair,118.0,11,180829.89,2,2,2,6,Lost / Low Value
CUST02951,Priya Sharma,154.0,13,180540.23,1,3,2,6,Regular Customers
CUST00469,Aditya Singh,68.0,10,180538.64,2,2,2,6,Lost / Low Value
CUST03940,Amit Kumar,225.0,12,180439.26,1,3,2,6,Regular Customers
CUST01001,Rahul Patil,103.0,10,179889.19,2,2,2,6,Lost / Low Value
CUST02289,Kavya Singh,55.0,8,179823.41,3,1,2,6,Regular Customers
CUST04960,Karan Patil,113.0,11,179534.73,2,2,2,6,Lost / Low Value
CUST02170,Amit Mehta,76.0,10,178950.33,2,2,2,6,Lost / Low Value
CUST05289,Kavya Deshmukh,100.0,10,178903.04,2,2,2,6,Lost / Low Value
CUST03533,Amit Gupta,66.0,7,178704.91,3,1,2,6,Regular Customers
CUST03240,Sneha Verma,128.0,12,177578.74,1,3,2,6,Regular Customers
CUST00120,Sneha Kumar,92.0,11,176941.18,2,2,2,6,Lost / Low Value
CUST00980,Karan Joshi,67.0,10,176695.02,2,2,2,6,Lost / Low Value
CUST01527,Kavya Kumar,126.0,12,176268.93,1,3,2,6,Regular Customers
CUST05980,Meera Shah,83.0,10,176108.56,2,2,2,6,Lost / Low Value
CUST05312,Meera Verma,126.0,12,176080.09,1,3,2,6,Regular Customers
CUST02030,Meera Mehta,119.0,11,175518.69,2,2,2,6,Lost / Low Value
CUST01435,Aarav Sharma,72.0,11,175478.1,2,2,2,6,Lost / Low Value
CUST01864,Vivaan Kumar,74.0,11,175380.13,2,2,2,6,Lost / Low Value
CUST05901,Kavya Deshmukh,93.0,11,175024.31,2,2,2,6,Lost / Low Value
CUST01709,Ananya Kumar,146.0,12,174899.3,1,3,2,6,Regular Customers
CUST04638,Priya Shah,78.0,10,174478.33,2,2,2,6,Lost / Low Value
CUST05801,Neha Deshmukh,105.0,11,174216.12,2,2,2,6,Lost / Low Value
CUST00561,Kavya Joshi,74.0,11,174143.53,2,2,2,6,Lost / Low Value
CUST05161,Rohan Patil,127.0,12,174135.84,1,3,2,6,Regular Customers
CUST05481,Rohan Patil,152.0,12,174094.7,1,3,2,6,Regular Customers
CUST05579,Ananya Joshi,128.0,12,173949.01,1,3,2,6,Regular Customers
CUST01230,Vivaan Kumar,152.0,12,173851.97,1,3,2,6,Regular Customers
CUST03108,Rahul Joshi,106.0,11,173483.45,2,2,2,6,Lost / Low Value
CUST04990,Arjun Mhaske,349.0,12,173445.82,1,3,2,6,Regular Customers
CUST01046,Meera Singh,144.0,12,173402.66,1,3,2,6,Regular Customers
CUST03676,Aditya Verma,49.0,9,173400.85,3,1,2,6,Regular Customers
CUST01120,Amit Joshi,189.0,12,173157.43,1,3,2,6,Regular Customers
CUST05867,Ananya Singh,96.0,10,172851.94,2,2,2,6,Lost / Low Value
CUST02415,Rohan Joshi,99.0,10,172816.95,2,2,2,6,Lost / Low Value
CUST01926,Amit Mhaske,211.0,12,172660.42,1,3,2,6,Regular Customers
CUST03900,Amit Verma,325.0,13,172554.5,1,3,2,6,Regular Customers
CUST02081,Isha Kumar,42.0,8,172303.21,3,1,2,6,Regular Customers
CUST01985,Rohan Shah,84.0,10,172099.18,2,2,2,6,Lost / Low Value
CUST03795,Karan Joshi,94.0,10,172036.59,2,2,2,6,Lost / Low Value
CUST01738,Pooja Patil,73.0,11,171819.22,2,2,2,6,Lost / Low Value
CUST04728,Amit Mhaske,111.0,11,171441.6,2,2,2,6,Lost / Low Value
CUST05221,Arjun Singh,234.0,13,171383.47,1,3,2,6,Regular Customers
CUST02187,Sneha Shah,143.0,13,171344.12,1,3,2,6,Regular Customers
CUST02428,Karan Sharma,47.0,8,171330.68,3,1,2,6,Regular Customers
CUST01766,Rahul Shah,124.0,12,170703.48,1,3,2,6,Regular Customers
CUST02038,Kavya Gupta,198.0,13,170528.26,1,3,2,6,Regular Customers
CUST00544,Isha Deshmukh,49.0,9,169738.84,3,1,2,6,Regular Customers
CUST00832,Rohan Gupta,42.0,8,169206.22,3,1,2,6,Regular Customers
CUST01479,Kavya Joshi,109.0,11,168444.68,2,2,2,6,Lost / Low Value
CUST01062,Aarav Joshi,37.0,8,168204.01,3,1,2,6,Regular Customers
CUST01659,Neha Mhaske,98.0,10,168131.4,2,2,2,6,Lost / Low Value
CUST05373,Karan Nair,58.0,9,168039.16,3,1,2,6,Regular Customers
CUST02592,Vivaan Patil,47.0,8,167986.95,3,1,2,6,Regular Customers
CUST00757,Rohan Mehta,82.0,10,167951.19,2,2,2,6,Lost / Low Value
CUST04628,Rahul Patil,101.0,10,167504.52,2,2,2,6,Lost / Low Value
CUST01200,Ananya Verma,85.0,10,167277.52,2,2,2,6,Lost / Low Value
CUST03426,Sneha Deshmukh,193.0,12,166709.45,1,3,2,6,Regular Customers
CUST02204,Pooja Verma,221.0,12,166523.26,1,3,2,6,Regular Customers
CUST05202,Rahul Deshmukh,114.0,11,165631.13,2,2,2,6,Lost / Low Value
CUST02969,Amit Patil,100.0,11,165525.72,2,2,2,6,Lost / Low Value
CUST02406,Sneha Verma,85.0,10,164956.31,2,2,2,6,Lost / Low Value
CUST02755,Isha Gupta,60.0,9,164803.56,3,1,2,6,Regular Customers
CUST03448,Sneha Deshmukh,128.0,13,164421.58,1,3,2,6,Regular Customers
CUST01368,Isha Sharma,41.0,9,164388.25,3,1,2,6,Regular Customers
CUST00055,Aarav Nair,69.0,11,163881.1,2,2,2,6,Lost / Low Value
CUST01000,Amit Singh,45.0,9,163818.69,3,1,2,6,Regular Customers
CUST04196,Ananya Joshi,108.0,10,163807.34,2,2,2,6,Lost / Low Value
CUST03710,Vivaan Shah,119.0,11,163432.38,2,2,2,6,Lost / Low Value
CUST00336,Meera Nair,248.0,12,163317.7,1,3,2,6,Regular Customers
CUST04743,Karan Singh,108.0,11,162893.06,2,2,2,6,Lost / Low Value
CUST04262,Isha Gupta,78.0,11,162800.37,2,2,2,6,Lost / Low Value
CUST00733,Priya Nair,93.0,10,162731.7,2,2,2,6,Lost / Low Value
CUST00300,Rohan Mehta,95.0,11,162571.31,2,2,2,6,Lost / Low Value
CUST00304,Priya Joshi,228.0,12,162493.43,1,3,2,6,Regular Customers
CUST04806,Neha Gupta,108.0,11,162491.75,2,2,2,6,Lost / Low Value
CUST05086,Karan Gupta,77.0,11,162014.17,2,2,2,6,Lost / Low Value
CUST00649,Rohan Singh,74.0,10,161724.9,2,2,2,6,Lost / Low Value
CUST00502,Meera Deshmukh,37.0,9,161166.88,3,1,2,6,Regular Customers
CUST03324,Karan Kumar,89.0,10,161163.63,2,2,2,6,Lost / Low Value
CUST03838,Sneha Singh,70.0,10,160727.71,2,2,2,6,Lost / Low Value
CUST01104,Rohan Joshi,47.0,9,160669.89,3,1,2,6,Regular Customers
CUST05044,Priya Joshi,59.0,7,159000.22,3,1,2,6,Regular Customers
CUST01335,Meera Patil,37.0,9,158603.84,3,1,2,6,Regular Customers
CUST03077,Arjun Verma,42.0,8,157721.84,3,1,2,6,Regular Customers
CUST05480,Ananya Singh,122.0,13,157690.48,1,3,2,6,Regular Customers
CUST01546,Priya Nair,182.0,12,157531.44,1,3,2,6,Regular Customers
CUST03058,Aditya Joshi,63.0,9,157495.87,3,1,2,6,Regular Customers
CUST01992,Aditya Mhaske,103.0,11,157483.35,2,2,2,6,Lost / Low Value
CUST00489,Ananya Gupta,173.0,12,157269.93,1,3,2,6,Regular Customers
CUST00930,Karan Mhaske,102.0,11,157216.65,2,2,2,6,Lost / Low Value
CUST01298,Kavya Kumar,117.0,10,156889.81,2,2,2,6,Lost / Low Value
CUST00231,Neha Deshmukh,45.0,8,156852.53,3,1,2,6,Regular Customers
CUST02675,Karan Joshi,156.0,13,156785.89,1,3,2,6,Regular Customers
CUST04813,Priya Kumar,175.0,13,156764.71,1,3,2,6,Regular Customers
CUST01683,Aditya Deshmukh,66.0,9,156691.38,3,1,2,6,Regular Customers
CUST00770,Karan Kumar,155.0,12,156432.26,1,3,2,6,Regular Customers
CUST02604,Rohan Shah,89.0,10,156361.96,2,2,2,6,Lost / Low Value
CUST00670,Meera Gupta,93.0,11,156230.08,2,2,2,6,Lost / Low Value
CUST05078,Meera Joshi,50.0,9,156014.39,3,1,2,6,Regular Customers
CUST02136,Karan Kumar,148.0,13,155909.87,1,3,2,6,Regular Customers
CUST04287,Ananya Gupta,96.0,10,155722.09,2,2,2,6,Lost / Low Value
CUST01449,Sneha Patil,121.0,12,155451.16,1,3,2,6,Regular Customers
CUST03705,Neha Mhaske,41.0,9,154983.48,3,1,2,6,Regular Customers
CUST00189,Pooja Sharma,49.0,6,154752.09,3,1,2,6,Regular Customers
CUST03756,Aditya Kumar,61.0,8,154730.76,3,1,2,6,Regular Customers
CUST02327,Arjun Singh,74.0,10,154479.9,2,2,2,6,Lost / Low Value
CUST05815,Neha Singh,42.0,9,154079.89,3,1,2,6,Regular Customers
CUST03503,Arjun Joshi,133.0,12,153924.45,1,3,2,6,Regular Customers
CUST01968,Pooja Deshmukh,70.0,11,153641.95,2,2,2,6,Lost / Low Value
CUST04296,Pooja Verma,131.0,12,153044.61,1,3,2,6,Regular Customers
CUST00124,Meera Joshi,49.0,8,152434.31,3,1,2,6,Regular Customers
CUST00034,Priya Nair,42.0,8,152401.81,3,1,2,6,Regular Customers
CUST03772,Isha Mhaske,356.0,13,152170.02,1,3,2,6,Regular Customers
CUST01782,Rahul Gupta,104.0,10,152112.99,2,2,2,6,Lost / Low Value
CUST04426,Isha Singh,84.0,10,151978.71,2,2,2,6,Lost / Low Value
CUST02329,Aarav Sharma,93.0,10,151893.9,2,2,2,6,Lost / Low Value
CUST00358,Meera Sharma,57.0,8,151826.23,3,1,2,6,Regular Customers
CUST00677,Priya Deshmukh,64.0,9,151812.27,3,1,2,6,Regular Customers
CUST01751,Isha Verma,203.0,12,151806.79,1,3,2,6,Regular Customers
CUST02550,Isha Sharma,41.0,9,151325.51,3,1,2,6,Regular Customers
CUST00150,Kavya Kumar,266.0,13,150231.13,1,3,2,6,Regular Customers
CUST00712,Meera Shah,65.0,8,150126.81,3,1,2,6,Regular Customers
CUST00359,Ananya Kumar,16.0,9,149991.11,4,1,1,6,Regular Customers
CUST02526,Rohan Kumar,94.0,12,149710.0,2,3,1,6,Regular Customers
CUST05744,Vivaan Shah,88.0,12,149708.8,2,3,1,6,Regular Customers
CUST04390,Rohan Nair,37.0,10,149591.73,3,2,1,6,Regular Customers
CUST04345,Priya Mhaske,26.0,8,149541.66,4,1,1,6,Regular Customers
CUST01463,Arjun Patil,37.0,10,149460.88,3,2,1,6,Regular Customers
CUST00364,Isha Sharma,74.0,12,149234.84,2,3,1,6,Regular Customers
CUST02099,Priya Mehta,31.0,8,149230.59,4,1,1,6,Regular Customers
CUST02561,Kavya Deshmukh,68.0,12,149092.48,2,3,1,6,Regular Customers
CUST03471,Pooja Kumar,183.0,14,149070.04,1,4,1,6,Regular Customers
CUST02534,Priya Mhaske,37.0,10,148895.32,3,2,1,6,Regular Customers
CUST04281,Aarav Mehta,48.0,11,148768.8,3,2,1,6,Regular Customers
CUST01551,Meera Gupta,72.0,12,148663.9,2,3,1,6,Regular Customers
CUST04594,Ananya Deshmukh,57.0,11,148649.28,3,2,1,6,Regular Customers
CUST05857,Arjun Joshi,49.0,11,148648.31,3,2,1,6,Regular Customers
CUST04859,Pooja Mehta,34.0,8,147428.16,4,1,1,6,Regular Customers
CUST05701,Vivaan Mhaske,59.0,10,147237.37,3,2,1,6,Regular Customers
CUST00211,Kavya Verma,22.0,9,147048.28,4,1,1,6,Regular Customers
CUST05769,Rohan Joshi,31.0,8,147000.55,4,1,1,6,Regular Customers
CUST05659,Neha Nair,56.0,10,146925.22,3,2,1,6,Regular Customers
CUST03050,Rahul Sharma,47.0,10,146893.22,3,2,1,6,Regular Customers
CUST03783,Aarav Mehta,90.0,13,146815.48,2,3,1,6,Regular Customers
CUST04468,Meera Singh,66.0,10,146544.35,3,2,1,6,Regular Customers
CUST05828,Rahul Patil,24.0,9,146161.11,4,1,1,6,Regular Customers
CUST01071,Karan Verma,39.0,10,146115.84,3,2,1,6,Regular Customers
CUST01963,Karan Mehta,19.0,9,146079.79,4,1,1,6,Regular Customers
CUST00332,Neha Singh,27.0,8,146048.74,4,1,1,6,Regular Customers
CUST02539,Priya Shah,104.0,12,145969.12,2,3,1,6,Regular Customers
CUST01022,Karan Patil,30.0,9,145349.54,4,1,1,6,Regular Customers
CUST05211,Priya Joshi,24.0,8,145341.44,4,1,1,6,Regular Customers
CUST01713,Karan Joshi,57.0,11,145328.09,3,2,1,6,Regular Customers
CUST03902,Amit Shah,32.0,9,145127.44,4,1,1,6,Regular Customers
CUST03597,Neha Patil,47.0,10,144736.77,3,2,1,6,Regular Customers
CUST03382,Amit Gupta,22.0,8,144201.09,4,1,1,6,Regular Customers
CUST03387,Isha Gupta,30.0,8,144190.21,4,1,1,6,Regular Customers
CUST00036,Karan Mehta,28.0,6,144089.0,4,1,1,6,Regular Customers
CUST04106,Rohan Mhaske,31.0,9,143984.49,4,1,1,6,Regular Customers
CUST00060,Rohan Joshi,28.0,8,143897.79,4,1,1,6,Regular Customers
CUST05235,Karan Mehta,101.0,12,143073.62,2,3,1,6,Regular Customers
CUST03745,Karan Deshmukh,56.0,10,143072.31,3,2,1,6,Regular Customers
CUST05176,Rohan Mehta,42.0,11,143029.4,3,2,1,6,Regular Customers
CUST01567,Neha Mehta,100.0,13,142870.63,2,3,1,6,Regular Customers
CUST04546,Aarav Singh,33.0,7,142687.77,4,1,1,6,Regular Customers
CUST05602,Priya Mhaske,187.0,14,142552.75,1,4,1,6,Regular Customers
CUST02184,Pooja Gupta,63.0,10,142509.52,3,2,1,6,Regular Customers
CUST02869,Meera Mhaske,25.0,9,141780.37,4,1,1,6,Regular Customers
CUST03221,Rahul Joshi,59.0,10,141425.06,3,2,1,6,Regular Customers
CUST01533,Pooja Mhaske,65.0,10,141178.39,3,2,1,6,Regular Customers
CUST01431,Rohan Verma,16.0,9,141143.3,4,1,1,6,Regular Customers
CUST05353,Rahul Sharma,19.0,7,141098.51,4,1,1,6,Regular Customers
CUST04969,Aditya Deshmukh,41.0,11,141056.51,3,2,1,6,Regular Customers
CUST01034,Isha Deshmukh,28.0,9,140027.68,4,1,1,6,Regular Customers
CUST01792,Rahul Gupta,104.0,12,139603.44,2,3,1,6,Regular Customers
CUST00158,Ananya Shah,54.0,10,139438.91,3,2,1,6,Regular Customers
CUST02629,Vivaan Deshmukh,62.0,10,139187.94,3,2,1,6,Regular Customers
CUST01362,Rahul Sharma,19.0,9,139148.98,4,1,1,6,Regular Customers
CUST04159,Pooja Mhaske,62.0,11,139107.86,3,2,1,6,Regular Customers
CUST01023,Rohan Singh,27.0,9,139032.86,4,1,1,6,Regular Customers
CUST03908,Kavya Verma,74.0,12,138522.82,2,3,1,6,Regular Customers
CUST04318,Isha Gupta,22.0,8,138320.61,4,1,1,6,Regular Customers
CUST01528,Aarav Joshi,16.0,8,138240.61,4,1,1,6,Regular Customers
CUST03376,Meera Verma,73.0,13,137661.14,2,3,1,6,Regular Customers
CUST01892,Rohan Kumar,38.0,10,137613.34,3,2,1,6,Regular Customers
CUST00945,Neha Verma,19.0,9,137070.44,4,1,1,6,Regular Customers
CUST04856,Meera Shah,20.0,9,136949.8,4,1,1,6,Regular Customers
CUST00227,Rohan Nair,20.0,7,136796.84,4,1,1,6,Regular Customers
CUST05939,Sneha Deshmukh,55.0,11,136261.32,3,2,1,6,Regular Customers
CUST01047,Karan Mhaske,18.0,9,135643.4,4,1,1,6,Regular Customers
CUST01382,Kavya Shah,22.0,7,135514.83,4,1,1,6,Regular Customers
CUST04759,Sneha Verma,19.0,8,135252.36,4,1,1,6,Regular Customers
CUST04717,Pooja Joshi,20.0,7,135012.6,4,1,1,6,Regular Customers
CUST04272,Vivaan Shah,29.0,7,134805.44,4,1,1,6,Regular Customers
CUST00616,Neha Singh,105.0,13,134568.61,2,3,1,6,Regular Customers
CUST02368,Sneha Nair,40.0,10,134526.22,3,2,1,6,Regular Customers
CUST00329,Aditya Sharma,32.0,9,134461.11,4,1,1,6,Regular Customers
CUST04131,Aditya Deshmukh,40.0,10,133486.42,3,2,1,6,Regular Customers
CUST04354,Rohan Patil,33.0,5,132383.09,4,1,1,6,Regular Customers
CUST00420,Vivaan Deshmukh,83.0,13,131862.72,2,3,1,6,Regular Customers
CUST00024,Sneha Nair,32.0,8,131584.59,4,1,1,6,Regular Customers
CUST05488,Pooja Gupta,24.0,9,131379.28,4,1,1,6,Regular Customers
CUST01966,Sneha Mehta,31.0,8,131342.67,4,1,1,6,Regular Customers
CUST02394,Priya Verma,34.0,8,131247.8,4,1,1,6,Regular Customers
CUST00106,Ananya Nair,37.0,11,131064.59,3,2,1,6,Regular Customers
CUST02292,Priya Kumar,57.0,11,130862.18,3,2,1,6,Regular Customers
CUST00255,Meera Nair,39.0,11,130160.59,3,2,1,6,Regular Customers
CUST03199,Neha Kumar,23.0,8,129493.52,4,1,1,6,Regular Customers
CUST00210,Vivaan Nair,40.0,10,129269.08,3,2,1,6,Regular Customers
CUST04135,Priya Singh,37.0,11,128738.5,3,2,1,6,Regular Customers
CUST00299,Neha Mhaske,35.0,7,128597.95,4,1,1,6,Regular Customers
CUST03695,Arjun Mehta,22.0,7,128400.4,4,1,1,6,Regular Customers
CUST02669,Ananya Kumar,40.0,10,128307.52,3,2,1,6,Regular Customers
CUST02403,Meera Gupta,69.0,12,127746.87,2,3,1,6,Regular Customers
CUST00710,Priya Nair,38.0,10,127562.37,3,2,1,6,Regular Customers
CUST02143,Aarav Nair,26.0,7,127181.93,4,1,1,6,Regular Customers
CUST00084,Amit Gupta,34.0,6,126958.32,4,1,1,6,Regular Customers
CUST01767,Arjun Sharma,49.0,10,126371.54,3,2,1,6,Regular Customers
CUST03213,Vivaan Singh,20.0,9,126266.27,4,1,1,6,Regular Customers
CUST02443,Aarav Verma,26.0,8,126227.16,4,1,1,6,Regular Customers
CUST05598,Pooja Patil,49.0,10,125766.17,3,2,1,6,Regular Customers
CUST03134,Sneha Gupta,64.0,11,125372.68,3,2,1,6,Regular Customers
CUST01282,Rahul Sharma,26.0,9,125294.32,4,1,1,6,Regular Customers
CUST03834,Neha Kumar,62.0,10,125270.87,3,2,1,6,Regular Customers
CUST03794,Kavya Patil,123.0,15,125141.29,1,4,1,6,Regular Customers
CUST05190,Sneha Patil,17.0,8,124996.46,4,1,1,6,Regular Customers
CUST04492,Kavya Mhaske,148.0,15,124140.66,1,4,1,6,Regular Customers
CUST00793,Ananya Sharma,17.0,8,124027.48,4,1,1,6,Regular Customers
CUST02370,Arjun Joshi,64.0,10,123350.05,3,2,1,6,Regular Customers
CUST04941,Karan Mehta,107.0,13,123314.81,2,3,1,6,Regular Customers
CUST04489,Karan Patil,18.0,9,122732.27,4,1,1,6,Regular Customers
CUST02967,Karan Deshmukh,28.0,9,122460.0,4,1,1,6,Regular Customers
CUST00206,Pooja Verma,42.0,10,121533.26,3,2,1,6,Regular Customers
CUST04389,Ananya Mhaske,49.0,10,120853.69,3,2,1,6,Regular Customers
CUST03494,Aditya Singh,36.0,6,120831.65,4,1,1,6,Regular Customers
CUST05784,Priya Singh,25.0,9,120258.71,4,1,1,6,Regular Customers
CUST05188,Sneha Deshmukh,49.0,10,119517.0,3,2,1,6,Regular Customers
CUST03976,Priya Singh,30.0,7,119424.26,4,1,1,6,Regular Customers
CUST00438,Aditya Mhaske,32.0,9,119206.37,4,1,1,6,Regular Customers
CUST01943,Meera Deshmukh,35.0,9,118699.32,4,1,1,6,Regular Customers
CUST05636,Neha Verma,25.0,8,118670.3,4,1,1,6,Regular Customers
CUST03300,Sneha Singh,34.0,8,118349.46,4,1,1,6,Regular Customers
CUST00003,Sneha Mehta,18.0,4,118194.66,4,1,1,6,Regular Customers
CUST04560,Sneha Sharma,36.0,9,118089.89,4,1,1,6,Regular Customers
CUST00016,Pooja Shah,48.0,10,117793.46,3,2,1,6,Regular Customers
CUST00870,Arjun Verma,25.0,6,116825.32,4,1,1,6,Regular Customers
CUST02004,Arjun Sharma,45.0,11,115626.28,3,2,1,6,Regular Customers
CUST03185,Arjun Nair,25.0,7,115581.96,4,1,1,6,Regular Customers
CUST03858,Kavya Sharma,43.0,11,115177.24,3,2,1,6,Regular Customers
CUST01398,Amit Singh,19.0,8,114957.81,4,1,1,6,Regular Customers
CUST00950,Aarav Nair,29.0,6,113358.47,4,1,1,6,Regular Customers
CUST02458,Aditya Mehta,25.0,7,112941.55,4,1,1,6,Regular Customers
CUST00772,Vivaan Kumar,47.0,11,111352.02,3,2,1,6,Regular Customers
CUST00635,Rohan Sharma,27.0,7,110649.02,4,1,1,6,Regular Customers
CUST05122,Amit Mhaske,19.0,9,108899.87,4,1,1,6,Regular Customers
CUST01213,Vivaan Sharma,35.0,5,108499.76,4,1,1,6,Regular Customers
CUST02208,Kavya Mehta,35.0,8,107573.22,4,1,1,6,Regular Customers
CUST00199,Neha Joshi,44.0,10,107488.36,3,2,1,6,Regular Customers
CUST04771,Neha Nair,36.0,9,106951.11,4,1,1,6,Regular Customers
CUST04111,Neha Verma,45.0,10,106947.61,3,2,1,6,Regular Customers
CUST02091,Aarav Nair,39.0,11,106810.26,3,2,1,6,Regular Customers
CUST04205,Priya Mhaske,60.0,10,106518.09,3,2,1,6,Regular Customers
CUST03951,Rahul Nair,59.0,11,105936.37,3,2,1,6,Regular Customers
CUST00719,Vivaan Joshi,23.0,8,104569.09,4,1,1,6,Regular Customers
CUST01317,Isha Sharma,55.0,11,104402.76,3,2,1,6,Regular Customers
CUST05495,Amit Joshi,16.0,9,103257.21,4,1,1,6,Regular Customers
CUST00474,Rahul Deshmukh,24.0,9,103182.63,4,1,1,6,Regular Customers
CUST01397,Rahul Sharma,31.0,7,101831.59,4,1,1,6,Regular Customers
CUST04901,Rahul Joshi,22.0,7,100875.7,4,1,1,6,Regular Customers
CUST02366,Karan Verma,33.0,8,100737.02,4,1,1,6,Regular Customers
CUST00095,Isha Mhaske,31.0,5,100104.77,4,1,1,6,Regular Customers
CUST05789,Sneha Nair,27.0,8,100054.33,4,1,1,6,Regular Customers
CUST02852,Aditya Nair,73.0,12,99271.94,2,3,1,6,Regular Customers
CUST00526,Aarav Deshmukh,45.0,11,99050.61,3,2,1,6,Regular Customers
CUST03303,Neha Kumar,17.0,7,99048.91,4,1,1,6,Regular Customers
CUST00246,Karan Mehta,31.0,8,99041.88,4,1,1,6,Regular Customers
CUST02065,Pooja Kumar,36.0,6,98152.93,4,1,1,6,Regular Customers
CUST00661,Arjun Sharma,65.0,11,97367.3,3,2,1,6,Regular Customers
CUST02953,Neha Gupta,24.0,8,96558.09,4,1,1,6,Regular Customers
CUST04705,Pooja Mhaske,31.0,4,95249.68,4,1,1,6,Regular Customers
CUST02661,Sneha Shah,57.0,11,93291.61,3,2,1,6,Regular Customers
CUST00827,Karan Mehta,42.0,11,93275.21,3,2,1,6,Regular Customers
CUST02371,Sneha Deshmukh,26.0,9,92671.36,4,1,1,6,Regular Customers
CUST04288,Sneha Sharma,86.0,12,92641.5,2,3,1,6,Regular Customers
CUST03437,Aditya Shah,49.0,10,92189.7,3,2,1,6,Regular Customers
CUST03746,Priya Gupta,23.0,7,91031.42,4,1,1,6,Regular Customers
CUST02367,Meera Verma,20.0,6,90024.12,4,1,1,6,Regular Customers
CUST02084,Karan Verma,52.0,11,89016.42,3,2,1,6,Regular Customers
CUST04355,Vivaan Joshi,38.0,10,88562.82,3,2,1,6,Regular Customers
CUST00977,Priya Nair,35.0,6,85609.01,4,1,1,6,Regular Customers
CUST01053,Kavya Patil,25.0,6,82185.68,4,1,1,6,Regular Customers
CUST04163,Aarav Singh,32.0,7,80862.92,4,1,1,6,Regular Customers
CUST04527,Isha Mhaske,26.0,9,80376.55,4,1,1,6,Regular Customers
CUST04424,Ananya Nair,17.0,3,78856.75,4,1,1,6,Regular Customers
CUST05729,Ananya Singh,32.0,9,77765.25,4,1,1,6,Regular Customers
CUST02846,Ananya Mehta,30.0,8,77501.52,4,1,1,6,Regular Customers
CUST02388,Aarav Verma,23.0,5,77229.14,4,1,1,6,Regular Customers
CUST00898,Ananya Gupta,19.0,8,76355.08,4,1,1,6,Regular Customers
CUST03571,Vivaan Singh,64.0,11,75395.98,3,2,1,6,Regular Customers
CUST02590,Neha Sharma,23.0,7,74306.96,4,1,1,6,Regular Customers
CUST03236,Amit Singh,58.0,11,72512.47,3,2,1,6,Regular Customers
CUST05178,Amit Sharma,48.0,11,70258.13,3,2,1,6,Regular Customers
CUST05781,Meera Joshi,33.0,6,70118.29,4,1,1,6,Regular Customers
CUST05046,Aditya Kumar,48.0,10,69987.16,3,2,1,6,Regular Customers
CUST02680,Isha Verma,31.0,7,68667.11,4,1,1,6,Regular Customers
CUST00351,Karan Sharma,30.0,5,67999.91,4,1,1,6,Regular Customers
CUST01971,Pooja Kumar,18.0,6,64342.51,4,1,1,6,Regular Customers
CUST00374,Priya Nair,22.0,5,63141.8,4,1,1,6,Regular Customers
CUST02787,Rohan Patil,23.0,7,60677.91,4,1,1,6,Regular Customers
CUST04753,Priya Deshmukh,19.0,6,59655.04,4,1,1,6,Regular Customers
CUST03904,Rohan Singh,26.0,6,58744.8,4,1,1,6,Regular Customers
CUST04623,Pooja Patil,26.0,3,57763.39,4,1,1,6,Regular Customers
CUST03732,Vivaan Singh,26.0,7,56653.06,4,1,1,6,Regular Customers
CUST00804,Aarav Shah,35.0,8,54782.87,4,1,1,6,Regular Customers
CUST00758,Vivaan Sharma,17.0,5,52131.21,4,1,1,6,Regular Customers
CUST05613,Rohan Shah,30.0,4,21742.57,4,1,1,6,Regular Customers
CUST03280,Ananya Joshi,131.0,9,242502.91,1,1,3,5,Regular Customers
CUST03365,Sneha Singh,197.0,9,242280.51,1,1,3,5,Regular Customers
CUST01764,Ananya Verma,216.0,7,237919.28,1,1,3,5,Regular Customers
CUST02754,Karan Nair,250.0,9,237196.8,1,1,3,5,Regular Customers
CUST00178,Isha Shah,129.0,9,236480.78,1,1,3,5,Regular Customers
CUST02734,Arjun Verma,135.0,9,235611.99,1,1,3,5,Regular Customers
CUST00760,Aditya Mehta,347.0,9,235006.95,1,1,3,5,Regular Customers
CUST05734,Karan Mhaske,153.0,9,234842.52,1,1,3,5,Regular Customers
CUST00536,Rahul Patil,274.0,7,233444.29,1,1,3,5,Regular Customers
CUST02174,Kavya Mehta,149.0,9,231870.32,1,1,3,5,Regular Customers
CUST00874,Aarav Mehta,146.0,8,231859.37,1,1,3,5,Regular Customers
CUST03270,Sneha Gupta,223.0,8,231620.77,1,1,3,5,Regular Customers
CUST01245,Karan Deshmukh,279.0,7,230331.27,1,1,3,5,Regular Customers
CUST01501,Karan Shah,192.0,9,227381.91,1,1,3,5,Regular Customers
CUST04775,Amit Shah,324.0,8,227101.25,1,1,3,5,Regular Customers
CUST02942,Rahul Mhaske,139.0,8,226231.48,1,1,3,5,Regular Customers
CUST05034,Isha Singh,351.0,9,219807.33,1,1,3,5,Regular Customers
CUST01306,Isha Gupta,198.0,9,219053.72,1,1,3,5,Regular Customers
CUST00643,Isha Nair,126.0,8,217449.95,1,1,3,5,Regular Customers
CUST03542,Pooja Mehta,370.0,9,217389.44,1,1,3,5,Regular Customers
CUST05425,Arjun Shah,218.0,9,214606.19,1,1,3,5,Regular Customers
CUST00222,Rahul Verma,147.0,8,212107.71,1,1,3,5,Regular Customers
CUST02575,Ananya Shah,215.0,9,211784.56,1,1,3,5,Regular Customers
CUST04755,Aditya Mehta,170.0,7,210796.14,1,1,3,5,Regular Customers
CUST02150,Pooja Sharma,182.0,9,209502.75,1,1,3,5,Regular Customers
CUST02668,Rohan Mhaske,285.0,7,208939.15,1,1,3,5,Regular Customers
CUST04227,Amit Joshi,143.0,9,207651.74,1,1,3,5,Regular Customers
CUST00057,Priya Mhaske,215.0,8,207494.49,1,1,3,5,Regular Customers
CUST00280,Arjun Mhaske,231.0,9,206877.9,1,1,3,5,Regular Customers
CUST05159,Pooja Gupta,216.0,8,206838.7,1,1,3,5,Regular Customers
CUST03342,Vivaan Deshmukh,137.0,7,206767.95,1,1,3,5,Regular Customers
CUST00250,Rahul Sharma,245.0,8,206115.41,1,1,3,5,Regular Customers
CUST02880,Rohan Mehta,141.0,8,206030.33,1,1,3,5,Regular Customers
CUST01556,Karan Joshi,171.0,9,205819.35,1,1,3,5,Regular Customers
CUST02400,Sneha Mhaske,201.0,8,205513.31,1,1,3,5,Regular Customers
CUST02731,Amit Shah,149.0,8,205362.76,1,1,3,5,Regular Customers
CUST03030,Neha Deshmukh,210.0,9,204857.51,1,1,3,5,Regular Customers
CUST05700,Aditya Gupta,201.0,9,204849.82,1,1,3,5,Regular Customers
CUST00128,Arjun Patil,194.0,9,204338.55,1,1,3,5,Regular Customers
CUST00572,Karan Kumar,146.0,8,204088.01,1,1,3,5,Regular Customers
CUST00242,Isha Joshi,183.0,7,203811.37,1,1,3,5,Regular Customers
CUST01918,Kavya Nair,121.0,9,203802.17,1,1,3,5,Regular Customers
CUST03540,Sneha Deshmukh,144.0,9,203003.9,1,1,3,5,Regular Customers
CUST04002,Meera Joshi,179.0,8,202336.67,1,1,3,5,Regular Customers
CUST05451,Karan Patil,320.0,9,201349.41,1,1,3,5,Regular Customers
CUST01078,Kavya Mehta,243.0,9,201291.15,1,1,3,5,Regular Customers
CUST01468,Meera Kumar,554.0,8,199363.46,1,1,3,5,Regular Customers
CUST00978,Neha Sharma,154.0,9,198569.36,1,1,3,5,Regular Customers
CUST01908,Amit Shah,133.0,9,198168.53,1,1,3,5,Regular Customers
CUST05511,Aarav Gupta,194.0,9,198161.41,1,1,3,5,Regular Customers
CUST04606,Aarav Kumar,194.0,11,196813.55,1,2,2,5,Lost / Low Value
CUST04523,Amit Deshmukh,80.0,8,196487.52,2,1,2,5,Lost / Low Value
CUST03623,Sneha Mhaske,135.0,11,195627.57,1,2,2,5,Lost / Low Value
CUST03916,Isha Mehta,179.0,10,195526.67,1,2,2,5,Lost / Low Value
CUST00842,Aditya Singh,84.0,9,195367.62,2,1,2,5,Lost / Low Value
CUST01447,Isha Verma,131.0,10,194948.35,1,2,2,5,Lost / Low Value
CUST05303,Arjun Singh,139.0,11,194084.24,1,2,2,5,Lost / Low Value
CUST05504,Priya Shah,188.0,11,193748.11,1,2,2,5,Lost / Low Value
CUST02622,Arjun Nair,321.0,11,193380.89,1,2,2,5,Lost / Low Value
CUST03450,Rahul Verma,146.0,11,192967.77,1,2,2,5,Lost / Low Value
CUST04074,Priya Gupta,167.0,10,192918.94,1,2,2,5,Lost / Low Value
CUST00864,Aditya Kumar,87.0,8,192382.1,2,1,2,5,Lost / Low Value
CUST05569,Priya Mehta,72.0,9,192178.81,2,1,2,5,Lost / Low Value
CUST04953,Rahul Shah,67.0,8,190801.1,2,1,2,5,Lost / Low Value
CUST02311,Sneha Mehta,99.0,9,190631.61,2,1,2,5,Lost / Low Value
CUST01483,Arjun Patil,178.0,11,190245.44,1,2,2,5,Lost / Low Value
CUST05245,Aditya Shah,77.0,9,189685.43,2,1,2,5,Lost / Low Value
CUST00079,Kavya Mehta,92.0,8,189493.31,2,1,2,5,Lost / Low Value
CUST02776,Arjun Mehta,152.0,10,189481.48,1,2,2,5,Lost / Low Value
CUST02236,Vivaan Mhaske,127.0,10,189315.32,1,2,2,5,Lost / Low Value
CUST02015,Rohan Nair,264.0,11,188594.12,1,2,2,5,Lost / Low Value
CUST01314,Isha Patil,178.0,11,188332.79,1,2,2,5,Lost / Low Value
CUST00686,Isha Singh,201.0,10,187733.13,1,2,2,5,Lost / Low Value
CUST02514,Meera Sharma,109.0,9,187696.19,2,1,2,5,Lost / Low Value
CUST04963,Rahul Deshmukh,135.0,11,187377.68,1,2,2,5,Lost / Low Value
CUST02797,Ananya Joshi,115.0,9,187223.3,2,1,2,5,Lost / Low Value
CUST04458,Karan Patil,71.0,9,186649.1,2,1,2,5,Lost / Low Value
CUST02984,Isha Nair,149.0,10,185858.88,1,2,2,5,Lost / Low Value
CUST05252,Aditya Shah,363.0,11,185793.91,1,2,2,5,Lost / Low Value
CUST03982,Priya Kumar,123.0,10,185686.03,1,2,2,5,Lost / Low Value
CUST01459,Rahul Joshi,112.0,8,184719.1,2,1,2,5,Lost / Low Value
CUST02427,Ananya Kumar,81.0,7,184631.21,2,1,2,5,Lost / Low Value
CUST01131,Karan Shah,164.0,11,183994.2,1,2,2,5,Lost / Low Value
CUST03785,Neha Verma,90.0,7,183303.5,2,1,2,5,Lost / Low Value
CUST05632,Priya Verma,87.0,8,183107.81,2,1,2,5,Lost / Low Value
CUST01769,Karan Kumar,88.0,9,182948.32,2,1,2,5,Lost / Low Value
CUST01044,Meera Kumar,135.0,10,182234.43,1,2,2,5,Lost / Low Value
CUST02793,Priya Verma,71.0,8,182135.58,2,1,2,5,Lost / Low Value
CUST02976,Isha Singh,99.0,8,182018.59,2,1,2,5,Lost / Low Value
CUST05004,Vivaan Mhaske,78.0,9,181486.69,2,1,2,5,Lost / Low Value
CUST05429,Rahul Mhaske,129.0,11,178918.27,1,2,2,5,Lost / Low Value
CUST03535,Aarav Singh,122.0,11,178881.79,1,2,2,5,Lost / Low Value
CUST00089,Meera Singh,117.0,8,178808.35,2,1,2,5,Lost / Low Value
CUST02308,Neha Verma,293.0,11,177954.45,1,2,2,5,Lost / Low Value
CUST02186,Meera Mhaske,169.0,10,177908.06,1,2,2,5,Lost / Low Value
CUST03952,Meera Gupta,94.0,9,177714.29,2,1,2,5,Lost / Low Value
CUST01553,Kavya Mehta,75.0,7,176355.68,2,1,2,5,Lost / Low Value
CUST02818,Isha Nair,88.0,9,176161.43,2,1,2,5,Lost / Low Value
CUST03425,Priya Singh,143.0,10,175793.44,1,2,2,5,Lost / Low Value
CUST03734,Priya Kumar,87.0,8,175256.22,2,1,2,5,Lost / Low Value
CUST02601,Rahul Shah,103.0,9,175026.85,2,1,2,5,Lost / Low Value
CUST01383,Karan Mhaske,144.0,11,174586.34,1,2,2,5,Lost / Low Value
CUST02808,Ananya Sharma,150.0,10,174528.29,1,2,2,5,Lost / Low Value
CUST00404,Ananya Kumar,117.0,8,174467.08,2,1,2,5,Lost / Low Value
CUST04186,Karan Mhaske,111.0,9,174333.35,2,1,2,5,Lost / Low Value
CUST00165,Rohan Singh,221.0,10,174256.6,1,2,2,5,Lost / Low Value
CUST02437,Arjun Kumar,72.0,9,174079.08,2,1,2,5,Lost / Low Value
CUST01979,Kavya Verma,201.0,10,173395.85,1,2,2,5,Lost / Low Value
CUST04032,Arjun Verma,128.0,11,173162.09,1,2,2,5,Lost / Low Value
CUST01228,Rohan Deshmukh,127.0,10,173095.62,1,2,2,5,Lost / Low Value
CUST03610,Pooja Mehta,83.0,8,172979.63,2,1,2,5,Lost / Low Value
CUST01267,Pooja Mhaske,75.0,7,172420.95,2,1,2,5,Lost / Low Value
CUST03141,Amit Verma,165.0,10,172378.52,1,2,2,5,Lost / Low Value
CUST03333,Rohan Mhaske,199.0,10,171897.6,1,2,2,5,Lost / Low Value
CUST01956,Amit Nair,81.0,8,171701.23,2,1,2,5,Lost / Low Value
CUST00305,Ananya Patil,403.0,10,171626.57,1,2,2,5,Lost / Low Value
CUST03007,Karan Sharma,323.0,11,171435.6,1,2,2,5,Lost / Low Value
CUST00050,Aditya Gupta,127.0,10,171235.6,1,2,2,5,Lost / Low Value
CUST01834,Arjun Mehta,143.0,11,170720.71,1,2,2,5,Lost / Low Value
CUST00880,Rahul Singh,97.0,9,169716.42,2,1,2,5,Lost / Low Value
CUST02688,Rohan Joshi,230.0,10,169530.01,1,2,2,5,Lost / Low Value
CUST01021,Vivaan Sharma,154.0,11,169493.31,1,2,2,5,Lost / Low Value
CUST02884,Aditya Mhaske,138.0,11,169474.5,1,2,2,5,Lost / Low Value
CUST05723,Aarav Patil,130.0,11,168493.14,1,2,2,5,Lost / Low Value
CUST05994,Karan Gupta,200.0,10,168392.21,1,2,2,5,Lost / Low Value
CUST03702,Aditya Verma,75.0,8,167781.4,2,1,2,5,Lost / Low Value
CUST02645,Arjun Gupta,92.0,9,167717.4,2,1,2,5,Lost / Low Value
CUST03551,Pooja Patil,164.0,10,167188.86,1,2,2,5,Lost / Low Value
CUST04697,Amit Verma,91.0,6,167153.8,2,1,2,5,Lost / Low Value
CUST01401,Rohan Mehta,259.0,11,167117.94,1,2,2,5,Lost / Low Value
CUST01454,Rahul Mhaske,90.0,8,166824.82,2,1,2,5,Lost / Low Value
CUST05214,Aditya Sharma,217.0,11,166805.32,1,2,2,5,Lost / Low Value
CUST00923,Meera Singh,94.0,9,166646.3,2,1,2,5,Lost / Low Value
CUST03545,Arjun Mehta,135.0,11,165937.15,1,2,2,5,Lost / Low Value
CUST04157,Rahul Joshi,89.0,8,165867.86,2,1,2,5,Lost / Low Value
CUST00684,Kavya Verma,82.0,9,165702.71,2,1,2,5,Lost / Low Value
CUST02964,Rahul Joshi,249.0,11,165679.99,1,2,2,5,Lost / Low Value
CUST00452,Arjun Singh,188.0,11,165462.36,1,2,2,5,Lost / Low Value
CUST05226,Sneha Nair,184.0,11,165395.97,1,2,2,5,Lost / Low Value
CUST03320,Rohan Gupta,84.0,9,164017.23,2,1,2,5,Lost / Low Value
CUST00058,Arjun Singh,88.0,9,163943.7,2,1,2,5,Lost / Low Value
CUST03725,Meera Sharma,163.0,10,163432.4,1,2,2,5,Lost / Low Value
CUST01262,Vivaan Kumar,211.0,10,162687.64,1,2,2,5,Lost / Low Value
CUST03970,Kavya Joshi,78.0,9,162639.64,2,1,2,5,Lost / Low Value
CUST02798,Aarav Verma,161.0,10,162405.35,1,2,2,5,Lost / Low Value
CUST05293,Pooja Nair,144.0,11,161771.74,1,2,2,5,Lost / Low Value
CUST03298,Ananya Gupta,98.0,8,161740.37,2,1,2,5,Lost / Low Value
CUST02619,Kavya Patil,232.0,10,161533.96,1,2,2,5,Lost / Low Value
CUST05370,Amit Kumar,118.0,9,161456.33,2,1,2,5,Lost / Low Value
CUST02907,Priya Gupta,97.0,9,161309.11,2,1,2,5,Lost / Low Value
CUST00811,Rohan Mehta,91.0,9,161061.88,2,1,2,5,Lost / Low Value
CUST01300,Arjun Joshi,83.0,9,160794.04,2,1,2,5,Lost / Low Value
CUST03443,Priya Mehta,82.0,9,160658.87,2,1,2,5,Lost / Low Value
CUST01828,Meera Mhaske,137.0,10,160478.23,1,2,2,5,Lost / Low Value
CUST00092,Vivaan Verma,239.0,11,160347.7,1,2,2,5,Lost / Low Value
CUST05986,Aditya Patil,238.0,10,160329.91,1,2,2,5,Lost / Low Value
CUST00076,Rahul Deshmukh,89.0,9,160085.73,2,1,2,5,Lost / Low Value
CUST03193,Vivaan Sharma,162.0,10,159779.01,1,2,2,5,Lost / Low Value
CUST00514,Meera Nair,84.0,8,159659.36,2,1,2,5,Lost / Low Value
CUST04136,Meera Mehta,135.0,10,159440.49,1,2,2,5,Lost / Low Value
CUST03683,Neha Verma,192.0,11,159418.2,1,2,2,5,Lost / Low Value
CUST05290,Pooja Kumar,260.0,11,159350.9,1,2,2,5,Lost / Low Value
CUST00185,Vivaan Patil,163.0,10,159132.72,1,2,2,5,Lost / Low Value
CUST05621,Priya Patil,67.0,8,159042.94,2,1,2,5,Lost / Low Value
CUST00868,Kavya Sharma,95.0,4,158958.48,2,1,2,5,Lost / Low Value
CUST00426,Priya Nair,125.0,10,158536.37,1,2,2,5,Lost / Low Value
CUST01813,Aarav Singh,375.0,11,158093.1,1,2,2,5,Lost / Low Value
CUST04613,Pooja Sharma,126.0,10,157677.26,1,2,2,5,Lost / Low Value
CUST04413,Neha Sharma,169.0,10,157434.04,1,2,2,5,Lost / Low Value
CUST03509,Sneha Patil,182.0,10,157334.75,1,2,2,5,Lost / Low Value
CUST02382,Kavya Nair,100.0,7,157248.02,2,1,2,5,Lost / Low Value
CUST02123,Meera Mehta,110.0,8,156961.25,2,1,2,5,Lost / Low Value
CUST01254,Aarav Deshmukh,282.0,10,156850.8,1,2,2,5,Lost / Low Value
CUST03752,Karan Mehta,85.0,8,156554.71,2,1,2,5,Lost / Low Value
CUST00611,Aarav Singh,124.0,11,156289.76,1,2,2,5,Lost / Low Value
CUST02525,Meera Kumar,315.0,10,156060.34,1,2,2,5,Lost / Low Value
CUST03651,Ananya Verma,150.0,10,156004.9,1,2,2,5,Lost / Low Value
CUST04812,Arjun Mehta,196.0,10,155870.79,1,2,2,5,Lost / Low Value
CUST00826,Kavya Gupta,89.0,9,155770.46,2,1,2,5,Lost / Low Value
CUST01632,Rohan Mhaske,178.0,10,155542.16,1,2,2,5,Lost / Low Value
CUST03406,Karan Sharma,221.0,10,155254.9,1,2,2,5,Lost / Low Value
CUST05721,Rohan Shah,148.0,10,154594.04,1,2,2,5,Lost / Low Value
CUST05827,Karan Mhaske,154.0,11,154201.33,1,2,2,5,Lost / Low Value
CUST04374,Meera Shah,198.0,11,154030.08,1,2,2,5,Lost / Low Value
CUST01150,Isha Sharma,173.0,10,154021.84,1,2,2,5,Lost / Low Value
CUST01819,Aditya Nair,215.0,10,153973.93,1,2,2,5,Lost / Low Value
CUST01821,Aditya Patil,144.0,11,153948.32,1,2,2,5,Lost / Low Value
CUST05676,Priya Mhaske,215.0,10,153757.58,1,2,2,5,Lost / Low Value
CUST05227,Karan Patil,195.0,11,153509.87,1,2,2,5,Lost / Low Value
CUST05427,Amit Verma,79.0,8,152936.88,2,1,2,5,Lost / Low Value
CUST04895,Isha Mehta,73.0,8,152884.21,2,1,2,5,Lost / Low Value
CUST00142,Aditya Nair,260.0,11,152744.63,1,2,2,5,Lost / Low Value
CUST04998,Vivaan Deshmukh,135.0,11,152617.8,1,2,2,5,Lost / Low Value
CUST00170,Ananya Kumar,321.0,11,151981.35,1,2,2,5,Lost / Low Value
CUST03831,Pooja Joshi,135.0,10,151940.02,1,2,2,5,Lost / Low Value
CUST05779,Amit Patil,122.0,10,151569.18,1,2,2,5,Lost / Low Value
CUST02811,Rahul Verma,138.0,10,150805.54,1,2,2,5,Lost / Low Value
CUST02181,Rohan Patil,93.0,9,150637.56,2,1,2,5,Lost / Low Value
CUST03926,Ananya Gupta,90.0,10,149799.98,2,2,1,5,Lost / Low Value
CUST05798,Sneha Kumar,110.0,10,149771.77,2,2,1,5,Lost / Low Value
CUST00018,Vivaan Nair,227.0,12,149285.45,1,3,1,5,Regular Customers
CUST00472,Kavya Nair,128.0,13,149084.89,1,3,1,5,Regular Customers
CUST04461,Rohan Joshi,193.0,13,149064.96,1,3,1,5,Regular Customers
CUST02700,Rohan Deshmukh,157.0,13,149015.65,1,3,1,5,Regular Customers
CUST05577,Meera Mhaske,101.0,11,148581.16,2,2,1,5,Lost / Low Value
CUST01316,Ananya Patil,74.0,11,148068.75,2,2,1,5,Lost / Low Value
CUST03208,Rahul Verma,137.0,13,148001.87,1,3,1,5,Regular Customers
CUST00858,Aarav Mehta,108.0,11,147938.76,2,2,1,5,Lost / Low Value
CUST01673,Neha Singh,46.0,8,147698.28,3,1,1,5,Regular Customers
CUST02300,Arjun Patil,79.0,11,147649.27,2,2,1,5,Lost / Low Value
CUST03484,Aditya Gupta,82.0,10,147200.45,2,2,1,5,Lost / Low Value
CUST01372,Pooja Singh,59.0,9,147147.37,3,1,1,5,Regular Customers
CUST04780,Aditya Joshi,93.0,10,147097.4,2,2,1,5,Lost / Low Value
CUST03340,Kavya Mehta,202.0,12,146677.66,1,3,1,5,Regular Customers
CUST02744,Ananya Nair,83.0,10,146510.79,2,2,1,5,Lost / Low Value
CUST00312,Kavya Gupta,76.0,11,146425.24,2,2,1,5,Lost / Low Value
CUST03182,Aditya Joshi,55.0,9,146212.17,3,1,1,5,Regular Customers
CUST00343,Ananya Joshi,240.0,13,145969.2,1,3,1,5,Regular Customers
CUST03823,Neha Singh,71.0,10,145841.85,2,2,1,5,Lost / Low Value
CUST05298,Isha Singh,74.0,11,145687.71,2,2,1,5,Lost / Low Value
CUST00136,Aarav Singh,168.0,12,145540.14,1,3,1,5,Regular Customers
CUST02845,Neha Joshi,103.0,11,145185.58,2,2,1,5,Lost / Low Value
CUST05275,Amit Sharma,94.0,10,145164.67,2,2,1,5,Lost / Low Value
CUST00567,Karan Mehta,78.0,11,145058.97,2,2,1,5,Lost / Low Value
CUST01416,Pooja Deshmukh,245.0,13,144851.55,1,3,1,5,Regular Customers
CUST04330,Kavya Patil,63.0,9,144661.13,3,1,1,5,Regular Customers
CUST05736,Kavya Verma,75.0,11,144615.26,2,2,1,5,Lost / Low Value
CUST04488,Vivaan Joshi,54.0,8,144155.74,3,1,1,5,Regular Customers
CUST03474,Aarav Deshmukh,55.0,7,144149.63,3,1,1,5,Regular Customers
CUST04445,Pooja Shah,63.0,6,143096.75,3,1,1,5,Regular Customers
CUST01850,Aarav Mhaske,39.0,8,142286.66,3,1,1,5,Regular Customers
CUST03267,Kavya Nair,80.0,11,142263.17,2,2,1,5,Lost / Low Value
CUST04009,Aarav Joshi,71.0,10,142139.26,2,2,1,5,Lost / Low Value
CUST01130,Arjun Sharma,50.0,9,141749.09,3,1,1,5,Regular Customers
CUST03065,Rohan Singh,76.0,10,141445.59,2,2,1,5,Lost / Low Value
CUST01514,Sneha Joshi,109.0,11,141194.55,2,2,1,5,Lost / Low Value
CUST03517,Ananya Joshi,57.0,9,140939.1,3,1,1,5,Regular Customers
CUST04581,Karan Sharma,99.0,11,140711.49,2,2,1,5,Lost / Low Value
CUST01462,Karan Nair,93.0,11,140607.07,2,2,1,5,Lost / Low Value
CUST00433,Arjun Kumar,61.0,8,140153.77,3,1,1,5,Regular Customers
CUST01893,Meera Nair,110.0,11,140097.27,2,2,1,5,Lost / Low Value
CUST03922,Aditya Joshi,69.0,11,140020.65,2,2,1,5,Lost / Low Value
CUST03883,Arjun Singh,77.0,11,139377.35,2,2,1,5,Lost / Low Value
CUST00817,Sneha Joshi,77.0,11,138839.84,2,2,1,5,Lost / Low Value
CUST01810,Priya Singh,77.0,11,138471.94,2,2,1,5,Lost / Low Value
CUST03921,Kavya Mehta,93.0,11,138214.52,2,2,1,5,Lost / Low Value
CUST04070,Pooja Kumar,81.0,10,137973.95,2,2,1,5,Lost / Low Value
CUST05090,Rohan Joshi,75.0,10,137758.81,2,2,1,5,Lost / Low Value
CUST01361,Aarav Mehta,55.0,9,137620.77,3,1,1,5,Regular Customers
CUST02927,Meera Verma,89.0,10,137611.71,2,2,1,5,Lost / Low Value
CUST00593,Amit Kumar,49.0,9,137459.64,3,1,1,5,Regular Customers
CUST04193,Arjun Patil,194.0,13,137156.31,1,3,1,5,Regular Customers
CUST00834,Arjun Shah,85.0,11,136868.99,2,2,1,5,Lost / Low Value
CUST01684,Vivaan Shah,205.0,13,136773.49,1,3,1,5,Regular Customers
CUST04293,Rohan Deshmukh,86.0,10,136577.16,2,2,1,5,Lost / Low Value
CUST03220,Aarav Nair,83.0,11,136152.39,2,2,1,5,Lost / Low Value
CUST03670,Rohan Nair,78.0,10,135952.97,2,2,1,5,Lost / Low Value
CUST03047,Karan Deshmukh,82.0,11,135851.86,2,2,1,5,Lost / Low Value
CUST05711,Meera Gupta,44.0,9,135375.91,3,1,1,5,Regular Customers
CUST03861,Aditya Verma,102.0,10,135374.15,2,2,1,5,Lost / Low Value
CUST05322,Meera Shah,107.0,10,135329.45,2,2,1,5,Lost / Low Value
CUST01261,Arjun Sharma,44.0,8,135226.32,3,1,1,5,Regular Customers
CUST04957,Karan Gupta,96.0,10,134491.2,2,2,1,5,Lost / Low Value
CUST03469,Priya Sharma,71.0,11,134380.09,2,2,1,5,Lost / Low Value
CUST05525,Aditya Mhaske,43.0,9,134293.44,3,1,1,5,Regular Customers
CUST00507,Priya Verma,39.0,8,134121.56,3,1,1,5,Regular Customers
CUST00812,Aditya Kumar,62.0,8,133883.03,3,1,1,5,Regular Customers
CUST00376,Priya Joshi,85.0,11,133779.5,2,2,1,5,Lost / Low Value
CUST04168,Sneha Nair,50.0,8,132958.43,3,1,1,5,Regular Customers
CUST00511,Neha Gupta,66.0,9,132122.92,3,1,1,5,Regular Customers
CUST05115,Priya Sharma,96.0,10,131867.21,2,2,1,5,Lost / Low Value
CUST00504,Neha Verma,82.0,11,131064.68,2,2,1,5,Lost / Low Value
CUST02248,Kavya Gupta,101.0,11,130815.8,2,2,1,5,Lost / Low Value
CUST05954,Arjun Patil,99.0,11,130552.76,2,2,1,5,Lost / Low Value
CUST00631,Rahul Patil,83.0,11,130476.23,2,2,1,5,Lost / Low Value
CUST01949,Priya Patil,85.0,10,130297.94,2,2,1,5,Lost / Low Value
CUST05437,Aditya Joshi,103.0,11,130184.35,2,2,1,5,Lost / Low Value
CUST01338,Rahul Nair,61.0,9,130136.22,3,1,1,5,Regular Customers
CUST02830,Neha Nair,102.0,11,130115.25,2,2,1,5,Lost / Low Value
CUST01111,Meera Joshi,128.0,12,129303.68,1,3,1,5,Regular Customers
CUST03603,Meera Nair,53.0,8,129254.39,3,1,1,5,Regular Customers
CUST02495,Ananya Verma,53.0,9,129155.56,3,1,1,5,Regular Customers
CUST02299,Isha Nair,97.0,11,128921.32,2,2,1,5,Lost / Low Value
CUST00144,Pooja Joshi,51.0,9,128647.74,3,1,1,5,Regular Customers
CUST02260,Isha Sharma,79.0,10,128510.08,2,2,1,5,Lost / Low Value
CUST04137,Isha Deshmukh,159.0,12,128425.68,1,3,1,5,Regular Customers
CUST02535,Pooja Patil,110.0,10,128284.55,2,2,1,5,Lost / Low Value
CUST01190,Sneha Kumar,43.0,7,128245.48,3,1,1,5,Regular Customers
CUST01466,Karan Kumar,60.0,8,127975.16,3,1,1,5,Regular Customers
CUST02095,Ananya Mhaske,114.0,11,127953.42,2,2,1,5,Lost / Low Value
CUST05752,Rahul Deshmukh,182.0,12,127887.28,1,3,1,5,Regular Customers
CUST03377,Arjun Shah,72.0,11,127637.52,2,2,1,5,Lost / Low Value
CUST04516,Priya Singh,45.0,9,127201.43,3,1,1,5,Regular Customers
CUST02418,Aditya Joshi,82.0,10,127041.55,2,2,1,5,Lost / Low Value
CUST01838,Ananya Deshmukh,66.0,8,127039.99,3,1,1,5,Regular Customers
CUST00148,Sneha Shah,84.0,11,126875.66,2,2,1,5,Lost / Low Value
CUST02473,Pooja Verma,77.0,10,126793.07,2,2,1,5,Lost / Low Value
CUST01799,Neha Shah,69.0,10,126511.38,2,2,1,5,Lost / Low Value
CUST05475,Amit Mehta,188.0,12,126472.63,1,3,1,5,Regular Customers
CUST02554,Meera Patil,62.0,9,125754.49,3,1,1,5,Regular Customers
CUST00792,Amit Shah,37.0,6,125536.5,3,1,1,5,Regular Customers
CUST01696,Priya Mehta,38.0,9,125364.36,3,1,1,5,Regular Customers
CUST03430,Karan Mehta,73.0,11,124242.24,2,2,1,5,Lost / Low Value
CUST00729,Sneha Patil,47.0,9,123749.75,3,1,1,5,Regular Customers
CUST01182,Rohan Verma,304.0,13,123636.6,1,3,1,5,Regular Customers
CUST01889,Vivaan Mehta,50.0,8,123576.32,3,1,1,5,Regular Customers
CUST04604,Aditya Patil,43.0,9,123234.47,3,1,1,5,Regular Customers
CUST04341,Pooja Gupta,46.0,5,122609.28,3,1,1,5,Regular Customers
CUST02837,Kavya Mehta,42.0,9,122275.36,3,1,1,5,Regular Customers
CUST00218,Priya Verma,116.0,11,121293.55,2,2,1,5,Lost / Low Value
CUST05642,Priya Patil,113.0,10,120877.61,2,2,1,5,Lost / Low Value
CUST04408,Neha Joshi,93.0,11,120239.71,2,2,1,5,Lost / Low Value
CUST00078,Pooja Nair,112.0,11,120114.95,2,2,1,5,Lost / Low Value
CUST05896,Pooja Mhaske,50.0,9,119717.45,3,1,1,5,Regular Customers
CUST03119,Aarav Verma,303.0,12,118718.56,1,3,1,5,Regular Customers
CUST04403,Vivaan Joshi,161.0,12,117876.67,1,3,1,5,Regular Customers
CUST04666,Neha Mhaske,60.0,9,117369.05,3,1,1,5,Regular Customers
CUST02326,Pooja Mehta,38.0,7,117069.92,3,1,1,5,Regular Customers
CUST02100,Karan Mehta,159.0,12,117004.34,1,3,1,5,Regular Customers
CUST01451,Meera Mehta,42.0,9,116990.02,3,1,1,5,Regular Customers
CUST04007,Karan Mehta,115.0,10,116609.93,2,2,1,5,Lost / Low Value
CUST01147,Meera Deshmukh,69.0,11,115140.59,2,2,1,5,Lost / Low Value
CUST00406,Arjun Joshi,64.0,8,114766.56,3,1,1,5,Regular Customers
CUST05007,Rohan Kumar,49.0,8,114697.24,3,1,1,5,Regular Customers
CUST00659,Aarav Verma,40.0,9,114636.79,3,1,1,5,Regular Customers
CUST00191,Aarav Mhaske,96.0,10,114341.72,2,2,1,5,Lost / Low Value
CUST01803,Arjun Shah,49.0,9,113471.43,3,1,1,5,Regular Customers
CUST05292,Aarav Mhaske,53.0,8,113443.04,3,1,1,5,Regular Customers
CUST01330,Aditya Singh,119.0,10,113405.3,2,2,1,5,Lost / Low Value
CUST04132,Priya Nair,40.0,8,112208.21,3,1,1,5,Regular Customers
CUST04428,Rohan Singh,88.0,11,112171.19,2,2,1,5,Lost / Low Value
CUST02621,Meera Sharma,47.0,5,110555.48,3,1,1,5,Regular Customers
CUST04683,Rahul Kumar,50.0,9,110396.17,3,1,1,5,Regular Customers
CUST04639,Isha Singh,39.0,7,109774.74,3,1,1,5,Regular Customers
CUST01388,Sneha Mehta,269.0,12,109769.1,1,3,1,5,Regular Customers
CUST02643,Karan Mehta,44.0,8,108589.19,3,1,1,5,Regular Customers
CUST05957,Priya Mhaske,165.0,13,108410.33,1,3,1,5,Regular Customers
CUST01649,Ananya Singh,45.0,7,108256.38,3,1,1,5,Regular Customers
CUST01891,Pooja Mhaske,83.0,11,108048.33,2,2,1,5,Lost / Low Value
CUST02111,Ananya Nair,62.0,9,107739.68,3,1,1,5,Regular Customers
CUST00852,Isha Sharma,64.0,9,106346.3,3,1,1,5,Regular Customers
CUST02699,Priya Sharma,97.0,11,106238.35,2,2,1,5,Lost / Low Value
CUST01478,Kavya Deshmukh,130.0,12,104913.85,1,3,1,5,Regular Customers
CUST03649,Rahul Patil,53.0,6,104908.07,3,1,1,5,Regular Customers
CUST01263,Rohan Deshmukh,54.0,8,104797.75,3,1,1,5,Regular Customers
CUST00143,Pooja Deshmukh,56.0,6,104647.02,3,1,1,5,Regular Customers
CUST01930,Rohan Nair,42.0,8,104636.04,3,1,1,5,Regular Customers
CUST00202,Isha Verma,65.0,9,104588.39,3,1,1,5,Regular Customers
CUST05478,Amit Verma,85.0,10,104563.17,2,2,1,5,Lost / Low Value
CUST04909,Aditya Deshmukh,63.0,7,104116.16,3,1,1,5,Regular Customers
CUST00254,Amit Nair,80.0,10,103319.73,2,2,1,5,Lost / Low Value
CUST02375,Rahul Joshi,130.0,12,102703.03,1,3,1,5,Regular Customers
CUST00407,Pooja Gupta,56.0,9,102272.57,3,1,1,5,Regular Customers
CUST02708,Isha Kumar,73.0,11,102101.31,2,2,1,5,Lost / Low Value
CUST00476,Sneha Nair,63.0,8,101616.08,3,1,1,5,Regular Customers
CUST00830,Amit Mehta,177.0,12,100068.97,1,3,1,5,Regular Customers
CUST01816,Priya Joshi,37.0,9,100013.25,3,1,1,5,Regular Customers
CUST03528,Rahul Kumar,232.0,12,99515.38,1,3,1,5,Regular Customers
CUST05224,Vivaan Nair,37.0,7,99463.46,3,1,1,5,Regular Customers
CUST05615,Neha Kumar,65.0,8,99310.61,3,1,1,5,Regular Customers
CUST02546,Priya Singh,67.0,11,98081.03,2,2,1,5,Lost / Low Value
CUST02739,Meera Deshmukh,37.0,9,97745.36,3,1,1,5,Regular Customers
CUST05246,Vivaan Mhaske,37.0,8,97323.37,3,1,1,5,Regular Customers
CUST03853,Aarav Mhaske,119.0,11,96661.8,2,2,1,5,Lost / Low Value
CUST02636,Aarav Patil,77.0,11,95751.51,2,2,1,5,Lost / Low Value
CUST05505,Vivaan Patil,62.0,7,95273.59,3,1,1,5,Regular Customers
CUST01935,Vivaan Shah,149.0,12,95017.4,1,3,1,5,Regular Customers
CUST02194,Rahul Sharma,53.0,7,94542.21,3,1,1,5,Regular Customers
CUST01995,Priya Singh,96.0,10,92531.25,2,2,1,5,Lost / Low Value
CUST01164,Neha Verma,41.0,9,91905.79,3,1,1,5,Regular Customers
CUST02905,Aditya Sharma,113.0,10,91616.94,2,2,1,5,Lost / Low Value
CUST03104,Pooja Gupta,58.0,8,91338.39,3,1,1,5,Regular Customers
CUST05094,Arjun Nair,51.0,8,91063.67,3,1,1,5,Regular Customers
CUST05964,Karan Deshmukh,62.0,9,90111.56,3,1,1,5,Regular Customers
CUST02988,Karan Verma,52.0,8,89677.2,3,1,1,5,Regular Customers
CUST01931,Meera Mehta,66.0,7,89237.1,3,1,1,5,Regular Customers
CUST02077,Priya Sharma,74.0,10,89138.43,2,2,1,5,Lost / Low Value
CUST05943,Kavya Shah,62.0,6,88290.96,3,1,1,5,Regular Customers
CUST02500,Aditya Singh,63.0,6,87857.79,3,1,1,5,Regular Customers
CUST01102,Vivaan Mhaske,82.0,10,87506.18,2,2,1,5,Lost / Low Value
CUST00685,Karan Gupta,102.0,10,84580.15,2,2,1,5,Lost / Low Value
CUST05520,Aarav Sharma,59.0,5,82277.05,3,1,1,5,Regular Customers
CUST00518,Ananya Shah,42.0,8,81750.64,3,1,1,5,Regular Customers
CUST04592,Karan Shah,65.0,6,81644.6,3,1,1,5,Regular Customers
CUST02899,Rohan Mehta,61.0,7,80728.1,3,1,1,5,Regular Customers
CUST02433,Isha Mhaske,49.0,6,76234.56,3,1,1,5,Regular Customers
CUST01732,Arjun Mehta,40.0,7,73567.95,3,1,1,5,Regular Customers
CUST04779,Arjun Verma,44.0,6,72783.28,3,1,1,5,Regular Customers
CUST01028,Meera Nair,61.0,5,67899.2,3,1,1,5,Regular Customers
CUST01497,Ananya Deshmukh,65.0,5,67698.92,3,1,1,5,Regular Customers
CUST00509,Aarav Gupta,41.0,7,65448.93,3,1,1,5,Regular Customers
CUST00119,Rahul Mhaske,42.0,6,65135.09,3,1,1,5,Regular Customers
CUST05361,Priya Nair,52.0,9,64611.34,3,1,1,5,Regular Customers
CUST05610,Pooja Mhaske,42.0,7,64508.07,3,1,1,5,Regular Customers
CUST05091,Sneha Kumar,38.0,6,64022.38,3,1,1,5,Regular Customers
CUST05667,Aditya Deshmukh,40.0,5,61782.68,3,1,1,5,Regular Customers
CUST02376,Isha Joshi,37.0,8,60998.41,3,1,1,5,Regular Customers
CUST04122,Sneha Singh,37.0,5,59979.6,3,1,1,5,Regular Customers
CUST01547,Priya Mehta,49.0,5,59490.5,3,1,1,5,Regular Customers
CUST03555,Aarav Mhaske,54.0,7,58964.01,3,1,1,5,Regular Customers
CUST00157,Ananya Mehta,50.0,5,58561.1,3,1,1,5,Regular Customers
CUST02761,Amit Patil,48.0,7,56560.36,3,1,1,5,Regular Customers
CUST04651,Karan Patil,48.0,8,53124.55,3,1,1,5,Regular Customers
CUST01498,Pooja Shah,40.0,7,52967.61,3,1,1,5,Regular Customers
CUST01457,Sneha Nair,60.0,7,51879.1,3,1,1,5,Regular Customers
CUST02389,Sneha Gupta,43.0,4,51206.51,3,1,1,5,Regular Customers
CUST03198,Isha Gupta,54.0,5,50455.27,3,1,1,5,Regular Customers
CUST03648,Neha Mhaske,40.0,5,43220.47,3,1,1,5,Regular Customers
CUST04713,Pooja Nair,65.0,6,37533.67,3,1,1,5,Regular Customers
CUST02732,Neha Joshi,42.0,7,31041.34,3,1,1,5,Regular Customers
CUST01391,Aarav Gupta,60.0,3,18419.3,3,1,1,5,Regular Customers
CUST01774,Meera Singh,385.0,4,195856.39,1,1,2,4,Lost / Low Value
CUST03798,Karan Patil,126.0,9,195428.34,1,1,2,4,Lost / Low Value
CUST05777,Sneha Joshi,212.0,7,193991.43,1,1,2,4,Lost / Low Value
CUST04271,Aditya Mehta,170.0,8,193630.71,1,1,2,4,Lost / Low Value
CUST03641,Priya Kumar,160.0,9,192295.01,1,1,2,4,Lost / Low Value
CUST02679,Meera Verma,252.0,8,192153.4,1,1,2,4,Lost / Low Value
CUST04386,Isha Nair,121.0,7,190231.59,1,1,2,4,Lost / Low Value
CUST04756,Neha Kumar,238.0,8,189258.75,1,1,2,4,Lost / Low Value
CUST01224,Aarav Joshi,250.0,7,189036.49,1,1,2,4,Lost / Low Value
CUST00994,Neha Joshi,242.0,9,188345.62,1,1,2,4,Lost / Low Value
CUST03520,Aarav Kumar,147.0,8,188087.85,1,1,2,4,Lost / Low Value
CUST00692,Rohan Gupta,141.0,9,187575.97,1,1,2,4,Lost / Low Value
CUST02623,Isha Verma,157.0,9,186963.5,1,1,2,4,Lost / Low Value
CUST05400,Vivaan Patil,127.0,9,185810.58,1,1,2,4,Lost / Low Value
CUST03956,Karan Mhaske,221.0,9,184800.56,1,1,2,4,Lost / Low Value
CUST00985,Meera Joshi,177.0,8,184672.65,1,1,2,4,Lost / Low Value
CUST03935,Aditya Kumar,180.0,9,184341.51,1,1,2,4,Lost / Low Value
CUST05340,Rahul Gupta,169.0,9,183985.64,1,1,2,4,Lost / Low Value
CUST00337,Vivaan Gupta,202.0,8,183238.69,1,1,2,4,Lost / Low Value
CUST04405,Meera Gupta,233.0,8,182925.09,1,1,2,4,Lost / Low Value
CUST05193,Arjun Patil,150.0,7,182656.35,1,1,2,4,Lost / Low Value
CUST00557,Neha Gupta,227.0,9,182481.22,1,1,2,4,Lost / Low Value
CUST02589,Meera Shah,223.0,8,182105.2,1,1,2,4,Lost / Low Value
CUST04819,Meera Kumar,149.0,9,182020.42,1,1,2,4,Lost / Low Value
CUST04119,Arjun Patil,228.0,8,181444.0,1,1,2,4,Lost / Low Value
CUST00308,Rahul Patil,140.0,8,181046.04,1,1,2,4,Lost / Low Value
CUST01522,Pooja Gupta,364.0,9,180264.0,1,1,2,4,Lost / Low Value
CUST00307,Amit Sharma,254.0,8,180050.5,1,1,2,4,Lost / Low Value
CUST05811,Aarav Kumar,120.0,8,179786.61,1,1,2,4,Lost / Low Value
CUST00986,Neha Singh,137.0,9,178712.53,1,1,2,4,Lost / Low Value
CUST01757,Arjun Joshi,239.0,9,178281.12,1,1,2,4,Lost / Low Value
CUST00172,Amit Verma,136.0,9,178138.52,1,1,2,4,Lost / Low Value
CUST01212,Aditya Mhaske,157.0,9,178029.82,1,1,2,4,Lost / Low Value
CUST04197,Rohan Nair,152.0,8,177699.23,1,1,2,4,Lost / Low Value
CUST04777,Karan Mehta,336.0,8,177381.94,1,1,2,4,Lost / Low Value
CUST02466,Kavya Joshi,228.0,8,177265.52,1,1,2,4,Lost / Low Value
CUST00571,Rohan Gupta,163.0,9,177135.97,1,1,2,4,Lost / Low Value
CUST00599,Kavya Joshi,181.0,8,177132.56,1,1,2,4,Lost / Low Value
CUST04524,Amit Mhaske,179.0,8,176882.32,1,1,2,4,Lost / Low Value
CUST05330,Arjun Mhaske,127.0,9,175450.04,1,1,2,4,Lost / Low Value
CUST05306,Priya Joshi,181.0,9,175444.54,1,1,2,4,Lost / Low Value
CUST02297,Arjun Sharma,399.0,9,175098.6,1,1,2,4,Lost / Low Value
CUST00333,Rahul Nair,122.0,8,174688.76,1,1,2,4,Lost / Low Value
CUST00951,Neha Gupta,302.0,9,174638.91,1,1,2,4,Lost / Low Value
CUST00640,Meera Singh,126.0,6,174253.7,1,1,2,4,Lost / Low Value
CUST02006,Rahul Gupta,137.0,9,174085.68,1,1,2,4,Lost / Low Value
CUST02472,Isha Patil,280.0,9,173763.16,1,1,2,4,Lost / Low Value
CUST03844,Rohan Sharma,421.0,9,173590.31,1,1,2,4,Lost / Low Value
CUST01628,Vivaan Sharma,171.0,8,173379.14,1,1,2,4,Lost / Low Value
CUST03522,Priya Kumar,231.0,8,173336.04,1,1,2,4,Lost / Low Value
CUST00542,Karan Sharma,345.0,9,172629.26,1,1,2,4,Lost / Low Value
CUST03638,Rohan Kumar,200.0,7,172089.41,1,1,2,4,Lost / Low Value
CUST01455,Meera Gupta,154.0,8,171856.38,1,1,2,4,Lost / Low Value
CUST04236,Isha Mehta,122.0,8,171452.76,1,1,2,4,Lost / Low Value
CUST02153,Kavya Singh,176.0,9,171386.34,1,1,2,4,Lost / Low Value
CUST03113,Karan Joshi,204.0,8,170932.67,1,1,2,4,Lost / Low Value
CUST04084,Aditya Mhaske,129.0,8,170497.51,1,1,2,4,Lost / Low Value
CUST05958,Arjun Shah,134.0,9,170399.68,1,1,2,4,Lost / Low Value
CUST02948,Aarav Shah,622.0,8,170017.9,1,1,2,4,Lost / Low Value
CUST05331,Amit Sharma,186.0,9,169979.5,1,1,2,4,Lost / Low Value
CUST02698,Karan Kumar,193.0,9,168195.89,1,1,2,4,Lost / Low Value
CUST03849,Isha Singh,142.0,9,167405.35,1,1,2,4,Lost / Low Value
CUST04822,Ananya Patil,252.0,9,167381.48,1,1,2,4,Lost / Low Value
CUST04869,Amit Shah,187.0,9,167159.57,1,1,2,4,Lost / Low Value
CUST01086,Arjun Mhaske,327.0,8,166930.75,1,1,2,4,Lost / Low Value
CUST05084,Aditya Singh,174.0,9,166028.63,1,1,2,4,Lost / Low Value
CUST03530,Amit Verma,131.0,8,165822.19,1,1,2,4,Lost / Low Value
CUST04480,Amit Patil,245.0,7,165723.18,1,1,2,4,Lost / Low Value
CUST05680,Rohan Mehta,121.0,7,165489.8,1,1,2,4,Lost / Low Value
CUST04301,Arjun Patil,216.0,6,165036.96,1,1,2,4,Lost / Low Value
CUST01848,Karan Sharma,166.0,8,164897.51,1,1,2,4,Lost / Low Value
CUST02273,Sneha Deshmukh,345.0,9,164776.71,1,1,2,4,Lost / Low Value
CUST04407,Rahul Mhaske,259.0,9,164477.53,1,1,2,4,Lost / Low Value
CUST04555,Aditya Singh,333.0,9,164233.82,1,1,2,4,Lost / Low Value
CUST01976,Rohan Gupta,218.0,8,163068.99,1,1,2,4,Lost / Low Value
CUST00391,Aarav Verma,214.0,6,162955.06,1,1,2,4,Lost / Low Value
CUST00425,Arjun Verma,381.0,7,162904.96,1,1,2,4,Lost / Low Value
CUST02294,Priya Mehta,219.0,7,162876.44,1,1,2,4,Lost / Low Value
CUST02475,Sneha Mehta,185.0,6,162802.78,1,1,2,4,Lost / Low Value
CUST01920,Aarav Patil,161.0,9,162699.13,1,1,2,4,Lost / Low Value
CUST01041,Aditya Mehta,132.0,9,162603.86,1,1,2,4,Lost / Low Value
CUST05025,Pooja Nair,216.0,7,162233.3,1,1,2,4,Lost / Low Value
CUST05644,Meera Mhaske,139.0,6,161983.56,1,1,2,4,Lost / Low Value
CUST01070,Sneha Kumar,182.0,8,161802.81,1,1,2,4,Lost / Low Value
CUST01010,Karan Joshi,446.0,9,161537.79,1,1,2,4,Lost / Low Value
CUST01322,Aditya Singh,231.0,6,161408.19,1,1,2,4,Lost / Low Value
CUST00892,Arjun Nair,238.0,8,161333.34,1,1,2,4,Lost / Low Value
CUST04225,Priya Verma,190.0,9,161197.6,1,1,2,4,Lost / Low Value
CUST04992,Rohan Shah,219.0,9,160808.28,1,1,2,4,Lost / Low Value
CUST02464,Kavya Gupta,161.0,9,160064.55,1,1,2,4,Lost / Low Value
CUST01629,Arjun Gupta,132.0,4,159944.74,1,1,2,4,Lost / Low Value
CUST01167,Arjun Kumar,202.0,5,159287.19,1,1,2,4,Lost / Low Value
CUST04800,Vivaan Patil,235.0,8,159239.96,1,1,2,4,Lost / Low Value
CUST05742,Pooja Joshi,289.0,9,158354.19,1,1,2,4,Lost / Low Value
CUST03368,Aditya Verma,158.0,9,158272.42,1,1,2,4,Lost / Low Value
CUST00815,Aarav Kumar,177.0,7,157561.39,1,1,2,4,Lost / Low Value
CUST01944,Arjun Nair,237.0,8,157252.62,1,1,2,4,Lost / Low Value
CUST01157,Aditya Mehta,155.0,9,157070.69,1,1,2,4,Lost / Low Value
CUST05936,Amit Deshmukh,223.0,8,156921.47,1,1,2,4,Lost / Low Value
CUST04299,Rohan Kumar,246.0,9,156916.32,1,1,2,4,Lost / Low Value
CUST05054,Kavya Sharma,228.0,9,156233.25,1,1,2,4,Lost / Low Value
CUST00422,Aditya Gupta,179.0,9,155758.13,1,1,2,4,Lost / Low Value
CUST02110,Meera Verma,208.0,8,155726.45,1,1,2,4,Lost / Low Value
CUST02243,Meera Kumar,128.0,6,155639.21,1,1,2,4,Lost / Low Value
CUST04479,Rohan Deshmukh,261.0,9,154920.18,1,1,2,4,Lost / Low Value
CUST03367,Arjun Kumar,250.0,9,154831.3,1,1,2,4,Lost / Low Value
CUST04783,Vivaan Patil,143.0,9,153452.65,1,1,2,4,Lost / Low Value
CUST00104,Meera Joshi,183.0,5,153412.23,1,1,2,4,Lost / Low Value
CUST03081,Rohan Deshmukh,127.0,8,152145.46,1,1,2,4,Lost / Low Value
CUST05627,Neha Deshmukh,137.0,9,152081.67,1,1,2,4,Lost / Low Value
CUST00744,Kavya Verma,261.0,7,151953.82,1,1,2,4,Lost / Low Value
CUST01005,Aarav Deshmukh,190.0,7,151952.53,1,1,2,4,Lost / Low Value
CUST04695,Pooja Mehta,123.0,8,151611.21,1,1,2,4,Lost / Low Value
CUST05056,Rohan Joshi,188.0,7,151422.63,1,1,2,4,Lost / Low Value
CUST04860,Meera Patil,198.0,6,151402.47,1,1,2,4,Lost / Low Value
CUST01846,Rahul Verma,204.0,9,151376.71,1,1,2,4,Lost / Low Value
CUST03586,Kavya Gupta,133.0,9,151002.98,1,1,2,4,Lost / Low Value
CUST02616,Arjun Sharma,277.0,9,150925.48,1,1,2,4,Lost / Low Value
CUST02990,Aditya Gupta,185.0,7,150805.07,1,1,2,4,Lost / Low Value
CUST01566,Kavya Joshi,99.0,8,149914.51,2,1,1,4,Lost / Low Value
CUST04503,Priya Kumar,288.0,10,149481.27,1,2,1,4,Lost / Low Value
CUST00588,Aditya Shah,139.0,10,149325.07,1,2,1,4,Lost / Low Value
CUST02197,Aarav Deshmukh,155.0,11,149088.03,1,2,1,4,Lost / Low Value
CUST01539,Neha Mhaske,72.0,9,148770.73,2,1,1,4,Lost / Low Value
CUST01922,Priya Sharma,209.0,11,148702.53,1,2,1,4,Lost / Low Value
CUST05339,Arjun Joshi,105.0,6,148472.26,2,1,1,4,Lost / Low Value
CUST03277,Aditya Gupta,153.0,10,148276.67,1,2,1,4,Lost / Low Value
CUST01152,Aditya Shah,139.0,10,147892.07,1,2,1,4,Lost / Low Value
CUST01146,Kavya Singh,196.0,10,147430.28,1,2,1,4,Lost / Low Value
CUST00283,Arjun Kumar,120.0,11,147173.27,1,2,1,4,Lost / Low Value
CUST05486,Priya Mehta,99.0,8,147084.0,2,1,1,4,Lost / Low Value
CUST05650,Pooja Kumar,80.0,9,147017.08,2,1,1,4,Lost / Low Value
CUST01337,Aarav Kumar,119.0,9,146953.41,2,1,1,4,Lost / Low Value
CUST04263,Karan Gupta,168.0,10,146609.91,1,2,1,4,Lost / Low Value
CUST05874,Aditya Deshmukh,68.0,8,146404.33,2,1,1,4,Lost / Low Value
CUST02107,Sneha Mhaske,129.0,11,146289.73,1,2,1,4,Lost / Low Value
CUST00897,Vivaan Joshi,163.0,10,146246.65,1,2,1,4,Lost / Low Value
CUST04939,Pooja Deshmukh,90.0,9,146073.01,2,1,1,4,Lost / Low Value
CUST03608,Priya Gupta,254.0,11,146038.18,1,2,1,4,Lost / Low Value
CUST05107,Arjun Sharma,185.0,10,145302.95,1,2,1,4,Lost / Low Value
CUST05225,Karan Joshi,70.0,9,144990.09,2,1,1,4,Lost / Low Value
CUST00694,Ananya Patil,178.0,11,144531.21,1,2,1,4,Lost / Low Value
CUST05669,Amit Kumar,194.0,11,144347.22,1,2,1,4,Lost / Low Value
CUST04785,Pooja Sharma,114.0,7,144342.39,2,1,1,4,Lost / Low Value
CUST03932,Kavya Mhaske,110.0,7,144311.65,2,1,1,4,Lost / Low Value
CUST01572,Neha Nair,93.0,9,144296.94,2,1,1,4,Lost / Low Value
CUST00379,Sneha Mehta,215.0,10,143493.48,1,2,1,4,Lost / Low Value
CUST05041,Vivaan Deshmukh,83.0,8,143306.85,2,1,1,4,Lost / Low Value
CUST03741,Arjun Gupta,130.0,10,142861.8,1,2,1,4,Lost / Low Value
CUST05088,Priya Gupta,219.0,11,142816.67,1,2,1,4,Lost / Low Value
CUST04482,Ananya Deshmukh,244.0,10,142503.74,1,2,1,4,Lost / Low Value
CUST03057,Rahul Mehta,88.0,8,142193.19,2,1,1,4,Lost / Low Value
CUST05485,Rohan Gupta,195.0,10,141649.22,1,2,1,4,Lost / Low Value
CUST01993,Vivaan Deshmukh,86.0,9,141571.84,2,1,1,4,Lost / Low Value
CUST00808,Ananya Joshi,85.0,9,141249.68,2,1,1,4,Lost / Low Value
CUST02678,Kavya Verma,290.0,10,139802.35,1,2,1,4,Lost / Low Value
CUST03384,Priya Mehta,71.0,7,139470.57,2,1,1,4,Lost / Low Value
CUST00151,Aditya Nair,160.0,10,139391.1,1,2,1,4,Lost / Low Value
CUST03855,Aarav Joshi,93.0,8,139135.83,2,1,1,4,Lost / Low Value
CUST01223,Ananya Patil,258.0,10,138992.77,1,2,1,4,Lost / Low Value
CUST00801,Isha Gupta,163.0,10,138906.71,1,2,1,4,Lost / Low Value
CUST04672,Vivaan Mehta,80.0,6,138723.27,2,1,1,4,Lost / Low Value
CUST04746,Kavya Nair,160.0,11,138715.76,1,2,1,4,Lost / Low Value
CUST00726,Isha Mhaske,105.0,7,138707.48,2,1,1,4,Lost / Low Value
CUST05058,Meera Kumar,83.0,9,138641.22,2,1,1,4,Lost / Low Value
CUST03064,Aarav Kumar,96.0,9,138524.77,2,1,1,4,Lost / Low Value
CUST01585,Sneha Singh,114.0,8,138337.02,2,1,1,4,Lost / Low Value
CUST00100,Karan Verma,81.0,9,138132.19,2,1,1,4,Lost / Low Value
CUST03630,Karan Verma,164.0,10,137710.91,1,2,1,4,Lost / Low Value
CUST03624,Ananya Singh,79.0,7,137088.54,2,1,1,4,Lost / Low Value
CUST01645,Vivaan Deshmukh,115.0,6,135949.12,2,1,1,4,Lost / Low Value
CUST00835,Aditya Deshmukh,78.0,9,135767.54,2,1,1,4,Lost / Low Value
CUST00375,Aarav Shah,222.0,10,135525.0,1,2,1,4,Lost / Low Value
CUST04767,Amit Shah,169.0,10,135334.1,1,2,1,4,Lost / Low Value
CUST01731,Pooja Deshmukh,96.0,6,135228.14,2,1,1,4,Lost / Low Value
CUST02220,Meera Mehta,67.0,8,134884.27,2,1,1,4,Lost / Low Value
CUST03565,Aditya Shah,191.0,11,134848.84,1,2,1,4,Lost / Low Value
CUST05755,Sneha Mhaske,161.0,11,134712.04,1,2,1,4,Lost / Low Value
CUST03201,Rohan Sharma,187.0,11,134607.59,1,2,1,4,Lost / Low Value
CUST02250,Karan Patil,79.0,7,134342.58,2,1,1,4,Lost / Low Value
CUST05181,Rohan Gupta,200.0,10,134153.67,1,2,1,4,Lost / Low Value
CUST03719,Aarav Singh,290.0,11,133927.63,1,2,1,4,Lost / Low Value
CUST01543,Pooja Sharma,84.0,6,133664.68,2,1,1,4,Lost / Low Value
CUST05761,Vivaan Singh,88.0,6,132354.78,2,1,1,4,Lost / Low Value
CUST01980,Neha Deshmukh,74.0,8,132107.78,2,1,1,4,Lost / Low Value
CUST04657,Vivaan Singh,74.0,8,132069.02,2,1,1,4,Lost / Low Value
CUST03323,Ananya Sharma,130.0,10,131553.02,1,2,1,4,Lost / Low Value
CUST03519,Priya Deshmukh,118.0,8,131405.8,2,1,1,4,Lost / Low Value
CUST05557,Kavya Shah,71.0,7,131220.91,2,1,1,4,Lost / Low Value
CUST05332,Meera Singh,336.0,10,131162.1,1,2,1,4,Lost / Low Value
CUST05534,Priya Shah,261.0,11,130726.51,1,2,1,4,Lost / Low Value
CUST03609,Rahul Joshi,118.0,7,130688.09,2,1,1,4,Lost / Low Value
CUST01847,Karan Patil,109.0,9,130526.54,2,1,1,4,Lost / Low Value
CUST00891,Rohan Nair,339.0,10,130347.02,1,2,1,4,Lost / Low Value
CUST03127,Kavya Deshmukh,105.0,7,130282.0,2,1,1,4,Lost / Low Value
CUST04466,Aarav Gupta,90.0,7,130113.91,2,1,1,4,Lost / Low Value
CUST03824,Karan Kumar,94.0,6,129746.03,2,1,1,4,Lost / Low Value
CUST03508,Aditya Patil,201.0,10,129198.25,1,2,1,4,Lost / Low Value
CUST05397,Aarav Deshmukh,217.0,10,129059.87,1,2,1,4,Lost / Low Value
CUST01266,Isha Singh,79.0,8,127793.83,2,1,1,4,Lost / Low Value
CUST00273,Rohan Shah,110.0,9,127450.35,2,1,1,4,Lost / Low Value
CUST00829,Rahul Nair,80.0,8,127444.22,2,1,1,4,Lost / Low Value
CUST03981,Karan Nair,71.0,8,127294.1,2,1,1,4,Lost / Low Value
CUST01026,Kavya Verma,162.0,10,127177.05,1,2,1,4,Lost / Low Value
CUST05873,Sneha Kumar,247.0,10,126892.15,1,2,1,4,Lost / Low Value
CUST05255,Meera Patil,106.0,8,126817.04,2,1,1,4,Lost / Low Value
CUST03621,Neha Mehta,328.0,11,126215.28,1,2,1,4,Lost / Low Value
CUST02401,Aarav Patil,82.0,8,126126.39,2,1,1,4,Lost / Low Value
CUST01379,Aarav Nair,75.0,8,125697.73,2,1,1,4,Lost / Low Value
CUST00730,Sneha Gupta,104.0,4,124808.48,2,1,1,4,Lost / Low Value
CUST04031,Kavya Nair,197.0,11,124722.17,1,2,1,4,Lost / Low Value
CUST03176,Neha Joshi,130.0,10,124174.93,1,2,1,4,Lost / Low Value
CUST01887,Aditya Kumar,220.0,10,124090.0,1,2,1,4,Lost / Low Value
CUST05831,Rahul Nair,202.0,11,123861.71,1,2,1,4,Lost / Low Value
CUST05816,Karan Kumar,142.0,10,123420.48,1,2,1,4,Lost / Low Value
CUST01806,Isha Gupta,93.0,7,123272.8,2,1,1,4,Lost / Low Value
CUST02397,Neha Patil,97.0,7,123090.95,2,1,1,4,Lost / Low Value
CUST00653,Priya Deshmukh,74.0,9,123084.08,2,1,1,4,Lost / Low Value
CUST05851,Priya Singh,337.0,10,122493.02,1,2,1,4,Lost / Low Value
CUST01411,Kavya Deshmukh,134.0,10,121985.11,1,2,1,4,Lost / Low Value
CUST00917,Neha Shah,196.0,11,121363.49,1,2,1,4,Lost / Low Value
CUST02883,Aditya Deshmukh,158.0,11,121345.29,1,2,1,4,Lost / Low Value
CUST05002,Kavya Joshi,71.0,7,121150.55,2,1,1,4,Lost / Low Value
CUST01505,Rohan Shah,145.0,10,121048.06,1,2,1,4,Lost / Low Value
CUST02919,Vivaan Sharma,110.0,8,121035.27,2,1,1,4,Lost / Low Value
CUST05753,Karan Sharma,119.0,9,120170.3,2,1,1,4,Lost / Low Value
CUST00416,Aarav Deshmukh,85.0,8,120112.86,2,1,1,4,Lost / Low Value
CUST04640,Vivaan Sharma,107.0,7,119729.28,2,1,1,4,Lost / Low Value
CUST04965,Pooja Verma,74.0,9,119638.09,2,1,1,4,Lost / Low Value
CUST00421,Pooja Kumar,116.0,9,119055.84,2,1,1,4,Lost / Low Value
CUST03044,Rohan Sharma,86.0,8,118806.78,2,1,1,4,Lost / Low Value
CUST00066,Rahul Sharma,215.0,10,118486.05,1,2,1,4,Lost / Low Value
CUST00839,Ananya Sharma,145.0,10,118026.93,1,2,1,4,Lost / Low Value
CUST04380,Meera Singh,133.0,11,117880.29,1,2,1,4,Lost / Low Value
CUST00956,Arjun Patil,286.0,10,117815.06,1,2,1,4,Lost / Low Value
CUST01487,Aditya Joshi,119.0,5,117482.21,2,1,1,4,Lost / Low Value
CUST00258,Karan Verma,245.0,10,117241.9,1,2,1,4,Lost / Low Value
CUST02149,Isha Gupta,160.0,10,117240.81,1,2,1,4,Lost / Low Value
CUST02961,Karan Sharma,80.0,5,117175.37,2,1,1,4,Lost / Low Value
CUST05950,Aditya Singh,112.0,8,116205.64,2,1,1,4,Lost / Low Value
CUST03881,Priya Nair,80.0,8,115968.18,2,1,1,4,Lost / Low Value
CUST00321,Isha Gupta,73.0,8,115811.8,2,1,1,4,Lost / Low Value
CUST01925,Isha Verma,97.0,9,115791.52,2,1,1,4,Lost / Low Value
CUST01043,Arjun Verma,187.0,11,115636.91,1,2,1,4,Lost / Low Value
CUST01346,Isha Joshi,77.0,8,115481.93,2,1,1,4,Lost / Low Value
CUST04156,Ananya Verma,144.0,11,115479.91,1,2,1,4,Lost / Low Value
CUST02145,Rahul Shah,131.0,10,115035.1,1,2,1,4,Lost / Low Value
CUST03659,Amit Verma,97.0,6,114359.3,2,1,1,4,Lost / Low Value
CUST04543,Sneha Mhaske,77.0,8,114078.64,2,1,1,4,Lost / Low Value
CUST03092,Aditya Mhaske,107.0,8,113775.46,2,1,1,4,Lost / Low Value
CUST03967,Neha Mhaske,141.0,11,113381.63,1,2,1,4,Lost / Low Value
CUST00953,Arjun Sharma,77.0,7,113329.2,2,1,1,4,Lost / Low Value
CUST04027,Priya Sharma,90.0,8,112715.75,2,1,1,4,Lost / Low Value
CUST05106,Sneha Nair,182.0,11,112356.49,1,2,1,4,Lost / Low Value
CUST05935,Kavya Mhaske,165.0,10,112230.51,1,2,1,4,Lost / Low Value
CUST02815,Karan Verma,78.0,7,112107.5,2,1,1,4,Lost / Low Value
CUST00896,Rohan Mhaske,274.0,10,111524.96,1,2,1,4,Lost / Low Value
CUST05409,Aditya Shah,71.0,7,111489.51,2,1,1,4,Lost / Low Value
CUST03747,Vivaan Singh,108.0,7,111040.75,2,1,1,4,Lost / Low Value
CUST04248,Priya Sharma,108.0,9,110848.38,2,1,1,4,Lost / Low Value
CUST04356,Aarav Sharma,116.0,8,108782.34,2,1,1,4,Lost / Low Value
CUST05953,Meera Verma,95.0,5,108542.82,2,1,1,4,Lost / Low Value
CUST02625,Aarav Joshi,147.0,10,108322.67,1,2,1,4,Lost / Low Value
CUST00691,Ananya Joshi,80.0,7,108161.24,2,1,1,4,Lost / Low Value
CUST01057,Priya Shah,90.0,7,108062.7,2,1,1,4,Lost / Low Value
CUST02687,Pooja Joshi,112.0,6,107832.27,2,1,1,4,Lost / Low Value
CUST04151,Vivaan Mehta,117.0,9,107417.17,2,1,1,4,Lost / Low Value
CUST01341,Vivaan Joshi,80.0,9,105783.74,2,1,1,4,Lost / Low Value
CUST03910,Pooja Mhaske,83.0,9,105467.48,2,1,1,4,Lost / Low Value
CUST02795,Sneha Shah,136.0,10,104608.66,1,2,1,4,Lost / Low Value
CUST00964,Karan Patil,96.0,5,104206.09,2,1,1,4,Lost / Low Value
CUST02452,Pooja Joshi,120.0,10,103619.9,1,2,1,4,Lost / Low Value
CUST05863,Rohan Nair,97.0,9,103472.77,2,1,1,4,Lost / Low Value
CUST02718,Amit Patil,176.0,11,102625.93,1,2,1,4,Lost / Low Value
CUST05555,Arjun Patil,91.0,9,101956.64,2,1,1,4,Lost / Low Value
CUST00519,Karan Kumar,83.0,7,101904.55,2,1,1,4,Lost / Low Value
CUST03673,Rahul Deshmukh,99.0,8,101786.43,2,1,1,4,Lost / Low Value
CUST03909,Neha Kumar,319.0,11,101677.69,1,2,1,4,Lost / Low Value
CUST03726,Arjun Joshi,75.0,9,101135.88,2,1,1,4,Lost / Low Value
CUST05048,Ananya Gupta,163.0,11,101007.56,1,2,1,4,Lost / Low Value
CUST03105,Meera Gupta,118.0,8,100399.13,2,1,1,4,Lost / Low Value
CUST03089,Karan Mehta,79.0,9,100340.4,2,1,1,4,Lost / Low Value
CUST02426,Pooja Kumar,147.0,11,100209.14,1,2,1,4,Lost / Low Value
CUST05129,Vivaan Kumar,396.0,10,99264.42,1,2,1,4,Lost / Low Value
CUST00942,Ananya Kumar,95.0,9,99163.62,2,1,1,4,Lost / Low Value
CUST01812,Pooja Gupta,84.0,7,98649.91,2,1,1,4,Lost / Low Value
CUST04134,Kavya Mhaske,103.0,8,98290.2,2,1,1,4,Lost / Low Value
CUST02019,Ananya Singh,181.0,11,98070.61,1,2,1,4,Lost / Low Value
CUST02715,Meera Kumar,73.0,8,96341.35,2,1,1,4,Lost / Low Value
CUST03950,Pooja Verma,101.0,8,96264.36,2,1,1,4,Lost / Low Value
CUST01999,Amit Verma,154.0,10,96178.26,1,2,1,4,Lost / Low Value
CUST04339,Rohan Gupta,240.0,10,96067.86,1,2,1,4,Lost / Low Value
CUST04677,Aarav Patil,112.0,8,95300.7,2,1,1,4,Lost / Low Value
CUST01786,Amit Sharma,132.0,10,95293.43,1,2,1,4,Lost / Low Value
CUST03490,Amit Sharma,88.0,7,95289.27,2,1,1,4,Lost / Low Value
CUST05357,Kavya Sharma,80.0,8,94239.88,2,1,1,4,Lost / Low Value
CUST03341,Vivaan Mehta,73.0,5,93192.65,2,1,1,4,Lost / Low Value
CUST01573,Rohan Nair,76.0,5,93104.64,2,1,1,4,Lost / Low Value
CUST01970,Isha Mehta,102.0,8,93000.44,2,1,1,4,Lost / Low Value
CUST04768,Ananya Joshi,88.0,7,92932.46,2,1,1,4,Lost / Low Value
CUST01105,Aditya Verma,85.0,8,92892.5,2,1,1,4,Lost / Low Value
CUST00775,Isha Joshi,82.0,9,92773.79,2,1,1,4,Lost / Low Value
CUST05192,Ananya Verma,95.0,8,92763.52,2,1,1,4,Lost / Low Value
CUST00204,Rohan Singh,112.0,6,92069.63,2,1,1,4,Lost / Low Value
CUST04049,Aditya Gupta,170.0,10,90131.8,1,2,1,4,Lost / Low Value
CUST00574,Aditya Patil,91.0,6,90128.9,2,1,1,4,Lost / Low Value
CUST02609,Aditya Verma,87.0,8,89989.95,2,1,1,4,Lost / Low Value
CUST03510,Rohan Sharma,66.0,6,89439.41,2,1,1,4,Lost / Low Value
CUST05910,Ananya Gupta,101.0,8,88356.45,2,1,1,4,Lost / Low Value
CUST00256,Rahul Gupta,85.0,7,88300.19,2,1,1,4,Lost / Low Value
CUST01329,Ananya Verma,86.0,6,87789.79,2,1,1,4,Lost / Low Value
CUST04092,Sneha Shah,105.0,4,86691.75,2,1,1,4,Lost / Low Value
CUST04707,Sneha Sharma,150.0,10,86656.01,1,2,1,4,Lost / Low Value
CUST00810,Rahul Mhaske,70.0,9,86537.42,2,1,1,4,Lost / Low Value
CUST05399,Isha Sharma,112.0,7,85764.22,2,1,1,4,Lost / Low Value
CUST04980,Sneha Sharma,103.0,5,84902.43,2,1,1,4,Lost / Low Value
CUST02910,Aditya Gupta,91.0,9,84364.12,2,1,1,4,Lost / Low Value
CUST03460,Vivaan Deshmukh,68.0,8,84046.46,2,1,1,4,Lost / Low Value
CUST04303,Meera Mehta,103.0,9,83974.5,2,1,1,4,Lost / Low Value
CUST00243,Karan Nair,69.0,7,81917.3,2,1,1,4,Lost / Low Value
CUST05175,Kavya Verma,109.0,8,81516.51,2,1,1,4,Lost / Low Value
CUST03742,Neha Singh,83.0,8,81016.58,2,1,1,4,Lost / Low Value
CUST03965,Aditya Singh,93.0,6,80343.27,2,1,1,4,Lost / Low Value
CUST04873,Karan Mhaske,94.0,8,80030.85,2,1,1,4,Lost / Low Value
CUST00711,Kavya Joshi,80.0,8,79828.86,2,1,1,4,Lost / Low Value
CUST00390,Priya Verma,103.0,8,79599.35,2,1,1,4,Lost / Low Value
CUST01085,Rahul Deshmukh,111.0,7,79598.77,2,1,1,4,Lost / Low Value
CUST05638,Aarav Gupta,152.0,10,79136.49,1,2,1,4,Lost / Low Value
CUST01895,Aarav Mehta,66.0,7,78287.19,2,1,1,4,Lost / Low Value
CUST05618,Kavya Verma,69.0,8,77926.5,2,1,1,4,Lost / Low Value
CUST03415,Priya Mhaske,87.0,8,77902.38,2,1,1,4,Lost / Low Value
CUST04532,Meera Verma,67.0,5,76359.43,2,1,1,4,Lost / Low Value
CUST00324,Amit Patil,68.0,8,75805.0,2,1,1,4,Lost / Low Value
CUST00181,Meera Shah,93.0,5,75520.93,2,1,1,4,Lost / Low Value
CUST03692,Meera Deshmukh,89.0,7,75475.88,2,1,1,4,Lost / Low Value
CUST04538,Aditya Shah,86.0,8,73678.64,2,1,1,4,Lost / Low Value
CUST03391,Neha Joshi,109.0,7,73285.22,2,1,1,4,Lost / Low Value
CUST05145,Amit Gupta,74.0,7,72680.75,2,1,1,4,Lost / Low Value
CUST00995,Aditya Deshmukh,115.0,6,72536.74,2,1,1,4,Lost / Low Value
CUST02251,Aarav Patil,97.0,7,69238.3,2,1,1,4,Lost / Low Value
CUST04222,Arjun Singh,96.0,8,63788.58,2,1,1,4,Lost / Low Value
CUST02717,Arjun Kumar,68.0,6,63009.14,2,1,1,4,Lost / Low Value
CUST01283,Arjun Patil,81.0,5,60630.89,2,1,1,4,Lost / Low Value
CUST02915,Ananya Mehta,79.0,9,59727.76,2,1,1,4,Lost / Low Value
CUST01600,Rohan Mhaske,113.0,7,58720.57,2,1,1,4,Lost / Low Value
CUST05686,Neha Nair,108.0,9,58461.63,2,1,1,4,Lost / Low Value
CUST04505,Meera Sharma,82.0,6,56422.23,2,1,1,4,Lost / Low Value
CUST05336,Priya Joshi,170.0,11,55906.91,1,2,1,4,Lost / Low Value
CUST03810,Pooja Patil,87.0,5,50290.81,2,1,1,4,Lost / Low Value
CUST03703,Pooja Nair,106.0,4,44018.22,2,1,1,4,Lost / Low Value
CUST00798,Sneha Gupta,73.0,7,42500.84,2,1,1,4,Lost / Low Value
CUST01570,Aarav Sharma,95.0,4,35421.36,2,1,1,4,Lost / Low Value
CUST05075,Sneha Joshi,78.0,4,25491.51,2,1,1,4,Lost / Low Value
CUST01279,Kavya Verma,173.0,6,149486.15,1,1,1,3,Lost / Low Value
CUST04234,Rahul Kumar,238.0,9,149119.69,1,1,1,3,Lost / Low Value
CUST02968,Sneha Patil,165.0,9,148882.41,1,1,1,3,Lost / Low Value
CUST02959,Neha Mehta,248.0,6,148721.66,1,1,1,3,Lost / Low Value
CUST02215,Pooja Patil,205.0,9,148505.26,1,1,1,3,Lost / Low Value
CUST04366,Sneha Verma,159.0,8,147748.71,1,1,1,3,Lost / Low Value
CUST02844,Aarav Shah,140.0,7,147565.58,1,1,1,3,Lost / Low Value
CUST03321,Aarav Singh,168.0,9,147261.09,1,1,1,3,Lost / Low Value
CUST05794,Amit Deshmukh,128.0,9,147098.48,1,1,1,3,Lost / Low Value
CUST03431,Sneha Mhaske,245.0,9,146447.49,1,1,1,3,Lost / Low Value
CUST03578,Isha Shah,341.0,8,146230.47,1,1,1,3,Lost / Low Value
CUST05653,Aarav Verma,161.0,9,145860.12,1,1,1,3,Lost / Low Value
CUST05171,Karan Mhaske,136.0,6,145764.04,1,1,1,3,Lost / Low Value
CUST02244,Priya Shah,200.0,9,144092.59,1,1,1,3,Lost / Low Value
CUST01255,Neha Mhaske,328.0,7,144081.86,1,1,1,3,Lost / Low Value
CUST01109,Aarav Mhaske,203.0,8,143831.75,1,1,1,3,Lost / Low Value
CUST01942,Pooja Nair,164.0,9,143394.59,1,1,1,3,Lost / Low Value
CUST03766,Isha Shah,232.0,9,143299.14,1,1,1,3,Lost / Low Value
CUST04297,Pooja Deshmukh,248.0,9,142792.38,1,1,1,3,Lost / Low Value
CUST05449,Priya Joshi,132.0,7,141890.33,1,1,1,3,Lost / Low Value
CUST01961,Karan Verma,174.0,9,141626.28,1,1,1,3,Lost / Low Value
CUST00530,Kavya Sharma,323.0,7,141214.14,1,1,1,3,Lost / Low Value
CUST05170,Aditya Kumar,342.0,6,140983.68,1,1,1,3,Lost / Low Value
CUST01030,Vivaan Shah,152.0,9,140546.76,1,1,1,3,Lost / Low Value
CUST03229,Pooja Sharma,176.0,8,140451.94,1,1,1,3,Lost / Low Value
CUST02023,Amit Deshmukh,126.0,7,140059.21,1,1,1,3,Lost / Low Value
CUST01534,Rohan Shah,254.0,9,138409.46,1,1,1,3,Lost / Low Value
CUST05596,Amit Sharma,144.0,9,138162.23,1,1,1,3,Lost / Low Value
CUST04766,Aarav Mhaske,168.0,5,138074.41,1,1,1,3,Lost / Low Value
CUST00309,Meera Singh,159.0,8,136662.18,1,1,1,3,Lost / Low Value
CUST04729,Pooja Shah,418.0,9,136587.65,1,1,1,3,Lost / Low Value
CUST01866,Neha Kumar,122.0,8,136080.04,1,1,1,3,Lost / Low Value
CUST05544,Amit Sharma,177.0,9,135952.77,1,1,1,3,Lost / Low Value
CUST01555,Isha Singh,191.0,8,135028.92,1,1,1,3,Lost / Low Value
CUST03762,Vivaan Nair,267.0,8,134848.35,1,1,1,3,Lost / Low Value
CUST00135,Priya Gupta,229.0,8,134817.65,1,1,1,3,Lost / Low Value
CUST05545,Kavya Mhaske,250.0,9,134765.74,1,1,1,3,Lost / Low Value
CUST00508,Vivaan Patil,247.0,7,134516.22,1,1,1,3,Lost / Low Value
CUST00347,Kavya Mhaske,151.0,9,134228.65,1,1,1,3,Lost / Low Value
CUST02105,Amit Sharma,164.0,8,134220.23,1,1,1,3,Lost / Low Value
CUST01473,Vivaan Shah,226.0,8,134160.35,1,1,1,3,Lost / Low Value
CUST04059,Karan Deshmukh,282.0,9,134142.24,1,1,1,3,Lost / Low Value
CUST04093,Isha Nair,178.0,9,132772.15,1,1,1,3,Lost / Low Value
CUST03757,Arjun Joshi,154.0,7,132216.51,1,1,1,3,Lost / Low Value
CUST01344,Amit Shah,147.0,8,131103.27,1,1,1,3,Lost / Low Value
CUST00296,Rahul Singh,143.0,7,130673.56,1,1,1,3,Lost / Low Value
CUST01216,Pooja Joshi,153.0,6,130280.48,1,1,1,3,Lost / Low Value
CUST04949,Meera Sharma,177.0,7,130150.93,1,1,1,3,Lost / Low Value
CUST05796,Karan Mehta,152.0,8,129958.33,1,1,1,3,Lost / Low Value
CUST04103,Pooja Mhaske,125.0,6,129709.88,1,1,1,3,Lost / Low Value
CUST04384,Kavya Verma,205.0,9,129209.77,1,1,1,3,Lost / Low Value
CUST02032,Aarav Joshi,131.0,9,129153.09,1,1,1,3,Lost / Low Value
CUST01840,Aditya Gupta,236.0,9,129037.07,1,1,1,3,Lost / Low Value
CUST01003,Rohan Gupta,196.0,7,128711.44,1,1,1,3,Lost / Low Value
CUST03010,Karan Sharma,133.0,8,127448.96,1,1,1,3,Lost / Low Value
CUST03066,Priya Mehta,201.0,6,127339.92,1,1,1,3,Lost / Low Value
CUST01413,Sneha Verma,196.0,7,126986.35,1,1,1,3,Lost / Low Value
CUST03978,Ananya Deshmukh,405.0,5,126919.6,1,1,1,3,Lost / Low Value
CUST05393,Karan Sharma,179.0,9,126490.97,1,1,1,3,Lost / Low Value
CUST03498,Priya Gupta,316.0,9,126416.86,1,1,1,3,Lost / Low Value
CUST03933,Aarav Singh,191.0,9,124433.34,1,1,1,3,Lost / Low Value
CUST02140,Priya Nair,199.0,8,123345.21,1,1,1,3,Lost / Low Value
CUST05812,Vivaan Nair,263.0,9,123236.67,1,1,1,3,Lost / Low Value
CUST01174,Rahul Patil,191.0,8,122930.21,1,1,1,3,Lost / Low Value
CUST01647,Isha Patil,202.0,5,122211.88,1,1,1,3,Lost / Low Value
CUST00163,Aarav Nair,125.0,8,122158.68,1,1,1,3,Lost / Low Value
CUST01772,Amit Deshmukh,178.0,9,121776.45,1,1,1,3,Lost / Low Value
CUST05127,Karan Verma,130.0,8,121518.95,1,1,1,3,Lost / Low Value
CUST04899,Neha Mehta,238.0,8,121472.4,1,1,1,3,Lost / Low Value
CUST01703,Neha Singh,241.0,7,121365.02,1,1,1,3,Lost / Low Value
CUST02711,Pooja Kumar,132.0,9,120827.33,1,1,1,3,Lost / Low Value
CUST02410,Aarav Mehta,132.0,9,120687.55,1,1,1,3,Lost / Low Value
CUST02877,Sneha Sharma,120.0,9,120394.87,1,1,1,3,Lost / Low Value
CUST04191,Pooja Patil,296.0,9,119932.12,1,1,1,3,Lost / Low Value
CUST01797,Priya Patil,208.0,7,119430.57,1,1,1,3,Lost / Low Value
CUST05364,Rohan Gupta,316.0,8,119423.58,1,1,1,3,Lost / Low Value
CUST01136,Rahul Gupta,175.0,9,119415.33,1,1,1,3,Lost / Low Value
CUST01249,Rohan Verma,139.0,7,118980.91,1,1,1,3,Lost / Low Value
CUST04906,Meera Patil,166.0,8,117771.62,1,1,1,3,Lost / Low Value
CUST00471,Pooja Patil,214.0,7,117733.66,1,1,1,3,Lost / Low Value
CUST04715,Ananya Mhaske,205.0,9,117429.44,1,1,1,3,Lost / Low Value
CUST01707,Isha Sharma,315.0,8,117027.96,1,1,1,3,Lost / Low Value
CUST02944,Karan Patil,203.0,5,116812.75,1,1,1,3,Lost / Low Value
CUST03663,Vivaan Verma,146.0,7,116615.42,1,1,1,3,Lost / Low Value
CUST01359,Sneha Mehta,187.0,7,116601.39,1,1,1,3,Lost / Low Value
CUST01375,Ananya Nair,278.0,9,116296.52,1,1,1,3,Lost / Low Value
CUST02847,Vivaan Singh,185.0,4,116163.61,1,1,1,3,Lost / Low Value
CUST04097,Neha Nair,208.0,7,116100.24,1,1,1,3,Lost / Low Value
CUST03181,Meera Sharma,194.0,9,115771.23,1,1,1,3,Lost / Low Value
CUST01470,Sneha Deshmukh,198.0,8,115483.88,1,1,1,3,Lost / Low Value
CUST02377,Priya Singh,320.0,9,113909.64,1,1,1,3,Lost / Low Value
CUST02656,Neha Sharma,159.0,6,113811.85,1,1,1,3,Lost / Low Value
CUST04737,Kavya Shah,164.0,7,113804.3,1,1,1,3,Lost / Low Value
CUST02670,Arjun Mhaske,254.0,9,113759.55,1,1,1,3,Lost / Low Value
CUST02569,Rahul Gupta,209.0,9,113476.87,1,1,1,3,Lost / Low Value
CUST03371,Rohan Sharma,244.0,7,112813.4,1,1,1,3,Lost / Low Value
CUST01791,Meera Singh,122.0,7,112783.01,1,1,1,3,Lost / Low Value
CUST04907,Rohan Joshi,217.0,8,112630.2,1,1,1,3,Lost / Low Value
CUST01122,Vivaan Gupta,262.0,8,112518.72,1,1,1,3,Lost / Low Value
CUST00052,Kavya Mhaske,155.0,8,112428.76,1,1,1,3,Lost / Low Value
CUST00887,Karan Gupta,133.0,9,112364.79,1,1,1,3,Lost / Low Value
CUST04958,Pooja Nair,120.0,8,111908.85,1,1,1,3,Lost / Low Value
CUST05858,Amit Nair,532.0,5,111746.09,1,1,1,3,Lost / Low Value
CUST05183,Aditya Patil,150.0,6,111627.73,1,1,1,3,Lost / Low Value
CUST01355,Ananya Mehta,163.0,9,111085.36,1,1,1,3,Lost / Low Value
CUST00805,Arjun Kumar,145.0,8,110845.53,1,1,1,3,Lost / Low Value
CUST02026,Rohan Kumar,275.0,9,110356.37,1,1,1,3,Lost / Low Value
CUST03684,Sneha Mhaske,141.0,6,110300.6,1,1,1,3,Lost / Low Value
CUST05128,Amit Joshi,139.0,9,109937.9,1,1,1,3,Lost / Low Value
CUST02863,Vivaan Joshi,179.0,6,109908.96,1,1,1,3,Lost / Low Value
CUST00415,Isha Mhaske,120.0,8,109209.57,1,1,1,3,Lost / Low Value
CUST05465,Priya Gupta,221.0,9,107873.75,1,1,1,3,Lost / Low Value
CUST01121,Meera Verma,226.0,5,107516.54,1,1,1,3,Lost / Low Value
CUST00503,Meera Mehta,123.0,9,107299.26,1,1,1,3,Lost / Low Value
CUST02313,Amit Verma,168.0,7,106689.58,1,1,1,3,Lost / Low Value
CUST04589,Vivaan Nair,131.0,8,106456.24,1,1,1,3,Lost / Low Value
CUST03423,Sneha Mhaske,214.0,8,106318.46,1,1,1,3,Lost / Low Value
CUST01579,Rahul Patil,236.0,6,106063.28,1,1,1,3,Lost / Low Value
CUST03903,Kavya Patil,152.0,7,105759.94,1,1,1,3,Lost / Low Value
CUST01691,Sneha Verma,225.0,9,105610.32,1,1,1,3,Lost / Low Value
CUST05523,Pooja Patil,133.0,8,105543.6,1,1,1,3,Lost / Low Value
CUST03279,Rahul Joshi,168.0,5,104610.59,1,1,1,3,Lost / Low Value
CUST05919,Isha Shah,178.0,9,104476.54,1,1,1,3,Lost / Low Value
CUST01749,Pooja Mehta,152.0,9,104420.88,1,1,1,3,Lost / Low Value
CUST05240,Rahul Joshi,177.0,5,104154.81,1,1,1,3,Lost / Low Value
CUST05363,Neha Joshi,452.0,5,104149.72,1,1,1,3,Lost / Low Value
CUST03307,Rahul Mhaske,187.0,6,104130.99,1,1,1,3,Lost / Low Value
CUST01910,Karan Deshmukh,344.0,9,104092.1,1,1,1,3,Lost / Low Value
CUST01750,Aarav Mehta,200.0,7,104089.86,1,1,1,3,Lost / Low Value
CUST05299,Arjun Sharma,125.0,4,103949.04,1,1,1,3,Lost / Low Value
CUST03740,Amit Shah,242.0,9,103606.43,1,1,1,3,Lost / Low Value
CUST01845,Pooja Singh,157.0,9,103371.84,1,1,1,3,Lost / Low Value
CUST03389,Vivaan Kumar,160.0,9,103058.15,1,1,1,3,Lost / Low Value
CUST00825,Sneha Mehta,313.0,6,100874.9,1,1,1,3,Lost / Low Value
CUST04782,Isha Kumar,287.0,8,100751.43,1,1,1,3,Lost / Low Value
CUST04308,Meera Deshmukh,251.0,5,100517.4,1,1,1,3,Lost / Low Value
CUST03573,Isha Gupta,157.0,9,100399.24,1,1,1,3,Lost / Low Value
CUST04569,Vivaan Gupta,462.0,5,99158.3,1,1,1,3,Lost / Low Value
CUST02505,Amit Singh,207.0,9,99089.24,1,1,1,3,Lost / Low Value
CUST00115,Rohan Singh,137.0,9,98983.39,1,1,1,3,Lost / Low Value
CUST00132,Aditya Mehta,336.0,4,98752.74,1,1,1,3,Lost / Low Value
CUST00414,Meera Kumar,160.0,8,98642.12,1,1,1,3,Lost / Low Value
CUST00540,Aditya Joshi,125.0,6,98321.53,1,1,1,3,Lost / Low Value
CUST05909,Sneha Mhaske,143.0,8,97940.99,1,1,1,3,Lost / Low Value
CUST04088,Aarav Patil,357.0,6,97737.21,1,1,1,3,Lost / Low Value
CUST05852,Amit Sharma,176.0,5,97415.66,1,1,1,3,Lost / Low Value
CUST00570,Aditya Deshmukh,139.0,9,96796.01,1,1,1,3,Lost / Low Value
CUST00927,Aarav Shah,446.0,7,96794.37,1,1,1,3,Lost / Low Value
CUST02537,Rahul Patil,145.0,6,96585.01,1,1,1,3,Lost / Low Value
CUST05872,Karan Sharma,251.0,7,96440.3,1,1,1,3,Lost / Low Value
CUST05502,Isha Singh,529.0,4,96433.71,1,1,1,3,Lost / Low Value
CUST05444,Aarav Joshi,174.0,8,95667.42,1,1,1,3,Lost / Low Value
CUST02160,Rahul Joshi,145.0,5,95614.96,1,1,1,3,Lost / Low Value
CUST02380,Aditya Nair,121.0,7,95350.26,1,1,1,3,Lost / Low Value
CUST01636,Rahul Mhaske,148.0,6,95281.41,1,1,1,3,Lost / Low Value
CUST01033,Meera Mehta,122.0,8,95101.68,1,1,1,3,Lost / Low Value
CUST04781,Aarav Deshmukh,291.0,9,94722.46,1,1,1,3,Lost / Low Value
CUST02387,Rohan Nair,164.0,9,93562.74,1,1,1,3,Lost / Low Value
CUST03601,Vivaan Joshi,183.0,7,93529.5,1,1,1,3,Lost / Low Value
CUST03251,Vivaan Patil,182.0,8,93527.59,1,1,1,3,Lost / Low Value
CUST02780,Meera Shah,152.0,7,92783.13,1,1,1,3,Lost / Low Value
CUST00862,Pooja Gupta,294.0,7,92672.89,1,1,1,3,Lost / Low Value
CUST04578,Amit Gupta,136.0,7,92120.4,1,1,1,3,Lost / Low Value
CUST02894,Aditya Joshi,121.0,9,91743.44,1,1,1,3,Lost / Low Value
CUST00146,Priya Kumar,199.0,7,91639.43,1,1,1,3,Lost / Low Value
CUST03206,Karan Kumar,245.0,8,91054.65,1,1,1,3,Lost / Low Value
CUST03478,Rahul Verma,204.0,4,90042.89,1,1,1,3,Lost / Low Value
CUST02193,Ananya Deshmukh,120.0,8,89532.56,1,1,1,3,Lost / Low Value
CUST00679,Rohan Joshi,210.0,3,89369.19,1,1,1,3,Lost / Low Value
CUST03998,Arjun Verma,168.0,6,89348.74,1,1,1,3,Lost / Low Value
CUST03381,Isha Kumar,172.0,7,87287.88,1,1,1,3,Lost / Low Value
CUST01877,Aditya Mhaske,506.0,6,86187.17,1,1,1,3,Lost / Low Value
CUST02610,Isha Patil,231.0,5,85119.39,1,1,1,3,Lost / Low Value
CUST05906,Rohan Deshmukh,205.0,7,84375.7,1,1,1,3,Lost / Low Value
CUST01073,Arjun Kumar,355.0,6,84088.79,1,1,1,3,Lost / Low Value
CUST00262,Neha Patil,196.0,9,83856.57,1,1,1,3,Lost / Low Value
CUST01756,Aarav Sharma,216.0,6,83324.13,1,1,1,3,Lost / Low Value
CUST00965,Karan Shah,140.0,9,82931.68,1,1,1,3,Lost / Low Value
CUST04130,Vivaan Kumar,478.0,5,82887.08,1,1,1,3,Lost / Low Value
CUST01326,Neha Shah,232.0,5,82714.28,1,1,1,3,Lost / Low Value
CUST04749,Aditya Kumar,499.0,8,82668.52,1,1,1,3,Lost / Low Value
CUST02280,Amit Shah,160.0,8,82375.98,1,1,1,3,Lost / Low Value
CUST05027,Isha Singh,153.0,7,81998.23,1,1,1,3,Lost / Low Value
CUST02879,Ananya Singh,402.0,3,81732.99,1,1,1,3,Lost / Low Value
CUST01380,Sneha Singh,481.0,5,81633.86,1,1,1,3,Lost / Low Value
CUST04388,Vivaan Nair,688.0,4,81287.48,1,1,1,3,Lost / Low Value
CUST03025,Aarav Kumar,225.0,9,80776.34,1,1,1,3,Lost / Low Value
CUST00455,Ananya Singh,199.0,8,80693.8,1,1,1,3,Lost / Low Value
CUST05199,Sneha Singh,446.0,6,80500.91,1,1,1,3,Lost / Low Value
CUST00773,Rohan Patil,251.0,7,80196.23,1,1,1,3,Lost / Low Value
CUST04020,Ananya Gupta,229.0,7,80128.02,1,1,1,3,Lost / Low Value
CUST00610,Kavya Mehta,496.0,7,79678.12,1,1,1,3,Lost / Low Value
CUST03856,Isha Sharma,154.0,6,79412.43,1,1,1,3,Lost / Low Value
CUST02395,Isha Mehta,212.0,8,79249.37,1,1,1,3,Lost / Low Value
CUST01678,Karan Deshmukh,303.0,7,79020.37,1,1,1,3,Lost / Low Value
CUST02737,Ananya Gupta,193.0,7,78723.64,1,1,1,3,Lost / Low Value
CUST04004,Arjun Patil,245.0,4,78400.3,1,1,1,3,Lost / Low Value
CUST00217,Rahul Nair,377.0,5,78278.42,1,1,1,3,Lost / Low Value
CUST02307,Karan Verma,177.0,9,78271.4,1,1,1,3,Lost / Low Value
CUST02973,Amit Mhaske,125.0,7,77237.71,1,1,1,3,Lost / Low Value
CUST01953,Vivaan Shah,225.0,8,76950.26,1,1,1,3,Lost / Low Value
CUST04787,Neha Nair,174.0,5,76714.27,1,1,1,3,Lost / Low Value
CUST04220,Karan Sharma,314.0,6,75819.24,1,1,1,3,Lost / Low Value
CUST04574,Pooja Mhaske,250.0,8,74579.91,1,1,1,3,Lost / Low Value
CUST05553,Amit Singh,170.0,7,74412.19,1,1,1,3,Lost / Low Value
CUST04929,Neha Verma,205.0,7,74013.33,1,1,1,3,Lost / Low Value
CUST02283,Pooja Mehta,130.0,8,73732.87,1,1,1,3,Lost / Low Value
CUST03961,Priya Deshmukh,166.0,5,72986.7,1,1,1,3,Lost / Low Value
CUST02335,Aditya Gupta,172.0,8,72209.83,1,1,1,3,Lost / Low Value
CUST04077,Amit Shah,143.0,6,71779.78,1,1,1,3,Lost / Low Value
CUST00272,Isha Shah,133.0,9,71518.46,1,1,1,3,Lost / Low Value
CUST02133,Arjun Gupta,198.0,5,70436.67,1,1,1,3,Lost / Low Value
CUST00876,Rohan Deshmukh,126.0,3,70081.69,1,1,1,3,Lost / Low Value
CUST05913,Neha Mehta,299.0,8,69792.32,1,1,1,3,Lost / Low Value
CUST04760,Rohan Nair,468.0,9,69269.58,1,1,1,3,Lost / Low Value
CUST04450,Meera Patil,221.0,6,66678.33,1,1,1,3,Lost / Low Value
CUST01012,Ananya Nair,439.0,4,66337.47,1,1,1,3,Lost / Low Value
CUST03311,Ananya Gupta,237.0,8,65830.0,1,1,1,3,Lost / Low Value
CUST04138,Amit Verma,258.0,5,65659.12,1,1,1,3,Lost / Low Value
CUST04486,Vivaan Shah,191.0,7,65553.75,1,1,1,3,Lost / Low Value
CUST01899,Karan Deshmukh,381.0,7,64107.73,1,1,1,3,Lost / Low Value
CUST04451,Kavya Deshmukh,125.0,7,63841.89,1,1,1,3,Lost / Low Value
CUST02304,Vivaan Singh,339.0,5,63316.08,1,1,1,3,Lost / Low Value
CUST05996,Kavya Gupta,180.0,6,61650.26,1,1,1,3,Lost / Low Value
CUST04598,Kavya Patil,468.0,8,61389.0,1,1,1,3,Lost / Low Value
CUST05308,Isha Joshi,290.0,4,61017.59,1,1,1,3,Lost / Low Value
CUST02305,Aditya Mehta,205.0,6,60926.87,1,1,1,3,Lost / Low Value
CUST02598,Priya Verma,134.0,6,60848.08,1,1,1,3,Lost / Low Value
CUST01718,Aarav Sharma,227.0,7,60421.86,1,1,1,3,Lost / Low Value
CUST03771,Meera Kumar,272.0,4,60244.12,1,1,1,3,Lost / Low Value
CUST00633,Ananya Deshmukh,139.0,7,59242.27,1,1,1,3,Lost / Low Value
CUST05677,Aditya Patil,281.0,8,58933.48,1,1,1,3,Lost / Low Value
CUST00282,Neha Patil,194.0,8,57597.82,1,1,1,3,Lost / Low Value
CUST02903,Karan Patil,263.0,6,57555.51,1,1,1,3,Lost / Low Value
CUST02614,Aarav Sharma,223.0,8,55688.31,1,1,1,3,Lost / Low Value
CUST04139,Aditya Mehta,215.0,5,53313.21,1,1,1,3,Lost / Low Value
CUST05671,Aditya Joshi,153.0,6,52276.43,1,1,1,3,Lost / Low Value
CUST05016,Neha Kumar,197.0,5,50899.37,1,1,1,3,Lost / Low Value
CUST00582,Isha Nair,213.0,4,50339.33,1,1,1,3,Lost / Low Value
CUST01605,Amit Verma,135.0,5,49562.02,1,1,1,3,Lost / Low Value
CUST00345,Vivaan Kumar,240.0,6,48389.64,1,1,1,3,Lost / Low Value
CUST05072,Karan Gupta,147.0,4,46747.38,1,1,1,3,Lost / Low Value
CUST05574,Karan Nair,139.0,4,46407.85,1,1,1,3,Lost / Low Value
CUST01009,Pooja Gupta,331.0,6,45616.47,1,1,1,3,Lost / Low Value
CUST01189,Meera Deshmukh,166.0,6,44085.98,1,1,1,3,Lost / Low Value
CUST04709,Pooja Kumar,179.0,4,40960.86,1,1,1,3,Lost / Low Value
CUST01541,Amit Joshi,172.0,5,40004.95,1,1,1,3,Lost / Low Value
CUST02713,Neha Patil,149.0,4,38365.61,1,1,1,3,Lost / Low Value
CUST04054,Vivaan Gupta,471.0,3,29726.08,1,1,1,3,Lost / Low Value
CUST03449,Isha Deshmukh,348.0,3,25823.6,1,1,1,3,Lost / Low Value
