Customer_ID,Customer_Name,Total_Orders,Units_Sold,Revenue,Profit,Revenue_Rank,Revenue_Contribution_Percent,Cumulative_Revenue_Percent,Revenue_Concentration_Segment
CUST03370,Rohan Deshmukh,18,70,682579.18,215680.31,1,0.0501,0.0501,Top Revenue Contributors
CUST02369,Vivaan Sharma,26,65,656467.23,162061.3,2,0.0482,0.0983,Top Revenue Contributors
CUST02987,Amit Sharma,25,70,630590.67,114788.84,3,0.0463,0.1447,Top Revenue Contributors
CUST02176,Aarav Joshi,20,68,629769.19,147672.45,4,0.0463,0.1909,Top Revenue Contributors
CUST01171,Aarav Gupta,22,65,612137.04,151644.59,5,0.045,0.2359,Top Revenue Contributors
CUST03244,Neha Mhaske,19,61,600454.29,155811.64,6,0.0441,0.28,Top Revenue Contributors
CUST00947,Meera Deshmukh,21,53,592453.93,141721.69,7,0.0435,0.3235,Top Revenue Contributors
CUST05687,Amit Kumar,17,50,576083.55,134145.68,8,0.0423,0.3658,Top Revenue Contributors
CUST00992,Sneha Sharma,23,57,572539.2,141653.78,9,0.042,0.4078,Top Revenue Contributors
CUST03036,Pooja Singh,21,58,569817.88,139394.75,10,0.0418,0.4497,Top Revenue Contributors
CUST03758,Sneha Mehta,21,53,555275.89,146087.08,11,0.0408,0.4905,Top Revenue Contributors
CUST05424,Aarav Joshi,16,58,544745.38,111299.86,12,0.04,0.5305,Top Revenue Contributors
CUST00349,Amit Singh,20,65,543035.24,123959.62,13,0.0399,0.5703,Top Revenue Contributors
CUST02022,Neha Patil,23,61,541358.75,101352.1,14,0.0398,0.6101,Top Revenue Contributors
CUST05362,Rahul Singh,19,52,539423.17,140032.67,15,0.0396,0.6497,Top Revenue Contributors
CUST04253,Meera Joshi,20,60,538140.37,136884.12,16,0.0395,0.6892,Top Revenue Contributors
CUST01139,Karan Joshi,22,62,534445.22,116100.3,17,0.0393,0.7285,Top Revenue Contributors
CUST01817,Amit Patil,21,52,529895.41,118662.35,18,0.0389,0.7674,Top Revenue Contributors
CUST00778,Karan Shah,21,52,527205.51,146329.42,19,0.0387,0.8061,Top Revenue Contributors
CUST03037,Isha Sharma,17,58,521696.75,159437.07,20,0.0383,0.8444,Top Revenue Contributors
CUST02672,Ananya Joshi,20,51,518367.26,140944.61,21,0.0381,0.8825,Top Revenue Contributors
CUST04540,Karan Mehta,18,53,517450.86,125888.18,22,0.038,0.9205,Top Revenue Contributors
CUST05658,Amit Singh,18,50,513434.44,134917.03,23,0.0377,0.9582,Top Revenue Contributors
CUST04433,Ananya Kumar,20,54,512302.35,114366.58,24,0.0376,0.9958,Top Revenue Contributors
CUST01428,Rahul Singh,17,45,511005.72,138730.4,25,0.0375,1.0334,Top Revenue Contributors
CUST05922,Karan Nair,20,49,509322.79,158308.11,26,0.0374,1.0708,Top Revenue Contributors
CUST01161,Isha Mhaske,21,56,503427.57,113380.38,27,0.037,1.1078,Top Revenue Contributors
CUST05703,Ananya Deshmukh,16,48,498598.16,128463.23,28,0.0366,1.1444,Top Revenue Contributors
CUST05073,Aarav Deshmukh,24,67,497373.12,112324.2,29,0.0365,1.1809,Top Revenue Contributors
CUST03669,Aarav Deshmukh,17,48,497075.29,138784.1,30,0.0365,1.2174,Top Revenue Contributors
CUST00348,Amit Mehta,18,54,496225.41,132808.56,31,0.0364,1.2538,Top Revenue Contributors
CUST05110,Kavya Patil,20,57,495388.54,137065.72,32,0.0364,1.2902,Top Revenue Contributors
CUST04416,Vivaan Verma,21,56,495128.65,130345.69,33,0.0364,1.3266,Top Revenue Contributors
CUST04105,Sneha Mhaske,23,57,491863.33,114592.14,34,0.0361,1.3627,Top Revenue Contributors
CUST01244,Vivaan Shah,19,54,491153.79,140740.51,35,0.0361,1.3988,Top Revenue Contributors
CUST01564,Pooja Joshi,18,58,489934.67,92520.57,36,0.036,1.4348,Top Revenue Contributors
CUST02762,Pooja Singh,13,40,488160.62,122025.25,37,0.0359,1.4706,Top Revenue Contributors
CUST04265,Amit Deshmukh,21,55,487744.58,124118.87,38,0.0358,1.5064,Top Revenue Contributors
CUST03272,Rohan Joshi,17,45,484448.68,141329.7,39,0.0356,1.542,Top Revenue Contributors
CUST04378,Vivaan Mhaske,20,53,483643.45,110067.2,40,0.0355,1.5775,Top Revenue Contributors
CUST03149,Karan Nair,16,46,482374.99,148057.64,41,0.0354,1.613,Top Revenue Contributors
CUST04678,Aarav Patil,15,45,482120.93,138270.63,42,0.0354,1.6484,Top Revenue Contributors
CUST03969,Rohan Kumar,19,50,481934.91,137748.73,43,0.0354,1.6838,Top Revenue Contributors
CUST01307,Arjun Sharma,19,54,481414.0,116318.95,44,0.0354,1.7191,Top Revenue Contributors
CUST01441,Kavya Sharma,18,48,481020.45,118135.15,45,0.0353,1.7544,Top Revenue Contributors
CUST05866,Neha Joshi,20,59,480274.75,105160.06,46,0.0353,1.7897,Top Revenue Contributors
CUST05985,Rahul Shah,20,48,478666.8,127650.47,47,0.0352,1.8249,Top Revenue Contributors
CUST02439,Priya Deshmukh,15,51,477507.72,112484.63,48,0.0351,1.8599,Top Revenue Contributors
CUST04335,Amit Gupta,21,57,477477.47,109423.13,49,0.0351,1.895,Top Revenue Contributors
CUST04325,Vivaan Patil,16,44,476180.64,143513.91,50,0.035,1.93,Top Revenue Contributors
CUST03262,Karan Joshi,21,56,474872.14,143480.72,51,0.0349,1.9649,Top Revenue Contributors
CUST02501,Sneha Mehta,20,60,474795.5,115290.66,52,0.0349,1.9997,Top Revenue Contributors
CUST04610,Sneha Singh,22,53,474387.08,116183.55,53,0.0348,2.0346,Top Revenue Contributors
CUST04123,Amit Nair,15,46,473712.82,118695.05,54,0.0348,2.0694,Top Revenue Contributors
CUST04165,Amit Gupta,15,48,473079.78,133329.37,55,0.0347,2.1041,Top Revenue Contributors
CUST00382,Vivaan Gupta,13,40,472609.12,130441.01,56,0.0347,2.1388,Top Revenue Contributors
CUST05566,Isha Mehta,18,52,472210.38,116519.06,57,0.0347,2.1735,Top Revenue Contributors
CUST02034,Vivaan Kumar,21,60,471708.23,108868.3,58,0.0346,2.2081,Top Revenue Contributors
CUST05036,Amit Patil,20,50,471552.49,115082.24,59,0.0346,2.2428,Top Revenue Contributors
CUST05431,Arjun Kumar,17,50,471221.61,101682.8,60,0.0346,2.2774,Top Revenue Contributors
CUST05604,Pooja Verma,18,50,471013.14,116158.44,61,0.0346,2.312,Top Revenue Contributors
CUST02782,Pooja Verma,17,55,470932.49,119620.16,62,0.0346,2.3466,Top Revenue Contributors
CUST03990,Kavya Deshmukh,17,42,468466.48,128564.92,63,0.0344,2.381,Top Revenue Contributors
CUST03665,Amit Joshi,21,44,468411.8,116279.56,64,0.0344,2.4154,Top Revenue Contributors
CUST00716,Sneha Nair,17,49,467191.18,105142.65,65,0.0343,2.4497,Top Revenue Contributors
CUST01340,Sneha Deshmukh,21,54,466827.65,100289.41,66,0.0343,2.484,Top Revenue Contributors
CUST03012,Isha Deshmukh,19,49,466653.47,118641.73,67,0.0343,2.5182,Top Revenue Contributors
CUST03400,Aditya Joshi,17,46,466585.75,116817.04,68,0.0343,2.5525,Top Revenue Contributors
CUST04829,Karan Mehta,21,43,466528.72,116856.39,69,0.0343,2.5868,Top Revenue Contributors
CUST05940,Aditya Sharma,17,41,465487.21,122354.02,70,0.0342,2.6209,Top Revenue Contributors
CUST03557,Kavya Mhaske,17,51,465209.01,135138.2,71,0.0342,2.6551,Top Revenue Contributors
CUST01273,Meera Joshi,24,56,463517.75,82907.74,72,0.034,2.6891,Top Revenue Contributors
CUST04770,Aarav Mehta,19,55,463325.7,120037.03,73,0.034,2.7232,Top Revenue Contributors
CUST04478,Amit Patil,16,57,462705.01,119015.78,74,0.034,2.7572,Top Revenue Contributors
CUST03899,Rohan Shah,19,50,461366.2,131587.73,75,0.0339,2.791,Top Revenue Contributors
CUST01719,Meera Singh,23,59,460987.84,103193.75,76,0.0339,2.8249,Top Revenue Contributors
CUST02819,Amit Singh,13,42,459872.75,121016.65,77,0.0338,2.8587,Top Revenue Contributors
CUST00139,Karan Nair,19,57,459827.19,121576.85,78,0.0338,2.8924,Top Revenue Contributors
CUST05394,Karan Shah,12,44,459446.74,137280.3,79,0.0337,2.9262,Top Revenue Contributors
CUST03248,Meera Kumar,19,50,459384.11,93781.56,80,0.0337,2.9599,Top Revenue Contributors
CUST03711,Amit Verma,19,50,458044.16,138849.9,81,0.0336,2.9936,Top Revenue Contributors
CUST05152,Vivaan Mhaske,24,51,457598.22,128627.27,82,0.0336,3.0272,Top Revenue Contributors
CUST05012,Priya Mehta,18,52,457329.16,95811.23,83,0.0336,3.0608,Top Revenue Contributors
CUST03497,Vivaan Singh,18,56,456254.79,119968.53,84,0.0335,3.0943,Top Revenue Contributors
CUST00831,Aditya Patil,17,46,455533.36,125298.88,85,0.0335,3.1277,Top Revenue Contributors
CUST04883,Pooja Sharma,17,51,454970.57,89393.3,86,0.0334,3.1611,Top Revenue Contributors
CUST00440,Rahul Mehta,17,55,453880.07,118067.92,87,0.0333,3.1945,Top Revenue Contributors
CUST01503,Ananya Verma,21,59,452443.78,91538.93,88,0.0332,3.2277,Top Revenue Contributors
CUST01975,Neha Gupta,19,45,452009.18,104275.25,89,0.0332,3.2609,Top Revenue Contributors
CUST02242,Kavya Gupta,21,55,450315.1,105070.49,90,0.0331,3.294,Top Revenue Contributors
CUST04091,Neha Patil,18,50,448038.48,88519.8,91,0.0329,3.3269,Top Revenue Contributors
CUST04181,Amit Shah,10,35,447731.64,114992.13,92,0.0329,3.3597,Top Revenue Contributors
CUST05808,Kavya Deshmukh,12,39,447589.47,131518.2,93,0.0329,3.3926,Top Revenue Contributors
CUST04680,Ananya Deshmukh,16,42,447281.23,125947.11,94,0.0328,3.4255,Top Revenue Contributors
CUST01293,Arjun Mhaske,18,52,446482.53,126853.66,95,0.0328,3.4583,Top Revenue Contributors
CUST05337,Isha Nair,18,55,445757.93,112184.35,96,0.0327,3.491,Top Revenue Contributors
CUST05646,Priya Sharma,17,46,445404.63,113720.81,97,0.0327,3.5237,Top Revenue Contributors
CUST05640,Rahul Verma,18,46,445135.39,110656.35,98,0.0327,3.5564,Top Revenue Contributors
CUST04348,Vivaan Sharma,18,49,443559.37,100479.82,99,0.0326,3.589,Top Revenue Contributors
CUST00632,Sneha Joshi,22,65,443303.4,113507.54,100,0.0326,3.6215,Top Revenue Contributors
CUST01662,Karan Verma,19,57,441725.32,121665.86,101,0.0324,3.654,Top Revenue Contributors
CUST01940,Kavya Shah,17,44,441277.12,118108.9,102,0.0324,3.6864,Top Revenue Contributors
CUST03905,Sneha Nair,20,52,441006.14,120476.09,103,0.0324,3.7188,Top Revenue Contributors
CUST00285,Meera Joshi,20,62,439974.37,99235.35,104,0.0323,3.7511,Top Revenue Contributors
CUST02712,Neha Sharma,14,47,439296.17,131024.43,105,0.0323,3.7833,Top Revenue Contributors
CUST00563,Sneha Gupta,17,42,438336.16,121823.37,106,0.0322,3.8155,Top Revenue Contributors
CUST04854,Rahul Joshi,19,48,438168.39,107882.61,107,0.0322,3.8477,Top Revenue Contributors
CUST00341,Neha Verma,18,46,438153.61,112259.54,108,0.0322,3.8799,Top Revenue Contributors
CUST01651,Isha Mhaske,12,43,437968.27,98893.98,109,0.0322,3.9121,Top Revenue Contributors
CUST05329,Aditya Nair,19,44,437917.21,110130.63,110,0.0322,3.9442,Top Revenue Contributors
CUST05585,Rohan Gupta,19,56,437684.91,129070.84,111,0.0321,3.9764,Top Revenue Contributors
CUST00303,Vivaan Kumar,18,43,436689.29,122646.49,112,0.0321,4.0084,Top Revenue Contributors
CUST03078,Rohan Nair,16,46,436573.78,111876.54,113,0.0321,4.0405,Top Revenue Contributors
CUST02429,Aarav Nair,17,57,436473.07,128576.38,114,0.0321,4.0726,Top Revenue Contributors
CUST03896,Rahul Shah,14,39,436460.88,119273.31,115,0.0321,4.1046,Top Revenue Contributors
CUST02379,Priya Verma,15,59,435847.52,102665.25,116,0.032,4.1366,Top Revenue Contributors
CUST00756,Meera Singh,17,46,435795.43,99197.09,117,0.032,4.1686,Top Revenue Contributors
CUST02417,Pooja Nair,16,48,434769.24,100552.32,118,0.0319,4.2006,Top Revenue Contributors
CUST04414,Arjun Sharma,21,46,434529.97,108646.56,119,0.0319,4.2325,Top Revenue Contributors
CUST05162,Rohan Patil,17,42,434505.69,112294.65,120,0.0319,4.2644,Top Revenue Contributors
CUST05860,Sneha Singh,16,43,432611.05,77558.83,121,0.0318,4.2961,Top Revenue Contributors
CUST02303,Aarav Mehta,18,46,432554.02,122444.73,122,0.0318,4.3279,Top Revenue Contributors
CUST03424,Rohan Nair,19,55,431083.43,112123.53,123,0.0317,4.3596,Top Revenue Contributors
CUST01256,Arjun Joshi,16,48,430185.06,95390.27,124,0.0316,4.3912,Top Revenue Contributors
CUST00644,Neha Mehta,14,43,429682.28,121610.26,125,0.0316,4.4227,Top Revenue Contributors
CUST01780,Rahul Gupta,19,44,429658.14,82745.67,126,0.0316,4.4543,Top Revenue Contributors
CUST00614,Rahul Joshi,15,39,429409.12,95742.92,127,0.0315,4.4858,Top Revenue Contributors
CUST00607,Priya Mhaske,20,58,429215.5,109836.57,128,0.0315,4.5173,Top Revenue Contributors
CUST05528,Vivaan Deshmukh,15,45,429014.41,92182.14,129,0.0315,4.5488,Top Revenue Contributors
CUST03587,Aarav Verma,18,39,428670.43,133664.72,130,0.0315,4.5803,Top Revenue Contributors
CUST04865,Aditya Joshi,15,51,428286.87,105502.9,131,0.0315,4.6118,Top Revenue Contributors
CUST00564,Priya Deshmukh,15,52,427959.06,124421.21,132,0.0314,4.6432,Top Revenue Contributors
CUST01880,Pooja Verma,14,44,427869.61,128450.0,133,0.0314,4.6746,Top Revenue Contributors
CUST01894,Aarav Deshmukh,17,54,427626.68,117944.12,134,0.0314,4.706,Top Revenue Contributors
CUST02346,Neha Joshi,20,46,427349.64,112169.96,135,0.0314,4.7374,Top Revenue Contributors
CUST05697,Meera Gupta,20,53,427181.99,113111.33,136,0.0314,4.7688,Top Revenue Contributors
CUST05944,Vivaan Shah,20,56,426593.0,104914.84,137,0.0313,4.8001,Top Revenue Contributors
CUST00301,Rahul Nair,18,47,426415.48,100965.32,138,0.0313,4.8314,Top Revenue Contributors
CUST00689,Aarav Joshi,24,51,426338.82,87662.92,139,0.0313,4.8628,Top Revenue Contributors
CUST05185,Amit Gupta,19,43,426289.05,106828.01,140,0.0313,4.8941,Top Revenue Contributors
CUST05612,Arjun Mhaske,20,48,425956.65,90998.49,141,0.0313,4.9253,Top Revenue Contributors
CUST00234,Amit Singh,20,56,424936.45,124838.44,142,0.0312,4.9566,Top Revenue Contributors
CUST00027,Karan Gupta,19,52,424852.81,113017.41,143,0.0312,4.9878,Top Revenue Contributors
CUST04809,Amit Shah,18,47,424708.34,88080.21,144,0.0312,5.019,Top Revenue Contributors
CUST00072,Rohan Nair,19,66,424330.66,88969.87,145,0.0312,5.0501,Top Revenue Contributors
CUST04036,Kavya Sharma,16,50,423701.65,101785.04,146,0.0311,5.0812,Top Revenue Contributors
CUST03777,Meera Mehta,19,46,423522.18,101214.03,147,0.0311,5.1123,Top Revenue Contributors
CUST00846,Rahul Verma,14,39,422731.4,121653.61,148,0.031,5.1434,Top Revenue Contributors
CUST03008,Isha Gupta,17,48,421609.83,110198.8,149,0.031,5.1743,Top Revenue Contributors
CUST01742,Ananya Deshmukh,15,44,421409.09,111582.59,150,0.0309,5.2053,Top Revenue Contributors
CUST02638,Kavya Nair,23,56,421095.85,91476.66,151,0.0309,5.2362,Top Revenue Contributors
CUST05315,Karan Singh,19,46,420938.81,120411.78,152,0.0309,5.2671,Top Revenue Contributors
CUST01385,Priya Patil,13,44,420868.09,118047.54,153,0.0309,5.298,Top Revenue Contributors
CUST03477,Amit Gupta,15,37,420806.0,120021.98,154,0.0309,5.3289,Top Revenue Contributors
CUST02258,Aditya Sharma,14,44,420711.13,90064.98,155,0.0309,5.3598,Top Revenue Contributors
CUST01639,Isha Shah,20,45,419932.6,97980.17,156,0.0308,5.3907,Top Revenue Contributors
CUST00742,Rahul Patil,18,40,419575.07,105636.23,157,0.0308,5.4215,Top Revenue Contributors
CUST00682,Arjun Gupta,19,42,419527.75,98926.79,158,0.0308,5.4523,Top Revenue Contributors
CUST00613,Rahul Verma,13,44,419353.81,114413.73,159,0.0308,5.4831,Top Revenue Contributors
CUST01113,Pooja Sharma,14,44,419059.67,120203.19,160,0.0308,5.5139,Top Revenue Contributors
CUST02506,Pooja Patil,14,48,418553.33,119608.99,161,0.0307,5.5446,Top Revenue Contributors
CUST02240,Sneha Gupta,21,52,418110.38,91163.22,162,0.0307,5.5753,Top Revenue Contributors
CUST05586,Rahul Mhaske,18,47,417692.9,129015.43,163,0.0307,5.606,Top Revenue Contributors
CUST04483,Arjun Deshmukh,27,57,417594.53,103491.33,164,0.0307,5.6367,Top Revenue Contributors
CUST01818,Kavya Nair,22,47,417589.12,105524.79,165,0.0307,5.6673,Top Revenue Contributors
CUST03860,Kavya Joshi,20,47,417560.66,115068.32,166,0.0307,5.698,Top Revenue Contributors
CUST00225,Meera Patil,15,45,417430.88,96153.69,167,0.0307,5.7287,Top Revenue Contributors
CUST03577,Karan Gupta,16,42,417415.34,107677.62,168,0.0307,5.7593,Top Revenue Contributors
CUST01736,Pooja Gupta,15,42,417345.45,103934.41,169,0.0307,5.79,Top Revenue Contributors
CUST00763,Aditya Deshmukh,15,43,416816.6,117161.41,170,0.0306,5.8206,Top Revenue Contributors
CUST04338,Karan Mehta,16,42,416654.38,95831.39,171,0.0306,5.8512,Top Revenue Contributors
CUST04481,Aditya Kumar,17,49,416205.22,91784.4,172,0.0306,5.8818,Top Revenue Contributors
CUST02945,Rohan Verma,16,45,415729.94,112898.31,173,0.0305,5.9123,Top Revenue Contributors
CUST04938,Ananya Singh,23,56,413998.66,97721.63,174,0.0304,5.9427,Top Revenue Contributors
CUST01576,Kavya Singh,13,33,413346.33,115712.29,175,0.0304,5.973,Top Revenue Contributors
CUST05071,Neha Shah,20,52,412870.74,107551.32,176,0.0303,6.0034,Top Revenue Contributors
CUST03973,Aarav Mehta,17,44,412836.96,92968.8,177,0.0303,6.0337,Top Revenue Contributors
CUST05052,Arjun Deshmukh,22,46,412741.15,108744.38,178,0.0303,6.064,Top Revenue Contributors
CUST00949,Rohan Nair,18,54,412234.45,105685.03,179,0.0303,6.0943,Top Revenue Contributors
CUST05535,Meera Gupta,23,45,411793.27,120611.2,180,0.0302,6.1245,Top Revenue Contributors
CUST02199,Neha Kumar,19,52,411337.73,114965.15,181,0.0302,6.1547,Top Revenue Contributors
CUST02790,Rahul Patil,19,40,410918.0,82451.36,182,0.0302,6.1849,Top Revenue Contributors
CUST04199,Pooja Joshi,17,44,410174.83,113455.3,183,0.0301,6.215,Top Revenue Contributors
CUST02720,Arjun Mhaske,18,50,410094.8,107591.43,184,0.0301,6.2451,Top Revenue Contributors
CUST02413,Ananya Joshi,16,45,409546.71,117812.05,185,0.0301,6.2752,Top Revenue Contributors
CUST05905,Neha Patil,18,45,409465.05,103056.56,186,0.0301,6.3053,Top Revenue Contributors
CUST02056,Rahul Kumar,19,46,409390.54,103596.63,187,0.0301,6.3354,Top Revenue Contributors
CUST02995,Aarav Joshi,21,48,409184.26,107543.8,188,0.0301,6.3654,Top Revenue Contributors
CUST04964,Priya Mhaske,18,46,409013.37,107326.31,189,0.03,6.3955,Top Revenue Contributors
CUST04597,Rahul Nair,13,34,408895.22,81002.15,190,0.03,6.4255,Top Revenue Contributors
CUST04551,Priya Patil,13,44,408703.82,121192.54,191,0.03,6.4555,Top Revenue Contributors
CUST01740,Meera Kumar,16,45,408264.9,90842.92,192,0.03,6.4855,Top Revenue Contributors
CUST04736,Rahul Deshmukh,23,54,408097.11,105858.84,193,0.03,6.5155,Top Revenue Contributors
CUST00244,Isha Shah,15,43,407927.16,110110.35,194,0.03,6.5454,Top Revenue Contributors
CUST01163,Aditya Verma,13,43,406487.56,111556.96,195,0.0299,6.5753,Top Revenue Contributors
CUST05180,Ananya Verma,18,45,406453.11,111513.78,196,0.0299,6.6051,Top Revenue Contributors
CUST03125,Amit Patil,16,50,406227.77,113918.37,197,0.0298,6.635,Top Revenue Contributors
CUST01353,Priya Nair,18,41,406157.98,99989.35,198,0.0298,6.6648,Top Revenue Contributors
CUST02113,Aditya Gupta,16,46,406038.35,122738.19,199,0.0298,6.6946,Top Revenue Contributors
CUST04997,Ananya Sharma,21,46,406013.46,98439.99,200,0.0298,6.7244,Top Revenue Contributors
CUST00591,Amit Mehta,18,45,405707.65,97233.81,201,0.0298,6.7542,Top Revenue Contributors
CUST00959,Priya Mhaske,17,52,405447.85,101040.5,202,0.0298,6.784,Top Revenue Contributors
CUST03106,Aditya Joshi,16,41,404921.92,85561.15,203,0.0297,6.8137,Top Revenue Contributors
CUST05651,Ananya Deshmukh,22,50,404840.03,103035.1,204,0.0297,6.8435,Top Revenue Contributors
CUST03343,Amit Singh,15,41,404662.69,94937.84,205,0.0297,6.8732,Top Revenue Contributors
CUST02724,Amit Nair,21,62,404468.81,87521.48,206,0.0297,6.9029,Top Revenue Contributors
CUST00354,Neha Nair,18,47,403952.78,105479.65,207,0.0297,6.9326,Top Revenue Contributors
CUST00053,Vivaan Nair,19,46,403703.38,93549.98,208,0.0296,6.9622,Top Revenue Contributors
CUST02956,Priya Gupta,14,42,403165.88,74091.98,209,0.0296,6.9918,Top Revenue Contributors
CUST02749,Priya Joshi,17,46,402796.11,86227.62,210,0.0296,7.0214,Top Revenue Contributors
CUST00077,Pooja Kumar,21,53,402727.07,108328.92,211,0.0296,7.051,Top Revenue Contributors
CUST01386,Isha Deshmukh,13,39,402535.52,111772.77,212,0.0296,7.0805,Top Revenue Contributors
CUST04112,Neha Sharma,14,46,401898.15,76186.12,213,0.0295,7.11,Top Revenue Contributors
CUST03159,Pooja Verma,17,43,401884.87,86161.05,214,0.0295,7.1396,Top Revenue Contributors
CUST03052,Pooja Singh,11,37,401220.67,98316.72,215,0.0295,7.169,Top Revenue Contributors
CUST05949,Isha Sharma,18,42,400684.6,88365.45,216,0.0294,7.1985,Top Revenue Contributors
CUST05889,Kavya Deshmukh,17,54,400298.86,88433.4,217,0.0294,7.2279,Top Revenue Contributors
CUST02021,Arjun Kumar,15,36,399578.46,80693.76,218,0.0293,7.2572,Top Revenue Contributors
CUST03506,Kavya Sharma,21,53,399260.5,104940.31,219,0.0293,7.2865,Top Revenue Contributors
CUST00080,Pooja Verma,19,40,399209.45,112269.48,220,0.0293,7.3158,Top Revenue Contributors
CUST00545,Rahul Gupta,16,41,398920.82,95223.83,221,0.0293,7.3451,Top Revenue Contributors
CUST02975,Pooja Verma,22,58,398605.43,78271.0,222,0.0293,7.3744,Top Revenue Contributors
CUST04995,Amit Sharma,20,51,398477.59,112792.3,223,0.0293,7.4037,Top Revenue Contributors
CUST01448,Priya Mhaske,17,41,398359.7,111416.7,224,0.0293,7.4329,Top Revenue Contributors
CUST05323,Rohan Deshmukh,19,43,398149.73,83165.75,225,0.0292,7.4622,Top Revenue Contributors
CUST00257,Isha Sharma,15,46,398043.41,113143.3,226,0.0292,7.4914,Top Revenue Contributors
CUST02499,Pooja Gupta,14,38,397903.08,114417.48,227,0.0292,7.5206,Top Revenue Contributors
CUST00785,Rahul Patil,16,57,397513.36,82027.6,228,0.0292,7.5498,Top Revenue Contributors
CUST00154,Kavya Nair,17,48,396573.4,115333.15,229,0.0291,7.579,Top Revenue Contributors
CUST05914,Sneha Verma,15,44,396540.79,96489.44,230,0.0291,7.6081,Top Revenue Contributors
CUST02217,Aditya Verma,23,54,396475.16,101931.15,231,0.0291,7.6372,Top Revenue Contributors
CUST03761,Pooja Mhaske,15,42,396362.39,91557.75,232,0.0291,7.6663,Top Revenue Contributors
CUST04322,Arjun Nair,12,36,396267.28,92592.51,233,0.0291,7.6954,Top Revenue Contributors
CUST03056,Sneha Sharma,18,55,396095.04,82906.28,234,0.0291,7.7245,Top Revenue Contributors
CUST04430,Isha Gupta,11,37,395988.9,125964.52,235,0.0291,7.7536,Top Revenue Contributors
CUST05823,Kavya Verma,13,40,395976.55,84964.71,236,0.0291,7.7827,Top Revenue Contributors
CUST04839,Amit Singh,13,37,395759.66,119809.35,237,0.0291,7.8117,Top Revenue Contributors
CUST03697,Pooja Mehta,13,44,395555.99,90729.51,238,0.0291,7.8408,Top Revenue Contributors
CUST05925,Aditya Gupta,16,42,395479.25,87245.79,239,0.029,7.8698,Top Revenue Contributors
CUST00429,Sneha Verma,13,43,395419.71,83093.94,240,0.029,7.8989,Top Revenue Contributors
CUST01402,Sneha Joshi,13,38,395233.35,96666.88,241,0.029,7.9279,Top Revenue Contributors
CUST02662,Priya Patil,20,57,395143.26,103483.33,242,0.029,7.9569,Top Revenue Contributors
CUST05666,Rohan Deshmukh,21,50,395120.82,91748.02,243,0.029,7.9859,Top Revenue Contributors
CUST05198,Vivaan Sharma,15,43,395093.45,115530.53,244,0.029,8.0149,Top Revenue Contributors
CUST01125,Kavya Deshmukh,17,40,394868.4,96067.05,245,0.029,8.0439,Top Revenue Contributors
CUST04346,Sneha Sharma,14,39,394808.93,99944.16,246,0.029,8.0729,Top Revenue Contributors
CUST03934,Vivaan Patil,14,37,394460.28,88686.94,247,0.029,8.1019,Top Revenue Contributors
CUST05837,Ananya Patil,21,48,394185.19,103436.13,248,0.0289,8.1309,Top Revenue Contributors
CUST02704,Rohan Deshmukh,14,44,394028.1,88907.93,249,0.0289,8.1598,Top Revenue Contributors
CUST04602,Arjun Deshmukh,13,40,393966.52,116389.96,250,0.0289,8.1887,Top Revenue Contributors
CUST03485,Isha Gupta,15,35,393599.06,96925.26,251,0.0289,8.2176,Top Revenue Contributors
CUST04864,Rohan Sharma,22,56,393562.85,120017.97,252,0.0289,8.2465,Top Revenue Contributors
CUST05125,Sneha Mhaske,14,44,393376.16,81331.47,253,0.0289,8.2754,Top Revenue Contributors
CUST05785,Sneha Mehta,18,50,393165.49,96727.48,254,0.0289,8.3043,Top Revenue Contributors
CUST05775,Karan Sharma,16,38,392955.97,91170.12,255,0.0289,8.3332,Top Revenue Contributors
CUST00485,Aditya Mehta,18,53,392757.71,98400.07,256,0.0288,8.362,Top Revenue Contributors
CUST05883,Vivaan Kumar,15,41,392330.3,107689.02,257,0.0288,8.3908,Top Revenue Contributors
CUST04522,Meera Patil,15,42,392216.46,99058.32,258,0.0288,8.4196,Top Revenue Contributors
CUST05807,Isha Sharma,13,39,391822.37,101307.98,259,0.0288,8.4484,Top Revenue Contributors
CUST00821,Aarav Joshi,17,50,391812.58,107264.31,260,0.0288,8.4772,Top Revenue Contributors
CUST04665,Karan Mhaske,18,43,391766.16,119441.4,261,0.0288,8.5059,Top Revenue Contributors
CUST02935,Arjun Singh,12,33,391707.59,117615.68,262,0.0288,8.5347,Top Revenue Contributors
CUST01800,Ananya Deshmukh,19,49,391338.31,77907.79,263,0.0287,8.5635,Top Revenue Contributors
CUST01357,Priya Gupta,18,43,391229.58,83172.56,264,0.0287,8.5922,Top Revenue Contributors
CUST03310,Rohan Mehta,16,40,391002.45,112883.57,265,0.0287,8.6209,Top Revenue Contributors
CUST05116,Ananya Kumar,16,49,390987.49,100330.21,266,0.0287,8.6496,Top Revenue Contributors
CUST04750,Amit Verma,18,41,390981.86,81644.07,267,0.0287,8.6783,Top Revenue Contributors
CUST01297,Meera Joshi,22,58,390736.29,105943.56,268,0.0287,8.707,Top Revenue Contributors
CUST02361,Aditya Patil,18,49,390525.63,113487.57,269,0.0287,8.7357,Top Revenue Contributors
CUST04238,Isha Gupta,18,40,390520.81,94021.87,270,0.0287,8.7644,Top Revenue Contributors
CUST02588,Sneha Patil,15,46,390171.25,91641.1,271,0.0287,8.793,Top Revenue Contributors
CUST03073,Neha Shah,13,37,389488.84,80348.96,272,0.0286,8.8216,Top Revenue Contributors
CUST01575,Sneha Kumar,22,50,389460.19,94503.9,273,0.0286,8.8503,Top Revenue Contributors
CUST03505,Rahul Sharma,16,42,389009.26,87630.65,274,0.0286,8.8788,Top Revenue Contributors
CUST05614,Rohan Patil,16,46,388990.71,83797.61,275,0.0286,8.9074,Top Revenue Contributors
CUST00456,Meera Nair,14,34,388918.14,92412.81,276,0.0286,8.936,Top Revenue Contributors
CUST01187,Aditya Sharma,15,46,388828.69,75333.8,277,0.0286,8.9645,Top Revenue Contributors
CUST04521,Rahul Kumar,15,49,388190.7,101154.83,278,0.0285,8.993,Top Revenue Contributors
CUST00727,Arjun Joshi,21,51,387874.49,90967.78,279,0.0285,9.0215,Top Revenue Contributors
CUST02381,Isha Deshmukh,26,59,387858.95,99703.08,280,0.0285,9.05,Top Revenue Contributors
CUST00926,Karan Patil,16,40,387760.62,116597.47,281,0.0285,9.0785,Top Revenue Contributors
CUST03046,Aarav Mhaske,22,53,387696.79,85856.07,282,0.0285,9.1069,Top Revenue Contributors
CUST05589,Kavya Joshi,20,43,387655.65,96454.81,283,0.0285,9.1354,Top Revenue Contributors
CUST01611,Aditya Mehta,12,40,387120.95,115011.41,284,0.0284,9.1638,Top Revenue Contributors
CUST02666,Amit Kumar,19,44,387019.32,118448.17,285,0.0284,9.1923,Top Revenue Contributors
CUST03644,Kavya Nair,14,40,387016.43,94550.2,286,0.0284,9.2207,Top Revenue Contributors
CUST02396,Rahul Joshi,19,54,386986.39,108784.29,287,0.0284,9.2491,Top Revenue Contributors
CUST04089,Vivaan Nair,14,32,386884.75,97127.57,288,0.0284,9.2775,Top Revenue Contributors
CUST04673,Kavya Mhaske,16,43,386852.92,101009.23,289,0.0284,9.3059,Top Revenue Contributors
CUST00134,Meera Gupta,17,40,386708.39,90781.63,290,0.0284,9.3343,Top Revenue Contributors
CUST05930,Aarav Joshi,17,43,386505.09,105779.23,291,0.0284,9.3627,Top Revenue Contributors
CUST04874,Arjun Joshi,15,44,386498.87,102758.51,292,0.0284,9.3911,Top Revenue Contributors
CUST01728,Karan Nair,14,44,386428.35,92423.87,293,0.0284,9.4195,Top Revenue Contributors
CUST05196,Neha Kumar,15,44,386215.45,97899.55,294,0.0284,9.4478,Top Revenue Contributors
CUST01933,Rahul Deshmukh,25,56,385891.75,95007.82,295,0.0283,9.4762,Top Revenue Contributors
CUST05391,Rohan Nair,18,41,385796.89,101380.36,296,0.0283,9.5045,Top Revenue Contributors
CUST00881,Rahul Mhaske,14,39,385720.69,99824.43,297,0.0283,9.5328,Top Revenue Contributors
CUST04362,Neha Verma,13,35,385666.47,101435.32,298,0.0283,9.5612,Top Revenue Contributors
CUST00657,Priya Mehta,14,42,385494.34,79763.11,299,0.0283,9.5895,Top Revenue Contributors
CUST04520,Aditya Kumar,15,40,385470.23,105235.49,300,0.0283,9.6178,Top Revenue Contributors
CUST05484,Rohan Nair,19,46,385277.83,92608.95,301,0.0283,9.6461,Top Revenue Contributors
CUST00403,Aarav Shah,20,50,385265.74,88044.65,302,0.0283,9.6744,Top Revenue Contributors
CUST01814,Priya Gupta,18,45,385250.36,93600.53,303,0.0283,9.7027,Top Revenue Contributors
CUST05698,Kavya Deshmukh,14,39,385088.4,128106.4,304,0.0283,9.731,Top Revenue Contributors
CUST05029,Meera Singh,11,33,385067.9,84898.18,305,0.0283,9.7592,Top Revenue Contributors
CUST02641,Pooja Patil,15,42,384955.29,111947.47,306,0.0283,9.7875,Top Revenue Contributors
CUST01582,Ananya Gupta,14,40,384851.18,108802.02,307,0.0283,9.8158,Top Revenue Contributors
CUST03918,Vivaan Kumar,19,57,384839.18,69909.81,308,0.0283,9.844,Top Revenue Contributors
CUST00774,Aarav Singh,12,41,384838.23,78140.25,309,0.0283,9.8723,Top Revenue Contributors
CUST00366,Rohan Shah,19,45,384445.54,81422.89,310,0.0282,9.9005,Top Revenue Contributors
CUST05629,Rahul Singh,15,38,384282.87,114277.9,311,0.0282,9.9288,Top Revenue Contributors
CUST03031,Sneha Deshmukh,17,47,384256.12,99380.91,312,0.0282,9.957,Top Revenue Contributors
CUST04761,Priya Patil,16,42,384251.44,92875.89,313,0.0282,9.9852,Top Revenue Contributors
CUST04391,Amit Verma,15,35,384090.71,118706.5,314,0.0282,10.0134,Top Revenue Contributors
CUST01183,Rohan Mhaske,11,32,384065.25,112227.87,315,0.0282,10.0416,Top Revenue Contributors
CUST03722,Aarav Mhaske,17,39,383974.59,78410.81,316,0.0282,10.0698,Top Revenue Contributors
CUST05006,Pooja Shah,22,51,383770.65,89917.04,317,0.0282,10.098,Top Revenue Contributors
CUST04617,Amit Kumar,13,42,383638.4,85078.88,318,0.0282,10.1262,Top Revenue Contributors
CUST05237,Neha Gupta,18,49,383280.03,100568.3,319,0.0281,10.1543,Top Revenue Contributors
CUST02620,Amit Joshi,22,52,383219.43,120484.72,320,0.0281,10.1825,Top Revenue Contributors
CUST02810,Rohan Deshmukh,15,40,383124.12,83327.36,321,0.0281,10.2106,Top Revenue Contributors
CUST01725,Vivaan Shah,18,50,383019.33,84360.53,322,0.0281,10.2387,Top Revenue Contributors
CUST03045,Kavya Joshi,17,41,382931.96,100681.45,323,0.0281,10.2669,Top Revenue Contributors
CUST03867,Priya Singh,17,48,382641.98,98955.42,324,0.0281,10.295,Top Revenue Contributors
CUST04371,Kavya Nair,14,42,382468.94,100563.46,325,0.0281,10.323,Top Revenue Contributors
CUST05704,Aarav Nair,14,37,382277.39,84700.35,326,0.0281,10.3511,Top Revenue Contributors
CUST00131,Vivaan Gupta,16,48,382252.71,87388.55,327,0.0281,10.3792,Top Revenue Contributors
CUST04959,Meera Singh,21,51,382047.79,99191.68,328,0.0281,10.4073,Top Revenue Contributors
CUST04944,Aditya Patil,14,42,381816.12,70588.0,329,0.028,10.4353,Top Revenue Contributors
CUST01114,Priya Singh,15,39,381793.45,84463.36,330,0.028,10.4633,Top Revenue Contributors
CUST03129,Amit Mhaske,14,38,381057.0,88566.19,331,0.028,10.4913,Top Revenue Contributors
CUST04752,Pooja Joshi,18,46,381053.55,109239.03,332,0.028,10.5193,Top Revenue Contributors
CUST03411,Sneha Mhaske,17,47,380999.93,81444.03,333,0.028,10.5473,Top Revenue Contributors
CUST02946,Neha Mehta,20,57,380975.55,92875.58,334,0.028,10.5753,Top Revenue Contributors
CUST01080,Arjun Mehta,20,51,380464.64,76217.22,335,0.0279,10.6032,Top Revenue Contributors
CUST02517,Karan Mehta,14,41,380380.95,104465.6,336,0.0279,10.6311,Top Revenue Contributors
CUST05201,Aarav Shah,21,42,380319.22,105356.28,337,0.0279,10.6591,Top Revenue Contributors
CUST02125,Karan Joshi,14,41,380173.33,92609.5,338,0.0279,10.687,Top Revenue Contributors
CUST01393,Rahul Kumar,22,47,380131.21,100376.56,339,0.0279,10.7149,Top Revenue Contributors
CUST00306,Rohan Kumar,13,45,380120.01,86520.11,340,0.0279,10.7428,Top Revenue Contributors
CUST03518,Arjun Mhaske,23,50,379553.6,106285.2,341,0.0279,10.7707,Top Revenue Contributors
CUST01508,Karan Shah,20,46,379441.23,102047.36,342,0.0279,10.7986,Top Revenue Contributors
CUST05609,Ananya Nair,18,50,379341.83,96614.18,343,0.0279,10.8264,Top Revenue Contributors
CUST00577,Meera Mehta,15,51,379316.04,85631.69,344,0.0279,10.8543,Top Revenue Contributors
CUST00267,Rahul Joshi,17,49,379311.63,82777.84,345,0.0279,10.8821,Top Revenue Contributors
CUST04447,Vivaan Sharma,19,42,379304.89,126347.78,346,0.0279,10.91,Top Revenue Contributors
CUST03815,Arjun Nair,15,36,379141.13,106191.69,347,0.0278,10.9378,Top Revenue Contributors
CUST00894,Kavya Nair,18,36,378932.78,105854.85,348,0.0278,10.9657,Top Revenue Contributors
CUST03636,Vivaan Shah,14,36,378695.87,89890.15,349,0.0278,10.9935,Top Revenue Contributors
CUST04580,Neha Gupta,15,42,378599.95,114838.44,350,0.0278,11.0213,Top Revenue Contributors
CUST01308,Isha Patil,14,41,378560.62,84840.34,351,0.0278,11.0491,Top Revenue Contributors
CUST00875,Karan Patil,18,45,378472.14,107644.31,352,0.0278,11.0769,Top Revenue Contributors
CUST02211,Amit Shah,20,48,378328.58,91557.72,353,0.0278,11.1047,Top Revenue Contributors
CUST03718,Priya Gupta,15,48,378116.19,95254.75,354,0.0278,11.1324,Top Revenue Contributors
CUST03512,Rohan Gupta,20,51,377702.82,100091.47,355,0.0277,11.1602,Top Revenue Contributors
CUST02365,Rahul Verma,20,43,377518.11,97591.03,356,0.0277,11.1879,Top Revenue Contributors
CUST04624,Arjun Nair,15,35,377365.68,110683.49,357,0.0277,11.2156,Top Revenue Contributors
CUST03001,Aarav Nair,14,32,377286.07,91345.71,358,0.0277,11.2433,Top Revenue Contributors
CUST00687,Sneha Shah,17,45,377285.54,96886.84,359,0.0277,11.271,Top Revenue Contributors
CUST00877,Aarav Singh,13,39,377188.97,107570.25,360,0.0277,11.2987,Top Revenue Contributors
CUST04443,Arjun Mehta,16,43,377009.41,86079.57,361,0.0277,11.3264,Top Revenue Contributors
CUST00098,Amit Patil,17,53,376981.15,112108.54,362,0.0277,11.3541,Top Revenue Contributors
CUST00871,Karan Shah,18,46,376578.54,87194.19,363,0.0277,11.3818,Top Revenue Contributors
CUST01932,Arjun Mehta,21,47,376460.61,77647.73,364,0.0276,11.4094,Top Revenue Contributors
CUST05487,Rahul Deshmukh,16,38,375960.07,101757.28,365,0.0276,11.437,Top Revenue Contributors
CUST02566,Neha Deshmukh,17,41,375588.93,88128.34,366,0.0276,11.4646,Top Revenue Contributors
CUST02089,Pooja Gupta,22,46,375359.36,88003.83,367,0.0276,11.4922,Top Revenue Contributors
CUST03357,Karan Kumar,22,61,375359.22,77674.84,368,0.0276,11.5198,Top Revenue Contributors
CUST01087,Isha Patil,19,50,375342.45,89705.97,369,0.0276,11.5473,Top Revenue Contributors
CUST05768,Rohan Sharma,19,44,375243.57,87639.28,370,0.0276,11.5749,Top Revenue Contributors
CUST03650,Sneha Kumar,17,44,374813.41,95703.68,371,0.0275,11.6024,Top Revenue Contributors
CUST01606,Sneha Joshi,15,37,374790.94,109672.15,372,0.0275,11.6299,Top Revenue Contributors
CUST02025,Rahul Sharma,17,44,374335.6,81009.61,373,0.0275,11.6574,Top Revenue Contributors
CUST04232,Rohan Deshmukh,14,42,374273.85,91577.06,374,0.0275,11.6849,Top Revenue Contributors
CUST02229,Amit Deshmukh,20,51,373774.58,91138.2,375,0.0275,11.7124,Top Revenue Contributors
CUST00537,Aditya Shah,17,42,373661.2,97582.04,376,0.0274,11.7398,Top Revenue Contributors
CUST05578,Amit Mhaske,16,48,373628.36,85701.03,377,0.0274,11.7672,Top Revenue Contributors
CUST03552,Ananya Mhaske,13,35,373188.75,105808.09,378,0.0274,11.7946,Top Revenue Contributors
CUST04850,Priya Singh,18,44,373170.56,89761.58,379,0.0274,11.8221,Top Revenue Contributors
CUST02156,Meera Singh,17,47,373140.11,84730.39,380,0.0274,11.8495,Top Revenue Contributors
CUST05105,Vivaan Mehta,19,46,373128.94,97105.99,381,0.0274,11.8769,Top Revenue Contributors
CUST01035,Priya Nair,20,49,373103.04,105892.42,382,0.0274,11.9043,Top Revenue Contributors
CUST04344,Arjun Patil,18,53,373101.97,76578.92,383,0.0274,11.9317,Top Revenue Contributors
CUST04506,Priya Verma,18,44,372849.58,89753.48,384,0.0274,11.959,Top Revenue Contributors
CUST04030,Priya Nair,22,41,372692.94,89667.56,385,0.0274,11.9864,Top Revenue Contributors
CUST00586,Vivaan Verma,17,39,372680.16,84504.27,386,0.0274,12.0138,Top Revenue Contributors
CUST01097,Priya Shah,17,35,372561.83,78829.73,387,0.0274,12.0411,Top Revenue Contributors
CUST04563,Aditya Mehta,16,44,372394.21,98216.72,388,0.0273,12.0685,Top Revenue Contributors
CUST05562,Neha Nair,17,42,372303.62,95220.63,389,0.0273,12.0958,Top Revenue Contributors
CUST02104,Pooja Gupta,20,50,372225.6,75536.93,390,0.0273,12.1232,Top Revenue Contributors
CUST02249,Ananya Sharma,12,41,372005.33,77272.14,391,0.0273,12.1505,Top Revenue Contributors
CUST00279,Amit Verma,19,41,371911.12,83848.08,392,0.0273,12.1778,Top Revenue Contributors
CUST01235,Pooja Kumar,15,33,371752.31,103991.65,393,0.0273,12.2051,Top Revenue Contributors
CUST01911,Kavya Patil,17,41,371626.04,76560.25,394,0.0273,12.2324,Top Revenue Contributors
CUST00738,Pooja Patil,19,45,371100.74,77013.67,395,0.0273,12.2597,Top Revenue Contributors
CUST04436,Sneha Singh,15,40,370766.31,98495.54,396,0.0272,12.2869,Top Revenue Contributors
CUST04011,Isha Shah,22,51,370731.76,81978.66,397,0.0272,12.3141,Top Revenue Contributors
CUST01594,Ananya Verma,17,45,370557.01,92306.09,398,0.0272,12.3413,Top Revenue Contributors
CUST00152,Isha Joshi,18,39,370521.62,77405.51,399,0.0272,12.3685,Top Revenue Contributors
CUST01234,Arjun Deshmukh,14,37,370476.8,98545.84,400,0.0272,12.3958,Top Revenue Contributors
CUST01668,Vivaan Kumar,20,49,370120.45,102121.32,401,0.0272,12.4229,Top Revenue Contributors
CUST03541,Kavya Nair,21,55,370051.52,103822.47,402,0.0272,12.4501,Top Revenue Contributors
CUST04699,Amit Verma,11,40,369992.53,93923.42,403,0.0272,12.4773,Top Revenue Contributors
CUST00598,Pooja Gupta,19,42,369843.59,90049.0,404,0.0272,12.5044,Top Revenue Contributors
CUST00140,Pooja Kumar,16,43,369722.99,106545.99,405,0.0272,12.5316,Top Revenue Contributors
CUST02600,Kavya Gupta,13,37,369707.61,86737.76,406,0.0272,12.5588,Top Revenue Contributors
CUST00031,Aditya Deshmukh,20,49,369592.95,84127.38,407,0.0271,12.5859,Top Revenue Contributors
CUST05563,Isha Shah,16,47,369461.17,93576.81,408,0.0271,12.613,Top Revenue Contributors
CUST02957,Rahul Sharma,15,36,369447.94,88660.87,409,0.0271,12.6402,Top Revenue Contributors
CUST00074,Rohan Gupta,20,39,369434.19,86478.49,410,0.0271,12.6673,Top Revenue Contributors
CUST04213,Aditya Deshmukh,9,34,369241.93,96427.46,411,0.0271,12.6944,Top Revenue Contributors
CUST02306,Rahul Sharma,14,42,368901.41,111614.83,412,0.0271,12.7215,Top Revenue Contributors
CUST02721,Aarav Gupta,19,44,368645.43,99090.95,413,0.0271,12.7486,Top Revenue Contributors
CUST03033,Rahul Singh,22,55,368536.56,92800.86,414,0.0271,12.7756,Top Revenue Contributors
CUST01294,Priya Gupta,13,45,368417.07,104807.79,415,0.0271,12.8027,Top Revenue Contributors
CUST05441,Priya Sharma,14,41,368171.65,99975.09,416,0.027,12.8297,Top Revenue Contributors
CUST00435,Aarav Gupta,16,41,368115.52,102581.36,417,0.027,12.8568,Top Revenue Contributors
CUST02998,Amit Deshmukh,12,41,367914.03,102313.38,418,0.027,12.8838,Top Revenue Contributors
CUST03999,Meera Kumar,15,41,367828.32,90944.16,419,0.027,12.9108,Top Revenue Contributors
CUST04887,Ananya Patil,16,42,367614.22,73145.87,420,0.027,12.9378,Top Revenue Contributors
CUST00467,Sneha Patil,16,50,367437.69,111836.75,421,0.027,12.9648,Top Revenue Contributors
CUST00427,Neha Singh,15,37,367304.44,90908.65,422,0.027,12.9918,Top Revenue Contributors
CUST05597,Isha Gupta,15,32,367242.68,86952.81,423,0.027,13.0187,Top Revenue Contributors
CUST05001,Isha Gupta,14,40,367117.5,86732.51,424,0.027,13.0457,Top Revenue Contributors
CUST05117,Priya Joshi,16,53,366984.94,94116.58,425,0.027,13.0727,Top Revenue Contributors
CUST03203,Sneha Sharma,16,38,366212.51,84142.52,426,0.0269,13.0995,Top Revenue Contributors
CUST05681,Sneha Kumar,16,49,365797.21,73633.64,427,0.0269,13.1264,Top Revenue Contributors
CUST00186,Amit Kumar,14,33,365623.0,85134.24,428,0.0269,13.1533,Top Revenue Contributors
CUST00879,Priya Patil,14,36,365466.6,101693.15,429,0.0268,13.1801,Top Revenue Contributors
CUST00595,Isha Mehta,13,32,365071.7,96689.84,430,0.0268,13.2069,Top Revenue Contributors
CUST03168,Sneha Sharma,20,46,364943.78,82389.75,431,0.0268,13.2337,Top Revenue Contributors
CUST04376,Sneha Kumar,18,47,364743.05,82215.46,432,0.0268,13.2605,Top Revenue Contributors
CUST04469,Ananya Patil,15,44,364544.32,65693.63,433,0.0268,13.2873,Top Revenue Contributors
CUST01916,Sneha Patil,14,36,364479.84,82066.52,434,0.0268,13.314,Top Revenue Contributors
CUST03574,Priya Mhaske,15,34,364295.95,85215.16,435,0.0268,13.3408,Top Revenue Contributors
CUST02637,Sneha Shah,13,41,364265.23,94855.27,436,0.0268,13.3676,Top Revenue Contributors
CUST02813,Neha Nair,16,50,364155.78,76776.18,437,0.0267,13.3943,Top Revenue Contributors
CUST02939,Karan Patil,15,39,363979.22,105207.57,438,0.0267,13.421,Top Revenue Contributors
CUST01988,Priya Mhaske,14,43,363592.25,99070.48,439,0.0267,13.4477,Top Revenue Contributors
CUST02122,Rahul Mhaske,14,42,363495.7,95214.37,440,0.0267,13.4744,Top Revenue Contributors
CUST03302,Rahul Gupta,17,43,363450.03,94887.68,441,0.0267,13.5011,Top Revenue Contributors
CUST01723,Rohan Nair,16,42,363414.33,105057.74,442,0.0267,13.5278,Top Revenue Contributors
CUST04880,Meera Joshi,17,42,363389.22,96810.5,443,0.0267,13.5545,Top Revenue Contributors
CUST00465,Ananya Nair,19,41,363268.53,106237.77,444,0.0267,13.5812,Top Revenue Contributors
CUST00228,Kavya Shah,19,47,362984.07,87899.18,445,0.0267,13.6078,Top Revenue Contributors
CUST05587,Vivaan Singh,14,39,362554.65,87800.42,446,0.0266,13.6345,Top Revenue Contributors
CUST02547,Aditya Verma,21,55,362445.55,85699.09,447,0.0266,13.6611,Top Revenue Contributors
CUST01634,Pooja Singh,22,52,362161.67,86655.25,448,0.0266,13.6877,Top Revenue Contributors
CUST02891,Isha Singh,19,47,362027.47,75267.78,449,0.0266,13.7143,Top Revenue Contributors
CUST00223,Vivaan Mehta,13,33,361864.0,116200.39,450,0.0266,13.7408,Top Revenue Contributors
CUST01471,Karan Mhaske,17,46,361560.24,106832.13,451,0.0266,13.7674,Top Revenue Contributors
CUST05908,Vivaan Sharma,19,48,361008.51,85030.7,452,0.0265,13.7939,Top Revenue Contributors
CUST04861,Aditya Shah,19,55,360926.84,94891.13,453,0.0265,13.8204,Top Revenue Contributors
CUST04285,Rahul Gupta,19,53,360835.05,82401.68,454,0.0265,13.8469,Top Revenue Contributors
CUST05264,Rohan Gupta,14,45,360818.38,98987.92,455,0.0265,13.8734,Top Revenue Contributors
CUST01687,Ananya Mehta,14,47,360486.27,78942.93,456,0.0265,13.8999,Top Revenue Contributors
CUST00642,Pooja Verma,18,46,360241.97,103216.49,457,0.0265,13.9263,Top Revenue Contributors
CUST05085,Priya Singh,14,40,360150.91,76444.64,458,0.0265,13.9528,Top Revenue Contributors
CUST00520,Rahul Mehta,17,40,360118.8,105513.62,459,0.0264,13.9792,Top Revenue Contributors
CUST04866,Karan Joshi,19,42,360108.98,112674.79,460,0.0264,14.0057,Top Revenue Contributors
CUST01072,Isha Kumar,17,34,359963.8,98387.26,461,0.0264,14.0321,Top Revenue Contributors
CUST03917,Sneha Nair,18,42,359806.87,88607.48,462,0.0264,14.0586,Top Revenue Contributors
CUST05937,Vivaan Singh,11,36,359726.17,96050.43,463,0.0264,14.085,Top Revenue Contributors
CUST03282,Rahul Joshi,12,41,359660.68,87939.4,464,0.0264,14.1114,Top Revenue Contributors
CUST04431,Arjun Sharma,16,45,359563.36,77880.39,465,0.0264,14.1378,Top Revenue Contributors
CUST00386,Rahul Patil,20,44,359380.43,94056.21,466,0.0264,14.1642,Top Revenue Contributors
CUST04498,Neha Gupta,17,43,359292.68,88591.6,467,0.0264,14.1906,Top Revenue Contributors
CUST03295,Rahul Gupta,18,52,359260.48,74249.03,468,0.0264,14.217,Top Revenue Contributors
CUST04304,Aarav Gupta,16,47,359073.65,100389.09,469,0.0264,14.2433,Top Revenue Contributors
CUST02612,Karan Shah,14,34,358817.97,97546.45,470,0.0264,14.2697,Top Revenue Contributors
CUST03392,Karan Gupta,19,56,358793.37,62264.43,471,0.0264,14.296,Top Revenue Contributors
CUST00295,Meera Kumar,13,29,358777.42,80941.32,472,0.0263,14.3224,Top Revenue Contributors
CUST01154,Arjun Kumar,18,44,358678.91,105759.45,473,0.0263,14.3487,Top Revenue Contributors
CUST05631,Aarav Mhaske,14,35,358566.74,111656.98,474,0.0263,14.3751,Top Revenue Contributors
CUST04198,Aditya Nair,18,41,358512.23,77108.72,475,0.0263,14.4014,Top Revenue Contributors
CUST01598,Kavya Gupta,17,50,358417.24,87579.32,476,0.0263,14.4277,Top Revenue Contributors
CUST04820,Karan Singh,12,35,358379.16,102327.77,477,0.0263,14.454,Top Revenue Contributors
CUST02206,Ananya Gupta,19,50,358272.99,104883.76,478,0.0263,14.4803,Top Revenue Contributors
CUST03511,Rohan Gupta,14,35,358263.86,93364.99,479,0.0263,14.5067,Top Revenue Contributors
CUST03713,Rohan Shah,19,44,358227.27,83865.15,480,0.0263,14.533,Top Revenue Contributors
CUST01768,Priya Kumar,17,48,358180.44,81174.54,481,0.0263,14.5593,Top Revenue Contributors
CUST04554,Isha Mhaske,16,45,358033.53,76296.83,482,0.0263,14.5856,Top Revenue Contributors
CUST05080,Pooja Shah,14,36,357992.16,105798.62,483,0.0263,14.6119,Top Revenue Contributors
CUST04811,Aditya Verma,13,36,357779.46,81955.48,484,0.0263,14.6381,Top Revenue Contributors
CUST04409,Rahul Joshi,17,47,357626.49,95695.58,485,0.0263,14.6644,Top Revenue Contributors
CUST03611,Karan Deshmukh,21,54,357556.53,81102.0,486,0.0263,14.6907,Top Revenue Contributors
CUST02750,Aditya Mhaske,15,44,357283.43,74378.91,487,0.0262,14.7169,Top Revenue Contributors
CUST01214,Pooja Sharma,15,44,357226.95,68654.8,488,0.0262,14.7431,Top Revenue Contributors
CUST01211,Amit Deshmukh,14,39,357159.8,95597.71,489,0.0262,14.7694,Top Revenue Contributors
CUST04832,Aditya Kumar,18,45,356995.45,79575.9,490,0.0262,14.7956,Top Revenue Contributors
CUST01839,Rohan Gupta,15,50,356780.45,84546.98,491,0.0262,14.8218,Top Revenue Contributors
CUST00162,Neha Sharma,16,47,356746.48,85825.31,492,0.0262,14.848,Top Revenue Contributors
CUST04916,Isha Verma,17,43,356732.21,101400.03,493,0.0262,14.8742,Top Revenue Contributors
CUST00203,Amit Patil,15,38,356180.65,108603.65,494,0.0262,14.9003,Top Revenue Contributors
CUST01396,Karan Nair,18,50,356024.4,98757.94,495,0.0261,14.9265,Top Revenue Contributors
CUST01240,Karan Joshi,9,38,355455.83,100012.36,496,0.0261,14.9526,Top Revenue Contributors
CUST04908,Sneha Joshi,20,54,355371.35,92686.61,497,0.0261,14.9787,Top Revenue Contributors
CUST04209,Rohan Sharma,14,35,355225.57,92310.13,498,0.0261,15.0048,Top Revenue Contributors
CUST05572,Kavya Deshmukh,13,31,355175.72,81379.39,499,0.0261,15.0309,Top Revenue Contributors
CUST02900,Aarav Joshi,17,42,354930.01,102201.78,500,0.0261,15.0569,Top Revenue Contributors
CUST04282,Vivaan Shah,14,39,354739.68,84412.09,501,0.0261,15.083,Top Revenue Contributors
CUST01500,Rohan Kumar,12,39,354587.84,107626.38,502,0.026,15.109,Top Revenue Contributors
CUST01257,Vivaan Nair,16,44,354444.49,100091.94,503,0.026,15.1351,Top Revenue Contributors
CUST00385,Kavya Deshmukh,16,36,354035.52,95304.44,504,0.026,15.1611,Top Revenue Contributors
CUST03735,Ananya Mhaske,19,57,353991.01,82475.41,505,0.026,15.1871,Top Revenue Contributors
CUST00739,Rahul Sharma,11,32,353943.37,84712.06,506,0.026,15.213,Top Revenue Contributors
CUST04459,Aditya Sharma,19,43,353867.46,87933.69,507,0.026,15.239,Top Revenue Contributors
CUST04732,Vivaan Mehta,10,31,353640.04,98524.91,508,0.026,15.265,Top Revenue Contributors
CUST05101,Priya Shah,16,49,353636.62,82241.51,509,0.026,15.291,Top Revenue Contributors
CUST00466,Ananya Gupta,17,41,353589.96,64291.36,510,0.026,15.3169,Top Revenue Contributors
CUST05537,Arjun Kumar,16,38,353540.39,93110.08,511,0.026,15.3429,Top Revenue Contributors
CUST04562,Rahul Deshmukh,14,46,353287.88,80736.36,512,0.0259,15.3689,Top Revenue Contributors
CUST03027,Kavya Kumar,20,50,353244.14,76068.37,513,0.0259,15.3948,Top Revenue Contributors
CUST04935,Ananya Gupta,16,44,353138.83,92607.44,514,0.0259,15.4207,Top Revenue Contributors
CUST02016,Pooja Singh,16,43,353137.47,89984.35,515,0.0259,15.4467,Top Revenue Contributors
CUST01998,Priya Gupta,12,37,352803.56,93304.97,516,0.0259,15.4726,Top Revenue Contributors
CUST00275,Pooja Mhaske,14,42,352751.71,60442.74,517,0.0259,15.4985,Top Revenue Contributors
CUST05213,Rahul Singh,18,48,352749.56,91834.89,518,0.0259,15.5244,Top Revenue Contributors
CUST04069,Neha Singh,11,36,352664.32,88644.6,519,0.0259,15.5503,Top Revenue Contributors
CUST01540,Aarav Mhaske,16,40,352534.32,103126.76,520,0.0259,15.5762,Top Revenue Contributors
CUST05514,Priya Gupta,21,50,352077.99,90612.82,521,0.0259,15.602,Top Revenue Contributors
CUST02214,Aditya Joshi,14,42,351785.32,101382.09,522,0.0258,15.6279,Top Revenue Contributors
CUST01672,Sneha Deshmukh,18,35,351578.31,73106.91,523,0.0258,15.6537,Top Revenue Contributors
CUST01492,Isha Verma,9,35,351565.85,81048.94,524,0.0258,15.6795,Top Revenue Contributors
CUST03914,Aditya Mhaske,16,45,351318.63,93747.72,525,0.0258,15.7053,Top Revenue Contributors
CUST04983,Meera Verma,15,40,351222.23,95725.69,526,0.0258,15.7311,Top Revenue Contributors
CUST04948,Meera Gupta,15,42,351207.8,79393.43,527,0.0258,15.7569,Top Revenue Contributors
CUST00311,Aditya Joshi,12,36,350565.08,108686.68,528,0.0257,15.7827,Top Revenue Contributors
CUST03780,Amit Sharma,17,48,350499.71,76672.42,529,0.0257,15.8084,Top Revenue Contributors
CUST03677,Amit Singh,17,41,350230.3,92057.21,530,0.0257,15.8341,Top Revenue Contributors
CUST02496,Ananya Deshmukh,12,35,350228.35,118020.08,531,0.0257,15.8598,Top Revenue Contributors
CUST05763,Priya Verma,19,54,350185.86,86033.52,532,0.0257,15.8856,Top Revenue Contributors
CUST02921,Vivaan Mhaske,15,37,350078.04,83554.96,533,0.0257,15.9113,Top Revenue Contributors
CUST02781,Aarav Gupta,18,35,350075.76,96790.7,534,0.0257,15.937,Top Revenue Contributors
CUST01513,Rohan Patil,18,42,349851.89,95946.84,535,0.0257,15.9627,Top Revenue Contributors
CUST04774,Aarav Verma,17,40,349786.29,97747.93,536,0.0257,15.9884,Top Revenue Contributors
CUST03038,Vivaan Kumar,13,37,349736.4,82991.84,537,0.0257,16.014,Top Revenue Contributors
CUST01507,Vivaan Kumar,14,48,349672.51,83900.85,538,0.0257,16.0397,Top Revenue Contributors
CUST05900,Karan Patil,19,44,349583.94,82459.07,539,0.0257,16.0654,Top Revenue Contributors
CUST03813,Meera Sharma,16,43,349326.2,106892.74,540,0.0257,16.0911,Top Revenue Contributors
CUST00806,Aditya Gupta,21,58,349282.11,76999.92,541,0.0257,16.1167,Top Revenue Contributors
CUST01348,Isha Sharma,16,41,349241.11,77430.99,542,0.0256,16.1424,Top Revenue Contributors
CUST00479,Priya Verma,13,39,348548.88,95361.87,543,0.0256,16.168,Top Revenue Contributors
CUST01138,Priya Shah,12,29,348525.31,83536.22,544,0.0256,16.1935,Top Revenue Contributors
CUST00232,Isha Sharma,19,42,348432.92,82574.26,545,0.0256,16.2191,Top Revenue Contributors
CUST02424,Vivaan Sharma,13,38,348249.5,65455.13,546,0.0256,16.2447,Top Revenue Contributors
CUST04083,Karan Kumar,12,34,348210.18,105124.23,547,0.0256,16.2703,Top Revenue Contributors
CUST02805,Aarav Patil,18,48,348155.22,91227.21,548,0.0256,16.2959,Top Revenue Contributors
CUST03317,Aditya Mhaske,15,41,348060.49,78788.17,549,0.0256,16.3214,Top Revenue Contributors
CUST05810,Aditya Mehta,19,51,347905.81,86402.21,550,0.0256,16.347,Top Revenue Contributors
CUST05800,Aditya Mhaske,16,44,347885.38,82539.0,551,0.0255,16.3725,Top Revenue Contributors
CUST05745,Sneha Nair,17,46,347861.02,100831.59,552,0.0255,16.3981,Top Revenue Contributors
CUST04790,Kavya Joshi,20,55,347721.94,78477.87,553,0.0255,16.4236,Top Revenue Contributors
CUST00581,Kavya Kumar,16,43,347684.53,71293.47,554,0.0255,16.4491,Top Revenue Contributors
CUST04385,Neha Verma,14,39,347567.0,111301.25,555,0.0255,16.4747,Top Revenue Contributors
CUST00784,Isha Deshmukh,20,44,347507.76,81644.93,556,0.0255,16.5002,Top Revenue Contributors
CUST05716,Vivaan Verma,16,41,347494.28,98060.61,557,0.0255,16.5257,Top Revenue Contributors
CUST00521,Vivaan Nair,18,47,347426.27,68734.52,558,0.0255,16.5512,Top Revenue Contributors
CUST02544,Priya Deshmukh,17,41,347242.58,87515.13,559,0.0255,16.5767,Top Revenue Contributors
CUST03656,Amit Mehta,14,42,346726.78,69430.05,560,0.0255,16.6022,Top Revenue Contributors
CUST00845,Priya Singh,15,40,346696.84,100506.86,561,0.0255,16.6276,Top Revenue Contributors
CUST05301,Karan Patil,20,48,346648.36,81470.45,562,0.0255,16.6531,Top Revenue Contributors
CUST04307,Rahul Gupta,13,36,346540.56,91726.36,563,0.0255,16.6786,Top Revenue Contributors
CUST02774,Isha Shah,16,34,346455.38,95794.33,564,0.0254,16.704,Top Revenue Contributors
CUST00554,Priya Shah,15,34,346375.81,84117.97,565,0.0254,16.7294,Top Revenue Contributors
CUST03584,Priya Nair,14,46,346286.23,99869.3,566,0.0254,16.7549,Top Revenue Contributors
CUST04724,Neha Shah,18,50,346171.42,82563.05,567,0.0254,16.7803,Top Revenue Contributors
CUST02831,Rohan Verma,14,39,345798.37,68554.5,568,0.0254,16.8057,Top Revenue Contributors
CUST02000,Isha Mehta,17,35,345513.01,73851.17,569,0.0254,16.8311,Top Revenue Contributors
CUST01670,Meera Gupta,15,40,345483.32,99073.71,570,0.0254,16.8564,Top Revenue Contributors
CUST02279,Sneha Nair,14,31,345462.88,94133.99,571,0.0254,16.8818,Top Revenue Contributors
CUST03888,Vivaan Kumar,17,45,345436.72,92366.63,572,0.0254,16.9072,Top Revenue Contributors
CUST01618,Rohan Patil,14,38,345436.16,109457.43,573,0.0254,16.9325,Top Revenue Contributors
CUST02246,Vivaan Mhaske,17,39,345421.02,97432.91,574,0.0254,16.9579,Top Revenue Contributors
CUST05385,Ananya Mhaske,18,37,345388.09,84999.19,575,0.0254,16.9833,Top Revenue Contributors
CUST01506,Meera Singh,14,33,345290.76,114841.46,576,0.0254,17.0086,Top Revenue Contributors
CUST02069,Karan Singh,19,49,345266.81,78830.17,577,0.0254,17.034,Top Revenue Contributors
CUST01981,Amit Kumar,16,40,344916.68,111229.37,578,0.0253,17.0593,Top Revenue Contributors
CUST01179,Kavya Joshi,17,41,344830.33,98542.54,579,0.0253,17.0847,Top Revenue Contributors
CUST00197,Aarav Mehta,17,46,344709.55,77987.21,580,0.0253,17.11,Top Revenue Contributors
CUST00900,Pooja Kumar,16,42,344496.71,78163.17,581,0.0253,17.1353,Top Revenue Contributors
CUST03429,Kavya Verma,18,40,344350.35,83199.57,582,0.0253,17.1606,Top Revenue Contributors
CUST03004,Kavya Gupta,15,36,344238.43,91650.65,583,0.0253,17.1858,Top Revenue Contributors
CUST02330,Isha Kumar,16,45,344120.65,71453.16,584,0.0253,17.2111,Top Revenue Contributors
CUST05660,Neha Patil,15,36,344105.28,88240.07,585,0.0253,17.2364,Top Revenue Contributors
CUST01365,Priya Joshi,12,37,343830.67,63670.99,586,0.0253,17.2616,Top Revenue Contributors
CUST02593,Rahul Gupta,14,31,343651.71,90646.82,587,0.0252,17.2869,Top Revenue Contributors
CUST03296,Karan Verma,19,44,343590.5,84682.38,588,0.0252,17.3121,Top Revenue Contributors
CUST02690,Pooja Patil,13,32,343571.32,91104.8,589,0.0252,17.3373,Top Revenue Contributors
CUST05266,Vivaan Mhaske,13,36,343560.19,94578.28,590,0.0252,17.3626,Top Revenue Contributors
CUST04567,Sneha Gupta,23,58,343509.7,76036.23,591,0.0252,17.3878,Top Revenue Contributors
CUST05809,Rohan Mhaske,15,31,343465.95,87274.31,592,0.0252,17.413,Top Revenue Contributors
CUST04784,Karan Shah,20,50,343465.8,70563.09,593,0.0252,17.4383,Top Revenue Contributors
CUST01350,Arjun Mhaske,20,61,343406.64,73545.02,594,0.0252,17.4635,Top Revenue Contributors
CUST00458,Neha Mehta,18,51,343352.15,92972.12,595,0.0252,17.4887,Top Revenue Contributors
CUST05422,Rahul Deshmukh,13,32,343300.68,80542.57,596,0.0252,17.5139,Top Revenue Contributors
CUST03622,Aditya Shah,15,47,343281.36,70075.96,597,0.0252,17.5391,Top Revenue Contributors
CUST05603,Arjun Gupta,17,51,343230.93,86297.64,598,0.0252,17.5643,Top Revenue Contributors
CUST05126,Kavya Gupta,15,37,343224.54,84228.94,599,0.0252,17.5895,Top Revenue Contributors
CUST04584,Rahul Gupta,16,39,343163.91,85061.2,600,0.0252,17.6147,Top Revenue Contributors
CUST00153,Vivaan Mhaske,17,38,342996.84,71190.88,601,0.0252,17.6399,Top Revenue Contributors
CUST03639,Ananya Gupta,15,42,342840.38,86895.49,602,0.0252,17.6651,Top Revenue Contributors
CUST01580,Aditya Mhaske,16,43,342812.57,75794.53,603,0.0252,17.6903,Top Revenue Contributors
CUST05581,Aditya Kumar,15,31,342763.08,68650.33,604,0.0252,17.7154,Top Revenue Contributors
CUST03210,Neha Verma,13,36,342606.59,76310.76,605,0.0252,17.7406,Top Revenue Contributors
CUST00527,Priya Verma,13,34,342489.2,99832.48,606,0.0252,17.7658,Top Revenue Contributors
CUST01586,Karan Patil,15,41,342260.33,105295.48,607,0.0251,17.7909,Top Revenue Contributors
CUST01591,Neha Joshi,12,41,342230.55,82459.76,608,0.0251,17.816,Top Revenue Contributors
CUST03613,Rahul Deshmukh,13,35,341857.91,60548.45,609,0.0251,17.8411,Top Revenue Contributors
CUST01175,Karan Shah,21,46,341689.63,92295.78,610,0.0251,17.8662,Top Revenue Contributors
CUST02489,Priya Sharma,16,36,341689.6,94716.21,611,0.0251,17.8913,Top Revenue Contributors
CUST00668,Amit Nair,14,35,341667.16,82155.94,612,0.0251,17.9164,Top Revenue Contributors
CUST03968,Vivaan Kumar,19,44,341315.35,76788.42,613,0.0251,17.9415,Top Revenue Contributors
CUST04882,Aarav Sharma,18,47,341296.76,75790.72,614,0.0251,17.9666,Top Revenue Contributors
CUST02319,Vivaan Deshmukh,19,50,341212.29,70567.57,615,0.0251,17.9916,Top Revenue Contributors
CUST03912,Vivaan Deshmukh,15,39,341181.55,108327.21,616,0.0251,18.0167,Top Revenue Contributors
CUST01374,Kavya Singh,18,47,341147.03,82067.88,617,0.0251,18.0417,Top Revenue Contributors
CUST02878,Arjun Mehta,17,40,341078.26,81278.2,618,0.025,18.0668,Top Revenue Contributors
CUST04823,Rahul Nair,16,45,341030.06,88682.81,619,0.025,18.0918,Top Revenue Contributors
CUST03595,Aarav Mehta,17,48,340982.77,60808.69,620,0.025,18.1169,Top Revenue Contributors
CUST03227,Meera Shah,13,39,340889.82,84127.33,621,0.025,18.1419,Top Revenue Contributors
CUST04261,Amit Deshmukh,13,39,340888.57,83190.52,622,0.025,18.1669,Top Revenue Contributors
CUST05376,Rohan Gupta,17,43,340622.45,75602.37,623,0.025,18.1919,Top Revenue Contributors
CUST02261,Aarav Nair,13,34,340342.11,80924.56,624,0.025,18.2169,Top Revenue Contributors
CUST00566,Sneha Singh,19,35,340307.45,95882.1,625,0.025,18.2419,Top Revenue Contributors
CUST05265,Isha Mehta,16,37,340231.09,77793.96,626,0.025,18.2669,Top Revenue Contributors
CUST02073,Ananya Mhaske,15,35,340204.15,94139.93,627,0.025,18.2919,Top Revenue Contributors
CUST00413,Kavya Mhaske,16,42,340194.75,82647.46,628,0.025,18.3169,Top Revenue Contributors
CUST00205,Meera Patil,15,40,340132.2,78876.02,629,0.025,18.3419,Top Revenue Contributors
CUST02829,Vivaan Singh,18,46,340050.71,83477.82,630,0.025,18.3668,Top Revenue Contributors
CUST00240,Sneha Verma,14,46,340044.74,89490.26,631,0.025,18.3918,Top Revenue Contributors
CUST04247,Sneha Gupta,18,37,339906.91,99752.16,632,0.025,18.4168,Top Revenue Contributors
CUST00725,Amit Mhaske,19,42,339847.77,84749.59,633,0.025,18.4417,Top Revenue Contributors
CUST01059,Vivaan Sharma,15,40,339804.98,83258.64,634,0.025,18.4667,Top Revenue Contributors
CUST05645,Kavya Shah,13,34,339778.35,84034.35,635,0.025,18.4917,Top Revenue Contributors
CUST02913,Rahul Mhaske,20,50,339765.8,90306.44,636,0.025,18.5166,Top Revenue Contributors
CUST01607,Ananya Patil,17,39,339679.52,73277.98,637,0.0249,18.5416,Top Revenue Contributors
CUST05342,Kavya Gupta,19,42,339550.52,77695.25,638,0.0249,18.5665,Top Revenue Contributors
CUST00328,Rohan Patil,18,41,339453.94,93612.49,639,0.0249,18.5914,Top Revenue Contributors
CUST00235,Rohan Shah,13,35,339418.17,94953.12,640,0.0249,18.6163,Top Revenue Contributors
CUST03147,Sneha Verma,17,41,339407.63,87513.84,641,0.0249,18.6413,Top Revenue Contributors
CUST01795,Kavya Verma,15,40,339332.13,99538.65,642,0.0249,18.6662,Top Revenue Contributors
CUST03440,Ananya Nair,16,40,339327.08,80761.09,643,0.0249,18.6911,Top Revenue Contributors
CUST00899,Neha Mhaske,18,43,339313.9,73920.93,644,0.0249,18.716,Top Revenue Contributors
CUST00069,Aarav Gupta,16,38,339072.74,67868.95,645,0.0249,18.7409,Top Revenue Contributors
CUST01472,Ananya Sharma,16,43,339062.7,89064.46,646,0.0249,18.7658,Top Revenue Contributors
CUST04144,Arjun Deshmukh,16,36,338970.39,96871.92,647,0.0249,18.7907,Top Revenue Contributors
CUST05732,Aarav Mehta,16,39,338566.03,100269.15,648,0.0249,18.8156,Top Revenue Contributors
CUST05588,Ananya Sharma,14,32,338559.48,73938.83,649,0.0249,18.8405,Top Revenue Contributors
CUST00991,Kavya Nair,19,43,338445.96,65374.3,650,0.0249,18.8653,Top Revenue Contributors
CUST05217,Isha Sharma,13,37,338295.81,63496.44,651,0.0248,18.8902,Top Revenue Contributors
CUST04326,Meera Patil,15,39,338291.96,62584.37,652,0.0248,18.915,Top Revenue Contributors
CUST03496,Ananya Patil,16,41,338160.79,71213.12,653,0.0248,18.9398,Top Revenue Contributors
CUST05881,Amit Verma,18,44,338129.58,75439.57,654,0.0248,18.9647,Top Revenue Contributors
CUST02287,Rohan Mhaske,16,43,338089.93,76059.5,655,0.0248,18.9895,Top Revenue Contributors
CUST00277,Aditya Mhaske,14,36,338054.22,71899.23,656,0.0248,19.0143,Top Revenue Contributors
CUST05418,Ananya Mhaske,13,43,338009.49,90775.85,657,0.0248,19.0392,Top Revenue Contributors
CUST00724,Neha Deshmukh,15,36,337990.33,87949.49,658,0.0248,19.064,Top Revenue Contributors
CUST02809,Sneha Patil,16,41,337739.83,74831.98,659,0.0248,19.0888,Top Revenue Contributors
CUST05561,Aditya Deshmukh,14,34,337736.12,88087.44,660,0.0248,19.1136,Top Revenue Contributors
CUST00117,Meera Singh,11,34,337724.18,101275.44,661,0.0248,19.1384,Top Revenue Contributors
CUST01229,Sneha Joshi,15,38,337716.22,95845.15,662,0.0248,19.1632,Top Revenue Contributors
CUST00195,Meera Deshmukh,18,43,337674.81,73753.86,663,0.0248,19.188,Top Revenue Contributors
CUST04166,Meera Nair,12,41,337519.73,83971.89,664,0.0248,19.2128,Top Revenue Contributors
CUST01387,Vivaan Mhaske,15,43,337491.89,70169.43,665,0.0248,19.2376,Top Revenue Contributors
CUST04974,Ananya Deshmukh,13,32,337174.44,75511.57,666,0.0248,19.2623,Top Revenue Contributors
CUST00940,Arjun Deshmukh,15,40,337058.75,76037.83,667,0.0248,19.2871,Top Revenue Contributors
CUST03156,Rahul Verma,15,37,336998.68,92658.12,668,0.0247,19.3118,Top Revenue Contributors
CUST01381,Rohan Joshi,21,44,336967.8,75510.68,669,0.0247,19.3366,Top Revenue Contributors
CUST00096,Sneha Kumar,16,37,336925.98,89225.2,670,0.0247,19.3613,Top Revenue Contributors
CUST04170,Arjun Deshmukh,13,37,336866.98,100192.33,671,0.0247,19.3861,Top Revenue Contributors
CUST01510,Neha Kumar,17,39,336727.47,102635.12,672,0.0247,19.4108,Top Revenue Contributors
CUST03606,Aarav Nair,16,45,336611.48,97256.98,673,0.0247,19.4355,Top Revenue Contributors
CUST02796,Rahul Gupta,17,37,336434.55,95861.82,674,0.0247,19.4602,Top Revenue Contributors
CUST02332,Neha Shah,14,35,336384.29,70009.03,675,0.0247,19.4849,Top Revenue Contributors
CUST05634,Pooja Gupta,15,37,336323.67,90763.14,676,0.0247,19.5096,Top Revenue Contributors
CUST04727,Ananya Sharma,17,39,336315.09,72558.57,677,0.0247,19.5343,Top Revenue Contributors
CUST05291,Sneha Nair,14,36,336110.84,96447.42,678,0.0247,19.559,Top Revenue Contributors
CUST04042,Rahul Sharma,18,37,336101.88,93678.3,679,0.0247,19.5837,Top Revenue Contributors
CUST01474,Kavya Patil,13,39,335785.03,70202.43,680,0.0247,19.6084,Top Revenue Contributors
CUST05009,Arjun Sharma,13,39,335770.13,103284.51,681,0.0247,19.633,Top Revenue Contributors
CUST03153,Isha Kumar,19,48,335715.06,75329.69,682,0.0247,19.6577,Top Revenue Contributors
CUST04080,Amit Shah,18,42,335649.73,86555.35,683,0.0247,19.6823,Top Revenue Contributors
CUST05390,Arjun Mhaske,19,39,335640.07,78666.57,684,0.0246,19.707,Top Revenue Contributors
CUST04100,Aditya Kumar,15,34,335502.19,84786.78,685,0.0246,19.7316,Top Revenue Contributors
CUST05843,Pooja Kumar,13,41,335457.17,83832.44,686,0.0246,19.7562,Top Revenue Contributors
CUST00281,Priya Shah,17,40,335452.95,84773.23,687,0.0246,19.7809,Top Revenue Contributors
CUST04449,Ananya Mehta,12,34,335432.4,88207.74,688,0.0246,19.8055,Top Revenue Contributors
CUST01698,Pooja Patil,12,34,335331.41,84041.96,689,0.0246,19.8301,Top Revenue Contributors
CUST01274,Priya Nair,18,48,335324.85,66990.0,690,0.0246,19.8548,Top Revenue Contributors
CUST04547,Neha Mehta,12,29,335271.75,103064.1,691,0.0246,19.8794,Top Revenue Contributors
CUST01460,Neha Gupta,17,46,335249.08,101834.85,692,0.0246,19.904,Top Revenue Contributors
CUST01417,Priya Verma,13,39,335216.74,94225.28,693,0.0246,19.9286,Top Revenue Contributors
CUST01419,Vivaan Kumar,17,39,335113.81,75613.88,694,0.0246,19.9532,Top Revenue Contributors
CUST01959,Rohan Shah,11,37,335104.58,71452.58,695,0.0246,19.9779,Top Revenue Contributors
CUST04914,Neha Verma,17,37,335005.33,85970.13,696,0.0246,20.0025,Core Revenue Contributors
CUST00161,Isha Mehta,13,30,334958.09,96498.65,697,0.0246,20.0271,Core Revenue Contributors
CUST03054,Amit Joshi,15,36,334867.95,69922.79,698,0.0246,20.0517,Core Revenue Contributors
CUST05952,Vivaan Deshmukh,15,35,334684.06,74597.08,699,0.0246,20.0762,Core Revenue Contributors
CUST03658,Aarav Mehta,18,39,334656.29,96810.33,700,0.0246,20.1008,Core Revenue Contributors
CUST04894,Aditya Deshmukh,14,35,334559.46,75664.83,701,0.0246,20.1254,Core Revenue Contributors
CUST05384,Amit Mhaske,16,43,334550.11,76466.43,702,0.0246,20.15,Core Revenue Contributors
CUST01149,Ananya Patil,20,46,334466.77,68031.65,703,0.0246,20.1745,Core Revenue Contributors
CUST02940,Aditya Verma,13,29,334273.73,109906.93,704,0.0245,20.1991,Core Revenue Contributors
CUST04071,Karan Joshi,16,41,333848.9,68527.13,705,0.0245,20.2236,Core Revenue Contributors
CUST00105,Meera Joshi,16,37,333655.63,88823.42,706,0.0245,20.2481,Core Revenue Contributors
CUST04718,Vivaan Shah,14,43,333559.14,83232.7,707,0.0245,20.2726,Core Revenue Contributors
CUST03642,Isha Singh,17,51,333244.98,70910.59,708,0.0245,20.2971,Core Revenue Contributors
CUST04337,Aarav Deshmukh,13,36,333201.39,100866.67,709,0.0245,20.3215,Core Revenue Contributors
CUST03686,Rohan Mhaske,15,39,333133.38,90792.88,710,0.0245,20.346,Core Revenue Contributors
CUST02502,Rahul Deshmukh,14,31,333058.56,91860.64,711,0.0245,20.3705,Core Revenue Contributors
CUST04999,Isha Gupta,16,46,333034.08,62134.87,712,0.0245,20.3949,Core Revenue Contributors
CUST03857,Arjun Singh,19,45,332932.08,85237.89,713,0.0245,20.4194,Core Revenue Contributors
CUST03215,Sneha Mehta,20,53,332920.34,77330.36,714,0.0245,20.4438,Core Revenue Contributors
CUST04221,Rahul Nair,18,41,332767.95,73837.58,715,0.0244,20.4683,Core Revenue Contributors
CUST03869,Ananya Verma,16,42,332357.41,72437.1,716,0.0244,20.4927,Core Revenue Contributors
CUST05849,Meera Patil,17,39,332292.0,64655.01,717,0.0244,20.5171,Core Revenue Contributors
CUST03142,Vivaan Mhaske,19,39,332057.93,81519.28,718,0.0244,20.5415,Core Revenue Contributors
CUST05457,Meera Verma,14,39,332001.18,81510.92,719,0.0244,20.5658,Core Revenue Contributors
CUST00190,Neha Nair,18,43,331973.74,85661.35,720,0.0244,20.5902,Core Revenue Contributors
CUST02290,Aarav Sharma,11,35,331939.18,89395.69,721,0.0244,20.6146,Core Revenue Contributors
CUST03334,Aditya Gupta,20,46,331905.79,82304.28,722,0.0244,20.639,Core Revenue Contributors
CUST05882,Aarav Gupta,18,49,331605.23,87924.57,723,0.0244,20.6633,Core Revenue Contributors
CUST01997,Kavya Joshi,17,44,331588.49,93294.33,724,0.0244,20.6877,Core Revenue Contributors
CUST05470,Meera Joshi,11,33,331586.85,82348.44,725,0.0244,20.712,Core Revenue Contributors
CUST04017,Aarav Shah,16,46,331499.47,99705.52,726,0.0243,20.7364,Core Revenue Contributors
CUST05461,Vivaan Kumar,18,40,331398.79,67012.18,727,0.0243,20.7607,Core Revenue Contributors
CUST04283,Kavya Singh,10,31,331363.43,79203.16,728,0.0243,20.7851,Core Revenue Contributors
CUST03906,Amit Singh,20,41,331268.18,80067.13,729,0.0243,20.8094,Core Revenue Contributors
CUST04559,Pooja Mhaske,17,47,331183.85,93748.67,730,0.0243,20.8337,Core Revenue Contributors
CUST04067,Vivaan Mehta,14,44,330880.0,77314.88,731,0.0243,20.858,Core Revenue Contributors
CUST00906,Pooja Deshmukh,12,34,330856.6,83444.15,732,0.0243,20.8823,Core Revenue Contributors
CUST03293,Isha Mehta,16,39,330652.81,98173.88,733,0.0243,20.9066,Core Revenue Contributors
CUST05962,Rahul Kumar,19,41,330575.22,82433.97,734,0.0243,20.9309,Core Revenue Contributors
CUST02627,Meera Patil,19,52,330417.42,71853.77,735,0.0243,20.9551,Core Revenue Contributors
CUST00843,Isha Mhaske,9,27,330349.93,67858.15,736,0.0243,20.9794,Core Revenue Contributors
CUST03020,Isha Patil,16,36,330295.9,79157.07,737,0.0243,21.0037,Core Revenue Contributors
CUST02982,Meera Deshmukh,12,30,330257.51,89177.81,738,0.0243,21.0279,Core Revenue Contributors
CUST04679,Aditya Sharma,17,41,330096.25,87733.68,739,0.0242,21.0521,Core Revenue Contributors
CUST03179,Aarav Gupta,13,38,330089.7,81923.91,740,0.0242,21.0764,Core Revenue Contributors
CUST01619,Karan Verma,15,38,330086.28,104710.44,741,0.0242,21.1006,Core Revenue Contributors
CUST02441,Priya Mehta,20,42,329920.78,68015.81,742,0.0242,21.1249,Core Revenue Contributors
CUST04762,Karan Deshmukh,13,39,329903.25,95562.35,743,0.0242,21.1491,Core Revenue Contributors
CUST02615,Rohan Mhaske,15,40,329846.84,78450.89,744,0.0242,21.1733,Core Revenue Contributors
CUST01648,Kavya Patil,18,49,329730.71,98616.46,745,0.0242,21.1975,Core Revenue Contributors
CUST05113,Amit Mehta,18,42,329701.68,57452.44,746,0.0242,21.2217,Core Revenue Contributors
CUST01548,Vivaan Mehta,13,34,329674.66,64953.75,747,0.0242,21.246,Core Revenue Contributors
CUST05248,Meera Verma,14,35,329492.33,92864.2,748,0.0242,21.2702,Core Revenue Contributors
CUST00107,Aarav Sharma,18,44,329399.46,73899.37,749,0.0242,21.2943,Core Revenue Contributors
CUST03987,Isha Shah,11,33,329246.36,61253.34,750,0.0242,21.3185,Core Revenue Contributors
CUST04719,Sneha Singh,11,34,329229.32,62530.5,751,0.0242,21.3427,Core Revenue Contributors
CUST01831,Priya Patil,14,34,329179.22,106212.05,752,0.0242,21.3669,Core Revenue Contributors
CUST00378,Vivaan Kumar,10,25,328686.77,97930.64,753,0.0241,21.391,Core Revenue Contributors
CUST01669,Pooja Gupta,13,33,328624.12,82147.32,754,0.0241,21.4152,Core Revenue Contributors
CUST03187,Priya Gupta,18,47,328541.17,63496.3,755,0.0241,21.4393,Core Revenue Contributors
CUST05539,Aditya Joshi,14,35,328519.69,89105.97,756,0.0241,21.4634,Core Revenue Contributors
CUST00970,Priya Verma,15,52,328367.77,64450.15,757,0.0241,21.4875,Core Revenue Contributors
CUST01272,Vivaan Mhaske,11,32,328359.89,92646.45,758,0.0241,21.5116,Core Revenue Contributors
CUST02970,Rohan Patil,17,43,328204.11,75152.43,759,0.0241,21.5357,Core Revenue Contributors
CUST00213,Aditya Singh,15,42,328160.95,79386.27,760,0.0241,21.5598,Core Revenue Contributors
CUST02469,Sneha Mhaske,17,38,328082.82,89604.08,761,0.0241,21.5839,Core Revenue Contributors
CUST01890,Isha Patil,14,31,328056.12,93103.07,762,0.0241,21.608,Core Revenue Contributors
CUST00462,Priya Kumar,13,37,327980.77,85998.15,763,0.0241,21.6321,Core Revenue Contributors
CUST00823,Rahul Joshi,16,32,327892.91,88589.57,764,0.0241,21.6562,Core Revenue Contributors
CUST00278,Aditya Nair,17,34,327815.58,93160.37,765,0.0241,21.6803,Core Revenue Contributors
CUST02106,Vivaan Deshmukh,23,57,327789.22,71982.14,766,0.0241,21.7044,Core Revenue Contributors
CUST04075,Sneha Joshi,14,31,327631.42,87565.06,767,0.0241,21.7284,Core Revenue Contributors
CUST04292,Kavya Joshi,20,42,327530.84,82168.88,768,0.0241,21.7525,Core Revenue Contributors
CUST04423,Priya Mehta,13,36,327266.15,93870.13,769,0.024,21.7765,Core Revenue Contributors
CUST02785,Ananya Nair,17,44,327192.5,72210.4,770,0.024,21.8005,Core Revenue Contributors
CUST03874,Rahul Kumar,19,46,327144.39,82090.34,771,0.024,21.8246,Core Revenue Contributors
CUST05973,Karan Deshmukh,16,37,327139.12,78745.03,772,0.024,21.8486,Core Revenue Contributors
CUST02157,Rahul Nair,19,39,327135.94,93029.93,773,0.024,21.8726,Core Revenue Contributors
CUST05032,Isha Shah,15,30,327115.26,73859.02,774,0.024,21.8966,Core Revenue Contributors
CUST00583,Karan Mehta,17,39,327056.54,83387.28,775,0.024,21.9207,Core Revenue Contributors
CUST04073,Pooja Mehta,18,50,327004.05,91437.78,776,0.024,21.9447,Core Revenue Contributors
CUST04349,Karan Verma,12,27,326948.54,92801.26,777,0.024,21.9687,Core Revenue Contributors
CUST03938,Neha Kumar,15,31,326752.23,82829.65,778,0.024,21.9927,Core Revenue Contributors
CUST00475,Ananya Kumar,11,29,326714.58,82090.24,779,0.024,22.0167,Core Revenue Contributors
CUST05469,Meera Gupta,18,47,326637.77,100382.45,780,0.024,22.0407,Core Revenue Contributors
CUST05911,Amit Mehta,17,42,326590.65,86162.71,781,0.024,22.0646,Core Revenue Contributors
CUST05854,Priya Sharma,20,44,326480.17,80631.92,782,0.024,22.0886,Core Revenue Contributors
CUST02606,Arjun Gupta,17,41,326372.91,66680.7,783,0.024,22.1126,Core Revenue Contributors
CUST02516,Meera Patil,18,42,326357.24,92600.02,784,0.024,22.1366,Core Revenue Contributors
CUST01198,Meera Nair,14,42,326355.8,62604.2,785,0.024,22.1605,Core Revenue Contributors
CUST05967,Karan Mhaske,14,37,326280.57,89797.18,786,0.024,22.1845,Core Revenue Contributors
CUST01036,Neha Verma,17,46,326271.12,63527.5,787,0.024,22.2085,Core Revenue Contributors
CUST03451,Sneha Deshmukh,17,44,326268.08,86956.16,788,0.024,22.2324,Core Revenue Contributors
CUST05869,Kavya Kumar,13,39,326253.75,81964.34,789,0.024,22.2564,Core Revenue Contributors
CUST00543,Ananya Shah,16,46,326223.65,80680.98,790,0.024,22.2803,Core Revenue Contributors
CUST05630,Rohan Verma,13,38,326176.0,59066.33,791,0.024,22.3043,Core Revenue Contributors
CUST04352,Aditya Singh,19,44,326162.5,76517.07,792,0.024,22.3282,Core Revenue Contributors
CUST01790,Ananya Deshmukh,13,40,325916.73,93145.01,793,0.0239,22.3522,Core Revenue Contributors
CUST03374,Aditya Kumar,22,37,325771.89,85563.13,794,0.0239,22.3761,Core Revenue Contributors
CUST05547,Pooja Nair,18,39,325705.08,72086.17,795,0.0239,22.4,Core Revenue Contributors
CUST03983,Aditya Mhaske,16,49,325696.18,68760.3,796,0.0239,22.4239,Core Revenue Contributors
CUST02124,Kavya Sharma,14,43,325607.23,68093.81,797,0.0239,22.4479,Core Revenue Contributors
CUST03422,Pooja Nair,15,38,325489.36,74179.15,798,0.0239,22.4718,Core Revenue Contributors
CUST05921,Sneha Singh,14,41,325373.81,79583.28,799,0.0239,22.4957,Core Revenue Contributors
CUST04158,Aarav Mhaske,16,44,325290.67,88926.19,800,0.0239,22.5195,Core Revenue Contributors
CUST02834,Kavya Mehta,15,38,325204.22,60842.62,801,0.0239,22.5434,Core Revenue Contributors
CUST03217,Isha Sharma,12,36,325059.09,78559.24,802,0.0239,22.5673,Core Revenue Contributors
CUST00816,Priya Patil,20,43,325044.17,83763.75,803,0.0239,22.5912,Core Revenue Contributors
CUST05771,Neha Kumar,21,48,325032.68,68298.78,804,0.0239,22.615,Core Revenue Contributors
CUST01675,Arjun Shah,20,46,325031.02,76821.61,805,0.0239,22.6389,Core Revenue Contributors
CUST02926,Priya Sharma,15,35,324857.75,93497.98,806,0.0239,22.6628,Core Revenue Contributors
CUST03410,Arjun Patil,15,40,324851.76,64464.65,807,0.0239,22.6866,Core Revenue Contributors
CUST04828,Arjun Singh,15,36,324750.27,71813.73,808,0.0239,22.7105,Core Revenue Contributors
CUST03260,Pooja Patil,17,39,324706.45,89602.84,809,0.0238,22.7343,Core Revenue Contributors
CUST01688,Kavya Deshmukh,12,31,324639.56,86049.73,810,0.0238,22.7582,Core Revenue Contributors
CUST03660,Rohan Deshmukh,12,29,324546.79,94810.92,811,0.0238,22.782,Core Revenue Contributors
CUST01287,Rahul Gupta,17,35,324417.27,87095.88,812,0.0238,22.8058,Core Revenue Contributors
CUST02435,Arjun Nair,15,35,324405.51,59710.93,813,0.0238,22.8297,Core Revenue Contributors
CUST03172,Aarav Mehta,19,46,324300.75,73494.31,814,0.0238,22.8535,Core Revenue Contributors
CUST00597,Rahul Gupta,17,40,324268.57,96081.62,815,0.0238,22.8773,Core Revenue Contributors
CUST01206,Amit Patil,16,39,324260.35,71823.69,816,0.0238,22.9011,Core Revenue Contributors
CUST04572,Neha Singh,9,30,324247.58,87447.51,817,0.0238,22.9249,Core Revenue Contributors
CUST00824,Aarav Kumar,19,39,324021.79,92224.33,818,0.0238,22.9487,Core Revenue Contributors
CUST02080,Neha Nair,14,42,323982.91,85248.06,819,0.0238,22.9725,Core Revenue Contributors
CUST02674,Meera Verma,14,47,323891.17,86330.65,820,0.0238,22.9963,Core Revenue Contributors
CUST01422,Meera Verma,21,51,323797.16,76759.92,821,0.0238,23.0201,Core Revenue Contributors
CUST03278,Neha Shah,12,36,323701.49,80598.74,822,0.0238,23.0438,Core Revenue Contributors
CUST00560,Priya Kumar,10,32,323454.74,84121.0,823,0.0238,23.0676,Core Revenue Contributors
CUST00641,Vivaan Joshi,15,44,323375.78,53656.67,824,0.0237,23.0914,Core Revenue Contributors
CUST05633,Arjun Verma,15,44,323337.36,89540.84,825,0.0237,23.1151,Core Revenue Contributors
CUST04827,Rohan Sharma,15,44,323283.37,62743.34,826,0.0237,23.1388,Core Revenue Contributors
CUST01067,Pooja Deshmukh,13,33,323247.72,77084.79,827,0.0237,23.1626,Core Revenue Contributors
CUST03436,Pooja Patil,18,37,323109.97,73051.12,828,0.0237,23.1863,Core Revenue Contributors
CUST01720,Vivaan Kumar,15,34,322971.99,72397.8,829,0.0237,23.21,Core Revenue Contributors
CUST00787,Arjun Mehta,17,40,322704.01,89936.0,830,0.0237,23.2337,Core Revenue Contributors
CUST01384,Pooja Singh,14,43,322664.55,77063.35,831,0.0237,23.2574,Core Revenue Contributors
CUST05218,Priya Joshi,15,48,322661.63,81664.49,832,0.0237,23.2811,Core Revenue Contributors
CUST03273,Pooja Shah,16,40,322660.41,79279.39,833,0.0237,23.3048,Core Revenue Contributors
CUST00863,Priya Mhaske,17,40,322648.36,81516.8,834,0.0237,23.3285,Core Revenue Contributors
CUST00335,Rahul Kumar,14,36,322645.29,74337.27,835,0.0237,23.3522,Core Revenue Contributors
CUST03631,Kavya Shah,15,38,322613.0,86227.03,836,0.0237,23.3759,Core Revenue Contributors
CUST02743,Arjun Verma,16,37,322362.72,97262.45,837,0.0237,23.3996,Core Revenue Contributors
CUST02556,Amit Shah,16,38,322166.29,93599.44,838,0.0237,23.4232,Core Revenue Contributors
CUST05549,Rohan Deshmukh,18,43,322143.51,80337.06,839,0.0237,23.4469,Core Revenue Contributors
CUST00266,Neha Shah,13,37,321973.83,76584.55,840,0.0236,23.4705,Core Revenue Contributors
CUST03101,Priya Kumar,13,31,321963.89,77597.67,841,0.0236,23.4942,Core Revenue Contributors
CUST00112,Rohan Singh,16,42,321870.98,87286.26,842,0.0236,23.5178,Core Revenue Contributors
CUST01495,Arjun Gupta,15,34,321831.62,88920.35,843,0.0236,23.5415,Core Revenue Contributors
CUST04176,Amit Kumar,14,42,321798.18,102397.47,844,0.0236,23.5651,Core Revenue Contributors
CUST03954,Arjun Sharma,16,40,321716.42,71980.65,845,0.0236,23.5887,Core Revenue Contributors
CUST05060,Vivaan Nair,10,29,321688.57,82337.47,846,0.0236,23.6124,Core Revenue Contributors
CUST02121,Rohan Sharma,13,36,321602.97,88923.04,847,0.0236,23.636,Core Revenue Contributors
CUST04646,Aarav Gupta,18,41,321585.44,86755.28,848,0.0236,23.6596,Core Revenue Contributors
CUST03765,Sneha Verma,9,28,321579.61,86110.4,849,0.0236,23.6832,Core Revenue Contributors
CUST05895,Vivaan Mehta,18,41,321541.27,70906.39,850,0.0236,23.7068,Core Revenue Contributors
CUST02334,Sneha Gupta,14,35,321484.83,66880.19,851,0.0236,23.7304,Core Revenue Contributors
CUST01103,Vivaan Gupta,17,49,321406.56,80409.96,852,0.0236,23.754,Core Revenue Contributors
CUST01269,Amit Mehta,19,52,321378.26,67176.47,853,0.0236,23.7776,Core Revenue Contributors
CUST02972,Vivaan Sharma,17,43,321349.89,82415.33,854,0.0236,23.8012,Core Revenue Contributors
CUST04708,Arjun Sharma,17,43,321341.38,74764.48,855,0.0236,23.8248,Core Revenue Contributors
CUST04361,Priya Nair,11,33,321239.28,103204.13,856,0.0236,23.8484,Core Revenue Contributors
CUST02345,Sneha Verma,11,31,321207.94,83213.06,857,0.0236,23.872,Core Revenue Contributors
CUST03136,Neha Patil,18,49,321130.46,92460.09,858,0.0236,23.8956,Core Revenue Contributors
CUST03086,Isha Gupta,16,43,321098.87,82076.01,859,0.0236,23.9192,Core Revenue Contributors
CUST02563,Rahul Shah,19,49,321022.05,71933.83,860,0.0236,23.9428,Core Revenue Contributors
CUST03479,Aarav Gupta,12,32,320964.14,92462.41,861,0.0236,23.9663,Core Revenue Contributors
CUST05751,Isha Deshmukh,12,39,320941.32,80073.43,862,0.0236,23.9899,Core Revenue Contributors
CUST04309,Karan Deshmukh,19,39,320898.23,88359.47,863,0.0236,24.0135,Core Revenue Contributors
CUST05793,Vivaan Deshmukh,15,39,320822.75,74530.31,864,0.0236,24.037,Core Revenue Contributors
CUST03488,Aditya Nair,13,42,320777.85,81640.87,865,0.0236,24.0606,Core Revenue Contributors
CUST00064,Arjun Mehta,18,47,320751.74,69026.57,866,0.0236,24.0842,Core Revenue Contributors
CUST05806,Kavya Gupta,20,47,320676.36,78304.47,867,0.0236,24.1077,Core Revenue Contributors
CUST04321,Priya Singh,20,45,320602.74,91660.21,868,0.0235,24.1312,Core Revenue Contributors
CUST02885,Aarav Patil,17,39,320569.95,89928.01,869,0.0235,24.1548,Core Revenue Contributors
CUST04847,Aditya Deshmukh,18,41,320483.98,85126.19,870,0.0235,24.1783,Core Revenue Contributors
CUST02760,Rahul Nair,15,35,320410.78,96161.2,871,0.0235,24.2019,Core Revenue Contributors
CUST05251,Rohan Gupta,14,44,320367.06,63815.26,872,0.0235,24.2254,Core Revenue Contributors
CUST05506,Isha Nair,12,29,320315.33,80042.26,873,0.0235,24.2489,Core Revenue Contributors
CUST04776,Kavya Shah,14,41,320254.36,71579.46,874,0.0235,24.2724,Core Revenue Contributors
CUST04013,Meera Patil,15,38,320185.75,71761.03,875,0.0235,24.2959,Core Revenue Contributors
CUST04035,Neha Patil,13,43,320116.7,81533.07,876,0.0235,24.3195,Core Revenue Contributors
CUST03764,Aarav Joshi,17,43,320115.8,80810.95,877,0.0235,24.343,Core Revenue Contributors
CUST02146,Rahul Patil,17,44,319973.95,70347.49,878,0.0235,24.3665,Core Revenue Contributors
CUST00087,Aditya Mehta,13,32,319871.56,97379.19,879,0.0235,24.39,Core Revenue Contributors
CUST02358,Karan Mhaske,12,38,319835.04,67604.02,880,0.0235,24.4134,Core Revenue Contributors
CUST04575,Kavya Verma,15,31,319699.34,72575.41,881,0.0235,24.4369,Core Revenue Contributors
CUST01133,Kavya Shah,12,30,319592.64,97028.86,882,0.0235,24.4604,Core Revenue Contributors
CUST02247,Aarav Verma,10,32,319510.88,82960.85,883,0.0235,24.4839,Core Revenue Contributors
CUST01199,Sneha Deshmukh,13,28,319451.29,82419.3,884,0.0235,24.5073,Core Revenue Contributors
CUST05782,Rahul Verma,19,43,319435.66,60460.84,885,0.0235,24.5308,Core Revenue Contributors
CUST00946,Isha Patil,19,41,319378.03,74840.92,886,0.0235,24.5542,Core Revenue Contributors
CUST00656,Aarav Patil,19,46,319372.22,52772.24,887,0.0235,24.5777,Core Revenue Contributors
CUST00442,Isha Mhaske,18,47,319140.77,78068.96,888,0.0234,24.6011,Core Revenue Contributors
CUST03281,Rahul Patil,18,40,319026.41,65599.81,889,0.0234,24.6246,Core Revenue Contributors
CUST04788,Kavya Mhaske,13,35,318825.72,93709.13,890,0.0234,24.648,Core Revenue Contributors
CUST00660,Arjun Mehta,14,41,318816.8,83872.11,891,0.0234,24.6714,Core Revenue Contributors
CUST02167,Priya Mehta,18,48,318760.71,84422.82,892,0.0234,24.6948,Core Revenue Contributors
CUST00412,Rahul Mehta,14,33,318758.14,75305.83,893,0.0234,24.7182,Core Revenue Contributors
CUST01089,Rohan Mehta,17,39,318583.6,83103.28,894,0.0234,24.7416,Core Revenue Contributors
CUST01873,Meera Sharma,11,37,318579.7,82213.48,895,0.0234,24.765,Core Revenue Contributors
CUST05970,Meera Joshi,15,37,318505.58,85165.11,896,0.0234,24.7884,Core Revenue Contributors
CUST03986,Vivaan Patil,19,44,318347.37,64881.76,897,0.0234,24.8118,Core Revenue Contributors
CUST01855,Kavya Patil,10,27,318343.48,72926.15,898,0.0234,24.8352,Core Revenue Contributors
CUST00794,Vivaan Sharma,14,29,318329.47,71651.37,899,0.0234,24.8585,Core Revenue Contributors
CUST02315,Aditya Joshi,19,48,318316.06,75260.34,900,0.0234,24.8819,Core Revenue Contributors
CUST05942,Karan Joshi,20,44,318296.66,103843.93,901,0.0234,24.9053,Core Revenue Contributors
CUST02159,Vivaan Joshi,16,34,318136.03,52732.99,902,0.0234,24.9287,Core Revenue Contributors
CUST04952,Amit Mhaske,18,46,318134.2,56908.68,903,0.0234,24.952,Core Revenue Contributors
CUST04328,Aarav Shah,17,33,318101.44,70136.01,904,0.0234,24.9754,Core Revenue Contributors
CUST01238,Amit Mehta,15,38,318068.65,83152.79,905,0.0234,24.9987,Core Revenue Contributors
CUST00975,Isha Verma,13,29,318023.77,87197.17,906,0.0234,25.0221,Core Revenue Contributors
CUST04015,Priya Singh,16,35,317980.87,69360.6,907,0.0234,25.0455,Core Revenue Contributors
CUST04972,Amit Kumar,20,48,317929.26,70109.78,908,0.0233,25.0688,Core Revenue Contributors
CUST00490,Rahul Mehta,16,41,317924.48,85600.97,909,0.0233,25.0921,Core Revenue Contributors
CUST04276,Vivaan Joshi,14,36,317818.57,68127.8,910,0.0233,25.1155,Core Revenue Contributors
CUST03151,Karan Sharma,21,41,317755.33,75184.56,911,0.0233,25.1388,Core Revenue Contributors
CUST01796,Isha Nair,14,44,317639.5,82372.6,912,0.0233,25.1622,Core Revenue Contributors
CUST02393,Arjun Shah,13,34,317594.74,74810.96,913,0.0233,25.1855,Core Revenue Contributors
CUST05699,Aarav Mehta,13,35,317525.73,84013.07,914,0.0233,25.2088,Core Revenue Contributors
CUST04576,Isha Singh,15,48,317350.48,64575.96,915,0.0233,25.2321,Core Revenue Contributors
CUST01172,Neha Patil,21,53,317317.56,72340.06,916,0.0233,25.2554,Core Revenue Contributors
CUST04659,Ananya Deshmukh,14,41,317254.94,94890.61,917,0.0233,25.2787,Core Revenue Contributors
CUST00535,Meera Patil,21,44,317199.39,80934.9,918,0.0233,25.302,Core Revenue Contributors
CUST00496,Karan Deshmukh,15,34,316978.57,92905.36,919,0.0233,25.3253,Core Revenue Contributors
CUST05421,Rohan Mhaske,13,37,316950.31,80761.8,920,0.0233,25.3486,Core Revenue Contributors
CUST02232,Rohan Sharma,11,30,316846.03,88715.53,921,0.0233,25.3718,Core Revenue Contributors
CUST01650,Kavya Joshi,10,37,316765.56,67626.18,922,0.0233,25.3951,Core Revenue Contributors
CUST02457,Neha Deshmukh,11,27,316704.64,72867.33,923,0.0233,25.4184,Core Revenue Contributors
CUST05474,Aditya Mehta,17,46,316656.02,77803.87,924,0.0233,25.4416,Core Revenue Contributors
CUST03434,Priya Kumar,15,36,316591.92,62961.62,925,0.0233,25.4649,Core Revenue Contributors
CUST01717,Karan Singh,13,37,316569.12,80412.02,926,0.0232,25.4881,Core Revenue Contributors
CUST05341,Rohan Kumar,13,34,316547.88,57301.98,927,0.0232,25.5114,Core Revenue Contributors
CUST05023,Karan Deshmukh,12,35,316451.51,96795.41,928,0.0232,25.5346,Core Revenue Contributors
CUST02752,Arjun Singh,14,36,316227.54,82448.17,929,0.0232,25.5578,Core Revenue Contributors
CUST03993,Vivaan Kumar,9,29,315878.77,80693.56,930,0.0232,25.581,Core Revenue Contributors
CUST01901,Arjun Verma,15,41,315731.78,81718.23,931,0.0232,25.6042,Core Revenue Contributors
CUST04803,Rohan Mehta,16,44,315638.08,76963.84,932,0.0232,25.6274,Core Revenue Contributors
CUST02509,Kavya Deshmukh,16,37,315621.5,64478.18,933,0.0232,25.6506,Core Revenue Contributors
CUST04981,Ananya Mhaske,13,37,315621.45,89052.07,934,0.0232,25.6738,Core Revenue Contributors
CUST04256,Rohan Verma,16,37,315613.38,70121.86,935,0.0232,25.6969,Core Revenue Contributors
CUST04917,Kavya Mehta,15,35,315588.56,86864.63,936,0.0232,25.7201,Core Revenue Contributors
CUST00109,Rahul Verma,15,33,315423.8,82543.6,937,0.0232,25.7433,Core Revenue Contributors
CUST00449,Pooja Mehta,12,36,315213.07,53945.64,938,0.0231,25.7664,Core Revenue Contributors
CUST04178,Rohan Shah,14,28,315205.11,92226.11,939,0.0231,25.7896,Core Revenue Contributors
CUST04635,Rohan Singh,17,40,315022.23,70563.95,940,0.0231,25.8127,Core Revenue Contributors
CUST05179,Neha Singh,12,35,314997.24,80429.55,941,0.0231,25.8358,Core Revenue Contributors
CUST03314,Vivaan Singh,16,41,314897.96,60114.24,942,0.0231,25.859,Core Revenue Contributors
CUST05043,Isha Kumar,9,31,314850.39,67255.18,943,0.0231,25.8821,Core Revenue Contributors
CUST00609,Sneha Sharma,15,35,314846.82,93188.56,944,0.0231,25.9052,Core Revenue Contributors
CUST05948,Pooja Kumar,17,40,314820.87,59146.78,945,0.0231,25.9283,Core Revenue Contributors
CUST01520,Neha Deshmukh,12,37,314778.2,85831.04,946,0.0231,25.9515,Core Revenue Contributors
CUST05599,Vivaan Shah,13,36,314736.75,80812.89,947,0.0231,25.9746,Core Revenue Contributors
CUST00516,Arjun Sharma,14,39,314567.24,75886.62,948,0.0231,25.9977,Core Revenue Contributors
CUST04988,Neha Gupta,15,34,314296.75,68679.06,949,0.0231,26.0208,Core Revenue Contributors
CUST00908,Rahul Patil,13,32,314218.62,80168.06,950,0.0231,26.0438,Core Revenue Contributors
CUST05584,Priya Deshmukh,19,35,314205.0,79929.37,951,0.0231,26.0669,Core Revenue Contributors
CUST00948,Pooja Verma,10,26,314148.14,94085.97,952,0.0231,26.09,Core Revenue Contributors
CUST04454,Karan Nair,17,42,314070.32,71062.24,953,0.0231,26.113,Core Revenue Contributors
CUST01641,Pooja Verma,15,30,314002.46,72101.82,954,0.0231,26.1361,Core Revenue Contributors
CUST03704,Rahul Deshmukh,13,32,313929.96,61715.72,955,0.0231,26.1592,Core Revenue Contributors
CUST02446,Aditya Verma,18,40,313921.16,60454.34,956,0.0231,26.1822,Core Revenue Contributors
CUST05053,Meera Deshmukh,17,37,313894.63,78222.9,957,0.0231,26.2053,Core Revenue Contributors
CUST02337,Pooja Shah,15,42,313861.13,56293.82,958,0.0231,26.2283,Core Revenue Contributors
CUST05156,Isha Deshmukh,16,36,313769.59,89180.41,959,0.023,26.2514,Core Revenue Contributors
CUST04892,Isha Joshi,14,33,313762.5,63404.42,960,0.023,26.2744,Core Revenue Contributors
CUST01482,Karan Verma,16,29,313761.38,98292.85,961,0.023,26.2974,Core Revenue Contributors
CUST02076,Meera Shah,21,46,313596.56,89881.3,962,0.023,26.3205,Core Revenue Contributors
CUST00327,Neha Joshi,20,43,313492.0,58932.62,963,0.023,26.3435,Core Revenue Contributors
CUST05845,Sneha Joshi,14,35,313430.83,91102.07,964,0.023,26.3665,Core Revenue Contributors
CUST05327,Rohan Verma,20,45,313324.19,65113.69,965,0.023,26.3895,Core Revenue Contributors
CUST02849,Meera Gupta,16,34,313323.03,69998.92,966,0.023,26.4125,Core Revenue Contributors
CUST00562,Aarav Mehta,13,38,313320.64,85690.05,967,0.023,26.4356,Core Revenue Contributors
CUST00396,Sneha Gupta,17,42,313217.6,66426.65,968,0.023,26.4586,Core Revenue Contributors
CUST00559,Meera Shah,16,38,313128.17,63691.18,969,0.023,26.4816,Core Revenue Contributors
CUST03472,Karan Joshi,19,38,313083.97,85229.2,970,0.023,26.5045,Core Revenue Contributors
CUST02508,Karan Sharma,13,37,313046.55,75608.39,971,0.023,26.5275,Core Revenue Contributors
CUST02419,Amit Verma,18,45,313039.63,78493.68,972,0.023,26.5505,Core Revenue Contributors
CUST03055,Sneha Deshmukh,15,31,312933.19,91443.43,973,0.023,26.5735,Core Revenue Contributors
CUST00111,Amit Kumar,13,38,312933.08,68229.9,974,0.023,26.5965,Core Revenue Contributors
CUST04143,Pooja Deshmukh,14,47,312836.33,78823.88,975,0.023,26.6195,Core Revenue Contributors
CUST01921,Aditya Joshi,9,28,312833.24,97149.69,976,0.023,26.6424,Core Revenue Contributors
CUST05139,Isha Shah,15,36,312753.51,70587.28,977,0.023,26.6654,Core Revenue Contributors
CUST05803,Arjun Nair,18,38,312751.02,90657.01,978,0.023,26.6884,Core Revenue Contributors
CUST01874,Amit Nair,14,31,312687.73,79214.61,979,0.023,26.7113,Core Revenue Contributors
CUST02727,Vivaan Sharma,16,44,312601.04,85543.68,980,0.023,26.7343,Core Revenue Contributors
CUST02213,Aditya Nair,11,27,312515.57,81657.84,981,0.023,26.7573,Core Revenue Contributors
CUST03332,Meera Verma,17,37,312408.81,90323.85,982,0.0229,26.7802,Core Revenue Contributors
CUST04996,Meera Sharma,14,37,312361.4,78665.92,983,0.0229,26.8031,Core Revenue Contributors
CUST00750,Priya Verma,14,38,312299.59,85688.41,984,0.0229,26.8261,Core Revenue Contributors
CUST03418,Kavya Sharma,15,37,312266.32,80168.95,985,0.0229,26.849,Core Revenue Contributors
CUST03859,Amit Mehta,14,26,312251.26,81469.78,986,0.0229,26.8719,Core Revenue Contributors
CUST04868,Karan Deshmukh,12,34,312233.17,86703.77,987,0.0229,26.8949,Core Revenue Contributors
CUST05767,Aarav Mehta,15,35,312231.88,50488.74,988,0.0229,26.9178,Core Revenue Contributors
CUST05358,Isha Kumar,10,32,311995.97,76392.45,989,0.0229,26.9407,Core Revenue Contributors
CUST04795,Aditya Sharma,14,41,311905.2,62526.16,990,0.0229,26.9636,Core Revenue Contributors
CUST04844,Vivaan Nair,13,38,311829.77,88919.35,991,0.0229,26.9865,Core Revenue Contributors
CUST02094,Vivaan Kumar,13,29,311770.21,57025.91,992,0.0229,27.0094,Core Revenue Contributors
CUST05493,Arjun Patil,14,34,311725.77,81680.77,993,0.0229,27.0323,Core Revenue Contributors
CUST00866,Aditya Shah,16,41,311692.53,84074.05,994,0.0229,27.0552,Core Revenue Contributors
CUST03612,Sneha Joshi,16,42,311648.63,80879.12,995,0.0229,27.0781,Core Revenue Contributors
CUST04477,Amit Deshmukh,14,41,311614.58,65634.54,996,0.0229,27.101,Core Revenue Contributors
CUST00549,Pooja Shah,20,48,311523.55,65758.89,997,0.0229,27.1239,Core Revenue Contributors
CUST03356,Ananya Mhaske,12,28,311471.58,74221.41,998,0.0229,27.1467,Core Revenue Contributors
CUST02352,Rohan Gupta,14,39,311289.45,94118.19,999,0.0229,27.1696,Core Revenue Contributors
CUST05098,Aditya Nair,14,37,311208.67,59556.52,1000,0.0229,27.1925,Core Revenue Contributors
CUST03241,Amit Deshmukh,19,47,311176.5,69563.45,1001,0.0229,27.2153,Core Revenue Contributors
CUST03380,Kavya Deshmukh,16,36,311105.74,54548.58,1002,0.0228,27.2382,Core Revenue Contributors
CUST02784,Neha Kumar,13,32,311080.18,74581.5,1003,0.0228,27.261,Core Revenue Contributors
CUST00662,Neha Mhaske,15,41,311078.59,75603.88,1004,0.0228,27.2838,Core Revenue Contributors
CUST00655,Ananya Sharma,21,44,311014.45,81339.09,1005,0.0228,27.3067,Core Revenue Contributors
CUST01055,Aarav Kumar,13,35,311001.16,68923.0,1006,0.0228,27.3295,Core Revenue Contributors
CUST03245,Rohan Verma,17,45,310924.36,78440.83,1007,0.0228,27.3524,Core Revenue Contributors
CUST02285,Vivaan Verma,18,40,310922.07,86562.8,1008,0.0228,27.3752,Core Revenue Contributors
CUST04274,Aditya Joshi,15,37,310921.17,62882.95,1009,0.0228,27.398,Core Revenue Contributors
CUST05417,Vivaan Joshi,10,34,310817.59,70004.24,1010,0.0228,27.4209,Core Revenue Contributors
CUST05977,Vivaan Nair,15,33,310813.01,66242.25,1011,0.0228,27.4437,Core Revenue Contributors
CUST02825,Isha Singh,15,38,310808.59,64655.5,1012,0.0228,27.4665,Core Revenue Contributors
CUST04192,Vivaan Sharma,17,46,310782.11,82384.51,1013,0.0228,27.4893,Core Revenue Contributors
CUST02839,Rahul Mhaske,17,38,310763.61,64366.72,1014,0.0228,27.5122,Core Revenue Contributors
CUST05430,Pooja Mhaske,14,32,310691.83,69397.81,1015,0.0228,27.535,Core Revenue Contributors
CUST05083,Priya Patil,14,34,310641.37,81404.24,1016,0.0228,27.5578,Core Revenue Contributors
CUST04534,Priya Deshmukh,13,29,310640.44,77759.51,1017,0.0228,27.5806,Core Revenue Contributors
CUST05236,Rohan Kumar,15,35,310637.4,73869.71,1018,0.0228,27.6034,Core Revenue Contributors
CUST00676,Karan Nair,16,36,310562.21,71885.54,1019,0.0228,27.6262,Core Revenue Contributors
CUST00512,Isha Singh,14,33,310552.87,88159.46,1020,0.0228,27.649,Core Revenue Contributors
CUST00207,Karan Kumar,11,31,310489.82,94096.18,1021,0.0228,27.6718,Core Revenue Contributors
CUST00102,Neha Kumar,15,40,310431.1,97132.76,1022,0.0228,27.6946,Core Revenue Contributors
CUST01192,Pooja Singh,15,46,310365.01,68725.6,1023,0.0228,27.7174,Core Revenue Contributors
CUST04946,Vivaan Gupta,16,40,310158.37,67626.62,1024,0.0228,27.7402,Core Revenue Contributors
CUST00453,Ananya Mhaske,17,32,310155.7,83725.18,1025,0.0228,27.763,Core Revenue Contributors
CUST00765,Isha Patil,17,38,310118.37,74414.34,1026,0.0228,27.7858,Core Revenue Contributors
CUST00099,Rohan Kumar,19,43,310105.77,83242.77,1027,0.0228,27.8085,Core Revenue Contributors
CUST03799,Vivaan Gupta,19,41,310100.65,76224.11,1028,0.0228,27.8313,Core Revenue Contributors
CUST00314,Meera Kumar,15,41,310081.86,70316.22,1029,0.0228,27.8541,Core Revenue Contributors
CUST00960,Amit Joshi,15,34,309999.71,68482.27,1030,0.0228,27.8768,Core Revenue Contributors
CUST02479,Aditya Patil,15,37,309975.06,77652.24,1031,0.0228,27.8996,Core Revenue Contributors
CUST02036,Aarav Nair,13,30,309965.95,84552.11,1032,0.0228,27.9224,Core Revenue Contributors
CUST01084,Isha Joshi,13,33,309907.5,66678.81,1033,0.0228,27.9451,Core Revenue Contributors
CUST02568,Priya Deshmukh,21,45,309900.48,68466.98,1034,0.0228,27.9679,Core Revenue Contributors
CUST01783,Neha Kumar,16,38,309736.48,85208.58,1035,0.0227,27.9906,Core Revenue Contributors
CUST00814,Karan Kumar,14,30,309677.12,95265.05,1036,0.0227,28.0134,Core Revenue Contributors
CUST03955,Pooja Mehta,14,41,309522.26,69717.88,1037,0.0227,28.0361,Core Revenue Contributors
CUST04942,Sneha Singh,23,51,309511.93,75769.74,1038,0.0227,28.0589,Core Revenue Contributors
CUST04012,Rahul Sharma,19,41,309496.84,64375.63,1039,0.0227,28.0816,Core Revenue Contributors
CUST00933,Sneha Gupta,16,39,309470.99,73936.84,1040,0.0227,28.1043,Core Revenue Contributors
CUST05707,Ananya Singh,18,49,309419.43,75323.96,1041,0.0227,28.127,Core Revenue Contributors
CUST03832,Ananya Mhaske,14,31,309341.87,66144.02,1042,0.0227,28.1498,Core Revenue Contributors
CUST05714,Isha Gupta,16,34,309177.48,86407.06,1043,0.0227,28.1725,Core Revenue Contributors
CUST04526,Pooja Sharma,17,37,309098.06,61659.93,1044,0.0227,28.1952,Core Revenue Contributors
CUST02928,Rohan Verma,17,39,309064.6,86720.58,1045,0.0227,28.2179,Core Revenue Contributors
CUST04601,Aarav Verma,16,40,309019.1,69539.82,1046,0.0227,28.2406,Core Revenue Contributors
CUST00477,Amit Nair,13,27,309014.52,82351.05,1047,0.0227,28.2632,Core Revenue Contributors
CUST04172,Rahul Mehta,18,44,308991.27,77873.18,1048,0.0227,28.2859,Core Revenue Contributors
CUST04279,Priya Deshmukh,15,38,308664.34,57924.35,1049,0.0227,28.3086,Core Revenue Contributors
CUST02626,Neha Sharma,14,42,308646.71,80102.85,1050,0.0227,28.3313,Core Revenue Contributors
CUST04561,Priya Mhaske,14,39,308620.62,81925.09,1051,0.0227,28.3539,Core Revenue Contributors
CUST03137,Amit Shah,11,31,308593.05,81064.68,1052,0.0227,28.3766,Core Revenue Contributors
CUST02648,Pooja Deshmukh,18,38,308415.08,69536.02,1053,0.0227,28.3993,Core Revenue Contributors
CUST02277,Arjun Mhaske,17,37,308292.82,95813.62,1054,0.0226,28.4219,Core Revenue Contributors
CUST03230,Kavya Patil,18,51,308182.73,69537.62,1055,0.0226,28.4445,Core Revenue Contributors
CUST01524,Amit Kumar,11,30,308149.21,104266.48,1056,0.0226,28.4672,Core Revenue Contributors
CUST00340,Kavya Gupta,20,43,308080.13,86653.8,1057,0.0226,28.4898,Core Revenue Contributors
CUST00325,Meera Nair,12,28,308007.73,53050.75,1058,0.0226,28.5124,Core Revenue Contributors
CUST00681,Pooja Joshi,18,33,307990.19,70016.17,1059,0.0226,28.535,Core Revenue Contributors
CUST05471,Meera Singh,13,37,307743.83,57851.82,1060,0.0226,28.5576,Core Revenue Contributors
CUST04120,Pooja Patil,16,34,307721.34,78793.13,1061,0.0226,28.5802,Core Revenue Contributors
CUST00317,Isha Nair,13,31,307709.48,91214.76,1062,0.0226,28.6028,Core Revenue Contributors
CUST00932,Karan Joshi,17,35,307564.25,91192.26,1063,0.0226,28.6254,Core Revenue Contributors
CUST00432,Priya Joshi,17,36,307556.07,65504.04,1064,0.0226,28.648,Core Revenue Contributors
CUST03353,Aarav Verma,16,42,307547.45,89324.53,1065,0.0226,28.6706,Core Revenue Contributors
CUST00402,Aditya Mehta,15,40,307424.19,85485.42,1066,0.0226,28.6932,Core Revenue Contributors
CUST00004,Rohan Sharma,15,35,307336.54,75498.53,1067,0.0226,28.7157,Core Revenue Contributors
CUST01184,Amit Joshi,13,34,307268.67,86319.2,1068,0.0226,28.7383,Core Revenue Contributors
CUST04833,Aarav Verma,13,32,307268.38,95232.02,1069,0.0226,28.7609,Core Revenue Contributors
CUST05968,Ananya Shah,15,34,307222.15,64684.78,1070,0.0226,28.7834,Core Revenue Contributors
CUST01099,Kavya Joshi,11,35,307196.96,82354.97,1071,0.0226,28.806,Core Revenue Contributors
CUST00398,Rohan Patil,19,43,307159.07,78489.61,1072,0.0226,28.8286,Core Revenue Contributors
CUST03121,Rohan Nair,15,36,307118.5,102104.77,1073,0.0226,28.8511,Core Revenue Contributors
CUST02066,Rahul Mhaske,15,34,307111.9,81972.4,1074,0.0226,28.8737,Core Revenue Contributors
CUST00584,Sneha Shah,16,37,306881.0,74253.1,1075,0.0225,28.8962,Core Revenue Contributors
CUST01048,Pooja Deshmukh,19,46,306851.05,71068.1,1076,0.0225,28.9187,Core Revenue Contributors
CUST02923,Vivaan Verma,13,31,306841.2,51746.7,1077,0.0225,28.9413,Core Revenue Contributors
CUST04291,Karan Patil,12,35,306799.48,90069.07,1078,0.0225,28.9638,Core Revenue Contributors
CUST04621,Aarav Deshmukh,11,32,306793.92,97589.9,1079,0.0225,28.9863,Core Revenue Contributors
CUST00051,Aditya Deshmukh,17,43,306756.8,86156.82,1080,0.0225,29.0089,Core Revenue Contributors
CUST04934,Pooja Patil,16,37,306737.26,78758.14,1081,0.0225,29.0314,Core Revenue Contributors
CUST05915,Priya Patil,9,27,306652.18,81035.38,1082,0.0225,29.0539,Core Revenue Contributors
CUST03743,Meera Mehta,11,32,306634.61,82324.08,1083,0.0225,29.0764,Core Revenue Contributors
CUST01631,Aarav Gupta,17,47,306555.17,70611.52,1084,0.0225,29.0989,Core Revenue Contributors
CUST00219,Aarav Joshi,16,30,306523.39,73831.88,1085,0.0225,29.1215,Core Revenue Contributors
CUST02565,Priya Nair,16,42,306407.53,83192.08,1086,0.0225,29.144,Core Revenue Contributors
CUST04056,Vivaan Mehta,18,46,306368.23,50028.63,1087,0.0225,29.1665,Core Revenue Contributors
CUST03015,Kavya Joshi,13,36,306230.01,56822.09,1088,0.0225,29.189,Core Revenue Contributors
CUST03531,Aarav Gupta,16,38,306189.99,74821.86,1089,0.0225,29.2114,Core Revenue Contributors
CUST05404,Pooja Verma,14,33,306144.93,74414.7,1090,0.0225,29.2339,Core Revenue Contributors
CUST04658,Priya Gupta,12,30,306081.04,84728.14,1091,0.0225,29.2564,Core Revenue Contributors
CUST03768,Isha Kumar,20,48,306076.35,60119.17,1092,0.0225,29.2789,Core Revenue Contributors
CUST02202,Aditya Nair,15,37,305971.67,91235.71,1093,0.0225,29.3014,Core Revenue Contributors
CUST01697,Aarav Gupta,13,45,305964.38,69837.41,1094,0.0225,29.3238,Core Revenue Contributors
CUST04862,Ananya Verma,17,37,305952.13,71137.22,1095,0.0225,29.3463,Core Revenue Contributors
CUST02875,Pooja Joshi,15,31,305927.28,85434.17,1096,0.0225,29.3688,Core Revenue Contributors
CUST04587,Vivaan Joshi,16,41,305860.09,68727.96,1097,0.0225,29.3912,Core Revenue Contributors
CUST01681,Vivaan Singh,16,37,305850.63,91833.08,1098,0.0225,29.4137,Core Revenue Contributors
CUST00996,Vivaan Nair,12,34,305728.8,63957.38,1099,0.0225,29.4361,Core Revenue Contributors
CUST03720,Amit Sharma,12,35,305703.16,54742.05,1100,0.0225,29.4586,Core Revenue Contributors
CUST00888,Priya Nair,12,27,305692.81,64755.12,1101,0.0225,29.481,Core Revenue Contributors
CUST02042,Amit Singh,17,38,305680.56,63998.12,1102,0.0224,29.5035,Core Revenue Contributors
CUST01635,Arjun Mhaske,13,33,305652.78,90338.91,1103,0.0224,29.5259,Core Revenue Contributors
CUST01991,Ananya Joshi,13,33,305649.58,79460.85,1104,0.0224,29.5484,Core Revenue Contributors
CUST00585,Aditya Shah,16,29,305636.46,76767.36,1105,0.0224,29.5708,Core Revenue Contributors
CUST04226,Rohan Mehta,15,40,305625.83,75254.99,1106,0.0224,29.5933,Core Revenue Contributors
CUST05203,Ananya Deshmukh,13,39,305587.74,73730.11,1107,0.0224,29.6157,Core Revenue Contributors
CUST01973,Kavya Shah,14,36,305571.24,73771.76,1108,0.0224,29.6382,Core Revenue Contributors
CUST01218,Neha Patil,14,38,305349.61,72998.84,1109,0.0224,29.6606,Core Revenue Contributors
CUST03913,Arjun Singh,12,32,305346.25,92247.87,1110,0.0224,29.683,Core Revenue Contributors
CUST02521,Pooja Nair,16,44,305339.33,59404.57,1111,0.0224,29.7054,Core Revenue Contributors
CUST00721,Isha Mhaske,17,45,305337.31,73248.99,1112,0.0224,29.7279,Core Revenue Contributors
CUST00718,Neha Deshmukh,15,50,305234.39,65677.93,1113,0.0224,29.7503,Core Revenue Contributors
CUST00114,Karan Joshi,13,37,305214.24,71096.54,1114,0.0224,29.7727,Core Revenue Contributors
CUST05783,Rahul Mehta,11,38,305212.75,64913.57,1115,0.0224,29.7951,Core Revenue Contributors
CUST02887,Aditya Patil,16,41,305030.27,76629.8,1116,0.0224,29.8175,Core Revenue Contributors
CUST02293,Vivaan Singh,18,52,304808.91,73398.14,1117,0.0224,29.8399,Core Revenue Contributors
CUST05371,Aarav Deshmukh,12,31,304582.14,81496.41,1118,0.0224,29.8623,Core Revenue Contributors
CUST01559,Rohan Deshmukh,15,34,304500.03,52542.9,1119,0.0224,29.8846,Core Revenue Contributors
CUST05567,Rahul Kumar,13,32,304454.87,83309.75,1120,0.0224,29.907,Core Revenue Contributors
CUST00836,Karan Singh,13,38,304334.29,82695.31,1121,0.0224,29.9293,Core Revenue Contributors
CUST01954,Pooja Mehta,15,35,304272.3,78071.09,1122,0.0223,29.9517,Core Revenue Contributors
CUST03643,Sneha Deshmukh,22,39,304238.1,68782.91,1123,0.0223,29.974,Core Revenue Contributors
CUST04629,Aditya Mehta,14,34,304085.48,87474.73,1124,0.0223,29.9964,Core Revenue Contributors
CUST05663,Rahul Sharma,11,38,304046.26,79605.91,1125,0.0223,30.0187,Core Revenue Contributors
CUST00622,Rohan Joshi,11,36,304033.97,62213.49,1126,0.0223,30.041,Core Revenue Contributors
CUST03205,Pooja Shah,17,35,303987.09,75747.26,1127,0.0223,30.0633,Core Revenue Contributors
CUST05483,Sneha Patil,16,37,303740.91,89284.41,1128,0.0223,30.0857,Core Revenue Contributors
CUST03445,Ananya Mhaske,18,34,303512.78,76758.56,1129,0.0223,30.1079,Core Revenue Contributors
CUST04331,Pooja Nair,16,42,303512.68,66863.02,1130,0.0223,30.1302,Core Revenue Contributors
CUST01221,Ananya Gupta,13,31,303478.52,86864.95,1131,0.0223,30.1525,Core Revenue Contributors
CUST01638,Neha Singh,17,38,303276.95,80912.66,1132,0.0223,30.1748,Core Revenue Contributors
CUST01642,Arjun Patil,12,35,303251.21,73815.62,1133,0.0223,30.1971,Core Revenue Contributors
CUST04937,Isha Gupta,18,45,303209.58,61497.67,1134,0.0223,30.2193,Core Revenue Contributors
CUST02155,Neha Nair,11,33,303188.94,97835.01,1135,0.0223,30.2416,Core Revenue Contributors
CUST00558,Rohan Mhaske,14,36,303188.01,70825.98,1136,0.0223,30.2639,Core Revenue Contributors
CUST03120,Kavya Patil,15,30,303180.53,79709.0,1137,0.0223,30.2861,Core Revenue Contributors
CUST00984,Arjun Sharma,15,39,303120.69,76010.24,1138,0.0223,30.3084,Core Revenue Contributors
CUST00122,Pooja Patil,13,32,303108.04,79058.6,1139,0.0223,30.3307,Core Revenue Contributors
CUST02682,Arjun Joshi,12,32,303014.56,64346.52,1140,0.0223,30.3529,Core Revenue Contributors
CUST01098,Ananya Patil,20,46,302998.44,73773.65,1141,0.0223,30.3752,Core Revenue Contributors
CUST01900,Priya Joshi,17,41,302949.68,64834.1,1142,0.0222,30.3974,Core Revenue Contributors
CUST04305,Meera Singh,13,29,302864.13,93976.65,1143,0.0222,30.4197,Core Revenue Contributors
CUST03250,Amit Singh,13,39,302783.37,70570.97,1144,0.0222,30.4419,Core Revenue Contributors
CUST04912,Kavya Shah,12,31,302517.88,90772.96,1145,0.0222,30.4641,Core Revenue Contributors
CUST00499,Aarav Verma,17,32,302427.69,71369.01,1146,0.0222,30.4863,Core Revenue Contributors
CUST04294,Kavya Kumar,17,39,302421.93,93796.84,1147,0.0222,30.5085,Core Revenue Contributors
CUST05979,Priya Shah,16,43,302341.14,74563.09,1148,0.0222,30.5307,Core Revenue Contributors
CUST01987,Sneha Sharma,17,38,302077.88,67429.85,1149,0.0222,30.5529,Core Revenue Contributors
CUST00769,Arjun Singh,11,30,302003.18,86058.62,1150,0.0222,30.5751,Core Revenue Contributors
CUST05412,Ananya Singh,9,34,301968.83,68289.71,1151,0.0222,30.5973,Core Revenue Contributors
CUST00629,Sneha Mehta,11,32,301845.14,74621.14,1152,0.0222,30.6194,Core Revenue Contributors
CUST02581,Kavya Patil,15,31,301806.05,71021.13,1153,0.0222,30.6416,Core Revenue Contributors
CUST00371,Arjun Gupta,13,36,301802.58,66950.28,1154,0.0222,30.6638,Core Revenue Contributors
CUST02147,Karan Patil,15,37,301688.31,66680.92,1155,0.0222,30.6859,Core Revenue Contributors
CUST04510,Vivaan Nair,15,39,301684.29,74337.7,1156,0.0222,30.7081,Core Revenue Contributors
CUST04452,Sneha Shah,14,34,301499.37,60273.14,1157,0.0221,30.7302,Core Revenue Contributors
CUST05990,Karan Sharma,18,37,301450.15,71394.33,1158,0.0221,30.7524,Core Revenue Contributors
CUST05137,Aditya Singh,12,37,301395.4,85906.17,1159,0.0221,30.7745,Core Revenue Contributors
CUST05824,Isha Patil,18,44,301325.55,82939.09,1160,0.0221,30.7966,Core Revenue Contributors
CUST03801,Rohan Verma,14,32,301321.74,76356.6,1161,0.0221,30.8188,Core Revenue Contributors
CUST00715,Isha Nair,14,31,301316.21,70298.01,1162,0.0221,30.8409,Core Revenue Contributors
CUST02937,Rahul Sharma,12,34,301278.56,68579.55,1163,0.0221,30.863,Core Revenue Contributors
CUST02177,Isha Shah,13,35,301244.36,79035.9,1164,0.0221,30.8851,Core Revenue Contributors
CUST03977,Rahul Patil,13,29,301058.69,80988.44,1165,0.0221,30.9073,Core Revenue Contributors
CUST01666,Rohan Singh,14,34,301025.03,73072.12,1166,0.0221,30.9294,Core Revenue Contributors
CUST04048,Priya Deshmukh,16,36,300922.46,78711.85,1167,0.0221,30.9515,Core Revenue Contributors
CUST04257,Pooja Mehta,14,38,300738.5,66946.9,1168,0.0221,30.9735,Core Revenue Contributors
CUST02205,Amit Nair,14,30,300732.39,78815.73,1169,0.0221,30.9956,Core Revenue Contributors
CUST04696,Pooja Joshi,12,37,300694.8,75042.16,1170,0.0221,31.0177,Core Revenue Contributors
CUST01871,Meera Patil,13,35,300649.28,73475.57,1171,0.0221,31.0398,Core Revenue Contributors
CUST03305,Amit Kumar,12,33,300599.73,75526.32,1172,0.0221,31.0619,Core Revenue Contributors
CUST05309,Vivaan Verma,20,42,300532.34,66548.74,1173,0.0221,31.0839,Core Revenue Contributors
CUST05904,Amit Kumar,15,44,300479.99,71435.45,1174,0.0221,31.106,Core Revenue Contributors
CUST00395,Neha Sharma,15,40,300427.43,73609.58,1175,0.0221,31.1281,Core Revenue Contributors
CUST00411,Arjun Mhaske,14,39,300286.88,85752.74,1176,0.0221,31.1501,Core Revenue Contributors
CUST01558,Arjun Mhaske,15,39,300154.34,68958.08,1177,0.022,31.1722,Core Revenue Contributors
CUST05097,Neha Sharma,15,41,300139.78,72407.44,1178,0.022,31.1942,Core Revenue Contributors
CUST00289,Neha Verma,14,40,300121.71,72912.06,1179,0.022,31.2163,Core Revenue Contributors
CUST03837,Amit Gupta,13,43,300066.02,66871.77,1180,0.022,31.2383,Core Revenue Contributors
CUST03363,Amit Kumar,14,30,299931.09,78619.29,1181,0.022,31.2603,Core Revenue Contributors
CUST01137,Pooja Mehta,14,43,299898.92,74637.65,1182,0.022,31.2823,Core Revenue Contributors
CUST05367,Kavya Nair,10,34,299820.48,80488.9,1183,0.022,31.3044,Core Revenue Contributors
CUST04243,Pooja Patil,15,32,299801.97,83403.13,1184,0.022,31.3264,Core Revenue Contributors
CUST01058,Aditya Nair,20,37,299754.05,73494.37,1185,0.022,31.3484,Core Revenue Contributors
CUST04008,Kavya Deshmukh,17,42,299740.27,90601.96,1186,0.022,31.3704,Core Revenue Contributors
CUST00525,Rohan Shah,16,39,299712.96,86408.1,1187,0.022,31.3924,Core Revenue Contributors
CUST02633,Aditya Kumar,16,39,299685.37,78645.95,1188,0.022,31.4144,Core Revenue Contributors
CUST03461,Aditya Patil,14,36,299646.1,53740.42,1189,0.022,31.4364,Core Revenue Contributors
CUST04792,Aarav Mhaske,12,36,299637.28,70930.58,1190,0.022,31.4584,Core Revenue Contributors
CUST03680,Kavya Singh,13,34,299597.77,98108.56,1191,0.022,31.4804,Core Revenue Contributors
CUST04440,Meera Nair,12,37,299489.7,94314.17,1192,0.022,31.5024,Core Revenue Contributors
CUST03826,Priya Sharma,14,36,299481.67,63192.88,1193,0.022,31.5244,Core Revenue Contributors
CUST00030,Sneha Nair,15,40,299438.15,74342.12,1194,0.022,31.5464,Core Revenue Contributors
CUST05580,Rahul Verma,14,40,299345.78,54585.32,1195,0.022,31.5684,Core Revenue Contributors
CUST04494,Aarav Gupta,14,33,299313.55,52797.87,1196,0.022,31.5904,Core Revenue Contributors
CUST00418,Rohan Mehta,12,38,299219.32,54063.72,1197,0.022,31.6124,Core Revenue Contributors
CUST01100,Neha Gupta,19,48,299195.34,60130.96,1198,0.022,31.6343,Core Revenue Contributors
CUST01857,Pooja Gupta,14,33,299175.45,85936.39,1199,0.022,31.6563,Core Revenue Contributors
CUST03632,Arjun Kumar,12,41,299156.36,83900.33,1200,0.022,31.6783,Core Revenue Contributors
CUST02694,Amit Joshi,14,36,299110.41,75711.8,1201,0.022,31.7003,Core Revenue Contributors
CUST01412,Vivaan Singh,14,40,298961.0,87781.33,1202,0.022,31.7222,Core Revenue Contributors
CUST03189,Amit Gupta,16,39,298957.66,68879.5,1203,0.022,31.7442,Core Revenue Contributors
CUST04046,Rahul Shah,14,29,298926.29,74323.0,1204,0.022,31.7661,Core Revenue Contributors
CUST02027,Aarav Patil,19,45,298916.31,91346.34,1205,0.022,31.7881,Core Revenue Contributors
CUST03219,Priya Nair,15,31,298860.5,75807.0,1206,0.0219,31.81,Core Revenue Contributors
CUST03072,Amit Kumar,14,39,298715.2,84166.18,1207,0.0219,31.832,Core Revenue Contributors
CUST05521,Amit Gupta,15,34,298675.63,72304.42,1208,0.0219,31.8539,Core Revenue Contributors
CUST02189,Ananya Gupta,13,32,298558.24,84599.04,1209,0.0219,31.8758,Core Revenue Contributors
CUST01888,Arjun Sharma,10,26,298462.84,84685.25,1210,0.0219,31.8977,Core Revenue Contributors
CUST00637,Rahul Verma,16,30,298436.35,52743.2,1211,0.0219,31.9197,Core Revenue Contributors
CUST03292,Rahul Deshmukh,14,35,298434.16,74940.15,1212,0.0219,31.9416,Core Revenue Contributors
CUST03150,Kavya Patil,18,39,298390.92,80145.35,1213,0.0219,31.9635,Core Revenue Contributors
CUST02757,Rahul Mehta,13,38,298342.33,85855.4,1214,0.0219,31.9854,Core Revenue Contributors
CUST02657,Aarav Verma,14,43,298136.84,75469.46,1215,0.0219,32.0073,Core Revenue Contributors
CUST01667,Meera Nair,12,33,298120.07,72542.49,1216,0.0219,32.0292,Core Revenue Contributors
CUST04155,Neha Mehta,15,38,298078.53,86758.17,1217,0.0219,32.0511,Core Revenue Contributors
CUST04334,Amit Sharma,14,34,298027.08,56882.66,1218,0.0219,32.073,Core Revenue Contributors
CUST04508,Rohan Shah,11,33,297957.91,88414.63,1219,0.0219,32.0949,Core Revenue Contributors
CUST04817,Amit Mhaske,11,29,297930.05,76634.34,1220,0.0219,32.1167,Core Revenue Contributors
CUST03600,Aarav Mehta,14,35,297884.96,63594.41,1221,0.0219,32.1386,Core Revenue Contributors
CUST01176,Kavya Singh,9,30,297805.09,52279.59,1222,0.0219,32.1605,Core Revenue Contributors
CUST05268,Aarav Joshi,11,34,297749.33,75169.84,1223,0.0219,32.1823,Core Revenue Contributors
CUST03191,Aditya Nair,19,38,297610.85,79809.15,1224,0.0219,32.2042,Core Revenue Contributors
CUST03109,Kavya Patil,14,41,297467.28,83281.46,1225,0.0218,32.2261,Core Revenue Contributors
CUST02908,Pooja Deshmukh,15,36,297436.65,73100.52,1226,0.0218,32.2479,Core Revenue Contributors
CUST00017,Karan Gupta,16,44,297433.89,86212.95,1227,0.0218,32.2697,Core Revenue Contributors
CUST00818,Rohan Patil,16,41,297415.06,75645.04,1228,0.0218,32.2916,Core Revenue Contributors
CUST02404,Aarav Sharma,15,36,297321.25,73425.7,1229,0.0218,32.3134,Core Revenue Contributors
CUST05654,Priya Sharma,13,36,297218.34,78690.84,1230,0.0218,32.3352,Core Revenue Contributors
CUST00878,Meera Kumar,13,32,297195.45,68822.78,1231,0.0218,32.3571,Core Revenue Contributors
CUST05987,Karan Sharma,14,39,297050.75,85569.4,1232,0.0218,32.3789,Core Revenue Contributors
CUST03957,Vivaan Deshmukh,12,27,297040.7,80059.07,1233,0.0218,32.4007,Core Revenue Contributors
CUST02323,Amit Deshmukh,15,36,296876.73,91635.72,1234,0.0218,32.4225,Core Revenue Contributors
CUST01227,Vivaan Kumar,15,34,296844.21,71039.12,1235,0.0218,32.4443,Core Revenue Contributors
CUST02200,Rahul Mhaske,13,27,296751.3,78714.82,1236,0.0218,32.4661,Core Revenue Contributors
CUST05220,Meera Kumar,14,35,296452.76,75378.12,1237,0.0218,32.4879,Core Revenue Contributors
CUST00532,Isha Shah,15,35,296435.88,84719.03,1238,0.0218,32.5096,Core Revenue Contributors
CUST02079,Rahul Nair,13,40,296408.94,76076.58,1239,0.0218,32.5314,Core Revenue Contributors
CUST03214,Rahul Patil,18,42,296257.4,80092.92,1240,0.0218,32.5532,Core Revenue Contributors
CUST03006,Ananya Kumar,13,37,296146.58,65920.14,1241,0.0217,32.5749,Core Revenue Contributors
CUST00788,Amit Mehta,12,28,296129.96,96413.36,1242,0.0217,32.5967,Core Revenue Contributors
CUST01409,Pooja Patil,14,45,296112.68,67702.35,1243,0.0217,32.6184,Core Revenue Contributors
CUST05244,Kavya Mehta,16,40,295909.0,67115.75,1244,0.0217,32.6401,Core Revenue Contributors
CUST01807,Karan Shah,15,39,295842.6,83396.86,1245,0.0217,32.6619,Core Revenue Contributors
CUST05124,Pooja Joshi,17,49,295793.25,69035.95,1246,0.0217,32.6836,Core Revenue Contributors
CUST01296,Karan Shah,12,32,295773.88,64725.71,1247,0.0217,32.7053,Core Revenue Contributors
CUST01014,Neha Mhaske,15,34,295758.16,90288.97,1248,0.0217,32.727,Core Revenue Contributors
CUST01863,Meera Singh,11,33,295723.45,71477.66,1249,0.0217,32.7488,Core Revenue Contributors
CUST03358,Rohan Deshmukh,15,40,295704.5,68631.54,1250,0.0217,32.7705,Core Revenue Contributors
CUST02768,Kavya Kumar,14,31,295568.63,72570.34,1251,0.0217,32.7922,Core Revenue Contributors
CUST01521,Kavya Gupta,17,41,295498.36,76222.1,1252,0.0217,32.8139,Core Revenue Contributors
CUST03152,Neha Deshmukh,14,34,295495.83,62051.82,1253,0.0217,32.8356,Core Revenue Contributors
CUST03360,Aarav Kumar,20,49,295440.88,61238.07,1254,0.0217,32.8573,Core Revenue Contributors
CUST05416,Ananya Mhaske,13,36,295436.46,61772.71,1255,0.0217,32.879,Core Revenue Contributors
CUST03470,Aarav Mehta,11,27,295218.35,59684.52,1256,0.0217,32.9007,Core Revenue Contributors
CUST04140,Arjun Mhaske,15,34,295129.92,80899.19,1257,0.0217,32.9223,Core Revenue Contributors
CUST05443,Aarav Sharma,18,41,295096.99,70235.37,1258,0.0217,32.944,Core Revenue Contributors
CUST00955,Pooja Kumar,13,32,295042.45,72574.73,1259,0.0217,32.9657,Core Revenue Contributors
CUST00495,Pooja Gupta,19,48,295028.11,76001.25,1260,0.0217,32.9873,Core Revenue Contributors
CUST02165,Pooja Mhaske,13,35,294918.32,86138.9,1261,0.0217,33.009,Core Revenue Contributors
CUST02108,Rohan Joshi,22,52,294916.08,64521.5,1262,0.0217,33.0307,Core Revenue Contributors
CUST01106,Karan Verma,15,42,294886.85,56389.2,1263,0.0217,33.0523,Core Revenue Contributors
CUST00615,Rohan Nair,18,41,294756.66,62435.22,1264,0.0216,33.074,Core Revenue Contributors
CUST05008,Karan Mhaske,15,35,294621.75,83349.08,1265,0.0216,33.0956,Core Revenue Contributors
CUST03118,Isha Joshi,15,43,294609.64,82649.48,1266,0.0216,33.1172,Core Revenue Contributors
CUST03822,Arjun Verma,17,45,294549.65,64054.2,1267,0.0216,33.1389,Core Revenue Contributors
CUST00989,Pooja Verma,16,38,294526.02,70424.75,1268,0.0216,33.1605,Core Revenue Contributors
CUST01352,Neha Mehta,17,40,294443.38,60097.97,1269,0.0216,33.1821,Core Revenue Contributors
CUST02005,Sneha Mhaske,15,34,294285.95,77363.97,1270,0.0216,33.2037,Core Revenue Contributors
CUST03524,Ananya Kumar,16,44,294218.55,71668.73,1271,0.0216,33.2254,Core Revenue Contributors
CUST00460,Arjun Nair,16,39,294155.75,82031.42,1272,0.0216,33.247,Core Revenue Contributors
CUST00209,Karan Sharma,12,33,294153.75,60679.45,1273,0.0216,33.2686,Core Revenue Contributors
CUST00424,Neha Verma,16,42,294091.6,70920.32,1274,0.0216,33.2902,Core Revenue Contributors
CUST05848,Neha Singh,14,35,293984.98,88662.41,1275,0.0216,33.3117,Core Revenue Contributors
CUST02898,Isha Kumar,21,54,293946.85,75350.11,1276,0.0216,33.3333,Core Revenue Contributors
CUST03028,Sneha Sharma,17,47,293930.58,60370.75,1277,0.0216,33.3549,Core Revenue Contributors
CUST03807,Rohan Joshi,16,40,293845.7,86583.15,1278,0.0216,33.3765,Core Revenue Contributors
CUST02049,Vivaan Verma,12,31,293837.16,86108.24,1279,0.0216,33.3981,Core Revenue Contributors
CUST01280,Meera Deshmukh,13,32,293737.09,77664.97,1280,0.0216,33.4197,Core Revenue Contributors
CUST05672,Arjun Shah,15,39,293699.62,64409.63,1281,0.0216,33.4412,Core Revenue Contributors
CUST00924,Rahul Verma,15,36,293686.17,86027.4,1282,0.0216,33.4628,Core Revenue Contributors
CUST01519,Isha Singh,15,34,293681.99,79687.81,1283,0.0216,33.4844,Core Revenue Contributors
CUST01733,Arjun Patil,18,35,293629.73,83795.48,1284,0.0216,33.5059,Core Revenue Contributors
CUST02685,Kavya Mehta,15,33,293461.8,61238.11,1285,0.0216,33.5275,Core Revenue Contributors
CUST00587,Kavya Sharma,19,45,293338.98,76388.01,1286,0.0215,33.549,Core Revenue Contributors
CUST04000,Isha Singh,12,37,293245.61,73086.94,1287,0.0215,33.5706,Core Revenue Contributors
CUST02093,Aarav Singh,17,34,293166.58,66172.57,1288,0.0215,33.5921,Core Revenue Contributors
CUST05616,Rohan Sharma,16,36,293147.98,63438.93,1289,0.0215,33.6136,Core Revenue Contributors
CUST04711,Sneha Singh,15,36,293099.9,85398.21,1290,0.0215,33.6351,Core Revenue Contributors
CUST05765,Meera Kumar,12,29,293094.79,71833.11,1291,0.0215,33.6567,Core Revenue Contributors
CUST02137,Aditya Mehta,14,36,292990.53,77165.23,1292,0.0215,33.6782,Core Revenue Contributors
CUST01083,Priya Mehta,7,22,292914.24,81606.15,1293,0.0215,33.6997,Core Revenue Contributors
CUST04493,Ananya Nair,14,34,292877.85,73560.92,1294,0.0215,33.7212,Core Revenue Contributors
CUST00357,Amit Mhaske,12,36,292765.15,80266.11,1295,0.0215,33.7427,Core Revenue Contributors
CUST01403,Priya Mehta,21,44,292715.84,58176.48,1296,0.0215,33.7642,Core Revenue Contributors
CUST04289,Ananya Shah,13,26,292658.63,77944.94,1297,0.0215,33.7857,Core Revenue Contributors
CUST02265,Kavya Shah,13,35,292634.19,84769.88,1298,0.0215,33.8072,Core Revenue Contributors
CUST03316,Rahul Sharma,13,27,292559.02,61900.9,1299,0.0215,33.8287,Core Revenue Contributors
CUST02357,Aarav Kumar,17,43,292541.65,66938.18,1300,0.0215,33.8502,Core Revenue Contributors
CUST03275,Isha Mhaske,16,33,292475.11,74669.25,1301,0.0215,33.8716,Core Revenue Contributors
CUST05743,Arjun Nair,15,36,292354.96,82380.29,1302,0.0215,33.8931,Core Revenue Contributors
CUST01276,Rohan Kumar,9,38,292339.82,60597.91,1303,0.0215,33.9146,Core Revenue Contributors
CUST02033,Karan Gupta,13,36,292332.3,67939.47,1304,0.0215,33.9361,Core Revenue Contributors
CUST00212,Sneha Deshmukh,13,35,292077.68,83301.17,1305,0.0215,33.9575,Core Revenue Contributors
CUST05780,Aarav Sharma,10,29,292071.36,86482.14,1306,0.0215,33.979,Core Revenue Contributors
CUST00292,Aarav Singh,15,34,291939.51,68401.68,1307,0.0214,34.0004,Core Revenue Contributors
CUST04437,Sneha Joshi,10,28,291918.35,78255.34,1308,0.0214,34.0218,Core Revenue Contributors
CUST02532,Sneha Patil,16,37,291746.17,63461.36,1309,0.0214,34.0433,Core Revenue Contributors
CUST02062,Isha Mhaske,19,36,291712.85,68575.94,1310,0.0214,34.0647,Core Revenue Contributors
CUST00261,Isha Sharma,14,43,291673.03,87462.5,1311,0.0214,34.0861,Core Revenue Contributors
CUST04921,Karan Kumar,11,30,291669.7,90544.23,1312,0.0214,34.1075,Core Revenue Contributors
CUST01929,Vivaan Gupta,12,28,291578.49,82663.79,1313,0.0214,34.1289,Core Revenue Contributors
CUST02039,Kavya Patil,13,32,291571.12,79529.73,1314,0.0214,34.1504,Core Revenue Contributors
CUST04208,Karan Deshmukh,14,33,291555.15,72948.59,1315,0.0214,34.1718,Core Revenue Contributors
CUST00401,Aarav Nair,12,35,291551.83,61970.1,1316,0.0214,34.1932,Core Revenue Contributors
CUST03570,Aarav Joshi,11,30,291441.18,88649.23,1317,0.0214,34.2146,Core Revenue Contributors
CUST02312,Kavya Singh,11,26,291430.03,87799.29,1318,0.0214,34.236,Core Revenue Contributors
CUST05570,Arjun Nair,13,37,291362.08,77251.85,1319,0.0214,34.2574,Core Revenue Contributors
CUST02736,Priya Patil,18,40,291358.24,57955.22,1320,0.0214,34.2788,Core Revenue Contributors
CUST05463,Amit Mhaske,18,43,291267.04,69054.11,1321,0.0214,34.3002,Core Revenue Contributors
CUST03049,Aarav Joshi,10,25,291264.73,67529.94,1322,0.0214,34.3216,Core Revenue Contributors
CUST01788,Neha Singh,16,30,291255.14,77479.9,1323,0.0214,34.343,Core Revenue Contributors
CUST03364,Neha Nair,17,41,291204.14,60325.74,1324,0.0214,34.3643,Core Revenue Contributors
CUST05927,Sneha Verma,10,33,291199.99,70644.47,1325,0.0214,34.3857,Core Revenue Contributors
CUST04881,Arjun Nair,12,30,291186.25,83905.68,1326,0.0214,34.4071,Core Revenue Contributors
CUST02271,Aditya Sharma,18,40,291172.54,66891.58,1327,0.0214,34.4285,Core Revenue Contributors
CUST03890,Aarav Verma,15,37,291078.99,59238.02,1328,0.0214,34.4499,Core Revenue Contributors
CUST03596,Kavya Mehta,15,33,291059.48,66652.02,1329,0.0214,34.4712,Core Revenue Contributors
CUST03866,Neha Nair,14,36,291034.96,67334.54,1330,0.0214,34.4926,Core Revenue Contributors
CUST00380,Priya Mehta,14,30,291019.57,77054.6,1331,0.0214,34.514,Core Revenue Contributors
CUST00762,Meera Singh,18,38,290985.18,70941.63,1332,0.0214,34.5354,Core Revenue Contributors
CUST04700,Isha Verma,15,38,290957.35,57019.62,1333,0.0214,34.5567,Core Revenue Contributors
CUST03736,Rohan Singh,12,34,290860.16,71030.81,1334,0.0214,34.5781,Core Revenue Contributors
CUST02559,Neha Patil,14,29,290774.31,74430.93,1335,0.0214,34.5995,Core Revenue Contributors
CUST03009,Sneha Gupta,12,34,290697.95,87149.0,1336,0.0213,34.6208,Core Revenue Contributors
CUST05208,Rahul Shah,16,42,290665.84,70977.36,1337,0.0213,34.6421,Core Revenue Contributors
CUST04549,Amit Shah,9,34,290576.24,53230.87,1338,0.0213,34.6635,Core Revenue Contributors
CUST05894,Meera Shah,10,30,290410.27,77486.81,1339,0.0213,34.6848,Core Revenue Contributors
CUST03839,Pooja Singh,15,37,290406.42,63359.5,1340,0.0213,34.7061,Core Revenue Contributors
CUST00363,Sneha Patil,16,42,290398.95,60350.68,1341,0.0213,34.7275,Core Revenue Contributors
CUST01450,Aarav Mhaske,16,32,290344.74,74549.0,1342,0.0213,34.7488,Core Revenue Contributors
CUST05366,Arjun Sharma,13,35,290131.02,74174.05,1343,0.0213,34.7701,Core Revenue Contributors
CUST03635,Kavya Nair,14,31,290031.6,61514.57,1344,0.0213,34.7914,Core Revenue Contributors
CUST00075,Meera Mehta,12,32,289943.7,60602.45,1345,0.0213,34.8127,Core Revenue Contributors
CUST05295,Vivaan Kumar,10,27,289907.41,67196.81,1346,0.0213,34.834,Core Revenue Contributors
CUST01371,Amit Verma,15,33,289862.14,61966.89,1347,0.0213,34.8553,Core Revenue Contributors
CUST01752,Priya Mehta,19,42,289855.56,79005.66,1348,0.0213,34.8766,Core Revenue Contributors
CUST04258,Priya Mehta,16,40,289748.33,58105.07,1349,0.0213,34.8978,Core Revenue Contributors
CUST04570,Aarav Deshmukh,15,37,289730.06,76396.47,1350,0.0213,34.9191,Core Revenue Contributors
CUST04264,Pooja Joshi,12,32,289729.99,79280.88,1351,0.0213,34.9404,Core Revenue Contributors
CUST00355,Amit Patil,10,34,289709.87,72146.76,1352,0.0213,34.9617,Core Revenue Contributors
CUST04947,Kavya Nair,12,40,289693.5,76408.27,1353,0.0213,34.983,Core Revenue Contributors
CUST00620,Isha Mhaske,14,34,289678.53,65865.55,1354,0.0213,35.0042,Core Revenue Contributors
CUST02895,Sneha Verma,9,26,289619.47,88784.38,1355,0.0213,35.0255,Core Revenue Contributors
CUST02070,Amit Deshmukh,15,34,289498.25,78233.5,1356,0.0213,35.0468,Core Revenue Contributors
CUST03543,Rohan Patil,16,34,289462.6,73518.62,1357,0.0213,35.068,Core Revenue Contributors
CUST01414,Amit Singh,16,44,289365.54,71090.43,1358,0.0213,35.0893,Core Revenue Contributors
CUST03786,Priya Kumar,17,45,289333.18,45984.97,1359,0.0212,35.1105,Core Revenue Contributors
CUST05868,Meera Joshi,14,31,289293.29,77976.33,1360,0.0212,35.1318,Core Revenue Contributors
CUST04842,Karan Sharma,20,47,289171.9,62637.26,1361,0.0212,35.153,Core Revenue Contributors
CUST05207,Amit Verma,21,43,289051.52,67177.36,1362,0.0212,35.1742,Core Revenue Contributors
CUST04310,Isha Mhaske,14,37,288978.08,85591.2,1363,0.0212,35.1955,Core Revenue Contributors
CUST04114,Vivaan Kumar,13,42,288908.71,68557.5,1364,0.0212,35.2167,Core Revenue Contributors
CUST03359,Sneha Mehta,12,31,288739.66,74450.23,1365,0.0212,35.2379,Core Revenue Contributors
CUST04616,Aarav Patil,16,33,288651.72,67287.3,1366,0.0212,35.2591,Core Revenue Contributors
CUST04052,Ananya Verma,14,29,288640.91,49627.58,1367,0.0212,35.2803,Core Revenue Contributors
CUST02723,Sneha Deshmukh,10,32,288577.02,79017.63,1368,0.0212,35.3015,Core Revenue Contributors
CUST03100,Rahul Gupta,16,34,288543.92,72291.47,1369,0.0212,35.3227,Core Revenue Contributors
CUST04889,Amit Nair,13,36,288370.76,77016.13,1370,0.0212,35.3438,Core Revenue Contributors
CUST05079,Amit Patil,16,35,288236.37,80338.52,1371,0.0212,35.365,Core Revenue Contributors
CUST02545,Pooja Nair,13,34,288152.6,60329.27,1372,0.0212,35.3862,Core Revenue Contributors
CUST02876,Pooja Shah,15,34,288150.37,61820.61,1373,0.0212,35.4073,Core Revenue Contributors
CUST00448,Isha Nair,18,35,288143.76,82738.92,1374,0.0212,35.4285,Core Revenue Contributors
CUST03991,Pooja Verma,14,38,288046.67,61135.0,1375,0.0212,35.4496,Core Revenue Contributors
CUST02812,Isha Gupta,19,42,288026.56,66251.26,1376,0.0212,35.4708,Core Revenue Contributors
CUST03690,Priya Verma,9,27,287987.29,79567.07,1377,0.0212,35.4919,Core Revenue Contributors
CUST02617,Karan Sharma,17,37,287920.18,71288.31,1378,0.0211,35.5131,Core Revenue Contributors
CUST05277,Isha Verma,11,34,287684.91,86090.31,1379,0.0211,35.5342,Core Revenue Contributors
CUST05014,Rohan Joshi,13,35,287416.37,57560.96,1380,0.0211,35.5553,Core Revenue Contributors
CUST00233,Rahul Deshmukh,13,30,287391.31,77381.13,1381,0.0211,35.5764,Core Revenue Contributors
CUST01843,Vivaan Deshmukh,18,43,287385.49,66348.82,1382,0.0211,35.5975,Core Revenue Contributors
CUST00666,Rahul Kumar,13,38,287333.11,65063.72,1383,0.0211,35.6186,Core Revenue Contributors
CUST02282,Kavya Kumar,14,35,287329.59,82005.79,1384,0.0211,35.6397,Core Revenue Contributors
CUST04614,Rahul Nair,11,27,287294.8,91026.86,1385,0.0211,35.6608,Core Revenue Contributors
CUST00156,Rahul Joshi,16,39,287290.22,71186.64,1386,0.0211,35.6819,Core Revenue Contributors
CUST00594,Meera Mhaske,18,35,287276.04,83527.53,1387,0.0211,35.703,Core Revenue Contributors
CUST04270,Isha Deshmukh,17,36,287243.03,72501.39,1388,0.0211,35.7241,Core Revenue Contributors
CUST05899,Karan Kumar,13,33,287218.33,87119.64,1389,0.0211,35.7452,Core Revenue Contributors
CUST01832,Arjun Patil,16,35,287218.18,88438.9,1390,0.0211,35.7663,Core Revenue Contributors
CUST04910,Vivaan Shah,12,29,287196.72,78466.0,1391,0.0211,35.7874,Core Revenue Contributors
CUST04940,Aditya Mhaske,14,41,287146.07,80193.33,1392,0.0211,35.8085,Core Revenue Contributors
CUST00683,Karan Verma,13,29,287129.78,77645.64,1393,0.0211,35.8296,Core Revenue Contributors
CUST03862,Rohan Shah,17,39,287099.22,68140.84,1394,0.0211,35.8507,Core Revenue Contributors
CUST01302,Kavya Kumar,16,36,287084.87,70945.55,1395,0.0211,35.8718,Core Revenue Contributors
CUST04475,Kavya Singh,17,40,287065.79,64095.24,1396,0.0211,35.8928,Core Revenue Contributors
CUST05020,Vivaan Patil,15,36,286978.42,76072.3,1397,0.0211,35.9139,Core Revenue Contributors
CUST02596,Isha Nair,16,36,286944.35,69119.26,1398,0.0211,35.935,Core Revenue Contributors
CUST03814,Karan Mhaske,14,29,286941.64,94690.68,1399,0.0211,35.9561,Core Revenue Contributors
CUST00263,Rohan Sharma,15,39,286882.39,80340.89,1400,0.0211,35.9771,Core Revenue Contributors
CUST01876,Rahul Gupta,21,46,286425.57,73581.18,1401,0.021,35.9982,Core Revenue Contributors
CUST04422,Karan Gupta,18,44,286342.49,83623.35,1402,0.021,36.0192,Core Revenue Contributors
CUST01583,Pooja Gupta,15,38,286337.87,86543.24,1403,0.021,36.0402,Core Revenue Contributors
CUST02513,Amit Patil,15,37,286317.19,73980.28,1404,0.021,36.0613,Core Revenue Contributors
CUST04063,Isha Shah,14,37,286292.87,67442.27,1405,0.021,36.0823,Core Revenue Contributors
CUST01708,Arjun Joshi,10,32,286267.39,64929.05,1406,0.021,36.1033,Core Revenue Contributors
CUST04087,Kavya Kumar,15,40,286207.27,73404.27,1407,0.021,36.1243,Core Revenue Contributors
CUST03194,Aditya Shah,16,41,286199.38,68872.19,1408,0.021,36.1453,Core Revenue Contributors
CUST05548,Pooja Shah,14,34,285850.01,71739.47,1409,0.021,36.1663,Core Revenue Contributors
CUST04268,Rohan Mehta,19,35,285835.6,61747.37,1410,0.021,36.1873,Core Revenue Contributors
CUST05061,Sneha Nair,15,39,285819.51,70128.62,1411,0.021,36.2083,Core Revenue Contributors
CUST03094,Rahul Kumar,11,30,285763.62,72904.45,1412,0.021,36.2293,Core Revenue Contributors
CUST04095,Priya Kumar,13,34,285705.1,76588.72,1413,0.021,36.2503,Core Revenue Contributors
CUST04712,Amit Mehta,17,36,285693.9,81689.55,1414,0.021,36.2713,Core Revenue Contributors
CUST04620,Isha Kumar,9,30,285677.96,67569.74,1415,0.021,36.2923,Core Revenue Contributors
CUST01734,Aditya Sharma,15,31,285665.67,75332.5,1416,0.021,36.3132,Core Revenue Contributors
CUST02586,Vivaan Verma,17,37,285650.43,71279.86,1417,0.021,36.3342,Core Revenue Contributors
CUST02706,Kavya Mehta,11,37,285634.14,81206.24,1418,0.021,36.3552,Core Revenue Contributors
CUST01077,Vivaan Deshmukh,12,31,285603.01,56675.72,1419,0.021,36.3762,Core Revenue Contributors
CUST01549,Aditya Verma,13,33,285520.7,72388.0,1420,0.021,36.3971,Core Revenue Contributors
CUST01290,Aditya Patil,14,41,285423.06,34922.35,1421,0.021,36.4181,Core Revenue Contributors
CUST04552,Pooja Singh,13,35,285260.9,63135.12,1422,0.021,36.4391,Core Revenue Contributors
CUST05531,Arjun Kumar,11,37,285245.31,68908.08,1423,0.0209,36.46,Core Revenue Contributors
CUST04427,Karan Sharma,16,33,285206.38,79616.01,1424,0.0209,36.4809,Core Revenue Contributors
CUST02607,Rahul Gupta,12,26,285093.02,76298.59,1425,0.0209,36.5019,Core Revenue Contributors
CUST03873,Meera Nair,16,40,285087.7,77841.14,1426,0.0209,36.5228,Core Revenue Contributors
CUST05923,Arjun Deshmukh,14,28,285081.54,92053.63,1427,0.0209,36.5438,Core Revenue Contributors
CUST05847,Isha Deshmukh,15,36,285066.83,70784.37,1428,0.0209,36.5647,Core Revenue Contributors
CUST05103,Rohan Mhaske,15,33,284983.62,72119.63,1429,0.0209,36.5856,Core Revenue Contributors
CUST04835,Arjun Patil,14,44,284965.1,68811.17,1430,0.0209,36.6066,Core Revenue Contributors
CUST04625,Meera Mehta,14,35,284882.33,71234.63,1431,0.0209,36.6275,Core Revenue Contributors
CUST02128,Priya Verma,17,38,284882.06,54317.52,1432,0.0209,36.6484,Core Revenue Contributors
CUST05778,Neha Mehta,19,37,284759.82,63470.67,1433,0.0209,36.6693,Core Revenue Contributors
CUST01011,Isha Kumar,13,40,284735.22,62523.6,1434,0.0209,36.6902,Core Revenue Contributors
CUST02799,Ananya Gupta,15,31,284732.15,75516.43,1435,0.0209,36.7111,Core Revenue Contributors
CUST00589,Neha Joshi,15,36,284676.09,69778.96,1436,0.0209,36.732,Core Revenue Contributors
CUST01842,Rahul Gupta,14,40,284578.1,79342.25,1437,0.0209,36.7529,Core Revenue Contributors
CUST04441,Aarav Singh,15,40,284520.21,62090.44,1438,0.0209,36.7738,Core Revenue Contributors
CUST04884,Vivaan Singh,14,39,284454.25,71300.1,1439,0.0209,36.7947,Core Revenue Contributors
CUST03432,Aditya Deshmukh,12,35,284408.88,56464.96,1440,0.0209,36.8156,Core Revenue Contributors
CUST01343,Pooja Shah,17,45,284268.39,68003.94,1441,0.0209,36.8365,Core Revenue Contributors
CUST04182,Aditya Shah,12,35,284155.27,71374.21,1442,0.0209,36.8574,Core Revenue Contributors
CUST00226,Priya Joshi,17,46,284102.83,69191.97,1443,0.0209,36.8782,Core Revenue Contributors
CUST05313,Isha Deshmukh,16,29,283878.35,70006.02,1444,0.0208,36.8991,Core Revenue Contributors
CUST01530,Pooja Patil,14,32,283853.17,66916.88,1445,0.0208,36.9199,Core Revenue Contributors
CUST03589,Kavya Patil,13,33,283611.16,79065.5,1446,0.0208,36.9407,Core Revenue Contributors
CUST03315,Isha Joshi,14,31,283609.41,56002.83,1447,0.0208,36.9616,Core Revenue Contributors
CUST00768,Ananya Singh,13,33,283495.23,58304.28,1448,0.0208,36.9824,Core Revenue Contributors
CUST04284,Pooja Sharma,10,31,283369.95,83081.46,1449,0.0208,37.0032,Core Revenue Contributors
CUST00493,Rahul Joshi,20,38,283353.79,77804.83,1450,0.0208,37.024,Core Revenue Contributors
CUST02836,Neha Deshmukh,21,41,283313.62,64626.71,1451,0.0208,37.0448,Core Revenue Contributors
CUST05871,Aditya Patil,13,44,283308.42,52049.22,1452,0.0208,37.0656,Core Revenue Contributors
CUST01351,Sneha Gupta,12,35,283302.61,68334.77,1453,0.0208,37.0864,Core Revenue Contributors
CUST02904,Aditya Nair,13,31,283118.95,64521.95,1454,0.0208,37.1072,Core Revenue Contributors
CUST04789,Amit Singh,13,28,283074.49,79326.68,1455,0.0208,37.128,Core Revenue Contributors
CUST05433,Ananya Mhaske,14,32,282976.35,74717.62,1456,0.0208,37.1488,Core Revenue Contributors
CUST03863,Amit Verma,16,39,282790.83,66070.16,1457,0.0208,37.1696,Core Revenue Contributors
CUST03819,Vivaan Shah,15,41,282692.5,76175.11,1458,0.0208,37.1903,Core Revenue Contributors
CUST05065,Isha Kumar,16,32,282527.15,67971.98,1459,0.0207,37.2111,Core Revenue Contributors
CUST01705,Meera Deshmukh,20,51,282526.42,54192.93,1460,0.0207,37.2318,Core Revenue Contributors
CUST01934,Ananya Joshi,18,43,282404.96,69748.62,1461,0.0207,37.2526,Core Revenue Contributors
CUST05690,Karan Mhaske,14,35,282384.34,64938.61,1462,0.0207,37.2733,Core Revenue Contributors
CUST03679,Pooja Deshmukh,17,35,282382.41,69394.94,1463,0.0207,37.294,Core Revenue Contributors
CUST02775,Meera Gupta,15,36,282350.92,72301.96,1464,0.0207,37.3148,Core Revenue Contributors
CUST05995,Arjun Deshmukh,9,23,282333.6,73797.35,1465,0.0207,37.3355,Core Revenue Contributors
CUST03892,Kavya Sharma,13,32,282235.58,62000.55,1466,0.0207,37.3562,Core Revenue Contributors
CUST05070,Pooja Deshmukh,11,29,282228.64,89897.23,1467,0.0207,37.377,Core Revenue Contributors
CUST00865,Arjun Verma,18,43,282211.44,69831.02,1468,0.0207,37.3977,Core Revenue Contributors
CUST02814,Isha Joshi,13,31,282207.67,80662.28,1469,0.0207,37.4184,Core Revenue Contributors
CUST05150,Pooja Deshmukh,17,40,282121.53,72492.77,1470,0.0207,37.4391,Core Revenue Contributors
CUST04647,Isha Verma,19,40,282003.85,51164.36,1471,0.0207,37.4599,Core Revenue Contributors
CUST01432,Amit Kumar,13,32,281864.95,72193.96,1472,0.0207,37.4806,Core Revenue Contributors
CUST00274,Rohan Sharma,15,31,281855.82,81023.19,1473,0.0207,37.5013,Core Revenue Contributors
CUST04807,Neha Patil,14,34,281798.0,74716.2,1474,0.0207,37.522,Core Revenue Contributors
CUST00990,Priya Gupta,15,40,281780.13,61285.22,1475,0.0207,37.5426,Core Revenue Contributors
CUST01787,Aarav Gupta,11,31,281766.92,49083.44,1476,0.0207,37.5633,Core Revenue Contributors
CUST02791,Aditya Verma,15,37,281662.31,50995.0,1477,0.0207,37.584,Core Revenue Contributors
CUST00513,Rohan Mhaske,17,48,281646.43,60553.39,1478,0.0207,37.6047,Core Revenue Contributors
CUST03778,Aarav Singh,14,32,281645.9,68593.59,1479,0.0207,37.6254,Core Revenue Contributors
CUST05912,Priya Mhaske,14,35,281520.51,59193.64,1480,0.0207,37.6461,Core Revenue Contributors
CUST01542,Ananya Gupta,15,32,281437.08,62214.27,1481,0.0207,37.6667,Core Revenue Contributors
CUST05965,Pooja Patil,18,45,281409.16,65999.2,1482,0.0207,37.6874,Core Revenue Contributors
CUST00188,Priya Kumar,17,32,281368.98,75621.93,1483,0.0207,37.7081,Core Revenue Contributors
CUST03098,Arjun Deshmukh,16,47,281332.28,60407.88,1484,0.0207,37.7287,Core Revenue Contributors
CUST04078,Meera Patil,16,30,281326.48,54232.02,1485,0.0207,37.7494,Core Revenue Contributors
CUST02336,Priya Sharma,17,32,281235.05,72833.69,1486,0.0207,37.77,Core Revenue Contributors
CUST04888,Karan Deshmukh,14,30,281184.15,70995.21,1487,0.0207,37.7907,Core Revenue Contributors
CUST01092,Sneha Gupta,15,37,281149.09,57897.2,1488,0.0206,37.8113,Core Revenue Contributors
CUST01608,Aarav Nair,16,37,281112.9,66890.35,1489,0.0206,37.832,Core Revenue Contributors
CUST04609,Priya Nair,12,33,280879.27,64197.96,1490,0.0206,37.8526,Core Revenue Contributors
CUST05450,Arjun Patil,10,34,280862.44,85742.34,1491,0.0206,37.8732,Core Revenue Contributors
CUST00533,Arjun Patil,17,32,280809.07,65763.48,1492,0.0206,37.8939,Core Revenue Contributors
CUST05142,Pooja Sharma,18,40,280804.95,60699.39,1493,0.0206,37.9145,Core Revenue Contributors
CUST00807,Vivaan Patil,13,31,280753.58,76894.67,1494,0.0206,37.9351,Core Revenue Contributors
CUST03042,Neha Verma,18,50,280747.91,49986.5,1495,0.0206,37.9557,Core Revenue Contributors
CUST02634,Amit Deshmukh,16,35,280732.62,64269.53,1496,0.0206,37.9763,Core Revenue Contributors
CUST00463,Ananya Kumar,14,29,280618.37,77579.24,1497,0.0206,37.997,Core Revenue Contributors
CUST03563,Ananya Joshi,17,35,280510.77,64261.0,1498,0.0206,38.0176,Core Revenue Contributors
CUST04260,Vivaan Mehta,16,39,280485.48,65462.8,1499,0.0206,38.0382,Core Revenue Contributors
CUST05678,Kavya Sharma,15,37,280480.2,75923.58,1500,0.0206,38.0588,Core Revenue Contributors
CUST01420,Pooja Mehta,9,24,280384.5,52721.51,1501,0.0206,38.0793,Core Revenue Contributors
CUST00920,Neha Patil,14,33,280357.29,54373.92,1502,0.0206,38.0999,Core Revenue Contributors
CUST02580,Kavya Joshi,15,41,280352.79,61188.37,1503,0.0206,38.1205,Core Revenue Contributors
CUST04763,Amit Kumar,13,26,280286.12,86547.59,1504,0.0206,38.1411,Core Revenue Contributors
CUST00531,Karan Shah,14,37,280285.64,58636.29,1505,0.0206,38.1617,Core Revenue Contributors
CUST00259,Priya Gupta,16,43,280276.73,64528.59,1506,0.0206,38.1823,Core Revenue Contributors
CUST04855,Meera Gupta,15,29,280259.23,72774.66,1507,0.0206,38.2029,Core Revenue Contributors
CUST05403,Aarav Mehta,12,30,280247.05,90596.46,1508,0.0206,38.2234,Core Revenue Contributors
CUST00931,Amit Patil,11,30,280228.25,52031.22,1509,0.0206,38.244,Core Revenue Contributors
CUST04857,Karan Gupta,16,37,280149.56,79242.96,1510,0.0206,38.2646,Core Revenue Contributors
CUST02855,Vivaan Sharma,18,37,280144.61,64792.66,1511,0.0206,38.2852,Core Revenue Contributors
CUST01726,Pooja Joshi,13,32,280117.23,72093.82,1512,0.0206,38.3057,Core Revenue Contributors
CUST00968,Amit Nair,13,42,279974.3,67277.05,1513,0.0206,38.3263,Core Revenue Contributors
CUST05172,Neha Kumar,17,36,279915.39,79511.9,1514,0.0206,38.3469,Core Revenue Contributors
CUST00491,Pooja Patil,19,45,279904.14,89774.92,1515,0.0206,38.3674,Core Revenue Contributors
CUST00936,Rahul Nair,15,31,279889.69,76331.32,1516,0.0206,38.388,Core Revenue Contributors
CUST05530,Neha Verma,14,31,279756.46,69197.98,1517,0.0205,38.4085,Core Revenue Contributors
CUST01123,Meera Shah,11,29,279722.85,73581.69,1518,0.0205,38.4291,Core Revenue Contributors
CUST02594,Arjun Nair,14,37,279670.96,62441.43,1519,0.0205,38.4496,Core Revenue Contributors
CUST01936,Aarav Patil,20,36,279415.72,72587.9,1520,0.0205,38.4701,Core Revenue Contributors
CUST02858,Kavya Gupta,13,39,279353.83,61521.85,1521,0.0205,38.4906,Core Revenue Contributors
CUST04249,Isha Deshmukh,14,32,279328.03,64765.83,1522,0.0205,38.5112,Core Revenue Contributors
CUST03138,Aarav Mhaske,15,32,279315.6,48652.14,1523,0.0205,38.5317,Core Revenue Contributors
CUST05154,Rahul Patil,13,31,279307.71,59479.39,1524,0.0205,38.5522,Core Revenue Contributors
CUST04023,Amit Singh,14,32,279306.69,60663.33,1525,0.0205,38.5727,Core Revenue Contributors
CUST02608,Vivaan Gupta,17,36,279237.14,72342.66,1526,0.0205,38.5932,Core Revenue Contributors
CUST01467,Karan Kumar,17,40,279101.09,79701.31,1527,0.0205,38.6137,Core Revenue Contributors
CUST00713,Rohan Gupta,15,29,279077.14,70382.01,1528,0.0205,38.6342,Core Revenue Contributors
CUST03995,Ananya Mehta,13,32,278914.79,62424.33,1529,0.0205,38.6547,Core Revenue Contributors
CUST01367,Arjun Deshmukh,16,38,278715.42,89684.44,1530,0.0205,38.6752,Core Revenue Contributors
CUST02630,Arjun Joshi,12,35,278699.3,72882.84,1531,0.0205,38.6956,Core Revenue Contributors
CUST00040,Amit Nair,16,47,278680.67,58218.31,1532,0.0205,38.7161,Core Revenue Contributors
CUST03076,Vivaan Mhaske,13,31,278666.46,59612.5,1533,0.0205,38.7366,Core Revenue Contributors
CUST00110,Amit Mhaske,12,35,278658.39,77446.73,1534,0.0205,38.757,Core Revenue Contributors
CUST03186,Aditya Mhaske,13,32,278654.11,78694.69,1535,0.0205,38.7775,Core Revenue Contributors
CUST04109,Vivaan Deshmukh,16,36,278617.61,65493.89,1536,0.0205,38.7979,Core Revenue Contributors
CUST01664,Priya Sharma,14,33,278534.71,83748.8,1537,0.0205,38.8184,Core Revenue Contributors
CUST00478,Isha Mhaske,13,34,278501.16,62966.62,1538,0.0205,38.8389,Core Revenue Contributors
CUST04455,Priya Kumar,11,35,278318.04,70618.67,1539,0.0204,38.8593,Core Revenue Contributors
CUST02270,Ananya Verma,14,34,278317.52,65202.37,1540,0.0204,38.8797,Core Revenue Contributors
CUST04612,Isha Sharma,13,39,278173.92,66402.93,1541,0.0204,38.9002,Core Revenue Contributors
CUST01663,Kavya Joshi,12,26,278155.54,80923.39,1542,0.0204,38.9206,Core Revenue Contributors
CUST01945,Neha Shah,12,32,278042.59,74710.89,1543,0.0204,38.941,Core Revenue Contributors
CUST01427,Neha Mhaske,17,42,277982.04,67412.5,1544,0.0204,38.9614,Core Revenue Contributors
CUST02520,Rohan Sharma,19,44,277959.3,60631.46,1545,0.0204,38.9818,Core Revenue Contributors
CUST04444,Isha Sharma,15,42,277943.52,63811.76,1546,0.0204,39.0023,Core Revenue Contributors
CUST03646,Rohan Nair,17,45,277917.39,66429.14,1547,0.0204,39.0227,Core Revenue Contributors
CUST01336,Vivaan Gupta,18,36,277915.77,65618.41,1548,0.0204,39.0431,Core Revenue Contributors
CUST01620,Rahul Kumar,11,31,277894.21,59493.95,1549,0.0204,39.0635,Core Revenue Contributors
CUST04663,Kavya Mehta,14,40,277882.99,59368.64,1550,0.0204,39.0839,Core Revenue Contributors
CUST03164,Neha Nair,13,34,277712.28,78174.85,1551,0.0204,39.1043,Core Revenue Contributors
CUST03583,Aarav Sharma,12,31,277704.05,73994.33,1552,0.0204,39.1247,Core Revenue Contributors
CUST00745,Karan Sharma,15,34,277698.89,80478.51,1553,0.0204,39.1451,Core Revenue Contributors
CUST04703,Priya Mehta,17,40,277683.65,81640.94,1554,0.0204,39.1655,Core Revenue Contributors
CUST04161,Rahul Sharma,15,33,277683.51,57947.45,1555,0.0204,39.1859,Core Revenue Contributors
CUST04342,Sneha Joshi,12,35,277623.15,67021.61,1556,0.0204,39.2063,Core Revenue Contributors
CUST04425,Meera Shah,13,31,277588.0,60118.21,1557,0.0204,39.2266,Core Revenue Contributors
CUST02471,Priya Deshmukh,20,43,277478.37,71384.52,1558,0.0204,39.247,Core Revenue Contributors
CUST03337,Isha Shah,15,37,277477.99,76549.1,1559,0.0204,39.2674,Core Revenue Contributors
CUST03753,Sneha Patil,11,28,277400.49,77934.95,1560,0.0204,39.2878,Core Revenue Contributors
CUST02340,Karan Sharma,13,32,277354.7,68785.13,1561,0.0204,39.3081,Core Revenue Contributors
CUST03146,Neha Verma,12,34,277275.27,71120.04,1562,0.0204,39.3285,Core Revenue Contributors
CUST03388,Karan Patil,17,43,277178.31,71802.89,1563,0.0204,39.3489,Core Revenue Contributors
CUST00680,Kavya Sharma,15,35,277170.36,73560.31,1564,0.0204,39.3692,Core Revenue Contributors
CUST00126,Karan Gupta,14,41,277050.01,78405.51,1565,0.0203,39.3896,Core Revenue Contributors
CUST05694,Neha Kumar,13,32,277038.08,70173.59,1566,0.0203,39.4099,Core Revenue Contributors
CUST05926,Rahul Nair,9,25,276942.08,62849.27,1567,0.0203,39.4302,Core Revenue Contributors
CUST01185,Arjun Patil,14,38,276918.79,60554.07,1568,0.0203,39.4506,Core Revenue Contributors
CUST05991,Rohan Mhaske,13,27,276773.86,71611.84,1569,0.0203,39.4709,Core Revenue Contributors
CUST01960,Aditya Sharma,12,30,276741.24,72313.58,1570,0.0203,39.4912,Core Revenue Contributors
CUST03135,Neha Nair,10,32,276679.86,74204.27,1571,0.0203,39.5116,Core Revenue Contributors
CUST04758,Kavya Kumar,15,43,276611.01,59997.07,1572,0.0203,39.5319,Core Revenue Contributors
CUST05380,Rohan Patil,13,35,276566.95,83482.25,1573,0.0203,39.5522,Core Revenue Contributors
CUST03678,Ananya Kumar,19,37,276525.83,53276.65,1574,0.0203,39.5725,Core Revenue Contributors
CUST05051,Aditya Sharma,13,32,276502.82,83799.11,1575,0.0203,39.5928,Core Revenue Contributors
CUST00884,Ananya Nair,14,31,276501.09,77089.73,1576,0.0203,39.6131,Core Revenue Contributors
CUST01905,Amit Kumar,15,27,276460.98,74363.34,1577,0.0203,39.6334,Core Revenue Contributors
CUST02414,Vivaan Patil,18,37,276379.04,61210.63,1578,0.0203,39.6537,Core Revenue Contributors
CUST02611,Arjun Deshmukh,16,39,276374.39,77267.63,1579,0.0203,39.674,Core Revenue Contributors
CUST02266,Ananya Mehta,12,28,276196.6,57808.64,1580,0.0203,39.6943,Core Revenue Contributors
CUST01250,Karan Kumar,13,31,276177.42,68202.16,1581,0.0203,39.7146,Core Revenue Contributors
CUST00500,Rohan Verma,14,40,276138.54,73605.1,1582,0.0203,39.7349,Core Revenue Contributors
CUST02746,Ananya Kumar,19,39,276129.09,58288.16,1583,0.0203,39.7551,Core Revenue Contributors
CUST04180,Meera Mhaske,20,40,276020.99,69455.6,1584,0.0203,39.7754,Core Revenue Contributors
CUST05426,Amit Singh,14,34,275958.85,54425.39,1585,0.0203,39.7957,Core Revenue Contributors
CUST01339,Priya Patil,13,33,275925.04,75125.05,1586,0.0203,39.8159,Core Revenue Contributors
CUST01258,Aditya Singh,11,30,275910.73,46895.4,1587,0.0203,39.8362,Core Revenue Contributors
CUST01075,Rohan Patil,12,42,275845.99,64606.55,1588,0.0203,39.8565,Core Revenue Contributors
CUST04302,Ananya Patil,16,37,275826.12,75774.75,1589,0.0203,39.8767,Core Revenue Contributors
CUST00938,Arjun Deshmukh,14,34,275795.06,47557.93,1590,0.0203,39.897,Core Revenue Contributors
CUST02359,Isha Joshi,12,31,275696.36,71227.58,1591,0.0202,39.9172,Core Revenue Contributors
CUST01074,Rahul Verma,13,37,275678.78,60225.38,1592,0.0202,39.9375,Core Revenue Contributors
CUST05512,Sneha Singh,17,33,275620.77,69479.52,1593,0.0202,39.9577,Core Revenue Contributors
CUST04188,Rohan Verma,16,40,275604.3,63982.13,1594,0.0202,39.9779,Core Revenue Contributors
CUST04586,Aarav Kumar,13,30,275561.84,72430.38,1595,0.0202,39.9982,Core Revenue Contributors
CUST00672,Aditya Sharma,13,38,275554.29,67862.53,1596,0.0202,40.0184,Core Revenue Contributors
CUST02748,Rahul Nair,18,40,275553.35,75552.86,1597,0.0202,40.0387,Core Revenue Contributors
CUST01685,Rahul Shah,15,42,275537.51,51449.88,1598,0.0202,40.0589,Core Revenue Contributors
CUST03345,Karan Nair,13,30,275500.45,79679.35,1599,0.0202,40.0791,Core Revenue Contributors
CUST04327,Aditya Singh,12,34,275464.49,78276.89,1600,0.0202,40.0994,Core Revenue Contributors
CUST03000,Aarav Singh,21,57,275337.55,64232.44,1601,0.0202,40.1196,Core Revenue Contributors
CUST03566,Kavya Singh,10,27,275325.18,66680.86,1602,0.0202,40.1398,Core Revenue Contributors
CUST00200,Pooja Nair,14,31,275276.87,85020.49,1603,0.0202,40.16,Core Revenue Contributors
CUST04926,Amit Nair,14,35,275160.48,82940.62,1604,0.0202,40.1802,Core Revenue Contributors
CUST03419,Arjun Singh,12,34,275143.96,73339.22,1605,0.0202,40.2004,Core Revenue Contributors
CUST00488,Meera Mhaske,16,41,275101.87,64306.3,1606,0.0202,40.2206,Core Revenue Contributors
CUST01584,Rohan Gupta,10,27,275059.81,58676.54,1607,0.0202,40.2408,Core Revenue Contributors
CUST04515,Aditya Mehta,12,26,275002.09,65446.42,1608,0.0202,40.261,Core Revenue Contributors
CUST03594,Neha Patil,15,33,274995.99,67873.27,1609,0.0202,40.2812,Core Revenue Contributors
CUST03805,Isha Kumar,11,35,274915.98,66559.64,1610,0.0202,40.3014,Core Revenue Contributors
CUST05591,Arjun Deshmukh,12,28,274876.26,66836.76,1611,0.0202,40.3216,Core Revenue Contributors
CUST02163,Meera Gupta,16,41,274832.63,59286.67,1612,0.0202,40.3418,Core Revenue Contributors
CUST05284,Neha Kumar,12,35,274769.25,67627.2,1613,0.0202,40.362,Core Revenue Contributors
CUST00569,Ananya Joshi,15,40,274767.65,47088.58,1614,0.0202,40.3821,Core Revenue Contributors
CUST02223,Vivaan Verma,12,33,274756.39,74973.13,1615,0.0202,40.4023,Core Revenue Contributors
CUST02950,Ananya Nair,19,45,274686.42,60380.67,1616,0.0202,40.4225,Core Revenue Contributors
CUST01038,Sneha Gupta,16,42,274685.51,66690.17,1617,0.0202,40.4427,Core Revenue Contributors
CUST02493,Neha Shah,15,32,274681.49,67896.07,1618,0.0202,40.4628,Core Revenue Contributors
CUST02269,Meera Nair,14,33,274546.49,62689.7,1619,0.0202,40.483,Core Revenue Contributors
CUST02071,Kavya Singh,14,31,274503.33,74630.02,1620,0.0202,40.5032,Core Revenue Contributors
CUST03885,Priya Patil,14,30,274486.17,54008.29,1621,0.0202,40.5233,Core Revenue Contributors
CUST01082,Arjun Shah,12,30,274463.01,63563.61,1622,0.0202,40.5435,Core Revenue Contributors
CUST04667,Karan Mehta,11,31,274458.97,69162.64,1623,0.0202,40.5636,Core Revenue Contributors
CUST03195,Vivaan Sharma,17,35,274456.02,66313.06,1624,0.0202,40.5838,Core Revenue Contributors
CUST02729,Neha Nair,12,32,274391.32,67790.42,1625,0.0202,40.604,Core Revenue Contributors
CUST02954,Priya Mehta,16,44,274193.95,66169.28,1626,0.0201,40.6241,Core Revenue Contributors
CUST02788,Meera Shah,16,43,274124.72,60462.11,1627,0.0201,40.6442,Core Revenue Contributors
CUST05243,Pooja Shah,11,37,274121.16,58089.6,1628,0.0201,40.6644,Core Revenue Contributors
CUST02567,Amit Nair,14,39,274115.69,56759.99,1629,0.0201,40.6845,Core Revenue Contributors
CUST01196,Meera Kumar,16,42,273997.51,53341.07,1630,0.0201,40.7046,Core Revenue Contributors
CUST00997,Amit Deshmukh,11,29,273992.23,59414.36,1631,0.0201,40.7247,Core Revenue Contributors
CUST05310,Kavya Sharma,12,33,273975.87,86631.83,1632,0.0201,40.7448,Core Revenue Contributors
CUST02354,Rohan Mhaske,14,38,273970.2,76540.96,1633,0.0201,40.765,Core Revenue Contributors
CUST02659,Amit Shah,17,32,273944.4,69195.08,1634,0.0201,40.7851,Core Revenue Contributors
CUST05813,Aarav Joshi,13,43,273866.4,64383.59,1635,0.0201,40.8052,Core Revenue Contributors
CUST02254,Vivaan Patil,12,37,273798.38,78419.8,1636,0.0201,40.8253,Core Revenue Contributors
CUST04184,Sneha Shah,12,35,273698.39,49988.14,1637,0.0201,40.8454,Core Revenue Contributors
CUST05675,Amit Kumar,13,30,273687.4,52360.66,1638,0.0201,40.8655,Core Revenue Contributors
CUST00070,Kavya Joshi,18,40,273675.03,66704.05,1639,0.0201,40.8856,Core Revenue Contributors
CUST03924,Vivaan Verma,12,22,273610.38,82800.44,1640,0.0201,40.9057,Core Revenue Contributors
CUST02821,Neha Joshi,17,40,273574.21,77974.72,1641,0.0201,40.9258,Core Revenue Contributors
CUST00697,Pooja Singh,12,31,273530.58,82023.72,1642,0.0201,40.9459,Core Revenue Contributors
CUST02635,Meera Mhaske,18,36,273499.21,79404.78,1643,0.0201,40.966,Core Revenue Contributors
CUST02318,Karan Kumar,14,40,273485.31,51697.16,1644,0.0201,40.9861,Core Revenue Contributors
CUST04863,Rahul Deshmukh,13,37,273478.89,50170.13,1645,0.0201,41.0061,Core Revenue Contributors
CUST04207,Aarav Kumar,16,38,273447.72,64570.5,1646,0.0201,41.0262,Core Revenue Contributors
CUST02171,Isha Kumar,17,37,273445.76,57410.03,1647,0.0201,41.0463,Core Revenue Contributors
CUST05344,Rohan Nair,15,35,273328.88,66666.66,1648,0.0201,41.0664,Core Revenue Contributors
CUST03035,Sneha Verma,12,31,273321.75,79777.92,1649,0.0201,41.0865,Core Revenue Contributors
CUST00916,Neha Gupta,13,28,273296.13,70266.44,1650,0.0201,41.1065,Core Revenue Contributors
CUST03318,Sneha Verma,14,36,273282.7,49930.72,1651,0.0201,41.1266,Core Revenue Contributors
CUST02497,Rahul Mhaske,11,28,273261.03,62340.69,1652,0.0201,41.1467,Core Revenue Contributors
CUST05131,Priya Deshmukh,9,25,273231.49,78242.56,1653,0.0201,41.1667,Core Revenue Contributors
CUST02560,Vivaan Mehta,12,27,273202.44,77255.39,1654,0.0201,41.1868,Core Revenue Contributors
CUST01982,Kavya Mhaske,11,32,273151.72,47513.59,1655,0.0201,41.2069,Core Revenue Contributors
CUST03462,Sneha Mhaske,12,35,273059.34,57990.49,1656,0.0201,41.2269,Core Revenue Contributors
CUST01516,Neha Mehta,12,29,273052.6,75388.92,1657,0.0201,41.247,Core Revenue Contributors
CUST05532,Amit Joshi,11,29,273035.9,68215.04,1658,0.0201,41.267,Core Revenue Contributors
CUST03662,Karan Gupta,15,33,272963.24,80745.96,1659,0.02,41.2871,Core Revenue Contributors
CUST04277,Priya Kumar,10,29,272954.82,58860.59,1660,0.02,41.3071,Core Revenue Contributors
CUST03163,Vivaan Mehta,15,28,272898.49,68343.37,1661,0.02,41.3272,Core Revenue Contributors
CUST00654,Kavya Gupta,11,34,272871.41,55266.13,1662,0.02,41.3472,Core Revenue Contributors
CUST01180,Aditya Gupta,12,36,272796.13,58847.82,1663,0.02,41.3672,Core Revenue Contributors
CUST04211,Kavya Gupta,11,28,272736.72,59782.32,1664,0.02,41.3873,Core Revenue Contributors
CUST03417,Kavya Singh,14,31,272615.74,78536.07,1665,0.02,41.4073,Core Revenue Contributors
CUST04968,Rahul Sharma,14,29,272576.85,56989.11,1666,0.02,41.4273,Core Revenue Contributors
CUST00464,Rohan Verma,18,37,272541.57,54292.22,1667,0.02,41.4473,Core Revenue Contributors
CUST05087,Rahul Joshi,15,36,272482.11,65399.98,1668,0.02,41.4673,Core Revenue Contributors
CUST05241,Amit Verma,14,33,272457.8,83254.13,1669,0.02,41.4873,Core Revenue Contributors
CUST03247,Ananya Singh,14,29,272436.6,76186.84,1670,0.02,41.5073,Core Revenue Contributors
CUST05333,Arjun Sharma,8,23,272418.37,65321.3,1671,0.02,41.5273,Core Revenue Contributors
CUST03350,Priya Deshmukh,11,25,272364.3,69930.6,1672,0.02,41.5474,Core Revenue Contributors
CUST02943,Rahul Kumar,12,23,272355.98,74322.44,1673,0.02,41.5674,Core Revenue Contributors
CUST05884,Arjun Sharma,14,25,272300.74,81574.75,1674,0.02,41.5874,Core Revenue Contributors
CUST02584,Karan Joshi,15,36,272279.62,74570.58,1675,0.02,41.6073,Core Revenue Contributors
CUST05143,Meera Shah,10,30,272265.06,83325.39,1676,0.02,41.6273,Core Revenue Contributors
CUST03854,Aditya Gupta,12,33,272221.37,51641.12,1677,0.02,41.6473,Core Revenue Contributors
CUST02442,Kavya Nair,9,31,272204.0,44293.48,1678,0.02,41.6673,Core Revenue Contributors
CUST03939,Aarav Joshi,14,33,272178.38,74882.88,1679,0.02,41.6873,Core Revenue Contributors
CUST02296,Sneha Nair,13,38,272177.11,57653.81,1680,0.02,41.7073,Core Revenue Contributors
CUST01145,Sneha Shah,14,32,272151.11,70737.09,1681,0.02,41.7273,Core Revenue Contributors
CUST05758,Pooja Nair,15,29,272139.57,68123.03,1682,0.02,41.7473,Core Revenue Contributors
CUST01490,Pooja Gupta,16,35,272114.36,83599.1,1683,0.02,41.7673,Core Revenue Contributors
CUST05499,Pooja Patil,15,33,272063.23,83590.82,1684,0.02,41.7872,Core Revenue Contributors
CUST05381,Karan Nair,17,36,271970.12,71576.6,1685,0.02,41.8072,Core Revenue Contributors
CUST05076,Karan Gupta,13,27,271963.69,77322.98,1686,0.02,41.8272,Core Revenue Contributors
CUST03085,Priya Mehta,13,34,271908.54,69498.47,1687,0.02,41.8472,Core Revenue Contributors
CUST01481,Arjun Verma,19,39,271874.65,62637.28,1688,0.02,41.8671,Core Revenue Contributors
CUST00125,Isha Gupta,13,29,271693.1,68591.08,1689,0.02,41.8871,Core Revenue Contributors
CUST01311,Rahul Kumar,17,34,271683.18,63365.29,1690,0.02,41.907,Core Revenue Contributors
CUST02351,Meera Verma,11,31,271613.95,74826.95,1691,0.0199,41.927,Core Revenue Contributors
CUST05057,Amit Kumar,13,30,271596.42,82080.4,1692,0.0199,41.9469,Core Revenue Contributors
CUST04537,Priya Shah,12,31,271543.89,64187.7,1693,0.0199,41.9669,Core Revenue Contributors
CUST04019,Sneha Mehta,16,41,271534.38,75316.25,1694,0.0199,41.9868,Core Revenue Contributors
CUST04836,Vivaan Verma,13,24,271523.52,65418.0,1695,0.0199,42.0068,Core Revenue Contributors
CUST02445,Meera Gupta,16,38,271513.37,59233.99,1696,0.0199,42.0267,Core Revenue Contributors
CUST03386,Karan Sharma,13,41,271490.92,72198.41,1697,0.0199,42.0466,Core Revenue Contributors
CUST01538,Meera Verma,16,34,271489.01,48048.35,1698,0.0199,42.0666,Core Revenue Contributors
CUST05805,Isha Kumar,17,34,271442.33,50646.37,1699,0.0199,42.0865,Core Revenue Contributors
CUST04057,Kavya Deshmukh,16,31,271437.54,73107.13,1700,0.0199,42.1064,Core Revenue Contributors
CUST05168,Kavya Gupta,11,25,271420.26,72228.75,1701,0.0199,42.1264,Core Revenue Contributors
CUST05476,Aditya Patil,16,43,271397.17,61461.95,1702,0.0199,42.1463,Core Revenue Contributors
CUST00389,Sneha Patil,18,35,271381.18,78266.7,1703,0.0199,42.1662,Core Revenue Contributors
CUST04411,Neha Gupta,9,28,271325.57,71332.5,1704,0.0199,42.1862,Core Revenue Contributors
CUST04955,Neha Sharma,15,30,271306.4,74604.96,1705,0.0199,42.2061,Core Revenue Contributors
CUST01700,Neha Joshi,11,36,271292.55,79165.52,1706,0.0199,42.226,Core Revenue Contributors
CUST01833,Aditya Verma,14,43,271290.42,47781.8,1707,0.0199,42.2459,Core Revenue Contributors
CUST04231,Kavya Kumar,11,31,271238.79,68776.52,1708,0.0199,42.2659,Core Revenue Contributors
CUST02587,Aditya Sharma,19,36,271209.91,69365.42,1709,0.0199,42.2858,Core Revenue Contributors
CUST03554,Pooja Mehta,13,32,271174.05,88934.09,1710,0.0199,42.3057,Core Revenue Contributors
CUST04919,Rahul Mhaske,13,33,271131.32,83898.66,1711,0.0199,42.3256,Core Revenue Contributors
CUST02916,Aarav Verma,15,28,271076.26,83318.74,1712,0.0199,42.3455,Core Revenue Contributors
CUST01415,Priya Deshmukh,12,27,271022.8,86073.68,1713,0.0199,42.3654,Core Revenue Contributors
CUST04951,Kavya Verma,13,31,270934.99,82588.24,1714,0.0199,42.3853,Core Revenue Contributors
CUST01095,Isha Gupta,16,32,270916.88,64374.31,1715,0.0199,42.4052,Core Revenue Contributors
CUST05160,Karan Joshi,14,32,270916.7,63856.35,1716,0.0199,42.4251,Core Revenue Contributors
CUST00141,Amit Gupta,15,33,270830.71,68978.36,1717,0.0199,42.445,Core Revenue Contributors
CUST00963,Neha Verma,12,28,270789.18,64801.11,1718,0.0199,42.4649,Core Revenue Contributors
CUST01759,Vivaan Nair,15,33,270774.06,52416.3,1719,0.0199,42.4848,Core Revenue Contributors
CUST05706,Kavya Deshmukh,10,28,270710.24,77500.53,1720,0.0199,42.5047,Core Revenue Contributors
CUST04544,Vivaan Gupta,9,25,270678.55,69774.31,1721,0.0199,42.5245,Core Revenue Contributors
CUST00012,Neha Sharma,13,26,270665.96,64901.94,1722,0.0199,42.5444,Core Revenue Contributors
CUST05917,Aditya Gupta,14,36,270612.11,62628.87,1723,0.0199,42.5643,Core Revenue Contributors
CUST02824,Ananya Patil,18,40,270591.41,60956.79,1724,0.0199,42.5842,Core Revenue Contributors
CUST00882,Arjun Joshi,13,31,270580.95,75664.05,1725,0.0199,42.604,Core Revenue Contributors
CUST04701,Aarav Shah,13,30,270580.59,60342.37,1726,0.0199,42.6239,Core Revenue Contributors
CUST03207,Amit Patil,11,32,270565.91,61832.65,1727,0.0199,42.6438,Core Revenue Contributors
CUST02689,Amit Mehta,16,39,270526.39,69352.72,1728,0.0199,42.6636,Core Revenue Contributors
CUST02164,Vivaan Kumar,14,37,270297.74,52895.99,1729,0.0199,42.6835,Core Revenue Contributors
CUST03591,Karan Patil,14,31,270283.81,78225.71,1730,0.0199,42.7033,Core Revenue Contributors
CUST01191,Kavya Singh,11,32,270173.28,77310.03,1731,0.0198,42.7232,Core Revenue Contributors
CUST02848,Karan Patil,15,37,270090.32,72216.46,1732,0.0198,42.743,Core Revenue Contributors
CUST05529,Rohan Mhaske,12,28,270061.68,85898.99,1733,0.0198,42.7629,Core Revenue Contributors
CUST03398,Kavya Verma,18,44,269955.92,64883.21,1734,0.0198,42.7827,Core Revenue Contributors
CUST03851,Meera Verma,16,31,269907.44,64788.57,1735,0.0198,42.8025,Core Revenue Contributors
CUST05501,Priya Joshi,14,41,269900.56,52249.94,1736,0.0198,42.8223,Core Revenue Contributors
CUST00081,Arjun Mehta,15,32,269886.74,60653.51,1737,0.0198,42.8421,Core Revenue Contributors
CUST02562,Pooja Verma,12,36,269817.98,69358.82,1738,0.0198,42.862,Core Revenue Contributors
CUST02557,Aarav Mhaske,13,32,269769.33,69110.18,1739,0.0198,42.8818,Core Revenue Contributors
CUST05684,Sneha Joshi,11,26,269759.69,76584.87,1740,0.0198,42.9016,Core Revenue Contributors
CUST01615,Neha Singh,14,28,269744.88,66729.1,1741,0.0198,42.9214,Core Revenue Contributors
CUST03235,Aditya Singh,13,31,269598.56,65483.98,1742,0.0198,42.9412,Core Revenue Contributors
CUST05410,Arjun Mehta,13,31,269535.46,67279.53,1743,0.0198,42.961,Core Revenue Contributors
CUST04028,Vivaan Kumar,17,34,269525.01,73126.86,1744,0.0198,42.9808,Core Revenue Contributors
CUST02480,Kavya Verma,16,39,269453.88,56693.88,1745,0.0198,43.0006,Core Revenue Contributors
CUST05710,Rohan Kumar,17,36,269438.57,77554.54,1746,0.0198,43.0204,Core Revenue Contributors
CUST03782,Aditya Kumar,14,37,269410.18,70274.89,1747,0.0198,43.0401,Core Revenue Contributors
CUST00059,Karan Deshmukh,11,25,269386.97,59606.02,1748,0.0198,43.0599,Core Revenue Contributors
CUST01127,Aditya Nair,13,29,269382.75,71625.0,1749,0.0198,43.0797,Core Revenue Contributors
CUST01480,Arjun Sharma,11,30,269225.68,77869.9,1750,0.0198,43.0995,Core Revenue Contributors
CUST02135,Priya Kumar,12,28,269180.09,66571.1,1751,0.0198,43.1193,Core Revenue Contributors
CUST03605,Arjun Patil,18,50,269161.63,68063.19,1752,0.0198,43.139,Core Revenue Contributors
CUST05656,Vivaan Sharma,10,25,269160.0,75218.92,1753,0.0198,43.1588,Core Revenue Contributors
CUST03759,Aditya Mehta,20,40,269123.71,70368.92,1754,0.0198,43.1786,Core Revenue Contributors
CUST00208,Isha Kumar,11,27,269054.61,65003.79,1755,0.0198,43.1983,Core Revenue Contributors
CUST03258,Vivaan Mhaske,17,37,269028.95,86623.91,1756,0.0198,43.2181,Core Revenue Contributors
CUST01019,Priya Shah,17,32,268993.02,65106.68,1757,0.0198,43.2378,Core Revenue Contributors
CUST01194,Vivaan Verma,14,31,268963.69,57503.46,1758,0.0198,43.2576,Core Revenue Contributors
CUST04945,Isha Patil,11,31,268916.99,61502.98,1759,0.0197,43.2773,Core Revenue Contributors
CUST03548,Rohan Nair,13,36,268766.97,64169.3,1760,0.0197,43.2971,Core Revenue Contributors
CUST04118,Karan Shah,14,29,268741.32,53443.85,1761,0.0197,43.3168,Core Revenue Contributors
CUST01392,Meera Sharma,13,30,268626.52,80407.34,1762,0.0197,43.3365,Core Revenue Contributors
CUST02886,Ananya Nair,15,35,268608.16,69574.45,1763,0.0197,43.3563,Core Revenue Contributors
CUST01928,Ananya Joshi,14,27,268472.19,70497.83,1764,0.0197,43.376,Core Revenue Contributors
CUST01771,Sneha Nair,17,35,268448.57,65911.46,1765,0.0197,43.3957,Core Revenue Contributors
CUST01820,Meera Singh,12,33,268427.94,74636.5,1766,0.0197,43.4154,Core Revenue Contributors
CUST01202,Kavya Sharma,15,41,268423.27,70325.42,1767,0.0197,43.4351,Core Revenue Contributors
CUST05791,Sneha Patil,16,35,268393.16,75473.33,1768,0.0197,43.4548,Core Revenue Contributors
CUST05283,Arjun Verma,14,32,268319.48,65292.17,1769,0.0197,43.4745,Core Revenue Contributors
CUST01909,Isha Nair,15,37,268219.16,72463.25,1770,0.0197,43.4942,Core Revenue Contributors
CUST05543,Kavya Patil,16,39,268203.22,61484.21,1771,0.0197,43.5139,Core Revenue Contributors
CUST02432,Isha Patil,13,33,268188.64,62413.6,1772,0.0197,43.5336,Core Revenue Contributors
CUST04920,Meera Mehta,13,37,268170.36,63209.63,1773,0.0197,43.5533,Core Revenue Contributors
CUST00369,Amit Verma,12,30,268166.25,51088.05,1774,0.0197,43.573,Core Revenue Contributors
CUST00934,Sneha Shah,18,36,268080.55,55883.62,1775,0.0197,43.5927,Core Revenue Contributors
CUST03378,Sneha Gupta,14,32,268070.91,58815.89,1776,0.0197,43.6124,Core Revenue Contributors
CUST03804,Meera Shah,13,32,268034.2,56899.88,1777,0.0197,43.6321,Core Revenue Contributors
CUST04340,Karan Kumar,10,26,268025.26,68217.79,1778,0.0197,43.6518,Core Revenue Contributors
CUST02917,Priya Gupta,12,33,267927.4,60717.17,1779,0.0197,43.6714,Core Revenue Contributors
CUST04417,Ananya Mhaske,14,28,267885.37,68861.77,1780,0.0197,43.6911,Core Revenue Contributors
CUST02064,Karan Verma,15,30,267819.2,66646.6,1781,0.0197,43.7108,Core Revenue Contributors
CUST04556,Sneha Mehta,11,32,267793.9,87334.38,1782,0.0197,43.7305,Core Revenue Contributors
CUST01395,Karan Patil,10,29,267792.72,48708.14,1783,0.0197,43.7501,Core Revenue Contributors
CUST04104,Meera Sharma,15,43,267783.26,62983.88,1784,0.0197,43.7698,Core Revenue Contributors
CUST05144,Vivaan Kumar,14,29,267777.17,72390.55,1785,0.0197,43.7895,Core Revenue Contributors
CUST03790,Vivaan Deshmukh,12,31,267774.41,56419.11,1786,0.0197,43.8091,Core Revenue Contributors
CUST03483,Aarav Verma,15,29,267488.11,70097.73,1787,0.0196,43.8288,Core Revenue Contributors
CUST04982,Karan Gupta,13,28,267421.77,62051.55,1788,0.0196,43.8484,Core Revenue Contributors
CUST02888,Karan Singh,16,42,267382.21,71940.88,1789,0.0196,43.868,Core Revenue Contributors
CUST00915,Aarav Deshmukh,16,37,267372.02,79169.68,1790,0.0196,43.8877,Core Revenue Contributors
CUST00573,Sneha Nair,16,40,267220.78,66705.57,1791,0.0196,43.9073,Core Revenue Contributors
CUST03225,Rohan Nair,14,40,267218.75,67675.77,1792,0.0196,43.9269,Core Revenue Contributors
CUST04720,Neha Nair,15,32,267176.79,78140.3,1793,0.0196,43.9465,Core Revenue Contributors
CUST02228,Ananya Patil,16,33,267149.29,64603.43,1794,0.0196,43.9662,Core Revenue Contributors
CUST02542,Sneha Gupta,14,33,267057.83,73775.31,1795,0.0196,43.9858,Core Revenue Contributors
CUST05559,Neha Joshi,14,34,266891.46,75400.04,1796,0.0196,44.0054,Core Revenue Contributors
CUST03539,Pooja Verma,13,35,266876.82,65658.77,1797,0.0196,44.025,Core Revenue Contributors
CUST03088,Priya Mhaske,17,43,266690.97,60683.91,1798,0.0196,44.0446,Core Revenue Contributors
CUST00297,Vivaan Patil,11,36,266570.13,60099.3,1799,0.0196,44.0641,Core Revenue Contributors
CUST03708,Meera Gupta,12,24,266512.17,72276.5,1800,0.0196,44.0837,Core Revenue Contributors
CUST03791,Kavya Sharma,12,37,266387.31,57267.84,1801,0.0196,44.1033,Core Revenue Contributors
CUST01805,Rohan Deshmukh,13,34,266365.05,55260.13,1802,0.0196,44.1228,Core Revenue Contributors
CUST03439,Karan Shah,14,39,266299.6,56409.92,1803,0.0196,44.1424,Core Revenue Contributors
CUST00137,Isha Joshi,12,28,266281.61,85832.57,1804,0.0196,44.162,Core Revenue Contributors
CUST04369,Aditya Gupta,14,32,266226.9,64902.48,1805,0.0196,44.1815,Core Revenue Contributors
CUST02274,Rahul Singh,16,35,266216.19,60360.85,1806,0.0196,44.2011,Core Revenue Contributors
CUST04517,Kavya Sharma,15,46,266162.73,63734.98,1807,0.0195,44.2206,Core Revenue Contributors
CUST03192,Arjun Nair,10,31,266156.66,51532.58,1808,0.0195,44.2402,Core Revenue Contributors
CUST04710,Kavya Sharma,13,36,266019.28,83922.73,1809,0.0195,44.2597,Core Revenue Contributors
CUST05294,Priya Patil,13,32,266016.54,67308.9,1810,0.0195,44.2792,Core Revenue Contributors
CUST02585,Aarav Patil,10,24,265932.78,58039.67,1811,0.0195,44.2988,Core Revenue Contributors
CUST03174,Aarav Deshmukh,13,34,265928.49,67377.3,1812,0.0195,44.3183,Core Revenue Contributors
CUST03283,Amit Verma,13,35,265859.48,84710.97,1813,0.0195,44.3378,Core Revenue Contributors
CUST03499,Pooja Joshi,16,36,265841.2,57429.95,1814,0.0195,44.3573,Core Revenue Contributors
CUST02649,Aarav Verma,13,39,265828.15,67063.46,1815,0.0195,44.3769,Core Revenue Contributors
CUST01159,Ananya Shah,18,37,265809.89,68119.0,1816,0.0195,44.3964,Core Revenue Contributors
CUST03716,Vivaan Joshi,14,37,265726.97,80409.38,1817,0.0195,44.4159,Core Revenue Contributors
CUST03897,Amit Singh,13,36,265722.82,71005.17,1818,0.0195,44.4354,Core Revenue Contributors
CUST05460,Rohan Mhaske,15,35,265701.58,58396.34,1819,0.0195,44.4549,Core Revenue Contributors
CUST05725,Amit Joshi,18,44,265678.83,58590.62,1820,0.0195,44.4744,Core Revenue Contributors
CUST04583,Kavya Singh,11,32,265653.45,68367.45,1821,0.0195,44.494,Core Revenue Contributors
CUST04365,Isha Patil,14,33,265596.48,74655.4,1822,0.0195,44.5135,Core Revenue Contributors
CUST00604,Rohan Sharma,13,24,265483.68,63282.57,1823,0.0195,44.533,Core Revenue Contributors
CUST05932,Meera Verma,14,31,265477.48,69252.96,1824,0.0195,44.5525,Core Revenue Contributors
CUST05112,Aarav Joshi,14,34,265416.24,69635.33,1825,0.0195,44.5719,Core Revenue Contributors
CUST00356,Isha Nair,12,31,265357.23,75664.18,1826,0.0195,44.5914,Core Revenue Contributors
CUST02861,Sneha Nair,14,35,265318.48,62004.08,1827,0.0195,44.6109,Core Revenue Contributors
CUST05797,Kavya Deshmukh,12,36,265219.25,65713.13,1828,0.0195,44.6304,Core Revenue Contributors
CUST00047,Isha Mhaske,10,29,265192.15,59058.34,1829,0.0195,44.6499,Core Revenue Contributors
CUST05269,Pooja Mhaske,11,34,265094.26,63395.13,1830,0.0195,44.6693,Core Revenue Contributors
CUST04171,Rahul Singh,16,38,265058.72,59328.76,1831,0.0195,44.6888,Core Revenue Contributors
CUST05961,Neha Deshmukh,10,32,264977.49,55390.13,1832,0.0195,44.7083,Core Revenue Contributors
CUST04239,Ananya Singh,18,29,264939.98,60987.22,1833,0.0195,44.7277,Core Revenue Contributors
CUST00029,Aarav Nair,15,33,264915.73,72878.44,1834,0.0195,44.7472,Core Revenue Contributors
CUST04246,Pooja Kumar,16,50,264883.86,66848.07,1835,0.0195,44.7666,Core Revenue Contributors
CUST01069,Meera Sharma,11,28,264842.89,73247.21,1836,0.0195,44.7861,Core Revenue Contributors
CUST00837,Aarav Mehta,12,30,264803.0,64851.06,1837,0.0194,44.8055,Core Revenue Contributors
CUST02909,Rohan Singh,11,29,264743.47,58823.96,1838,0.0194,44.825,Core Revenue Contributors
CUST02531,Arjun Deshmukh,18,41,264742.96,62448.88,1839,0.0194,44.8444,Core Revenue Contributors
CUST04688,Priya Deshmukh,16,39,264739.45,76427.37,1840,0.0194,44.8639,Core Revenue Contributors
CUST03988,Ananya Gupta,16,38,264738.37,55270.69,1841,0.0194,44.8833,Core Revenue Contributors
CUST02455,Arjun Kumar,11,28,264738.33,62102.67,1842,0.0194,44.9027,Core Revenue Contributors
CUST04047,Ananya Gupta,11,24,264600.16,67741.15,1843,0.0194,44.9222,Core Revenue Contributors
CUST02947,Vivaan Kumar,11,24,264376.51,64030.37,1844,0.0194,44.9416,Core Revenue Contributors
CUST02764,Neha Verma,16,40,264371.81,53445.41,1845,0.0194,44.961,Core Revenue Contributors
CUST05728,Kavya Mehta,12,30,264369.92,54646.39,1846,0.0194,44.9804,Core Revenue Contributors
CUST00550,Arjun Kumar,14,34,264364.99,56435.89,1847,0.0194,44.9998,Core Revenue Contributors
CUST00138,Aarav Deshmukh,13,28,264232.18,54576.32,1848,0.0194,45.0192,Core Revenue Contributors
CUST05300,Ananya Joshi,17,31,264196.81,70478.43,1849,0.0194,45.0387,Core Revenue Contributors
CUST04791,Amit Mehta,10,29,264178.02,56550.87,1850,0.0194,45.0581,Core Revenue Contributors
CUST02467,Aarav Kumar,15,29,264141.69,57552.4,1851,0.0194,45.0775,Core Revenue Contributors
CUST02652,Rahul Kumar,16,37,264082.28,73697.86,1852,0.0194,45.0968,Core Revenue Contributors
CUST03183,Aarav Shah,9,24,264062.81,68579.01,1853,0.0194,45.1162,Core Revenue Contributors
CUST05772,Neha Mehta,10,28,264038.25,76528.4,1854,0.0194,45.1356,Core Revenue Contributors
CUST05928,Sneha Singh,14,33,263886.16,68881.89,1855,0.0194,45.155,Core Revenue Contributors
CUST05459,Arjun Verma,12,38,263885.12,61793.36,1856,0.0194,45.1744,Core Revenue Contributors
CUST05619,Amit Deshmukh,10,30,263769.03,67235.12,1857,0.0194,45.1938,Core Revenue Contributors
CUST05401,Vivaan Singh,14,31,263761.05,66656.55,1858,0.0194,45.2131,Core Revenue Contributors
CUST05017,Rahul Kumar,13,31,263733.07,68457.17,1859,0.0194,45.2325,Core Revenue Contributors
CUST03616,Meera Kumar,11,28,263627.31,69330.45,1860,0.0194,45.2519,Core Revenue Contributors
CUST04966,Meera Joshi,12,35,263568.57,64505.96,1861,0.0194,45.2712,Core Revenue Contributors
CUST05389,Aditya Mhaske,9,27,263562.86,52616.65,1862,0.0194,45.2906,Core Revenue Contributors
CUST03427,Neha Patil,15,28,263497.03,75358.71,1863,0.0194,45.3099,Core Revenue Contributors
CUST01405,Kavya Verma,17,42,263450.18,56367.17,1864,0.0193,45.3293,Core Revenue Contributors
CUST04113,Sneha Singh,14,35,263399.04,69883.06,1865,0.0193,45.3486,Core Revenue Contributors
CUST05685,Amit Mehta,18,38,263353.29,73795.54,1866,0.0193,45.368,Core Revenue Contributors
CUST00761,Pooja Gupta,12,35,263268.23,54180.2,1867,0.0193,45.3873,Core Revenue Contributors
CUST01563,Rahul Deshmukh,15,32,263229.62,67432.04,1868,0.0193,45.4066,Core Revenue Contributors
CUST04973,Aditya Sharma,12,38,263209.09,61024.9,1869,0.0193,45.426,Core Revenue Contributors
CUST03233,Rahul Shah,14,28,263194.59,65993.3,1870,0.0193,45.4453,Core Revenue Contributors
CUST04681,Priya Gupta,10,31,263179.46,60992.5,1871,0.0193,45.4646,Core Revenue Contributors
CUST00999,Rahul Nair,12,29,263138.99,80333.1,1872,0.0193,45.4839,Core Revenue Contributors
CUST00849,Pooja Shah,13,44,263093.59,68296.22,1873,0.0193,45.5033,Core Revenue Contributors
CUST01476,Rohan Shah,13,32,263005.55,60833.38,1874,0.0193,45.5226,Core Revenue Contributors
CUST03864,Priya Shah,13,33,263003.15,67081.7,1875,0.0193,45.5419,Core Revenue Contributors
CUST01758,Neha Gupta,14,26,262994.18,62957.7,1876,0.0193,45.5612,Core Revenue Contributors
CUST00180,Vivaan Mhaske,17,41,262819.76,72259.63,1877,0.0193,45.5805,Core Revenue Contributors
CUST00967,Rahul Joshi,12,28,262813.74,59315.28,1878,0.0193,45.5998,Core Revenue Contributors
CUST03556,Neha Verma,16,30,262805.35,60138.57,1879,0.0193,45.6191,Core Revenue Contributors
CUST00578,Meera Nair,19,40,262750.8,57039.7,1880,0.0193,45.6384,Core Revenue Contributors
CUST03446,Isha Sharma,15,35,262717.29,71123.83,1881,0.0193,45.6577,Core Revenue Contributors
CUST03796,Sneha Joshi,12,26,262523.96,69406.91,1882,0.0193,45.677,Core Revenue Contributors
CUST03171,Meera Kumar,12,33,262513.98,66472.25,1883,0.0193,45.6963,Core Revenue Contributors
CUST03294,Ananya Verma,11,31,262481.34,50717.15,1884,0.0193,45.7155,Core Revenue Contributors
CUST04932,Karan Patil,16,35,262464.63,65342.97,1885,0.0193,45.7348,Core Revenue Contributors
CUST00645,Vivaan Gupta,13,34,262444.62,64855.03,1886,0.0193,45.7541,Core Revenue Contributors
CUST02726,Aarav Sharma,13,33,262382.58,68927.35,1887,0.0193,45.7734,Core Revenue Contributors
CUST05228,Aditya Nair,16,30,262371.89,62374.25,1888,0.0193,45.7926,Core Revenue Contributors
CUST05538,Neha Nair,14,32,262358.36,70741.4,1889,0.0193,45.8119,Core Revenue Contributors
CUST01653,Rahul Gupta,16,35,262300.65,52319.25,1890,0.0193,45.8312,Core Revenue Contributors
CUST05683,Rohan Sharma,10,27,262225.89,72004.9,1891,0.0193,45.8504,Core Revenue Contributors
CUST05490,Rohan Shah,12,23,262205.49,67460.16,1892,0.0193,45.8697,Core Revenue Contributors
CUST04989,Isha Singh,13,32,262153.59,63430.14,1893,0.0193,45.8889,Core Revenue Contributors
CUST05673,Priya Gupta,14,28,262088.04,70986.72,1894,0.0192,45.9082,Core Revenue Contributors
CUST05467,Kavya Shah,13,27,262020.45,52832.13,1895,0.0192,45.9274,Core Revenue Contributors
CUST05413,Karan Sharma,14,29,262017.82,73987.28,1896,0.0192,45.9467,Core Revenue Contributors
CUST04539,Vivaan Joshi,14,38,262002.19,69704.09,1897,0.0192,45.9659,Core Revenue Contributors
CUST03209,Rahul Mehta,14,27,261998.85,62637.01,1898,0.0192,45.9852,Core Revenue Contributors
CUST04634,Arjun Kumar,17,38,261985.59,68423.21,1899,0.0192,46.0044,Core Revenue Contributors
CUST04001,Priya Kumar,14,35,261876.95,54445.22,1900,0.0192,46.0236,Core Revenue Contributors
CUST00592,Amit Verma,14,23,261823.55,78991.26,1901,0.0192,46.0429,Core Revenue Contributors
CUST01079,Aditya Mehta,13,32,261757.22,68438.8,1902,0.0192,46.0621,Core Revenue Contributors
CUST04826,Rohan Joshi,10,30,261747.06,73141.33,1903,0.0192,46.0813,Core Revenue Contributors
CUST05452,Meera Deshmukh,14,32,261685.73,48216.11,1904,0.0192,46.1005,Core Revenue Contributors
CUST04329,Vivaan Mehta,12,34,261683.46,56509.43,1905,0.0192,46.1197,Core Revenue Contributors
CUST05774,Arjun Nair,14,31,261650.69,40302.0,1906,0.0192,46.139,Core Revenue Contributors
CUST01217,Kavya Shah,12,28,261534.11,54089.82,1907,0.0192,46.1582,Core Revenue Contributors
CUST04689,Pooja Gupta,15,34,261528.92,47906.56,1908,0.0192,46.1774,Core Revenue Contributors
CUST02482,Ananya Kumar,14,36,261515.38,73387.56,1909,0.0192,46.1966,Core Revenue Contributors
CUST05258,Aditya Singh,10,32,261437.28,68373.72,1910,0.0192,46.2158,Core Revenue Contributors
CUST03029,Karan Sharma,17,41,261367.34,72424.31,1911,0.0192,46.235,Core Revenue Contributors
CUST00903,Kavya Deshmukh,14,31,261343.09,73248.44,1912,0.0192,46.2542,Core Revenue Contributors
CUST00108,Sneha Verma,13,30,261341.45,51284.28,1913,0.0192,46.2734,Core Revenue Contributors
CUST05343,Kavya Mhaske,14,39,261335.99,64708.18,1914,0.0192,46.2925,Core Revenue Contributors
CUST00621,Vivaan Singh,15,27,261331.13,63534.28,1915,0.0192,46.3117,Core Revenue Contributors
CUST04769,Ananya Mhaske,13,33,261319.68,60397.88,1916,0.0192,46.3309,Core Revenue Contributors
CUST02574,Arjun Joshi,13,41,261318.16,61557.14,1917,0.0192,46.3501,Core Revenue Contributors
CUST04871,Pooja Deshmukh,14,38,261279.37,56604.29,1918,0.0192,46.3693,Core Revenue Contributors
CUST02112,Kavya Patil,13,36,261268.07,52533.45,1919,0.0192,46.3885,Core Revenue Contributors
CUST01108,Rohan Joshi,16,31,261259.77,74491.47,1920,0.0192,46.4077,Core Revenue Contributors
CUST04044,Rohan Gupta,15,30,261163.19,54559.46,1921,0.0192,46.4269,Core Revenue Contributors
CUST04794,Aarav Gupta,17,35,261161.3,64583.39,1922,0.0192,46.446,Core Revenue Contributors
CUST00776,Pooja Mehta,10,28,261067.63,80971.88,1923,0.0192,46.4652,Core Revenue Contributors
CUST05135,Aarav Shah,19,39,261032.1,61421.12,1924,0.0192,46.4844,Core Revenue Contributors
CUST00037,Meera Kumar,15,33,261023.8,65147.77,1925,0.0192,46.5036,Core Revenue Contributors
CUST00025,Rahul Deshmukh,15,26,261016.04,70489.47,1926,0.0192,46.5227,Core Revenue Contributors
CUST04051,Rahul Patil,12,36,261007.16,68898.56,1927,0.0192,46.5419,Core Revenue Contributors
CUST02820,Aditya Gupta,12,32,260980.25,67567.13,1928,0.0192,46.5611,Core Revenue Contributors
CUST04632,Sneha Shah,14,32,260977.79,74383.97,1929,0.0192,46.5802,Core Revenue Contributors
CUST03099,Meera Verma,10,25,260808.46,62912.43,1930,0.0192,46.5994,Core Revenue Contributors
CUST04593,Vivaan Kumar,15,27,260767.66,56717.89,1931,0.0192,46.6185,Core Revenue Contributors
CUST04682,Meera Kumar,11,24,260750.18,63730.54,1932,0.0191,46.6377,Core Revenue Contributors
CUST00911,Sneha Mhaske,18,42,260475.2,66003.76,1933,0.0191,46.6568,Core Revenue Contributors
CUST03724,Arjun Patil,19,47,260408.37,64173.89,1934,0.0191,46.6759,Core Revenue Contributors
CUST02912,Aditya Patil,14,34,260392.42,59612.3,1935,0.0191,46.6951,Core Revenue Contributors
CUST04805,Kavya Nair,12,30,260350.96,69359.48,1936,0.0191,46.7142,Core Revenue Contributors
CUST05383,Arjun Shah,11,29,260311.08,55079.76,1937,0.0191,46.7333,Core Revenue Contributors
CUST02833,Rahul Sharma,16,31,260294.49,73033.7,1938,0.0191,46.7524,Core Revenue Contributors
CUST01989,Kavya Shah,12,29,260267.34,75323.61,1939,0.0191,46.7715,Core Revenue Contributors
CUST01692,Kavya Mehta,12,32,260256.63,73186.91,1940,0.0191,46.7907,Core Revenue Contributors
CUST02871,Rahul Kumar,12,30,260240.14,55323.17,1941,0.0191,46.8098,Core Revenue Contributors
CUST02450,Amit Deshmukh,10,22,260221.05,60743.83,1942,0.0191,46.8289,Core Revenue Contributors
CUST03507,Aditya Shah,13,37,260219.78,80679.84,1943,0.0191,46.848,Core Revenue Contributors
CUST01292,Aditya Kumar,16,33,260206.3,72289.13,1944,0.0191,46.8671,Core Revenue Contributors
CUST02451,Isha Verma,15,38,260205.6,62827.0,1945,0.0191,46.8862,Core Revenue Contributors
CUST02353,Meera Shah,11,32,260112.63,67514.19,1946,0.0191,46.9053,Core Revenue Contributors
CUST00020,Priya Gupta,17,47,260109.15,57593.27,1947,0.0191,46.9244,Core Revenue Contributors
CUST04726,Aarav Nair,11,28,259944.3,35115.57,1948,0.0191,46.9435,Core Revenue Contributors
CUST04382,Arjun Mehta,10,22,259901.65,67033.92,1949,0.0191,46.9626,Core Revenue Contributors
CUST03887,Ananya Mehta,11,37,259871.91,68699.9,1950,0.0191,46.9817,Core Revenue Contributors
CUST03005,Meera Mehta,13,37,259809.25,62717.87,1951,0.0191,47.0008,Core Revenue Contributors
CUST05738,Priya Patil,14,36,259798.04,52203.91,1952,0.0191,47.0198,Core Revenue Contributors
CUST02618,Rahul Singh,14,40,259682.85,63967.85,1953,0.0191,47.0389,Core Revenue Contributors
CUST05438,Karan Gupta,14,30,259667.59,56261.66,1954,0.0191,47.058,Core Revenue Contributors
CUST02055,Rohan Verma,13,34,259558.6,63562.91,1955,0.0191,47.077,Core Revenue Contributors
CUST01827,Amit Shah,13,34,259545.26,65915.75,1956,0.0191,47.0961,Core Revenue Contributors
CUST03748,Ananya Nair,13,33,259540.69,77335.24,1957,0.0191,47.1152,Core Revenue Contributors
CUST00014,Rahul Shah,15,32,259465.24,69624.97,1958,0.0191,47.1342,Core Revenue Contributors
CUST02843,Vivaan Deshmukh,14,33,259416.93,67493.82,1959,0.0191,47.1533,Core Revenue Contributors
CUST00781,Amit Kumar,11,29,259320.84,67686.69,1960,0.019,47.1723,Core Revenue Contributors
CUST01745,Priya Kumar,15,35,259272.08,53392.7,1961,0.019,47.1914,Core Revenue Contributors
CUST01861,Rohan Verma,13,27,259248.67,51907.05,1962,0.019,47.2104,Core Revenue Contributors
CUST05670,Priya Singh,10,28,259224.06,66506.29,1963,0.019,47.2294,Core Revenue Contributors
CUST00044,Kavya Nair,13,25,259173.29,67820.91,1964,0.019,47.2485,Core Revenue Contributors
CUST01907,Isha Shah,15,35,259172.7,58807.83,1965,0.019,47.2675,Core Revenue Contributors
CUST04568,Ananya Mehta,14,33,258988.23,61237.9,1966,0.019,47.2865,Core Revenue Contributors
CUST02245,Karan Deshmukh,12,33,258869.99,68355.35,1967,0.019,47.3055,Core Revenue Contributors
CUST05838,Meera Singh,14,35,258846.68,70371.85,1968,0.019,47.3245,Core Revenue Contributors
CUST01231,Neha Joshi,10,32,258817.99,52223.2,1969,0.019,47.3436,Core Revenue Contributors
CUST01775,Priya Mehta,17,34,258761.26,60181.09,1970,0.019,47.3626,Core Revenue Contributors
CUST05959,Neha Singh,15,34,258675.95,58985.0,1971,0.019,47.3816,Core Revenue Contributors
CUST02010,Amit Mhaske,11,25,258652.35,54636.93,1972,0.019,47.4006,Core Revenue Contributors
CUST04893,Rahul Gupta,13,32,258628.37,62861.86,1973,0.019,47.4195,Core Revenue Contributors
CUST05307,Amit Patil,15,37,258532.27,59880.1,1974,0.019,47.4385,Core Revenue Contributors
CUST02161,Isha Shah,16,45,258462.7,61157.43,1975,0.019,47.4575,Core Revenue Contributors
CUST03369,Priya Verma,11,29,258372.9,60269.33,1976,0.019,47.4765,Core Revenue Contributors
CUST04630,Ananya Mhaske,18,37,258307.13,69642.53,1977,0.019,47.4955,Core Revenue Contributors
CUST04206,Isha Singh,15,29,258298.83,65755.68,1978,0.019,47.5144,Core Revenue Contributors
CUST05326,Pooja Patil,13,35,258254.83,58421.06,1979,0.019,47.5334,Core Revenue Contributors
CUST05749,Aarav Mhaske,12,30,258249.05,69802.84,1980,0.019,47.5524,Core Revenue Contributors
CUST05963,Amit Shah,14,30,258216.69,47636.34,1981,0.019,47.5713,Core Revenue Contributors
CUST03607,Aditya Verma,13,37,258177.2,76950.48,1982,0.019,47.5903,Core Revenue Contributors
CUST05702,Arjun Verma,13,27,258165.03,58670.9,1983,0.019,47.6092,Core Revenue Contributors
CUST04402,Kavya Sharma,10,30,258117.74,73097.82,1984,0.019,47.6282,Core Revenue Contributors
CUST03059,Arjun Verma,15,43,258087.74,66455.03,1985,0.019,47.6472,Core Revenue Contributors
CUST05015,Rohan Kumar,17,33,258021.03,65801.94,1986,0.0189,47.6661,Core Revenue Contributors
CUST03538,Meera Sharma,13,35,257959.29,56701.06,1987,0.0189,47.6851,Core Revenue Contributors
CUST04744,Isha Joshi,17,38,257946.55,69092.95,1988,0.0189,47.704,Core Revenue Contributors
CUST05662,Neha Sharma,11,28,257778.91,53142.2,1989,0.0189,47.7229,Core Revenue Contributors
CUST04627,Rohan Joshi,12,36,257721.63,47834.59,1990,0.0189,47.7419,Core Revenue Contributors
CUST00293,Isha Nair,13,29,257672.52,55172.05,1991,0.0189,47.7608,Core Revenue Contributors
CUST03781,Aarav Mehta,12,36,257518.32,65257.04,1992,0.0189,47.7797,Core Revenue Contributors
CUST02444,Vivaan Deshmukh,11,27,257513.24,60242.49,1993,0.0189,47.7986,Core Revenue Contributors
CUST01952,Rahul Verma,18,39,257433.56,54252.83,1994,0.0189,47.8175,Core Revenue Contributors
CUST01442,Rohan Deshmukh,12,29,257414.68,77061.83,1995,0.0189,47.8364,Core Revenue Contributors
CUST02838,Vivaan Verma,15,35,257330.53,65481.37,1996,0.0189,47.8553,Core Revenue Contributors
CUST03997,Vivaan Patil,8,24,257280.61,74243.27,1997,0.0189,47.8742,Core Revenue Contributors
CUST01148,Isha Sharma,16,49,257210.61,56720.57,1998,0.0189,47.8931,Core Revenue Contributors
CUST05462,Vivaan Kumar,14,31,257204.29,64104.45,1999,0.0189,47.912,Core Revenue Contributors
CUST02383,Isha Mehta,12,27,257161.36,86011.61,2000,0.0189,47.9309,Core Revenue Contributors
CUST04319,Isha Sharma,11,36,257139.3,65099.04,2001,0.0189,47.9498,Core Revenue Contributors
CUST01730,Amit Nair,15,36,257056.05,47175.61,2002,0.0189,47.9686,Core Revenue Contributors
CUST02553,Neha Sharma,13,32,256993.91,81844.49,2003,0.0189,47.9875,Core Revenue Contributors
CUST02060,Aarav Joshi,12,34,256974.54,55062.51,2004,0.0189,48.0064,Core Revenue Contributors
CUST04897,Aditya Mehta,16,40,256927.76,64839.4,2005,0.0189,48.0253,Core Revenue Contributors
CUST03816,Rahul Sharma,12,30,256907.51,54178.01,2006,0.0189,48.0441,Core Revenue Contributors
CUST02977,Rahul Verma,15,36,256794.87,51594.73,2007,0.0189,48.063,Core Revenue Contributors
CUST04152,Neha Singh,12,30,256753.04,71641.88,2008,0.0189,48.0818,Core Revenue Contributors
CUST00886,Vivaan Gupta,14,36,256731.86,50289.86,2009,0.0189,48.1007,Core Revenue Contributors
CUST00918,Amit Deshmukh,12,32,256715.88,67073.87,2010,0.0189,48.1195,Core Revenue Contributors
CUST02881,Rohan Gupta,18,32,256698.37,73486.77,2011,0.0189,48.1384,Core Revenue Contributors
CUST03111,Kavya Gupta,14,30,256648.56,63608.64,2012,0.0188,48.1572,Core Revenue Contributors
CUST04497,Aditya Gupta,19,38,256456.34,65653.13,2013,0.0188,48.1761,Core Revenue Contributors
CUST02981,Karan Kumar,12,29,256403.44,72171.45,2014,0.0188,48.1949,Core Revenue Contributors
CUST04412,Amit Shah,15,38,256371.72,48391.64,2015,0.0188,48.2137,Core Revenue Contributors
CUST01132,Vivaan Shah,14,33,256318.1,57876.23,2016,0.0188,48.2326,Core Revenue Contributors
CUST01356,Aditya Gupta,14,30,256308.05,52484.98,2017,0.0188,48.2514,Core Revenue Contributors
CUST02591,Neha Joshi,10,24,256301.99,65580.1,2018,0.0188,48.2702,Core Revenue Contributors
CUST01748,Kavya Patil,19,37,256300.16,66599.32,2019,0.0188,48.289,Core Revenue Contributors
CUST05109,Vivaan Mehta,10,31,256271.11,71305.67,2020,0.0188,48.3079,Core Revenue Contributors
CUST03452,Neha Mhaske,13,33,256255.89,68267.03,2021,0.0188,48.3267,Core Revenue Contributors
CUST01433,Aditya Joshi,14,29,256203.62,49687.27,2022,0.0188,48.3455,Core Revenue Contributors
CUST05497,Meera Joshi,15,34,256189.76,76330.36,2023,0.0188,48.3643,Core Revenue Contributors
CUST05100,Rohan Mehta,12,26,256172.04,72469.46,2024,0.0188,48.3831,Core Revenue Contributors
CUST04698,Aditya Kumar,7,26,256150.72,76613.11,2025,0.0188,48.4019,Core Revenue Contributors
CUST02014,Sneha Nair,17,41,256138.04,69175.48,2026,0.0188,48.4207,Core Revenue Contributors
CUST04189,Karan Patil,12,30,256071.71,61119.33,2027,0.0188,48.4396,Core Revenue Contributors
CUST04472,Rohan Gupta,14,33,255997.06,68789.91,2028,0.0188,48.4584,Core Revenue Contributors
CUST04985,Rohan Gupta,13,32,255763.66,66393.54,2029,0.0188,48.4771,Core Revenue Contributors
CUST02067,Kavya Verma,14,35,255747.79,51714.92,2030,0.0188,48.4959,Core Revenue Contributors
CUST05314,Isha Nair,11,33,255735.18,67844.9,2031,0.0188,48.5147,Core Revenue Contributors
CUST04977,Pooja Patil,14,33,255720.97,66610.67,2032,0.0188,48.5335,Core Revenue Contributors
CUST00850,Amit Verma,14,35,255705.58,46546.96,2033,0.0188,48.5523,Core Revenue Contributors
CUST05770,Kavya Patil,12,26,255643.71,51555.14,2034,0.0188,48.571,Core Revenue Contributors
CUST00548,Vivaan Singh,11,31,255625.08,50927.82,2035,0.0188,48.5898,Core Revenue Contributors
CUST00067,Rahul Gupta,13,30,255595.7,69676.47,2036,0.0188,48.6086,Core Revenue Contributors
CUST05146,Kavya Mehta,14,33,255571.2,63698.8,2037,0.0188,48.6273,Core Revenue Contributors
CUST02664,Aarav Sharma,11,22,255561.42,69320.69,2038,0.0188,48.6461,Core Revenue Contributors
CUST01389,Sneha Nair,13,34,255540.17,83465.79,2039,0.0188,48.6649,Core Revenue Contributors
CUST05924,Rohan Gupta,12,27,255537.56,67750.38,2040,0.0188,48.6837,Core Revenue Contributors
CUST00196,Rohan Shah,12,29,255524.8,56947.59,2041,0.0188,48.7024,Core Revenue Contributors
CUST01595,Aarav Verma,9,22,255396.77,67075.97,2042,0.0188,48.7212,Core Revenue Contributors
CUST02322,Priya Gupta,12,24,255347.74,59067.98,2043,0.0188,48.7399,Core Revenue Contributors
CUST01477,Vivaan Kumar,13,38,255287.17,73675.64,2044,0.0187,48.7587,Core Revenue Contributors
CUST03668,Kavya Sharma,16,25,255278.86,69267.07,2045,0.0187,48.7774,Core Revenue Contributors
CUST04034,Priya Nair,18,37,255263.74,69009.16,2046,0.0187,48.7962,Core Revenue Contributors
CUST01597,Priya Mhaske,17,37,255257.45,58911.1,2047,0.0187,48.8149,Core Revenue Contributors
CUST00230,Priya Gupta,17,38,255242.7,82635.58,2048,0.0187,48.8337,Core Revenue Contributors
CUST00334,Meera Mhaske,14,34,255236.34,62646.26,2049,0.0187,48.8524,Core Revenue Contributors
CUST04162,Sneha Patil,14,24,255235.35,61394.22,2050,0.0187,48.8712,Core Revenue Contributors
CUST03143,Rohan Mehta,10,25,255198.62,68805.22,2051,0.0187,48.8899,Core Revenue Contributors
CUST03661,Kavya Gupta,14,34,255153.23,57755.47,2052,0.0187,48.9086,Core Revenue Contributors
CUST04381,Priya Nair,13,33,255142.48,68709.31,2053,0.0187,48.9274,Core Revenue Contributors
CUST03204,Amit Mehta,11,29,255140.37,76245.11,2054,0.0187,48.9461,Core Revenue Contributors
CUST00553,Karan Mhaske,14,39,255100.87,59710.96,2055,0.0187,48.9648,Core Revenue Contributors
CUST00187,Karan Singh,11,24,255096.01,68383.95,2056,0.0187,48.9836,Core Revenue Contributors
CUST04316,Vivaan Shah,15,34,255053.3,55895.89,2057,0.0187,49.0023,Core Revenue Contributors
CUST01045,Amit Sharma,14,41,255049.66,59047.15,2058,0.0187,49.021,Core Revenue Contributors
CUST01056,Aarav Deshmukh,14,35,254980.04,75911.63,2059,0.0187,49.0398,Core Revenue Contributors
CUST04870,Neha Sharma,14,41,254974.29,57144.6,2060,0.0187,49.0585,Core Revenue Contributors
CUST00851,Vivaan Joshi,14,28,254880.9,59418.92,2061,0.0187,49.0772,Core Revenue Contributors
CUST01304,Pooja Joshi,11,26,254784.97,45489.61,2062,0.0187,49.0959,Core Revenue Contributors
CUST01644,Karan Mehta,13,32,254780.06,57556.0,2063,0.0187,49.1146,Core Revenue Contributors
CUST05682,Meera Singh,14,26,254777.49,56799.18,2064,0.0187,49.1333,Core Revenue Contributors
CUST02284,Amit Mehta,13,33,254759.0,67940.04,2065,0.0187,49.1521,Core Revenue Contributors
CUST04943,Sneha Mehta,13,32,254719.55,53635.97,2066,0.0187,49.1708,Core Revenue Contributors
CUST00809,Priya Mhaske,16,30,254697.83,66436.25,2067,0.0187,49.1895,Core Revenue Contributors
CUST02209,Meera Nair,11,28,254640.97,69356.73,2068,0.0187,49.2082,Core Revenue Contributors
CUST04608,Pooja Mehta,21,41,254611.47,70201.37,2069,0.0187,49.2269,Core Revenue Contributors
CUST05657,Rohan Nair,11,28,254539.15,80280.81,2070,0.0187,49.2456,Core Revenue Contributors
CUST01439,Rohan Nair,14,38,254504.92,76806.21,2071,0.0187,49.2643,Core Revenue Contributors
CUST03039,Arjun Mehta,12,26,254490.24,57010.29,2072,0.0187,49.2829,Core Revenue Contributors
CUST04045,Vivaan Deshmukh,17,34,254430.9,73278.72,2073,0.0187,49.3016,Core Revenue Contributors
CUST04721,Aditya Shah,14,42,254423.7,61723.67,2074,0.0187,49.3203,Core Revenue Contributors
CUST04401,Sneha Mhaske,12,25,254417.36,64462.47,2075,0.0187,49.339,Core Revenue Contributors
CUST04267,Vivaan Nair,15,41,254348.29,50003.98,2076,0.0187,49.3577,Core Revenue Contributors
CUST05833,Sneha Singh,16,40,254343.68,53350.93,2077,0.0187,49.3764,Core Revenue Contributors
CUST04429,Kavya Shah,12,27,254324.97,62454.73,2078,0.0187,49.395,Core Revenue Contributors
CUST01452,Meera Singh,11,32,254309.95,53944.98,2079,0.0187,49.4137,Core Revenue Contributors
CUST01141,Karan Joshi,13,35,254296.75,56320.09,2080,0.0187,49.4324,Core Revenue Contributors
CUST05069,Aarav Kumar,13,25,254291.52,60060.33,2081,0.0187,49.4511,Core Revenue Contributors
CUST03925,Sneha Singh,11,28,254284.11,69566.11,2082,0.0187,49.4697,Core Revenue Contributors
CUST01081,Sneha Kumar,16,36,254266.31,56028.95,2083,0.0187,49.4884,Core Revenue Contributors
CUST02002,Vivaan Joshi,15,43,254237.75,71785.53,2084,0.0187,49.5071,Core Revenue Contributors
CUST02342,Ananya Verma,10,25,254189.24,75483.86,2085,0.0187,49.5258,Core Revenue Contributors
CUST05945,Neha Gupta,12,33,254177.22,69404.2,2086,0.0187,49.5444,Core Revenue Contributors
CUST00236,Amit Sharma,13,41,254155.16,64058.89,2087,0.0187,49.5631,Core Revenue Contributors
CUST03161,Aarav Gupta,8,26,254141.85,71718.03,2088,0.0187,49.5818,Core Revenue Contributors
CUST04230,Karan Nair,9,30,254126.74,72809.75,2089,0.0187,49.6004,Core Revenue Contributors
CUST00961,Priya Verma,19,46,254122.64,59411.88,2090,0.0187,49.6191,Core Revenue Contributors
CUST05455,Pooja Kumar,15,30,254120.19,80850.71,2091,0.0187,49.6377,Core Revenue Contributors
CUST01765,Aditya Sharma,13,32,254097.09,39155.68,2092,0.0187,49.6564,Core Revenue Contributors
CUST00410,Aarav Gupta,18,39,254067.24,70404.35,2093,0.0187,49.6751,Core Revenue Contributors
CUST00253,Meera Verma,17,32,254051.32,65336.12,2094,0.0187,49.6937,Core Revenue Contributors
CUST03529,Isha Patil,8,29,254034.08,56616.85,2095,0.0187,49.7124,Core Revenue Contributors
CUST04280,Aarav Nair,16,35,254023.8,67886.08,2096,0.0187,49.731,Core Revenue Contributors
CUST02719,Rahul Mehta,10,28,253998.09,76062.53,2097,0.0187,49.7497,Core Revenue Contributors
CUST00673,Neha Patil,13,35,253984.74,39079.68,2098,0.0187,49.7683,Core Revenue Contributors
CUST05372,Aarav Mhaske,13,32,253971.56,61913.82,2099,0.0187,49.787,Core Revenue Contributors
CUST02088,Rahul Shah,12,36,253941.71,69835.36,2100,0.0186,49.8056,Core Revenue Contributors
CUST02667,Isha Verma,12,31,253862.21,41365.19,2101,0.0186,49.8243,Core Revenue Contributors
CUST03828,Priya Patil,13,30,253847.81,63737.82,2102,0.0186,49.8429,Core Revenue Contributors
CUST00451,Aarav Kumar,10,24,253831.83,68382.49,2103,0.0186,49.8616,Core Revenue Contributors
CUST02994,Isha Joshi,18,35,253827.94,66193.86,2104,0.0186,49.8802,Core Revenue Contributors
CUST03879,Aarav Verma,20,51,253800.18,51608.48,2105,0.0186,49.8989,Core Revenue Contributors
CUST03884,Rahul Patil,12,31,253798.79,45850.94,2106,0.0186,49.9175,Core Revenue Contributors
CUST03760,Sneha Shah,11,29,253783.04,65326.58,2107,0.0186,49.9361,Core Revenue Contributors
CUST05259,Rahul Sharma,12,26,253742.71,67371.8,2108,0.0186,49.9548,Core Revenue Contributors
CUST05365,Rohan Shah,15,38,253741.95,53876.89,2109,0.0186,49.9734,Core Revenue Contributors
CUST00159,Ananya Mehta,12,27,253734.1,75165.9,2110,0.0186,49.992,Core Revenue Contributors
CUST00400,Pooja Kumar,16,34,253704.04,61534.89,2111,0.0186,50.0107,Moderate Contributors
CUST04764,Amit Shah,12,27,253604.62,58642.87,2112,0.0186,50.0293,Moderate Contributors
CUST00362,Karan Joshi,12,32,253538.59,67467.73,2113,0.0186,50.0479,Moderate Contributors
CUST00028,Vivaan Nair,9,27,253536.02,76497.0,2114,0.0186,50.0665,Moderate Contributors
CUST03444,Rohan Sharma,12,26,253496.57,71092.62,2115,0.0186,50.0852,Moderate Contributors
CUST03640,Rohan Nair,14,34,253443.29,63440.53,2116,0.0186,50.1038,Moderate Contributors
CUST03550,Sneha Mhaske,12,33,253390.04,50971.95,2117,0.0186,50.1224,Moderate Contributors
CUST03516,Isha Shah,11,28,253388.7,66601.57,2118,0.0186,50.141,Moderate Contributors
CUST03717,Aarav Joshi,13,28,253377.02,62988.48,2119,0.0186,50.1596,Moderate Contributors
CUST05731,Amit Joshi,13,34,253335.54,70531.29,2120,0.0186,50.1782,Moderate Contributors
CUST05197,Karan Mhaske,15,34,253229.78,59442.31,2121,0.0186,50.1968,Moderate Contributors
CUST02872,Vivaan Mhaske,11,36,253195.46,58853.47,2122,0.0186,50.2154,Moderate Contributors
CUST00723,Aditya Shah,12,35,253181.95,58129.07,2123,0.0186,50.234,Moderate Contributors
CUST00167,Kavya Verma,12,22,253146.39,78596.84,2124,0.0186,50.2526,Moderate Contributors
CUST05491,Arjun Mehta,15,28,253099.26,56553.65,2125,0.0186,50.2712,Moderate Contributors
CUST04931,Isha Singh,15,34,253000.75,51787.33,2126,0.0186,50.2897,Moderate Contributors
CUST02460,Rohan Verma,13,36,252948.13,51900.32,2127,0.0186,50.3083,Moderate Contributors
CUST00552,Neha Deshmukh,16,32,252916.64,48369.16,2128,0.0186,50.3269,Moderate Contributors
CUST02835,Aditya Kumar,16,34,252914.59,69002.08,2129,0.0186,50.3455,Moderate Contributors
CUST05296,Rohan Nair,9,27,252871.21,70521.66,2130,0.0186,50.364,Moderate Contributors
CUST00346,Rohan Nair,20,39,252824.02,75794.75,2131,0.0186,50.3826,Moderate Contributors
CUST04086,Kavya Gupta,18,35,252730.32,70024.75,2132,0.0186,50.4012,Moderate Contributors
CUST03178,Kavya Kumar,13,35,252720.97,70106.08,2133,0.0186,50.4197,Moderate Contributors
CUST03237,Priya Singh,15,28,252668.7,76395.2,2134,0.0186,50.4383,Moderate Contributors
CUST01160,Pooja Kumar,16,39,252621.18,56347.37,2135,0.0186,50.4568,Moderate Contributors
CUST01627,Karan Deshmukh,14,31,252621.05,49423.18,2136,0.0186,50.4754,Moderate Contributors
CUST01277,Amit Verma,10,25,252518.5,56805.71,2137,0.0185,50.4939,Moderate Contributors
CUST05518,Aditya Nair,17,44,252474.09,63131.82,2138,0.0185,50.5125,Moderate Contributors
CUST02653,Sneha Sharma,17,40,252466.9,57047.01,2139,0.0185,50.531,Moderate Contributors
CUST05396,Aarav Joshi,15,46,252452.72,76789.35,2140,0.0185,50.5496,Moderate Contributors
CUST03091,Ananya Patil,15,37,252443.43,55509.37,2141,0.0185,50.5681,Moderate Contributors
CUST03836,Aditya Mhaske,13,28,252435.53,64401.56,2142,0.0185,50.5866,Moderate Contributors
CUST03784,Isha Verma,15,34,252434.85,55764.28,2143,0.0185,50.6052,Moderate Contributors
CUST02681,Rohan Shah,17,40,252402.8,57710.68,2144,0.0185,50.6237,Moderate Contributors
CUST03994,Ananya Patil,14,39,252400.48,61075.31,2145,0.0185,50.6423,Moderate Contributors
CUST03744,Kavya Verma,10,30,252392.28,75274.66,2146,0.0185,50.6608,Moderate Contributors
CUST04849,Meera Verma,10,22,252321.21,70652.62,2147,0.0185,50.6793,Moderate Contributors
CUST04918,Isha Singh,13,35,252317.85,46104.5,2148,0.0185,50.6979,Moderate Contributors
CUST01574,Isha Mehta,13,31,252308.67,58033.53,2149,0.0185,50.7164,Moderate Contributors
CUST03546,Amit Nair,15,37,252291.15,60023.78,2150,0.0185,50.7349,Moderate Contributors
CUST01706,Ananya Kumar,12,32,252279.07,53464.85,2151,0.0185,50.7534,Moderate Contributors
CUST03729,Karan Gupta,13,33,252163.69,64763.75,2152,0.0185,50.772,Moderate Contributors
CUST01537,Aditya Shah,12,38,252104.81,58321.06,2153,0.0185,50.7905,Moderate Contributors
CUST04978,Arjun Patil,12,26,252096.62,57144.04,2154,0.0185,50.809,Moderate Contributors
CUST00015,Meera Singh,13,31,252059.25,56286.43,2155,0.0185,50.8275,Moderate Contributors
CUST03242,Pooja Shah,12,25,252003.3,77038.35,2156,0.0185,50.846,Moderate Contributors
CUST05508,Pooja Deshmukh,15,31,251944.2,68789.83,2157,0.0185,50.8645,Moderate Contributors
CUST04245,Vivaan Sharma,12,31,251932.63,65330.95,2158,0.0185,50.883,Moderate Contributors
CUST00786,Arjun Mhaske,10,27,251928.29,64476.91,2159,0.0185,50.9015,Moderate Contributors
CUST02192,Rohan Sharma,12,28,251909.52,57399.53,2160,0.0185,50.92,Moderate Contributors
CUST05356,Aarav Joshi,16,39,251908.5,61658.1,2161,0.0185,50.9385,Moderate Contributors
CUST03024,Rohan Patil,14,32,251833.95,57892.68,2162,0.0185,50.957,Moderate Contributors
CUST05617,Sneha Patil,10,23,251823.99,76565.38,2163,0.0185,50.9755,Moderate Contributors
CUST03754,Arjun Patil,12,27,251822.51,61811.0,2164,0.0185,50.994,Moderate Contributors
CUST01018,Neha Nair,13,23,251785.22,60338.54,2165,0.0185,51.0125,Moderate Contributors
CUST05280,Karan Sharma,12,30,251763.21,57684.28,2166,0.0185,51.031,Moderate Contributors
CUST03180,Kavya Patil,15,38,251740.69,62220.53,2167,0.0185,51.0495,Moderate Contributors
CUST01617,Priya Shah,13,36,251712.35,47252.41,2168,0.0185,51.068,Moderate Contributors
CUST05369,Rahul Kumar,10,26,251619.1,67031.77,2169,0.0185,51.0864,Moderate Contributors
CUST01716,Isha Joshi,20,43,251597.77,40507.58,2170,0.0185,51.1049,Moderate Contributors
CUST05879,Rahul Mehta,11,33,251574.81,51545.5,2171,0.0185,51.1234,Moderate Contributors
CUST02628,Rohan Singh,17,41,251488.51,64897.72,2172,0.0185,51.1419,Moderate Contributors
CUST03536,Ananya Mehta,13,30,251436.47,71107.39,2173,0.0185,51.1603,Moderate Contributors
CUST01562,Neha Kumar,16,36,251369.55,65669.12,2174,0.0185,51.1788,Moderate Contributors
CUST03769,Vivaan Deshmukh,17,40,251333.02,64534.59,2175,0.0185,51.1972,Moderate Contributors
CUST02507,Meera Joshi,11,37,251289.62,61173.68,2176,0.0185,51.2157,Moderate Contributors
CUST01694,Isha Mehta,12,32,251262.97,48319.89,2177,0.0185,51.2342,Moderate Contributors
CUST00741,Pooja Mehta,12,25,251240.5,58695.91,2178,0.0185,51.2526,Moderate Contributors
CUST02925,Aditya Gupta,13,37,251183.79,75398.61,2179,0.0184,51.2711,Moderate Contributors
CUST04733,Aarav Deshmukh,10,22,251152.98,57106.84,2180,0.0184,51.2895,Moderate Contributors
CUST04565,Neha Sharma,13,28,251141.66,41433.82,2181,0.0184,51.3079,Moderate Contributors
CUST02183,Rohan Mhaske,15,33,251098.82,62758.01,2182,0.0184,51.3264,Moderate Contributors
CUST01243,Pooja Nair,14,33,251089.8,57515.09,2183,0.0184,51.3448,Moderate Contributors
CUST03016,Pooja Mehta,13,31,251080.34,61530.97,2184,0.0184,51.3633,Moderate Contributors
CUST03581,Ananya Shah,14,27,251075.14,72998.04,2185,0.0184,51.3817,Moderate Contributors
CUST01418,Meera Sharma,14,30,251068.89,68095.82,2186,0.0184,51.4001,Moderate Contributors
CUST05592,Priya Sharma,10,27,251004.69,72165.1,2187,0.0184,51.4186,Moderate Contributors
CUST01424,Arjun Shah,16,38,251000.41,65690.61,2188,0.0184,51.437,Moderate Contributors
CUST05929,Aditya Mehta,9,24,250988.8,63533.26,2189,0.0184,51.4554,Moderate Contributors
CUST00722,Ananya Sharma,14,35,250973.0,56928.98,2190,0.0184,51.4739,Moderate Contributors
CUST05715,Karan Mehta,13,32,250969.91,78198.43,2191,0.0184,51.4923,Moderate Contributors
CUST00457,Ananya Deshmukh,13,31,250954.81,70662.57,2192,0.0184,51.5107,Moderate Contributors
CUST03456,Priya Patil,13,33,250954.13,72338.08,2193,0.0184,51.5292,Moderate Contributors
CUST00822,Isha Gupta,11,30,250938.73,62051.11,2194,0.0184,51.5476,Moderate Contributors
CUST01040,Meera Singh,16,39,250933.07,63432.3,2195,0.0184,51.566,Moderate Contributors
CUST03212,Karan Kumar,15,32,250900.7,79626.16,2196,0.0184,51.5845,Moderate Contributors
CUST04735,Karan Shah,16,38,250874.97,61289.18,2197,0.0184,51.6029,Moderate Contributors
CUST00155,Kavya Patil,10,32,250770.16,64830.17,2198,0.0184,51.6213,Moderate Contributors
CUST04399,Karan Deshmukh,12,32,250767.37,71428.42,2199,0.0184,51.6397,Moderate Contributors
CUST02431,Rohan Kumar,16,35,250618.02,48869.95,2200,0.0184,51.6581,Moderate Contributors
CUST04286,Kavya Verma,11,31,250579.62,74527.62,2201,0.0184,51.6765,Moderate Contributors
CUST01884,Meera Verma,11,25,250574.58,73692.29,2202,0.0184,51.6949,Moderate Contributors
CUST03395,Aditya Nair,11,22,250549.01,79300.91,2203,0.0184,51.7133,Moderate Contributors
CUST03075,Meera Mhaske,15,34,250534.46,54345.93,2204,0.0184,51.7317,Moderate Contributors
CUST04886,Ananya Gupta,17,29,250534.15,66088.72,2205,0.0184,51.7501,Moderate Contributors
CUST04024,Meera Sharma,12,39,250469.6,62350.75,2206,0.0184,51.7685,Moderate Contributors
CUST01493,Ananya Shah,14,38,250466.66,45814.9,2207,0.0184,51.7869,Moderate Contributors
CUST00510,Meera Singh,17,39,250455.3,66094.28,2208,0.0184,51.8053,Moderate Contributors
CUST00872,Ananya Singh,14,36,250437.4,62474.27,2209,0.0184,51.8237,Moderate Contributors
CUST05338,Arjun Deshmukh,16,46,250334.64,53559.57,2210,0.0184,51.8421,Moderate Contributors
CUST05263,Aditya Kumar,13,24,250280.25,79794.65,2211,0.0184,51.8605,Moderate Contributors
CUST03390,Priya Nair,12,35,250266.07,65763.7,2212,0.0184,51.8788,Moderate Contributors
CUST05938,Aditya Gupta,12,34,250249.07,63659.92,2213,0.0184,51.8972,Moderate Contributors
CUST02063,Kavya Mhaske,12,28,250142.67,68503.35,2214,0.0184,51.9156,Moderate Contributors
CUST02709,Karan Nair,16,25,250142.07,61316.69,2215,0.0184,51.934,Moderate Contributors
CUST05445,Arjun Nair,13,35,250082.06,75262.25,2216,0.0184,51.9523,Moderate Contributors
CUST05709,Ananya Nair,12,26,250058.07,64249.68,2217,0.0184,51.9707,Moderate Contributors
CUST05513,Kavya Patil,11,27,250054.31,58801.96,2218,0.0184,51.9891,Moderate Contributors
CUST05822,Priya Deshmukh,14,29,250041.14,59834.05,2219,0.0184,52.0074,Moderate Contributors
CUST04846,Ananya Mehta,14,31,249962.64,58900.92,2220,0.0184,52.0258,Moderate Contributors
CUST02230,Neha Sharma,14,41,249928.37,53034.13,2221,0.0184,52.0441,Moderate Contributors
CUST05351,Rahul Singh,12,31,249868.46,70211.8,2222,0.0184,52.0625,Moderate Contributors
CUST00238,Rohan Verma,11,22,249843.55,69459.2,2223,0.0183,52.0808,Moderate Contributors
CUST05850,Meera Kumar,15,33,249812.62,64143.55,2224,0.0183,52.0992,Moderate Contributors
CUST02048,Pooja Verma,11,28,249770.57,72664.03,2225,0.0183,52.1175,Moderate Contributors
CUST04535,Priya Kumar,9,22,249712.51,73029.0,2226,0.0183,52.1359,Moderate Contributors
CUST02986,Kavya Joshi,13,32,249602.81,57752.44,2227,0.0183,52.1542,Moderate Contributors
CUST04038,Sneha Mhaske,10,29,249596.53,63468.93,2228,0.0183,52.1725,Moderate Contributors
CUST01680,Sneha Singh,16,28,249553.6,56764.58,2229,0.0183,52.1909,Moderate Contributors
CUST04173,Sneha Shah,15,40,249511.87,67580.61,2230,0.0183,52.2092,Moderate Contributors
CUST05661,Kavya Patil,16,35,249508.53,58591.52,2231,0.0183,52.2275,Moderate Contributors
CUST04107,Neha Joshi,17,36,249492.63,60208.04,2232,0.0183,52.2458,Moderate Contributors
CUST01883,Arjun Singh,14,40,249473.01,49995.19,2233,0.0183,52.2641,Moderate Contributors
CUST02677,Neha Gupta,13,26,249421.69,61882.26,2234,0.0183,52.2825,Moderate Contributors
CUST00838,Isha Nair,14,30,249410.8,53709.9,2235,0.0183,52.3008,Moderate Contributors
CUST04734,Rohan Singh,7,26,249409.28,45170.06,2236,0.0183,52.3191,Moderate Contributors
CUST02840,Isha Shah,13,38,249356.15,50848.31,2237,0.0183,52.3374,Moderate Contributors
CUST00169,Pooja Patil,13,36,249303.77,64339.15,2238,0.0183,52.3557,Moderate Contributors
CUST02570,Sneha Kumar,16,40,249298.81,59301.83,2239,0.0183,52.374,Moderate Contributors
CUST01376,Rohan Patil,11,29,249261.51,76542.72,2240,0.0183,52.3923,Moderate Contributors
CUST03335,Karan Kumar,11,26,249231.21,71882.15,2241,0.0183,52.4106,Moderate Contributors
CUST00764,Ananya Gupta,16,35,249183.56,48636.54,2242,0.0183,52.4289,Moderate Contributors
CUST05242,Isha Verma,13,31,249116.92,61199.31,2243,0.0183,52.4472,Moderate Contributors
CUST02115,Isha Verma,10,29,249103.98,65383.94,2244,0.0183,52.4655,Moderate Contributors
CUST05047,Arjun Patil,11,25,249079.32,78928.61,2245,0.0183,52.4838,Moderate Contributors
CUST02654,Arjun Nair,12,38,249078.47,59199.42,2246,0.0183,52.5021,Moderate Contributors
CUST02453,Neha Gupta,18,31,249059.62,57049.09,2247,0.0183,52.5204,Moderate Contributors
CUST00183,Sneha Deshmukh,15,36,249000.48,69384.84,2248,0.0183,52.5387,Moderate Contributors
CUST00176,Amit Nair,12,33,248986.79,71971.88,2249,0.0183,52.557,Moderate Contributors
CUST03413,Pooja Kumar,12,32,248939.31,59590.92,2250,0.0183,52.5753,Moderate Contributors
CUST03442,Kavya Joshi,18,33,248928.22,77057.78,2251,0.0183,52.5935,Moderate Contributors
CUST05551,Pooja Kumar,11,37,248893.7,56888.34,2252,0.0183,52.6118,Moderate Contributors
CUST04066,Isha Mhaske,8,27,248891.54,73332.87,2253,0.0183,52.6301,Moderate Contributors
CUST05311,Rahul Sharma,16,39,248847.6,58712.34,2254,0.0183,52.6484,Moderate Contributors
CUST04233,Aditya Singh,9,28,248829.72,60936.28,2255,0.0183,52.6667,Moderate Contributors
CUST05773,Isha Verma,13,31,248810.01,67080.48,2256,0.0183,52.6849,Moderate Contributors
CUST05153,Pooja Patil,15,27,248809.23,64730.07,2257,0.0183,52.7032,Moderate Contributors
CUST05960,Pooja Sharma,14,26,248752.75,63187.19,2258,0.0183,52.7215,Moderate Contributors
CUST01117,Neha Patil,11,26,248703.38,67274.47,2259,0.0183,52.7397,Moderate Contributors
CUST04649,Rohan Sharma,13,29,248686.73,74758.55,2260,0.0183,52.758,Moderate Contributors
CUST05558,Arjun Deshmukh,15,30,248654.06,62226.44,2261,0.0183,52.7763,Moderate Contributors
CUST00522,Rohan Sharma,11,26,248632.56,69104.91,2262,0.0183,52.7945,Moderate Contributors
CUST00847,Karan Patil,17,47,248583.35,53291.15,2263,0.0183,52.8128,Moderate Contributors
CUST05641,Isha Patil,11,36,248581.92,53929.1,2264,0.0183,52.831,Moderate Contributors
CUST05984,Karan Deshmukh,13,31,248549.78,70383.55,2265,0.0183,52.8493,Moderate Contributors
CUST04661,Pooja Mhaske,16,38,248535.16,58301.34,2266,0.0183,52.8675,Moderate Contributors
CUST02933,Ananya Mehta,10,26,248510.45,55209.19,2267,0.0183,52.8858,Moderate Contributors
CUST00813,Vivaan Mhaske,14,36,248461.22,52783.29,2268,0.0182,52.904,Moderate Contributors
CUST01195,Aditya Sharma,15,32,248431.77,58573.85,2269,0.0182,52.9223,Moderate Contributors
CUST04115,Rahul Mhaske,16,35,248414.03,45459.34,2270,0.0182,52.9405,Moderate Contributors
CUST01225,Rohan Kumar,14,30,248295.05,68072.68,2271,0.0182,52.9588,Moderate Contributors
CUST03362,Arjun Gupta,15,40,248274.07,64118.36,2272,0.0182,52.977,Moderate Contributors
CUST03060,Isha Nair,13,41,248220.33,49332.54,2273,0.0182,52.9952,Moderate Contributors
CUST02911,Priya Joshi,14,30,248215.01,71023.3,2274,0.0182,53.0135,Moderate Contributors
CUST03344,Meera Joshi,12,27,248205.3,70821.16,2275,0.0182,53.0317,Moderate Contributors
CUST05841,Rohan Kumar,15,33,248138.27,49966.88,2276,0.0182,53.0499,Moderate Contributors
CUST05458,Pooja Patil,13,30,248131.81,59076.05,2277,0.0182,53.0681,Moderate Contributors
CUST01596,Neha Sharma,13,30,247944.85,58890.94,2278,0.0182,53.0863,Moderate Contributors
CUST01425,Pooja Kumar,13,31,247857.73,60343.91,2279,0.0182,53.1045,Moderate Contributors
CUST02716,Karan Shah,14,35,247850.48,74730.15,2280,0.0182,53.1227,Moderate Contributors
CUST02449,Karan Joshi,14,33,247798.7,61502.42,2281,0.0182,53.1409,Moderate Contributors
CUST04986,Sneha Shah,13,26,247797.04,59372.2,2282,0.0182,53.1591,Moderate Contributors
CUST00473,Isha Gupta,13,34,247790.56,55069.35,2283,0.0182,53.1773,Moderate Contributors
CUST01702,Karan Singh,18,41,247769.23,41228.3,2284,0.0182,53.1955,Moderate Contributors
CUST06000,Isha Sharma,15,39,247661.91,66135.15,2285,0.0182,53.2137,Moderate Contributors
CUST01646,Pooja Sharma,15,32,247560.09,60460.84,2286,0.0182,53.2319,Moderate Contributors
CUST02740,Amit Deshmukh,14,31,247523.12,52585.73,2287,0.0182,53.2501,Moderate Contributors
CUST00350,Meera Patil,10,28,247495.43,61407.43,2288,0.0182,53.2683,Moderate Contributors
CUST04290,Rohan Joshi,16,30,247422.24,62668.9,2289,0.0182,53.2864,Moderate Contributors
CUST02902,Pooja Patil,13,36,247395.78,65216.27,2290,0.0182,53.3046,Moderate Contributors
CUST03290,Kavya Joshi,12,33,247318.42,61318.37,2291,0.0182,53.3228,Moderate Contributors
CUST01029,Pooja Kumar,9,24,247309.35,74777.17,2292,0.0182,53.3409,Moderate Contributors
CUST04081,Meera Kumar,15,40,247297.66,43593.45,2293,0.0182,53.3591,Moderate Contributors
CUST05026,Meera Verma,12,31,247235.85,59877.46,2294,0.0182,53.3772,Moderate Contributors
CUST03276,Priya Kumar,15,33,247219.89,66849.35,2295,0.0182,53.3954,Moderate Contributors
CUST01856,Isha Deshmukh,17,34,247219.21,54724.36,2296,0.0182,53.4136,Moderate Contributors
CUST01625,Arjun Sharma,13,27,247145.93,64307.77,2297,0.0182,53.4317,Moderate Contributors
CUST04476,Pooja Mehta,15,38,247116.92,38644.72,2298,0.0181,53.4499,Moderate Contributors
CUST00447,Karan Singh,20,40,247116.65,55278.34,2299,0.0181,53.468,Moderate Contributors
CUST04435,Sneha Mhaske,11,26,247080.33,54999.75,2300,0.0181,53.4862,Moderate Contributors
CUST01695,Pooja Mehta,13,27,247072.89,60835.49,2301,0.0181,53.5043,Moderate Contributors
CUST01557,Ananya Sharma,10,26,246995.42,61395.44,2302,0.0181,53.5224,Moderate Contributors
CUST00284,Rohan Joshi,11,30,246988.58,51450.4,2303,0.0181,53.5406,Moderate Contributors
CUST04502,Arjun Deshmukh,16,33,246973.32,59650.85,2304,0.0181,53.5587,Moderate Contributors
CUST05719,Meera Deshmukh,15,37,246864.01,64646.86,2305,0.0181,53.5768,Moderate Contributors
CUST02007,Vivaan Verma,17,35,246759.47,49803.9,2306,0.0181,53.595,Moderate Contributors
CUST01517,Pooja Mehta,17,33,246651.24,50162.67,2307,0.0181,53.6131,Moderate Contributors
CUST05855,Sneha Nair,12,28,246553.27,49114.48,2308,0.0181,53.6312,Moderate Contributors
CUST05802,Kavya Deshmukh,16,42,246550.23,39618.62,2309,0.0181,53.6493,Moderate Contributors
CUST03454,Priya Patil,9,28,246485.2,78992.11,2310,0.0181,53.6674,Moderate Contributors
CUST05885,Priya Joshi,16,31,246432.95,52170.34,2311,0.0181,53.6855,Moderate Contributors
CUST00331,Isha Gupta,13,27,246420.1,63479.75,2312,0.0181,53.7036,Moderate Contributors
CUST04154,Aditya Sharma,15,36,246419.63,52712.25,2313,0.0181,53.7217,Moderate Contributors
CUST01128,Arjun Deshmukh,14,35,246377.78,56134.11,2314,0.0181,53.7398,Moderate Contributors
CUST04215,Isha Mhaske,14,31,246360.48,78875.37,2315,0.0181,53.7579,Moderate Contributors
CUST00270,Neha Mhaske,13,34,246329.83,41346.23,2316,0.0181,53.776,Moderate Contributors
CUST01915,Sneha Patil,16,39,246275.99,56500.48,2317,0.0181,53.7941,Moderate Contributors
CUST00342,Sneha Deshmukh,10,26,246228.37,62181.05,2318,0.0181,53.8121,Moderate Contributors
CUST01168,Arjun Patil,12,27,246190.52,53313.47,2319,0.0181,53.8302,Moderate Contributors
CUST01242,Isha Verma,11,27,246141.41,46024.57,2320,0.0181,53.8483,Moderate Contributors
CUST05473,Isha Deshmukh,13,29,246099.27,57717.11,2321,0.0181,53.8664,Moderate Contributors
CUST05155,Meera Gupta,15,39,246072.39,44715.58,2322,0.0181,53.8844,Moderate Contributors
CUST01178,Vivaan Mhaske,14,31,245928.89,68503.13,2323,0.0181,53.9025,Moderate Contributors
CUST02391,Kavya Verma,14,42,245915.25,58767.62,2324,0.0181,53.9206,Moderate Contributors
CUST04796,Vivaan Mehta,8,19,245865.97,71991.13,2325,0.0181,53.9386,Moderate Contributors
CUST04876,Arjun Deshmukh,15,32,245834.58,63576.39,2326,0.0181,53.9567,Moderate Contributors
CUST05498,Aarav Kumar,18,35,245808.81,52580.93,2327,0.0181,53.9747,Moderate Contributors
CUST03463,Vivaan Kumar,14,25,245790.24,69253.48,2328,0.0181,53.9928,Moderate Contributors
CUST01825,Aditya Singh,13,27,245727.41,55664.18,2329,0.018,54.0108,Moderate Contributors
CUST00737,Vivaan Patil,11,31,245705.43,61078.32,2330,0.018,54.0289,Moderate Contributors
CUST01334,Isha Deshmukh,15,33,245674.58,54004.76,2331,0.018,54.0469,Moderate Contributors
CUST02999,Priya Singh,10,26,245596.2,46422.34,2332,0.018,54.065,Moderate Contributors
CUST00271,Aarav Sharma,12,30,245485.14,74058.59,2333,0.018,54.083,Moderate Contributors
CUST03166,Vivaan Kumar,16,36,245342.84,49532.3,2334,0.018,54.101,Moderate Contributors
CUST02823,Amit Gupta,15,28,245277.95,47469.63,2335,0.018,54.119,Moderate Contributors
CUST02817,Rohan Gupta,12,31,245230.21,68625.28,2336,0.018,54.137,Moderate Contributors
CUST00913,Sneha Mhaske,14,26,245204.51,56068.05,2337,0.018,54.155,Moderate Contributors
CUST00094,Aarav Mehta,12,36,245197.45,43498.91,2338,0.018,54.173,Moderate Contributors
CUST01674,Ananya Deshmukh,11,36,245176.37,52022.56,2339,0.018,54.191,Moderate Contributors
CUST04669,Arjun Mehta,16,42,245148.76,49355.07,2340,0.018,54.2091,Moderate Contributors
CUST00650,Meera Shah,15,40,245112.31,60908.13,2341,0.018,54.2271,Moderate Contributors
CUST01744,Vivaan Deshmukh,13,32,245005.04,63372.54,2342,0.018,54.245,Moderate Contributors
CUST02766,Kavya Sharma,12,25,244978.23,67405.11,2343,0.018,54.263,Moderate Contributors
CUST02603,Priya Sharma,10,33,244974.82,59144.48,2344,0.018,54.281,Moderate Contributors
CUST04692,Arjun Verma,11,27,244973.59,64165.83,2345,0.018,54.299,Moderate Contributors
CUST01735,Aarav Joshi,13,32,244970.98,68115.53,2346,0.018,54.317,Moderate Contributors
CUST04922,Amit Mhaske,16,40,244952.15,53234.08,2347,0.018,54.335,Moderate Contributors
CUST02978,Neha Singh,11,29,244951.08,55551.63,2348,0.018,54.353,Moderate Contributors
CUST00373,Pooja Verma,9,32,244913.84,57722.14,2349,0.018,54.371,Moderate Contributors
CUST05003,Pooja Singh,10,29,244901.02,62610.1,2350,0.018,54.389,Moderate Contributors
CUST00377,Vivaan Shah,16,41,244861.23,60372.08,2351,0.018,54.4069,Moderate Contributors
CUST05013,Vivaan Nair,13,30,244828.97,60352.01,2352,0.018,54.4249,Moderate Contributors
CUST02850,Isha Nair,18,40,244809.33,58210.99,2353,0.018,54.4429,Moderate Contributors
CUST02278,Ananya Kumar,12,32,244742.66,67795.79,2354,0.018,54.4609,Moderate Contributors
CUST03575,Ananya Kumar,10,29,244672.02,52180.9,2355,0.018,54.4789,Moderate Contributors
CUST05249,Amit Gupta,11,29,244664.35,53768.76,2356,0.018,54.4968,Moderate Contributors
CUST01939,Aditya Mehta,14,33,244632.65,64283.32,2357,0.018,54.5148,Moderate Contributors
CUST01406,Rahul Patil,10,25,244612.41,45675.51,2358,0.018,54.5328,Moderate Contributors
CUST02892,Aditya Joshi,15,37,244575.92,65163.9,2359,0.018,54.5507,Moderate Contributors
CUST01301,Aarav Singh,10,24,244555.13,68437.39,2360,0.018,54.5687,Moderate Contributors
CUST00844,Isha Shah,14,38,244525.97,62080.15,2361,0.018,54.5866,Moderate Contributors
CUST02092,Priya Singh,14,28,244521.08,57227.94,2362,0.018,54.6046,Moderate Contributors
CUST01119,Isha Kumar,9,25,244496.45,75514.33,2363,0.018,54.6225,Moderate Contributors
CUST00361,Aditya Shah,10,30,244490.83,60873.75,2364,0.018,54.6405,Moderate Contributors
CUST00353,Rohan Gupta,15,29,244431.84,66594.97,2365,0.018,54.6585,Moderate Contributors
CUST00541,Vivaan Singh,9,27,244391.93,73325.43,2366,0.0179,54.6764,Moderate Contributors
CUST01811,Amit Nair,10,30,244372.95,55644.72,2367,0.0179,54.6943,Moderate Contributors
CUST00636,Meera Singh,11,25,244330.5,71873.6,2368,0.0179,54.7123,Moderate Contributors
CUST01621,Pooja Shah,23,45,244251.87,37742.79,2369,0.0179,54.7302,Moderate Contributors
CUST05231,Sneha Gupta,16,26,244144.79,45398.48,2370,0.0179,54.7482,Moderate Contributors
CUST03067,Neha Gupta,12,33,244144.56,54550.53,2371,0.0179,54.7661,Moderate Contributors
CUST05826,Neha Nair,13,30,244133.08,64809.13,2372,0.0179,54.784,Moderate Contributors
CUST01671,Vivaan Verma,12,26,244128.08,64761.29,2373,0.0179,54.802,Moderate Contributors
CUST05140,Karan Mehta,14,29,243888.53,49651.61,2374,0.0179,54.8199,Moderate Contributors
CUST01299,Isha Gupta,16,31,243858.96,51872.05,2375,0.0179,54.8378,Moderate Contributors
CUST01958,Amit Sharma,15,30,243820.04,49553.47,2376,0.0179,54.8557,Moderate Contributors
CUST01453,Neha Shah,16,32,243776.24,49191.89,2377,0.0179,54.8736,Moderate Contributors
CUST02061,Neha Nair,11,24,243634.17,71299.68,2378,0.0179,54.8915,Moderate Contributors
CUST02117,Meera Joshi,13,34,243605.94,53507.59,2379,0.0179,54.9094,Moderate Contributors
CUST03865,Neha Deshmukh,12,35,243565.92,51851.78,2380,0.0179,54.9273,Moderate Contributors
CUST01303,Amit Patil,11,32,243416.54,55668.57,2381,0.0179,54.9451,Moderate Contributors
CUST03803,Isha Mhaske,15,36,243412.57,58169.65,2382,0.0179,54.963,Moderate Contributors
CUST02866,Ananya Mhaske,12,37,243314.44,70439.98,2383,0.0179,54.9809,Moderate Contributors
CUST04244,Sneha Mhaske,16,39,243283.0,51338.57,2384,0.0179,54.9987,Moderate Contributors
CUST05130,Priya Nair,17,38,243280.52,59748.84,2385,0.0179,55.0166,Moderate Contributors
CUST03128,Karan Gupta,14,28,243232.6,70790.77,2386,0.0179,55.0345,Moderate Contributors
CUST04379,Pooja Deshmukh,15,34,243231.8,45488.34,2387,0.0179,55.0523,Moderate Contributors
CUST01603,Aditya Joshi,10,23,243213.83,59524.36,2388,0.0179,55.0702,Moderate Contributors
CUST02868,Arjun Sharma,14,27,243169.62,50712.1,2389,0.0179,55.0881,Moderate Contributors
CUST05281,Karan Deshmukh,16,35,243098.08,67891.66,2390,0.0179,55.1059,Moderate Contributors
CUST05825,Ananya Deshmukh,12,36,242972.14,46345.49,2391,0.0178,55.1238,Moderate Contributors
CUST03403,Arjun Singh,11,32,242943.21,70037.88,2392,0.0178,55.1416,Moderate Contributors
CUST05607,Sneha Deshmukh,14,34,242933.92,52344.01,2393,0.0178,55.1594,Moderate Contributors
CUST01155,Rohan Sharma,16,29,242885.15,66566.33,2394,0.0178,55.1773,Moderate Contributors
CUST01268,Rahul Patil,9,24,242881.13,65660.95,2395,0.0178,55.1951,Moderate Contributors
CUST01964,Pooja Shah,13,27,242867.43,70447.17,2396,0.0178,55.213,Moderate Contributors
CUST01197,Amit Verma,14,31,242865.7,59576.2,2397,0.0178,55.2308,Moderate Contributors
CUST01652,Ananya Deshmukh,13,38,242849.99,54136.49,2398,0.0178,55.2486,Moderate Contributors
CUST02751,Aditya Nair,13,32,242789.23,65439.46,2399,0.0178,55.2665,Moderate Contributors
CUST00674,Isha Mehta,18,43,242675.43,54437.49,2400,0.0178,55.2843,Moderate Contributors
CUST02960,Meera Sharma,14,34,242665.66,74015.23,2401,0.0178,55.3021,Moderate Contributors
CUST02952,Vivaan Mhaske,10,27,242648.56,45343.5,2402,0.0178,55.3199,Moderate Contributors
CUST00147,Pooja Singh,15,33,242633.96,64548.33,2403,0.0178,55.3377,Moderate Contributors
CUST04706,Ananya Mhaske,16,32,242599.5,58350.24,2404,0.0178,55.3556,Moderate Contributors
CUST02024,Neha Nair,13,30,242531.91,67599.83,2405,0.0178,55.3734,Moderate Contributors
CUST03280,Ananya Joshi,9,19,242502.91,63212.46,2406,0.0178,55.3912,Moderate Contributors
CUST02722,Priya Kumar,13,32,242472.32,45007.97,2407,0.0178,55.409,Moderate Contributors
CUST00648,Karan Kumar,12,31,242463.59,62957.69,2408,0.0178,55.4268,Moderate Contributors
CUST05035,Pooja Shah,19,41,242460.06,40590.42,2409,0.0178,55.4446,Moderate Contributors
CUST05324,Priya Patil,13,24,242450.25,60669.52,2410,0.0178,55.4624,Moderate Contributors
CUST03365,Sneha Singh,9,25,242280.51,81894.6,2411,0.0178,55.4802,Moderate Contributors
CUST04485,Rahul Shah,12,31,242233.42,49816.64,2412,0.0178,55.498,Moderate Contributors
CUST00405,Aarav Gupta,9,24,242218.81,76942.75,2413,0.0178,55.5158,Moderate Contributors
CUST04311,Pooja Mhaske,14,27,242213.77,54501.38,2414,0.0178,55.5336,Moderate Contributors
CUST00113,Meera Kumar,15,29,242196.21,65598.85,2415,0.0178,55.5514,Moderate Contributors
CUST05039,Aditya Mehta,14,29,242182.7,64006.96,2416,0.0178,55.5691,Moderate Contributors
CUST04269,Priya Nair,8,25,241946.71,43889.84,2417,0.0178,55.5869,Moderate Contributors
CUST02759,Ananya Shah,12,29,241912.34,59955.41,2418,0.0178,55.6047,Moderate Contributors
CUST04585,Pooja Deshmukh,11,25,241892.0,67956.85,2419,0.0178,55.6224,Moderate Contributors
CUST02378,Meera Shah,16,29,241858.04,54721.52,2420,0.0178,55.6402,Moderate Contributors
CUST05173,Aarav Kumar,14,33,241853.41,67723.56,2421,0.0178,55.658,Moderate Contributors
CUST01815,Rohan Shah,8,22,241846.09,62359.5,2422,0.0178,55.6757,Moderate Contributors
CUST02527,Karan Shah,13,37,241827.44,57308.97,2423,0.0178,55.6935,Moderate Contributors
CUST03197,Isha Deshmukh,12,35,241765.72,43963.42,2424,0.0178,55.7112,Moderate Contributors
CUST05260,Rahul Joshi,14,32,241684.21,56901.82,2425,0.0177,55.729,Moderate Contributors
CUST04751,Priya Mhaske,12,26,241677.48,53089.26,2426,0.0177,55.7467,Moderate Contributors
CUST05554,Karan Singh,13,34,241665.89,66808.77,2427,0.0177,55.7645,Moderate Contributors
CUST03414,Rahul Gupta,19,40,241603.57,68638.88,2428,0.0177,55.7822,Moderate Contributors
CUST02714,Pooja Sharma,12,28,241573.83,57118.82,2429,0.0177,55.8,Moderate Contributors
CUST00360,Pooja Nair,16,28,241518.01,70409.19,2430,0.0177,55.8177,Moderate Contributors
CUST05456,Karan Verma,13,28,241506.04,53451.22,2431,0.0177,55.8354,Moderate Contributors
CUST00428,Ananya Kumar,11,27,241498.7,60521.57,2432,0.0177,55.8532,Moderate Contributors
CUST00601,Karan Singh,15,31,241469.38,54974.66,2433,0.0177,55.8709,Moderate Contributors
CUST05722,Amit Mhaske,11,28,241396.45,60352.42,2434,0.0177,55.8886,Moderate Contributors
CUST05205,Kavya Verma,14,35,241392.74,59072.68,2435,0.0177,55.9064,Moderate Contributors
CUST00260,Vivaan Nair,17,32,241380.75,55238.73,2436,0.0177,55.9241,Moderate Contributors
CUST01193,Pooja Sharma,11,28,241296.47,69244.86,2437,0.0177,55.9418,Moderate Contributors
CUST02783,Arjun Joshi,12,36,241263.31,49493.89,2438,0.0177,55.9595,Moderate Contributors
CUST03537,Rohan Joshi,13,31,241200.41,63099.98,2439,0.0177,55.9773,Moderate Contributors
CUST04504,Arjun Nair,15,46,241098.18,58108.04,2440,0.0177,55.995,Moderate Contributors
CUST00264,Meera Sharma,15,34,240985.89,61138.31,2441,0.0177,56.0127,Moderate Contributors
CUST01054,Meera Gupta,10,23,240985.71,72634.78,2442,0.0177,56.0304,Moderate Contributors
CUST02673,Amit Nair,11,30,240982.45,64124.24,2443,0.0177,56.0481,Moderate Contributors
CUST04150,Rohan Joshi,15,27,240981.19,58019.36,2444,0.0177,56.0658,Moderate Contributors
CUST05359,Meera Mehta,11,33,240964.51,62682.94,2445,0.0177,56.0835,Moderate Contributors
CUST04693,Ananya Kumar,14,30,240936.28,59719.32,2446,0.0177,56.1011,Moderate Contributors
CUST05573,Amit Mehta,14,37,240917.81,63164.79,2447,0.0177,56.1188,Moderate Contributors
CUST05448,Meera Joshi,12,23,240896.73,63562.65,2448,0.0177,56.1365,Moderate Contributors
CUST04216,Ananya Patil,13,31,240883.69,63678.59,2449,0.0177,56.1542,Moderate Contributors
CUST02773,Karan Joshi,9,24,240874.92,80202.61,2450,0.0177,56.1719,Moderate Contributors
CUST05834,Rohan Joshi,19,38,240808.53,66964.02,2451,0.0177,56.1896,Moderate Contributors
CUST05510,Karan Kumar,19,34,240721.8,52721.07,2452,0.0177,56.2073,Moderate Contributors
CUST01536,Rohan Nair,12,30,240662.57,55969.46,2453,0.0177,56.225,Moderate Contributors
CUST05594,Meera Mhaske,9,24,240599.42,60889.66,2454,0.0177,56.2426,Moderate Contributors
CUST03346,Aarav Kumar,13,30,240539.96,62889.49,2455,0.0177,56.2603,Moderate Contributors
CUST05440,Vivaan Kumar,16,37,240525.42,50371.76,2456,0.0177,56.278,Moderate Contributors
CUST00752,Ananya Patil,12,36,240476.42,50908.26,2457,0.0177,56.2956,Moderate Contributors
CUST03847,Ananya Deshmukh,12,29,240462.96,46130.79,2458,0.0177,56.3133,Moderate Contributors
CUST00720,Priya Verma,17,39,240441.12,55468.82,2459,0.0177,56.3309,Moderate Contributors
CUST01327,Amit Nair,14,32,240428.0,50451.03,2460,0.0177,56.3486,Moderate Contributors
CUST02238,Neha Mehta,15,34,240347.36,62956.29,2461,0.0177,56.3662,Moderate Contributors
CUST04650,Pooja Sharma,12,26,240246.13,74933.09,2462,0.0176,56.3839,Moderate Contributors
CUST03351,Karan Mhaske,16,44,240194.61,41784.8,2463,0.0176,56.4015,Moderate Contributors
CUST04003,Isha Mehta,9,25,240185.67,56275.2,2464,0.0176,56.4192,Moderate Contributors
CUST00912,Arjun Singh,14,29,240173.73,46522.03,2465,0.0176,56.4368,Moderate Contributors
CUST03428,Arjun Deshmukh,13,35,240169.65,48812.73,2466,0.0176,56.4544,Moderate Contributors
CUST03825,Amit Mhaske,13,35,240157.31,59683.99,2467,0.0176,56.4721,Moderate Contributors
CUST05737,Rohan Deshmukh,10,33,240082.85,63904.5,2468,0.0176,56.4897,Moderate Contributors
CUST00748,Sneha Mehta,17,35,240066.86,39304.55,2469,0.0176,56.5073,Moderate Contributors
CUST05209,Neha Joshi,12,33,240021.78,63074.04,2470,0.0176,56.525,Moderate Contributors
CUST05184,Pooja Verma,13,32,239931.94,66839.44,2471,0.0176,56.5426,Moderate Contributors
CUST01312,Isha Kumar,17,35,239930.84,50805.95,2472,0.0176,56.5602,Moderate Contributors
CUST05414,Karan Joshi,14,34,239901.17,61837.4,2473,0.0176,56.5778,Moderate Contributors
CUST00789,Karan Sharma,14,35,239704.87,69526.68,2474,0.0176,56.5954,Moderate Contributors
CUST02339,Vivaan Joshi,14,33,239605.26,70085.92,2475,0.0176,56.613,Moderate Contributors
CUST05182,Aditya Joshi,14,35,239602.93,59270.4,2476,0.0176,56.6306,Moderate Contributors
CUST01252,Meera Nair,17,40,239601.31,53504.91,2477,0.0176,56.6482,Moderate Contributors
CUST03093,Sneha Kumar,14,36,239552.8,65798.81,2478,0.0176,56.6658,Moderate Contributors
CUST02577,Sneha Mhaske,13,31,239513.81,50252.4,2479,0.0176,56.6834,Moderate Contributors
CUST05019,Neha Kumar,11,28,239464.96,60027.59,2480,0.0176,56.701,Moderate Contributors
CUST02478,Kavya Gupta,13,28,239428.25,51739.43,2481,0.0176,56.7186,Moderate Contributors
CUST04410,Ananya Mehta,14,36,239390.86,62558.63,2482,0.0176,56.7362,Moderate Contributors
CUST04149,Ananya Gupta,13,32,239387.69,58474.94,2483,0.0176,56.7537,Moderate Contributors
CUST04512,Rohan Patil,14,34,239286.56,51160.09,2484,0.0176,56.7713,Moderate Contributors
CUST02974,Pooja Nair,12,33,239226.68,37082.34,2485,0.0176,56.7889,Moderate Contributors
CUST04043,Aarav Gupta,17,37,239162.81,57581.01,2486,0.0176,56.8065,Moderate Contributors
CUST03145,Priya Shah,15,38,239161.65,44539.99,2487,0.0176,56.824,Moderate Contributors
CUST00241,Sneha Singh,12,26,239139.02,55468.26,2488,0.0176,56.8416,Moderate Contributors
CUST04810,Pooja Verma,11,27,239045.74,56532.46,2489,0.0176,56.8591,Moderate Contributors
CUST05695,Isha Mhaske,10,27,238948.1,64710.79,2490,0.0175,56.8767,Moderate Contributors
CUST01320,Rahul Kumar,10,24,238945.73,67076.39,2491,0.0175,56.8942,Moderate Contributors
CUST03394,Kavya Patil,10,28,238933.68,42078.5,2492,0.0175,56.9118,Moderate Contributors
CUST05123,Pooja Mhaske,16,36,238905.28,70219.65,2493,0.0175,56.9293,Moderate Contributors
CUST03200,Isha Shah,11,32,238899.25,45776.35,2494,0.0175,56.9469,Moderate Contributors
CUST01204,Arjun Sharma,13,37,238891.4,60211.68,2495,0.0175,56.9644,Moderate Contributors
CUST02985,Aditya Mehta,9,25,238891.21,66445.32,2496,0.0175,56.982,Moderate Contributors
CUST01676,Aarav Patil,17,40,238881.67,66778.91,2497,0.0175,56.9995,Moderate Contributors
CUST00127,Aarav Deshmukh,12,25,238820.73,52172.71,2498,0.0175,57.017,Moderate Contributors
CUST03261,Vivaan Singh,15,28,238798.55,64320.15,2499,0.0175,57.0346,Moderate Contributors
CUST00628,Ananya Gupta,15,35,238724.38,64357.02,2500,0.0175,57.0521,Moderate Contributors
CUST05947,Sneha Sharma,13,29,238646.28,59520.81,2501,0.0175,57.0696,Moderate Contributors
CUST01247,Rahul Patil,12,28,238634.61,62656.86,2502,0.0175,57.0872,Moderate Contributors
CUST00855,Sneha Mhaske,14,29,238592.34,38203.73,2503,0.0175,57.1047,Moderate Contributors
CUST02020,Ananya Mehta,14,31,238586.07,55259.8,2504,0.0175,57.1222,Moderate Contributors
CUST00709,Pooja Verma,18,29,238567.69,47397.92,2505,0.0175,57.1397,Moderate Contributors
CUST01858,Ananya Kumar,13,26,238557.42,58172.9,2506,0.0175,57.1572,Moderate Contributors
CUST03492,Ananya Joshi,15,38,238538.0,57659.55,2507,0.0175,57.1748,Moderate Contributors
CUST04690,Karan Joshi,14,29,238508.18,61496.23,2508,0.0175,57.1923,Moderate Contributors
CUST03750,Aarav Kumar,12,29,238507.67,52886.72,2509,0.0175,57.2098,Moderate Contributors
CUST03019,Neha Mehta,12,31,238418.8,71554.52,2510,0.0175,57.2273,Moderate Contributors
CUST04183,Meera Joshi,11,22,238352.8,58979.15,2511,0.0175,57.2448,Moderate Contributors
CUST04300,Ananya Shah,14,31,238317.28,47818.2,2512,0.0175,57.2623,Moderate Contributors
CUST05835,Sneha Deshmukh,14,30,238234.27,62705.98,2513,0.0175,57.2798,Moderate Contributors
CUST03464,Rahul Mhaske,11,28,238214.76,62674.07,2514,0.0175,57.2973,Moderate Contributors
CUST03580,Kavya Joshi,10,24,238197.43,72398.75,2515,0.0175,57.3148,Moderate Contributors
CUST01004,Rahul Deshmukh,13,35,238186.14,54611.23,2516,0.0175,57.3323,Moderate Contributors
CUST02301,Sneha Patil,15,35,238180.37,48382.08,2517,0.0175,57.3498,Moderate Contributors
CUST04825,Aarav Mhaske,14,33,238171.82,49026.37,2518,0.0175,57.3673,Moderate Contributors
CUST04465,Rohan Verma,12,28,238160.36,53933.87,2519,0.0175,57.3848,Moderate Contributors
CUST03232,Isha Shah,10,27,238136.16,59656.03,2520,0.0175,57.4023,Moderate Contributors
CUST05556,Amit Shah,14,30,238048.07,56491.09,2521,0.0175,57.4197,Moderate Contributors
CUST01285,Meera Gupta,14,31,238042.42,65677.39,2522,0.0175,57.4372,Moderate Contributors
CUST03361,Rohan Sharma,11,26,237990.35,60383.32,2523,0.0175,57.4547,Moderate Contributors
CUST01378,Amit Verma,9,19,237976.81,51720.92,2524,0.0175,57.4722,Moderate Contributors
CUST00944,Aarav Deshmukh,12,28,237973.1,62069.12,2525,0.0175,57.4897,Moderate Contributors
CUST05897,Priya Mhaske,15,34,237940.26,60704.15,2526,0.0175,57.5071,Moderate Contributors
CUST01456,Rahul Gupta,15,30,237925.42,58801.04,2527,0.0175,57.5246,Moderate Contributors
CUST01764,Ananya Verma,7,23,237919.28,54833.31,2528,0.0175,57.5421,Moderate Contributors
CUST00523,Amit Shah,12,25,237913.7,69605.2,2529,0.0175,57.5596,Moderate Contributors
CUST03941,Meera Mehta,20,39,237910.53,56837.03,2530,0.0175,57.577,Moderate Contributors
CUST02221,Priya Joshi,11,30,237907.74,61888.19,2531,0.0175,57.5945,Moderate Contributors
CUST02222,Arjun Patil,11,36,237863.25,65053.07,2532,0.0175,57.612,Moderate Contributors
CUST00298,Meera Nair,13,31,237739.11,42246.83,2533,0.0175,57.6294,Moderate Contributors
CUST00751,Karan Sharma,14,29,237735.44,57784.68,2534,0.0175,57.6469,Moderate Contributors
CUST01590,Aditya Patil,12,31,237683.44,54690.75,2535,0.0175,57.6643,Moderate Contributors
CUST05151,Priya Joshi,12,29,237658.47,66062.63,2536,0.0175,57.6818,Moderate Contributors
CUST00754,Amit Patil,13,27,237642.86,68078.73,2537,0.0175,57.6992,Moderate Contributors
CUST01333,Rahul Shah,18,45,237598.61,47535.69,2538,0.0174,57.7167,Moderate Contributors
CUST05898,Priya Patil,14,32,237591.75,51505.85,2539,0.0174,57.7341,Moderate Contributors
CUST00630,Arjun Patil,11,25,237552.25,62009.84,2540,0.0174,57.7516,Moderate Contributors
CUST03709,Pooja Mehta,11,28,237527.79,57760.61,2541,0.0174,57.769,Moderate Contributors
CUST04885,Sneha Mehta,10,28,237509.07,38164.19,2542,0.0174,57.7865,Moderate Contributors
CUST00450,Aditya Verma,11,25,237422.4,60567.55,2543,0.0174,57.8039,Moderate Contributors
CUST01867,Aarav Mehta,14,35,237411.55,46983.7,2544,0.0174,57.8214,Moderate Contributors
CUST02309,Pooja Patil,14,29,237304.18,59839.31,2545,0.0174,57.8388,Moderate Contributors
CUST04685,Arjun Joshi,13,35,237205.63,49822.8,2546,0.0174,57.8562,Moderate Contributors
CUST02754,Karan Nair,9,25,237196.8,55716.97,2547,0.0174,57.8736,Moderate Contributors
CUST04312,Aarav Mehta,15,40,237140.84,53676.35,2548,0.0174,57.891,Moderate Contributors
CUST00130,Vivaan Verma,12,37,237111.32,62529.48,2549,0.0174,57.9085,Moderate Contributors
CUST00033,Karan Kumar,11,31,237109.79,47992.27,2550,0.0174,57.9259,Moderate Contributors
CUST04588,Rohan Mehta,12,39,237108.45,80376.3,2551,0.0174,57.9433,Moderate Contributors
CUST01587,Arjun Singh,11,23,237022.84,65480.38,2552,0.0174,57.9607,Moderate Contributors
CUST03731,Kavya Deshmukh,13,24,236993.76,52025.34,2553,0.0174,57.9781,Moderate Contributors
CUST03579,Rahul Mhaske,13,33,236882.91,38852.55,2554,0.0174,57.9955,Moderate Contributors
CUST04993,Ananya Gupta,12,30,236820.04,59843.84,2555,0.0174,58.0129,Moderate Contributors
CUST00174,Karan Sharma,10,22,236813.99,72369.89,2556,0.0174,58.0303,Moderate Contributors
CUST05546,Kavya Gupta,17,42,236764.43,64532.35,2557,0.0174,58.0477,Moderate Contributors
CUST05230,Neha Nair,11,30,236730.97,55428.48,2558,0.0174,58.065,Moderate Contributors
CUST00854,Pooja Verma,15,39,236723.69,53827.45,2559,0.0174,58.0824,Moderate Contributors
CUST01042,Neha Singh,14,31,236715.84,54903.95,2560,0.0174,58.0998,Moderate Contributors
CUST03770,Isha Kumar,15,32,236704.76,64114.91,2561,0.0174,58.1172,Moderate Contributors
CUST04564,Pooja Mehta,13,32,236695.99,56074.68,2562,0.0174,58.1346,Moderate Contributors
CUST00885,Pooja Mehta,14,34,236622.37,72556.07,2563,0.0174,58.152,Moderate Contributors
CUST01050,Pooja Singh,10,24,236576.05,57681.42,2564,0.0174,58.1693,Moderate Contributors
CUST03500,Amit Gupta,13,37,236573.53,64559.51,2565,0.0174,58.1867,Moderate Contributors
CUST05270,Amit Nair,15,34,236572.94,56258.62,2566,0.0174,58.2041,Moderate Contributors
CUST00869,Amit Gupta,18,37,236567.12,52919.63,2567,0.0174,58.2215,Moderate Contributors
CUST03144,Neha Kumar,13,30,236499.27,68574.29,2568,0.0174,58.2388,Moderate Contributors
CUST02646,Priya Singh,12,22,236497.19,51378.19,2569,0.0174,58.2562,Moderate Contributors
CUST00178,Isha Shah,9,31,236480.78,57184.66,2570,0.0174,58.2736,Moderate Contributors
CUST00294,Priya Sharma,14,35,236455.54,59016.74,2571,0.0174,58.2909,Moderate Contributors
CUST00006,Amit Nair,9,27,236402.48,62021.76,2572,0.0174,58.3083,Moderate Contributors
CUST04501,Ananya Sharma,12,38,236374.83,59263.32,2573,0.0174,58.3257,Moderate Contributors
CUST01458,Meera Joshi,16,39,236374.05,56267.31,2574,0.0174,58.343,Moderate Contributors
CUST01588,Sneha Gupta,12,29,236341.73,49590.53,2575,0.0174,58.3604,Moderate Contributors
CUST03481,Isha Kumar,14,36,236341.03,54917.39,2576,0.0174,58.3777,Moderate Contributors
CUST05844,Isha Verma,15,33,236339.4,59067.48,2577,0.0174,58.3951,Moderate Contributors
CUST00638,Meera Nair,15,33,236309.43,56252.82,2578,0.0174,58.4124,Moderate Contributors
CUST02801,Kavya Nair,12,45,236289.22,35880.28,2579,0.0174,58.4298,Moderate Contributors
CUST04487,Aarav Gupta,14,34,236235.48,48799.23,2580,0.0173,58.4471,Moderate Contributors
CUST04090,Meera Verma,15,29,236222.35,53188.04,2581,0.0173,58.4645,Moderate Contributors
CUST04323,Meera Kumar,11,23,236199.07,52822.52,2582,0.0173,58.4818,Moderate Contributors
CUST00397,Vivaan Deshmukh,9,32,235943.91,71833.34,2583,0.0173,58.4992,Moderate Contributors
CUST03480,Arjun Mehta,14,25,235943.28,60971.66,2584,0.0173,58.5165,Moderate Contributors
CUST04219,Aarav Verma,11,28,235844.47,55590.36,2585,0.0173,58.5338,Moderate Contributors
CUST04037,Amit Singh,15,38,235814.13,36222.71,2586,0.0173,58.5511,Moderate Contributors
CUST03021,Priya Mehta,16,39,235791.62,66274.01,2587,0.0173,58.5685,Moderate Contributors
CUST01421,Karan Patil,16,34,235710.85,55183.9,2588,0.0173,58.5858,Moderate Contributors
CUST03931,Meera Kumar,15,29,235673.58,61171.01,2589,0.0173,58.6031,Moderate Contributors
CUST04177,Meera Verma,12,27,235638.57,58405.35,2590,0.0173,58.6204,Moderate Contributors
CUST02734,Arjun Verma,9,23,235611.99,58198.9,2591,0.0173,58.6377,Moderate Contributors
CUST05011,Kavya Nair,9,32,235586.66,65399.1,2592,0.0173,58.655,Moderate Contributors
CUST05790,Ananya Deshmukh,12,34,235555.72,53249.54,2593,0.0173,58.6723,Moderate Contributors
CUST02710,Ananya Singh,14,37,235554.17,53220.1,2594,0.0173,58.6896,Moderate Contributors
CUST05368,Neha Shah,10,29,235486.18,42523.31,2595,0.0173,58.7069,Moderate Contributors
CUST03992,Rahul Joshi,12,29,235477.12,47268.96,2596,0.0173,58.7242,Moderate Contributors
CUST02142,Rahul Kumar,13,27,235409.33,67072.99,2597,0.0173,58.7415,Moderate Contributors
CUST02407,Kavya Singh,12,27,235382.49,45808.34,2598,0.0173,58.7587,Moderate Contributors
CUST02151,Rohan Patil,9,26,235381.85,62601.21,2599,0.0173,58.776,Moderate Contributors
CUST04903,Sneha Mhaske,8,29,235285.99,56312.6,2600,0.0173,58.7933,Moderate Contributors
CUST04577,Arjun Sharma,14,40,235161.64,51747.59,2601,0.0173,58.8106,Moderate Contributors
CUST02518,Meera Joshi,19,42,235151.9,54933.48,2602,0.0173,58.8279,Moderate Contributors
CUST05195,Rahul Sharma,14,31,235147.97,53284.17,2603,0.0173,58.8451,Moderate Contributors
CUST02692,Vivaan Mehta,12,24,235085.91,76409.93,2604,0.0173,58.8624,Moderate Contributors
CUST04005,Kavya Deshmukh,17,35,235051.24,50572.93,2605,0.0173,58.8796,Moderate Contributors
CUST00760,Aditya Mehta,9,29,235006.95,63800.16,2606,0.0173,58.8969,Moderate Contributors
CUST00352,Isha Sharma,14,27,234975.43,59880.71,2607,0.0173,58.9142,Moderate Contributors
CUST04778,Neha Sharma,15,30,234911.88,56697.02,2608,0.0173,58.9314,Moderate Contributors
CUST02962,Neha Singh,13,32,234909.25,53814.54,2609,0.0173,58.9487,Moderate Contributors
CUST05734,Karan Mhaske,9,26,234842.52,68296.98,2610,0.0172,58.9659,Moderate Contributors
CUST04509,Rahul Gupta,12,33,234834.83,54599.31,2611,0.0172,58.9832,Moderate Contributors
CUST01826,Rahul Singh,15,29,234756.37,49114.02,2612,0.0172,59.0004,Moderate Contributors
CUST01429,Rohan Mehta,14,36,234621.65,44134.41,2613,0.0172,59.0176,Moderate Contributors
CUST00665,Meera Singh,18,35,234566.71,38825.87,2614,0.0172,59.0349,Moderate Contributors
CUST03789,Priya Mhaske,13,31,234537.88,51689.21,2615,0.0172,59.0521,Moderate Contributors
CUST01686,Vivaan Joshi,19,39,234528.01,58635.75,2616,0.0172,59.0693,Moderate Contributors
CUST01665,Meera Singh,18,35,234475.74,61861.79,2617,0.0172,59.0865,Moderate Contributors
CUST02411,Neha Shah,10,30,234473.88,57699.51,2618,0.0172,59.1038,Moderate Contributors
CUST04467,Rahul Gupta,12,28,234463.64,59056.47,2619,0.0172,59.121,Moderate Contributors
CUST04518,Isha Shah,11,20,234362.52,66721.42,2620,0.0172,59.1382,Moderate Contributors
CUST05119,Rohan Nair,13,29,234277.17,59843.55,2621,0.0172,59.1554,Moderate Contributors
CUST02291,Rahul Sharma,17,37,234273.07,62704.52,2622,0.0172,59.1726,Moderate Contributors
CUST01169,Priya Singh,13,28,234177.4,69555.04,2623,0.0172,59.1898,Moderate Contributors
CUST04642,Rahul Verma,11,21,234175.74,58731.53,2624,0.0172,59.207,Moderate Contributors
CUST02075,Vivaan Sharma,9,28,234109.7,63201.29,2625,0.0172,59.2242,Moderate Contributors
CUST03647,Kavya Nair,10,30,234082.55,60142.33,2626,0.0172,59.2414,Moderate Contributors
CUST05830,Aarav Verma,15,28,233957.87,59277.05,2627,0.0172,59.2586,Moderate Contributors
CUST03620,Meera Mehta,15,29,233950.01,68710.19,2628,0.0172,59.2757,Moderate Contributors
CUST01643,Priya Verma,13,31,233947.03,68129.82,2629,0.0172,59.2929,Moderate Contributors
CUST05479,Aarav Singh,16,30,233924.92,33715.0,2630,0.0172,59.3101,Moderate Contributors
CUST04652,Priya Singh,15,30,233844.31,55568.31,2631,0.0172,59.3273,Moderate Contributors
CUST01286,Ananya Verma,12,26,233810.54,43330.67,2632,0.0172,59.3444,Moderate Contributors
CUST02188,Isha Singh,11,28,233791.73,64852.28,2633,0.0172,59.3616,Moderate Contributors
CUST05442,Priya Deshmukh,13,31,233742.11,49269.13,2634,0.0172,59.3788,Moderate Contributors
CUST05916,Aditya Gupta,15,34,233727.92,45641.65,2635,0.0172,59.3959,Moderate Contributors
CUST01291,Aditya Shah,16,33,233655.84,58659.65,2636,0.0172,59.4131,Moderate Contributors
CUST01599,Amit Deshmukh,12,28,233625.53,61875.02,2637,0.0172,59.4303,Moderate Contributors
CUST05624,Aarav Mehta,14,34,233602.78,58148.84,2638,0.0172,59.4474,Moderate Contributors
CUST00009,Aarav Nair,8,24,233592.86,65672.89,2639,0.0172,59.4646,Moderate Contributors
CUST04536,Sneha Singh,11,30,233536.71,55993.73,2640,0.0172,59.4817,Moderate Contributors
CUST04167,Isha Mhaske,13,25,233534.92,47408.84,2641,0.0172,59.4989,Moderate Contributors
CUST02057,Aditya Patil,17,26,233473.51,54680.22,2642,0.0171,59.516,Moderate Contributors
CUST00536,Rahul Patil,7,24,233444.29,52217.39,2643,0.0171,59.5332,Moderate Contributors
CUST03792,Pooja Joshi,14,29,233393.67,70775.24,2644,0.0171,59.5503,Moderate Contributors
CUST05540,Sneha Mehta,17,34,233383.54,59559.58,2645,0.0171,59.5675,Moderate Contributors
CUST01578,Arjun Shah,17,36,233376.25,61635.27,2646,0.0171,59.5846,Moderate Contributors
CUST05278,Arjun Mehta,14,35,233363.1,56311.29,2647,0.0171,59.6017,Moderate Contributors
CUST02235,Vivaan Kumar,14,36,233311.62,58618.78,2648,0.0171,59.6189,Moderate Contributors
CUST01978,Karan Deshmukh,15,35,233091.95,62272.4,2649,0.0171,59.636,Moderate Contributors
CUST03841,Karan Mehta,13,33,233027.57,48037.18,2650,0.0171,59.6531,Moderate Contributors
CUST02991,Priya Gupta,12,27,232982.18,73303.96,2651,0.0171,59.6702,Moderate Contributors
CUST05754,Meera Shah,9,26,232981.59,59833.15,2652,0.0171,59.6873,Moderate Contributors
CUST03979,Rohan Kumar,10,30,232976.6,57571.65,2653,0.0171,59.7044,Moderate Contributors
CUST03682,Vivaan Deshmukh,14,34,232892.06,54129.38,2654,0.0171,59.7215,Moderate Contributors
CUST04834,Karan Mehta,15,36,232816.07,61764.96,2655,0.0171,59.7386,Moderate Contributors
CUST01623,Pooja Nair,14,30,232799.15,60202.94,2656,0.0171,59.7557,Moderate Contributors
CUST03409,Neha Gupta,13,28,232734.06,44545.04,2657,0.0171,59.7728,Moderate Contributors
CUST03271,Kavya Patil,10,31,232671.52,65900.1,2658,0.0171,59.7899,Moderate Contributors
CUST02697,Isha Deshmukh,15,34,232645.4,55849.25,2659,0.0171,59.807,Moderate Contributors
CUST03671,Rahul Singh,17,32,232603.29,57958.61,2660,0.0171,59.8241,Moderate Contributors
CUST02741,Aarav Gupta,13,27,232598.37,52943.88,2661,0.0171,59.8412,Moderate Contributors
CUST04453,Vivaan Gupta,11,26,232589.1,68003.3,2662,0.0171,59.8582,Moderate Contributors
CUST05316,Kavya Kumar,12,32,232520.9,49154.39,2663,0.0171,59.8753,Moderate Contributors
CUST02237,Meera Verma,14,33,232477.5,46039.57,2664,0.0171,59.8924,Moderate Contributors
CUST02343,Isha Gupta,12,32,232474.57,46151.84,2665,0.0171,59.9095,Moderate Contributors
CUST03730,Sneha Sharma,13,34,232424.89,59886.52,2666,0.0171,59.9265,Moderate Contributors
CUST01589,Aarav Deshmukh,14,42,232419.37,55578.65,2667,0.0171,59.9436,Moderate Contributors
CUST01955,Vivaan Singh,10,28,232373.57,64837.11,2668,0.0171,59.9607,Moderate Contributors
CUST04129,Kavya Shah,14,31,232325.81,56210.96,2669,0.0171,59.9777,Moderate Contributors
CUST03947,Pooja Verma,8,23,232286.52,44990.0,2670,0.0171,59.9948,Moderate Contributors
CUST04404,Aditya Joshi,13,27,232256.73,62721.12,2671,0.0171,60.0118,Moderate Contributors
CUST04061,Rahul Gupta,11,20,232251.89,60162.07,2672,0.0171,60.0289,Moderate Contributors
CUST05786,Rohan Sharma,11,25,232167.36,73521.99,2673,0.0171,60.046,Moderate Contributors
CUST00121,Ananya Singh,15,24,232133.08,48253.16,2674,0.017,60.063,Moderate Contributors
CUST01753,Ananya Kumar,14,37,232117.15,51377.75,2675,0.017,60.0801,Moderate Contributors
CUST00993,Rahul Sharma,16,36,232115.37,58504.35,2676,0.017,60.0971,Moderate Contributors
CUST00580,Karan Mehta,13,30,232041.85,56696.54,2677,0.017,60.1141,Moderate Contributors
CUST00431,Pooja Sharma,12,37,232016.97,53465.96,2678,0.017,60.1312,Moderate Contributors
CUST05345,Pooja Patil,18,32,232003.92,50756.22,2679,0.017,60.1482,Moderate Contributors
CUST04511,Aditya Shah,14,25,231998.78,41162.21,2680,0.017,60.1653,Moderate Contributors
CUST05620,Priya Gupta,14,30,231977.52,42583.2,2681,0.017,60.1823,Moderate Contributors
CUST04392,Pooja Sharma,12,30,231873.34,75226.35,2682,0.017,60.1993,Moderate Contributors
CUST02174,Kavya Mehta,9,23,231870.32,68873.53,2683,0.017,60.2164,Moderate Contributors
CUST00874,Aarav Mehta,8,22,231859.37,74625.06,2684,0.017,60.2334,Moderate Contributors
CUST02476,Pooja Mehta,13,31,231831.66,42340.84,2685,0.017,60.2504,Moderate Contributors
CUST03405,Aarav Mehta,11,27,231812.01,52174.03,2686,0.017,60.2674,Moderate Contributors
CUST00387,Vivaan Joshi,11,24,231780.53,74842.42,2687,0.017,60.2845,Moderate Contributors
CUST00779,Isha Nair,16,28,231740.51,52626.37,2688,0.017,60.3015,Moderate Contributors
CUST05720,Isha Mhaske,13,25,231637.87,40810.64,2689,0.017,60.3185,Moderate Contributors
CUST04142,Aditya Nair,14,33,231633.81,56680.44,2690,0.017,60.3355,Moderate Contributors
CUST05739,Meera Patil,12,24,231620.87,50180.98,2691,0.017,60.3525,Moderate Contributors
CUST03270,Sneha Gupta,8,20,231620.77,57486.2,2692,0.017,60.3695,Moderate Contributors
CUST00962,Vivaan Shah,8,20,231572.79,57982.54,2693,0.017,60.3865,Moderate Contributors
CUST03894,Pooja Sharma,16,41,231559.48,46675.99,2694,0.017,60.4035,Moderate Contributors
CUST02233,Vivaan Verma,11,36,231485.72,45611.53,2695,0.017,60.4205,Moderate Contributors
CUST05121,Karan Patil,13,30,231430.2,55811.49,2696,0.017,60.4375,Moderate Contributors
CUST04716,Isha Deshmukh,19,41,231367.56,53870.98,2697,0.017,60.4545,Moderate Contributors
CUST03637,Meera Nair,11,28,231348.33,61178.3,2698,0.017,60.4715,Moderate Contributors
CUST03602,Sneha Singh,18,36,231335.06,55827.01,2699,0.017,60.4885,Moderate Contributors
CUST01779,Rahul Mhaske,12,34,231290.97,68439.47,2700,0.017,60.5055,Moderate Contributors
CUST04295,Pooja Shah,11,33,231252.74,60631.52,2701,0.017,60.5225,Moderate Contributors
CUST01144,Isha Joshi,14,31,231228.04,46286.11,2702,0.017,60.5395,Moderate Contributors
CUST02144,Rohan Verma,13,31,231204.19,53327.95,2703,0.017,60.5564,Moderate Contributors
CUST03062,Priya Patil,14,25,231143.11,52725.83,2704,0.017,60.5734,Moderate Contributors
CUST03627,Vivaan Joshi,13,24,231078.44,64549.07,2705,0.017,60.5904,Moderate Contributors
CUST00958,Arjun Deshmukh,12,25,230882.14,72983.92,2706,0.017,60.6073,Moderate Contributors
CUST03402,Isha Singh,14,27,230811.08,47865.98,2707,0.017,60.6243,Moderate Contributors
CUST01222,Karan Nair,12,30,230748.63,44835.49,2708,0.0169,60.6412,Moderate Contributors
CUST05163,Aarav Deshmukh,13,32,230637.9,65688.13,2709,0.0169,60.6582,Moderate Contributors
CUST01862,Kavya Mhaske,18,32,230582.69,50016.67,2710,0.0169,60.6751,Moderate Contributors
CUST05200,Isha Mehta,16,32,230541.12,54889.97,2711,0.0169,60.692,Moderate Contributors
CUST03895,Vivaan Kumar,13,28,230512.16,59714.63,2712,0.0169,60.709,Moderate Contributors
CUST02436,Vivaan Joshi,12,31,230499.78,58384.1,2713,0.0169,60.7259,Moderate Contributors
CUST01052,Sneha Shah,11,24,230438.66,58702.75,2714,0.0169,60.7428,Moderate Contributors
CUST02529,Priya Joshi,19,38,230434.48,46412.91,2715,0.0169,60.7597,Moderate Contributors
CUST03466,Ananya Kumar,11,25,230421.94,44628.32,2716,0.0169,60.7767,Moderate Contributors
CUST01882,Vivaan Mhaske,10,21,230374.48,74429.03,2717,0.0169,60.7936,Moderate Contributors
CUST01245,Karan Deshmukh,7,20,230331.27,62527.15,2718,0.0169,60.8105,Moderate Contributors
CUST00129,Arjun Deshmukh,16,29,230309.74,63241.84,2719,0.0169,60.8274,Moderate Contributors
CUST04550,Amit Kumar,12,32,230260.85,47224.62,2720,0.0169,60.8443,Moderate Contributors
CUST01712,Sneha Joshi,12,27,230110.22,53420.9,2721,0.0169,60.8612,Moderate Contributors
CUST00461,Amit Mhaske,12,25,230049.7,58673.99,2722,0.0169,60.8781,Moderate Contributors
CUST03435,Aarav Mehta,12,24,229908.74,48564.24,2723,0.0169,60.895,Moderate Contributors
CUST01609,Kavya Patil,15,27,229887.94,52720.21,2724,0.0169,60.9119,Moderate Contributors
CUST01852,Arjun Joshi,13,42,229841.55,62669.99,2725,0.0169,60.9288,Moderate Contributors
CUST04053,Ananya Shah,14,38,229821.37,44028.55,2726,0.0169,60.9456,Moderate Contributors
CUST01784,Meera Sharma,10,29,229774.66,49775.08,2727,0.0169,60.9625,Moderate Contributors
CUST02522,Neha Singh,11,21,229745.75,59880.62,2728,0.0169,60.9794,Moderate Contributors
CUST01246,Arjun Verma,15,40,229527.47,65280.53,2729,0.0169,60.9963,Moderate Contributors
CUST05522,Rohan Kumar,14,29,229445.93,56199.2,2730,0.0169,61.0131,Moderate Contributors
CUST03521,Aarav Gupta,17,37,229403.77,54176.21,2731,0.0168,61.0299,Moderate Contributors
CUST01002,Karan Joshi,15,32,229387.26,60728.52,2732,0.0168,61.0468,Moderate Contributors
CUST02216,Pooja Patil,15,35,229338.07,56650.62,2733,0.0168,61.0636,Moderate Contributors
CUST02756,Ananya Nair,14,31,229331.84,67879.11,2734,0.0168,61.0805,Moderate Contributors
CUST01624,Meera Singh,16,40,229266.36,49344.06,2735,0.0168,61.0973,Moderate Contributors
CUST01804,Rahul Mehta,14,34,229142.75,55186.09,2736,0.0168,61.1141,Moderate Contributors
CUST01124,Ananya Mhaske,12,27,229087.95,50125.81,2737,0.0168,61.131,Moderate Contributors
CUST01938,Vivaan Shah,13,26,229080.11,58104.67,2738,0.0168,61.1478,Moderate Contributors
CUST03628,Sneha Verma,13,33,229053.16,57875.09,2739,0.0168,61.1646,Moderate Contributors
CUST00717,Vivaan Gupta,13,33,228993.23,49569.85,2740,0.0168,61.1814,Moderate Contributors
CUST02882,Aditya Patil,10,23,228988.38,55917.62,2741,0.0168,61.1983,Moderate Contributors
CUST00372,Sneha Joshi,10,24,228975.52,59218.84,2742,0.0168,61.2151,Moderate Contributors
CUST04242,Sneha Nair,16,33,228930.73,70784.57,2743,0.0168,61.2319,Moderate Contributors
CUST00925,Amit Mhaske,13,32,228909.33,50889.45,2744,0.0168,61.2487,Moderate Contributors
CUST02578,Aarav Joshi,11,23,228890.41,66129.69,2745,0.0168,61.2655,Moderate Contributors
CUST04133,Meera Verma,18,46,228826.94,46638.18,2746,0.0168,61.2823,Moderate Contributors
CUST02498,Rohan Mhaske,14,29,228793.64,56509.27,2747,0.0168,61.2991,Moderate Contributors
CUST05648,Arjun Mhaske,13,30,228717.85,39972.88,2748,0.0168,61.3159,Moderate Contributors
CUST03157,Aarav Deshmukh,16,46,228496.97,63856.72,2749,0.0168,61.3327,Moderate Contributors
CUST05405,Meera Mehta,16,29,228474.8,38011.55,2750,0.0168,61.3495,Moderate Contributors
CUST05524,Isha Patil,15,31,228463.71,62531.34,2751,0.0168,61.3662,Moderate Contributors
CUST00214,Amit Kumar,12,24,228445.22,61884.45,2752,0.0168,61.383,Moderate Contributors
CUST05288,Aditya Verma,10,33,228419.81,58654.2,2753,0.0168,61.3998,Moderate Contributors
CUST00972,Kavya Mehta,15,29,228388.94,55057.83,2754,0.0168,61.4166,Moderate Contributors
CUST01577,Ananya Singh,11,28,228380.65,66074.04,2755,0.0168,61.4333,Moderate Contributors
CUST01879,Aditya Singh,11,29,228298.8,45030.28,2756,0.0168,61.4501,Moderate Contributors
CUST04821,Amit Mehta,12,29,228289.51,59637.73,2757,0.0168,61.4669,Moderate Contributors
CUST01560,Neha Joshi,12,26,228235.57,63086.78,2758,0.0168,61.4836,Moderate Contributors
CUST03972,Priya Sharma,11,30,228226.36,69491.08,2759,0.0168,61.5004,Moderate Contributors
CUST02317,Neha Joshi,11,22,228219.14,66736.85,2760,0.0168,61.5172,Moderate Contributors
CUST04722,Rohan Mhaske,11,26,228191.62,55154.12,2761,0.0168,61.5339,Moderate Contributors
CUST01126,Rohan Sharma,9,22,228162.43,55793.06,2762,0.0168,61.5507,Moderate Contributors
CUST03652,Rohan Singh,13,27,228159.77,57211.1,2763,0.0168,61.5674,Moderate Contributors
CUST03110,Neha Kumar,12,28,228133.22,49869.79,2764,0.0168,61.5842,Moderate Contributors
CUST00039,Karan Deshmukh,7,20,228081.84,68757.65,2765,0.0168,61.6009,Moderate Contributors
CUST00068,Pooja Deshmukh,11,24,228071.78,72639.72,2766,0.0167,61.6177,Moderate Contributors
CUST00987,Meera Mhaske,14,29,227884.27,59147.53,2767,0.0167,61.6344,Moderate Contributors
CUST00795,Rahul Singh,14,38,227867.81,36171.45,2768,0.0167,61.6512,Moderate Contributors
CUST00575,Kavya Patil,14,30,227847.44,69874.57,2769,0.0167,61.6679,Moderate Contributors
CUST04838,Meera Patil,10,25,227832.28,57172.97,2770,0.0167,61.6846,Moderate Contributors
CUST01509,Amit Shah,17,37,227785.06,56384.7,2771,0.0167,61.7014,Moderate Contributors
CUST02663,Priya Verma,14,26,227709.85,64363.43,2772,0.0167,61.7181,Moderate Contributors
CUST00054,Rahul Singh,8,18,227572.21,70158.24,2773,0.0167,61.7348,Moderate Contributors
CUST03170,Arjun Verma,10,25,227545.98,62645.38,2774,0.0167,61.7515,Moderate Contributors
CUST03876,Vivaan Mehta,14,33,227511.67,57732.69,2775,0.0167,61.7682,Moderate Contributors
CUST05274,Sneha Shah,11,34,227493.05,44662.53,2776,0.0167,61.7849,Moderate Contributors
CUST04029,Amit Deshmukh,16,34,227451.94,49775.96,2777,0.0167,61.8016,Moderate Contributors
CUST03407,Kavya Gupta,10,34,227436.86,49904.95,2778,0.0167,61.8183,Moderate Contributors
CUST05496,Aarav Kumar,11,27,227427.99,59539.23,2779,0.0167,61.835,Moderate Contributors
CUST01501,Karan Shah,9,20,227381.91,56107.32,2780,0.0167,61.8517,Moderate Contributors
CUST00974,Meera Mhaske,13,32,227358.99,54691.8,2781,0.0167,61.8684,Moderate Contributors
CUST04363,Neha Patil,12,35,227352.76,45090.68,2782,0.0167,61.8851,Moderate Contributors
CUST05304,Pooja Gupta,14,24,227350.76,59275.84,2783,0.0167,61.9018,Moderate Contributors
CUST04902,Isha Nair,14,26,227327.42,64355.79,2784,0.0167,61.9185,Moderate Contributors
CUST04006,Vivaan Sharma,12,30,227315.09,60455.29,2785,0.0167,61.9352,Moderate Contributors
CUST04514,Vivaan Deshmukh,13,25,227309.0,51583.65,2786,0.0167,61.9519,Moderate Contributors
CUST04499,Neha Mehta,15,34,227235.1,53026.6,2787,0.0167,61.9686,Moderate Contributors
CUST02219,Isha Kumar,11,26,227177.22,52192.69,2788,0.0167,61.9853,Moderate Contributors
CUST03654,Sneha Nair,11,24,227168.29,50327.46,2789,0.0167,62.002,Moderate Contributors
CUST00149,Pooja Gupta,9,30,227136.89,52767.76,2790,0.0167,62.0186,Moderate Contributors
CUST03309,Kavya Mehta,13,25,227121.09,75493.1,2791,0.0167,62.0353,Moderate Contributors
CUST04775,Amit Shah,8,20,227101.25,51500.06,2792,0.0167,62.052,Moderate Contributors
CUST03032,Aditya Verma,11,30,227089.06,50661.83,2793,0.0167,62.0687,Moderate Contributors
CUST02934,Pooja Shah,12,21,227064.88,56762.93,2794,0.0167,62.0854,Moderate Contributors
CUST05408,Isha Shah,16,32,227053.29,56300.0,2795,0.0167,62.102,Moderate Contributors
CUST05024,Rohan Sharma,7,24,227010.75,46096.24,2796,0.0167,62.1187,Moderate Contributors
CUST00480,Rohan Mhaske,15,29,226983.1,61770.18,2797,0.0167,62.1354,Moderate Contributors
CUST01523,Neha Kumar,10,23,226911.47,49718.25,2798,0.0167,62.152,Moderate Contributors
CUST04676,Vivaan Mhaske,12,32,226895.55,62658.29,2799,0.0167,62.1687,Moderate Contributors
CUST00487,Meera Sharma,12,26,226895.07,50130.5,2800,0.0167,62.1854,Moderate Contributors
CUST01801,Rohan Mehta,16,36,226885.03,52037.4,2801,0.0167,62.202,Moderate Contributors
CUST03715,Meera Mehta,14,29,226864.28,53293.85,2802,0.0167,62.2187,Moderate Contributors
CUST02632,Isha Shah,14,26,226758.54,59952.76,2803,0.0167,62.2353,Moderate Contributors
CUST03698,Rohan Mhaske,11,23,226738.01,56261.06,2804,0.0167,62.252,Moderate Contributors
CUST04370,Neha Singh,13,32,226720.68,53930.02,2805,0.0167,62.2686,Moderate Contributors
CUST01434,Aditya Kumar,13,27,226719.76,37409.76,2806,0.0167,62.2853,Moderate Contributors
CUST03328,Priya Gupta,15,43,226705.74,56240.85,2807,0.0166,62.3019,Moderate Contributors
CUST02461,Ananya Mehta,10,34,226677.6,35790.84,2808,0.0166,62.3186,Moderate Contributors
CUST04530,Kavya Verma,12,27,226618.75,47943.59,2809,0.0166,62.3352,Moderate Contributors
CUST02138,Rohan Joshi,12,30,226566.63,46333.79,2810,0.0166,62.3519,Moderate Contributors
CUST01715,Neha Shah,10,25,226558.98,66502.55,2811,0.0166,62.3685,Moderate Contributors
CUST03920,Kavya Kumar,16,32,226557.81,52603.08,2812,0.0166,62.3852,Moderate Contributors
CUST04591,Arjun Joshi,11,31,226410.58,44512.83,2813,0.0166,62.4018,Moderate Contributors
CUST02503,Meera Mhaske,14,32,226382.72,60070.6,2814,0.0166,62.4184,Moderate Contributors
CUST01773,Rahul Deshmukh,7,18,226371.02,57990.17,2815,0.0166,62.435,Moderate Contributors
CUST02997,Amit Gupta,8,26,226366.57,47600.53,2816,0.0166,62.4517,Moderate Contributors
CUST00459,Aditya Mhaske,15,38,226269.15,40543.01,2817,0.0166,62.4683,Moderate Contributors
CUST00041,Vivaan Deshmukh,15,27,226233.72,63014.31,2818,0.0166,62.4849,Moderate Contributors
CUST02942,Rahul Mhaske,8,25,226231.48,52092.49,2819,0.0166,62.5015,Moderate Contributors
CUST01373,Amit Shah,15,34,226199.31,53713.21,2820,0.0166,62.5181,Moderate Contributors
CUST00639,Rohan Singh,12,32,226184.28,62063.28,2821,0.0166,62.5347,Moderate Contributors
CUST00045,Aditya Joshi,10,29,226104.42,43846.38,2822,0.0166,62.5513,Moderate Contributors
CUST04548,Kavya Deshmukh,13,34,226082.7,59768.09,2823,0.0166,62.5679,Moderate Contributors
CUST01962,Meera Mehta,11,21,226075.01,53044.44,2824,0.0166,62.5845,Moderate Contributors
CUST01762,Neha Mhaske,13,27,225985.11,58434.71,2825,0.0166,62.6011,Moderate Contributors
CUST00555,Ananya Verma,18,32,225972.38,58742.66,2826,0.0166,62.6177,Moderate Contributors
CUST03003,Meera Gupta,15,36,225834.19,69858.3,2827,0.0166,62.6343,Moderate Contributors
CUST05045,Sneha Shah,13,32,225794.92,53776.59,2828,0.0166,62.6509,Moderate Contributors
CUST03811,Meera Mehta,12,28,225776.41,69637.95,2829,0.0166,62.6675,Moderate Contributors
CUST00782,Isha Singh,11,27,225732.27,65351.37,2830,0.0166,62.6841,Moderate Contributors
CUST05335,Pooja Gupta,11,25,225673.38,62994.61,2831,0.0166,62.7006,Moderate Contributors
CUST00696,Aarav Gupta,17,34,225565.46,45074.66,2832,0.0166,62.7172,Moderate Contributors
CUST00399,Pooja Mhaske,12,39,225525.03,50930.65,2833,0.0166,62.7338,Moderate Contributors
CUST00173,Neha Deshmukh,14,29,225423.78,62687.67,2834,0.0166,62.7503,Moderate Contributors
CUST01990,Kavya Mehta,10,23,225392.89,55015.67,2835,0.0166,62.7669,Moderate Contributors
CUST02058,Aditya Nair,10,29,225319.94,53210.71,2836,0.0165,62.7834,Moderate Contributors
CUST02158,Arjun Patil,13,28,225200.22,60415.52,2837,0.0165,62.8,Moderate Contributors
CUST01400,Pooja Sharma,15,31,225082.85,58147.5,2838,0.0165,62.8165,Moderate Contributors
CUST00703,Isha Patil,14,30,225078.91,43299.2,2839,0.0165,62.833,Moderate Contributors
CUST02658,Pooja Mhaske,17,42,224996.84,42796.42,2840,0.0165,62.8495,Moderate Contributors
CUST00065,Ananya Singh,12,32,224937.92,59786.46,2841,0.0165,62.8661,Moderate Contributors
CUST03063,Kavya Patil,12,28,224910.75,58725.29,2842,0.0165,62.8826,Moderate Contributors
CUST02474,Rohan Mhaske,10,27,224892.01,60137.73,2843,0.0165,62.8991,Moderate Contributors
CUST05419,Aarav Mehta,13,41,224891.78,53105.17,2844,0.0165,62.9156,Moderate Contributors
CUST00091,Arjun Kumar,16,36,224867.36,50788.59,2845,0.0165,62.9321,Moderate Contributors
CUST00802,Aditya Mhaske,11,23,224864.98,47049.2,2846,0.0165,62.9486,Moderate Contributors
CUST00833,Neha Mehta,13,31,224830.0,55636.57,2847,0.0165,62.9652,Moderate Contributors
CUST00590,Amit Sharma,14,31,224783.65,73820.23,2848,0.0165,62.9817,Moderate Contributors
CUST00062,Pooja Nair,14,27,224712.36,55015.09,2849,0.0165,62.9982,Moderate Contributors
CUST03850,Aarav Deshmukh,12,32,224654.81,51501.85,2850,0.0165,63.0147,Moderate Contributors
CUST03465,Rahul Shah,13,35,224645.07,57254.38,2851,0.0165,63.0312,Moderate Contributors
CUST05733,Rahul Kumar,13,29,224642.17,53453.14,2852,0.0165,63.0477,Moderate Contributors
CUST03833,Isha Kumar,15,32,224614.16,49990.49,2853,0.0165,63.0642,Moderate Contributors
CUST02965,Amit Joshi,11,29,224601.56,46643.41,2854,0.0165,63.0807,Moderate Contributors
CUST03572,Isha Kumar,14,32,224508.4,42206.79,2855,0.0165,63.0971,Moderate Contributors
CUST03974,Isha Kumar,16,33,224502.32,51342.04,2856,0.0165,63.1136,Moderate Contributors
CUST00755,Aarav Nair,11,24,224470.7,59035.52,2857,0.0165,63.1301,Moderate Contributors
CUST02487,Meera Verma,13,30,224441.81,50173.94,2858,0.0165,63.1466,Moderate Contributors
CUST02867,Pooja Shah,18,34,224405.24,55065.0,2859,0.0165,63.1631,Moderate Contributors
CUST04797,Rahul Shah,15,28,224398.28,61341.85,2860,0.0165,63.1796,Moderate Contributors
CUST00600,Neha Shah,12,34,224395.97,49520.27,2861,0.0165,63.196,Moderate Contributors
CUST00731,Amit Joshi,15,41,224393.76,53253.47,2862,0.0165,63.2125,Moderate Contributors
CUST00828,Kavya Mehta,12,32,224379.36,38487.27,2863,0.0165,63.229,Moderate Contributors
CUST01525,Rohan Mhaske,18,35,224341.97,43671.93,2864,0.0165,63.2455,Moderate Contributors
CUST00073,Meera Joshi,14,36,224309.45,44372.39,2865,0.0165,63.262,Moderate Contributors
CUST04490,Amit Verma,15,31,224307.83,54288.77,2866,0.0165,63.2784,Moderate Contributors
CUST00326,Amit Sharma,11,23,224300.34,67339.88,2867,0.0165,63.2949,Moderate Contributors
CUST02333,Aditya Mehta,12,30,224299.16,63840.54,2868,0.0165,63.3114,Moderate Contributors
CUST00783,Vivaan Joshi,12,24,224290.34,52077.98,2869,0.0165,63.3278,Moderate Contributors
CUST04824,Amit Deshmukh,13,26,224250.01,54484.38,2870,0.0165,63.3443,Moderate Contributors
CUST00010,Neha Mehta,12,29,224230.93,59961.03,2871,0.0165,63.3608,Moderate Contributors
CUST05717,Isha Shah,11,25,224180.18,59865.68,2872,0.0165,63.3772,Moderate Contributors
CUST00747,Rahul Shah,11,31,224134.37,56598.74,2873,0.0165,63.3937,Moderate Contributors
CUST05099,Arjun Joshi,14,26,224111.3,57574.26,2874,0.0165,63.4102,Moderate Contributors
CUST01288,Rahul Shah,15,33,224109.84,50362.07,2875,0.0165,63.4266,Moderate Contributors
CUST05325,Rohan Mhaske,12,25,224056.32,52038.61,2876,0.0165,63.4431,Moderate Contributors
CUST03880,Karan Mhaske,9,25,224011.86,68245.11,2877,0.0165,63.4595,Moderate Contributors
CUST03102,Rohan Mehta,9,18,223853.52,49230.1,2878,0.0164,63.476,Moderate Contributors
CUST05018,Priya Mehta,16,26,223853.41,65155.65,2879,0.0164,63.4924,Moderate Contributors
CUST00247,Ananya Nair,9,26,223835.03,43822.82,2880,0.0164,63.5088,Moderate Contributors
CUST01310,Priya Mhaske,12,35,223819.75,44399.85,2881,0.0164,63.5253,Moderate Contributors
CUST02191,Pooja Singh,12,32,223810.08,57271.04,2882,0.0164,63.5417,Moderate Contributors
CUST03878,Karan Mhaske,12,26,223760.67,69654.56,2883,0.0164,63.5582,Moderate Contributors
CUST00596,Vivaan Joshi,15,27,223693.3,53594.94,2884,0.0164,63.5746,Moderate Contributors
CUST04033,Amit Sharma,10,29,223649.13,61135.47,2885,0.0164,63.591,Moderate Contributors
CUST03495,Rohan Singh,14,31,223633.45,44749.27,2886,0.0164,63.6074,Moderate Contributors
CUST04072,Rahul Patil,16,40,223627.85,49022.64,2887,0.0164,63.6239,Moderate Contributors
CUST00123,Kavya Joshi,13,22,223589.89,76919.95,2888,0.0164,63.6403,Moderate Contributors
CUST03846,Rohan Shah,11,25,223557.17,60346.13,2889,0.0164,63.6567,Moderate Contributors
CUST00565,Sneha Shah,9,27,223544.64,60129.55,2890,0.0164,63.6731,Moderate Contributors
CUST00853,Arjun Deshmukh,17,29,223533.08,56490.55,2891,0.0164,63.6895,Moderate Contributors
CUST00998,Rohan Mehta,9,23,223492.88,74127.15,2892,0.0164,63.7059,Moderate Contributors
CUST05077,Rohan Nair,14,39,223486.9,46030.94,2893,0.0164,63.7224,Moderate Contributors
CUST03675,Aarav Patil,14,29,223465.3,58946.09,2894,0.0164,63.7388,Moderate Contributors
CUST02827,Karan Singh,12,26,223409.1,64103.27,2895,0.0164,63.7552,Moderate Contributors
CUST02268,Sneha Singh,11,29,223389.46,54096.02,2896,0.0164,63.7716,Moderate Contributors
CUST04528,Rahul Nair,14,39,223384.12,45140.79,2897,0.0164,63.788,Moderate Contributors
CUST01281,Neha Patil,13,27,223348.73,57770.34,2898,0.0164,63.8044,Moderate Contributors
CUST02172,Aditya Singh,11,21,223284.98,63336.5,2899,0.0164,63.8208,Moderate Contributors
CUST02504,Rohan Kumar,18,40,223234.07,48666.01,2900,0.0164,63.8372,Moderate Contributors
CUST00444,Meera Singh,13,24,223222.76,57128.46,2901,0.0164,63.8536,Moderate Contributors
CUST00483,Arjun Joshi,16,32,223218.56,47126.29,2902,0.0164,63.87,Moderate Contributors
CUST03263,Arjun Patil,11,36,223088.9,41219.21,2903,0.0164,63.8864,Moderate Contributors
CUST01486,Ananya Singh,15,30,223079.63,45776.17,2904,0.0164,63.9027,Moderate Contributors
CUST05133,Aarav Sharma,12,22,223039.76,52378.51,2905,0.0164,63.9191,Moderate Contributors
CUST05643,Vivaan Sharma,11,24,222972.75,51116.22,2906,0.0164,63.9355,Moderate Contributors
CUST00966,Meera Mehta,11,26,222964.88,57451.18,2907,0.0164,63.9519,Moderate Contributors
CUST03727,Ananya Verma,15,32,222895.28,64368.74,2908,0.0164,63.9682,Moderate Contributors
CUST03625,Rohan Singh,13,22,222863.09,66413.47,2909,0.0164,63.9846,Moderate Contributors
CUST03569,Ananya Shah,11,29,222769.53,62727.29,2910,0.0164,64.001,Moderate Contributors
CUST00702,Sneha Shah,13,32,222694.05,55761.19,2911,0.0164,64.0173,Moderate Contributors
CUST00002,Vivaan Shah,14,28,222656.85,45271.33,2912,0.0164,64.0337,Moderate Contributors
CUST04967,Vivaan Kumar,14,33,222651.1,42410.3,2913,0.0164,64.05,Moderate Contributors
CUST04082,Arjun Sharma,12,26,222611.83,57098.99,2914,0.0163,64.0664,Moderate Contributors
CUST03515,Rohan Sharma,10,27,222593.17,61500.55,2915,0.0163,64.0827,Moderate Contributors
CUST00701,Aditya Gupta,12,31,222557.95,54212.11,2916,0.0163,64.0991,Moderate Contributors
CUST00753,Aarav Shah,11,27,222432.62,49795.33,2917,0.0163,64.1154,Moderate Contributors
CUST05186,Pooja Deshmukh,11,27,222421.72,59245.33,2918,0.0163,64.1317,Moderate Contributors
CUST04313,Isha Singh,16,40,222416.92,61036.93,2919,0.0163,64.1481,Moderate Contributors
CUST05436,Aarav Singh,11,27,222383.68,54494.06,2920,0.0163,64.1644,Moderate Contributors
CUST03041,Meera Deshmukh,13,34,222379.9,43839.91,2921,0.0163,64.1807,Moderate Contributors
CUST05668,Karan Nair,14,32,222371.32,45324.18,2922,0.0163,64.1971,Moderate Contributors
CUST01722,Karan Nair,10,28,222369.26,67508.88,2923,0.0163,64.2134,Moderate Contributors
CUST04368,Vivaan Patil,11,24,222362.14,66050.88,2924,0.0163,64.2297,Moderate Contributors
CUST04513,Kavya Verma,13,30,222336.6,65479.05,2925,0.0163,64.2461,Moderate Contributors
CUST00797,Karan Joshi,14,40,222282.04,71101.05,2926,0.0163,64.2624,Moderate Contributors
CUST03966,Aditya Shah,13,33,222268.69,47089.55,2927,0.0163,64.2787,Moderate Contributors
CUST04545,Isha Mehta,15,29,222266.44,50498.92,2928,0.0163,64.295,Moderate Contributors
CUST04418,Ananya Gupta,8,24,222260.68,42913.94,2929,0.0163,64.3114,Moderate Contributors
CUST02255,Aditya Joshi,12,24,222149.25,72025.96,2930,0.0163,64.3277,Moderate Contributors
CUST03023,Rohan Deshmukh,12,40,222146.37,56777.66,2931,0.0163,64.344,Moderate Contributors
CUST00061,Kavya Gupta,16,32,222146.32,40604.38,2932,0.0163,64.3603,Moderate Contributors
CUST03188,Aditya Shah,10,29,222120.95,42823.11,2933,0.0163,64.3766,Moderate Contributors
CUST01259,Ananya Kumar,14,30,221991.11,31415.52,2934,0.0163,64.3929,Moderate Contributors
CUST01637,Priya Deshmukh,11,21,221988.16,56491.55,2935,0.0163,64.4092,Moderate Contributors
CUST03818,Priya Singh,12,23,221970.69,51331.21,2936,0.0163,64.4255,Moderate Contributors
CUST02765,Pooja Mehta,11,32,221919.01,63272.03,2937,0.0163,64.4418,Moderate Contributors
CUST01837,Arjun Deshmukh,12,32,221902.08,47051.12,2938,0.0163,64.4581,Moderate Contributors
CUST04457,Neha Mhaske,16,34,221892.05,49968.06,2939,0.0163,64.4744,Moderate Contributors
CUST01037,Neha Mhaske,14,31,221848.86,62449.68,2940,0.0163,64.4907,Moderate Contributors
CUST00085,Priya Mhaske,12,31,221828.51,38428.97,2941,0.0163,64.507,Moderate Contributors
CUST03944,Karan Singh,17,39,221753.2,59925.24,2942,0.0163,64.5233,Moderate Contributors
CUST01552,Aditya Shah,14,29,221693.73,70348.35,2943,0.0163,64.5396,Moderate Contributors
CUST02231,Amit Deshmukh,11,25,221672.07,59967.65,2944,0.0163,64.5558,Moderate Contributors
CUST01166,Amit Gupta,13,31,221602.16,42388.08,2945,0.0163,64.5721,Moderate Contributors
CUST02512,Amit Mehta,13,30,221562.36,52451.18,2946,0.0163,64.5884,Moderate Contributors
CUST02420,Isha Joshi,17,30,221481.43,60571.3,2947,0.0163,64.6047,Moderate Contributors
CUST04395,Pooja Sharma,15,38,221471.82,44346.18,2948,0.0163,64.6209,Moderate Contributors
CUST01569,Kavya Joshi,15,27,221466.65,60888.36,2949,0.0163,64.6372,Moderate Contributors
CUST02599,Vivaan Gupta,14,35,221463.88,67203.15,2950,0.0163,64.6535,Moderate Contributors
CUST00606,Amit Mhaske,11,31,221431.17,58053.12,2951,0.0163,64.6697,Moderate Contributors
CUST04648,Rohan Sharma,9,25,221420.88,68977.5,2952,0.0163,64.686,Moderate Contributors
CUST04314,Arjun Shah,12,29,221410.1,48561.19,2953,0.0163,64.7022,Moderate Contributors
CUST00771,Isha Mehta,9,18,221275.32,73223.36,2954,0.0163,64.7185,Moderate Contributors
CUST04670,Kavya Deshmukh,13,35,221251.79,55602.12,2955,0.0162,64.7347,Moderate Contributors
CUST03116,Meera Joshi,10,22,221239.71,56994.16,2956,0.0162,64.751,Moderate Contributors
CUST02979,Rohan Patil,14,29,221103.46,60222.21,2957,0.0162,64.7672,Moderate Contributors
CUST01986,Aditya Deshmukh,10,19,221058.47,62537.14,2958,0.0162,64.7835,Moderate Contributors
CUST03074,Karan Joshi,13,34,221041.77,60204.58,2959,0.0162,64.7997,Moderate Contributors
CUST01983,Kavya Gupta,13,25,221030.24,65123.42,2960,0.0162,64.8159,Moderate Contributors
CUST01917,Pooja Patil,11,31,221005.88,46523.76,2961,0.0162,64.8322,Moderate Contributors
CUST02789,Meera Mhaske,14,28,221004.79,46827.03,2962,0.0162,64.8484,Moderate Contributors
CUST01358,Neha Shah,10,23,220997.88,55594.55,2963,0.0162,64.8646,Moderate Contributors
CUST03701,Neha Gupta,14,27,220933.0,64726.87,2964,0.0162,64.8808,Moderate Contributors
CUST04754,Sneha Mehta,12,25,220865.24,57388.04,2965,0.0162,64.8971,Moderate Contributors
CUST02003,Kavya Verma,12,28,220782.88,54061.1,2966,0.0162,64.9133,Moderate Contributors
CUST04660,Ananya Singh,11,28,220746.75,56427.67,2967,0.0162,64.9295,Moderate Contributors
CUST03547,Isha Mhaske,10,29,220674.75,40292.35,2968,0.0162,64.9457,Moderate Contributors
CUST05972,Aditya Kumar,15,27,220521.56,66484.85,2969,0.0162,64.9619,Moderate Contributors
CUST04704,Arjun Shah,14,39,220487.95,46820.6,2970,0.0162,64.9781,Moderate Contributors
CUST03473,Rohan Verma,17,35,220461.5,54847.27,2971,0.0162,64.9943,Moderate Contributors
CUST04146,Rahul Joshi,14,30,220368.68,56435.03,2972,0.0162,65.0105,Moderate Contributors
CUST03385,Vivaan Verma,11,26,220263.25,52717.6,2973,0.0162,65.0266,Moderate Contributors
CUST04200,Aarav Deshmukh,11,25,220155.83,58044.54,2974,0.0162,65.0428,Moderate Contributors
CUST05320,Rahul Mehta,13,31,220091.89,69547.43,2975,0.0162,65.059,Moderate Contributors
CUST03122,Aarav Joshi,12,26,220073.48,63950.76,2976,0.0162,65.0751,Moderate Contributors
CUST03080,Arjun Mehta,14,32,220063.9,70568.65,2977,0.0162,65.0913,Moderate Contributors
CUST04058,Priya Singh,10,31,220061.65,53827.31,2978,0.0162,65.1075,Moderate Contributors
CUST03252,Arjun Verma,11,22,220051.98,64080.12,2979,0.0162,65.1236,Moderate Contributors
CUST00192,Sneha Deshmukh,9,24,220046.58,47886.47,2980,0.0162,65.1398,Moderate Contributors
CUST05817,Neha Joshi,14,28,219990.14,62364.92,2981,0.0162,65.1559,Moderate Contributors
CUST05664,Amit Deshmukh,10,25,219989.19,62999.05,2982,0.0162,65.1721,Moderate Contributors
CUST03486,Rahul Nair,15,38,219937.23,44623.6,2983,0.0162,65.1882,Moderate Contributors
CUST05034,Isha Singh,9,23,219807.33,42904.39,2984,0.0161,65.2044,Moderate Contributors
CUST05740,Rohan Mhaske,10,22,219759.89,58975.92,2985,0.0161,65.2205,Moderate Contributors
CUST00856,Priya Mehta,9,29,219705.57,44473.17,2986,0.0161,65.2367,Moderate Contributors
CUST02932,Karan Kumar,12,27,219704.83,61695.79,2987,0.0161,65.2528,Moderate Contributors
CUST04179,Sneha Mehta,16,37,219700.51,52684.61,2988,0.0161,65.2689,Moderate Contributors
CUST04124,Rohan Patil,15,32,219699.05,48883.43,2989,0.0161,65.2851,Moderate Contributors
CUST01746,Pooja Deshmukh,11,25,219612.34,51305.46,2990,0.0161,65.3012,Moderate Contributors
CUST04923,Pooja Sharma,13,29,219605.18,67514.25,2991,0.0161,65.3173,Moderate Contributors
CUST01504,Amit Mehta,14,30,219602.08,49792.53,2992,0.0161,65.3335,Moderate Contributors
CUST03958,Amit Deshmukh,12,30,219563.11,59592.12,2993,0.0161,65.3496,Moderate Contributors
CUST02201,Karan Sharma,11,28,219551.3,51900.25,2994,0.0161,65.3657,Moderate Contributors
CUST00008,Sneha Mhaske,12,44,219523.44,41308.02,2995,0.0161,65.3818,Moderate Contributors
CUST05206,Amit Shah,15,30,219512.24,57668.59,2996,0.0161,65.3979,Moderate Contributors
CUST02257,Aarav Singh,11,22,219476.82,49168.86,2997,0.0161,65.4141,Moderate Contributors
CUST01802,Priya Deshmukh,13,35,219445.55,47691.59,2998,0.0161,65.4302,Moderate Contributors
CUST01461,Vivaan Gupta,12,22,219430.39,52680.91,2999,0.0161,65.4463,Moderate Contributors
CUST00320,Aarav Shah,17,38,219370.4,46751.76,3000,0.0161,65.4624,Moderate Contributors
CUST05204,Isha Nair,13,27,219301.69,59171.82,3001,0.0161,65.4785,Moderate Contributors
CUST00857,Vivaan Mhaske,11,22,219268.83,48280.5,3002,0.0161,65.4946,Moderate Contributors
CUST00736,Aditya Shah,12,27,219267.6,49929.72,3003,0.0161,65.5107,Moderate Contributors
CUST05693,Rahul Mhaske,15,36,219245.83,51686.97,3004,0.0161,65.5268,Moderate Contributors
CUST02101,Amit Mehta,8,26,219213.3,32367.25,3005,0.0161,65.5429,Moderate Contributors
CUST05432,Vivaan Verma,12,26,219198.29,61931.85,3006,0.0161,65.559,Moderate Contributors
CUST03845,Aditya Nair,15,30,219102.69,48065.89,3007,0.0161,65.5751,Moderate Contributors
CUST00623,Rahul Kumar,9,23,219091.52,48248.55,3008,0.0161,65.5912,Moderate Contributors
CUST03568,Kavya Joshi,13,27,219068.04,41712.21,3009,0.0161,65.6073,Moderate Contributors
CUST01426,Neha Nair,12,30,219061.85,62325.35,3010,0.0161,65.6234,Moderate Contributors
CUST01306,Isha Gupta,9,22,219053.72,54037.5,3011,0.0161,65.6395,Moderate Contributors
CUST02763,Amit Gupta,13,32,218970.49,29550.52,3012,0.0161,65.6555,Moderate Contributors
CUST01854,Vivaan Patil,12,33,218963.76,47000.49,3013,0.0161,65.6716,Moderate Contributors
CUST00952,Kavya Mhaske,15,31,218953.52,53086.9,3014,0.0161,65.6877,Moderate Contributors
CUST04757,Sneha Mhaske,9,25,218937.74,45288.47,3015,0.0161,65.7038,Moderate Contributors
CUST00905,Meera Singh,12,23,218893.24,62743.67,3016,0.0161,65.7199,Moderate Contributors
CUST03013,Vivaan Mhaske,14,31,218751.66,52925.55,3017,0.0161,65.7359,Moderate Contributors
CUST04618,Sneha Mhaske,14,37,218727.65,47912.23,3018,0.0161,65.752,Moderate Contributors
CUST04021,Vivaan Patil,10,22,218690.7,57872.99,3019,0.0161,65.7681,Moderate Contributors
CUST03126,Amit Mhaske,11,30,218665.59,66124.44,3020,0.0161,65.7841,Moderate Contributors
CUST00867,Aarav Kumar,13,28,218641.92,55842.62,3021,0.0161,65.8002,Moderate Contributors
CUST04055,Priya Nair,12,31,218599.47,54875.98,3022,0.0161,65.8162,Moderate Contributors
CUST04224,Aarav Shah,13,28,218593.83,62560.15,3023,0.0161,65.8323,Moderate Contributors
CUST01404,Aarav Deshmukh,8,24,218581.08,61740.03,3024,0.0161,65.8483,Moderate Contributors
CUST01289,Aditya Joshi,12,33,218554.07,60388.78,3025,0.0161,65.8644,Moderate Contributors
CUST03114,Meera Kumar,9,21,218474.16,61918.65,3026,0.016,65.8804,Moderate Contributors
CUST03218,Kavya Deshmukh,11,26,218468.61,39242.0,3027,0.016,65.8965,Moderate Contributors
CUST05042,Arjun Shah,17,33,218428.19,63258.01,3028,0.016,65.9125,Moderate Contributors
CUST05974,Karan Mhaske,14,35,218342.03,54550.37,3029,0.016,65.9285,Moderate Contributors
CUST00276,Amit Mehta,11,28,218291.81,58001.22,3030,0.016,65.9446,Moderate Contributors
CUST00249,Sneha Patil,13,30,218191.12,52460.2,3031,0.016,65.9606,Moderate Contributors
CUST02851,Ananya Singh,17,47,218154.13,43565.42,3032,0.016,65.9766,Moderate Contributors
CUST02009,Aarav Singh,15,41,218123.04,53127.21,3033,0.016,65.9926,Moderate Contributors
CUST02490,Pooja Singh,14,34,218080.99,52116.83,3034,0.016,66.0087,Moderate Contributors
CUST02807,Arjun Mhaske,12,30,217989.87,49855.99,3035,0.016,66.0247,Moderate Contributors
CUST03672,Rohan Sharma,12,28,217867.07,59702.05,3036,0.016,66.0407,Moderate Contributors
CUST02012,Amit Mhaske,10,20,217822.05,60350.21,3037,0.016,66.0567,Moderate Contributors
CUST01859,Rahul Shah,10,31,217735.09,58788.32,3038,0.016,66.0727,Moderate Contributors
CUST03843,Isha Singh,15,39,217696.05,49350.04,3039,0.016,66.0886,Moderate Contributors
CUST01822,Arjun Gupta,10,25,217606.06,54587.58,3040,0.016,66.1046,Moderate Contributors
CUST03592,Pooja Deshmukh,13,30,217582.15,55662.42,3041,0.016,66.1206,Moderate Contributors
CUST04900,Pooja Mehta,13,32,217560.66,38859.48,3042,0.016,66.1366,Moderate Contributors
CUST04397,Amit Shah,15,31,217549.49,57782.52,3043,0.016,66.1526,Moderate Contributors
CUST02642,Meera Mhaske,11,27,217522.44,57505.55,3044,0.016,66.1685,Moderate Contributors
CUST00643,Isha Nair,8,20,217449.95,60273.39,3045,0.016,66.1845,Moderate Contributors
CUST03140,Priya Patil,14,26,217412.4,48200.19,3046,0.016,66.2005,Moderate Contributors
CUST01360,Ananya Verma,15,38,217408.51,53788.37,3047,0.016,66.2164,Moderate Contributors
CUST03542,Pooja Mehta,9,28,217389.44,46030.85,3048,0.016,66.2324,Moderate Contributors
CUST04026,Aditya Deshmukh,14,35,217335.24,58539.35,3049,0.016,66.2484,Moderate Contributors
CUST00168,Karan Verma,14,27,217294.83,52710.0,3050,0.016,66.2643,Moderate Contributors
CUST01924,Aditya Verma,9,26,217270.62,67120.4,3051,0.016,66.2803,Moderate Contributors
CUST05489,Isha Mehta,10,35,217255.43,43892.42,3052,0.016,66.2962,Moderate Contributors
CUST05821,Sneha Kumar,15,33,217189.44,40569.81,3053,0.016,66.3122,Moderate Contributors
CUST02408,Rohan Mehta,14,25,217112.28,56155.44,3054,0.0159,66.3281,Moderate Contributors
CUST00216,Aditya Singh,15,27,217065.27,41302.99,3055,0.0159,66.3441,Moderate Contributors
CUST02640,Rahul Mehta,9,21,217013.47,63815.35,3056,0.0159,66.36,Moderate Contributors
CUST05842,Rohan Mehta,11,27,216944.43,61059.68,3057,0.0159,66.3759,Moderate Contributors
CUST04237,Ananya Mehta,17,36,216794.19,52377.0,3058,0.0159,66.3919,Moderate Contributors
CUST03196,Aarav Patil,11,26,216720.12,53833.72,3059,0.0159,66.4078,Moderate Contributors
CUST01535,Priya Sharma,15,27,216658.92,51546.19,3060,0.0159,66.4237,Moderate Contributors
CUST03034,Neha Shah,14,31,216603.91,51617.43,3061,0.0159,66.4396,Moderate Contributors
CUST05997,Sneha Verma,11,27,216506.81,51636.08,3062,0.0159,66.4555,Moderate Contributors
CUST02162,Aarav Sharma,11,22,216491.46,67183.65,3063,0.0159,66.4714,Moderate Contributors
CUST04306,Arjun Verma,12,23,216437.57,60638.7,3064,0.0159,66.4873,Moderate Contributors
CUST05788,Arjun Singh,14,26,216354.82,67184.75,3065,0.0159,66.5032,Moderate Contributors
CUST03160,Aditya Singh,10,29,216213.84,45402.21,3066,0.0159,66.5191,Moderate Contributors
CUST01996,Vivaan Deshmukh,10,24,216211.53,41644.15,3067,0.0159,66.5349,Moderate Contributors
CUST03249,Kavya Patil,17,33,216146.89,58373.83,3068,0.0159,66.5508,Moderate Contributors
CUST05814,Pooja Shah,12,22,216120.11,69733.81,3069,0.0159,66.5667,Moderate Contributors
CUST03096,Rohan Nair,10,28,216001.22,45467.72,3070,0.0159,66.5826,Moderate Contributors
CUST01941,Ananya Nair,16,36,215932.08,40694.75,3071,0.0159,66.5984,Moderate Contributors
CUST04298,Aarav Shah,13,32,215906.02,66605.58,3072,0.0159,66.6143,Moderate Contributors
CUST05623,Ananya Shah,10,23,215848.71,52965.18,3073,0.0159,66.6301,Moderate Contributors
CUST01008,Neha Gupta,13,26,215818.98,43954.88,3074,0.0159,66.646,Moderate Contributors
CUST02131,Kavya Mhaske,13,27,215759.09,50875.21,3075,0.0158,66.6618,Moderate Contributors
CUST00286,Vivaan Verma,14,36,215721.74,34627.76,3076,0.0158,66.6777,Moderate Contributors
CUST05055,Ananya Joshi,9,22,215576.09,61746.94,3077,0.0158,66.6935,Moderate Contributors
CUST00705,Aarav Shah,13,33,215550.35,43574.61,3078,0.0158,66.7093,Moderate Contributors
CUST05902,Ananya Joshi,12,30,215535.73,57609.07,3079,0.0158,66.7252,Moderate Contributors
CUST04383,Aditya Patil,14,29,215535.17,54901.51,3080,0.0158,66.741,Moderate Contributors
CUST02114,Ananya Patil,11,20,215489.06,60333.85,3081,0.0158,66.7568,Moderate Contributors
CUST04491,Aarav Shah,17,39,215481.0,52472.05,3082,0.0158,66.7726,Moderate Contributors
CUST05360,Sneha Patil,13,36,215480.65,53669.61,3083,0.0158,66.7885,Moderate Contributors
CUST05975,Rohan Deshmukh,12,28,215344.04,53661.62,3084,0.0158,66.8043,Moderate Contributors
CUST04373,Priya Gupta,9,22,215305.32,68188.55,3085,0.0158,66.8201,Moderate Contributors
CUST03131,Kavya Shah,13,27,215270.36,59231.61,3086,0.0158,66.8359,Moderate Contributors
CUST04500,Karan Joshi,12,28,215216.23,46759.6,3087,0.0158,66.8517,Moderate Contributors
CUST02256,Ananya Mhaske,10,25,215213.92,51122.99,3088,0.0158,66.8675,Moderate Contributors
CUST01347,Meera Sharma,10,22,215213.53,52658.82,3089,0.0158,66.8833,Moderate Contributors
CUST02707,Arjun Patil,8,22,215206.72,61078.46,3090,0.0158,66.8991,Moderate Contributors
CUST01271,Rohan Kumar,12,22,215154.57,61011.96,3091,0.0158,66.9149,Moderate Contributors
CUST05136,Priya Nair,12,25,215153.26,39377.24,3092,0.0158,66.9307,Moderate Contributors
CUST01754,Vivaan Nair,14,37,215131.74,49130.85,3093,0.0158,66.9465,Moderate Contributors
CUST04615,Meera Kumar,15,34,215092.5,62067.82,3094,0.0158,66.9623,Moderate Contributors
CUST05256,Rahul Deshmukh,13,35,215033.85,42424.9,3095,0.0158,66.9781,Moderate Contributors
CUST01906,Rahul Gupta,14,35,215021.21,60115.08,3096,0.0158,66.9939,Moderate Contributors
CUST02841,Aarav Singh,12,30,214973.84,44154.96,3097,0.0158,67.0097,Moderate Contributors
CUST05082,Karan Gupta,14,22,214959.77,50445.27,3098,0.0158,67.0255,Moderate Contributors
CUST05247,Karan Sharma,14,39,214944.05,45440.22,3099,0.0158,67.0413,Moderate Contributors
CUST01265,Neha Deshmukh,15,33,214872.71,42809.83,3100,0.0158,67.057,Moderate Contributors
CUST01777,Isha Sharma,11,25,214848.81,48327.13,3101,0.0158,67.0728,Moderate Contributors
CUST01808,Aarav Gupta,15,36,214820.74,52082.16,3102,0.0158,67.0886,Moderate Contributors
CUST00675,Kavya Mhaske,14,26,214819.72,36324.69,3103,0.0158,67.1044,Moderate Contributors
CUST02684,Isha Gupta,10,22,214751.03,55507.74,3104,0.0158,67.1202,Moderate Contributors
CUST03971,Aditya Kumar,8,20,214709.2,53757.45,3105,0.0158,67.1359,Moderate Contributors
CUST00023,Amit Sharma,7,27,214692.0,47312.66,3106,0.0158,67.1517,Moderate Contributors
CUST02276,Priya Sharma,18,36,214660.32,48301.72,3107,0.0158,67.1675,Moderate Contributors
CUST04317,Vivaan Joshi,11,33,214628.73,49911.89,3108,0.0158,67.1832,Moderate Contributors
CUST05425,Arjun Shah,9,24,214606.19,47652.56,3109,0.0158,67.199,Moderate Contributors
CUST03911,Aditya Kumar,12,22,214568.66,53326.99,3110,0.0158,67.2147,Moderate Contributors
CUST03959,Isha Patil,12,28,214564.4,64598.17,3111,0.0158,67.2305,Moderate Contributors
CUST05318,Karan Joshi,11,29,214398.47,47760.76,3112,0.0157,67.2462,Moderate Contributors
CUST05864,Pooja Mehta,15,34,214317.85,37103.35,3113,0.0157,67.262,Moderate Contributors
CUST01068,Isha Joshi,12,29,214306.26,41574.34,3114,0.0157,67.2777,Moderate Contributors
CUST05876,Ananya Patil,11,22,214285.65,53480.82,3115,0.0157,67.2935,Moderate Contributors
CUST03222,Karan Patil,12,22,214276.59,48827.39,3116,0.0157,67.3092,Moderate Contributors
CUST00013,Rohan Nair,10,29,214240.39,50940.74,3117,0.0157,67.3249,Moderate Contributors
CUST04853,Kavya Nair,13,28,214237.35,71417.33,3118,0.0157,67.3407,Moderate Contributors
CUST03872,Kavya Sharma,10,23,214195.6,51878.13,3119,0.0157,67.3564,Moderate Contributors
CUST02701,Meera Kumar,12,28,214165.45,51640.36,3120,0.0157,67.3721,Moderate Contributors
CUST05628,Karan Sharma,17,34,214158.96,43925.7,3121,0.0157,67.3878,Moderate Contributors
CUST03691,Arjun Mehta,11,26,214134.52,43561.42,3122,0.0157,67.4036,Moderate Contributors
CUST01526,Amit Kumar,14,41,214106.76,43733.3,3123,0.0157,67.4193,Moderate Contributors
CUST03585,Sneha Shah,14,29,214040.49,45857.6,3124,0.0157,67.435,Moderate Contributors
CUST04016,Ananya Nair,14,34,214035.07,57792.37,3125,0.0157,67.4507,Moderate Contributors
CUST04662,Ananya Gupta,12,32,213959.37,46444.79,3126,0.0157,67.4664,Moderate Contributors
CUST02548,Arjun Sharma,11,27,213924.14,54280.17,3127,0.0157,67.4822,Moderate Contributors
CUST02347,Isha Patil,10,21,213867.65,34348.4,3128,0.0157,67.4979,Moderate Contributors
CUST02119,Aditya Mehta,12,29,213839.83,52557.04,3129,0.0157,67.5136,Moderate Contributors
CUST05971,Meera Shah,10,33,213781.4,60330.89,3130,0.0157,67.5293,Moderate Contributors
CUST01203,Aarav Sharma,11,21,213720.44,64918.08,3131,0.0157,67.545,Moderate Contributors
CUST01232,Arjun Deshmukh,12,36,213719.14,53281.44,3132,0.0157,67.5607,Moderate Contributors
CUST02399,Priya Deshmukh,10,26,213681.43,57333.9,3133,0.0157,67.5764,Moderate Contributors
CUST01345,Aarav Verma,10,24,213659.54,29203.71,3134,0.0157,67.592,Moderate Contributors
CUST03738,Sneha Nair,15,23,213637.94,46522.37,3135,0.0157,67.6077,Moderate Contributors
CUST00612,Pooja Sharma,15,31,213612.9,43594.75,3136,0.0157,67.6234,Moderate Contributors
CUST01868,Sneha Deshmukh,13,30,213581.45,58379.33,3137,0.0157,67.6391,Moderate Contributors
CUST00042,Ananya Kumar,14,31,213578.83,48329.54,3138,0.0157,67.6548,Moderate Contributors
CUST00367,Priya Shah,12,37,213576.34,63197.36,3139,0.0157,67.6705,Moderate Contributors
CUST03489,Arjun Sharma,13,37,213542.38,47624.51,3140,0.0157,67.6862,Moderate Contributors
CUST01142,Vivaan Shah,14,24,213529.63,61466.44,3141,0.0157,67.7018,Moderate Contributors
CUST03476,Arjun Mhaske,11,32,213422.42,57437.14,3142,0.0157,67.7175,Moderate Contributors
CUST01278,Aditya Mhaske,14,25,213399.27,53586.66,3143,0.0157,67.7332,Moderate Contributors
CUST02227,Karan Gupta,15,34,213364.02,51649.45,3144,0.0157,67.7489,Moderate Contributors
CUST05976,Aarav Mhaske,12,27,213318.02,46417.0,3145,0.0157,67.7645,Moderate Contributors
CUST05334,Aarav Gupta,10,22,213272.77,50741.4,3146,0.0157,67.7802,Moderate Contributors
CUST05420,Isha Mhaske,10,31,213266.04,46272.65,3147,0.0157,67.7959,Moderate Contributors
CUST05818,Neha Deshmukh,12,23,213100.81,42167.64,3148,0.0157,67.8115,Moderate Contributors
CUST01031,Sneha Patil,12,32,213095.4,54081.13,3149,0.0157,67.8272,Moderate Contributors
CUST02385,Isha Sharma,9,25,213072.94,40210.15,3150,0.0156,67.8428,Moderate Contributors
CUST04840,Meera Shah,18,34,213069.39,45702.69,3151,0.0156,67.8585,Moderate Contributors
CUST05347,Karan Kumar,10,23,213060.07,64620.15,3152,0.0156,67.8741,Moderate Contributors
CUST05253,Ananya Shah,18,35,213051.0,51005.44,3153,0.0156,67.8897,Moderate Contributors
CUST05349,Sneha Kumar,13,28,213034.69,55994.35,3154,0.0156,67.9054,Moderate Contributors
CUST04377,Meera Mhaske,10,24,213031.25,47273.26,3155,0.0156,67.921,Moderate Contributors
CUST01937,Aditya Shah,12,26,212988.27,50489.27,3156,0.0156,67.9367,Moderate Contributors
CUST04367,Rohan Patil,17,34,212979.4,52483.68,3157,0.0156,67.9523,Moderate Contributors
CUST04240,Meera Shah,11,30,212959.45,59603.81,3158,0.0156,67.968,Moderate Contributors
CUST03301,Pooja Mehta,14,31,212835.01,56406.37,3159,0.0156,67.9836,Moderate Contributors
CUST01545,Priya Kumar,14,35,212805.94,44078.08,3160,0.0156,67.9992,Moderate Contributors
CUST03618,Neha Nair,13,32,212803.64,55451.18,3161,0.0156,68.0149,Moderate Contributors
CUST05726,Sneha Sharma,15,30,212769.17,49834.52,3162,0.0156,68.0305,Moderate Contributors
CUST00088,Rahul Sharma,14,28,212725.52,51605.81,3163,0.0156,68.0461,Moderate Contributors
CUST05605,Arjun Gupta,12,31,212697.69,58162.92,3164,0.0156,68.0617,Moderate Contributors
CUST05804,Pooja Joshi,9,30,212684.92,50987.82,3165,0.0156,68.0773,Moderate Contributors
CUST05748,Meera Sharma,8,20,212575.82,60227.6,3166,0.0156,68.093,Moderate Contributors
CUST01604,Ananya Shah,14,25,212439.9,56255.76,3167,0.0156,68.1086,Moderate Contributors
CUST03501,Karan Mehta,10,28,212334.59,53823.53,3168,0.0156,68.1241,Moderate Contributors
CUST01006,Rohan Verma,14,34,212325.17,50030.55,3169,0.0156,68.1397,Moderate Contributors
CUST02321,Arjun Gupta,10,27,212324.61,63837.79,3170,0.0156,68.1553,Moderate Contributors
CUST02530,Amit Mehta,18,48,212302.98,49375.55,3171,0.0156,68.1709,Moderate Contributors
CUST02175,Ananya Sharma,11,29,212262.44,60006.85,3172,0.0156,68.1865,Moderate Contributors
CUST02602,Kavya Shah,10,22,212235.79,32949.51,3173,0.0156,68.2021,Moderate Contributors
CUST03433,Meera Shah,12,22,212130.77,60312.82,3174,0.0156,68.2177,Moderate Contributors
CUST02897,Karan Deshmukh,9,19,212120.01,62156.72,3175,0.0156,68.2333,Moderate Contributors
CUST00222,Rahul Verma,8,23,212107.71,54756.21,3176,0.0156,68.2488,Moderate Contributors
CUST04925,Rohan Shah,13,27,211931.21,41644.81,3177,0.0156,68.2644,Moderate Contributors
CUST04096,Aarav Gupta,13,32,211919.44,44462.08,3178,0.0156,68.28,Moderate Contributors
CUST02434,Rohan Mehta,15,40,211890.22,53869.58,3179,0.0156,68.2955,Moderate Contributors
CUST05212,Kavya Deshmukh,12,26,211883.27,50531.46,3180,0.0156,68.3111,Moderate Contributors
CUST02463,Sneha Joshi,11,23,211796.64,56792.31,3181,0.0156,68.3266,Moderate Contributors
CUST02575,Ananya Shah,9,24,211784.56,42273.13,3182,0.0156,68.3422,Moderate Contributors
CUST01489,Arjun Mehta,12,29,211741.75,47639.37,3183,0.0156,68.3577,Moderate Contributors
CUST03040,Amit Verma,12,31,211738.69,61905.99,3184,0.0156,68.3733,Moderate Contributors
CUST04875,Sneha Joshi,11,23,211702.07,61638.31,3185,0.0155,68.3888,Moderate Contributors
CUST02613,Sneha Mhaske,16,26,211666.19,55011.72,3186,0.0155,68.4044,Moderate Contributors
CUST02703,Kavya Mhaske,14,27,211501.12,48396.13,3187,0.0155,68.4199,Moderate Contributors
CUST01658,Meera Patil,13,25,211484.78,48418.67,3188,0.0155,68.4355,Moderate Contributors
CUST03331,Kavya Nair,10,26,211483.03,49806.75,3189,0.0155,68.451,Moderate Contributors
CUST04484,Vivaan Shah,10,24,211472.42,58382.42,3190,0.0155,68.4665,Moderate Contributors
CUST00605,Arjun Kumar,13,24,211422.37,45466.94,3191,0.0155,68.482,Moderate Contributors
CUST05626,Rahul Joshi,14,31,211377.91,59328.14,3192,0.0155,68.4976,Moderate Contributors
CUST04831,Amit Shah,10,33,211352.95,48528.81,3193,0.0155,68.5131,Moderate Contributors
CUST04372,Pooja Deshmukh,12,40,211333.23,59437.28,3194,0.0155,68.5286,Moderate Contributors
CUST05747,Arjun Patil,10,24,211327.43,52207.4,3195,0.0155,68.5441,Moderate Contributors
CUST02889,Amit Sharma,8,18,211314.62,61184.88,3196,0.0155,68.5597,Moderate Contributors
CUST03901,Karan Kumar,14,28,211259.8,60933.31,3197,0.0155,68.5752,Moderate Contributors
CUST04687,Neha Nair,14,23,211220.82,52182.43,3198,0.0155,68.5907,Moderate Contributors
CUST05302,Vivaan Sharma,13,30,211118.13,53809.33,3199,0.0155,68.6062,Moderate Contributors
CUST00799,Pooja Mhaske,12,31,211065.61,42814.87,3200,0.0155,68.6217,Moderate Contributors
CUST05005,Rahul Verma,15,30,211033.53,55261.06,3201,0.0155,68.6372,Moderate Contributors
CUST03657,Kavya Kumar,14,33,210954.82,44893.1,3202,0.0155,68.6527,Moderate Contributors
CUST05387,Aarav Gupta,16,32,210897.59,59396.08,3203,0.0155,68.6682,Moderate Contributors
CUST02624,Rahul Sharma,11,27,210880.6,52322.7,3204,0.0155,68.6837,Moderate Contributors
CUST03852,Kavya Patil,12,27,210880.58,41728.5,3205,0.0155,68.6991,Moderate Contributors
CUST05992,Rohan Mhaske,13,27,210804.0,45539.26,3206,0.0155,68.7146,Moderate Contributors
CUST04755,Aditya Mehta,7,17,210796.14,50110.9,3207,0.0155,68.7301,Moderate Contributors
CUST04793,Meera Mehta,12,30,210784.15,40674.76,3208,0.0155,68.7456,Moderate Contributors
CUST00759,Pooja Mehta,11,28,210776.81,38584.09,3209,0.0155,68.7611,Moderate Contributors
CUST04210,Aditya Sharma,13,27,210747.51,57376.48,3210,0.0155,68.7765,Moderate Contributors
CUST03942,Rahul Mehta,9,21,210738.47,53236.97,3211,0.0155,68.792,Moderate Contributors
CUST02409,Pooja Singh,12,31,210681.88,52758.73,3212,0.0155,68.8075,Moderate Contributors
CUST03231,Pooja Mhaske,11,27,210671.89,47796.25,3213,0.0155,68.823,Moderate Contributors
CUST05388,Aarav Sharma,8,22,210661.41,40901.77,3214,0.0155,68.8384,Moderate Contributors
CUST03284,Aarav Singh,13,33,210622.96,39465.46,3215,0.0155,68.8539,Moderate Contributors
CUST00707,Isha Patil,12,32,210575.96,58103.5,3216,0.0155,68.8694,Moderate Contributors
CUST05727,Priya Joshi,10,25,210560.48,59939.63,3217,0.0155,68.8848,Moderate Contributors
CUST00941,Arjun Gupta,14,26,210372.28,52711.04,3218,0.0155,68.9003,Moderate Contributors
CUST01601,Isha Joshi,17,30,210234.3,47001.53,3219,0.0154,68.9157,Moderate Contributors
CUST00889,Karan Kumar,11,32,210132.46,52997.67,3220,0.0154,68.9312,Moderate Contributors
CUST04039,Aarav Nair,13,27,210091.24,39984.3,3221,0.0154,68.9466,Moderate Contributors
CUST04315,Kavya Kumar,15,24,210079.91,44465.29,3222,0.0154,68.962,Moderate Contributors
CUST04169,Karan Mehta,9,23,210073.63,46055.72,3223,0.0154,68.9774,Moderate Contributors
CUST01743,Rohan Patil,14,28,210073.51,50029.37,3224,0.0154,68.9929,Moderate Contributors
CUST03633,Aarav Deshmukh,10,22,210046.97,48584.23,3225,0.0154,69.0083,Moderate Contributors
CUST01237,Kavya Kumar,12,26,210003.72,49665.4,3226,0.0154,69.0237,Moderate Contributors
CUST02595,Priya Mehta,13,33,209968.68,45822.77,3227,0.0154,69.0391,Moderate Contributors
CUST00083,Kavya Kumar,13,26,209958.15,50352.71,3228,0.0154,69.0546,Moderate Contributors
CUST00319,Neha Patil,11,22,209940.21,48775.82,3229,0.0154,69.07,Moderate Contributors
CUST03397,Isha Mehta,15,33,209922.66,55371.93,3230,0.0154,69.0854,Moderate Contributors
CUST05606,Priya Deshmukh,8,16,209832.97,61187.94,3231,0.0154,69.1008,Moderate Contributors
CUST02438,Karan Joshi,13,35,209808.66,46719.25,3232,0.0154,69.1162,Moderate Contributors
CUST01898,Neha Mhaske,15,26,209651.24,50950.29,3233,0.0154,69.1316,Moderate Contributors
CUST02702,Aditya Verma,16,33,209635.68,41387.68,3234,0.0154,69.147,Moderate Contributors
CUST01210,Kavya Verma,15,28,209633.81,52194.5,3235,0.0154,69.1624,Moderate Contributors
CUST04064,Karan Patil,14,36,209621.01,44807.15,3236,0.0154,69.1778,Moderate Contributors
CUST01349,Ananya Singh,17,39,209542.09,48600.29,3237,0.0154,69.1932,Moderate Contributors
CUST05766,Priya Kumar,11,19,209540.56,48296.95,3238,0.0154,69.2086,Moderate Contributors
CUST02150,Pooja Sharma,9,22,209502.75,50516.31,3239,0.0154,69.224,Moderate Contributors
CUST00097,Rohan Nair,12,34,209453.43,40243.77,3240,0.0154,69.2393,Moderate Contributors
CUST00221,Amit Singh,13,36,209447.53,49724.22,3241,0.0154,69.2547,Moderate Contributors
CUST02804,Priya Sharma,13,31,209355.08,54082.7,3242,0.0154,69.2701,Moderate Contributors
CUST03763,Rohan Singh,10,31,209354.09,45983.74,3243,0.0154,69.2855,Moderate Contributors
CUST04065,Rohan Deshmukh,15,34,209295.23,56022.95,3244,0.0154,69.3008,Moderate Contributors
CUST05886,Sneha Shah,17,40,209212.1,56017.97,3245,0.0154,69.3162,Moderate Contributors
CUST02488,Ananya Patil,11,26,209149.2,44920.68,3246,0.0154,69.3316,Moderate Contributors
CUST01781,Aarav Kumar,13,33,209137.3,45809.73,3247,0.0154,69.3469,Moderate Contributors
CUST03504,Arjun Gupta,13,26,209131.64,56787.91,3248,0.0154,69.3623,Moderate Contributors
CUST03827,Rahul Mehta,10,24,209125.3,53517.42,3249,0.0154,69.3777,Moderate Contributors
CUST05138,Pooja Shah,16,29,209027.95,55059.38,3250,0.0154,69.393,Moderate Contributors
CUST03071,Pooja Sharma,15,23,208985.54,55202.53,3251,0.0153,69.4084,Moderate Contributors
CUST04641,Ananya Mhaske,14,30,208966.06,53845.78,3252,0.0153,69.4237,Moderate Contributors
CUST02668,Rohan Mhaske,7,18,208939.15,57978.13,3253,0.0153,69.439,Moderate Contributors
CUST02083,Meera Gupta,13,28,208909.22,39794.26,3254,0.0153,69.4544,Moderate Contributors
CUST00700,Aarav Singh,11,22,208890.9,57642.62,3255,0.0153,69.4697,Moderate Contributors
CUST02166,Aarav Patil,11,25,208823.85,44265.04,3256,0.0153,69.4851,Moderate Contributors
CUST03693,Amit Patil,13,34,208777.95,37296.48,3257,0.0153,69.5004,Moderate Contributors
CUST03619,Neha Mehta,10,24,208666.15,44641.46,3258,0.0153,69.5157,Moderate Contributors
CUST01550,Aarav Verma,11,32,208662.13,54864.7,3259,0.0153,69.531,Moderate Contributors
CUST01919,Meera Verma,11,30,208571.84,52263.36,3260,0.0153,69.5464,Moderate Contributors
CUST01445,Kavya Mhaske,12,27,208563.05,51402.09,3261,0.0153,69.5617,Moderate Contributors
CUST00529,Ananya Kumar,13,31,208549.57,52127.99,3262,0.0153,69.577,Moderate Contributors
CUST00895,Meera Gupta,14,36,208435.16,57020.72,3263,0.0153,69.5923,Moderate Contributors
CUST00820,Karan Mhaske,12,28,208408.63,42362.84,3264,0.0153,69.6076,Moderate Contributors
CUST04442,Neha Mehta,14,26,208400.06,38350.81,3265,0.0153,69.6229,Moderate Contributors
CUST01622,Karan Nair,12,20,208313.48,55461.05,3266,0.0153,69.6382,Moderate Contributors
CUST03420,Meera Shah,10,22,208274.79,42956.71,3267,0.0153,69.6535,Moderate Contributors
CUST04582,Aarav Joshi,15,31,208266.2,45924.76,3268,0.0153,69.6688,Moderate Contributors
CUST00954,Pooja Deshmukh,7,17,208179.56,53440.5,3269,0.0153,69.6841,Moderate Contributors
CUST00443,Aditya Shah,12,38,208146.44,44887.64,3270,0.0153,69.6994,Moderate Contributors
CUST05434,Amit Patil,16,31,208117.76,41191.98,3271,0.0153,69.7147,Moderate Contributors
CUST00651,Karan Nair,8,24,208080.42,68742.34,3272,0.0153,69.7299,Moderate Contributors
CUST01714,Rohan Deshmukh,11,34,208049.72,59038.94,3273,0.0153,69.7452,Moderate Contributors
CUST05352,Amit Mhaske,12,27,208019.23,46156.16,3274,0.0153,69.7605,Moderate Contributors
CUST01186,Ananya Joshi,15,31,207996.5,43699.42,3275,0.0153,69.7758,Moderate Contributors
CUST05762,Ananya Mhaske,12,31,207991.88,47832.96,3276,0.0153,69.7911,Moderate Contributors
CUST00344,Rohan Verma,9,23,207958.68,68660.65,3277,0.0153,69.8063,Moderate Contributors
CUST02558,Vivaan Kumar,9,23,207935.27,48206.66,3278,0.0153,69.8216,Moderate Contributors
CUST05575,Sneha Verma,11,24,207928.71,45607.72,3279,0.0153,69.8369,Moderate Contributors
CUST05286,Sneha Joshi,15,33,207926.25,46983.76,3280,0.0153,69.8521,Moderate Contributors
CUST03211,Meera Nair,13,26,207880.36,44794.22,3281,0.0153,69.8674,Moderate Contributors
CUST04772,Rohan Nair,12,24,207846.32,55368.07,3282,0.0153,69.8827,Moderate Contributors
CUST00714,Priya Nair,11,22,207832.95,55340.97,3283,0.0153,69.8979,Moderate Contributors
CUST00699,Pooja Patil,11,25,207828.49,34360.47,3284,0.0153,69.9132,Moderate Contributors
CUST02355,Rahul Patil,12,26,207815.9,43139.18,3285,0.0153,69.9285,Moderate Contributors
CUST02017,Pooja Nair,12,22,207777.48,56008.18,3286,0.0153,69.9437,Moderate Contributors
CUST00492,Priya Kumar,13,34,207773.69,63015.12,3287,0.0153,69.959,Moderate Contributors
CUST05102,Aarav Verma,13,24,207770.35,55568.16,3288,0.0153,69.9742,Moderate Contributors
CUST04227,Amit Joshi,9,23,207651.74,64375.39,3289,0.0153,69.9895,Moderate Contributors
CUST04991,Isha Nair,9,18,207635.09,47337.21,3290,0.0152,70.0047,Moderate Contributors
CUST01007,Priya Joshi,12,31,207633.64,53522.25,3291,0.0152,70.02,Moderate Contributors
CUST04848,Ananya Sharma,9,20,207631.47,62875.3,3292,0.0152,70.0352,Moderate Contributors
CUST04878,Sneha Kumar,11,26,207599.25,53409.17,3293,0.0152,70.0505,Moderate Contributors
CUST04626,Aditya Verma,12,26,207516.14,62101.98,3294,0.0152,70.0657,Moderate Contributors
CUST00057,Priya Mhaske,8,23,207494.49,50772.93,3295,0.0152,70.081,Moderate Contributors
CUST01654,Ananya Nair,8,20,207404.26,45978.4,3296,0.0152,70.0962,Moderate Contributors
CUST02465,Pooja Mehta,15,28,207298.67,60859.3,3297,0.0152,70.1114,Moderate Contributors
CUST05402,Arjun Kumar,13,27,207202.31,58755.72,3298,0.0152,70.1266,Moderate Contributors
CUST03297,Arjun Joshi,12,22,207131.41,64406.7,3299,0.0152,70.1418,Moderate Contributors
CUST02524,Aarav Sharma,13,27,207116.74,60751.18,3300,0.0152,70.1571,Moderate Contributors
CUST04470,Aarav Patil,14,41,206998.67,62744.67,3301,0.0152,70.1723,Moderate Contributors
CUST03421,Rohan Shah,12,21,206967.52,50634.59,3302,0.0152,70.1875,Moderate Contributors
CUST04252,Isha Mehta,11,29,206945.25,59536.93,3303,0.0152,70.2027,Moderate Contributors
CUST04496,Aarav Deshmukh,8,20,206908.53,49735.02,3304,0.0152,70.2179,Moderate Contributors
CUST00280,Arjun Mhaske,9,19,206877.9,58148.44,3305,0.0152,70.233,Moderate Contributors
CUST05516,Kavya Mehta,13,26,206847.18,37880.86,3306,0.0152,70.2482,Moderate Contributors
CUST03459,Amit Joshi,13,30,206842.15,50279.67,3307,0.0152,70.2634,Moderate Contributors
CUST05159,Pooja Gupta,8,25,206838.7,55448.94,3308,0.0152,70.2786,Moderate Contributors
CUST05466,Isha Kumar,13,27,206776.97,45343.1,3309,0.0152,70.2938,Moderate Contributors
CUST05691,Pooja Sharma,12,25,206768.89,47578.33,3310,0.0152,70.309,Moderate Contributors
CUST03342,Vivaan Deshmukh,7,21,206767.95,59132.79,3311,0.0152,70.3242,Moderate Contributors
CUST00928,Vivaan Deshmukh,12,31,206756.59,52221.28,3312,0.0152,70.3394,Moderate Contributors
CUST00101,Rohan Gupta,14,23,206710.27,56944.26,3313,0.0152,70.3545,Moderate Contributors
CUST03372,Rahul Deshmukh,10,29,206674.06,47228.92,3314,0.0152,70.3697,Moderate Contributors
CUST03269,Pooja Joshi,13,24,206670.31,71742.95,3315,0.0152,70.3849,Moderate Contributors
CUST01024,Rahul Kumar,12,29,206563.6,41338.33,3316,0.0152,70.4001,Moderate Contributors
CUST01090,Vivaan Kumar,11,24,206543.54,53006.03,3317,0.0152,70.4152,Moderate Contributors
CUST04507,Kavya Mhaske,13,25,206382.88,44203.07,3318,0.0152,70.4304,Moderate Contributors
CUST05379,Sneha Mehta,13,27,206371.69,53328.9,3319,0.0152,70.4456,Moderate Contributors
CUST00229,Neha Shah,13,30,206366.08,58930.48,3320,0.0152,70.4607,Moderate Contributors
CUST00669,Rohan Shah,11,27,206238.14,43429.8,3321,0.0151,70.4759,Moderate Contributors
CUST03712,Vivaan Shah,13,26,206236.35,54564.68,3322,0.0151,70.491,Moderate Contributors
CUST05273,Priya Deshmukh,12,26,206227.73,64521.03,3323,0.0151,70.5061,Moderate Contributors
CUST02738,Karan Mhaske,10,26,206223.71,50086.72,3324,0.0151,70.5213,Moderate Contributors
CUST03534,Pooja Verma,15,31,206214.42,58460.24,3325,0.0151,70.5364,Moderate Contributors
CUST05757,Pooja Verma,12,28,206158.87,54702.97,3326,0.0151,70.5516,Moderate Contributors
CUST04936,Rahul Joshi,15,30,206155.6,42444.79,3327,0.0151,70.5667,Moderate Contributors
CUST03255,Vivaan Mhaske,14,27,206129.62,55705.92,3328,0.0151,70.5819,Moderate Contributors
CUST00250,Rahul Sharma,8,19,206115.41,56004.67,3329,0.0151,70.597,Moderate Contributors
CUST03095,Ananya Shah,15,26,206106.03,44844.43,3330,0.0151,70.6121,Moderate Contributors
CUST02880,Rohan Mehta,8,23,206030.33,39996.31,3331,0.0151,70.6273,Moderate Contributors
CUST03401,Karan Shah,10,21,206010.22,55388.85,3332,0.0151,70.6424,Moderate Contributors
CUST05880,Neha Singh,10,25,205997.11,59110.17,3333,0.0151,70.6575,Moderate Contributors
CUST00056,Ananya Singh,12,31,205969.95,37198.38,3334,0.0151,70.6726,Moderate Contributors
CUST05267,Sneha Patil,12,31,205927.54,48043.65,3335,0.0151,70.6878,Moderate Contributors
CUST04320,Amit Joshi,11,31,205916.63,43685.33,3336,0.0151,70.7029,Moderate Contributors
CUST05787,Vivaan Mhaske,12,26,205914.24,40905.46,3337,0.0151,70.718,Moderate Contributors
CUST05423,Amit Patil,11,25,205912.65,47070.37,3338,0.0151,70.7331,Moderate Contributors
CUST03751,Neha Sharma,12,27,205904.07,63173.7,3339,0.0151,70.7483,Moderate Contributors
CUST00408,Karan Nair,7,20,205870.79,50123.32,3340,0.0151,70.7634,Moderate Contributors
CUST01556,Karan Joshi,9,22,205819.35,44367.24,3341,0.0151,70.7785,Moderate Contributors
CUST02180,Kavya Shah,12,26,205791.82,58207.6,3342,0.0151,70.7936,Moderate Contributors
CUST03593,Kavya Nair,10,24,205783.57,50437.03,3343,0.0151,70.8087,Moderate Contributors
CUST02059,Amit Kumar,11,29,205711.9,43952.22,3344,0.0151,70.8238,Moderate Contributors
CUST02288,Kavya Mhaske,11,30,205700.03,44346.95,3345,0.0151,70.8389,Moderate Contributors
CUST02195,Karan Joshi,13,25,205664.6,59471.38,3346,0.0151,70.854,Moderate Contributors
CUST04962,Neha Gupta,12,29,205565.88,41305.02,3347,0.0151,70.8691,Moderate Contributors
CUST00007,Karan Verma,10,22,205518.04,53651.95,3348,0.0151,70.8842,Moderate Contributors
CUST02400,Sneha Mhaske,8,22,205513.31,34917.9,3349,0.0151,70.8993,Moderate Contributors
CUST05285,Priya Mehta,12,26,205495.93,40915.2,3350,0.0151,70.9144,Moderate Contributors
CUST03599,Aarav Shah,13,30,205475.32,49247.86,3351,0.0151,70.9295,Moderate Contributors
CUST03373,Rahul Singh,14,38,205464.37,41511.39,3352,0.0151,70.9446,Moderate Contributors
CUST00939,Sneha Patil,12,31,205405.15,50753.4,3353,0.0151,70.9597,Moderate Contributors
CUST03629,Pooja Mhaske,11,28,205385.07,48806.35,3354,0.0151,70.9748,Moderate Contributors
CUST02731,Amit Shah,8,18,205362.76,44626.54,3355,0.0151,70.9898,Moderate Contributors
CUST02859,Ananya Singh,11,29,205234.56,48550.14,3356,0.0151,71.0049,Moderate Contributors
CUST02696,Pooja Patil,11,22,205229.96,49309.54,3357,0.0151,71.02,Moderate Contributors
CUST04350,Aditya Sharma,11,31,205209.57,36098.78,3358,0.0151,71.0351,Moderate Contributors
CUST01115,Sneha Sharma,13,27,205196.51,48854.13,3359,0.0151,71.0501,Moderate Contributors
CUST01107,Amit Nair,8,26,205098.81,55709.54,3360,0.0151,71.0652,Moderate Contributors
CUST00625,Kavya Sharma,12,24,205082.31,47145.76,3361,0.0151,71.0803,Moderate Contributors
CUST01354,Pooja Nair,14,31,204977.52,40597.62,3362,0.0151,71.0953,Moderate Contributors
CUST00678,Isha Mhaske,11,33,204956.83,54510.59,3363,0.0151,71.1104,Moderate Contributors
CUST02769,Amit Kumar,11,29,204940.51,37153.52,3364,0.0151,71.1254,Moderate Contributors
CUST03475,Kavya Sharma,15,28,204907.49,53106.95,3365,0.015,71.1405,Moderate Contributors
CUST03868,Vivaan Patil,11,36,204905.48,56267.88,3366,0.015,71.1555,Moderate Contributors
CUST03030,Neha Deshmukh,9,24,204857.51,60787.87,3367,0.015,71.1706,Moderate Contributors
CUST05700,Aditya Gupta,9,28,204849.82,65213.06,3368,0.015,71.1856,Moderate Contributors
CUST01655,Arjun Deshmukh,18,43,204845.63,43746.56,3369,0.015,71.2006,Moderate Contributors
CUST01554,Meera Patil,14,30,204844.09,55496.58,3370,0.015,71.2157,Moderate Contributors
CUST00133,Vivaan Deshmukh,14,33,204727.69,51628.21,3371,0.015,71.2307,Moderate Contributors
CUST03352,Aarav Sharma,11,28,204715.01,53731.67,3372,0.015,71.2458,Moderate Contributors
CUST04529,Rohan Mhaske,11,26,204706.93,34613.27,3373,0.015,71.2608,Moderate Contributors
CUST04808,Pooja Kumar,14,28,204689.58,45144.33,3374,0.015,71.2758,Moderate Contributors
CUST03458,Karan Mhaske,10,20,204639.15,61561.85,3375,0.015,71.2909,Moderate Contributors
CUST02865,Amit Shah,13,29,204619.34,49795.83,3376,0.015,71.3059,Moderate Contributors
CUST02295,Rahul Mehta,16,31,204607.64,49773.02,3377,0.015,71.3209,Moderate Contributors
CUST01661,Priya Kumar,12,28,204566.04,48436.32,3378,0.015,71.3359,Moderate Contributors
CUST05177,Neha Gupta,14,36,204565.62,47734.05,3379,0.015,71.351,Moderate Contributors
CUST02286,Kavya Shah,11,26,204558.94,54217.01,3380,0.015,71.366,Moderate Contributors
CUST01032,Meera Verma,12,29,204549.09,40118.19,3381,0.015,71.381,Moderate Contributors
CUST02551,Isha Deshmukh,13,30,204545.52,44254.91,3382,0.015,71.396,Moderate Contributors
CUST01957,Priya Singh,11,27,204539.32,33387.09,3383,0.015,71.411,Moderate Contributors
CUST05174,Sneha Shah,11,25,204515.72,66733.04,3384,0.015,71.4261,Moderate Contributors
CUST04202,Rohan Shah,13,32,204465.86,47590.92,3385,0.015,71.4411,Moderate Contributors
CUST01947,Aarav Shah,11,20,204379.15,46519.58,3386,0.015,71.4561,Moderate Contributors
CUST05625,Pooja Sharma,12,25,204359.58,50441.18,3387,0.015,71.4711,Moderate Contributors
CUST00128,Arjun Patil,9,26,204338.55,53785.7,3388,0.015,71.4861,Moderate Contributors
CUST03889,Karan Sharma,11,32,204272.54,58662.23,3389,0.015,71.5011,Moderate Contributors
CUST01156,Sneha Sharma,16,37,204241.49,39231.52,3390,0.015,71.5161,Moderate Contributors
CUST00602,Amit Deshmukh,11,27,204206.16,57224.37,3391,0.015,71.5311,Moderate Contributors
CUST00220,Karan Patil,13,24,204200.5,43675.1,3392,0.015,71.5461,Moderate Contributors
CUST04890,Pooja Nair,16,28,204168.97,37414.98,3393,0.015,71.5611,Moderate Contributors
CUST00840,Sneha Singh,12,26,204106.05,47790.2,3394,0.015,71.5761,Moderate Contributors
CUST05509,Meera Shah,8,25,204101.98,55831.49,3395,0.015,71.5911,Moderate Contributors
CUST03962,Ananya Deshmukh,12,24,204094.96,39975.4,3396,0.015,71.6061,Moderate Contributors
CUST00572,Karan Kumar,8,20,204088.01,72315.34,3397,0.015,71.6211,Moderate Contributors
CUST04434,Rohan Mhaske,12,27,204065.57,37243.05,3398,0.015,71.636,Moderate Contributors
CUST03327,Karan Mhaske,10,27,204052.84,42873.98,3399,0.015,71.651,Moderate Contributors
CUST04905,Karan Kumar,14,32,204045.01,56944.76,3400,0.015,71.666,Moderate Contributors
CUST02275,Rahul Sharma,10,19,204022.21,45882.4,3401,0.015,71.681,Moderate Contributors
CUST04816,Vivaan Verma,13,35,204015.98,45863.02,3402,0.015,71.696,Moderate Contributors
CUST03304,Kavya Verma,12,28,203976.64,37665.5,3403,0.015,71.711,Moderate Contributors
CUST02536,Isha Verma,15,40,203950.81,44492.23,3404,0.015,71.7259,Moderate Contributors
CUST05149,Isha Verma,10,26,203949.4,59884.63,3405,0.015,71.7409,Moderate Contributors
CUST00242,Isha Joshi,7,22,203811.37,35177.0,3406,0.015,71.7559,Moderate Contributors
CUST01918,Kavya Nair,9,25,203802.17,59222.63,3407,0.015,71.7709,Moderate Contributors
CUST04396,Aarav Mehta,10,40,203746.48,46047.22,3408,0.015,71.7858,Moderate Contributors
CUST00728,Amit Nair,12,22,203722.13,55262.84,3409,0.015,71.8008,Moderate Contributors
CUST05934,Vivaan Sharma,13,23,203654.59,53061.18,3410,0.015,71.8157,Moderate Contributors
CUST03306,Sneha Deshmukh,13,30,203604.99,35101.36,3411,0.015,71.8307,Moderate Contributors
CUST03667,Pooja Joshi,13,24,203551.02,50899.76,3412,0.0149,71.8456,Moderate Contributors
CUST03165,Kavya Singh,12,26,203488.3,41690.89,3413,0.0149,71.8606,Moderate Contributors
CUST02929,Amit Joshi,8,29,203470.99,48666.71,3414,0.0149,71.8755,Moderate Contributors
CUST04147,Pooja Gupta,13,23,203436.14,51417.7,3415,0.0149,71.8905,Moderate Contributors
CUST00484,Isha Shah,12,27,203416.4,63744.61,3416,0.0149,71.9054,Moderate Contributors
CUST05819,Sneha Shah,14,37,203415.45,40119.31,3417,0.0149,71.9203,Moderate Contributors
CUST01755,Ananya Kumar,10,20,203406.83,57334.27,3418,0.0149,71.9353,Moderate Contributors
CUST03243,Isha Patil,12,32,203382.23,44138.77,3419,0.0149,71.9502,Moderate Contributors
CUST05552,Meera Verma,14,33,203364.64,59007.71,3420,0.0149,71.9652,Moderate Contributors
CUST05611,Rohan Mehta,13,27,203252.75,36888.08,3421,0.0149,71.9801,Moderate Contributors
CUST05799,Vivaan Kumar,15,34,203239.84,49367.27,3422,0.0149,71.995,Moderate Contributors
CUST05276,Karan Mhaske,11,27,203236.26,52336.22,3423,0.0149,72.0099,Moderate Contributors
CUST02102,Rohan Joshi,10,30,203200.73,33657.78,3424,0.0149,72.0249,Moderate Contributors
CUST04773,Amit Sharma,13,29,203179.8,51716.95,3425,0.0149,72.0398,Moderate Contributors
CUST01209,Arjun Singh,16,34,203142.45,35504.67,3426,0.0149,72.0547,Moderate Contributors
CUST01544,Ananya Kumar,10,22,203069.59,53380.41,3427,0.0149,72.0696,Moderate Contributors
CUST01321,Ananya Shah,11,24,203050.13,52750.78,3428,0.0149,72.0845,Moderate Contributors
CUST03540,Sneha Deshmukh,9,28,203003.9,40697.92,3429,0.0149,72.0994,Moderate Contributors
CUST02552,Ananya Sharma,12,35,202995.81,52426.66,3430,0.0149,72.1143,Moderate Contributors
CUST05239,Vivaan Patil,13,33,202994.8,40793.52,3431,0.0149,72.1293,Moderate Contributors
CUST01896,Meera Patil,16,29,202966.26,36711.86,3432,0.0149,72.1442,Moderate Contributors
CUST00698,Kavya Joshi,11,25,202954.0,56202.39,3433,0.0149,72.1591,Moderate Contributors
CUST02132,Kavya Deshmukh,13,23,202947.56,48960.82,3434,0.0149,72.174,Moderate Contributors
CUST02989,Rahul Singh,17,30,202882.16,47330.23,3435,0.0149,72.1889,Moderate Contributors
CUST01369,Neha Kumar,9,27,202878.85,47115.31,3436,0.0149,72.2038,Moderate Contributors
CUST03087,Meera Mehta,10,26,202828.84,51253.22,3437,0.0149,72.2187,Moderate Contributors
CUST03115,Arjun Mhaske,16,30,202781.57,34456.54,3438,0.0149,72.2336,Moderate Contributors
CUST00982,Rahul Mehta,11,26,202673.68,56261.28,3439,0.0149,72.2484,Moderate Contributors
CUST03354,Pooja Singh,11,26,202642.12,43184.79,3440,0.0149,72.2633,Moderate Contributors
CUST04387,Rahul Kumar,10,30,202553.7,65478.02,3441,0.0149,72.2782,Moderate Contributors
CUST02040,Vivaan Deshmukh,11,28,202449.63,46866.91,3442,0.0149,72.2931,Moderate Contributors
CUST04002,Meera Joshi,8,19,202336.67,55113.15,3443,0.0149,72.3079,Moderate Contributors
CUST04278,Karan Kumar,10,30,202322.28,51065.36,3444,0.0149,72.3228,Moderate Contributors
CUST03919,Meera Deshmukh,7,20,202268.18,60780.68,3445,0.0149,72.3376,Moderate Contributors
CUST03018,Aditya Kumar,14,35,202245.69,51480.88,3446,0.0149,72.3525,Moderate Contributors
CUST02035,Aarav Joshi,8,27,202218.47,56976.99,3447,0.0149,72.3673,Moderate Contributors
CUST03287,Arjun Patil,12,30,202216.05,50752.25,3448,0.0149,72.3822,Moderate Contributors
CUST00021,Aditya Mehta,15,33,202116.65,43883.02,3449,0.0148,72.397,Moderate Contributors
CUST05132,Rohan Gupta,13,29,202068.82,43536.91,3450,0.0148,72.4119,Moderate Contributors
CUST02074,Sneha Mehta,18,28,202050.93,55474.75,3451,0.0148,72.4267,Moderate Contributors
CUST02169,Sneha Kumar,12,25,202020.52,43152.72,3452,0.0148,72.4416,Moderate Contributors
CUST04519,Pooja Mehta,10,25,201997.51,50397.53,3453,0.0148,72.4564,Moderate Contributors
CUST02348,Aarav Deshmukh,15,29,201841.86,38795.92,3454,0.0148,72.4712,Moderate Contributors
CUST05374,Ananya Sharma,11,27,201835.14,50176.69,3455,0.0148,72.486,Moderate Contributors
CUST01984,Aditya Joshi,16,31,201833.34,58773.97,3456,0.0148,72.5009,Moderate Contributors
CUST02152,Pooja Gupta,16,33,201781.84,62490.5,3457,0.0148,72.5157,Moderate Contributors
CUST04898,Amit Deshmukh,9,29,201772.91,42682.53,3458,0.0148,72.5305,Moderate Contributors
CUST02085,Rahul Nair,15,36,201719.31,42646.47,3459,0.0148,72.5453,Moderate Contributors
CUST00409,Pooja Shah,14,37,201710.07,46834.7,3460,0.0148,72.5601,Moderate Contributors
CUST04117,Amit Deshmukh,13,23,201709.74,45956.49,3461,0.0148,72.5749,Moderate Contributors
CUST00910,Aditya Mehta,16,28,201686.31,47651.6,3462,0.0148,72.5898,Moderate Contributors
CUST03338,Isha Kumar,11,26,201683.75,41011.64,3463,0.0148,72.6046,Moderate Contributors
CUST04814,Isha Verma,12,25,201675.85,54212.7,3464,0.0148,72.6194,Moderate Contributors
CUST00313,Karan Nair,11,28,201675.42,51432.4,3465,0.0148,72.6342,Moderate Contributors
CUST05092,Isha Gupta,10,23,201569.14,58205.67,3466,0.0148,72.649,Moderate Contributors
CUST03313,Ananya Mhaske,14,28,201554.64,49417.29,3467,0.0148,72.6638,Moderate Contributors
CUST03891,Vivaan Nair,15,33,201462.64,50181.66,3468,0.0148,72.6786,Moderate Contributors
CUST02491,Amit Gupta,9,19,201452.86,60066.37,3469,0.0148,72.6934,Moderate Contributors
CUST05550,Neha Mhaske,15,35,201435.03,51573.48,3470,0.0148,72.7082,Moderate Contributors
CUST05134,Neha Verma,12,30,201431.46,29240.81,3471,0.0148,72.723,Moderate Contributors
CUST03404,Isha Shah,11,34,201415.59,51334.57,3472,0.0148,72.7378,Moderate Contributors
CUST05451,Karan Patil,9,29,201349.41,53910.31,3473,0.0148,72.7526,Moderate Contributors
CUST01078,Kavya Mehta,9,24,201291.15,73484.69,3474,0.0148,72.7673,Moderate Contributors
CUST00704,Kavya Sharma,11,30,201288.02,30299.05,3475,0.0148,72.7821,Moderate Contributors
CUST00907,Amit Nair,13,23,201269.01,46872.81,3476,0.0148,72.7969,Moderate Contributors
CUST00539,Meera Singh,9,29,201257.84,58057.5,3477,0.0148,72.8117,Moderate Contributors
CUST03133,Aarav Shah,12,26,201169.52,51605.11,3478,0.0148,72.8265,Moderate Contributors
CUST03936,Aditya Joshi,14,29,201159.94,39447.56,3479,0.0148,72.8412,Moderate Contributors
CUST04841,Aditya Kumar,13,26,201104.67,52223.19,3480,0.0148,72.856,Moderate Contributors
CUST05216,Vivaan Kumar,8,26,201098.35,27754.97,3481,0.0148,72.8708,Moderate Contributors
CUST00890,Neha Mehta,12,28,201008.06,61534.99,3482,0.0148,72.8855,Moderate Contributors
CUST02980,Rohan Joshi,16,31,200929.96,48553.52,3483,0.0148,72.9003,Moderate Contributors
CUST05655,Arjun Mhaske,15,32,200916.3,48040.07,3484,0.0148,72.915,Moderate Contributors
CUST03812,Neha Joshi,13,28,200813.89,51676.22,3485,0.0147,72.9298,Moderate Contributors
CUST00534,Ananya Singh,12,23,200783.23,45890.42,3486,0.0147,72.9445,Moderate Contributors
CUST03022,Aarav Deshmukh,13,32,200776.76,52172.64,3487,0.0147,72.9593,Moderate Contributors
CUST04971,Aarav Joshi,14,34,200769.76,51489.05,3488,0.0147,72.974,Moderate Contributors
CUST05891,Meera Shah,14,29,200748.01,33709.56,3489,0.0147,72.9888,Moderate Contributors
CUST04745,Amit Verma,11,26,200726.92,49311.81,3490,0.0147,73.0035,Moderate Contributors
CUST02779,Rohan Nair,13,26,200719.24,41342.12,3491,0.0147,73.0183,Moderate Contributors
CUST00166,Sneha Deshmukh,11,31,200649.55,61918.91,3492,0.0147,73.033,Moderate Contributors
CUST04187,Vivaan Nair,14,28,200615.91,48489.44,3493,0.0147,73.0477,Moderate Contributors
CUST02356,Amit Mhaske,9,31,200615.46,16375.52,3494,0.0147,73.0625,Moderate Contributors
CUST02543,Sneha Shah,15,33,200606.94,44903.66,3495,0.0147,73.0772,Moderate Contributors
CUST05541,Neha Sharma,16,29,200599.54,45171.83,3496,0.0147,73.0919,Moderate Contributors
CUST02218,Meera Singh,12,28,200587.46,51164.66,3497,0.0147,73.1067,Moderate Contributors
CUST03468,Pooja Sharma,9,25,200571.82,44347.83,3498,0.0147,73.1214,Moderate Contributors
CUST03068,Kavya Verma,9,28,200470.78,31290.88,3499,0.0147,73.1361,Moderate Contributors
CUST00322,Ananya Singh,12,29,200459.65,39831.26,3500,0.0147,73.1508,Moderate Contributors
CUST02693,Amit Mehta,12,23,200446.94,49299.26,3501,0.0147,73.1656,Moderate Contributors
CUST03162,Meera Joshi,12,22,200423.75,51380.11,3502,0.0147,73.1803,Moderate Contributors
CUST02421,Rahul Sharma,11,24,200365.87,62402.69,3503,0.0147,73.195,Moderate Contributors
CUST04040,Rahul Mehta,9,24,200274.15,42922.87,3504,0.0147,73.2097,Moderate Contributors
CUST00546,Isha Nair,11,27,200271.87,51079.56,3505,0.0147,73.2244,Moderate Contributors
CUST03802,Rohan Joshi,13,25,200238.01,41965.29,3506,0.0147,73.2391,Moderate Contributors
CUST03699,Ananya Deshmukh,15,26,200164.39,43251.18,3507,0.0147,73.2538,Moderate Contributors
CUST00777,Rahul Mehta,14,29,200036.45,43455.51,3508,0.0147,73.2685,Moderate Contributors
CUST00441,Neha Sharma,9,26,200021.15,49550.03,3509,0.0147,73.2832,Moderate Contributors
CUST04110,Rahul Joshi,13,32,200003.21,52153.93,3510,0.0147,73.2979,Moderate Contributors
CUST04010,Vivaan Singh,11,21,199935.4,58042.0,3511,0.0147,73.3126,Moderate Contributors
CUST04664,Karan Deshmukh,11,21,199917.95,43298.33,3512,0.0147,73.3272,Moderate Contributors
CUST00468,Isha Singh,10,29,199804.52,50606.7,3513,0.0147,73.3419,Moderate Contributors
CUST01824,Neha Mhaske,16,28,199768.33,52454.83,3514,0.0147,73.3566,Moderate Contributors
CUST04741,Meera Verma,13,25,199758.73,51721.15,3515,0.0147,73.3713,Moderate Contributors
CUST03820,Priya Singh,18,34,199731.68,38676.58,3516,0.0147,73.3859,Moderate Contributors
CUST01112,Neha Mhaske,11,22,199725.81,43411.0,3517,0.0147,73.4006,Moderate Contributors
CUST01865,Aarav Nair,14,28,199724.2,44153.64,3518,0.0147,73.4153,Moderate Contributors
CUST05861,Vivaan Gupta,10,23,199672.01,59458.1,3519,0.0147,73.4299,Moderate Contributors
CUST02605,Vivaan Joshi,15,30,199660.61,44599.92,3520,0.0147,73.4446,Moderate Contributors
CUST04740,Aditya Mehta,13,35,199638.37,45631.68,3521,0.0147,73.4593,Moderate Contributors
CUST05689,Kavya Sharma,12,28,199577.8,49828.25,3522,0.0147,73.4739,Moderate Contributors
CUST00505,Isha Verma,15,29,199569.96,47960.54,3523,0.0147,73.4886,Moderate Contributors
CUST04343,Isha Sharma,16,23,199565.1,44262.02,3524,0.0147,73.5032,Moderate Contributors
CUST01727,Rahul Gupta,12,22,199537.15,57838.04,3525,0.0147,73.5179,Moderate Contributors
CUST04333,Meera Mehta,12,24,199461.02,40794.48,3526,0.0146,73.5325,Moderate Contributors
CUST00688,Pooja Gupta,12,24,199400.93,39760.04,3527,0.0146,73.5472,Moderate Contributors
CUST03559,Aarav Gupta,10,26,199396.69,46739.63,3528,0.0146,73.5618,Moderate Contributors
CUST02665,Sneha Kumar,11,31,199395.69,53545.56,3529,0.0146,73.5765,Moderate Contributors
CUST03721,Neha Joshi,14,31,199376.9,56234.52,3530,0.0146,73.5911,Moderate Contributors
CUST01468,Meera Kumar,8,20,199363.46,54963.81,3531,0.0146,73.6057,Moderate Contributors
CUST03238,Aarav Mhaske,15,26,199322.89,42647.36,3532,0.0146,73.6204,Moderate Contributors
CUST01177,Arjun Verma,10,24,199318.43,47243.64,3533,0.0146,73.635,Moderate Contributors
CUST00957,Pooja Deshmukh,13,25,199285.65,49368.67,3534,0.0146,73.6497,Moderate Contributors
CUST02082,Sneha Deshmukh,11,29,199254.59,42246.86,3535,0.0146,73.6643,Moderate Contributors
CUST04799,Neha Singh,12,29,199247.38,37439.49,3536,0.0146,73.6789,Moderate Contributors
CUST05665,Rohan Patil,14,28,199221.45,49878.36,3537,0.0146,73.6936,Moderate Contributors
CUST02533,Ananya Deshmukh,8,18,199218.08,46843.93,3538,0.0146,73.7082,Moderate Contributors
CUST04364,Amit Nair,11,29,199215.45,38679.61,3539,0.0146,73.7228,Moderate Contributors
CUST00732,Rohan Mehta,13,25,199167.81,48786.38,3540,0.0146,73.7374,Moderate Contributors
CUST00368,Priya Kumar,10,23,199163.44,38262.16,3541,0.0146,73.7521,Moderate Contributors
CUST00486,Kavya Kumar,10,26,199159.96,41866.23,3542,0.0146,73.7667,Moderate Contributors
CUST01656,Karan Nair,12,30,199144.68,50326.84,3543,0.0146,73.7813,Moderate Contributors
CUST03923,Ananya Mehta,13,30,199136.05,38039.39,3544,0.0146,73.7959,Moderate Contributors
CUST01885,Karan Mhaske,14,27,199092.67,46675.09,3545,0.0146,73.8106,Moderate Contributors
CUST02190,Rahul Shah,13,27,199090.95,49300.58,3546,0.0146,73.8252,Moderate Contributors
CUST04121,Vivaan Shah,9,25,199061.74,54338.12,3547,0.0146,73.8398,Moderate Contributors
CUST01616,Meera Patil,14,29,198986.45,40379.66,3548,0.0146,73.8544,Moderate Contributors
CUST02044,Aarav Gupta,9,26,198975.72,56046.97,3549,0.0146,73.869,Moderate Contributors
CUST04851,Kavya Deshmukh,11,31,198956.32,48355.66,3550,0.0146,73.8836,Moderate Contributors
CUST04553,Rahul Gupta,11,23,198937.9,48949.02,3551,0.0146,73.8983,Moderate Contributors
CUST03835,Rohan Gupta,12,37,198846.28,62077.97,3552,0.0146,73.9129,Moderate Contributors
CUST05038,Arjun Sharma,12,26,198784.98,46451.28,3553,0.0146,73.9275,Moderate Contributors
CUST01399,Rahul Sharma,9,17,198734.02,57668.97,3554,0.0146,73.9421,Moderate Contributors
CUST01260,Kavya Sharma,13,29,198701.76,50350.65,3555,0.0146,73.9567,Moderate Contributors
CUST02267,Priya Kumar,11,24,198691.63,49665.7,3556,0.0146,73.9712,Moderate Contributors
CUST03514,Isha Mhaske,12,21,198655.79,39261.02,3557,0.0146,73.9858,Moderate Contributors
CUST02647,Sneha Joshi,15,34,198618.74,45777.47,3558,0.0146,74.0004,Moderate Contributors
CUST00624,Amit Patil,16,34,198605.14,48499.76,3559,0.0146,74.015,Moderate Contributors
CUST04815,Pooja Gupta,13,34,198601.58,57808.74,3560,0.0146,74.0296,Moderate Contributors
CUST00978,Neha Sharma,9,26,198569.36,44447.96,3561,0.0146,74.0442,Moderate Contributors
CUST04448,Aditya Joshi,17,41,198557.79,42580.01,3562,0.0146,74.0588,Moderate Contributors
CUST03048,Aditya Sharma,13,30,198544.52,43236.21,3563,0.0146,74.0733,Moderate Contributors
CUST02264,Ananya Patil,15,44,198526.78,50869.05,3564,0.0146,74.0879,Moderate Contributors
CUST02087,Sneha Mhaske,12,26,198506.99,55901.7,3565,0.0146,74.1025,Moderate Contributors
CUST02196,Amit Gupta,10,23,198271.7,33821.16,3566,0.0146,74.1171,Moderate Contributors
CUST03097,Vivaan Shah,12,26,198257.11,59287.26,3567,0.0146,74.1316,Moderate Contributors
CUST02864,Vivaan Gupta,13,22,198233.69,47229.31,3568,0.0146,74.1462,Moderate Contributors
CUST02572,Neha Joshi,8,26,198207.5,52696.07,3569,0.0146,74.1607,Moderate Contributors
CUST01908,Amit Shah,9,20,198168.53,51567.16,3570,0.0146,74.1753,Moderate Contributors
CUST05511,Aarav Gupta,9,21,198161.41,53599.01,3571,0.0146,74.1898,Moderate Contributors
CUST01568,Aarav Deshmukh,12,26,198112.56,49427.22,3572,0.0145,74.2044,Moderate Contributors
CUST03487,Arjun Kumar,13,19,198062.36,52433.24,3573,0.0145,74.2189,Moderate Contributors
CUST02372,Meera Deshmukh,16,33,197834.11,42211.75,3574,0.0145,74.2335,Moderate Contributors
CUST04460,Pooja Shah,13,28,197767.95,52967.98,3575,0.0145,74.248,Moderate Contributors
CUST01972,Karan Verma,12,27,197715.49,47700.29,3576,0.0145,74.2625,Moderate Contributors
CUST03502,Rohan Gupta,9,27,197614.92,51186.03,3577,0.0145,74.277,Moderate Contributors
CUST01763,Isha Kumar,13,32,197583.8,38026.09,3578,0.0145,74.2915,Moderate Contributors
CUST01370,Rahul Singh,6,19,197558.84,46673.08,3579,0.0145,74.306,Moderate Contributors
CUST04463,Aarav Mhaske,12,24,197540.59,60632.92,3580,0.0145,74.3206,Moderate Contributors
CUST00323,Aditya Kumar,10,25,197540.0,40616.71,3581,0.0145,74.3351,Moderate Contributors
CUST05398,Pooja Kumar,12,22,197514.16,43865.0,3582,0.0145,74.3496,Moderate Contributors
CUST04128,Pooja Deshmukh,10,28,197434.58,41324.35,3583,0.0145,74.3641,Moderate Contributors
CUST05279,Pooja Nair,12,25,197431.48,25821.81,3584,0.0145,74.3786,Moderate Contributors
CUST02096,Priya Singh,6,19,197412.29,67840.3,3585,0.0145,74.3931,Moderate Contributors
CUST03562,Sneha Sharma,14,27,197404.6,51369.8,3586,0.0145,74.4076,Moderate Contributors
CUST05576,Karan Singh,12,28,197401.25,48942.31,3587,0.0145,74.4221,Moderate Contributors
CUST02178,Isha Mhaske,15,42,197339.84,47227.94,3588,0.0145,74.4366,Moderate Contributors
CUST00780,Neha Verma,10,21,197274.86,51888.04,3589,0.0145,74.451,Moderate Contributors
CUST03882,Vivaan Joshi,11,32,197270.06,48645.78,3590,0.0145,74.4655,Moderate Contributors
CUST05582,Arjun Kumar,13,27,197264.7,48178.67,3591,0.0145,74.48,Moderate Contributors
CUST01205,Vivaan Verma,11,24,197176.04,34018.53,3592,0.0145,74.4945,Moderate Contributors
CUST04622,Sneha Patil,9,19,197134.82,52237.97,3593,0.0145,74.509,Moderate Contributors
CUST01581,Pooja Nair,13,28,197121.29,38779.25,3594,0.0145,74.5235,Moderate Contributors
CUST04858,Amit Singh,11,24,197120.76,60727.41,3595,0.0145,74.5379,Moderate Contributors
CUST04723,Aditya Verma,16,28,197115.24,38353.09,3596,0.0145,74.5524,Moderate Contributors
CUST03737,Priya Mhaske,16,36,197090.91,27811.69,3597,0.0145,74.5669,Moderate Contributors
CUST00667,Meera Sharma,15,29,197066.07,39114.73,3598,0.0145,74.5814,Moderate Contributors
CUST02745,Amit Mehta,13,30,197062.87,43933.89,3599,0.0145,74.5958,Moderate Contributors
CUST03688,Aarav Patil,16,36,196990.09,47830.61,3600,0.0145,74.6103,Moderate Contributors
CUST02310,Aditya Gupta,11,29,196979.14,38981.86,3601,0.0145,74.6248,Moderate Contributors
CUST02842,Pooja Mehta,10,30,196961.18,44731.45,3602,0.0145,74.6392,Moderate Contributors
CUST00646,Pooja Verma,13,30,196944.1,63223.11,3603,0.0145,74.6537,Moderate Contributors
CUST05377,Ananya Singh,12,25,196892.39,43922.8,3604,0.0145,74.6681,Moderate Contributors
CUST01025,Aditya Mehta,16,27,196892.14,47903.33,3605,0.0145,74.6826,Moderate Contributors
CUST05887,Vivaan Mhaske,13,31,196857.39,49429.69,3606,0.0145,74.6971,Moderate Contributors
CUST05169,Pooja Joshi,13,33,196846.57,53884.67,3607,0.0145,74.7115,Moderate Contributors
CUST04606,Aarav Kumar,11,29,196813.55,58624.01,3608,0.0145,74.726,Moderate Contributors
CUST02008,Aarav Deshmukh,10,29,196775.92,39856.46,3609,0.0145,74.7404,Moderate Contributors
CUST05120,Arjun Shah,12,28,196748.77,52543.57,3610,0.0144,74.7549,Moderate Contributors
CUST00251,Aditya Sharma,12,27,196735.19,46733.93,3611,0.0144,74.7693,Moderate Contributors
CUST01305,Isha Singh,13,30,196700.72,36370.28,3612,0.0144,74.7838,Moderate Contributors
CUST05840,Rahul Joshi,13,30,196650.49,45156.64,3613,0.0144,74.7982,Moderate Contributors
CUST03749,Karan Gupta,15,32,196639.05,44971.26,3614,0.0144,74.8127,Moderate Contributors
CUST00893,Ananya Mhaske,11,23,196580.74,41705.03,3615,0.0144,74.8271,Moderate Contributors
CUST00118,Karan Sharma,13,30,196570.94,46794.12,3616,0.0144,74.8415,Moderate Contributors
CUST02272,Ananya Mhaske,9,27,196559.91,49032.12,3617,0.0144,74.856,Moderate Contributors
CUST01446,Pooja Patil,12,30,196548.27,37278.27,3618,0.0144,74.8704,Moderate Contributors
CUST03447,Sneha Mehta,14,33,196498.88,41171.17,3619,0.0144,74.8848,Moderate Contributors
CUST04523,Amit Deshmukh,8,29,196487.52,53168.43,3620,0.0144,74.8993,Moderate Contributors
CUST01913,Sneha Patil,13,29,196406.09,43560.31,3621,0.0144,74.9137,Moderate Contributors
CUST00767,Sneha Kumar,14,32,196314.06,44518.96,3622,0.0144,74.9281,Moderate Contributors
CUST02936,Ananya Singh,9,28,196269.81,43567.94,3623,0.0144,74.9425,Moderate Contributors
CUST05600,Kavya Shah,11,25,196249.56,42897.47,3624,0.0144,74.9569,Moderate Contributors
CUST00627,Rahul Nair,9,26,196239.0,49947.85,3625,0.0144,74.9713,Moderate Contributors
CUST03870,Neha Mhaske,14,32,196192.1,43994.12,3626,0.0144,74.9858,Moderate Contributors
CUST03493,Aarav Shah,13,35,196163.57,43554.6,3627,0.0144,75.0002,Moderate Contributors
CUST02631,Rohan Shah,13,38,196127.48,43731.52,3628,0.0144,75.0146,Moderate Contributors
CUST01626,Sneha Joshi,11,30,196121.04,38724.2,3629,0.0144,75.029,Moderate Contributors
CUST04994,Arjun Gupta,11,26,196106.77,45149.66,3630,0.0144,75.0434,Moderate Contributors
CUST01116,Aarav Kumar,12,34,195974.97,48012.08,3631,0.0144,75.0578,Moderate Contributors
CUST04420,Priya Kumar,13,37,195958.4,44184.15,3632,0.0144,75.0722,Moderate Contributors
CUST01974,Priya Deshmukh,14,29,195945.18,41673.4,3633,0.0144,75.0865,Moderate Contributors
CUST02116,Aarav Verma,10,24,195916.2,47467.66,3634,0.0144,75.1009,Moderate Contributors
CUST00735,Kavya Sharma,14,35,195896.89,43052.81,3635,0.0144,75.1153,Moderate Contributors
CUST01774,Meera Singh,4,14,195856.39,63194.62,3636,0.0144,75.1297,Moderate Contributors
CUST03175,Priya Nair,10,28,195810.01,60318.56,3637,0.0144,75.1441,Moderate Contributors
CUST05888,Pooja Deshmukh,10,30,195736.87,47940.48,3638,0.0144,75.1585,Moderate Contributors
CUST03399,Vivaan Mhaske,15,23,195716.78,50214.46,3639,0.0144,75.1728,Moderate Contributors
CUST04739,Rohan Deshmukh,11,25,195675.0,62727.91,3640,0.0144,75.1872,Moderate Contributors
CUST05118,Amit Shah,13,31,195674.53,38136.04,3641,0.0144,75.2016,Moderate Contributors
CUST00439,Sneha Singh,15,29,195657.24,45818.78,3642,0.0144,75.2159,Moderate Contributors
CUST01903,Arjun Gupta,13,37,195653.63,58103.24,3643,0.0144,75.2303,Moderate Contributors
CUST01364,Meera Mehta,10,20,195652.87,58912.89,3644,0.0144,75.2447,Moderate Contributors
CUST03779,Aditya Mhaske,10,19,195634.41,44056.35,3645,0.0144,75.259,Moderate Contributors
CUST03026,Aditya Sharma,10,23,195632.73,58255.19,3646,0.0144,75.2734,Moderate Contributors
CUST03623,Sneha Mhaske,11,19,195627.57,50024.26,3647,0.0144,75.2878,Moderate Contributors
CUST02239,Aarav Kumar,12,29,195615.74,46768.06,3648,0.0144,75.3021,Moderate Contributors
CUST02234,Pooja Verma,11,24,195546.67,55380.88,3649,0.0144,75.3165,Moderate Contributors
CUST03916,Isha Mehta,10,26,195526.67,54802.21,3650,0.0144,75.3309,Moderate Contributors
CUST00330,Kavya Mehta,16,28,195499.78,52447.66,3651,0.0144,75.3452,Moderate Contributors
CUST01158,Kavya Kumar,12,30,195459.11,46933.6,3652,0.0144,75.3596,Moderate Contributors
CUST01950,Arjun Patil,7,19,195433.49,49302.39,3653,0.0144,75.3739,Moderate Contributors
CUST03798,Karan Patil,9,26,195428.34,41358.4,3654,0.0144,75.3883,Moderate Contributors
CUST04837,Kavya Verma,9,23,195380.23,49493.0,3655,0.0143,75.4026,Moderate Contributors
CUST00842,Aditya Singh,9,16,195367.62,63215.14,3656,0.0143,75.417,Moderate Contributors
CUST03696,Karan Mehta,10,32,195345.14,54916.73,3657,0.0143,75.4313,Moderate Contributors
CUST03043,Isha Kumar,14,33,195325.04,48779.25,3658,0.0143,75.4457,Moderate Contributors
CUST00568,Aarav Mehta,12,23,195264.55,46281.89,3659,0.0143,75.46,Moderate Contributors
CUST04930,Pooja Patil,14,27,195186.75,51024.74,3660,0.0143,75.4744,Moderate Contributors
CUST03123,Aditya Nair,15,26,195133.15,46120.11,3661,0.0143,75.4887,Moderate Contributors
CUST00063,Kavya Deshmukh,13,24,195131.44,45219.18,3662,0.0143,75.503,Moderate Contributors
CUST04975,Aarav Shah,13,28,195127.68,31265.04,3663,0.0143,75.5173,Moderate Contributors
CUST02425,Vivaan Mehta,10,19,195122.42,45232.82,3664,0.0143,75.5317,Moderate Contributors
CUST00164,Priya Kumar,13,30,195112.92,48020.53,3665,0.0143,75.546,Moderate Contributors
CUST02576,Pooja Gupta,8,25,195042.63,48157.56,3666,0.0143,75.5603,Moderate Contributors
CUST02958,Aditya Gupta,12,23,195001.67,39788.88,3667,0.0143,75.5746,Moderate Contributors
CUST04125,Arjun Mhaske,13,23,194981.28,54550.66,3668,0.0143,75.589,Moderate Contributors
CUST03767,Sneha Mhaske,11,21,194980.85,54696.04,3669,0.0143,75.6033,Moderate Contributors
CUST05998,Karan Kumar,16,36,194970.47,44390.89,3670,0.0143,75.6176,Moderate Contributors
CUST01447,Isha Verma,10,28,194948.35,41719.88,3671,0.0143,75.6319,Moderate Contributors
CUST05639,Neha Verma,11,21,194929.16,62970.01,3672,0.0143,75.6462,Moderate Contributors
CUST01875,Vivaan Mehta,11,25,194905.34,56632.99,3673,0.0143,75.6606,Moderate Contributors
CUST00547,Rahul Singh,17,40,194791.63,47110.29,3674,0.0143,75.6749,Moderate Contributors
CUST01793,Kavya Nair,11,26,194785.7,44985.94,3675,0.0143,75.6892,Moderate Contributors
CUST03226,Isha Patil,10,24,194735.72,54119.6,3676,0.0143,75.7035,Moderate Contributors
CUST04694,Rohan Deshmukh,12,31,194626.52,51757.82,3677,0.0143,75.7178,Moderate Contributors
CUST04637,Aditya Singh,14,29,194617.36,33768.16,3678,0.0143,75.7321,Moderate Contributors
CUST05261,Neha Nair,11,25,194585.76,32067.83,3679,0.0143,75.7463,Moderate Contributors
CUST01315,Neha Sharma,11,30,194572.64,56611.51,3680,0.0143,75.7606,Moderate Contributors
CUST01511,Pooja Deshmukh,14,31,194482.91,50516.61,3681,0.0143,75.7749,Moderate Contributors
CUST04421,Ananya Joshi,15,25,194464.28,45847.45,3682,0.0143,75.7892,Moderate Contributors
CUST00988,Kavya Mehta,13,23,194445.41,37102.02,3683,0.0143,75.8035,Moderate Contributors
CUST00935,Arjun Sharma,10,24,194419.81,56445.55,3684,0.0143,75.8178,Moderate Contributors
CUST05969,Rohan Singh,12,30,194413.65,46960.65,3685,0.0143,75.832,Moderate Contributors
CUST02655,Meera Nair,10,17,194407.12,51880.42,3686,0.0143,75.8463,Moderate Contributors
CUST02890,Rohan Patil,10,20,194398.76,54855.24,3687,0.0143,75.8606,Moderate Contributors
CUST03308,Kavya Verma,11,25,194375.77,53289.2,3688,0.0143,75.8749,Moderate Contributors
CUST03325,Aditya Deshmukh,12,23,194371.36,48483.56,3689,0.0143,75.8891,Moderate Contributors
CUST00506,Sneha Kumar,12,29,194326.37,42891.94,3690,0.0143,75.9034,Moderate Contributors
CUST05031,Kavya Sharma,16,39,194311.9,45774.92,3691,0.0143,75.9177,Moderate Contributors
CUST02130,Rohan Deshmukh,11,32,194213.4,59485.09,3692,0.0143,75.9319,Moderate Contributors
CUST04877,Isha Mhaske,11,19,194152.1,57094.59,3693,0.0143,75.9462,Moderate Contributors
CUST05222,Pooja Shah,8,21,194109.22,34699.41,3694,0.0143,75.9605,Moderate Contributors
CUST03963,Priya Mehta,11,20,194104.54,38293.26,3695,0.0143,75.9747,Moderate Contributors
CUST05303,Arjun Singh,11,26,194084.24,48899.54,3696,0.0143,75.989,Moderate Contributors
CUST04590,Isha Mhaske,17,33,194040.41,48317.61,3697,0.0143,76.0032,Moderate Contributors
CUST01969,Rahul Nair,14,24,194027.77,46452.63,3698,0.0142,76.0175,Moderate Contributors
CUST02924,Pooja Sharma,11,29,193993.13,30172.78,3699,0.0142,76.0317,Moderate Contributors
CUST05777,Sneha Joshi,7,20,193991.43,42254.03,3700,0.0142,76.046,Moderate Contributors
CUST00046,Pooja Patil,13,30,193989.06,38571.99,3701,0.0142,76.0602,Moderate Contributors
CUST05504,Priya Shah,11,23,193748.11,55757.85,3702,0.0142,76.0744,Moderate Contributors
CUST05988,Priya Singh,11,32,193744.45,51457.44,3703,0.0142,76.0887,Moderate Contributors
CUST04271,Aditya Mehta,8,17,193630.71,43341.37,3704,0.0142,76.1029,Moderate Contributors
CUST05167,Ananya Kumar,12,29,193624.03,58917.78,3705,0.0142,76.1171,Moderate Contributors
CUST00706,Arjun Mehta,14,34,193612.49,48814.33,3706,0.0142,76.1313,Moderate Contributors
CUST04607,Karan Mhaske,7,21,193525.37,51119.44,3707,0.0142,76.1455,Moderate Contributors
CUST00969,Neha Mhaske,14,22,193519.39,40323.2,3708,0.0142,76.1598,Moderate Contributors
CUST05696,Vivaan Kumar,17,32,193478.47,40671.72,3709,0.0142,76.174,Moderate Contributors
CUST05839,Meera Verma,10,24,193388.97,49295.71,3710,0.0142,76.1882,Moderate Contributors
CUST02622,Arjun Nair,11,29,193380.89,49571.03,3711,0.0142,76.2024,Moderate Contributors
CUST01165,Aditya Gupta,11,28,193345.47,54747.84,3712,0.0142,76.2166,Moderate Contributors
CUST04241,Arjun Patil,13,23,193252.0,49236.37,3713,0.0142,76.2308,Moderate Contributors
CUST01682,Neha Nair,12,23,193195.67,38154.92,3714,0.0142,76.245,Moderate Contributors
CUST05141,Vivaan Kumar,15,33,193108.14,41247.09,3715,0.0142,76.2591,Moderate Contributors
CUST05382,Rohan Verma,12,23,193099.21,52951.39,3716,0.0142,76.2733,Moderate Contributors
CUST04214,Ananya Kumar,10,20,193022.92,49406.84,3717,0.0142,76.2875,Moderate Contributors
CUST03450,Rahul Verma,11,26,192967.77,48387.71,3718,0.0142,76.3017,Moderate Contributors
CUST04074,Priya Gupta,10,28,192918.94,40127.92,3719,0.0142,76.3158,Moderate Contributors
CUST05428,Aditya Nair,9,19,192910.75,63381.88,3720,0.0142,76.33,Moderate Contributors
CUST03482,Vivaan Kumar,11,22,192788.99,46376.91,3721,0.0142,76.3442,Moderate Contributors
CUST03809,Kavya Verma,11,25,192781.7,48846.47,3722,0.0142,76.3583,Moderate Contributors
CUST02597,Aditya Verma,11,29,192747.69,49673.25,3723,0.0142,76.3725,Moderate Contributors
CUST04644,Karan Joshi,10,22,192737.45,45089.73,3724,0.0142,76.3866,Moderate Contributors
CUST02253,Neha Deshmukh,10,20,192733.42,50347.4,3725,0.0142,76.4008,Moderate Contributors
CUST02259,Pooja Verma,12,27,192726.28,55550.36,3726,0.0142,76.4149,Moderate Contributors
CUST00663,Isha Verma,10,25,192710.29,42988.9,3727,0.0142,76.4291,Moderate Contributors
CUST00791,Rahul Nair,10,29,192680.68,49384.41,3728,0.0142,76.4432,Moderate Contributors
CUST03396,Aditya Deshmukh,15,25,192620.39,31838.17,3729,0.0141,76.4574,Moderate Contributors
CUST05328,Rahul Gupta,13,29,192612.5,40306.43,3730,0.0141,76.4715,Moderate Contributors
CUST03558,Meera Kumar,13,26,192517.34,55062.17,3731,0.0141,76.4857,Moderate Contributors
CUST04127,Rahul Joshi,13,29,192501.14,35396.74,3732,0.0141,76.4998,Moderate Contributors
CUST00268,Aarav Singh,16,32,192454.28,48779.61,3733,0.0141,76.5139,Moderate Contributors
CUST00864,Aditya Kumar,8,23,192382.1,48546.51,3734,0.0141,76.5281,Moderate Contributors
CUST04164,Neha Shah,15,38,192376.62,45280.45,3735,0.0141,76.5422,Moderate Contributors
CUST01897,Aditya Joshi,12,21,192312.0,43459.2,3736,0.0141,76.5563,Moderate Contributors
CUST03641,Priya Kumar,9,22,192295.01,35496.08,3737,0.0141,76.5704,Moderate Contributors
CUST04956,Neha Gupta,11,27,192292.37,45554.79,3738,0.0141,76.5846,Moderate Contributors
CUST05194,Aditya Mhaske,8,20,192270.72,42943.06,3739,0.0141,76.5987,Moderate Contributors
CUST00517,Kavya Gupta,9,25,192270.36,50295.91,3740,0.0141,76.6128,Moderate Contributors
CUST01699,Meera Shah,10,25,192263.23,43884.18,3741,0.0141,76.6269,Moderate Contributors
CUST02364,Amit Deshmukh,14,27,192236.42,48918.14,3742,0.0141,76.641,Moderate Contributors
CUST05536,Kavya Joshi,13,38,192203.13,35420.59,3743,0.0141,76.6552,Moderate Contributors
CUST05569,Priya Mehta,9,19,192178.81,54232.71,3744,0.0141,76.6693,Moderate Contributors
CUST01201,Aarav Mehta,12,30,192167.73,51690.42,3745,0.0141,76.6834,Moderate Contributors
CUST02679,Meera Verma,8,21,192153.4,43535.45,3746,0.0141,76.6975,Moderate Contributors
CUST01914,Priya Joshi,12,22,192085.5,43206.47,3747,0.0141,76.7116,Moderate Contributors
CUST01881,Isha Mhaske,14,28,191792.9,40759.87,3748,0.0141,76.7257,Moderate Contributors
CUST05955,Aarav Mehta,13,26,191788.2,49085.1,3749,0.0141,76.7398,Moderate Contributors
CUST01423,Aarav Joshi,9,21,191665.58,45035.82,3750,0.0141,76.7539,Moderate Contributors
CUST03930,Pooja Kumar,14,35,191597.81,54349.71,3751,0.0141,76.7679,Moderate Contributors
CUST02860,Meera Shah,9,21,191495.51,49802.1,3752,0.0141,76.782,Moderate Contributors
CUST04101,Kavya Mhaske,14,33,191412.5,40208.6,3753,0.0141,76.796,Moderate Contributors
CUST04432,Ananya Mehta,13,29,191410.58,38172.08,3754,0.0141,76.8101,Moderate Contributors
CUST04702,Amit Sharma,15,36,191255.55,45544.03,3755,0.014,76.8242,Moderate Contributors
CUST02422,Priya Verma,13,25,191237.23,54345.89,3756,0.014,76.8382,Moderate Contributors
CUST01679,Meera Mehta,14,29,191222.17,52133.44,3757,0.014,76.8522,Moderate Contributors
CUST04464,Neha Gupta,11,26,191221.51,49885.32,3758,0.014,76.8663,Moderate Contributors
CUST05989,Vivaan Mhaske,16,36,191196.85,43343.39,3759,0.014,76.8803,Moderate Contributors
CUST02448,Aarav Joshi,11,28,191051.22,43018.02,3760,0.014,76.8944,Moderate Contributors
CUST04596,Rohan Kumar,12,25,191024.16,31496.55,3761,0.014,76.9084,Moderate Contributors
CUST05062,Arjun Verma,11,28,191006.36,48256.89,3762,0.014,76.9224,Moderate Contributors
CUST01215,Isha Mhaske,13,26,190972.93,56192.44,3763,0.014,76.9364,Moderate Contributors
CUST00579,Meera Joshi,13,26,190869.21,48111.14,3764,0.014,76.9505,Moderate Contributors
CUST02555,Vivaan Singh,13,35,190826.09,49580.56,3765,0.014,76.9645,Moderate Contributors
CUST04843,Aditya Gupta,10,26,190820.62,59932.11,3766,0.014,76.9785,Moderate Contributors
CUST04953,Rahul Shah,8,19,190801.1,39040.05,3767,0.014,76.9925,Moderate Contributors
CUST03681,Amit Verma,12,30,190770.96,32339.5,3768,0.014,77.0065,Moderate Contributors
CUST01323,Sneha Nair,12,26,190763.45,40908.2,3769,0.014,77.0205,Moderate Contributors
CUST00392,Isha Nair,11,29,190761.87,54281.91,3770,0.014,77.0345,Moderate Contributors
CUST03674,Arjun Mhaske,14,25,190662.62,47730.03,3771,0.014,77.0485,Moderate Contributors
CUST02311,Sneha Mehta,9,25,190631.61,51754.08,3772,0.014,77.0625,Moderate Contributors
CUST02398,Rahul Shah,14,28,190526.0,40550.36,3773,0.014,77.0765,Moderate Contributors
CUST01741,Vivaan Joshi,12,22,190514.86,52026.13,3774,0.014,77.0905,Moderate Contributors
CUST04656,Rohan Verma,11,26,190503.95,42918.46,3775,0.014,77.1045,Moderate Contributors
CUST01794,Aditya Singh,12,19,190370.09,40728.0,3776,0.014,77.1185,Moderate Contributors
CUST01483,Arjun Patil,11,27,190245.44,44488.62,3777,0.014,77.1325,Moderate Contributors
CUST04386,Isha Nair,7,23,190231.59,55530.42,3778,0.014,77.1464,Moderate Contributors
CUST02126,Amit Nair,13,35,190165.7,47184.77,3779,0.014,77.1604,Moderate Contributors
CUST04725,Isha Kumar,9,21,190163.3,46360.43,3780,0.014,77.1744,Moderate Contributors
CUST04174,Amit Joshi,12,31,190141.48,46013.52,3781,0.014,77.1883,Moderate Contributors
CUST02207,Rohan Joshi,10,26,190126.14,46145.49,3782,0.014,77.2023,Moderate Contributors
CUST01912,Aditya Nair,18,32,190083.28,45594.87,3783,0.014,77.2163,Moderate Contributors
CUST00652,Isha Nair,13,31,190053.2,40928.71,3784,0.014,77.2302,Moderate Contributors
CUST02139,Neha Mehta,11,18,190021.93,55589.62,3785,0.014,77.2442,Moderate Contributors
CUST01633,Sneha Joshi,10,23,189994.05,51471.53,3786,0.014,77.2581,Moderate Contributors
CUST01440,Rahul Nair,10,28,189968.86,46878.95,3787,0.014,77.2721,Moderate Contributors
CUST04359,Aarav Gupta,13,25,189891.71,49856.44,3788,0.0139,77.286,Moderate Contributors
CUST00664,Rahul Joshi,11,20,189878.39,48184.12,3789,0.0139,77.3,Moderate Contributors
CUST04600,Karan Patil,12,28,189824.91,56258.07,3790,0.0139,77.3139,Moderate Contributors
CUST02338,Arjun Singh,14,29,189816.62,49120.08,3791,0.0139,77.3278,Moderate Contributors
CUST01593,Rohan Nair,13,30,189800.2,39167.23,3792,0.0139,77.3418,Moderate Contributors
CUST00090,Priya Verma,9,20,189712.98,50352.19,3793,0.0139,77.3557,Moderate Contributors
CUST02485,Karan Sharma,10,25,189691.13,53941.14,3794,0.0139,77.3696,Moderate Contributors
CUST05245,Aditya Shah,9,21,189685.43,44430.03,3795,0.0139,77.3836,Moderate Contributors
CUST02185,Neha Nair,13,32,189643.95,47468.08,3796,0.0139,77.3975,Moderate Contributors
CUST04531,Rahul Mhaske,12,23,189635.88,56640.7,3797,0.0139,77.4114,Moderate Contributors
CUST03416,Meera Joshi,10,31,189616.07,48299.26,3798,0.0139,77.4254,Moderate Contributors
CUST05829,Pooja Mhaske,14,30,189606.49,32272.85,3799,0.0139,77.4393,Moderate Contributors
CUST01096,Vivaan Shah,11,36,189578.66,42913.59,3800,0.0139,77.4532,Moderate Contributors
CUST02129,Isha Shah,11,24,189573.19,53919.59,3801,0.0139,77.4671,Moderate Contributors
CUST00193,Kavya Shah,17,31,189553.06,32509.87,3802,0.0139,77.481,Moderate Contributors
CUST00079,Kavya Mehta,8,24,189493.31,45468.36,3803,0.0139,77.495,Moderate Contributors
CUST04631,Pooja Gupta,13,31,189484.14,34896.55,3804,0.0139,77.5089,Moderate Contributors
CUST02776,Arjun Mehta,10,23,189481.48,44893.86,3805,0.0139,77.5228,Moderate Contributors
CUST02481,Pooja Verma,10,22,189454.62,52467.04,3806,0.0139,77.5367,Moderate Contributors
CUST03588,Sneha Sharma,14,25,189438.59,42748.77,3807,0.0139,77.5506,Moderate Contributors
CUST02483,Karan Gupta,12,24,189411.42,57045.58,3808,0.0139,77.5645,Moderate Contributors
CUST02236,Vivaan Mhaske,10,21,189315.32,41793.36,3809,0.0139,77.5784,Moderate Contributors
CUST05941,Rahul Sharma,10,29,189308.85,62437.7,3810,0.0139,77.5923,Moderate Contributors
CUST02179,Aditya Gupta,11,33,189271.52,47832.46,3811,0.0139,77.6062,Moderate Contributors
CUST02777,Priya Mehta,13,31,189270.44,44297.4,3812,0.0139,77.6201,Moderate Contributors
CUST04756,Neha Kumar,8,18,189258.75,65213.43,3813,0.0139,77.634,Moderate Contributors
CUST03875,Priya Mehta,10,26,189218.53,54441.95,3814,0.0139,77.6479,Moderate Contributors
CUST05875,Sneha Nair,10,23,189139.18,21195.43,3815,0.0139,77.6618,Moderate Contributors
CUST05999,Karan Verma,15,28,189093.65,41255.65,3816,0.0139,77.6757,Moderate Contributors
CUST01224,Aarav Joshi,7,26,189036.49,53654.91,3817,0.0139,77.6896,Moderate Contributors
CUST04557,Isha Mehta,10,26,189030.17,49527.9,3818,0.0139,77.7035,Moderate Contributors
CUST02210,Amit Joshi,14,27,188984.73,46214.72,3819,0.0139,77.7174,Moderate Contributors
CUST01309,Kavya Joshi,12,26,188978.74,51303.49,3820,0.0139,77.7312,Moderate Contributors
CUST04068,Rahul Shah,10,20,188916.19,48620.48,3821,0.0139,77.7451,Moderate Contributors
CUST03645,Neha Deshmukh,11,25,188849.33,51821.0,3822,0.0139,77.759,Moderate Contributors
CUST05978,Karan Singh,15,31,188834.29,46831.14,3823,0.0139,77.7729,Moderate Contributors
CUST04099,Rohan Patil,12,27,188819.13,43336.65,3824,0.0139,77.7867,Moderate Contributors
CUST03655,Aarav Shah,12,25,188762.14,47629.82,3825,0.0139,77.8006,Moderate Contributors
CUST02651,Sneha Deshmukh,14,32,188601.57,50714.96,3826,0.0139,77.8144,Moderate Contributors
CUST02015,Rohan Nair,11,26,188594.12,49159.21,3827,0.0139,77.8283,Moderate Contributors
CUST02127,Priya Mehta,12,32,188549.36,52003.69,3828,0.0138,77.8421,Moderate Contributors
CUST03664,Pooja Patil,13,30,188548.68,47751.77,3829,0.0138,77.856,Moderate Contributors
CUST00551,Isha Shah,13,21,188539.68,43725.14,3830,0.0138,77.8698,Moderate Contributors
CUST01233,Arjun Nair,13,24,188505.52,46777.05,3831,0.0138,77.8837,Moderate Contributors
CUST04558,Amit Sharma,13,34,188467.06,40543.94,3832,0.0138,77.8975,Moderate Contributors
CUST00860,Aditya Mhaske,12,37,188460.27,36029.88,3833,0.0138,77.9114,Moderate Contributors
CUST00994,Neha Joshi,9,23,188345.62,43915.8,3834,0.0138,77.9252,Moderate Contributors
CUST01314,Isha Patil,11,25,188332.79,35201.87,3835,0.0138,77.939,Moderate Contributors
CUST02224,Rohan Mhaske,6,18,188320.37,35784.38,3836,0.0138,77.9528,Moderate Contributors
CUST00019,Sneha Patil,11,25,188315.38,38677.26,3837,0.0138,77.9667,Moderate Contributors
CUST03755,Vivaan Mehta,12,30,188212.99,47038.81,3838,0.0138,77.9805,Moderate Contributors
CUST03634,Pooja Joshi,12,21,188166.1,46480.76,3839,0.0138,77.9943,Moderate Contributors
CUST03223,Arjun Patil,11,20,188122.96,42531.49,3840,0.0138,78.0081,Moderate Contributors
CUST01776,Priya Verma,13,28,188109.86,33528.36,3841,0.0138,78.0219,Moderate Contributors
CUST03520,Aarav Kumar,8,23,188087.85,58397.5,3842,0.0138,78.0358,Moderate Contributors
CUST04674,Aarav Verma,13,27,188085.95,47787.26,3843,0.0138,78.0496,Moderate Contributors
CUST04471,Isha Mehta,11,33,188083.31,55134.55,3844,0.0138,78.0634,Moderate Contributors
CUST02051,Amit Shah,13,22,188034.88,48951.7,3845,0.0138,78.0772,Moderate Contributors
CUST02523,Sneha Mehta,14,28,188018.13,35916.91,3846,0.0138,78.091,Moderate Contributors
CUST03830,Isha Patil,10,26,187897.9,33344.73,3847,0.0138,78.1048,Moderate Contributors
CUST02983,Priya Shah,13,27,187887.13,30741.44,3848,0.0138,78.1186,Moderate Contributors
CUST00171,Meera Nair,13,23,187783.93,46021.11,3849,0.0138,78.1324,Moderate Contributors
CUST02362,Isha Mehta,13,29,187759.72,51720.39,3850,0.0138,78.1462,Moderate Contributors
CUST00686,Isha Singh,10,18,187733.13,57048.02,3851,0.0138,78.16,Moderate Contributors
CUST00658,Rahul Verma,11,24,187723.74,49252.6,3852,0.0138,78.1738,Moderate Contributors
CUST02514,Meera Sharma,9,27,187696.19,52961.6,3853,0.0138,78.1875,Moderate Contributors
CUST03945,Rohan Sharma,12,23,187673.31,47585.75,3854,0.0138,78.2013,Moderate Contributors
CUST00692,Rohan Gupta,9,21,187575.97,34106.7,3855,0.0138,78.2151,Moderate Contributors
CUST03084,Aarav Shah,7,21,187562.65,47057.62,3856,0.0138,78.2289,Moderate Contributors
CUST05040,Neha Singh,12,33,187545.42,38610.68,3857,0.0138,78.2427,Moderate Contributors
CUST04595,Amit Sharma,7,19,187456.13,55688.65,3858,0.0138,78.2564,Moderate Contributors
CUST04963,Rahul Deshmukh,11,32,187377.68,42600.54,3859,0.0138,78.2702,Moderate Contributors
CUST05956,Amit Shah,13,26,187291.37,52173.99,3860,0.0138,78.2839,Moderate Contributors
CUST04275,Vivaan Gupta,14,24,187273.98,45376.44,3861,0.0138,78.2977,Moderate Contributors
CUST02771,Neha Sharma,11,26,187268.31,35728.16,3862,0.0138,78.3114,Moderate Contributors
CUST05346,Sneha Nair,9,25,187234.84,37592.11,3863,0.0138,78.3252,Moderate Contributors
CUST02797,Ananya Joshi,9,35,187223.3,34211.09,3864,0.0137,78.3389,Moderate Contributors
CUST02492,Meera Kumar,12,23,187181.38,40588.12,3865,0.0137,78.3527,Moderate Contributors
CUST05447,Meera Nair,13,29,187122.01,41404.53,3866,0.0137,78.3664,Moderate Contributors
CUST02045,Arjun Nair,11,24,187078.15,54636.9,3867,0.0137,78.3802,Moderate Contributors
CUST05652,Sneha Joshi,11,27,187002.39,54512.37,3868,0.0137,78.3939,Moderate Contributors
CUST01724,Priya Patil,12,21,186976.73,44103.23,3869,0.0137,78.4076,Moderate Contributors
CUST02623,Isha Verma,9,28,186963.5,51406.95,3870,0.0137,78.4214,Moderate Contributors
CUST01016,Vivaan Nair,13,28,186962.23,45620.02,3871,0.0137,78.4351,Moderate Contributors
CUST02725,Ananya Sharma,12,28,186935.35,39024.45,3872,0.0137,78.4488,Moderate Contributors
CUST02650,Meera Nair,18,34,186935.03,47551.91,3873,0.0137,78.4626,Moderate Contributors
CUST05564,Meera Verma,7,17,186890.77,40609.59,3874,0.0137,78.4763,Moderate Contributors
CUST00921,Ananya Shah,12,22,186694.38,45296.39,3875,0.0137,78.49,Moderate Contributors
CUST02302,Vivaan Shah,15,34,186693.75,40765.87,3876,0.0137,78.5037,Moderate Contributors
CUST02540,Rahul Deshmukh,17,32,186691.66,36350.79,3877,0.0137,78.5174,Moderate Contributors
CUST02252,Kavya Gupta,8,22,186673.71,54640.0,3878,0.0137,78.5311,Moderate Contributors
CUST05210,Meera Joshi,15,37,186667.42,49307.79,3879,0.0137,78.5448,Moderate Contributors
CUST04458,Karan Patil,9,27,186649.1,50092.63,3880,0.0137,78.5585,Moderate Contributors
CUST00001,Aarav Nair,14,29,186635.79,42471.56,3881,0.0137,78.5722,Moderate Contributors
CUST05446,Amit Gupta,12,27,186617.82,31170.67,3882,0.0137,78.586,Moderate Contributors
CUST03687,Aarav Verma,14,27,186421.48,32009.77,3883,0.0137,78.5996,Moderate Contributors
CUST00494,Kavya Joshi,12,19,186400.48,56430.08,3884,0.0137,78.6133,Moderate Contributors
CUST01640,Rohan Nair,7,17,186370.36,54197.31,3885,0.0137,78.627,Moderate Contributors
CUST01689,Amit Nair,11,23,186289.86,44142.8,3886,0.0137,78.6407,Moderate Contributors
CUST05415,Aarav Deshmukh,13,29,186276.77,36023.94,3887,0.0137,78.6544,Moderate Contributors
CUST00979,Meera Patil,12,23,186269.37,46024.88,3888,0.0137,78.6681,Moderate Contributors
CUST03412,Rohan Kumar,9,24,186224.95,31151.96,3889,0.0137,78.6817,Moderate Contributors
CUST01851,Rahul Singh,12,28,186190.52,48356.88,3890,0.0137,78.6954,Moderate Contributors
CUST02047,Priya Patil,9,23,186092.22,40578.1,3891,0.0137,78.7091,Moderate Contributors
CUST02054,Neha Joshi,11,35,186074.98,40722.26,3892,0.0137,78.7227,Moderate Contributors
CUST03453,Rahul Mhaske,12,25,186074.02,36011.56,3893,0.0137,78.7364,Moderate Contributors
CUST01366,Aarav Mehta,13,32,185940.51,48808.25,3894,0.0137,78.7501,Moderate Contributors
CUST01729,Meera Nair,12,25,185895.26,39503.18,3895,0.0137,78.7637,Moderate Contributors
CUST02984,Isha Nair,10,24,185858.88,42737.11,3896,0.0136,78.7774,Moderate Contributors
CUST05400,Vivaan Patil,9,22,185810.58,53675.65,3897,0.0136,78.791,Moderate Contributors
CUST01878,Isha Nair,13,25,185804.81,44492.21,3898,0.0136,78.8047,Moderate Contributors
CUST05252,Aditya Shah,11,21,185793.91,49412.78,3899,0.0136,78.8183,Moderate Contributors
CUST03982,Priya Kumar,10,26,185686.03,51741.5,3900,0.0136,78.8319,Moderate Contributors
CUST03228,Arjun Verma,12,34,185563.4,38364.78,3901,0.0136,78.8456,Moderate Contributors
CUST02046,Aditya Patil,8,19,185557.2,54851.41,3902,0.0136,78.8592,Moderate Contributors
CUST01064,Amit Nair,12,27,185544.4,53218.99,3903,0.0136,78.8728,Moderate Contributors
CUST00861,Isha Patil,11,28,185512.09,41770.94,3904,0.0136,78.8865,Moderate Contributors
CUST01251,Sneha Gupta,14,32,185510.56,43984.73,3905,0.0136,78.9001,Moderate Contributors
CUST02941,Pooja Shah,15,29,185422.15,51119.12,3906,0.0136,78.9137,Moderate Contributors
CUST04204,Isha Shah,10,22,185401.76,51102.23,3907,0.0136,78.9273,Moderate Contributors
CUST02803,Aarav Gupta,13,33,185398.42,50829.11,3908,0.0136,78.9409,Moderate Contributors
CUST04541,Aarav Singh,10,19,185394.08,48553.83,3909,0.0136,78.9545,Moderate Contributors
CUST03793,Arjun Patil,13,35,185382.93,37760.19,3910,0.0136,78.9682,Moderate Contributors
CUST04347,Ananya Shah,10,22,185265.4,39486.92,3911,0.0136,78.9818,Moderate Contributors
CUST05692,Vivaan Singh,16,33,185257.39,57826.33,3912,0.0136,78.9954,Moderate Contributors
CUST01101,Amit Verma,13,25,185217.87,40063.0,3913,0.0136,79.009,Moderate Contributors
CUST04439,Priya Singh,13,22,185186.04,35300.45,3914,0.0136,79.0226,Moderate Contributors
CUST01710,Amit Nair,11,32,185179.33,48635.91,3915,0.0136,79.0362,Moderate Contributors
CUST05191,Kavya Sharma,13,34,185107.92,38410.66,3916,0.0136,79.0498,Moderate Contributors
CUST05067,Sneha Nair,10,23,184905.28,43775.87,3917,0.0136,79.0633,Moderate Contributors
CUST05166,Arjun Nair,12,29,184898.12,44134.91,3918,0.0136,79.0769,Moderate Contributors
CUST01443,Kavya Nair,13,25,184860.18,47948.79,3919,0.0136,79.0905,Moderate Contributors
CUST00302,Arjun Mehta,9,21,184844.79,40574.95,3920,0.0136,79.1041,Moderate Contributors
CUST03956,Karan Mhaske,9,31,184800.56,41167.92,3921,0.0136,79.1176,Moderate Contributors
CUST01459,Rahul Joshi,8,18,184719.1,49837.6,3922,0.0136,79.1312,Moderate Contributors
CUST02462,Aditya Sharma,13,28,184676.22,36006.54,3923,0.0136,79.1448,Moderate Contributors
CUST00985,Meera Joshi,8,29,184672.65,42610.9,3924,0.0136,79.1583,Moderate Contributors
CUST02856,Pooja Kumar,9,24,184664.93,39950.71,3925,0.0136,79.1719,Moderate Contributors
CUST02427,Ananya Kumar,7,22,184631.21,44908.88,3926,0.0136,79.1855,Moderate Contributors
CUST03234,Karan Singh,13,24,184628.07,36922.46,3927,0.0136,79.199,Moderate Contributors
CUST00734,Karan Mhaske,12,22,184606.57,41823.71,3928,0.0136,79.2126,Moderate Contributors
CUST04098,Arjun Patil,13,24,184563.29,56290.65,3929,0.0136,79.2261,Moderate Contributors
CUST05059,Priya Shah,11,27,184533.03,43484.82,3930,0.0136,79.2397,Moderate Contributors
CUST00116,Priya Shah,11,24,184521.66,48090.13,3931,0.0136,79.2532,Moderate Contributors
CUST05033,Vivaan Patil,11,27,184455.23,49246.5,3932,0.0135,79.2668,Moderate Contributors
CUST03061,Aarav Sharma,13,29,184412.88,30740.49,3933,0.0135,79.2803,Moderate Contributors
CUST00973,Rahul Singh,9,18,184371.09,48756.8,3934,0.0135,79.2939,Moderate Contributors
CUST03935,Aditya Kumar,9,22,184341.51,47107.77,3935,0.0135,79.3074,Moderate Contributors
CUST04730,Amit Deshmukh,9,20,184298.03,45416.29,3936,0.0135,79.3209,Moderate Contributors
CUST03312,Neha Shah,13,30,184213.69,43897.97,3937,0.0135,79.3345,Moderate Contributors
CUST04671,Aditya Mhaske,12,27,184184.59,52974.02,3938,0.0135,79.348,Moderate Contributors
CUST01408,Priya Kumar,11,28,184157.17,36787.75,3939,0.0135,79.3615,Moderate Contributors
CUST02454,Vivaan Gupta,11,24,184120.16,39619.66,3940,0.0135,79.375,Moderate Contributors
CUST01512,Kavya Deshmukh,14,32,184083.43,49565.82,3941,0.0135,79.3886,Moderate Contributors
CUST00481,Ananya Deshmukh,10,22,184025.68,48297.21,3942,0.0135,79.4021,Moderate Contributors
CUST01131,Karan Shah,11,25,183994.2,45414.9,3943,0.0135,79.4156,Moderate Contributors
CUST05340,Rahul Gupta,9,20,183985.64,51821.47,3944,0.0135,79.4291,Moderate Contributors
CUST01465,Neha Deshmukh,13,25,183807.76,52341.91,3945,0.0135,79.4426,Moderate Contributors
CUST01437,Priya Deshmukh,13,26,183795.18,51090.18,3946,0.0135,79.4561,Moderate Contributors
CUST04438,Karan Gupta,11,22,183762.28,45723.05,3947,0.0135,79.4696,Moderate Contributors
CUST00524,Arjun Gupta,17,29,183634.89,37507.55,3948,0.0135,79.4831,Moderate Contributors
CUST04353,Priya Kumar,14,36,183623.25,35274.73,3949,0.0135,79.4966,Moderate Contributors
CUST05148,Rahul Kumar,10,22,183609.99,47380.98,3950,0.0135,79.5101,Moderate Contributors
CUST01143,Kavya Deshmukh,13,29,183559.19,45010.79,3951,0.0135,79.5235,Moderate Contributors
CUST04351,Vivaan Mhaske,13,23,183437.86,49858.43,3952,0.0135,79.537,Moderate Contributors
CUST03239,Amit Verma,14,32,183388.33,41031.1,3953,0.0135,79.5505,Moderate Contributors
CUST05635,Isha Shah,7,20,183354.65,41201.55,3954,0.0135,79.5639,Moderate Contributors
CUST00971,Priya Verma,11,29,183327.44,42406.45,3955,0.0135,79.5774,Moderate Contributors
CUST03785,Neha Verma,7,23,183303.5,33341.75,3956,0.0135,79.5909,Moderate Contributors
CUST00914,Priya Sharma,13,29,183266.51,53155.13,3957,0.0135,79.6043,Moderate Contributors
CUST01994,Ananya Verma,13,29,183260.94,49292.9,3958,0.0135,79.6178,Moderate Contributors
CUST00337,Vivaan Gupta,8,24,183238.69,44101.01,3959,0.0135,79.6312,Moderate Contributors
CUST03576,Karan Verma,14,37,183173.23,39639.21,3960,0.0135,79.6447,Moderate Contributors
CUST04223,Amit Deshmukh,13,37,183124.2,43329.74,3961,0.0134,79.6581,Moderate Contributors
CUST05632,Priya Verma,8,27,183107.81,27210.95,3962,0.0134,79.6716,Moderate Contributors
CUST03927,Isha Deshmukh,10,21,183069.14,49734.7,3963,0.0134,79.685,Moderate Contributors
CUST00470,Sneha Gupta,12,28,182974.09,52809.89,3964,0.0134,79.6985,Moderate Contributors
CUST01769,Karan Kumar,9,27,182948.32,44395.47,3965,0.0134,79.7119,Moderate Contributors
CUST04405,Meera Gupta,8,17,182925.09,55411.25,3966,0.0134,79.7253,Moderate Contributors
CUST00749,Aarav Mehta,14,34,182883.97,39573.87,3967,0.0134,79.7388,Moderate Contributors
CUST01485,Amit Verma,11,25,182862.37,40943.58,3968,0.0134,79.7522,Moderate Contributors
CUST00338,Rohan Mehta,11,22,182854.95,38160.21,3969,0.0134,79.7656,Moderate Contributors
CUST02747,Ananya Mehta,11,25,182700.52,44206.02,3970,0.0134,79.7791,Moderate Contributors
CUST05193,Arjun Patil,7,23,182656.35,41866.89,3971,0.0134,79.7925,Moderate Contributors
CUST04398,Neha Mhaske,17,29,182624.47,47350.25,3972,0.0134,79.8059,Moderate Contributors
CUST01835,Neha Mehta,14,31,182575.99,47061.94,3973,0.0134,79.8193,Moderate Contributors
CUST05903,Sneha Gupta,12,31,182575.49,40774.5,3974,0.0134,79.8327,Moderate Contributors
CUST01390,Vivaan Deshmukh,12,26,182526.89,46007.33,3975,0.0134,79.8461,Moderate Contributors
CUST00557,Neha Gupta,9,26,182481.22,35199.09,3976,0.0134,79.8595,Moderate Contributors
CUST01295,Arjun Deshmukh,16,29,182452.5,40852.58,3977,0.0134,79.8729,Moderate Contributors
CUST00904,Rahul Mehta,13,25,182435.13,38960.64,3978,0.0134,79.8863,Moderate Contributors
CUST00501,Rohan Gupta,14,28,182426.3,56633.47,3979,0.0134,79.8997,Moderate Contributors
CUST05229,Arjun Nair,14,34,182406.11,41238.98,3980,0.0134,79.9131,Moderate Contributors
CUST05750,Rohan Joshi,13,28,182404.85,44067.26,3981,0.0134,79.9265,Moderate Contributors
CUST04102,Vivaan Singh,9,20,182236.19,29740.18,3982,0.0134,79.9399,Moderate Contributors
CUST00937,Neha Mehta,12,27,182234.98,37839.48,3983,0.0134,79.9533,Moderate Contributors
CUST01044,Meera Kumar,10,25,182234.43,40827.59,3984,0.0134,79.9666,Moderate Contributors
CUST00179,Arjun Verma,13,40,182191.06,32556.66,3985,0.0134,79.98,Moderate Contributors
CUST03964,Arjun Mehta,11,29,182175.83,41212.87,3986,0.0134,79.9934,Moderate Contributors
CUST02793,Priya Verma,8,26,182135.58,56223.05,3987,0.0134,80.0068,Long Tail Customers
CUST01693,Karan Mehta,12,25,182128.16,32695.57,3988,0.0134,80.0202,Long Tail Customers
CUST02691,Pooja Mehta,12,22,182112.93,34948.66,3989,0.0134,80.0335,Long Tail Customers
CUST02589,Meera Shah,8,18,182105.2,39826.83,3990,0.0134,80.0469,Long Tail Customers
CUST03617,Rohan Verma,14,29,182096.2,31811.2,3991,0.0134,80.0603,Long Tail Customers
CUST03467,Amit Singh,12,26,182072.58,46290.54,3992,0.0134,80.0736,Long Tail Customers
CUST03079,Amit Nair,9,32,182053.02,46976.22,3993,0.0134,80.087,Long Tail Customers
CUST04819,Meera Kumar,9,24,182020.42,46529.34,3994,0.0134,80.1004,Long Tail Customers
CUST02976,Isha Singh,8,19,182018.59,53969.09,3995,0.0134,80.1138,Long Tail Customers
CUST04228,Karan Mehta,13,23,181977.17,41185.75,3996,0.0134,80.1271,Long Tail Customers
CUST03349,Arjun Verma,13,33,181958.46,44598.09,3997,0.0134,80.1405,Long Tail Customers
CUST00290,Priya Patil,11,22,181831.17,40101.52,3998,0.0134,80.1538,Long Tail Customers
CUST03949,Isha Shah,9,19,181754.55,47107.98,3999,0.0133,80.1672,Long Tail Customers
CUST02477,Amit Joshi,13,29,181671.31,36083.77,4000,0.0133,80.1805,Long Tail Customers
CUST04961,Aditya Shah,10,22,181600.75,27092.13,4001,0.0133,80.1939,Long Tail Customers
CUST02772,Meera Kumar,14,28,181593.76,55093.13,4002,0.0133,80.2072,Long Tail Customers
CUST01886,Sneha Mhaske,12,30,181575.1,37896.58,4003,0.0133,80.2205,Long Tail Customers
CUST03083,Pooja Mhaske,15,35,181548.38,29593.46,4004,0.0133,80.2339,Long Tail Customers
CUST01076,Sneha Patil,9,19,181524.02,48082.0,4005,0.0133,80.2472,Long Tail Customers
CUST05764,Vivaan Shah,14,22,181513.55,27411.91,4006,0.0133,80.2605,Long Tail Customers
CUST01188,Vivaan Mehta,11,28,181496.91,44784.5,4007,0.0133,80.2739,Long Tail Customers
CUST05004,Vivaan Mhaske,9,23,181486.69,34638.04,4008,0.0133,80.2872,Long Tail Customers
CUST05392,Kavya Verma,12,26,181467.09,52653.2,4009,0.0133,80.3005,Long Tail Customers
CUST04119,Arjun Patil,8,20,181444.0,49026.66,4010,0.0133,80.3138,Long Tail Customers
CUST00287,Priya Mehta,12,36,181435.96,39368.5,4011,0.0133,80.3272,Long Tail Customers
CUST05272,Aarav Gupta,10,35,181370.89,35806.79,4012,0.0133,80.3405,Long Tail Customers
CUST04201,Arjun Singh,13,29,181338.31,46807.73,4013,0.0133,80.3538,Long Tail Customers
CUST04014,Vivaan Mehta,11,19,181333.17,43502.6,4014,0.0133,80.3671,Long Tail Customers
CUST04830,Kavya Verma,13,33,181316.22,44818.95,4015,0.0133,80.3804,Long Tail Customers
CUST03513,Amit Sharma,13,33,181297.16,51989.43,4016,0.0133,80.3938,Long Tail Customers
CUST02212,Isha Joshi,19,32,181291.85,41130.71,4017,0.0133,80.4071,Long Tail Customers
CUST03246,Aarav Deshmukh,11,23,181263.33,44718.07,4018,0.0133,80.4204,Long Tail Customers
CUST03829,Sneha Mehta,13,24,181122.96,27670.7,4019,0.0133,80.4337,Long Tail Customers
CUST04891,Neha Verma,14,28,181077.38,53634.29,4020,0.0133,80.447,Long Tail Customers
CUST03139,Rohan Deshmukh,8,18,181063.35,45326.25,4021,0.0133,80.4603,Long Tail Customers
CUST00308,Rahul Patil,8,19,181046.04,41444.85,4022,0.0133,80.4736,Long Tail Customers
CUST05756,Karan Deshmukh,12,33,180843.69,31009.67,4023,0.0133,80.4869,Long Tail Customers
CUST02541,Kavya Nair,11,26,180829.89,46035.93,4024,0.0133,80.5001,Long Tail Customers
CUST02564,Neha Singh,9,22,180794.01,45043.59,4025,0.0133,80.5134,Long Tail Customers
CUST03257,Isha Gupta,14,33,180746.66,31430.12,4026,0.0133,80.5267,Long Tail Customers
CUST02966,Rohan Shah,14,26,180641.46,31991.46,4027,0.0133,80.54,Long Tail Customers
CUST00224,Rohan Gupta,11,25,180625.01,39464.11,4028,0.0133,80.5532,Long Tail Customers
CUST04970,Rahul Kumar,13,30,180609.84,47966.17,4029,0.0133,80.5665,Long Tail Customers
CUST02951,Priya Sharma,13,28,180540.23,46366.9,4030,0.0133,80.5797,Long Tail Customers
CUST00469,Aditya Singh,10,26,180538.64,50476.12,4031,0.0133,80.593,Long Tail Customers
CUST05164,Isha Gupta,15,31,180440.18,39305.31,4032,0.0133,80.6063,Long Tail Customers
CUST03940,Amit Kumar,12,32,180439.26,36572.9,4033,0.0133,80.6195,Long Tail Customers
CUST00071,Ananya Singh,11,29,180405.2,37249.31,4034,0.0132,80.6328,Long Tail Customers
CUST01902,Arjun Singh,11,24,180378.02,48931.53,4035,0.0132,80.646,Long Tail Customers
CUST04360,Ananya Sharma,12,26,180285.28,39707.41,4036,0.0132,80.6592,Long Tail Customers
CUST02031,Priya Verma,8,16,180275.38,46455.09,4037,0.0132,80.6725,Long Tail Customers
CUST01522,Pooja Gupta,9,23,180264.0,56345.42,4038,0.0132,80.6857,Long Tail Customers
CUST02671,Arjun Singh,14,29,180200.01,39181.63,4039,0.0132,80.699,Long Tail Customers
CUST02853,Vivaan Shah,10,26,180136.86,51699.23,4040,0.0132,80.7122,Long Tail Customers
CUST05542,Vivaan Joshi,13,23,180105.14,47492.87,4041,0.0132,80.7254,Long Tail Customers
CUST00384,Aditya Kumar,10,24,180086.34,34323.51,4042,0.0132,80.7386,Long Tail Customers
CUST00307,Amit Sharma,8,26,180050.5,61404.18,4043,0.0132,80.7519,Long Tail Customers
CUST02758,Vivaan Nair,11,26,180000.25,30037.09,4044,0.0132,80.7651,Long Tail Customers
CUST00383,Karan Singh,14,29,179938.7,38903.72,4045,0.0132,80.7783,Long Tail Customers
CUST01001,Rahul Patil,10,25,179889.19,48766.59,4046,0.0132,80.7915,Long Tail Customers
CUST01094,Amit Patil,12,25,179888.76,44159.89,4047,0.0132,80.8047,Long Tail Customers
CUST01394,Karan Shah,12,29,179865.8,37683.57,4048,0.0132,80.8179,Long Tail Customers
CUST01853,Amit Patil,15,31,179841.33,41202.21,4049,0.0132,80.8311,Long Tail Customers
CUST02289,Kavya Singh,8,22,179823.41,53338.13,4050,0.0132,80.8443,Long Tail Customers
CUST02695,Rahul Sharma,13,30,179820.1,48369.57,4051,0.0132,80.8576,Long Tail Customers
CUST03773,Isha Verma,12,30,179795.29,30054.65,4052,0.0132,80.8708,Long Tail Customers
CUST05811,Aarav Kumar,8,19,179786.61,46545.4,4053,0.0132,80.884,Long Tail Customers
CUST04801,Kavya Kumar,14,28,179687.82,38351.22,4054,0.0132,80.8972,Long Tail Customers
CUST01785,Aditya Nair,12,27,179559.9,43220.14,4055,0.0132,80.9103,Long Tail Customers
CUST01039,Priya Deshmukh,14,28,179538.81,39416.08,4056,0.0132,80.9235,Long Tail Customers
CUST04960,Karan Patil,11,28,179534.73,34636.8,4057,0.0132,80.9367,Long Tail Customers
CUST00929,Rahul Shah,10,18,179253.78,35852.16,4058,0.0132,80.9499,Long Tail Customers
CUST01153,Rahul Sharma,15,30,179225.13,36895.76,4059,0.0132,80.963,Long Tail Customers
CUST04375,Rohan Mehta,13,28,179220.12,39950.86,4060,0.0132,80.9762,Long Tail Customers
CUST03455,Aarav Nair,14,27,179215.98,31741.23,4061,0.0132,80.9894,Long Tail Customers
CUST01841,Kavya Mhaske,13,32,179065.93,40971.27,4062,0.0132,81.0025,Long Tail Customers
CUST05477,Meera Nair,14,35,179001.34,36262.04,4063,0.0131,81.0157,Long Tail Customers
CUST02170,Amit Mehta,10,21,178950.33,47561.87,4064,0.0131,81.0288,Long Tail Customers
CUST03291,Neha Verma,16,33,178928.58,46193.28,4065,0.0131,81.0419,Long Tail Customers
CUST05429,Rahul Mhaske,11,20,178918.27,40260.06,4066,0.0131,81.0551,Long Tail Customers
CUST05289,Kavya Deshmukh,10,22,178903.04,50981.56,4067,0.0131,81.0682,Long Tail Customers
CUST04619,Ananya Nair,11,22,178890.68,55615.0,4068,0.0131,81.0814,Long Tail Customers
CUST03535,Aarav Singh,11,30,178881.79,49137.95,4069,0.0131,81.0945,Long Tail Customers
CUST00089,Meera Singh,8,20,178808.35,39308.3,4070,0.0131,81.1076,Long Tail Customers
CUST03788,Amit Joshi,12,24,178794.44,43716.87,4071,0.0131,81.1208,Long Tail Customers
CUST00035,Ananya Shah,14,27,178716.43,49734.84,4072,0.0131,81.1339,Long Tail Customers
CUST00986,Neha Singh,9,24,178712.53,42466.6,4073,0.0131,81.147,Long Tail Customers
CUST03533,Amit Gupta,7,16,178704.91,50550.48,4074,0.0131,81.1601,Long Tail Customers
CUST00538,Rohan Sharma,14,32,178329.24,34068.01,4075,0.0131,81.1732,Long Tail Customers
CUST01757,Arjun Joshi,9,24,178281.12,38189.21,4076,0.0131,81.1863,Long Tail Customers
CUST03666,Pooja Mhaske,13,26,178175.48,46332.55,4077,0.0131,81.1994,Long Tail Customers
CUST00172,Amit Verma,9,20,178138.52,49965.7,4078,0.0131,81.2125,Long Tail Customers
CUST03960,Meera Deshmukh,14,34,178083.65,40133.16,4079,0.0131,81.2256,Long Tail Customers
CUST01212,Aditya Mhaske,9,20,178029.82,48552.81,4080,0.0131,81.2386,Long Tail Customers
CUST02308,Neha Verma,11,23,177954.45,32605.54,4081,0.0131,81.2517,Long Tail Customers
CUST02186,Meera Mhaske,10,26,177908.06,47690.98,4082,0.0131,81.2648,Long Tail Customers
CUST01331,Neha Deshmukh,14,32,177857.66,50271.71,4083,0.0131,81.2778,Long Tail Customers
CUST03952,Meera Gupta,9,21,177714.29,54743.48,4084,0.0131,81.2909,Long Tail Customers
CUST02018,Arjun Nair,11,22,177701.46,33041.58,4085,0.0131,81.3039,Long Tail Customers
CUST04197,Rohan Nair,8,18,177699.23,44461.75,4086,0.0131,81.317,Long Tail Customers
CUST01739,Aditya Sharma,11,25,177621.41,46796.89,4087,0.013,81.33,Long Tail Customers
CUST03240,Sneha Verma,12,27,177578.74,31649.68,4088,0.013,81.3431,Long Tail Customers
CUST01170,Vivaan Mhaske,13,29,177419.72,41735.34,4089,0.013,81.3561,Long Tail Customers
CUST04777,Karan Mehta,8,18,177381.94,54905.74,4090,0.013,81.3691,Long Tail Customers
CUST02466,Kavya Joshi,8,27,177265.52,49650.07,4091,0.013,81.3822,Long Tail Customers
CUST04798,Aditya Singh,14,22,177242.81,32171.41,4092,0.013,81.3952,Long Tail Customers
CUST05321,Rohan Nair,12,32,177235.57,48662.17,4093,0.013,81.4082,Long Tail Customers
CUST01869,Vivaan Mhaske,13,34,177220.81,40695.44,4094,0.013,81.4212,Long Tail Customers
CUST02350,Meera Patil,11,24,177176.2,46170.15,4095,0.013,81.4342,Long Tail Customers
CUST02405,Ananya Verma,11,23,177169.43,38541.01,4096,0.013,81.4472,Long Tail Customers
CUST00571,Rohan Gupta,9,21,177135.97,39395.8,4097,0.013,81.4602,Long Tail Customers
CUST00599,Kavya Joshi,8,20,177132.56,42592.33,4098,0.013,81.4733,Long Tail Customers
CUST04212,Aditya Patil,15,26,177127.98,46200.11,4099,0.013,81.4863,Long Tail Customers
CUST01313,Rohan Gupta,12,28,177106.42,31449.79,4100,0.013,81.4993,Long Tail Customers
CUST01565,Rahul Kumar,11,27,177029.31,43314.6,4101,0.013,81.5123,Long Tail Customers
CUST03886,Pooja Deshmukh,13,30,177012.66,41566.32,4102,0.013,81.5253,Long Tail Customers
CUST00120,Sneha Kumar,11,25,176941.18,48080.53,4103,0.013,81.5383,Long Tail Customers
CUST02816,Ananya Kumar,12,29,176926.21,48929.0,4104,0.013,81.5513,Long Tail Customers
CUST02735,Aarav Singh,10,29,176894.27,34821.3,4105,0.013,81.5642,Long Tail Customers
CUST04524,Amit Mhaske,8,22,176882.32,39985.38,4106,0.013,81.5772,Long Tail Customers
CUST02800,Karan Nair,9,19,176847.51,41217.38,4107,0.013,81.5902,Long Tail Customers
CUST05468,Meera Nair,13,20,176776.82,47549.62,4108,0.013,81.6032,Long Tail Customers
CUST00980,Karan Joshi,10,25,176695.02,41539.83,4109,0.013,81.6162,Long Tail Customers
CUST05735,Aditya Joshi,10,20,176543.29,34756.29,4110,0.013,81.6292,Long Tail Customers
CUST01553,Kavya Mehta,7,27,176355.68,40230.75,4111,0.013,81.6421,Long Tail Customers
CUST05238,Aarav Sharma,11,24,176304.4,40357.73,4112,0.0129,81.6551,Long Tail Customers
CUST01527,Kavya Kumar,12,30,176268.93,44934.31,4113,0.0129,81.668,Long Tail Customers
CUST02331,Ananya Joshi,10,18,176268.54,45793.91,4114,0.0129,81.6809,Long Tail Customers
CUST02818,Isha Nair,9,22,176161.43,43591.98,4115,0.0129,81.6939,Long Tail Customers
CUST01088,Aarav Shah,14,36,176137.52,40075.99,4116,0.0129,81.7068,Long Tail Customers
CUST05674,Karan Joshi,16,34,176131.96,51858.45,4117,0.0129,81.7198,Long Tail Customers
CUST05980,Meera Shah,10,30,176108.56,37210.97,4118,0.0129,81.7327,Long Tail Customers
CUST04686,Rohan Mhaske,10,30,176084.15,41956.31,4119,0.0129,81.7456,Long Tail Customers
CUST05312,Meera Verma,12,22,176080.09,46459.19,4120,0.0129,81.7586,Long Tail Customers
CUST02029,Rahul Patil,7,18,176029.48,40097.84,4121,0.0129,81.7715,Long Tail Customers
CUST03154,Ananya Gupta,12,28,175940.34,49782.89,4122,0.0129,81.7844,Long Tail Customers
CUST05862,Amit Deshmukh,12,34,175910.06,39444.11,4123,0.0129,81.7973,Long Tail Customers
CUST00883,Arjun Deshmukh,9,15,175835.85,41209.25,4124,0.0129,81.8102,Long Tail Customers
CUST01927,Karan Kumar,11,24,175809.02,33548.58,4125,0.0129,81.8231,Long Tail Customers
CUST03425,Priya Singh,10,18,175793.44,43948.66,4126,0.0129,81.8361,Long Tail Customers
CUST04419,Kavya Kumar,14,28,175676.86,36079.29,4127,0.0129,81.849,Long Tail Customers
CUST02030,Meera Mehta,11,30,175518.69,33353.15,4128,0.0129,81.8618,Long Tail Customers
CUST01435,Aarav Sharma,11,26,175478.1,42355.39,4129,0.0129,81.8747,Long Tail Customers
CUST05464,Rohan Singh,18,33,175452.96,41182.15,4130,0.0129,81.8876,Long Tail Customers
CUST05330,Arjun Mhaske,9,27,175450.04,41097.96,4131,0.0129,81.9005,Long Tail Customers
CUST05306,Priya Joshi,9,20,175444.54,34660.42,4132,0.0129,81.9134,Long Tail Customers
CUST01864,Vivaan Kumar,11,26,175380.13,40546.18,4133,0.0129,81.9263,Long Tail Customers
CUST02109,Neha Gupta,12,24,175378.36,49631.21,4134,0.0129,81.9392,Long Tail Customers
CUST00417,Kavya Deshmukh,11,18,175360.47,35506.49,4135,0.0129,81.952,Long Tail Customers
CUST05608,Pooja Singh,14,33,175352.39,54167.08,4136,0.0129,81.9649,Long Tail Customers
CUST03289,Pooja Gupta,12,25,175268.08,28821.32,4137,0.0129,81.9778,Long Tail Customers
CUST03734,Priya Kumar,8,25,175256.22,41025.24,4138,0.0129,81.9907,Long Tail Customers
CUST03254,Karan Joshi,11,27,175252.39,34954.2,4139,0.0129,82.0035,Long Tail Customers
CUST02297,Arjun Sharma,9,22,175098.6,41531.46,4140,0.0129,82.0164,Long Tail Customers
CUST02601,Rahul Shah,9,26,175026.85,35302.15,4141,0.0129,82.0292,Long Tail Customers
CUST05901,Kavya Deshmukh,11,25,175024.31,47756.93,4142,0.0129,82.0421,Long Tail Customers
CUST04731,Aditya Mhaske,14,30,175022.17,37856.39,4143,0.0129,82.0549,Long Tail Customers
CUST00618,Aarav Sharma,14,24,175008.65,35811.05,4144,0.0129,82.0678,Long Tail Customers
CUST02325,Arjun Mehta,10,28,175006.07,31790.93,4145,0.0129,82.0806,Long Tail Customers
CUST03011,Amit Joshi,12,31,174982.03,42963.19,4146,0.0129,82.0935,Long Tail Customers
CUST02298,Pooja Mhaske,12,25,174961.22,41306.8,4147,0.0128,82.1063,Long Tail Customers
CUST01709,Ananya Kumar,12,18,174899.3,41819.64,4148,0.0128,82.1192,Long Tail Customers
CUST01677,Isha Sharma,14,28,174871.6,42011.79,4149,0.0128,82.132,Long Tail Customers
CUST04653,Meera Singh,13,37,174839.31,36392.33,4150,0.0128,82.1449,Long Tail Customers
CUST00333,Rahul Nair,8,19,174688.76,31758.42,4151,0.0128,82.1577,Long Tail Customers
CUST01363,Rohan Nair,12,34,174646.39,34564.73,4152,0.0128,82.1705,Long Tail Customers
CUST00951,Neha Gupta,9,31,174638.91,41356.49,4153,0.0128,82.1834,Long Tail Customers
CUST01383,Karan Mhaske,11,22,174586.34,42321.89,4154,0.0128,82.1962,Long Tail Customers
CUST01965,Arjun Verma,13,27,174585.81,33942.84,4155,0.0128,82.209,Long Tail Customers
CUST02154,Ananya Kumar,11,22,174559.94,42638.15,4156,0.0128,82.2218,Long Tail Customers
CUST02808,Ananya Sharma,10,20,174528.29,28777.15,4157,0.0128,82.2346,Long Tail Customers
CUST04394,Neha Sharma,13,30,174500.18,45797.93,4158,0.0128,82.2475,Long Tail Customers
CUST04638,Priya Shah,10,26,174478.33,36914.28,4159,0.0128,82.2603,Long Tail Customers
CUST00404,Ananya Kumar,8,19,174467.08,29265.39,4160,0.0128,82.2731,Long Tail Customers
CUST04186,Karan Mhaske,9,23,174333.35,33700.64,4161,0.0128,82.2859,Long Tail Customers
CUST04571,Priya Mehta,10,28,174294.72,51294.99,4162,0.0128,82.2987,Long Tail Customers
CUST02828,Karan Joshi,14,27,174274.19,43862.92,4163,0.0128,82.3115,Long Tail Customers
CUST00165,Rohan Singh,10,23,174256.6,34880.91,4164,0.0128,82.3243,Long Tail Customers
CUST00640,Meera Singh,6,16,174253.7,43695.45,4165,0.0128,82.3371,Long Tail Customers
CUST05801,Neha Deshmukh,11,23,174216.12,47578.79,4166,0.0128,82.3499,Long Tail Customers
CUST05708,Ananya Sharma,14,32,174161.38,32848.57,4167,0.0128,82.3627,Long Tail Customers
CUST00561,Kavya Joshi,11,22,174143.53,42207.94,4168,0.0128,82.3755,Long Tail Customers
CUST05161,Rohan Patil,12,28,174135.84,41012.42,4169,0.0128,82.3882,Long Tail Customers
CUST04984,Rahul Singh,15,26,174124.99,50177.62,4170,0.0128,82.401,Long Tail Customers
CUST03893,Neha Mhaske,11,25,174100.03,38236.29,4171,0.0128,82.4138,Long Tail Customers
CUST05481,Rohan Patil,12,21,174094.7,41800.6,4172,0.0128,82.4266,Long Tail Customers
CUST02006,Rahul Gupta,9,18,174085.68,41805.97,4173,0.0128,82.4394,Long Tail Customers
CUST02437,Arjun Kumar,9,24,174079.08,48981.2,4174,0.0128,82.4522,Long Tail Customers
CUST03379,Pooja Mehta,14,23,174056.65,49339.48,4175,0.0128,82.465,Long Tail Customers
CUST01823,Ananya Mehta,13,25,174052.9,38769.68,4176,0.0128,82.4777,Long Tail Customers
CUST00619,Priya Joshi,13,30,174030.03,54659.97,4177,0.0128,82.4905,Long Tail Customers
CUST05579,Ananya Joshi,12,18,173949.01,39118.19,4178,0.0128,82.5033,Long Tail Customers
CUST02384,Arjun Kumar,14,24,173937.77,46894.09,4179,0.0128,82.5161,Long Tail Customers
CUST03103,Amit Singh,10,20,173926.27,37527.41,4180,0.0128,82.5288,Long Tail Customers
CUST00177,Neha Patil,12,24,173876.43,39639.0,4181,0.0128,82.5416,Long Tail Customers
CUST01328,Priya Nair,12,29,173875.03,40924.94,4182,0.0128,82.5544,Long Tail Customers
CUST01491,Neha Singh,15,30,173865.32,46959.33,4183,0.0128,82.5672,Long Tail Customers
CUST01230,Vivaan Kumar,12,21,173851.97,48952.9,4184,0.0128,82.5799,Long Tail Customers
CUST02472,Isha Patil,9,19,173763.16,43360.75,4185,0.0128,82.5927,Long Tail Customers
CUST02992,Aarav Mhaske,9,23,173726.92,43080.38,4186,0.0128,82.6054,Long Tail Customers
CUST02742,Sneha Mhaske,11,25,173598.77,42535.98,4187,0.0127,82.6182,Long Tail Customers
CUST03844,Rohan Sharma,9,22,173590.31,52110.16,4188,0.0127,82.6309,Long Tail Customers
CUST04018,Isha Verma,9,22,173554.67,53543.15,4189,0.0127,82.6437,Long Tail Customers
CUST05063,Isha Shah,11,24,173523.37,34715.71,4190,0.0127,82.6564,Long Tail Customers
CUST03108,Rahul Joshi,11,26,173483.45,50549.0,4191,0.0127,82.6692,Long Tail Customers
CUST02901,Aarav Joshi,16,52,173468.79,42036.58,4192,0.0127,82.6819,Long Tail Customers
CUST04990,Arjun Mhaske,12,25,173445.82,47337.16,4193,0.0127,82.6946,Long Tail Customers
CUST01046,Meera Singh,12,18,173402.66,43052.56,4194,0.0127,82.7074,Long Tail Customers
CUST03676,Aditya Verma,9,18,173400.85,52998.56,4195,0.0127,82.7201,Long Tail Customers
CUST01979,Kavya Verma,10,24,173395.85,41884.3,4196,0.0127,82.7329,Long Tail Customers
CUST01628,Vivaan Sharma,8,19,173379.14,39760.83,4197,0.0127,82.7456,Long Tail Customers
CUST05158,Amit Joshi,11,29,173377.62,39650.99,4198,0.0127,82.7583,Long Tail Customers
CUST04141,Meera Nair,8,17,173370.92,40498.15,4199,0.0127,82.7711,Long Tail Customers
CUST01789,Priya Patil,12,28,173367.66,45314.38,4200,0.0127,82.7838,Long Tail Customers
CUST03522,Priya Kumar,8,23,173336.04,47384.57,4201,0.0127,82.7965,Long Tail Customers
CUST04032,Arjun Verma,11,21,173162.09,52293.51,4202,0.0127,82.8092,Long Tail Customers
CUST01120,Amit Joshi,12,24,173157.43,32629.27,4203,0.0127,82.8219,Long Tail Customers
CUST03937,Priya Mehta,15,28,173149.57,50846.21,4204,0.0127,82.8347,Long Tail Customers
CUST05494,Priya Mhaske,10,26,173147.48,39610.12,4205,0.0127,82.8474,Long Tail Customers
CUST05993,Ananya Shah,13,28,173113.76,38216.65,4206,0.0127,82.8601,Long Tail Customers
CUST05407,Neha Gupta,11,20,173106.97,40399.59,4207,0.0127,82.8728,Long Tail Customers
CUST01228,Rohan Deshmukh,10,21,173095.62,51692.7,4208,0.0127,82.8855,Long Tail Customers
CUST04357,Amit Deshmukh,7,25,173088.41,47946.42,4209,0.0127,82.8982,Long Tail Customers
CUST03107,Isha Mehta,13,30,173006.51,35689.2,4210,0.0127,82.9109,Long Tail Customers
CUST03610,Pooja Mehta,8,16,172979.63,33092.48,4211,0.0127,82.9236,Long Tail Customers
CUST02639,Aarav Shah,12,25,172911.45,34042.26,4212,0.0127,82.9363,Long Tail Customers
CUST05867,Ananya Singh,10,21,172851.94,45150.08,4213,0.0127,82.949,Long Tail Customers
CUST01208,Neha Singh,10,22,172845.66,43909.93,4214,0.0127,82.9617,Long Tail Customers
CUST05907,Isha Singh,12,29,172842.83,41467.01,4215,0.0127,82.9744,Long Tail Customers
CUST02415,Rohan Joshi,10,27,172816.95,45698.75,4216,0.0127,82.9871,Long Tail Customers
CUST03124,Aarav Kumar,14,32,172724.19,38337.3,4217,0.0127,82.9998,Long Tail Customers
CUST01926,Amit Mhaske,12,34,172660.42,46457.71,4218,0.0127,83.0125,Long Tail Customers
CUST00542,Karan Sharma,9,19,172629.26,37205.42,4219,0.0127,83.0252,Long Tail Customers
CUST03900,Amit Verma,13,31,172554.5,44241.82,4220,0.0127,83.0378,Long Tail Customers
CUST05593,Ananya Verma,11,23,172500.07,38604.37,4221,0.0127,83.0505,Long Tail Customers
CUST00248,Sneha Mhaske,11,25,172430.97,36248.69,4222,0.0127,83.0632,Long Tail Customers
CUST01267,Pooja Mhaske,7,20,172420.95,42786.22,4223,0.0127,83.0758,Long Tail Customers
CUST00086,Kavya Gupta,10,21,172383.27,34894.66,4224,0.0127,83.0885,Long Tail Customers
CUST03141,Amit Verma,10,18,172378.52,28576.02,4225,0.0127,83.1011,Long Tail Customers
CUST01436,Pooja Singh,12,23,172308.02,39720.55,4226,0.0127,83.1138,Long Tail Customers
CUST02081,Isha Kumar,8,19,172303.21,44724.48,4227,0.0127,83.1265,Long Tail Customers
CUST00201,Ananya Nair,11,21,172238.97,49125.06,4228,0.0126,83.1391,Long Tail Customers
CUST02949,Rohan Shah,13,31,172233.88,39174.25,4229,0.0126,83.1518,Long Tail Customers
CUST04654,Rohan Kumar,11,27,172227.56,46104.88,4230,0.0126,83.1644,Long Tail Customers
CUST01248,Amit Gupta,18,35,172154.22,45594.93,4231,0.0126,83.177,Long Tail Customers
CUST02043,Vivaan Shah,12,29,172132.24,30370.9,4232,0.0126,83.1897,Long Tail Customers
CUST00902,Sneha Nair,13,21,172121.28,37361.67,4233,0.0126,83.2023,Long Tail Customers
CUST01985,Rohan Shah,10,20,172099.18,42931.36,4234,0.0126,83.215,Long Tail Customers
CUST03638,Rohan Kumar,7,15,172089.41,48603.24,4235,0.0126,83.2276,Long Tail Customers
CUST03347,Aditya Mhaske,11,16,172047.73,28714.3,4236,0.0126,83.2402,Long Tail Customers
CUST03795,Karan Joshi,10,24,172036.59,41881.95,4237,0.0126,83.2529,Long Tail Customers
CUST05795,Rohan Patil,12,26,171923.64,42765.07,4238,0.0126,83.2655,Long Tail Customers
CUST03333,Rohan Mhaske,10,25,171897.6,38175.99,4239,0.0126,83.2781,Long Tail Customers
CUST01455,Meera Gupta,8,18,171856.38,32427.35,4240,0.0126,83.2907,Long Tail Customers
CUST04462,Meera Verma,10,21,171825.69,55240.49,4241,0.0126,83.3034,Long Tail Customers
CUST01738,Pooja Patil,11,27,171819.22,45516.38,4242,0.0126,83.316,Long Tail Customers
CUST00800,Meera Deshmukh,15,29,171815.15,43773.25,4243,0.0126,83.3286,Long Tail Customers
CUST01956,Amit Nair,8,19,171701.23,41795.73,4244,0.0126,83.3412,Long Tail Customers
CUST00305,Ananya Patil,10,20,171626.57,48121.07,4245,0.0126,83.3538,Long Tail Customers
CUST04236,Isha Mehta,8,16,171452.76,28240.12,4246,0.0126,83.3664,Long Tail Customers
CUST04728,Amit Mhaske,11,25,171441.6,49304.81,4247,0.0126,83.379,Long Tail Customers
CUST03007,Karan Sharma,11,28,171435.6,41169.92,4248,0.0126,83.3916,Long Tail Customers
CUST04927,Rahul Verma,11,20,171403.1,36500.52,4249,0.0126,83.4042,Long Tail Customers
CUST02153,Kavya Singh,9,20,171386.34,33620.52,4250,0.0126,83.4168,Long Tail Customers
CUST05221,Arjun Singh,13,26,171383.47,42139.28,4251,0.0126,83.4294,Long Tail Customers
CUST02187,Sneha Shah,13,25,171344.12,47033.96,4252,0.0126,83.4419,Long Tail Customers
CUST02428,Karan Sharma,8,16,171330.68,37072.36,4253,0.0126,83.4545,Long Tail Customers
CUST02644,Pooja Gupta,13,27,171312.51,28557.66,4254,0.0126,83.4671,Long Tail Customers
CUST01977,Aditya Shah,8,18,171296.55,46774.65,4255,0.0126,83.4797,Long Tail Customers
CUST00050,Aditya Gupta,10,21,171235.6,34574.2,4256,0.0126,83.4923,Long Tail Customers
CUST04217,Rahul Nair,14,24,171222.23,44041.98,4257,0.0126,83.5048,Long Tail Customers
CUST04896,Rahul Singh,10,19,171205.02,40844.21,4258,0.0126,83.5174,Long Tail Customers
CUST01798,Meera Mhaske,12,22,171156.99,37614.38,4259,0.0126,83.53,Long Tail Customers
CUST05350,Neha Gupta,14,26,171129.35,42637.33,4260,0.0126,83.5425,Long Tail Customers
CUST03714,Sneha Patil,10,17,171102.36,44504.58,4261,0.0126,83.5551,Long Tail Customers
CUST03113,Karan Joshi,8,19,170932.67,50107.62,4262,0.0126,83.5677,Long Tail Customers
CUST00093,Kavya Patil,10,25,170909.5,36795.76,4263,0.0126,83.5802,Long Tail Customers
CUST03544,Arjun Singh,14,33,170875.83,41895.64,4264,0.0125,83.5928,Long Tail Customers
CUST05453,Rahul Deshmukh,10,38,170857.04,45471.03,4265,0.0125,83.6053,Long Tail Customers
CUST05271,Amit Kumar,12,25,170792.35,36700.1,4266,0.0125,83.6179,Long Tail Customers
CUST04566,Rohan Deshmukh,14,31,170778.24,40529.7,4267,0.0125,83.6304,Long Tail Customers
CUST01264,Vivaan Mhaske,14,29,170733.81,37211.68,4268,0.0125,83.6429,Long Tail Customers
CUST02730,Arjun Verma,10,20,170725.01,48764.1,4269,0.0125,83.6555,Long Tail Customers
CUST01834,Arjun Mehta,11,30,170720.71,46555.28,4270,0.0125,83.668,Long Tail Customers
CUST05187,Priya Joshi,10,20,170703.67,32671.19,4271,0.0125,83.6806,Long Tail Customers
CUST01766,Rahul Shah,12,23,170703.48,46363.45,4272,0.0125,83.6931,Long Tail Customers
CUST05049,Aarav Kumar,6,21,170629.82,28656.61,4273,0.0125,83.7056,Long Tail Customers
CUST02038,Kavya Gupta,13,28,170528.26,37617.86,4274,0.0125,83.7181,Long Tail Customers
CUST04084,Aditya Mhaske,8,23,170497.51,48544.45,4275,0.0125,83.7307,Long Tail Customers
CUST02660,Aditya Sharma,10,24,170469.67,43524.38,4276,0.0125,83.7432,Long Tail Customers
CUST05958,Arjun Shah,9,18,170399.68,44198.15,4277,0.0125,83.7557,Long Tail Customers
CUST03299,Rohan Singh,10,26,170318.33,42790.39,4278,0.0125,83.7682,Long Tail Customers
CUST02874,Arjun Deshmukh,12,31,170193.73,26517.19,4279,0.0125,83.7807,Long Tail Customers
CUST04474,Sneha Nair,10,22,170056.77,41536.75,4280,0.0125,83.7932,Long Tail Customers
CUST02948,Aarav Shah,8,19,170017.9,43483.56,4281,0.0125,83.8057,Long Tail Customers
CUST00695,Rohan Nair,13,31,169979.73,31702.21,4282,0.0125,83.8182,Long Tail Customers
CUST05331,Amit Sharma,9,23,169979.5,46671.74,4283,0.0125,83.8307,Long Tail Customers
CUST03929,Rahul Verma,13,24,169892.97,31547.7,4284,0.0125,83.8431,Long Tail Customers
CUST01561,Kavya Nair,10,26,169888.04,44411.11,4285,0.0125,83.8556,Long Tail Customers
CUST00544,Isha Deshmukh,9,21,169738.84,54682.43,4286,0.0125,83.8681,Long Tail Customers
CUST02386,Amit Nair,12,23,169735.87,48166.74,4287,0.0125,83.8805,Long Tail Customers
CUST00880,Rahul Singh,9,24,169716.42,44194.32,4288,0.0125,83.893,Long Tail Customers
CUST02906,Rahul Gupta,12,26,169615.18,44386.06,4289,0.0125,83.9055,Long Tail Customers
CUST02148,Arjun Nair,12,27,169571.08,36257.47,4290,0.0125,83.9179,Long Tail Customers
CUST02688,Rohan Joshi,10,20,169530.01,36115.04,4291,0.0125,83.9304,Long Tail Customers
CUST01021,Vivaan Sharma,11,21,169493.31,45331.12,4292,0.0124,83.9428,Long Tail Customers
CUST02884,Aditya Mhaske,11,30,169474.5,42183.15,4293,0.0124,83.9553,Long Tail Customers
CUST04446,Neha Verma,11,22,169406.9,23654.94,4294,0.0124,83.9677,Long Tail Customers
CUST05718,Pooja Mehta,8,19,169395.68,27584.63,4295,0.0124,83.9801,Long Tail Customers
CUST01660,Arjun Joshi,12,24,169364.7,36760.78,4296,0.0124,83.9926,Long Tail Customers
CUST04599,Kavya Gupta,17,26,169353.74,40581.77,4297,0.0124,84.005,Long Tail Customers
CUST04358,Rahul Shah,14,27,169275.02,30453.43,4298,0.0124,84.0174,Long Tail Customers
CUST00832,Rohan Gupta,8,24,169206.22,37073.68,4299,0.0124,84.0299,Long Tail Customers
CUST05147,Vivaan Deshmukh,10,21,169142.13,44385.07,4300,0.0124,84.0423,Long Tail Customers
CUST00515,Arjun Sharma,13,27,169101.75,40230.4,4301,0.0124,84.0547,Long Tail Customers
CUST03184,Vivaan Patil,12,21,169003.75,37714.94,4302,0.0124,84.0671,Long Tail Customers
CUST03408,Vivaan Singh,13,31,168849.18,38902.01,4303,0.0124,84.0795,Long Tail Customers
CUST03817,Kavya Singh,13,27,168756.07,34408.02,4304,0.0124,84.0919,Long Tail Customers
CUST00011,Rohan Singh,12,27,168682.39,46501.24,4305,0.0124,84.1043,Long Tail Customers
CUST00388,Aarav Mehta,14,28,168644.02,22473.48,4306,0.0124,84.1167,Long Tail Customers
CUST05820,Aarav Singh,14,27,168563.95,46137.57,4307,0.0124,84.1291,Long Tail Customers
CUST01904,Neha Nair,10,23,168556.42,43881.12,4308,0.0124,84.1415,Long Tail Customers
CUST03069,Kavya Shah,16,30,168509.86,36020.75,4309,0.0124,84.1538,Long Tail Customers
CUST05723,Aarav Patil,11,30,168493.14,36533.92,4310,0.0124,84.1662,Long Tail Customers
CUST01967,Arjun Singh,11,17,168447.29,46442.65,4311,0.0124,84.1786,Long Tail Customers
CUST01479,Kavya Joshi,11,26,168444.68,27367.45,4312,0.0124,84.1909,Long Tail Customers
CUST02052,Kavya Nair,14,30,168441.35,40316.74,4313,0.0124,84.2033,Long Tail Customers
CUST02416,Aditya Verma,12,24,168409.18,37504.94,4314,0.0124,84.2157,Long Tail Customers
CUST05297,Sneha Nair,12,20,168408.44,41869.8,4315,0.0124,84.2281,Long Tail Customers
CUST05994,Karan Gupta,10,28,168392.21,33133.04,4316,0.0124,84.2404,Long Tail Customers
CUST00198,Amit Singh,10,23,168379.25,42556.65,4317,0.0124,84.2528,Long Tail Customers
CUST05836,Arjun Gupta,12,28,168366.22,47214.07,4318,0.0124,84.2651,Long Tail Customers
CUST04636,Aarav Singh,12,21,168362.61,34965.23,4319,0.0124,84.2775,Long Tail Customers
CUST00310,Amit Joshi,14,27,168327.14,45418.69,4320,0.0124,84.2899,Long Tail Customers
CUST01062,Aarav Joshi,8,19,168204.01,41746.46,4321,0.0124,84.3022,Long Tail Customers
CUST02698,Karan Kumar,9,31,168195.89,33206.12,4322,0.0124,84.3146,Long Tail Customers
CUST04160,Vivaan Kumar,14,34,168168.93,31326.23,4323,0.0124,84.3269,Long Tail Customers
CUST02103,Sneha Sharma,11,23,168161.92,34910.55,4324,0.0124,84.3393,Long Tail Customers
CUST01659,Neha Mhaske,10,27,168131.4,36570.52,4325,0.0123,84.3516,Long Tail Customers
CUST04684,Amit Nair,17,34,168060.27,37281.59,4326,0.0123,84.364,Long Tail Customers
CUST05373,Karan Nair,9,23,168039.16,40748.92,4327,0.0123,84.3763,Long Tail Customers
CUST05028,Kavya Nair,10,23,168015.61,39554.98,4328,0.0123,84.3887,Long Tail Customers
CUST01318,Sneha Verma,9,19,167994.33,46225.12,4329,0.0123,84.401,Long Tail Customers
CUST02592,Vivaan Patil,8,24,167986.95,28712.05,4330,0.0123,84.4133,Long Tail Customers
CUST00757,Rohan Mehta,10,20,167951.19,46719.28,4331,0.0123,84.4257,Long Tail Customers
CUST04194,Neha Deshmukh,15,28,167895.49,36594.45,4332,0.0123,84.438,Long Tail Customers
CUST03946,Isha Singh,15,33,167861.51,31213.39,4333,0.0123,84.4503,Long Tail Customers
CUST03898,Isha Sharma,13,23,167825.05,46587.93,4334,0.0123,84.4626,Long Tail Customers
CUST04273,Aarav Patil,12,28,167797.78,50390.94,4335,0.0123,84.475,Long Tail Customers
CUST03702,Aditya Verma,8,19,167781.4,50892.73,4336,0.0123,84.4873,Long Tail Customers
CUST02645,Arjun Gupta,9,19,167717.4,44594.62,4337,0.0123,84.4996,Long Tail Customers
CUST04145,Sneha Mehta,11,27,167614.35,33962.95,4338,0.0123,84.5119,Long Tail Customers
CUST04924,Rahul Sharma,14,30,167533.6,37560.69,4339,0.0123,84.5242,Long Tail Customers
CUST05305,Arjun Verma,8,17,167527.73,40054.9,4340,0.0123,84.5365,Long Tail Customers
CUST04094,Neha Joshi,7,20,167505.66,33805.21,4341,0.0123,84.5488,Long Tail Customers
CUST04628,Rahul Patil,10,21,167504.52,39404.02,4342,0.0123,84.5611,Long Tail Customers
CUST05482,Aarav Mhaske,10,25,167488.96,48087.94,4343,0.0123,84.5734,Long Tail Customers
CUST01844,Kavya Joshi,12,23,167416.76,29616.63,4344,0.0123,84.5857,Long Tail Customers
CUST03849,Isha Singh,9,27,167405.35,36758.08,4345,0.0123,84.598,Long Tail Customers
CUST04822,Ananya Patil,9,23,167381.48,43677.2,4346,0.0123,84.6103,Long Tail Customers
CUST05601,Vivaan Deshmukh,13,23,167296.4,45087.79,4347,0.0123,84.6226,Long Tail Customers
CUST00182,Pooja Kumar,10,22,167279.24,34553.83,4348,0.0123,84.6349,Long Tail Customers
CUST01200,Ananya Verma,10,18,167277.52,35266.94,4349,0.0123,84.6472,Long Tail Customers
CUST05215,Ananya Nair,14,29,167274.54,36335.6,4350,0.0123,84.6595,Long Tail Customers
CUST02053,Aditya Kumar,9,18,167244.65,31696.92,4351,0.0123,84.6717,Long Tail Customers
CUST03551,Pooja Patil,10,18,167188.86,37796.74,4352,0.0123,84.684,Long Tail Customers
CUST04869,Amit Shah,9,23,167159.57,41135.77,4353,0.0123,84.6963,Long Tail Customers
CUST04697,Amit Verma,6,19,167153.8,40054.78,4354,0.0123,84.7086,Long Tail Customers
CUST03253,Meera Mhaske,12,26,167150.23,43514.85,4355,0.0123,84.7208,Long Tail Customers
CUST01151,Priya Nair,12,22,167149.69,35323.05,4356,0.0123,84.7331,Long Tail Customers
CUST03375,Priya Shah,13,29,167140.91,34443.85,4357,0.0123,84.7454,Long Tail Customers
CUST01401,Rohan Mehta,11,23,167117.94,32799.16,4358,0.0123,84.7577,Long Tail Customers
CUST00981,Sneha Sharma,12,35,167096.96,43358.29,4359,0.0123,84.7699,Long Tail Customers
CUST01086,Arjun Mhaske,8,22,166930.75,43585.7,4360,0.0123,84.7822,Long Tail Customers
CUST00436,Pooja Patil,13,26,166912.97,43188.04,4361,0.0123,84.7945,Long Tail Customers
CUST04254,Ananya Shah,10,19,166896.9,30836.16,4362,0.0123,84.8067,Long Tail Customers
CUST03266,Pooja Nair,8,17,166832.83,32708.46,4363,0.0123,84.819,Long Tail Customers
CUST01454,Rahul Mhaske,8,20,166824.82,47678.22,4364,0.0123,84.8312,Long Tail Customers
CUST05214,Aditya Sharma,11,22,166805.32,33529.63,4365,0.0123,84.8435,Long Tail Customers
CUST04933,Neha Joshi,12,26,166743.58,45526.89,4366,0.0122,84.8557,Long Tail Customers
CUST03426,Sneha Deshmukh,12,26,166709.45,52526.0,4367,0.0122,84.868,Long Tail Customers
CUST00923,Meera Singh,9,15,166646.3,46258.48,4368,0.0122,84.8802,Long Tail Customers
CUST05724,Ananya Mehta,14,22,166640.06,46689.86,4369,0.0122,84.8924,Long Tail Customers
CUST03002,Arjun Kumar,13,25,166631.72,35623.27,4370,0.0122,84.9047,Long Tail Customers
CUST02316,Arjun Kumar,8,20,166629.66,27737.31,4371,0.0122,84.9169,Long Tail Customers
CUST01704,Amit Joshi,11,29,166616.03,51645.45,4372,0.0122,84.9292,Long Tail Customers
CUST02582,Isha Nair,12,23,166594.89,41206.45,4373,0.0122,84.9414,Long Tail Customers
CUST03564,Sneha Sharma,13,21,166542.33,32042.49,4374,0.0122,84.9536,Long Tail Customers
CUST02456,Meera Gupta,9,21,166523.43,25052.35,4375,0.0122,84.9658,Long Tail Customers
CUST02204,Pooja Verma,12,23,166523.26,34289.4,4376,0.0122,84.9781,Long Tail Customers
CUST04108,Pooja Gupta,11,24,166426.46,27922.48,4377,0.0122,84.9903,Long Tail Customers
CUST00841,Isha Mhaske,15,29,166356.03,43503.75,4378,0.0122,85.0025,Long Tail Customers
CUST05021,Sneha Mhaske,15,28,166282.05,31857.9,4379,0.0122,85.0147,Long Tail Customers
CUST03130,Aarav Sharma,13,19,166190.71,42435.21,4380,0.0122,85.0269,Long Tail Customers
CUST03808,Meera Shah,15,28,166135.92,35930.56,4381,0.0122,85.0391,Long Tail Customers
CUST05084,Aditya Singh,9,20,166028.63,33195.6,4382,0.0122,85.0513,Long Tail Customers
CUST05454,Kavya Deshmukh,8,21,165960.23,53549.07,4383,0.0122,85.0635,Long Tail Customers
CUST00184,Rohan Mehta,10,23,165944.47,38932.04,4384,0.0122,85.0757,Long Tail Customers
CUST03545,Arjun Mehta,11,26,165937.15,43915.6,4385,0.0122,85.0879,Long Tail Customers
CUST00528,Karan Gupta,13,28,165911.82,46239.51,4386,0.0122,85.1001,Long Tail Customers
CUST04157,Rahul Joshi,8,21,165867.86,32922.03,4387,0.0122,85.1123,Long Tail Customers
CUST03530,Amit Verma,8,19,165822.19,49053.07,4388,0.0122,85.1244,Long Tail Customers
CUST03871,Rohan Patil,13,26,165759.84,51528.8,4389,0.0122,85.1366,Long Tail Customers
CUST04480,Amit Patil,7,19,165723.18,38151.25,4390,0.0122,85.1488,Long Tail Customers
CUST05234,Priya Kumar,14,29,165715.51,50794.34,4391,0.0122,85.161,Long Tail Customers
CUST00684,Kavya Verma,9,24,165702.71,52122.9,4392,0.0122,85.1731,Long Tail Customers
CUST02964,Rahul Joshi,11,19,165679.99,40269.53,4393,0.0122,85.1853,Long Tail Customers
CUST03393,Aarav Verma,13,27,165647.65,26648.9,4394,0.0122,85.1975,Long Tail Customers
CUST05846,Aditya Sharma,12,20,165641.15,40379.28,4395,0.0122,85.2096,Long Tail Customers
CUST03685,Priya Shah,13,28,165635.58,38553.49,4396,0.0122,85.2218,Long Tail Customers
CUST05202,Rahul Deshmukh,11,28,165631.13,29841.31,4397,0.0122,85.2339,Long Tail Customers
CUST03700,Priya Kumar,13,24,165627.7,41849.7,4398,0.0122,85.2461,Long Tail Customers
CUST05050,Pooja Kumar,13,28,165588.03,33593.88,4399,0.0122,85.2583,Long Tail Customers
CUST02969,Amit Patil,11,22,165525.72,46895.31,4400,0.0122,85.2704,Long Tail Customers
CUST03265,Neha Gupta,9,18,165491.66,38620.21,4401,0.0122,85.2826,Long Tail Customers
CUST05680,Rohan Mehta,7,26,165489.8,46861.62,4402,0.0122,85.2947,Long Tail Customers
CUST00452,Arjun Singh,11,22,165462.36,44131.16,4403,0.0122,85.3069,Long Tail Customers
CUST05226,Sneha Nair,11,23,165395.97,30753.58,4404,0.0121,85.319,Long Tail Customers
CUST01809,Priya Sharma,14,27,165116.51,37514.82,4405,0.0121,85.3312,Long Tail Customers
CUST03975,Meera Deshmukh,10,18,165102.71,27806.67,4406,0.0121,85.3433,Long Tail Customers
CUST04301,Arjun Patil,6,20,165036.96,45910.04,4407,0.0121,85.3554,Long Tail Customers
CUST05533,Priya Joshi,13,22,164981.81,39626.04,4408,0.0121,85.3675,Long Tail Customers
CUST02406,Sneha Verma,10,20,164956.31,50541.64,4409,0.0121,85.3796,Long Tail Customers
CUST02090,Rohan Deshmukh,14,32,164949.78,31134.15,4410,0.0121,85.3918,Long Tail Customers
CUST04913,Vivaan Shah,10,20,164933.11,30664.0,4411,0.0121,85.4039,Long Tail Customers
CUST01848,Karan Sharma,8,20,164897.51,31743.84,4412,0.0121,85.416,Long Tail Customers
CUST03553,Isha Nair,9,21,164892.0,39130.46,4413,0.0121,85.4281,Long Tail Customers
CUST02755,Isha Gupta,9,22,164803.56,49965.98,4414,0.0121,85.4402,Long Tail Customers
CUST02854,Rohan Mhaske,11,27,164791.75,33179.79,4415,0.0121,85.4523,Long Tail Customers
CUST02273,Sneha Deshmukh,9,22,164776.71,36056.43,4416,0.0121,85.4644,Long Tail Customers
CUST01063,Meera Patil,11,33,164602.8,48809.61,4417,0.0121,85.4765,Long Tail Customers
CUST03527,Ananya Singh,15,38,164512.47,38500.3,4418,0.0121,85.4886,Long Tail Customers
CUST01529,Aditya Patil,10,24,164501.78,37476.33,4419,0.0121,85.5006,Long Tail Customers
CUST03051,Meera Singh,10,26,164480.02,43493.14,4420,0.0121,85.5127,Long Tail Customers
CUST04407,Rahul Mhaske,9,17,164477.53,46751.33,4421,0.0121,85.5248,Long Tail Customers
CUST03985,Meera Verma,13,32,164449.55,33749.43,4422,0.0121,85.5369,Long Tail Customers
CUST03448,Sneha Deshmukh,13,26,164421.58,39002.36,4423,0.0121,85.549,Long Tail Customers
CUST02241,Amit Kumar,7,27,164420.81,44095.61,4424,0.0121,85.561,Long Tail Customers
CUST01368,Isha Sharma,9,23,164388.25,26830.63,4425,0.0121,85.5731,Long Tail Customers
CUST04555,Aditya Singh,9,23,164233.82,40701.18,4426,0.0121,85.5852,Long Tail Customers
CUST03117,Vivaan Gupta,8,21,164227.06,38001.07,4427,0.0121,85.5972,Long Tail Customers
CUST00194,Rahul Deshmukh,12,32,164125.73,45292.85,4428,0.0121,85.6093,Long Tail Customers
CUST03320,Rohan Gupta,9,20,164017.23,33784.62,4429,0.012,85.6213,Long Tail Customers
CUST03190,Arjun Nair,14,33,164015.47,48253.0,4430,0.012,85.6334,Long Tail Customers
CUST02263,Karan Patil,10,27,163948.69,45056.2,4431,0.012,85.6454,Long Tail Customers
CUST00058,Arjun Singh,9,17,163943.7,48794.51,4432,0.012,85.6575,Long Tail Customers
CUST05527,Arjun Mhaske,11,21,163906.66,38678.35,4433,0.012,85.6695,Long Tail Customers
CUST05411,Amit Sharma,12,28,163883.22,37852.22,4434,0.012,85.6815,Long Tail Customers
CUST00055,Aarav Nair,11,20,163881.1,40188.48,4435,0.012,85.6936,Long Tail Customers
CUST02930,Rohan Deshmukh,13,33,163864.04,35618.84,4436,0.012,85.7056,Long Tail Customers
CUST01000,Amit Singh,9,23,163818.69,42675.62,4437,0.012,85.7176,Long Tail Customers
CUST01091,Rohan Nair,8,20,163812.19,45119.08,4438,0.012,85.7297,Long Tail Customers
CUST04196,Ananya Joshi,10,18,163807.34,51892.17,4439,0.012,85.7417,Long Tail Customers
CUST01610,Arjun Kumar,12,29,163734.53,47177.05,4440,0.012,85.7537,Long Tail Customers
CUST03797,Rahul Mehta,14,27,163700.14,37080.04,4441,0.012,85.7657,Long Tail Customers
CUST05354,Ananya Mehta,15,28,163497.3,36690.23,4442,0.012,85.7777,Long Tail Customers
CUST01630,Priya Nair,12,21,163494.9,32383.41,4443,0.012,85.7898,Long Tail Customers
CUST01614,Neha Verma,11,25,163471.24,33849.86,4444,0.012,85.8018,Long Tail Customers
CUST03725,Meera Sharma,10,29,163432.4,37189.78,4445,0.012,85.8138,Long Tail Customers
CUST03710,Vivaan Shah,11,22,163432.38,45618.64,4446,0.012,85.8258,Long Tail Customers
CUST05500,Karan Mhaske,11,31,163343.04,34020.83,4447,0.012,85.8378,Long Tail Customers
CUST00336,Meera Nair,12,24,163317.7,35140.86,4448,0.012,85.8498,Long Tail Customers
CUST02314,Amit Mehta,14,22,163259.28,42151.68,4449,0.012,85.8617,Long Tail Customers
CUST04748,Sneha Deshmukh,12,19,163222.53,44328.29,4450,0.012,85.8737,Long Tail Customers
CUST01377,Rahul Mhaske,12,28,163211.79,46811.46,4451,0.012,85.8857,Long Tail Customers
CUST00634,Neha Shah,12,23,163137.68,35127.59,4452,0.012,85.8977,Long Tail Customers
CUST01778,Aarav Mehta,11,21,163107.19,51179.12,4453,0.012,85.9097,Long Tail Customers
CUST01134,Karan Singh,9,17,163087.1,40726.69,4454,0.012,85.9217,Long Tail Customers
CUST01976,Rohan Gupta,8,18,163068.99,30479.05,4455,0.012,85.9336,Long Tail Customers
CUST05519,Neha Sharma,13,20,163038.56,45115.36,4456,0.012,85.9456,Long Tail Customers
CUST02792,Rohan Gupta,12,21,162976.79,41190.79,4457,0.012,85.9576,Long Tail Customers
CUST02806,Vivaan Deshmukh,14,26,162964.45,36701.34,4458,0.012,85.9695,Long Tail Customers
CUST00391,Aarav Verma,6,18,162955.06,28608.97,4459,0.012,85.9815,Long Tail Customers
CUST00425,Arjun Verma,7,16,162904.96,27637.61,4460,0.012,85.9935,Long Tail Customers
CUST04743,Karan Singh,11,23,162893.06,36006.76,4461,0.012,86.0054,Long Tail Customers
CUST02294,Priya Mehta,7,21,162876.44,45588.16,4462,0.012,86.0174,Long Tail Customers
CUST05287,Meera Nair,14,24,162854.49,31263.09,4463,0.012,86.0294,Long Tail Customers
CUST05319,Pooja Verma,12,21,162817.66,34226.76,4464,0.012,86.0413,Long Tail Customers
CUST04738,Rahul Patil,9,26,162808.24,43693.25,4465,0.012,86.0533,Long Tail Customers
CUST02475,Sneha Mehta,6,15,162802.78,45491.71,4466,0.012,86.0652,Long Tail Customers
CUST04262,Isha Gupta,11,19,162800.37,32548.36,4467,0.012,86.0772,Long Tail Customers
CUST03806,Amit Sharma,9,26,162787.09,38691.66,4468,0.012,86.0891,Long Tail Customers
CUST03590,Vivaan Verma,11,22,162785.29,43645.21,4469,0.012,86.1011,Long Tail Customers
CUST00437,Aditya Singh,12,28,162759.95,31059.36,4470,0.012,86.1131,Long Tail Customers
CUST02324,Amit Deshmukh,12,24,162757.53,33322.78,4471,0.012,86.125,Long Tail Customers
CUST00733,Priya Nair,10,24,162731.7,42800.35,4472,0.012,86.137,Long Tail Customers
CUST01920,Aarav Patil,9,22,162699.13,47049.05,4473,0.0119,86.1489,Long Tail Customers
CUST01262,Vivaan Kumar,10,19,162687.64,36242.88,4474,0.0119,86.1609,Long Tail Customers
CUST01701,Meera Mehta,10,18,162676.26,44356.54,4475,0.0119,86.1728,Long Tail Customers
CUST04079,Amit Singh,11,23,162664.91,35907.39,4476,0.0119,86.1847,Long Tail Customers
CUST03970,Kavya Joshi,9,22,162639.64,28711.74,4477,0.0119,86.1967,Long Tail Customers
CUST01041,Aditya Mehta,9,23,162603.86,39392.48,4478,0.0119,86.2086,Long Tail Customers
CUST05355,Rahul Verma,10,24,162597.93,29280.95,4479,0.0119,86.2206,Long Tail Customers
CUST02225,Rohan Gupta,10,23,162580.59,48755.18,4480,0.0119,86.2325,Long Tail Customers
CUST00300,Rohan Mehta,11,23,162571.31,43253.19,4481,0.0119,86.2445,Long Tail Customers
CUST04332,Aarav Mhaske,10,23,162564.24,40033.44,4482,0.0119,86.2564,Long Tail Customers
CUST00304,Priya Joshi,12,33,162493.43,45204.91,4483,0.0119,86.2683,Long Tail Customers
CUST04806,Neha Gupta,11,17,162491.75,45259.16,4484,0.0119,86.2803,Long Tail Customers
CUST01219,Amit Sharma,17,31,162478.11,40031.94,4485,0.0119,86.2922,Long Tail Customers
CUST05933,Neha Nair,10,20,162413.23,48524.55,4486,0.0119,86.3041,Long Tail Customers
CUST02922,Kavya Nair,10,23,162407.26,42794.92,4487,0.0119,86.316,Long Tail Customers
CUST02798,Aarav Verma,10,20,162405.35,38502.07,4488,0.0119,86.328,Long Tail Customers
CUST02173,Isha Joshi,11,25,162355.77,35960.4,4489,0.0119,86.3399,Long Tail Customers
CUST05111,Arjun Verma,11,22,162336.01,35046.8,4490,0.0119,86.3518,Long Tail Customers
CUST05025,Pooja Nair,7,18,162233.3,39312.73,4491,0.0119,86.3637,Long Tail Customers
CUST03980,Neha Deshmukh,13,22,162179.06,44419.38,4492,0.0119,86.3756,Long Tail Customers
CUST04062,Rohan Sharma,10,21,162089.88,39959.65,4493,0.0119,86.3876,Long Tail Customers
CUST05086,Karan Gupta,11,21,162014.17,37401.69,4494,0.0119,86.3994,Long Tail Customers
CUST03707,Kavya Verma,8,19,161987.88,43768.21,4495,0.0119,86.4113,Long Tail Customers
CUST05644,Meera Mhaske,6,22,161983.56,41449.81,4496,0.0119,86.4232,Long Tail Customers
CUST01236,Arjun Kumar,12,26,161948.82,41757.14,4497,0.0119,86.4351,Long Tail Customers
CUST01207,Karan Joshi,11,26,161899.58,30559.58,4498,0.0119,86.447,Long Tail Customers
CUST02770,Vivaan Mhaske,12,26,161844.6,29843.03,4499,0.0119,86.4589,Long Tail Customers
CUST03441,Pooja Singh,12,31,161815.82,31768.47,4500,0.0119,86.4708,Long Tail Customers
CUST01070,Sneha Kumar,8,17,161802.81,37637.31,4501,0.0119,86.4827,Long Tail Customers
CUST05492,Pooja Sharma,14,28,161775.8,36688.87,4502,0.0119,86.4946,Long Tail Customers
CUST05293,Pooja Nair,11,22,161771.74,37854.8,4503,0.0119,86.5064,Long Tail Customers
CUST04911,Meera Mhaske,10,24,161752.19,40392.03,4504,0.0119,86.5183,Long Tail Customers
CUST03298,Ananya Gupta,8,21,161740.37,33739.01,4505,0.0119,86.5302,Long Tail Customers
CUST00649,Rohan Singh,10,20,161724.9,35265.9,4506,0.0119,86.5421,Long Tail Customers
CUST05951,Karan Kumar,13,32,161685.22,46334.47,4507,0.0119,86.554,Long Tail Customers
CUST00160,Kavya Sharma,14,28,161623.29,35083.09,4508,0.0119,86.5658,Long Tail Customers
CUST01010,Karan Joshi,9,18,161537.79,40254.15,4509,0.0119,86.5777,Long Tail Customers
CUST02619,Kavya Patil,10,21,161533.96,33309.01,4510,0.0119,86.5895,Long Tail Customers
CUST05223,Aditya Joshi,13,26,161529.94,36329.85,4511,0.0119,86.6014,Long Tail Customers
CUST05370,Amit Kumar,9,30,161456.33,29411.58,4512,0.0119,86.6133,Long Tail Customers
CUST01322,Aditya Singh,6,17,161408.19,33168.05,4513,0.0119,86.6251,Long Tail Customers
CUST00892,Arjun Nair,8,21,161333.34,37714.72,4514,0.0118,86.637,Long Tail Customers
CUST02907,Priya Gupta,9,18,161309.11,40816.25,4515,0.0118,86.6488,Long Tail Customers
CUST04225,Priya Verma,9,30,161197.6,39183.68,4516,0.0118,86.6607,Long Tail Customers
CUST00502,Meera Deshmukh,9,23,161166.88,45939.0,4517,0.0118,86.6725,Long Tail Customers
CUST03324,Karan Kumar,10,27,161163.63,37956.62,4518,0.0118,86.6843,Long Tail Customers
CUST01515,Aditya Joshi,9,20,161142.44,45071.89,4519,0.0118,86.6962,Long Tail Customers
CUST00811,Rohan Mehta,9,20,161061.88,31107.67,4520,0.0118,86.708,Long Tail Customers
CUST03169,Aarav Nair,13,36,161008.51,41083.94,4521,0.0118,86.7198,Long Tail Customers
CUST01951,Vivaan Mhaske,12,23,160883.35,31477.33,4522,0.0118,86.7316,Long Tail Customers
CUST05282,Neha Gupta,9,19,160854.25,37013.66,4523,0.0118,86.7434,Long Tail Customers
CUST05865,Arjun Mhaske,9,24,160847.29,38820.15,4524,0.0118,86.7553,Long Tail Customers
CUST04992,Rohan Shah,9,22,160808.28,31165.91,4525,0.0118,86.7671,Long Tail Customers
CUST01300,Arjun Joshi,9,23,160794.04,44028.32,4526,0.0118,86.7789,Long Tail Customers
CUST03838,Sneha Singh,10,21,160727.71,44902.6,4527,0.0118,86.7907,Long Tail Customers
CUST01104,Rohan Joshi,9,22,160669.89,28920.75,4528,0.0118,86.8025,Long Tail Customers
CUST03443,Priya Mehta,9,22,160658.87,46221.4,4529,0.0118,86.8143,Long Tail Customers
CUST04976,Rohan Deshmukh,16,31,160614.81,29775.32,4530,0.0118,86.8261,Long Tail Customers
CUST02086,Aditya Gupta,12,31,160584.5,41044.64,4531,0.0118,86.8379,Long Tail Customers
CUST01828,Meera Mhaske,10,17,160478.23,26416.78,4532,0.0118,86.8497,Long Tail Customers
CUST05679,Priya Singh,12,30,160392.56,40237.73,4533,0.0118,86.8614,Long Tail Customers
CUST00092,Vivaan Verma,11,29,160347.7,36825.39,4534,0.0118,86.8732,Long Tail Customers
CUST02484,Isha Singh,10,22,160335.65,34909.44,4535,0.0118,86.885,Long Tail Customers
CUST05066,Meera Mhaske,12,21,160335.3,35612.26,4536,0.0118,86.8968,Long Tail Customers
CUST05986,Aditya Patil,10,21,160329.91,44403.72,4537,0.0118,86.9085,Long Tail Customers
CUST02098,Rahul Patil,13,21,160323.67,46357.34,4538,0.0118,86.9203,Long Tail Customers
CUST03800,Kavya Sharma,12,26,160302.13,39666.21,4539,0.0118,86.9321,Long Tail Customers
CUST03525,Isha Singh,13,24,160186.79,50637.49,4540,0.0118,86.9438,Long Tail Customers
CUST05853,Aditya Sharma,12,21,160174.97,37536.93,4541,0.0118,86.9556,Long Tail Customers
CUST03567,Kavya Singh,9,16,160111.89,40849.2,4542,0.0118,86.9674,Long Tail Customers
CUST00076,Rahul Deshmukh,9,22,160085.73,35145.65,4543,0.0118,86.9791,Long Tail Customers
CUST02464,Kavya Gupta,9,28,160064.55,24896.3,4544,0.0118,86.9909,Long Tail Customers
CUST02794,Isha Patil,15,36,160049.96,44826.84,4545,0.0118,87.0026,Long Tail Customers
CUST05114,Ananya Mehta,12,22,160011.45,39815.69,4546,0.0118,87.0144,Long Tail Customers
CUST01629,Arjun Gupta,4,14,159944.74,56267.92,4547,0.0117,87.0261,Long Tail Customers
CUST03774,Vivaan Patil,12,24,159922.05,44109.36,4548,0.0117,87.0379,Long Tail Customers
CUST03193,Vivaan Sharma,10,30,159779.01,36683.87,4549,0.0117,87.0496,Long Tail Customers
CUST01761,Vivaan Deshmukh,13,28,159761.69,37480.46,4550,0.0117,87.0613,Long Tail Customers
CUST05096,Sneha Mehta,10,19,159751.39,46254.98,4551,0.0117,87.0731,Long Tail Customers
CUST00215,Isha Joshi,13,30,159688.01,35877.38,4552,0.0117,87.0848,Long Tail Customers
CUST00514,Meera Nair,8,23,159659.36,35321.6,4553,0.0117,87.0965,Long Tail Customers
CUST01721,Aarav Patil,12,28,159655.65,33010.07,4554,0.0117,87.1083,Long Tail Customers
CUST02862,Aditya Joshi,13,26,159618.48,31989.16,4555,0.0117,87.12,Long Tail Customers
CUST01410,Aditya Nair,12,22,159545.95,41291.78,4556,0.0117,87.1317,Long Tail Customers
CUST04136,Meera Mehta,10,26,159440.49,31012.46,4557,0.0117,87.1434,Long Tail Customers
CUST00790,Isha Kumar,8,14,159427.54,38064.6,4558,0.0117,87.1551,Long Tail Customers
CUST05233,Arjun Verma,12,25,159418.65,42397.34,4559,0.0117,87.1668,Long Tail Customers
CUST03683,Neha Verma,11,23,159418.2,47013.54,4560,0.0117,87.1785,Long Tail Customers
CUST02993,Aditya Sharma,15,21,159354.0,33852.33,4561,0.0117,87.1902,Long Tail Customers
CUST05290,Pooja Kumar,11,24,159350.9,32056.37,4562,0.0117,87.2019,Long Tail Customers
CUST05713,Aarav Kumar,12,34,159289.99,30698.34,4563,0.0117,87.2136,Long Tail Customers
CUST01167,Arjun Kumar,5,15,159287.19,35176.46,4564,0.0117,87.2253,Long Tail Customers
CUST04800,Vivaan Patil,8,19,159239.96,45151.39,4565,0.0117,87.237,Long Tail Customers
CUST00626,Isha Deshmukh,12,30,159183.16,43169.95,4566,0.0117,87.2487,Long Tail Customers
CUST00185,Vivaan Patil,10,28,159132.72,31329.5,4567,0.0117,87.2604,Long Tail Customers
CUST05526,Isha Mhaske,12,29,159125.69,44764.38,4568,0.0117,87.2721,Long Tail Customers
CUST05568,Priya Verma,14,30,159070.94,42277.03,4569,0.0117,87.2838,Long Tail Customers
CUST05621,Priya Patil,8,22,159042.94,38373.22,4570,0.0117,87.2955,Long Tail Customers
CUST03877,Neha Nair,7,19,159036.4,27583.31,4571,0.0117,87.3071,Long Tail Customers
CUST03014,Arjun Sharma,7,16,159024.41,34043.48,4572,0.0117,87.3188,Long Tail Customers
CUST05044,Priya Joshi,7,14,159000.22,33187.49,4573,0.0117,87.3305,Long Tail Customers
CUST00868,Kavya Sharma,4,13,158958.48,40091.01,4574,0.0117,87.3422,Long Tail Customers
CUST04250,Karan Verma,13,22,158904.97,36170.26,4575,0.0117,87.3538,Long Tail Customers
CUST04915,Vivaan Mhaske,16,31,158806.81,44128.16,4576,0.0117,87.3655,Long Tail Customers
CUST01140,Karan Nair,14,30,158782.24,35994.28,4577,0.0117,87.3772,Long Tail Customers
CUST01335,Meera Patil,9,20,158603.84,34480.28,4578,0.0116,87.3888,Long Tail Customers
CUST00693,Karan Gupta,11,29,158547.78,49119.36,4579,0.0116,87.4005,Long Tail Customers
CUST04950,Vivaan Patil,12,17,158542.81,39027.6,4580,0.0116,87.4121,Long Tail Customers
CUST00426,Priya Nair,10,21,158536.37,35745.5,4581,0.0116,87.4237,Long Tail Customers
CUST01015,Rohan Singh,11,22,158492.64,44183.61,4582,0.0116,87.4354,Long Tail Customers
CUST05435,Aarav Mehta,14,25,158448.86,28650.24,4583,0.0116,87.447,Long Tail Customers
CUST03615,Neha Mehta,12,18,158421.72,38607.05,4584,0.0116,87.4587,Long Tail Customers
CUST05742,Pooja Joshi,9,19,158354.19,54028.88,4585,0.0116,87.4703,Long Tail Customers
CUST02963,Aarav Kumar,13,30,158320.22,27945.22,4586,0.0116,87.4819,Long Tail Customers
CUST03368,Aditya Verma,9,21,158272.42,44188.64,4587,0.0116,87.4935,Long Tail Customers
CUST05507,Kavya Sharma,15,23,158103.15,38997.27,4588,0.0116,87.5051,Long Tail Customers
CUST01532,Neha Mhaske,12,25,158099.87,32503.54,4589,0.0116,87.5168,Long Tail Customers
CUST01813,Aarav Singh,11,24,158093.1,33469.27,4590,0.0116,87.5284,Long Tail Customers
CUST04185,Sneha Shah,14,25,158060.78,44713.05,4591,0.0116,87.54,Long Tail Customers
CUST05165,Priya Mehta,14,30,157980.83,39498.82,4592,0.0116,87.5516,Long Tail Customers
CUST04655,Arjun Mhaske,14,36,157971.5,39693.0,4593,0.0116,87.5632,Long Tail Customers
CUST01118,Neha Gupta,17,30,157963.99,35485.34,4594,0.0116,87.5748,Long Tail Customers
CUST02528,Pooja Kumar,14,26,157840.0,31907.53,4595,0.0116,87.5864,Long Tail Customers
CUST03077,Arjun Verma,8,15,157721.84,53304.97,4596,0.0116,87.598,Long Tail Customers
CUST00873,Meera Nair,14,21,157711.46,37785.71,4597,0.0116,87.6095,Long Tail Customers
CUST05480,Ananya Singh,13,24,157690.48,33670.48,4598,0.0116,87.6211,Long Tail Customers
CUST04613,Pooja Sharma,10,30,157677.26,34081.49,4599,0.0116,87.6327,Long Tail Customers
CUST02363,Meera Joshi,12,25,157670.88,29445.75,4600,0.0116,87.6443,Long Tail Customers
CUST05760,Isha Deshmukh,13,25,157657.04,36886.33,4601,0.0116,87.6559,Long Tail Customers
CUST01065,Kavya Joshi,12,25,157619.95,36060.04,4602,0.0116,87.6674,Long Tail Customers
CUST02786,Karan Gupta,10,19,157594.57,47682.32,4603,0.0116,87.679,Long Tail Customers
CUST00291,Meera Singh,10,22,157581.57,43224.27,4604,0.0116,87.6906,Long Tail Customers
CUST03329,Aditya Gupta,10,24,157570.22,26472.41,4605,0.0116,87.7022,Long Tail Customers
CUST00815,Aarav Kumar,7,22,157561.39,32074.74,4606,0.0116,87.7137,Long Tail Customers
CUST01546,Priya Nair,12,22,157531.44,46690.9,4607,0.0116,87.7253,Long Tail Customers
CUST03739,Kavya Nair,13,25,157517.87,36658.83,4608,0.0116,87.7369,Long Tail Customers
CUST03058,Aditya Joshi,9,19,157495.87,21629.47,4609,0.0116,87.7484,Long Tail Customers
CUST01992,Aditya Mhaske,11,24,157483.35,29282.26,4610,0.0116,87.76,Long Tail Customers
CUST04413,Neha Sharma,10,24,157434.04,51288.12,4611,0.0116,87.7716,Long Tail Customers
CUST05688,Arjun Deshmukh,14,35,157397.36,40471.15,4612,0.0116,87.7831,Long Tail Customers
CUST03509,Sneha Patil,10,21,157334.75,33536.32,4613,0.0116,87.7947,Long Tail Customers
CUST02001,Isha Joshi,9,15,157274.34,34105.6,4614,0.0116,87.8062,Long Tail Customers
CUST00489,Ananya Gupta,12,25,157269.93,35058.75,4615,0.0116,87.8178,Long Tail Customers
CUST01944,Arjun Nair,8,22,157252.62,24074.68,4616,0.0115,87.8293,Long Tail Customers
CUST02382,Kavya Nair,7,17,157248.02,37542.02,4617,0.0115,87.8409,Long Tail Customers
CUST00930,Karan Mhaske,11,20,157216.65,39749.85,4618,0.0115,87.8524,Long Tail Customers
CUST03614,Karan Mehta,8,21,157129.7,32707.62,4619,0.0115,87.864,Long Tail Customers
CUST01157,Aditya Mehta,9,21,157070.69,46113.62,4620,0.0115,87.8755,Long Tail Customers
CUST05583,Priya Mhaske,11,25,157021.08,39184.26,4621,0.0115,87.887,Long Tail Customers
CUST04229,Karan Kumar,13,20,157003.86,39354.31,4622,0.0115,87.8986,Long Tail Customers
CUST00082,Rahul Mhaske,9,19,156987.49,34562.43,4623,0.0115,87.9101,Long Tail Customers
CUST02123,Meera Mehta,8,23,156961.25,46010.57,4624,0.0115,87.9216,Long Tail Customers
CUST05936,Amit Deshmukh,8,18,156921.47,32962.0,4625,0.0115,87.9331,Long Tail Customers
CUST04299,Rohan Kumar,9,22,156916.32,41628.81,4626,0.0115,87.9447,Long Tail Customers
CUST01298,Kavya Kumar,10,19,156889.81,36168.76,4627,0.0115,87.9562,Long Tail Customers
CUST00231,Neha Deshmukh,8,20,156852.53,31596.92,4628,0.0115,87.9677,Long Tail Customers
CUST01254,Aarav Deshmukh,10,20,156850.8,33990.4,4629,0.0115,87.9792,Long Tail Customers
CUST04742,Priya Shah,15,26,156819.5,32690.02,4630,0.0115,87.9907,Long Tail Customers
CUST02675,Karan Joshi,13,30,156785.89,44231.44,4631,0.0115,88.0023,Long Tail Customers
CUST04813,Priya Kumar,13,26,156764.71,37186.88,4632,0.0115,88.0138,Long Tail Customers
CUST01683,Aditya Deshmukh,9,32,156691.38,35352.26,4633,0.0115,88.0253,Long Tail Customers
CUST03259,Karan Verma,13,30,156605.47,38343.79,4634,0.0115,88.0368,Long Tail Customers
CUST04195,Meera Shah,9,20,156589.15,37629.46,4635,0.0115,88.0483,Long Tail Customers
CUST04845,Sneha Gupta,10,20,156572.63,38203.01,4636,0.0115,88.0598,Long Tail Customers
CUST03728,Neha Kumar,12,23,156566.01,28554.45,4637,0.0115,88.0713,Long Tail Customers
CUST03752,Karan Mehta,8,23,156554.71,24343.63,4638,0.0115,88.0828,Long Tail Customers
CUST00316,Vivaan Singh,14,34,156466.6,32379.08,4639,0.0115,88.0943,Long Tail Customers
CUST00770,Karan Kumar,12,25,156432.26,44976.68,4640,0.0115,88.1058,Long Tail Customers
CUST04579,Pooja Kumar,14,23,156402.76,34263.9,4641,0.0115,88.1172,Long Tail Customers
CUST02604,Rohan Shah,10,22,156361.96,41686.51,4642,0.0115,88.1287,Long Tail Customers
CUST05647,Arjun Sharma,9,20,156329.88,29216.49,4643,0.0115,88.1402,Long Tail Customers
CUST00611,Aarav Singh,11,26,156289.76,38364.09,4644,0.0115,88.1517,Long Tail Customers
CUST03383,Neha Deshmukh,10,21,156268.26,37895.7,4645,0.0115,88.1632,Long Tail Customers
CUST05054,Kavya Sharma,9,15,156233.25,37575.88,4646,0.0115,88.1746,Long Tail Customers
CUST00670,Meera Gupta,11,31,156230.08,34517.42,4647,0.0115,88.1861,Long Tail Customers
CUST02525,Meera Kumar,10,24,156060.34,28791.91,4648,0.0115,88.1976,Long Tail Customers
CUST05078,Meera Joshi,9,24,156014.39,32453.23,4649,0.0115,88.209,Long Tail Customers
CUST03651,Ananya Verma,10,21,156004.9,37001.59,4650,0.0115,88.2205,Long Tail Customers
CUST04393,Amit Nair,11,29,155986.44,34620.55,4651,0.0115,88.2319,Long Tail Customers
CUST02136,Karan Kumar,13,32,155909.87,32311.14,4652,0.0115,88.2434,Long Tail Customers
CUST04812,Arjun Mehta,10,20,155870.79,38958.5,4653,0.0114,88.2548,Long Tail Customers
CUST00419,Aarav Kumar,12,27,155856.82,42586.79,4654,0.0114,88.2663,Long Tail Customers
CUST03202,Priya Gupta,15,24,155775.82,31271.69,4655,0.0114,88.2777,Long Tail Customers
CUST00826,Kavya Gupta,9,19,155770.46,45149.23,4656,0.0114,88.2892,Long Tail Customers
CUST00422,Aditya Gupta,9,18,155758.13,51322.47,4657,0.0114,88.3006,Long Tail Customers
CUST01239,Isha Singh,14,23,155751.18,42446.56,4658,0.0114,88.312,Long Tail Customers
CUST02110,Meera Verma,8,21,155726.45,37700.65,4659,0.0114,88.3235,Long Tail Customers
CUST03132,Vivaan Kumar,11,29,155725.89,34938.62,4660,0.0114,88.3349,Long Tail Customers
CUST04287,Ananya Gupta,10,19,155722.09,40532.91,4661,0.0114,88.3463,Long Tail Customers
CUST02120,Karan Singh,12,26,155665.19,30918.3,4662,0.0114,88.3578,Long Tail Customers
CUST02243,Meera Kumar,6,16,155639.21,51140.59,4663,0.0114,88.3692,Long Tail Customers
CUST01632,Rohan Mhaske,10,24,155542.16,46113.14,4664,0.0114,88.3806,Long Tail Customers
CUST00423,Neha Sharma,16,36,155474.42,32833.49,4665,0.0114,88.3921,Long Tail Customers
CUST01449,Sneha Patil,12,26,155451.16,33898.73,4666,0.0114,88.4035,Long Tail Customers
CUST01226,Ananya Kumar,14,27,155364.39,43841.05,4667,0.0114,88.4149,Long Tail Customers
CUST03406,Karan Sharma,10,22,155254.9,22317.55,4668,0.0114,88.4263,Long Tail Customers
CUST02341,Isha Verma,12,25,155217.97,20784.55,4669,0.0114,88.4377,Long Tail Customers
CUST01060,Neha Verma,8,15,155206.89,44972.32,4670,0.0114,88.4491,Long Tail Customers
CUST01475,Amit Nair,9,14,155088.94,51470.78,4671,0.0114,88.4605,Long Tail Customers
CUST03705,Neha Mhaske,9,15,154983.48,33866.19,4672,0.0114,88.4719,Long Tail Customers
CUST04479,Rohan Deshmukh,9,19,154920.18,41247.46,4673,0.0114,88.4832,Long Tail Customers
CUST01061,Sneha Sharma,16,28,154891.33,41165.49,4674,0.0114,88.4946,Long Tail Customers
CUST03112,Vivaan Singh,13,29,154858.04,35377.68,4675,0.0114,88.506,Long Tail Customers
CUST03367,Arjun Kumar,9,17,154831.3,34859.19,4676,0.0114,88.5173,Long Tail Customers
CUST04126,Ananya Verma,11,26,154771.67,35929.98,4677,0.0114,88.5287,Long Tail Customers
CUST05565,Ananya Sharma,14,39,154764.5,28572.68,4678,0.0114,88.5401,Long Tail Customers
CUST00189,Pooja Sharma,6,21,154752.09,25422.95,4679,0.0114,88.5514,Long Tail Customers
CUST03756,Aditya Kumar,8,16,154730.76,37060.38,4680,0.0114,88.5628,Long Tail Customers
CUST02938,Aditya Joshi,14,24,154609.98,30170.04,4681,0.0114,88.5742,Long Tail Customers
CUST02423,Amit Patil,14,24,154596.15,37324.56,4682,0.0114,88.5855,Long Tail Customers
CUST05721,Rohan Shah,10,23,154594.04,35173.91,4683,0.0114,88.5969,Long Tail Customers
CUST01430,Karan Singh,10,21,154515.66,34416.39,4684,0.0113,88.6082,Long Tail Customers
CUST05232,Rohan Sharma,11,21,154505.42,36457.94,4685,0.0113,88.6196,Long Tail Customers
CUST00043,Isha Gupta,10,19,154492.85,39286.64,4686,0.0113,88.6309,Long Tail Customers
CUST02327,Arjun Singh,10,20,154479.9,44287.41,4687,0.0113,88.6423,Long Tail Customers
CUST03604,Ananya Patil,11,27,154342.45,46370.1,4688,0.0113,88.6536,Long Tail Customers
CUST00239,Aarav Deshmukh,8,19,154284.1,42642.05,4689,0.0113,88.6649,Long Tail Customers
CUST05827,Karan Mhaske,11,20,154201.33,44133.15,4690,0.0113,88.6763,Long Tail Customers
CUST04904,Rohan Nair,12,28,154200.31,25541.65,4691,0.0113,88.6876,Long Tail Customers
CUST05815,Neha Singh,9,21,154079.89,26155.69,4692,0.0113,88.6989,Long Tail Customers
CUST04374,Meera Shah,11,20,154030.08,39652.38,4693,0.0113,88.7102,Long Tail Customers
CUST01150,Isha Sharma,10,24,154021.84,23978.93,4694,0.0113,88.7215,Long Tail Customers
CUST03366,Priya Deshmukh,13,28,154019.46,31795.45,4695,0.0113,88.7328,Long Tail Customers
CUST01819,Aditya Nair,10,25,153973.93,42612.7,4696,0.0113,88.7441,Long Tail Customers
CUST02519,Karan Shah,8,17,153954.82,31666.41,4697,0.0113,88.7554,Long Tail Customers
CUST01821,Aditya Patil,11,30,153948.32,40743.47,4698,0.0113,88.7667,Long Tail Customers
CUST03503,Arjun Joshi,12,26,153924.45,38596.36,4699,0.0113,88.7781,Long Tail Customers
CUST04533,Rahul Patil,14,21,153865.92,36866.49,4700,0.0113,88.7894,Long Tail Customers
CUST05676,Priya Mhaske,10,19,153757.58,42177.78,4701,0.0113,88.8006,Long Tail Customers
CUST02459,Kavya Singh,9,18,153655.28,48418.78,4702,0.0113,88.8119,Long Tail Customers
CUST01968,Pooja Deshmukh,11,21,153641.95,22553.96,4703,0.0113,88.8232,Long Tail Customers
CUST00497,Arjun Verma,16,32,153640.93,41456.79,4704,0.0113,88.8345,Long Tail Customers
CUST01444,Aditya Shah,11,22,153620.7,28790.79,4705,0.0113,88.8458,Long Tail Customers
CUST05227,Karan Patil,11,22,153509.87,38051.42,4706,0.0113,88.8571,Long Tail Customers
CUST03948,Arjun Patil,11,17,153463.25,44214.98,4707,0.0113,88.8683,Long Tail Customers
CUST04783,Vivaan Patil,9,22,153452.65,37857.47,4708,0.0113,88.8796,Long Tail Customers
CUST02893,Aditya Deshmukh,11,23,153445.64,31918.28,4709,0.0113,88.8909,Long Tail Customers
CUST00104,Meera Joshi,5,12,153412.23,43548.58,4710,0.0113,88.9021,Long Tail Customers
CUST03285,Isha Mhaske,11,24,153354.66,41157.24,4711,0.0113,88.9134,Long Tail Customers
CUST05074,Meera Singh,10,20,153328.99,42514.84,4712,0.0113,88.9247,Long Tail Customers
CUST02733,Aarav Sharma,11,21,153312.31,42794.41,4713,0.0113,88.9359,Long Tail Customers
CUST04190,Arjun Patil,8,19,153287.76,39792.57,4714,0.0113,88.9472,Long Tail Customers
CUST02349,Aarav Singh,14,29,153286.78,36097.31,4715,0.0113,88.9584,Long Tail Customers
CUST02328,Karan Deshmukh,11,24,153139.56,35038.38,4716,0.0112,88.9697,Long Tail Customers
CUST00370,Aarav Sharma,10,32,153138.99,42132.22,4717,0.0112,88.9809,Long Tail Customers
CUST04296,Pooja Verma,12,23,153044.61,42826.96,4718,0.0112,88.9922,Long Tail Customers
CUST05427,Amit Verma,8,16,152936.88,37023.85,4719,0.0112,89.0034,Long Tail Customers
CUST05571,Pooja Deshmukh,12,23,152888.41,40995.56,4720,0.0112,89.0146,Long Tail Customers
CUST04895,Isha Mehta,8,23,152884.21,47198.89,4721,0.0112,89.0258,Long Tail Customers
CUST04495,Kavya Kumar,14,34,152789.05,43387.52,4722,0.0112,89.0371,Long Tail Customers
CUST00142,Aditya Nair,11,19,152744.63,38998.79,4723,0.0112,89.0483,Long Tail Customers
CUST05089,Meera Deshmukh,14,24,152726.15,42752.34,4724,0.0112,89.0595,Long Tail Customers
CUST00796,Priya Deshmukh,10,27,152687.74,38369.4,4725,0.0112,89.0707,Long Tail Customers
CUST04998,Vivaan Deshmukh,11,26,152617.8,34762.54,4726,0.0112,89.0819,Long Tail Customers
CUST02896,Karan Patil,10,19,152511.47,29446.41,4727,0.0112,89.0931,Long Tail Customers
CUST00608,Ananya Mhaske,10,21,152478.28,39469.44,4728,0.0112,89.1043,Long Tail Customers
CUST00124,Meera Joshi,8,18,152434.31,43606.66,4729,0.0112,89.1155,Long Tail Customers
CUST00034,Priya Nair,8,25,152401.81,39379.97,4730,0.0112,89.1267,Long Tail Customers
CUST00766,Priya Singh,12,22,152383.92,38209.89,4731,0.0112,89.1379,Long Tail Customers
CUST00032,Aarav Verma,14,32,152376.05,36833.65,4732,0.0112,89.1491,Long Tail Customers
CUST03274,Isha Singh,13,33,152327.39,42053.19,4733,0.0112,89.1603,Long Tail Customers
CUST00048,Sneha Deshmukh,12,19,152323.52,15388.65,4734,0.0112,89.1715,Long Tail Customers
CUST04818,Pooja Sharma,12,27,152320.99,31267.35,4735,0.0112,89.1827,Long Tail Customers
CUST02573,Amit Mhaske,13,30,152306.55,38569.31,4736,0.0112,89.1938,Long Tail Customers
CUST05037,Rahul Singh,9,19,152275.72,34135.12,4737,0.0112,89.205,Long Tail Customers
CUST03772,Isha Mhaske,13,31,152170.02,39522.76,4738,0.0112,89.2162,Long Tail Customers
CUST05515,Rohan Deshmukh,6,17,152147.08,39331.24,4739,0.0112,89.2274,Long Tail Customers
CUST03081,Rohan Deshmukh,8,23,152145.46,47422.35,4740,0.0112,89.2385,Long Tail Customers
CUST01782,Rahul Gupta,10,24,152112.99,32952.56,4741,0.0112,89.2497,Long Tail Customers
CUST05627,Neha Deshmukh,9,21,152081.67,40794.21,4742,0.0112,89.2609,Long Tail Customers
CUST03526,Ananya Singh,14,30,152076.26,31149.05,4743,0.0112,89.2721,Long Tail Customers
CUST05257,Karan Singh,10,24,152021.66,42382.69,4744,0.0112,89.2832,Long Tail Customers
CUST00170,Ananya Kumar,11,25,151981.35,31055.53,4745,0.0112,89.2944,Long Tail Customers
CUST04426,Isha Singh,10,20,151978.71,43901.67,4746,0.0112,89.3055,Long Tail Customers
CUST00744,Kavya Verma,7,15,151953.82,32217.52,4747,0.0112,89.3167,Long Tail Customers
CUST01005,Aarav Deshmukh,7,16,151952.53,45607.23,4748,0.0112,89.3279,Long Tail Customers
CUST03831,Pooja Joshi,10,29,151940.02,32049.74,4749,0.0112,89.339,Long Tail Customers
CUST02329,Aarav Sharma,10,23,151893.9,30815.91,4750,0.0112,89.3502,Long Tail Customers
CUST03090,Kavya Sharma,12,21,151888.76,26698.74,4751,0.0112,89.3613,Long Tail Customers
CUST00358,Meera Sharma,8,21,151826.23,39558.75,4752,0.0112,89.3725,Long Tail Customers
CUST00677,Priya Deshmukh,9,16,151812.27,35602.94,4753,0.0111,89.3836,Long Tail Customers
CUST01751,Isha Verma,12,22,151806.79,41702.41,4754,0.0111,89.3948,Long Tail Customers
CUST00038,Meera Verma,14,29,151779.91,29963.2,4755,0.0111,89.4059,Long Tail Customers
CUST00603,Pooja Shah,11,21,151630.35,24687.8,4756,0.0111,89.4171,Long Tail Customers
CUST04695,Pooja Mehta,8,19,151611.21,35805.07,4757,0.0111,89.4282,Long Tail Customers
CUST05779,Amit Patil,10,27,151569.18,25544.54,4758,0.0111,89.4393,Long Tail Customers
CUST00746,Kavya Nair,11,24,151518.1,30364.92,4759,0.0111,89.4505,Long Tail Customers
CUST01870,Vivaan Kumar,15,26,151454.47,37581.5,4760,0.0111,89.4616,Long Tail Customers
CUST02134,Amit Singh,14,35,151448.69,32001.27,4761,0.0111,89.4727,Long Tail Customers
CUST05056,Rohan Joshi,7,20,151422.63,35723.04,4762,0.0111,89.4838,Long Tail Customers
CUST05068,Aditya Patil,7,14,151412.13,40354.1,4763,0.0111,89.4949,Long Tail Customers
CUST04860,Meera Patil,6,17,151402.47,43677.53,4764,0.0111,89.5061,Long Tail Customers
CUST01846,Rahul Verma,9,22,151376.71,30387.94,4765,0.0111,89.5172,Long Tail Customers
CUST05000,Pooja Deshmukh,12,27,151330.3,30195.53,4766,0.0111,89.5283,Long Tail Customers
CUST03989,Arjun Sharma,10,20,151328.98,27765.19,4767,0.0111,89.5394,Long Tail Customers
CUST02550,Isha Sharma,9,24,151325.51,28684.32,4768,0.0111,89.5505,Long Tail Customers
CUST04400,Aditya Nair,10,27,151294.16,34671.29,4769,0.0111,89.5616,Long Tail Customers
CUST03017,Aditya Mhaske,14,27,151199.45,39081.02,4770,0.0111,89.5727,Long Tail Customers
CUST01946,Aditya Nair,13,22,151170.95,24546.96,4771,0.0111,89.5838,Long Tail Customers
CUST01464,Priya Mhaske,7,21,151114.6,31240.67,4772,0.0111,89.5949,Long Tail Customers
CUST05064,Priya Nair,13,21,151102.77,34149.03,4773,0.0111,89.606,Long Tail Customers
CUST04473,Meera Gupta,9,17,151096.65,42779.28,4774,0.0111,89.6171,Long Tail Customers
CUST03586,Kavya Gupta,9,20,151002.98,31975.08,4775,0.0111,89.6282,Long Tail Customers
CUST04324,Sneha Shah,9,16,150993.51,43701.46,4776,0.0111,89.6393,Long Tail Customers
CUST01494,Amit Patil,11,21,150982.75,42783.51,4777,0.0111,89.6504,Long Tail Customers
CUST04691,Neha Joshi,13,33,150963.63,29507.68,4778,0.0111,89.6615,Long Tail Customers
CUST01275,Aarav Joshi,8,18,150963.48,42537.41,4779,0.0111,89.6726,Long Tail Customers
CUST02616,Arjun Sharma,9,20,150925.48,43565.84,4780,0.0111,89.6837,Long Tail Customers
CUST01860,Rahul Sharma,9,17,150894.63,50512.45,4781,0.0111,89.6947,Long Tail Customers
CUST00901,Rohan Verma,12,27,150866.22,34535.44,4782,0.0111,89.7058,Long Tail Customers
CUST01502,Amit Mehta,11,21,150819.59,34429.73,4783,0.0111,89.7169,Long Tail Customers
CUST02811,Rahul Verma,10,23,150805.54,43401.3,4784,0.0111,89.728,Long Tail Customers
CUST02990,Aditya Gupta,7,16,150805.07,33396.72,4785,0.0111,89.739,Long Tail Customers
CUST00049,Arjun Verma,11,19,150644.42,47843.77,4786,0.0111,89.7501,Long Tail Customers
CUST02181,Rohan Patil,9,30,150637.56,39224.29,4787,0.0111,89.7612,Long Tail Customers
CUST05776,Karan Joshi,15,31,150612.76,35365.2,4788,0.0111,89.7722,Long Tail Customers
CUST00556,Meera Sharma,11,22,150546.71,42413.65,4789,0.0111,89.7833,Long Tail Customers
CUST00454,Ananya Nair,11,24,150510.42,35814.05,4790,0.0111,89.7943,Long Tail Customers
CUST02778,Pooja Mehta,11,19,150483.36,42634.47,4791,0.0111,89.8054,Long Tail Customers
CUST05590,Kavya Gupta,10,18,150390.16,38272.43,4792,0.011,89.8164,Long Tail Customers
CUST05503,Rahul Shah,8,19,150363.57,42725.34,4793,0.011,89.8275,Long Tail Customers
CUST00150,Kavya Kumar,13,22,150231.13,35169.44,4794,0.011,89.8385,Long Tail Customers
CUST03582,Neha Deshmukh,17,28,150206.92,38103.0,4795,0.011,89.8496,Long Tail Customers
CUST04668,Neha Joshi,11,17,150155.2,35158.53,4796,0.011,89.8606,Long Tail Customers
CUST04251,Karan Nair,11,24,150153.78,33856.06,4797,0.011,89.8716,Long Tail Customers
CUST00712,Meera Shah,8,18,150126.81,41191.01,4798,0.011,89.8826,Long Tail Customers
CUST02918,Vivaan Nair,8,19,150119.36,39317.14,4799,0.011,89.8937,Long Tail Customers
CUST01531,Pooja Kumar,12,20,150070.2,32952.04,4800,0.011,89.9047,Long Tail Customers
CUST02468,Aditya Joshi,11,20,150005.17,43346.29,4801,0.011,89.9157,Long Tail Customers
CUST00359,Ananya Kumar,9,23,149991.11,33084.2,4802,0.011,89.9267,Long Tail Customers
CUST01324,Aditya Patil,18,28,149925.85,35062.98,4803,0.011,89.9377,Long Tail Customers
CUST01566,Kavya Joshi,8,18,149914.51,31328.73,4804,0.011,89.9487,Long Tail Customers
CUST01602,Kavya Verma,11,18,149887.49,34629.1,4805,0.011,89.9597,Long Tail Customers
CUST04259,Ananya Nair,10,25,149822.8,32640.52,4806,0.011,89.9707,Long Tail Customers
CUST03926,Ananya Gupta,10,21,149799.98,34274.47,4807,0.011,89.9817,Long Tail Customers
CUST05798,Sneha Kumar,10,23,149771.77,37337.27,4808,0.011,89.9927,Long Tail Customers
CUST02526,Rohan Kumar,12,27,149710.0,37612.7,4809,0.011,90.0037,Long Tail Customers
CUST05744,Vivaan Shah,12,25,149708.8,31953.35,4810,0.011,90.0147,Long Tail Customers
CUST05946,Amit Verma,15,27,149601.5,39170.71,4811,0.011,90.0257,Long Tail Customers
CUST04390,Rohan Nair,10,19,149591.73,37535.79,4812,0.011,90.0367,Long Tail Customers
CUST04542,Amit Deshmukh,8,25,149571.84,31093.65,4813,0.011,90.0477,Long Tail Customers
CUST00922,Karan Joshi,12,21,149561.72,38933.05,4814,0.011,90.0587,Long Tail Customers
CUST04345,Priya Mhaske,8,18,149541.66,29463.53,4815,0.011,90.0697,Long Tail Customers
CUST01279,Kavya Verma,6,21,149486.15,37951.74,4816,0.011,90.0806,Long Tail Customers
CUST04503,Priya Kumar,10,29,149481.27,45991.31,4817,0.011,90.0916,Long Tail Customers
CUST01463,Arjun Patil,10,21,149460.88,36573.73,4818,0.011,90.1026,Long Tail Customers
CUST00588,Aditya Shah,10,21,149325.07,28042.84,4819,0.011,90.1136,Long Tail Customers
CUST00018,Vivaan Nair,12,24,149285.45,35396.62,4820,0.011,90.1245,Long Tail Customers
CUST00364,Isha Sharma,12,19,149234.84,32144.76,4821,0.011,90.1355,Long Tail Customers
CUST02099,Priya Mehta,8,15,149230.59,38445.8,4822,0.011,90.1464,Long Tail Customers
CUST04234,Rahul Kumar,9,18,149119.69,38929.03,4823,0.011,90.1574,Long Tail Customers
CUST04022,Kavya Joshi,12,21,149117.88,40212.64,4824,0.011,90.1683,Long Tail Customers
CUST02561,Kavya Deshmukh,12,22,149092.48,39195.08,4825,0.0109,90.1793,Long Tail Customers
CUST02197,Aarav Deshmukh,11,28,149088.03,31907.26,4826,0.0109,90.1902,Long Tail Customers
CUST00472,Kavya Nair,13,22,149084.89,32888.98,4827,0.0109,90.2012,Long Tail Customers
CUST03471,Pooja Kumar,14,28,149070.04,34124.5,4828,0.0109,90.2121,Long Tail Customers
CUST04461,Rohan Joshi,13,25,149064.96,37455.91,4829,0.0109,90.2231,Long Tail Customers
CUST02182,Meera Mhaske,16,33,149046.8,27971.39,4830,0.0109,90.234,Long Tail Customers
CUST02700,Rohan Deshmukh,13,23,149015.65,30968.13,4831,0.0109,90.245,Long Tail Customers
CUST02534,Priya Mhaske,10,19,148895.32,28627.64,4832,0.0109,90.2559,Long Tail Customers
CUST02041,Rahul Gupta,7,21,148888.69,23584.21,4833,0.0109,90.2668,Long Tail Customers
CUST02968,Sneha Patil,9,23,148882.41,40766.59,4834,0.0109,90.2778,Long Tail Customers
CUST03167,Karan Sharma,13,34,148881.89,29811.26,4835,0.0109,90.2887,Long Tail Customers
CUST01539,Neha Mhaske,9,17,148770.73,25909.73,4836,0.0109,90.2996,Long Tail Customers
CUST04281,Aarav Mehta,11,26,148768.8,36912.66,4837,0.0109,90.3106,Long Tail Customers
CUST03053,Pooja Verma,12,20,148760.03,24560.03,4838,0.0109,90.3215,Long Tail Customers
CUST02959,Neha Mehta,6,16,148721.66,36256.07,4839,0.0109,90.3324,Long Tail Customers
CUST01922,Priya Sharma,11,17,148702.53,35735.35,4840,0.0109,90.3433,Long Tail Customers
CUST01551,Meera Gupta,12,28,148663.9,32969.86,4841,0.0109,90.3543,Long Tail Customers
CUST02118,Kavya Nair,12,25,148654.41,39052.9,4842,0.0109,90.3652,Long Tail Customers
CUST04594,Ananya Deshmukh,11,22,148649.28,43766.78,4843,0.0109,90.3761,Long Tail Customers
CUST05857,Arjun Joshi,11,27,148648.31,46700.5,4844,0.0109,90.387,Long Tail Customers
CUST05577,Meera Mhaske,11,26,148581.16,34196.17,4845,0.0109,90.3979,Long Tail Customers
CUST02215,Pooja Patil,9,19,148505.26,39639.54,4846,0.0109,90.4088,Long Tail Customers
CUST05339,Arjun Joshi,6,14,148472.26,40793.48,4847,0.0109,90.4197,Long Tail Customers
CUST03339,Aditya Mehta,10,25,148454.0,32933.8,4848,0.0109,90.4306,Long Tail Customers
CUST04765,Priya Verma,13,26,148417.98,37461.79,4849,0.0109,90.4415,Long Tail Customers
CUST01270,Ananya Kumar,10,17,148398.9,42058.79,4850,0.0109,90.4524,Long Tail Customers
CUST03277,Aditya Gupta,10,23,148276.67,32379.89,4851,0.0109,90.4633,Long Tail Customers
CUST01027,Amit Joshi,12,22,148107.8,28113.74,4852,0.0109,90.4742,Long Tail Customers
CUST01316,Ananya Patil,11,22,148068.75,35576.1,4853,0.0109,90.4851,Long Tail Customers
CUST05108,Kavya Mehta,10,17,148062.16,47983.54,4854,0.0109,90.4959,Long Tail Customers
CUST03208,Rahul Verma,13,23,148001.87,28560.93,4855,0.0109,90.5068,Long Tail Customers
CUST00858,Aarav Mehta,11,26,147938.76,34517.88,4856,0.0109,90.5177,Long Tail Customers
CUST01152,Aditya Shah,10,24,147892.07,39041.91,4857,0.0109,90.5285,Long Tail Customers
CUST02931,Vivaan Mehta,9,25,147837.92,33250.32,4858,0.0109,90.5394,Long Tail Customers
CUST02373,Sneha Mehta,12,25,147769.23,36026.17,4859,0.0109,90.5503,Long Tail Customers
CUST04366,Sneha Verma,8,21,147748.71,41208.37,4860,0.0109,90.5611,Long Tail Customers
CUST01673,Neha Singh,8,19,147698.28,20746.13,4861,0.0108,90.572,Long Tail Customers
CUST02300,Arjun Patil,11,28,147649.27,39652.76,4862,0.0108,90.5828,Long Tail Customers
CUST01592,Rahul Nair,17,29,147600.21,28578.93,4863,0.0108,90.5936,Long Tail Customers
CUST01499,Isha Patil,11,20,147592.14,32222.18,4864,0.0108,90.6045,Long Tail Customers
CUST02844,Aarav Shah,7,22,147565.58,27072.95,4865,0.0108,90.6153,Long Tail Customers
CUST00145,Ananya Mehta,10,28,147457.94,31941.87,4866,0.0108,90.6261,Long Tail Customers
CUST03560,Aarav Joshi,9,24,147455.62,35095.7,4867,0.0108,90.637,Long Tail Customers
CUST01146,Kavya Singh,10,21,147430.28,35826.94,4868,0.0108,90.6478,Long Tail Customers
CUST04859,Pooja Mehta,8,20,147428.16,39346.15,4869,0.0108,90.6586,Long Tail Customers
CUST03953,Meera Gupta,10,22,147408.87,30675.48,4870,0.0108,90.6695,Long Tail Customers
CUST03840,Neha Sharma,11,16,147362.06,30139.4,4871,0.0108,90.6803,Long Tail Customers
CUST02870,Neha Mehta,14,23,147285.92,45319.84,4872,0.0108,90.6911,Long Tail Customers
CUST03321,Aarav Singh,9,20,147261.09,33922.52,4873,0.0108,90.7019,Long Tail Customers
CUST05649,Neha Sharma,8,22,147243.29,41805.73,4874,0.0108,90.7127,Long Tail Customers
CUST05701,Vivaan Mhaske,10,26,147237.37,32211.46,4875,0.0108,90.7235,Long Tail Customers
CUST03484,Aditya Gupta,10,21,147200.45,39551.42,4876,0.0108,90.7343,Long Tail Customers
CUST05254,Neha Mhaske,9,20,147189.76,34317.68,4877,0.0108,90.7452,Long Tail Customers
CUST02705,Kavya Kumar,10,25,147185.35,38906.27,4878,0.0108,90.756,Long Tail Customers
CUST00283,Arjun Kumar,11,25,147173.27,34519.39,4879,0.0108,90.7668,Long Tail Customers
CUST02486,Rahul Verma,12,28,147150.88,28863.58,4880,0.0108,90.7776,Long Tail Customers
CUST01372,Pooja Singh,9,30,147147.37,40554.64,4881,0.0108,90.7884,Long Tail Customers
CUST00909,Arjun Patil,5,12,147117.76,32733.79,4882,0.0108,90.7992,Long Tail Customers
CUST05794,Amit Deshmukh,9,16,147098.48,32042.75,4883,0.0108,90.81,Long Tail Customers
CUST04780,Aditya Joshi,10,23,147097.4,33066.35,4884,0.0108,90.8208,Long Tail Customers
CUST05486,Priya Mehta,8,18,147084.0,33475.8,4885,0.0108,90.8316,Long Tail Customers
CUST00211,Kavya Verma,9,15,147048.28,36608.16,4886,0.0108,90.8424,Long Tail Customers
CUST05650,Pooja Kumar,9,16,147017.08,43246.05,4887,0.0108,90.8532,Long Tail Customers
CUST02430,Priya Verma,13,15,147001.8,40383.83,4888,0.0108,90.864,Long Tail Customers
CUST05769,Rohan Joshi,8,29,147000.55,44591.98,4889,0.0108,90.8748,Long Tail Customers
CUST01337,Aarav Kumar,9,19,146953.41,28941.92,4890,0.0108,90.8856,Long Tail Customers
CUST05659,Neha Nair,10,25,146925.22,36682.52,4891,0.0108,90.8964,Long Tail Customers
CUST03050,Rahul Sharma,10,21,146893.22,38502.82,4892,0.0108,90.9072,Long Tail Customers
CUST05918,Meera Verma,9,23,146863.22,47137.11,4893,0.0108,90.9179,Long Tail Customers
CUST01135,Karan Singh,9,20,146851.13,19365.37,4894,0.0108,90.9287,Long Tail Customers
CUST03783,Aarav Mehta,13,27,146815.48,29803.35,4895,0.0108,90.9395,Long Tail Customers
CUST03340,Kavya Mehta,12,26,146677.66,43231.69,4896,0.0108,90.9503,Long Tail Customers
CUST03082,Pooja Singh,13,23,146676.86,43933.44,4897,0.0108,90.9611,Long Tail Customers
CUST04263,Karan Gupta,10,23,146609.91,25624.53,4898,0.0108,90.9718,Long Tail Customers
CUST00245,Neha Deshmukh,10,22,146547.29,44858.93,4899,0.0108,90.9826,Long Tail Customers
CUST04468,Meera Singh,10,19,146544.35,38299.26,4900,0.0108,90.9933,Long Tail Customers
CUST00103,Vivaan Nair,13,23,146516.15,31576.23,4901,0.0108,91.0041,Long Tail Customers
CUST02744,Ananya Nair,10,26,146510.79,38271.48,4902,0.0108,91.0149,Long Tail Customers
CUST03431,Sneha Mhaske,9,19,146447.49,22579.49,4903,0.0108,91.0256,Long Tail Customers
CUST00312,Kavya Gupta,11,17,146425.24,25360.3,4904,0.0108,91.0364,Long Tail Customers
CUST05874,Aditya Deshmukh,8,16,146404.33,36570.44,4905,0.0108,91.0471,Long Tail Customers
CUST02107,Sneha Mhaske,11,30,146289.73,31562.19,4906,0.0107,91.0579,Long Tail Customers
CUST00897,Vivaan Joshi,10,17,146246.65,34781.0,4907,0.0107,91.0686,Long Tail Customers
CUST03578,Isha Shah,8,19,146230.47,20121.3,4908,0.0107,91.0794,Long Tail Customers
CUST03182,Aditya Joshi,9,14,146212.17,33846.52,4909,0.0107,91.0901,Long Tail Customers
CUST02412,Amit Joshi,8,22,146187.73,34435.43,4910,0.0107,91.1008,Long Tail Customers
CUST05712,Rahul Sharma,14,21,146174.38,34742.93,4911,0.0107,91.1116,Long Tail Customers
CUST05828,Rahul Patil,9,14,146161.11,37597.63,4912,0.0107,91.1223,Long Tail Customers
CUST04406,Priya Kumar,8,14,146148.78,42966.51,4913,0.0107,91.133,Long Tail Customers
CUST01071,Karan Verma,10,29,146115.84,34145.73,4914,0.0107,91.1438,Long Tail Customers
CUST02374,Kavya Sharma,16,24,146097.22,30357.18,4915,0.0107,91.1545,Long Tail Customers
CUST01963,Karan Mehta,9,27,146079.79,28956.15,4916,0.0107,91.1652,Long Tail Customers
CUST04939,Pooja Deshmukh,9,18,146073.01,31582.0,4917,0.0107,91.1759,Long Tail Customers
CUST00332,Neha Singh,8,13,146048.74,38108.6,4918,0.0107,91.1867,Long Tail Customers
CUST03608,Priya Gupta,11,20,146038.18,36324.7,4919,0.0107,91.1974,Long Tail Customers
CUST00343,Ananya Joshi,13,34,145969.2,34546.79,4920,0.0107,91.2081,Long Tail Customers
CUST02539,Priya Shah,12,33,145969.12,29329.63,4921,0.0107,91.2188,Long Tail Customers
CUST03457,Karan Shah,13,26,145948.58,36440.07,4922,0.0107,91.2296,Long Tail Customers
CUST01342,Karan Singh,11,20,145899.69,35203.3,4923,0.0107,91.2403,Long Tail Customers
CUST05653,Aarav Verma,9,21,145860.12,31703.31,4924,0.0107,91.251,Long Tail Customers
CUST03823,Neha Singh,10,21,145841.85,31358.28,4925,0.0107,91.2617,Long Tail Customers
CUST05171,Karan Mhaske,6,12,145764.04,37264.06,4926,0.0107,91.2724,Long Tail Customers
CUST05730,Ananya Singh,12,24,145697.39,36491.25,4927,0.0107,91.2831,Long Tail Customers
CUST05298,Isha Singh,11,26,145687.71,34270.11,4928,0.0107,91.2938,Long Tail Customers
CUST00136,Aarav Singh,12,25,145540.14,31669.24,4929,0.0107,91.3045,Long Tail Customers
CUST03523,Rohan Joshi,14,25,145501.23,29868.02,4930,0.0107,91.3152,Long Tail Customers
CUST01022,Karan Patil,9,17,145349.54,32613.13,4931,0.0107,91.3258,Long Tail Customers
CUST05211,Priya Joshi,8,24,145341.44,27763.33,4932,0.0107,91.3365,Long Tail Customers
CUST01713,Karan Joshi,11,24,145328.09,40229.64,4933,0.0107,91.3472,Long Tail Customers
CUST05107,Arjun Sharma,10,16,145302.95,28717.72,4934,0.0107,91.3579,Long Tail Customers
CUST01836,Rohan Deshmukh,15,27,145273.81,32107.11,4935,0.0107,91.3685,Long Tail Customers
CUST04954,Neha Gupta,15,33,145252.46,28242.23,4936,0.0107,91.3792,Long Tail Customers
CUST02845,Neha Joshi,11,21,145185.58,27960.56,4937,0.0107,91.3899,Long Tail Customers
CUST02832,Amit Mhaske,9,21,145181.78,40704.74,4938,0.0107,91.4005,Long Tail Customers
CUST05275,Amit Sharma,10,23,145164.67,34270.5,4939,0.0107,91.4112,Long Tail Customers
CUST03902,Amit Shah,9,16,145127.44,36578.94,4940,0.0107,91.4218,Long Tail Customers
CUST00567,Karan Mehta,11,23,145058.97,40855.46,4941,0.0107,91.4325,Long Tail Customers
CUST05225,Karan Joshi,9,20,144990.09,28335.75,4942,0.0106,91.4432,Long Tail Customers
CUST03787,Amit Mhaske,10,23,144983.01,27322.11,4943,0.0106,91.4538,Long Tail Customers
CUST01416,Pooja Deshmukh,13,19,144851.55,42132.11,4944,0.0106,91.4644,Long Tail Customers
CUST03597,Neha Patil,10,20,144736.77,31098.19,4945,0.0106,91.4751,Long Tail Customers
CUST04330,Kavya Patil,9,23,144661.13,24547.24,4946,0.0106,91.4857,Long Tail Customers
CUST04050,Kavya Nair,11,22,144636.96,38521.17,4947,0.0106,91.4963,Long Tail Customers
CUST05736,Kavya Verma,11,19,144615.26,27619.7,4948,0.0106,91.5069,Long Tail Customers
CUST00694,Ananya Patil,11,21,144531.21,47852.71,4949,0.0106,91.5175,Long Tail Customers
CUST05669,Amit Kumar,11,29,144347.22,28436.26,4950,0.0106,91.5281,Long Tail Customers
CUST04785,Pooja Sharma,7,20,144342.39,37391.0,4951,0.0106,91.5388,Long Tail Customers
CUST03932,Kavya Mhaske,7,14,144311.65,46441.92,4952,0.0106,91.5493,Long Tail Customers
CUST01496,Arjun Verma,11,19,144307.57,35980.93,4953,0.0106,91.5599,Long Tail Customers
CUST01572,Neha Nair,9,26,144296.94,42287.14,4954,0.0106,91.5705,Long Tail Customers
CUST00859,Karan Sharma,10,19,144248.54,25752.35,4955,0.0106,91.5811,Long Tail Customers
CUST00430,Meera Mhaske,9,20,144230.68,29692.37,4956,0.0106,91.5917,Long Tail Customers
CUST03382,Amit Gupta,8,23,144201.09,39361.37,4957,0.0106,91.6023,Long Tail Customers
CUST03387,Isha Gupta,8,21,144190.21,23203.76,4958,0.0106,91.6129,Long Tail Customers
CUST02068,Pooja Verma,8,20,144161.05,37944.39,4959,0.0106,91.6235,Long Tail Customers
CUST04488,Vivaan Joshi,8,21,144155.74,41731.26,4960,0.0106,91.6341,Long Tail Customers
CUST03491,Kavya Patil,9,27,144153.88,26471.02,4961,0.0106,91.6447,Long Tail Customers
CUST03474,Aarav Deshmukh,7,22,144149.63,40944.79,4962,0.0106,91.6553,Long Tail Customers
CUST01948,Rahul Mehta,13,23,144135.74,39029.71,4963,0.0106,91.6658,Long Tail Customers
CUST02244,Priya Shah,9,24,144092.59,29575.45,4964,0.0106,91.6764,Long Tail Customers
CUST00036,Karan Mehta,6,17,144089.0,37320.74,4965,0.0106,91.687,Long Tail Customers
CUST01255,Neha Mhaske,7,16,144081.86,37178.44,4966,0.0106,91.6976,Long Tail Customers
CUST02920,Pooja Kumar,12,23,143985.31,43844.63,4967,0.0106,91.7082,Long Tail Customers
CUST04106,Rohan Mhaske,9,23,143984.49,32297.46,4968,0.0106,91.7187,Long Tail Customers
CUST00060,Rohan Joshi,8,15,143897.79,31076.01,4969,0.0106,91.7293,Long Tail Customers
CUST04611,Isha Verma,7,14,143887.02,38829.61,4970,0.0106,91.7399,Long Tail Customers
CUST03984,Vivaan Sharma,10,22,143878.21,24059.86,4971,0.0106,91.7504,Long Tail Customers
CUST03842,Isha Gupta,14,26,143834.9,44875.93,4972,0.0106,91.761,Long Tail Customers
CUST01109,Aarav Mhaske,8,27,143831.75,35231.34,4973,0.0106,91.7716,Long Tail Customers
CUST02579,Rohan Mehta,11,25,143827.12,34858.01,4974,0.0106,91.7821,Long Tail Customers
CUST03776,Rahul Sharma,8,19,143678.07,34673.84,4975,0.0106,91.7927,Long Tail Customers
CUST02141,Kavya Verma,8,18,143648.0,42577.63,4976,0.0105,91.8032,Long Tail Customers
CUST00265,Neha Verma,7,18,143626.99,33444.17,4977,0.0105,91.8138,Long Tail Customers
CUST00379,Sneha Mehta,10,27,143493.48,33820.95,4978,0.0105,91.8243,Long Tail Customers
CUST00803,Aditya Singh,12,18,143468.91,36820.18,4979,0.0105,91.8349,Long Tail Customers
CUST02571,Priya Verma,13,25,143430.77,27927.58,4980,0.0105,91.8454,Long Tail Customers
CUST01942,Pooja Nair,9,23,143394.59,37777.46,4981,0.0105,91.8559,Long Tail Customers
CUST05870,Rahul Mhaske,13,28,143386.89,37169.44,4982,0.0105,91.8665,Long Tail Customers
CUST05041,Vivaan Deshmukh,8,16,143306.85,26978.89,4983,0.0105,91.877,Long Tail Customers
CUST03766,Isha Shah,9,20,143299.14,43048.17,4984,0.0105,91.8875,Long Tail Customers
CUST04445,Pooja Shah,6,21,143096.75,37345.79,4985,0.0105,91.898,Long Tail Customers
CUST05235,Karan Mehta,12,23,143073.62,32816.18,4986,0.0105,91.9085,Long Tail Customers
CUST03745,Karan Deshmukh,10,20,143072.31,26389.51,4987,0.0105,91.919,Long Tail Customers
CUST05176,Rohan Mehta,11,24,143029.4,35457.94,4988,0.0105,91.9295,Long Tail Customers
CUST05637,Neha Deshmukh,13,30,143026.55,33480.06,4989,0.0105,91.94,Long Tail Customers
CUST04175,Aarav Patil,8,18,142966.36,41049.32,4990,0.0105,91.9505,Long Tail Customers
CUST05030,Kavya Kumar,13,26,142934.77,41236.99,4991,0.0105,91.961,Long Tail Customers
CUST01567,Neha Mehta,13,35,142870.63,30827.1,4992,0.0105,91.9715,Long Tail Customers
CUST03741,Arjun Gupta,10,21,142861.8,38641.2,4993,0.0105,91.982,Long Tail Customers
CUST05088,Priya Gupta,11,29,142816.67,34993.77,4994,0.0105,91.9925,Long Tail Customers
CUST04297,Pooja Deshmukh,9,17,142792.38,41798.76,4995,0.0105,92.003,Long Tail Customers
CUST04546,Aarav Singh,7,21,142687.77,33019.22,4996,0.0105,92.0135,Long Tail Customers
CUST05602,Priya Mhaske,14,28,142552.75,28675.38,4997,0.0105,92.0239,Long Tail Customers
CUST02184,Pooja Gupta,10,23,142509.52,45526.22,4998,0.0105,92.0344,Long Tail Customers
CUST04482,Ananya Deshmukh,10,21,142503.74,36673.14,4999,0.0105,92.0449,Long Tail Customers
CUST02392,Aditya Patil,15,33,142341.07,35694.57,5000,0.0105,92.0553,Long Tail Customers
CUST01049,Priya Patil,11,23,142333.16,45079.65,5001,0.0105,92.0658,Long Tail Customers
CUST01850,Aarav Mhaske,8,20,142286.66,39517.61,5002,0.0104,92.0762,Long Tail Customers
CUST03267,Kavya Nair,11,25,142263.17,26887.24,5003,0.0104,92.0867,Long Tail Customers
CUST03057,Rahul Mehta,8,18,142193.19,21499.71,5004,0.0104,92.0971,Long Tail Customers
CUST04009,Aarav Joshi,10,22,142139.26,36858.6,5005,0.0104,92.1076,Long Tail Customers
CUST00708,Aarav Singh,10,30,141996.01,22205.85,5006,0.0104,92.118,Long Tail Customers
CUST02753,Kavya Gupta,11,21,141994.69,30870.87,5007,0.0104,92.1284,Long Tail Customers
CUST05449,Priya Joshi,7,15,141890.33,43932.87,5008,0.0104,92.1388,Long Tail Customers
CUST00576,Pooja Gupta,7,15,141837.78,32978.45,5009,0.0104,92.1493,Long Tail Customers
CUST02869,Meera Mhaske,9,21,141780.37,33898.43,5010,0.0104,92.1597,Long Tail Customers
CUST01130,Arjun Sharma,9,28,141749.09,44373.27,5011,0.0104,92.1701,Long Tail Customers
CUST05485,Rohan Gupta,10,19,141649.22,30382.95,5012,0.0104,92.1805,Long Tail Customers
CUST01961,Karan Verma,9,19,141626.28,40974.99,5013,0.0104,92.1909,Long Tail Customers
CUST04747,Meera Singh,10,22,141596.71,40737.17,5014,0.0104,92.2013,Long Tail Customers
CUST02826,Meera Joshi,12,24,141589.26,35137.49,5015,0.0104,92.2117,Long Tail Customers
CUST01993,Vivaan Deshmukh,9,26,141571.84,32931.64,5016,0.0104,92.2221,Long Tail Customers
CUST05439,Rahul Nair,9,22,141521.88,31895.38,5017,0.0104,92.2325,Long Tail Customers
CUST04633,Sneha Gupta,10,19,141493.65,36803.66,5018,0.0104,92.2429,Long Tail Customers
CUST03065,Rohan Singh,10,23,141445.59,35517.33,5019,0.0104,92.2532,Long Tail Customers
CUST03221,Rahul Joshi,10,21,141425.06,35730.58,5020,0.0104,92.2636,Long Tail Customers
CUST00237,Arjun Sharma,14,20,141387.61,29511.19,5021,0.0104,92.274,Long Tail Customers
CUST05893,Aarav Patil,7,25,141330.44,36534.93,5022,0.0104,92.2844,Long Tail Customers
CUST00808,Ananya Joshi,9,19,141249.68,37052.58,5023,0.0104,92.2948,Long Tail Customers
CUST00530,Kavya Sharma,7,20,141214.14,22196.64,5024,0.0104,92.3051,Long Tail Customers
CUST03319,Pooja Mehta,5,12,141199.78,34349.25,5025,0.0104,92.3155,Long Tail Customers
CUST01514,Sneha Joshi,11,22,141194.55,41295.98,5026,0.0104,92.3259,Long Tail Customers
CUST01533,Pooja Mhaske,10,15,141178.39,35106.34,5027,0.0104,92.3362,Long Tail Customers
CUST01431,Rohan Verma,9,24,141143.3,31627.36,5028,0.0104,92.3466,Long Tail Customers
CUST05353,Rahul Sharma,7,21,141098.51,28468.88,5029,0.0104,92.357,Long Tail Customers
CUST04969,Aditya Deshmukh,11,25,141056.51,29225.06,5030,0.0104,92.3673,Long Tail Customers
CUST05170,Aditya Kumar,6,15,140983.68,37594.31,5031,0.0104,92.3777,Long Tail Customers
CUST03517,Ananya Joshi,9,24,140939.1,38588.18,5032,0.0104,92.388,Long Tail Customers
CUST01872,Priya Patil,12,20,140850.09,27010.45,5033,0.0103,92.3984,Long Tail Customers
CUST04581,Karan Sharma,11,28,140711.49,30326.68,5034,0.0103,92.4087,Long Tail Customers
CUST01462,Karan Nair,11,20,140607.07,36492.02,5035,0.0103,92.419,Long Tail Customers
CUST01030,Vivaan Shah,9,28,140546.76,31888.3,5036,0.0103,92.4294,Long Tail Customers
CUST03229,Pooja Sharma,8,18,140451.94,29404.98,5037,0.0103,92.4397,Long Tail Customers
CUST00433,Arjun Kumar,8,14,140153.77,25025.61,5038,0.0103,92.45,Long Tail Customers
CUST01093,Isha Patil,10,20,140100.51,38120.79,5039,0.0103,92.4603,Long Tail Customers
CUST01893,Meera Nair,11,18,140097.27,32544.59,5040,0.0103,92.4706,Long Tail Customers
CUST00740,Priya Verma,11,21,140065.13,36310.49,5041,0.0103,92.4808,Long Tail Customers
CUST02023,Amit Deshmukh,7,17,140059.21,32023.65,5042,0.0103,92.4911,Long Tail Customers
CUST01923,Rohan Mhaske,10,23,140039.49,31668.69,5043,0.0103,92.5014,Long Tail Customers
CUST01034,Isha Deshmukh,9,19,140027.68,30161.03,5044,0.0103,92.5117,Long Tail Customers
CUST03922,Aditya Joshi,11,19,140020.65,42352.61,5045,0.0103,92.522,Long Tail Customers
CUST00315,Amit Singh,10,19,139923.39,44701.08,5046,0.0103,92.5323,Long Tail Customers
CUST02678,Kavya Verma,10,16,139802.35,37690.43,5047,0.0103,92.5425,Long Tail Customers
CUST02873,Amit Mehta,13,23,139630.57,35950.91,5048,0.0103,92.5528,Long Tail Customers
CUST01792,Rahul Gupta,12,27,139603.44,37019.9,5049,0.0103,92.563,Long Tail Customers
CUST02078,Arjun Mhaske,12,25,139578.99,28383.65,5050,0.0103,92.5733,Long Tail Customers
CUST01571,Rahul Kumar,8,22,139568.3,32701.65,5051,0.0103,92.5835,Long Tail Customers
CUST02320,Rohan Shah,12,24,139554.06,41668.3,5052,0.0102,92.5938,Long Tail Customers
CUST05378,Aditya Mehta,12,26,139484.68,33425.66,5053,0.0102,92.604,Long Tail Customers
CUST03384,Priya Mehta,7,13,139470.57,39134.69,5054,0.0102,92.6143,Long Tail Customers
CUST00158,Ananya Shah,10,23,139438.91,40910.47,5055,0.0102,92.6245,Long Tail Customers
CUST00151,Aditya Nair,10,21,139391.1,30735.34,5056,0.0102,92.6347,Long Tail Customers
CUST03883,Arjun Singh,11,20,139377.35,34382.71,5057,0.0102,92.645,Long Tail Customers
CUST05250,Vivaan Sharma,12,30,139232.27,30121.71,5058,0.0102,92.6552,Long Tail Customers
CUST02629,Vivaan Deshmukh,10,21,139187.94,35901.91,5059,0.0102,92.6654,Long Tail Customers
CUST01613,Rohan Deshmukh,12,23,139183.79,28651.42,5060,0.0102,92.6757,Long Tail Customers
CUST01362,Rahul Sharma,9,14,139148.98,36854.15,5061,0.0102,92.6859,Long Tail Customers
CUST03855,Aarav Joshi,8,17,139135.83,26942.99,5062,0.0102,92.6961,Long Tail Customers
CUST04159,Pooja Mhaske,11,20,139107.86,32474.84,5063,0.0102,92.7063,Long Tail Customers
CUST02549,Aditya Mhaske,8,17,139058.24,36157.06,5064,0.0102,92.7165,Long Tail Customers
CUST01023,Rohan Singh,9,17,139032.86,34713.9,5065,0.0102,92.7267,Long Tail Customers
CUST01223,Ananya Patil,10,21,138992.77,29382.59,5066,0.0102,92.7369,Long Tail Customers
CUST00801,Isha Gupta,10,25,138906.71,36282.5,5067,0.0102,92.7471,Long Tail Customers
CUST03256,Priya Deshmukh,14,28,138855.11,27776.04,5068,0.0102,92.7573,Long Tail Customers
CUST00817,Sneha Joshi,11,17,138839.84,26795.7,5069,0.0102,92.7675,Long Tail Customers
CUST02013,Isha Mehta,11,22,138774.03,38208.15,5070,0.0102,92.7777,Long Tail Customers
CUST04672,Vivaan Mehta,6,15,138723.27,33224.87,5071,0.0102,92.7879,Long Tail Customers
CUST04746,Kavya Nair,11,22,138715.76,35372.83,5072,0.0102,92.7981,Long Tail Customers
CUST00726,Isha Mhaske,7,16,138707.48,37477.93,5073,0.0102,92.8083,Long Tail Customers
CUST01469,Aarav Singh,12,31,138661.55,39607.61,5074,0.0102,92.8185,Long Tail Customers
CUST05058,Meera Kumar,9,20,138641.22,34297.39,5075,0.0102,92.8287,Long Tail Customers
CUST03064,Aarav Kumar,9,21,138524.77,31438.59,5076,0.0102,92.8388,Long Tail Customers
CUST03908,Kavya Verma,12,20,138522.82,38240.47,5077,0.0102,92.849,Long Tail Customers
CUST01810,Priya Singh,11,34,138471.94,34906.6,5078,0.0102,92.8592,Long Tail Customers
CUST01534,Rohan Shah,9,19,138409.46,41063.99,5079,0.0102,92.8693,Long Tail Customers
CUST01585,Sneha Singh,8,18,138337.02,26911.76,5080,0.0102,92.8795,Long Tail Customers
CUST04318,Isha Gupta,8,14,138320.61,26404.83,5081,0.0102,92.8897,Long Tail Customers
CUST01528,Aarav Joshi,8,24,138240.61,30018.21,5082,0.0102,92.8998,Long Tail Customers
CUST03921,Kavya Mehta,11,21,138214.52,39607.15,5083,0.0102,92.91,Long Tail Customers
CUST04573,Ananya Deshmukh,13,27,138179.87,32152.17,5084,0.0101,92.9201,Long Tail Customers
CUST05596,Amit Sharma,9,16,138162.23,34214.09,5085,0.0101,92.9303,Long Tail Customers
CUST00100,Karan Verma,9,20,138132.19,40510.98,5086,0.0101,92.9404,Long Tail Customers
CUST04766,Aarav Mhaske,5,12,138074.41,36552.68,5087,0.0101,92.9505,Long Tail Customers
CUST02050,Aditya Deshmukh,9,16,138037.52,32863.86,5088,0.0101,92.9607,Long Tail Customers
CUST04987,Sneha Singh,11,21,137995.62,30451.45,5089,0.0101,92.9708,Long Tail Customers
CUST04070,Pooja Kumar,10,25,137973.95,21475.09,5090,0.0101,92.9809,Long Tail Customers
CUST00446,Aditya Singh,14,23,137876.87,31721.39,5091,0.0101,92.9911,Long Tail Customers
CUST05090,Rohan Joshi,10,16,137758.81,34313.51,5092,0.0101,93.0012,Long Tail Customers
CUST03630,Karan Verma,10,24,137710.91,22193.34,5093,0.0101,93.0113,Long Tail Customers
CUST03376,Meera Verma,13,25,137661.14,31557.96,5094,0.0101,93.0214,Long Tail Customers
CUST01361,Aarav Mehta,9,17,137620.77,27410.97,5095,0.0101,93.0315,Long Tail Customers
CUST01892,Rohan Kumar,10,22,137613.34,27715.62,5096,0.0101,93.0416,Long Tail Customers
CUST05856,Ananya Sharma,12,23,137612.8,31709.45,5097,0.0101,93.0517,Long Tail Customers
CUST02927,Meera Verma,10,27,137611.71,30468.91,5098,0.0101,93.0618,Long Tail Customers
CUST04218,Sneha Nair,11,22,137511.55,29988.53,5099,0.0101,93.0719,Long Tail Customers
CUST00593,Amit Kumar,9,20,137459.64,35175.59,5100,0.0101,93.082,Long Tail Customers
CUST04193,Arjun Patil,13,33,137156.31,29044.39,5101,0.0101,93.0921,Long Tail Customers
CUST03624,Ananya Singh,7,18,137088.54,43106.58,5102,0.0101,93.1022,Long Tail Customers
CUST05931,Amit Nair,11,21,137078.23,28368.89,5103,0.0101,93.1122,Long Tail Customers
CUST00945,Neha Verma,9,19,137070.44,36233.97,5104,0.0101,93.1223,Long Tail Customers
CUST05348,Kavya Mhaske,11,27,136979.77,27078.22,5105,0.0101,93.1324,Long Tail Customers
CUST04856,Meera Shah,9,16,136949.8,43262.18,5106,0.0101,93.1424,Long Tail Customers
CUST00834,Arjun Shah,11,24,136868.99,25813.94,5107,0.0101,93.1525,Long Tail Customers
CUST00227,Rohan Nair,7,15,136796.84,23863.72,5108,0.01,93.1625,Long Tail Customers
CUST01684,Vivaan Shah,13,19,136773.49,31606.82,5109,0.01,93.1726,Long Tail Customers
CUST00309,Meera Singh,8,21,136662.18,23247.26,5110,0.01,93.1826,Long Tail Customers
CUST04729,Pooja Shah,9,22,136587.65,27013.21,5111,0.01,93.1926,Long Tail Customers
CUST04293,Rohan Deshmukh,10,19,136577.16,33305.62,5112,0.01,93.2027,Long Tail Customers
CUST05939,Sneha Deshmukh,11,22,136261.32,38669.81,5113,0.01,93.2127,Long Tail Customers
CUST03220,Aarav Nair,11,20,136152.39,36112.66,5114,0.01,93.2227,Long Tail Customers
CUST01866,Neha Kumar,8,15,136080.04,23472.64,5115,0.01,93.2327,Long Tail Customers
CUST04802,Ananya Kumar,11,23,136074.74,40542.18,5116,0.01,93.2427,Long Tail Customers
CUST01017,Isha Joshi,13,30,136045.83,34639.21,5117,0.01,93.2526,Long Tail Customers
CUST03670,Rohan Nair,10,18,135952.97,18473.7,5118,0.01,93.2626,Long Tail Customers
CUST05544,Amit Sharma,9,26,135952.77,35088.91,5119,0.01,93.2726,Long Tail Customers
CUST01645,Vivaan Deshmukh,6,20,135949.12,34004.7,5120,0.01,93.2826,Long Tail Customers
CUST03355,Arjun Shah,12,24,135874.37,35157.04,5121,0.01,93.2926,Long Tail Customers
CUST04076,Sneha Nair,6,16,135871.39,26150.79,5122,0.01,93.3026,Long Tail Customers
CUST03047,Karan Deshmukh,11,24,135851.86,38381.09,5123,0.01,93.3125,Long Tail Customers
CUST05375,Pooja Sharma,12,27,135833.32,31370.15,5124,0.01,93.3225,Long Tail Customers
CUST04872,Aditya Singh,10,28,135803.93,32071.17,5125,0.01,93.3325,Long Tail Customers
CUST00005,Priya Mhaske,10,17,135785.02,32472.5,5126,0.01,93.3425,Long Tail Customers
CUST00835,Aditya Deshmukh,9,15,135767.54,42395.94,5127,0.01,93.3524,Long Tail Customers
CUST01047,Karan Mhaske,9,20,135643.4,30443.71,5128,0.01,93.3624,Long Tail Customers
CUST00175,Amit Gupta,8,20,135530.65,30228.16,5129,0.01,93.3723,Long Tail Customers
CUST00375,Aarav Shah,10,23,135525.0,32158.13,5130,0.01,93.3823,Long Tail Customers
CUST01382,Kavya Shah,7,17,135514.83,43093.36,5131,0.01,93.3923,Long Tail Customers
CUST04116,Vivaan Kumar,10,23,135472.57,26728.35,5132,0.0099,93.4022,Long Tail Customers
CUST05711,Meera Gupta,9,24,135375.91,29649.09,5133,0.0099,93.4121,Long Tail Customers
CUST03861,Aditya Verma,10,14,135374.15,26199.89,5134,0.0099,93.4221,Long Tail Customers
CUST04767,Amit Shah,10,18,135334.1,29591.93,5135,0.0099,93.432,Long Tail Customers
CUST05322,Meera Shah,10,24,135329.45,31097.84,5136,0.0099,93.442,Long Tail Customers
CUST04759,Sneha Verma,8,17,135252.36,32782.47,5137,0.0099,93.4519,Long Tail Customers
CUST01731,Pooja Deshmukh,6,14,135228.14,40410.46,5138,0.0099,93.4618,Long Tail Customers
CUST01261,Arjun Sharma,8,16,135226.32,38560.28,5139,0.0099,93.4718,Long Tail Customers
CUST01555,Isha Singh,8,20,135028.92,38760.63,5140,0.0099,93.4817,Long Tail Customers
CUST04717,Pooja Joshi,7,19,135012.6,31252.04,5141,0.0099,93.4916,Long Tail Customers
CUST04025,Sneha Nair,6,16,134926.21,42641.25,5142,0.0099,93.5015,Long Tail Customers
CUST02281,Kavya Joshi,7,17,134887.83,37299.15,5143,0.0099,93.5114,Long Tail Customers
CUST02220,Meera Mehta,8,14,134884.27,38935.31,5144,0.0099,93.5213,Long Tail Customers
CUST03565,Aditya Shah,11,21,134848.84,31271.52,5145,0.0099,93.5312,Long Tail Customers
CUST03762,Vivaan Nair,8,17,134848.35,31274.03,5146,0.0099,93.5411,Long Tail Customers
CUST00135,Priya Gupta,8,18,134817.65,26041.06,5147,0.0099,93.551,Long Tail Customers
CUST04272,Vivaan Shah,7,21,134805.44,20661.88,5148,0.0099,93.5609,Long Tail Customers
CUST05545,Kavya Mhaske,9,18,134765.74,30027.24,5149,0.0099,93.5708,Long Tail Customers
CUST05755,Sneha Mhaske,11,25,134712.04,34929.73,5150,0.0099,93.5807,Long Tail Customers
CUST03201,Rohan Sharma,11,22,134607.59,26628.04,5151,0.0099,93.5906,Long Tail Customers
CUST00616,Neha Singh,13,34,134568.61,31177.65,5152,0.0099,93.6005,Long Tail Customers
CUST02368,Sneha Nair,10,25,134526.22,36080.77,5153,0.0099,93.6104,Long Tail Customers
CUST00508,Vivaan Patil,7,12,134516.22,42697.95,5154,0.0099,93.6202,Long Tail Customers
CUST04957,Karan Gupta,10,18,134491.2,24861.97,5155,0.0099,93.6301,Long Tail Customers
CUST00329,Aditya Sharma,9,22,134461.11,45133.37,5156,0.0099,93.64,Long Tail Customers
CUST01770,Aditya Singh,7,17,134381.84,30980.88,5157,0.0099,93.6499,Long Tail Customers
CUST03469,Priya Sharma,11,15,134380.09,24958.63,5158,0.0099,93.6597,Long Tail Customers
CUST02250,Karan Patil,7,20,134342.58,37521.87,5159,0.0099,93.6696,Long Tail Customers
CUST05525,Aditya Mhaske,9,16,134293.44,32079.82,5160,0.0099,93.6795,Long Tail Customers
CUST05093,Pooja Shah,8,19,134272.57,22137.89,5161,0.0099,93.6893,Long Tail Customers
CUST00347,Kavya Mhaske,9,19,134228.65,39728.47,5162,0.0099,93.6992,Long Tail Customers
CUST04867,Rahul Mehta,8,15,134225.8,34927.07,5163,0.0099,93.709,Long Tail Customers
CUST02105,Amit Sharma,8,18,134220.23,35050.68,5164,0.0099,93.7189,Long Tail Customers
CUST01473,Vivaan Shah,8,17,134160.35,31903.48,5165,0.0099,93.7287,Long Tail Customers
CUST05181,Rohan Gupta,10,22,134153.67,31372.64,5166,0.0099,93.7386,Long Tail Customers
CUST04059,Karan Deshmukh,9,17,134142.24,25321.33,5167,0.0099,93.7484,Long Tail Customers
CUST00507,Priya Verma,8,16,134121.56,32465.41,5168,0.0099,93.7583,Long Tail Customers
CUST03694,Aditya Verma,15,30,134001.6,35419.72,5169,0.0098,93.7681,Long Tail Customers
CUST05832,Vivaan Mhaske,14,27,133966.65,25531.85,5170,0.0098,93.778,Long Tail Customers
CUST03719,Aarav Singh,11,20,133927.63,29764.86,5171,0.0098,93.7878,Long Tail Customers
CUST00812,Aditya Kumar,8,19,133883.03,31860.11,5172,0.0098,93.7976,Long Tail Customers
CUST00376,Priya Joshi,11,21,133779.5,25664.1,5173,0.0098,93.8075,Long Tail Customers
CUST05892,Sneha Deshmukh,12,28,133697.32,29251.36,5174,0.0098,93.8173,Long Tail Customers
CUST01543,Pooja Sharma,6,16,133664.68,44252.72,5175,0.0098,93.8271,Long Tail Customers
CUST05406,Ananya Gupta,12,24,133662.89,35210.12,5176,0.0098,93.8369,Long Tail Customers
CUST04131,Aditya Deshmukh,10,19,133486.42,19900.46,5177,0.0098,93.8467,Long Tail Customers
CUST03155,Rahul Mhaske,14,21,133350.14,31818.55,5178,0.0098,93.8565,Long Tail Customers
CUST03224,Arjun Singh,17,33,133297.67,32983.52,5179,0.0098,93.8663,Long Tail Customers
CUST02802,Meera Kumar,12,22,133259.02,34192.36,5180,0.0098,93.8761,Long Tail Customers
CUST02168,Amit Singh,12,21,132961.02,23867.77,5181,0.0098,93.8859,Long Tail Customers
CUST04168,Sneha Nair,8,20,132958.43,31251.49,5182,0.0098,93.8956,Long Tail Customers
CUST04093,Isha Nair,9,15,132772.15,42478.53,5183,0.0098,93.9054,Long Tail Customers
CUST04354,Rohan Patil,5,15,132383.09,39981.18,5184,0.0097,93.9151,Long Tail Customers
CUST05761,Vivaan Singh,6,13,132354.78,37824.5,5185,0.0097,93.9248,Long Tail Customers
CUST05746,Karan Verma,7,20,132339.32,28810.58,5186,0.0097,93.9345,Long Tail Customers
CUST05189,Pooja Deshmukh,12,18,132329.98,36454.64,5187,0.0097,93.9443,Long Tail Customers
CUST03757,Arjun Joshi,7,13,132216.51,28184.65,5188,0.0097,93.954,Long Tail Customers
CUST02971,Priya Singh,9,15,132214.53,35994.94,5189,0.0097,93.9637,Long Tail Customers
CUST00511,Neha Gupta,9,18,132122.92,22247.46,5190,0.0097,93.9734,Long Tail Customers
CUST01980,Neha Deshmukh,8,26,132107.78,25250.02,5191,0.0097,93.9831,Long Tail Customers
CUST04657,Vivaan Singh,8,20,132069.02,41212.67,5192,0.0097,93.9928,Long Tail Customers
CUST03928,Priya Verma,9,16,131992.99,36255.05,5193,0.0097,94.0025,Long Tail Customers
CUST05115,Priya Sharma,10,18,131867.21,20140.08,5194,0.0097,94.0122,Long Tail Customers
CUST00420,Vivaan Deshmukh,13,29,131862.72,29929.35,5195,0.0097,94.0218,Long Tail Customers
CUST02360,Neha Kumar,12,18,131842.74,29954.49,5196,0.0097,94.0315,Long Tail Customers
CUST02390,Ananya Kumar,10,19,131817.94,34446.41,5197,0.0097,94.0412,Long Tail Customers
CUST03915,Aditya Shah,10,14,131809.51,34324.91,5198,0.0097,94.0509,Long Tail Customers
CUST00024,Sneha Nair,8,16,131584.59,32038.01,5199,0.0097,94.0606,Long Tail Customers
CUST03323,Ananya Sharma,10,18,131553.02,32752.61,5200,0.0097,94.0702,Long Tail Customers
CUST02344,Pooja Nair,13,22,131509.0,23544.46,5201,0.0097,94.0799,Long Tail Customers
CUST01407,Pooja Nair,11,23,131426.36,23603.76,5202,0.0097,94.0895,Long Tail Customers
CUST03653,Meera Gupta,8,17,131411.74,28226.11,5203,0.0097,94.0992,Long Tail Customers
CUST01241,Rahul Nair,13,35,131409.26,37464.53,5204,0.0097,94.1088,Long Tail Customers
CUST03519,Priya Deshmukh,8,20,131405.8,44895.45,5205,0.0097,94.1185,Long Tail Customers
CUST05488,Pooja Gupta,9,17,131379.28,35333.4,5206,0.0096,94.1281,Long Tail Customers
CUST01966,Sneha Mehta,8,19,131342.67,23558.62,5207,0.0096,94.1378,Long Tail Customers
CUST02394,Priya Verma,8,17,131247.8,37550.23,5208,0.0096,94.1474,Long Tail Customers
CUST05557,Kavya Shah,7,16,131220.91,33607.47,5209,0.0096,94.1571,Long Tail Customers
CUST05332,Meera Singh,10,25,131162.1,34182.62,5210,0.0096,94.1667,Long Tail Customers
CUST01344,Amit Shah,8,15,131103.27,37063.3,5211,0.0096,94.1763,Long Tail Customers
CUST00504,Neha Verma,11,22,131064.68,29393.86,5212,0.0096,94.1859,Long Tail Customers
CUST00106,Ananya Nair,11,22,131064.59,30573.48,5213,0.0096,94.1956,Long Tail Customers
CUST00617,Neha Verma,9,23,131055.77,27056.79,5214,0.0096,94.2052,Long Tail Customers
CUST03268,Ananya Shah,6,15,130926.92,30993.91,5215,0.0096,94.2148,Long Tail Customers
CUST02292,Priya Kumar,11,25,130862.18,34204.33,5216,0.0096,94.2244,Long Tail Customers
CUST02248,Kavya Gupta,11,29,130815.8,43069.58,5217,0.0096,94.234,Long Tail Customers
CUST05534,Priya Shah,11,21,130726.51,35732.27,5218,0.0096,94.2436,Long Tail Customers
CUST03609,Rahul Joshi,7,20,130688.09,29965.33,5219,0.0096,94.2532,Long Tail Customers
CUST00296,Rahul Singh,7,18,130673.56,24192.51,5220,0.0096,94.2628,Long Tail Customers
CUST05954,Arjun Patil,11,21,130552.76,28127.05,5221,0.0096,94.2724,Long Tail Customers
CUST00381,Rahul Mehta,10,17,130535.81,34712.38,5222,0.0096,94.282,Long Tail Customers
CUST01847,Karan Patil,9,16,130526.54,37069.63,5223,0.0096,94.2916,Long Tail Customers
CUST00631,Rahul Patil,11,17,130476.23,34836.93,5224,0.0096,94.3012,Long Tail Customers
CUST00891,Rohan Nair,10,21,130347.02,23299.93,5225,0.0096,94.3107,Long Tail Customers
CUST01949,Priya Patil,10,22,130297.94,32967.43,5226,0.0096,94.3203,Long Tail Customers
CUST03127,Kavya Deshmukh,7,20,130282.0,34596.78,5227,0.0096,94.3299,Long Tail Customers
CUST01216,Pooja Joshi,6,11,130280.48,29013.17,5228,0.0096,94.3394,Long Tail Customers
CUST05437,Aditya Joshi,11,16,130184.35,26932.83,5229,0.0096,94.349,Long Tail Customers
CUST00255,Meera Nair,11,21,130160.59,35355.89,5230,0.0096,94.3586,Long Tail Customers
CUST04949,Meera Sharma,7,17,130150.93,39100.85,5231,0.0096,94.3681,Long Tail Customers
CUST01338,Rahul Nair,9,21,130136.22,33809.98,5232,0.0096,94.3777,Long Tail Customers
CUST02830,Neha Nair,11,19,130115.25,40884.38,5233,0.0096,94.3872,Long Tail Customers
CUST04466,Aarav Gupta,7,20,130113.91,31240.35,5234,0.0096,94.3968,Long Tail Customers
CUST05022,Amit Deshmukh,12,21,130078.98,27997.82,5235,0.0096,94.4063,Long Tail Customers
CUST03070,Rohan Kumar,12,22,130026.77,33481.85,5236,0.0095,94.4159,Long Tail Customers
CUST01319,Arjun Gupta,14,23,129995.23,32249.48,5237,0.0095,94.4254,Long Tail Customers
CUST05796,Karan Mehta,8,21,129958.33,28749.43,5238,0.0095,94.435,Long Tail Customers
CUST02511,Kavya Mehta,11,17,129896.52,23623.05,5239,0.0095,94.4445,Long Tail Customers
CUST03824,Karan Kumar,6,13,129746.03,37022.65,5240,0.0095,94.454,Long Tail Customers
CUST04103,Pooja Mhaske,6,16,129709.88,28639.42,5241,0.0095,94.4636,Long Tail Customers
CUST03561,Rahul Patil,12,29,129708.13,30071.28,5242,0.0095,94.4731,Long Tail Customers
CUST04675,Karan Gupta,12,23,129596.56,32111.88,5243,0.0095,94.4826,Long Tail Customers
CUST01173,Sneha Joshi,9,18,129581.6,33111.68,5244,0.0095,94.4921,Long Tail Customers
CUST05010,Vivaan Deshmukh,13,22,129580.86,38430.72,5245,0.0095,94.5017,Long Tail Customers
CUST01849,Meera Mehta,14,25,129560.28,26794.1,5246,0.0095,94.5112,Long Tail Customers
CUST03199,Neha Kumar,8,17,129493.52,31566.72,5247,0.0095,94.5207,Long Tail Customers
CUST01111,Meera Joshi,12,28,129303.68,21445.04,5248,0.0095,94.5302,Long Tail Customers
CUST00210,Vivaan Nair,10,15,129269.08,33672.86,5249,0.0095,94.5397,Long Tail Customers
CUST03603,Meera Nair,8,20,129254.39,29328.37,5250,0.0095,94.5492,Long Tail Customers
CUST04384,Kavya Verma,9,19,129209.77,32533.48,5251,0.0095,94.5586,Long Tail Customers
CUST03508,Aditya Patil,10,16,129198.25,39997.3,5252,0.0095,94.5681,Long Tail Customers
CUST02495,Ananya Verma,9,19,129155.56,27976.76,5253,0.0095,94.5776,Long Tail Customers
CUST02032,Aarav Joshi,9,15,129153.09,33910.88,5254,0.0095,94.5871,Long Tail Customers
CUST05397,Aarav Deshmukh,10,19,129059.87,37159.23,5255,0.0095,94.5966,Long Tail Customers
CUST01840,Aditya Gupta,9,22,129037.07,28084.85,5256,0.0095,94.6061,Long Tail Customers
CUST02299,Isha Nair,11,25,128921.32,29391.45,5257,0.0095,94.6155,Long Tail Customers
CUST02226,Rahul Patil,10,16,128825.19,38536.23,5258,0.0095,94.625,Long Tail Customers
CUST04135,Priya Singh,11,17,128738.5,35410.82,5259,0.0095,94.6344,Long Tail Customers
CUST01003,Rohan Gupta,7,16,128711.44,33982.81,5260,0.0095,94.6439,Long Tail Customers
CUST00144,Pooja Joshi,9,16,128647.74,39775.41,5261,0.0094,94.6533,Long Tail Customers
CUST00299,Neha Mhaske,7,13,128597.95,34476.19,5262,0.0094,94.6628,Long Tail Customers
CUST00445,Karan Mhaske,14,27,128561.25,28068.5,5263,0.0094,94.6722,Long Tail Customers
CUST02260,Isha Sharma,10,15,128510.08,29046.35,5264,0.0094,94.6817,Long Tail Customers
CUST04137,Isha Deshmukh,12,23,128425.68,30068.79,5265,0.0094,94.6911,Long Tail Customers
CUST03695,Arjun Mehta,7,16,128400.4,22029.48,5266,0.0094,94.7005,Long Tail Customers
CUST04255,Amit Sharma,11,27,128312.18,28035.38,5267,0.0094,94.71,Long Tail Customers
CUST02669,Ananya Kumar,10,21,128307.52,30886.33,5268,0.0094,94.7194,Long Tail Customers
CUST02535,Pooja Patil,10,18,128284.55,34578.79,5269,0.0094,94.7288,Long Tail Customers
CUST01190,Sneha Kumar,7,16,128245.48,21425.96,5270,0.0094,94.7382,Long Tail Customers
CUST05386,Rohan Deshmukh,11,22,128039.15,36999.69,5271,0.0094,94.7476,Long Tail Customers
CUST01466,Karan Kumar,8,19,127975.16,38377.32,5272,0.0094,94.757,Long Tail Customers
CUST02095,Ananya Mhaske,11,17,127953.42,33759.74,5273,0.0094,94.7664,Long Tail Customers
CUST05752,Rahul Deshmukh,12,25,127887.28,23557.73,5274,0.0094,94.7758,Long Tail Customers
CUST01266,Isha Singh,8,15,127793.83,30154.84,5275,0.0094,94.7852,Long Tail Customers
CUST02403,Meera Gupta,12,22,127746.87,31327.6,5276,0.0094,94.7946,Long Tail Customers
CUST03377,Arjun Shah,11,20,127637.52,31423.23,5277,0.0094,94.804,Long Tail Customers
CUST02996,Arjun Deshmukh,9,18,127563.01,25979.38,5278,0.0094,94.8133,Long Tail Customers
CUST00710,Priya Nair,10,18,127562.37,38290.76,5279,0.0094,94.8227,Long Tail Customers
CUST00273,Rohan Shah,9,18,127450.35,40357.11,5280,0.0094,94.8321,Long Tail Customers
CUST03010,Karan Sharma,8,20,127448.96,28305.56,5281,0.0094,94.8414,Long Tail Customers
CUST00829,Rahul Nair,8,17,127444.22,28463.32,5282,0.0094,94.8508,Long Tail Customers
CUST03066,Priya Mehta,6,22,127339.92,28155.03,5283,0.0094,94.8601,Long Tail Customers
CUST03981,Karan Nair,8,16,127294.1,23842.16,5284,0.0093,94.8695,Long Tail Customers
CUST04516,Priya Singh,9,20,127201.43,24261.21,5285,0.0093,94.8788,Long Tail Customers
CUST02143,Aarav Nair,7,18,127181.93,24758.13,5286,0.0093,94.8882,Long Tail Customers
CUST01026,Kavya Verma,10,21,127177.05,34174.3,5287,0.0093,94.8975,Long Tail Customers
CUST02418,Aditya Joshi,10,22,127041.55,27666.54,5288,0.0093,94.9068,Long Tail Customers
CUST01838,Ananya Deshmukh,8,24,127039.99,27614.08,5289,0.0093,94.9162,Long Tail Customers
CUST01413,Sneha Verma,7,19,126986.35,24514.35,5290,0.0093,94.9255,Long Tail Customers
CUST00084,Amit Gupta,6,13,126958.32,34971.15,5291,0.0093,94.9348,Long Tail Customers
CUST05219,Rahul Singh,12,18,126945.54,26580.75,5292,0.0093,94.9441,Long Tail Customers
CUST03978,Ananya Deshmukh,5,12,126919.6,34619.35,5293,0.0093,94.9534,Long Tail Customers
CUST05873,Sneha Kumar,10,18,126892.15,19436.87,5294,0.0093,94.9628,Long Tail Customers
CUST00148,Sneha Shah,11,18,126875.66,30543.15,5295,0.0093,94.9721,Long Tail Customers
CUST05255,Meera Patil,8,18,126817.04,34482.14,5296,0.0093,94.9814,Long Tail Customers
CUST02473,Pooja Verma,10,28,126793.07,41613.76,5297,0.0093,94.9907,Long Tail Customers
CUST00983,Rohan Gupta,11,25,126767.78,36339.43,5298,0.0093,95.0,Long Tail Customers
CUST03158,Kavya Mehta,10,22,126665.44,15207.01,5299,0.0093,95.0093,Long Tail Customers
CUST03330,Meera Deshmukh,13,20,126573.96,31545.23,5300,0.0093,95.0186,Long Tail Customers
CUST01799,Neha Shah,10,22,126511.38,30895.12,5301,0.0093,95.0279,Long Tail Customers
CUST05393,Karan Sharma,9,21,126490.97,33133.3,5302,0.0093,95.0372,Long Tail Customers
CUST01518,Vivaan Singh,14,30,126490.55,21390.64,5303,0.0093,95.0465,Long Tail Customers
CUST05475,Amit Mehta,12,21,126472.63,32844.44,5304,0.0093,95.0558,Long Tail Customers
CUST02676,Vivaan Kumar,9,17,126429.46,27297.12,5305,0.0093,95.0651,Long Tail Customers
CUST03498,Priya Gupta,9,19,126416.86,30532.63,5306,0.0093,95.0743,Long Tail Customers
CUST01767,Arjun Sharma,10,19,126371.54,29645.72,5307,0.0093,95.0836,Long Tail Customers
CUST03213,Vivaan Singh,9,29,126266.27,34148.84,5308,0.0093,95.0929,Long Tail Customers
CUST02443,Aarav Verma,8,16,126227.16,33929.13,5309,0.0093,95.1022,Long Tail Customers
CUST03621,Neha Mehta,11,16,126215.28,25038.22,5310,0.0093,95.1114,Long Tail Customers
CUST02011,Sneha Sharma,11,17,126178.39,34167.67,5311,0.0093,95.1207,Long Tail Customers
CUST02401,Aarav Patil,8,18,126126.39,36901.12,5312,0.0093,95.13,Long Tail Customers
CUST04456,Aditya Patil,11,19,126008.17,33059.62,5313,0.0093,95.1392,Long Tail Customers
CUST03706,Amit Singh,11,15,126007.24,30043.24,5314,0.0093,95.1485,Long Tail Customers
CUST03216,Arjun Joshi,11,21,125821.06,27161.55,5315,0.0092,95.1577,Long Tail Customers
CUST05598,Pooja Patil,10,17,125766.17,41684.6,5316,0.0092,95.167,Long Tail Customers
CUST02554,Meera Patil,9,20,125754.49,34785.54,5317,0.0092,95.1762,Long Tail Customers
CUST01379,Aarav Nair,8,15,125697.73,24572.26,5318,0.0092,95.1854,Long Tail Customers
CUST00792,Amit Shah,6,15,125536.5,21371.54,5319,0.0092,95.1946,Long Tail Customers
CUST03134,Sneha Gupta,11,21,125372.68,28514.43,5320,0.0092,95.2039,Long Tail Customers
CUST01696,Priya Mehta,9,20,125364.36,37853.82,5321,0.0092,95.2131,Long Tail Customers
CUST01282,Rahul Sharma,9,16,125294.32,27836.47,5322,0.0092,95.2223,Long Tail Customers
CUST03834,Neha Kumar,10,15,125270.87,26219.14,5323,0.0092,95.2315,Long Tail Customers
CUST03794,Kavya Patil,15,24,125141.29,31897.06,5324,0.0092,95.2407,Long Tail Customers
CUST03598,Karan Mhaske,12,25,125057.99,21804.63,5325,0.0092,95.2498,Long Tail Customers
CUST03996,Rahul Nair,11,20,125018.31,23968.15,5326,0.0092,95.259,Long Tail Customers
CUST00647,Neha Verma,11,21,124997.18,33126.74,5327,0.0092,95.2682,Long Tail Customers
CUST05190,Sneha Patil,8,19,124996.46,24521.08,5328,0.0092,95.2774,Long Tail Customers
CUST00730,Sneha Gupta,4,11,124808.48,16473.44,5329,0.0092,95.2865,Long Tail Customers
CUST04031,Kavya Nair,11,30,124722.17,25724.75,5330,0.0092,95.2957,Long Tail Customers
CUST03933,Aarav Singh,9,15,124433.34,33872.19,5331,0.0091,95.3048,Long Tail Customers
CUST01325,Karan Sharma,11,17,124311.98,38632.71,5332,0.0091,95.314,Long Tail Customers
CUST03430,Karan Mehta,11,21,124242.24,28390.11,5333,0.0091,95.3231,Long Tail Customers
CUST03176,Neha Joshi,10,17,124174.93,32484.74,5334,0.0091,95.3322,Long Tail Customers
CUST02583,Arjun Patil,12,22,124165.81,27260.34,5335,0.0091,95.3413,Long Tail Customers
CUST04492,Kavya Mhaske,15,30,124140.66,27300.08,5336,0.0091,95.3505,Long Tail Customers
CUST01887,Aditya Kumar,10,22,124090.0,14110.09,5337,0.0091,95.3596,Long Tail Customers
CUST00793,Ananya Sharma,8,22,124027.48,18281.3,5338,0.0091,95.3687,Long Tail Customers
CUST03733,Priya Gupta,11,22,123909.05,25514.44,5339,0.0091,95.3778,Long Tail Customers
CUST05831,Rahul Nair,11,17,123861.71,32160.32,5340,0.0091,95.3869,Long Tail Customers
CUST00729,Sneha Patil,9,16,123749.75,31317.43,5341,0.0091,95.396,Long Tail Customers
CUST01182,Rohan Verma,13,29,123636.6,24928.95,5342,0.0091,95.405,Long Tail Customers
CUST04979,Arjun Patil,15,28,123619.37,30804.24,5343,0.0091,95.4141,Long Tail Customers
CUST00819,Rahul Joshi,8,15,123618.95,23439.99,5344,0.0091,95.4232,Long Tail Customers
CUST01889,Vivaan Mehta,8,18,123576.32,26425.2,5345,0.0091,95.4323,Long Tail Customers
CUST00919,Sneha Joshi,12,18,123465.02,38530.68,5346,0.0091,95.4413,Long Tail Customers
CUST05816,Karan Kumar,10,23,123420.48,31141.41,5347,0.0091,95.4504,Long Tail Customers
CUST02370,Arjun Joshi,10,24,123350.05,39376.34,5348,0.0091,95.4595,Long Tail Customers
CUST02140,Priya Nair,8,21,123345.21,30352.93,5349,0.0091,95.4685,Long Tail Customers
CUST03907,Vivaan Kumar,14,28,123327.9,35698.63,5350,0.0091,95.4776,Long Tail Customers
CUST04941,Karan Mehta,13,33,123314.81,26879.9,5351,0.0091,95.4866,Long Tail Customers
CUST01806,Isha Gupta,7,19,123272.8,33096.77,5352,0.0091,95.4957,Long Tail Customers
CUST05812,Vivaan Nair,9,20,123236.67,32494.16,5353,0.0091,95.5047,Long Tail Customers
CUST04604,Aditya Patil,9,19,123234.47,21370.75,5354,0.0091,95.5138,Long Tail Customers
CUST00671,Meera Joshi,9,14,123118.16,28102.13,5355,0.009,95.5228,Long Tail Customers
CUST02397,Neha Patil,7,17,123090.95,29281.25,5356,0.009,95.5319,Long Tail Customers
CUST00653,Priya Deshmukh,9,17,123084.08,30155.54,5357,0.009,95.5409,Long Tail Customers
CUST01174,Rahul Patil,8,16,122930.21,24609.24,5358,0.009,95.5499,Long Tail Customers
CUST04786,Isha Joshi,10,23,122900.96,29871.28,5359,0.009,95.559,Long Tail Customers
CUST01020,Aarav Kumar,8,17,122859.92,37109.25,5360,0.009,95.568,Long Tail Customers
CUST02728,Arjun Mehta,10,24,122821.13,21267.41,5361,0.009,95.577,Long Tail Customers
CUST04489,Karan Patil,9,24,122732.27,22618.76,5362,0.009,95.586,Long Tail Customers
CUST03286,Ananya Gupta,12,22,122697.25,21951.89,5363,0.009,95.595,Long Tail Customers
CUST04235,Arjun Verma,11,19,122667.09,31410.16,5364,0.009,95.604,Long Tail Customers
CUST04341,Pooja Gupta,5,11,122609.28,26655.01,5365,0.009,95.613,Long Tail Customers
CUST05851,Priya Singh,10,24,122493.02,30577.68,5366,0.009,95.622,Long Tail Customers
CUST02967,Karan Deshmukh,9,15,122460.0,20425.05,5367,0.009,95.631,Long Tail Customers
CUST02097,Rohan Verma,8,26,122387.19,32572.13,5368,0.009,95.64,Long Tail Customers
CUST02837,Kavya Mehta,9,16,122275.36,26205.74,5369,0.009,95.649,Long Tail Customers
CUST01647,Isha Patil,5,14,122211.88,31948.63,5370,0.009,95.658,Long Tail Customers
CUST00163,Aarav Nair,8,14,122158.68,33512.79,5371,0.009,95.667,Long Tail Customers
CUST02510,Arjun Kumar,10,18,122118.83,29516.98,5372,0.009,95.6759,Long Tail Customers
CUST01411,Kavya Deshmukh,10,21,121985.11,31598.19,5373,0.009,95.6849,Long Tail Customers
CUST05595,Rohan Gupta,12,16,121965.35,29522.21,5374,0.009,95.6938,Long Tail Customers
CUST02538,Isha Sharma,14,27,121941.58,32450.09,5375,0.009,95.7028,Long Tail Customers
CUST05705,Meera Deshmukh,10,16,121870.03,25084.1,5376,0.009,95.7117,Long Tail Customers
CUST01772,Amit Deshmukh,9,16,121776.45,29112.33,5377,0.0089,95.7207,Long Tail Customers
CUST02037,Rohan Singh,9,18,121753.81,31266.66,5378,0.0089,95.7296,Long Tail Customers
CUST01830,Karan Verma,10,21,121715.57,22072.13,5379,0.0089,95.7386,Long Tail Customers
CUST00206,Pooja Verma,10,29,121533.26,28549.98,5380,0.0089,95.7475,Long Tail Customers
CUST05127,Karan Verma,8,16,121518.95,22309.33,5381,0.0089,95.7564,Long Tail Customers
CUST04899,Neha Mehta,8,16,121472.4,27983.05,5382,0.0089,95.7653,Long Tail Customers
CUST00252,Isha Mhaske,12,24,121375.68,33226.22,5383,0.0089,95.7743,Long Tail Customers
CUST01703,Neha Singh,7,19,121365.02,28136.92,5384,0.0089,95.7832,Long Tail Customers
CUST00917,Neha Shah,11,23,121363.49,22607.74,5385,0.0089,95.7921,Long Tail Customers
CUST02883,Aditya Deshmukh,11,23,121345.29,28641.25,5386,0.0089,95.801,Long Tail Customers
CUST04852,Aditya Mhaske,10,24,121329.6,20188.35,5387,0.0089,95.8099,Long Tail Customers
CUST00218,Priya Verma,11,18,121293.55,27880.75,5388,0.0089,95.8188,Long Tail Customers
CUST05560,Rahul Mhaske,10,24,121189.48,26419.71,5389,0.0089,95.8277,Long Tail Customers
CUST05002,Kavya Joshi,7,13,121150.55,31045.78,5390,0.0089,95.8366,Long Tail Customers
CUST01505,Rohan Shah,10,20,121048.06,15591.06,5391,0.0089,95.8455,Long Tail Customers
CUST02919,Vivaan Sharma,8,19,121035.27,27574.07,5392,0.0089,95.8544,Long Tail Customers
CUST04153,Vivaan Patil,12,22,120929.22,29492.84,5393,0.0089,95.8633,Long Tail Customers
CUST05642,Priya Patil,10,16,120877.61,36686.32,5394,0.0089,95.8721,Long Tail Customers
CUST04389,Ananya Mhaske,10,21,120853.69,20746.75,5395,0.0089,95.881,Long Tail Customers
CUST03494,Aditya Singh,6,13,120831.65,25730.69,5396,0.0089,95.8899,Long Tail Customers
CUST02711,Pooja Kumar,9,16,120827.33,31303.41,5397,0.0089,95.8988,Long Tail Customers
CUST02410,Aarav Mehta,9,17,120687.55,23979.5,5398,0.0089,95.9076,Long Tail Customers
CUST02877,Sneha Sharma,9,19,120394.87,22410.14,5399,0.0088,95.9165,Long Tail Customers
CUST05784,Priya Singh,9,19,120258.71,32040.67,5400,0.0088,95.9253,Long Tail Customers
CUST01051,Sneha Sharma,10,21,120252.98,31038.27,5401,0.0088,95.9341,Long Tail Customers
CUST04408,Neha Joshi,11,20,120239.71,26875.11,5402,0.0088,95.943,Long Tail Customers
CUST05753,Karan Sharma,9,15,120170.3,39616.09,5403,0.0088,95.9518,Long Tail Customers
CUST00078,Pooja Nair,11,26,120114.95,22167.76,5404,0.0088,95.9606,Long Tail Customers
CUST00416,Aarav Deshmukh,8,21,120112.86,29400.51,5405,0.0088,95.9694,Long Tail Customers
CUST04191,Pooja Patil,9,27,119932.12,37686.64,5406,0.0088,95.9782,Long Tail Customers
CUST05878,Rohan Sharma,10,17,119912.06,29452.77,5407,0.0088,95.9871,Long Tail Customers
CUST00393,Ananya Mehta,12,24,119783.94,28214.9,5408,0.0088,95.9958,Long Tail Customers
CUST04640,Vivaan Sharma,7,14,119729.28,33977.65,5409,0.0088,96.0046,Long Tail Customers
CUST05896,Pooja Mhaske,9,23,119717.45,33572.93,5410,0.0088,96.0134,Long Tail Customers
CUST04965,Pooja Verma,9,15,119638.09,32592.22,5411,0.0088,96.0222,Long Tail Customers
CUST05188,Sneha Deshmukh,10,17,119517.0,27019.01,5412,0.0088,96.031,Long Tail Customers
CUST04928,Vivaan Gupta,17,23,119478.06,27811.39,5413,0.0088,96.0398,Long Tail Customers
CUST01797,Priya Patil,7,16,119430.57,32797.74,5414,0.0088,96.0485,Long Tail Customers
CUST03976,Priya Singh,7,19,119424.26,12304.02,5415,0.0088,96.0573,Long Tail Customers
CUST05364,Rohan Gupta,8,18,119423.58,27469.09,5416,0.0088,96.0661,Long Tail Customers
CUST01136,Rahul Gupta,9,21,119415.33,31826.69,5417,0.0088,96.0749,Long Tail Customers
CUST00339,Karan Kumar,10,17,119383.42,29746.18,5418,0.0088,96.0836,Long Tail Customers
CUST04415,Karan Mhaske,10,20,119335.78,30301.43,5419,0.0088,96.0924,Long Tail Customers
CUST00438,Aditya Mhaske,9,19,119206.37,24165.47,5420,0.0088,96.1011,Long Tail Customers
CUST00421,Pooja Kumar,9,26,119055.84,25172.13,5421,0.0087,96.1099,Long Tail Customers
CUST03177,Meera Nair,14,22,118988.37,26783.57,5422,0.0087,96.1186,Long Tail Customers
CUST01249,Rohan Verma,7,18,118980.91,30413.08,5423,0.0087,96.1274,Long Tail Customers
CUST00026,Arjun Sharma,11,15,118871.62,26368.21,5424,0.0087,96.1361,Long Tail Customers
CUST03044,Rohan Sharma,8,15,118806.78,42777.12,5425,0.0087,96.1448,Long Tail Customers
CUST00690,Rohan Patil,11,33,118722.28,31245.32,5426,0.0087,96.1535,Long Tail Customers
CUST03119,Aarav Verma,12,28,118718.56,34084.29,5427,0.0087,96.1623,Long Tail Customers
CUST01943,Meera Deshmukh,9,17,118699.32,27665.65,5428,0.0087,96.171,Long Tail Customers
CUST05636,Neha Verma,8,13,118670.3,36507.93,5429,0.0087,96.1797,Long Tail Customers
CUST00066,Rahul Sharma,10,16,118486.05,25290.79,5430,0.0087,96.1884,Long Tail Customers
CUST01181,Priya Singh,10,19,118362.2,35633.11,5431,0.0087,96.1971,Long Tail Customers
CUST03300,Sneha Singh,8,17,118349.46,32506.21,5432,0.0087,96.2058,Long Tail Customers
CUST04643,Amit Verma,15,30,118270.12,24255.0,5433,0.0087,96.2145,Long Tail Customers
CUST00003,Sneha Mehta,4,10,118194.66,30843.46,5434,0.0087,96.2231,Long Tail Customers
CUST04560,Sneha Sharma,9,19,118089.89,26491.85,5435,0.0087,96.2318,Long Tail Customers
CUST00839,Ananya Sharma,10,17,118026.93,29847.23,5436,0.0087,96.2405,Long Tail Customers
CUST04380,Meera Singh,11,17,117880.29,33504.3,5437,0.0087,96.2491,Long Tail Customers
CUST04403,Vivaan Joshi,12,30,117876.67,27959.93,5438,0.0087,96.2578,Long Tail Customers
CUST00956,Arjun Patil,10,20,117815.06,20248.0,5439,0.0087,96.2664,Long Tail Customers
CUST00016,Pooja Shah,10,21,117793.46,27973.36,5440,0.0087,96.2751,Long Tail Customers
CUST04906,Meera Patil,8,13,117771.62,19531.51,5441,0.0086,96.2837,Long Tail Customers
CUST01690,Rahul Verma,14,25,117754.94,34880.05,5442,0.0086,96.2924,Long Tail Customers
CUST00471,Pooja Patil,7,15,117733.66,28135.05,5443,0.0086,96.301,Long Tail Customers
CUST04645,Priya Deshmukh,12,23,117613.7,25815.12,5444,0.0086,96.3097,Long Tail Customers
CUST01487,Aditya Joshi,5,14,117482.21,27131.7,5445,0.0086,96.3183,Long Tail Customers
CUST04148,Aarav Patil,12,27,117452.19,27243.73,5446,0.0086,96.3269,Long Tail Customers
CUST04715,Ananya Mhaske,9,20,117429.44,30585.93,5447,0.0086,96.3356,Long Tail Customers
CUST04666,Neha Mhaske,9,20,117369.05,19797.44,5448,0.0086,96.3442,Long Tail Customers
CUST00258,Karan Verma,10,15,117241.9,22996.83,5449,0.0086,96.3528,Long Tail Customers
CUST02149,Isha Gupta,10,20,117240.81,26794.24,5450,0.0086,96.3614,Long Tail Customers
CUST02961,Karan Sharma,5,12,117175.37,21928.86,5451,0.0086,96.37,Long Tail Customers
CUST02326,Pooja Mehta,7,13,117069.92,24372.04,5452,0.0086,96.3786,Long Tail Customers
CUST01707,Isha Sharma,8,19,117027.96,27017.15,5453,0.0086,96.3872,Long Tail Customers
CUST02100,Karan Mehta,12,26,117004.34,24946.01,5454,0.0086,96.3958,Long Tail Customers
CUST01451,Meera Mehta,9,22,116990.02,26053.43,5455,0.0086,96.4044,Long Tail Customers
CUST00870,Arjun Verma,6,14,116825.32,30817.14,5456,0.0086,96.413,Long Tail Customers
CUST02944,Karan Patil,5,13,116812.75,32955.68,5457,0.0086,96.4215,Long Tail Customers
CUST02440,Arjun Joshi,11,31,116799.15,34559.55,5458,0.0086,96.4301,Long Tail Customers
CUST03663,Vivaan Verma,7,16,116615.42,39034.47,5459,0.0086,96.4387,Long Tail Customers
CUST04007,Karan Mehta,10,14,116609.93,26118.22,5460,0.0086,96.4472,Long Tail Customers
CUST01359,Sneha Mehta,7,16,116601.39,26439.49,5461,0.0086,96.4558,Long Tail Customers
CUST02767,Pooja Kumar,5,11,116334.79,31465.23,5462,0.0085,96.4644,Long Tail Customers
CUST01375,Ananya Nair,9,22,116296.52,31245.49,5463,0.0085,96.4729,Long Tail Customers
CUST05950,Aditya Singh,8,15,116205.64,29235.43,5464,0.0085,96.4814,Long Tail Customers
CUST02847,Vivaan Singh,4,11,116163.61,34043.65,5465,0.0085,96.49,Long Tail Customers
CUST04097,Neha Nair,7,12,116100.24,37337.97,5466,0.0085,96.4985,Long Tail Customers
CUST03881,Priya Nair,8,19,115968.18,23899.9,5467,0.0085,96.507,Long Tail Customers
CUST02686,Karan Joshi,7,13,115939.58,22668.92,5468,0.0085,96.5155,Long Tail Customers
CUST00321,Isha Gupta,8,15,115811.8,31047.65,5469,0.0085,96.524,Long Tail Customers
CUST01925,Isha Verma,9,13,115791.52,30646.98,5470,0.0085,96.5325,Long Tail Customers
CUST03181,Meera Sharma,9,18,115771.23,27178.46,5471,0.0085,96.541,Long Tail Customers
CUST05622,Kavya Shah,11,20,115677.27,29611.27,5472,0.0085,96.5495,Long Tail Customers
CUST01043,Arjun Verma,11,29,115636.91,27573.78,5473,0.0085,96.558,Long Tail Customers
CUST02004,Arjun Sharma,11,27,115626.28,29580.15,5474,0.0085,96.5665,Long Tail Customers
CUST03185,Arjun Nair,7,12,115581.96,33694.41,5475,0.0085,96.575,Long Tail Customers
CUST01470,Sneha Deshmukh,8,17,115483.88,25952.52,5476,0.0085,96.5835,Long Tail Customers
CUST01346,Isha Joshi,8,16,115481.93,20013.46,5477,0.0085,96.592,Long Tail Customers
CUST04156,Ananya Verma,11,26,115479.91,27682.51,5478,0.0085,96.6004,Long Tail Customers
CUST04525,Amit Kumar,14,32,115333.01,27216.68,5479,0.0085,96.6089,Long Tail Customers
CUST04041,Pooja Verma,14,26,115308.42,31679.66,5480,0.0085,96.6174,Long Tail Customers
CUST03858,Kavya Sharma,11,24,115177.24,21386.49,5481,0.0085,96.6258,Long Tail Customers
CUST05104,Kavya Patil,12,21,115150.52,23780.06,5482,0.0085,96.6343,Long Tail Customers
CUST01147,Meera Deshmukh,11,19,115140.59,27401.83,5483,0.0085,96.6428,Long Tail Customers
CUST00976,Aditya Patil,12,19,115088.59,22530.06,5484,0.0085,96.6512,Long Tail Customers
CUST02145,Rahul Shah,10,21,115035.1,34104.38,5485,0.0084,96.6597,Long Tail Customers
CUST01398,Amit Singh,8,17,114957.81,27395.79,5486,0.0084,96.6681,Long Tail Customers
CUST00406,Arjun Joshi,8,11,114766.56,28061.02,5487,0.0084,96.6765,Long Tail Customers
CUST01612,Kavya Singh,14,20,114697.97,25784.58,5488,0.0084,96.6849,Long Tail Customers
CUST05007,Rohan Kumar,8,18,114697.24,25020.07,5489,0.0084,96.6934,Long Tail Customers
CUST00659,Aarav Verma,9,16,114636.79,33519.8,5490,0.0084,96.7018,Long Tail Customers
CUST04804,Amit Sharma,10,14,114526.55,29231.36,5491,0.0084,96.7102,Long Tail Customers
CUST03659,Amit Verma,6,13,114359.3,33413.83,5492,0.0084,96.7186,Long Tail Customers
CUST00191,Aarav Mhaske,10,26,114341.72,23856.22,5493,0.0084,96.727,Long Tail Customers
CUST00848,Kavya Nair,11,23,114257.84,25721.78,5494,0.0084,96.7354,Long Tail Customers
CUST04543,Sneha Mhaske,8,22,114078.64,28064.77,5495,0.0084,96.7438,Long Tail Customers
CUST01220,Vivaan Singh,10,16,114062.23,32018.32,5496,0.0084,96.7521,Long Tail Customers
CUST01066,Kavya Mehta,10,20,114047.45,23438.88,5497,0.0084,96.7605,Long Tail Customers
CUST02377,Priya Singh,9,14,113909.64,24700.49,5498,0.0084,96.7689,Long Tail Customers
CUST02656,Neha Sharma,6,15,113811.85,25489.28,5499,0.0084,96.7772,Long Tail Customers
CUST04737,Kavya Shah,7,14,113804.3,21662.05,5500,0.0084,96.7856,Long Tail Customers
CUST03092,Aditya Mhaske,8,17,113775.46,24304.85,5501,0.0084,96.794,Long Tail Customers
CUST02670,Arjun Mhaske,9,18,113759.55,29986.59,5502,0.0084,96.8023,Long Tail Customers
CUST00943,Meera Sharma,11,19,113726.2,21567.53,5503,0.0084,96.8107,Long Tail Customers
CUST04336,Neha Patil,10,19,113696.46,17660.13,5504,0.0084,96.819,Long Tail Customers
CUST02569,Rahul Gupta,9,18,113476.87,22854.45,5505,0.0083,96.8274,Long Tail Customers
CUST01803,Arjun Shah,9,16,113471.43,19933.84,5506,0.0083,96.8357,Long Tail Customers
CUST05292,Aarav Mhaske,8,14,113443.04,22182.23,5507,0.0083,96.844,Long Tail Customers
CUST01330,Aditya Singh,10,22,113405.3,29284.57,5508,0.0083,96.8523,Long Tail Customers
CUST03967,Neha Mhaske,11,16,113381.63,30908.64,5509,0.0083,96.8607,Long Tail Customers
CUST00950,Aarav Nair,6,14,113358.47,41347.81,5510,0.0083,96.869,Long Tail Customers
CUST00953,Arjun Sharma,7,16,113329.2,24755.7,5511,0.0083,96.8773,Long Tail Customers
CUST05859,Isha Gupta,10,20,113304.01,31562.25,5512,0.0083,96.8856,Long Tail Customers
CUST03943,Neha Deshmukh,10,21,112993.36,30986.12,5513,0.0083,96.8939,Long Tail Customers
CUST01657,Arjun Verma,9,24,112964.6,23927.55,5514,0.0083,96.9022,Long Tail Customers
CUST02458,Aditya Mehta,7,19,112941.55,21371.84,5515,0.0083,96.9105,Long Tail Customers
CUST05920,Priya Mhaske,11,18,112843.29,32269.05,5516,0.0083,96.9188,Long Tail Customers
CUST03371,Rohan Sharma,7,16,112813.4,25026.93,5517,0.0083,96.9271,Long Tail Customers
CUST01791,Meera Singh,7,16,112783.01,17188.89,5518,0.0083,96.9354,Long Tail Customers
CUST05877,Priya Deshmukh,10,15,112763.04,22712.46,5519,0.0083,96.9437,Long Tail Customers
CUST04027,Priya Sharma,8,26,112715.75,24981.19,5520,0.0083,96.9519,Long Tail Customers
CUST04907,Rohan Joshi,8,15,112630.2,25964.13,5521,0.0083,96.9602,Long Tail Customers
CUST01122,Vivaan Gupta,8,15,112518.72,37245.81,5522,0.0083,96.9685,Long Tail Customers
CUST00052,Kavya Mhaske,8,15,112428.76,27709.03,5523,0.0083,96.9767,Long Tail Customers
CUST05966,Priya Gupta,10,24,112411.35,18224.91,5524,0.0083,96.985,Long Tail Customers
CUST00887,Karan Gupta,9,13,112364.79,26345.2,5525,0.0083,96.9932,Long Tail Customers
CUST05106,Sneha Nair,11,23,112356.49,31021.84,5526,0.0083,97.0015,Long Tail Customers
CUST05983,Rohan Joshi,7,15,112271.93,17683.47,5527,0.0082,97.0097,Long Tail Customers
CUST05935,Kavya Mhaske,10,18,112230.51,33031.9,5528,0.0082,97.018,Long Tail Customers
CUST04132,Priya Nair,8,13,112208.21,25291.87,5529,0.0082,97.0262,Long Tail Customers
CUST04428,Rohan Singh,11,23,112171.19,20686.05,5530,0.0082,97.0345,Long Tail Customers
CUST02815,Karan Verma,7,17,112107.5,22943.2,5531,0.0082,97.0427,Long Tail Customers
CUST04958,Pooja Nair,8,13,111908.85,23897.75,5532,0.0082,97.0509,Long Tail Customers
CUST05858,Amit Nair,5,15,111746.09,22431.65,5533,0.0082,97.0591,Long Tail Customers
CUST05183,Aditya Patil,6,16,111627.73,25996.6,5534,0.0082,97.0673,Long Tail Customers
CUST00896,Rohan Mhaske,10,19,111524.96,24661.43,5535,0.0082,97.0755,Long Tail Customers
CUST05409,Aditya Shah,7,12,111489.51,25261.91,5536,0.0082,97.0837,Long Tail Customers
CUST03264,Neha Verma,7,17,111369.82,23351.85,5537,0.0082,97.0919,Long Tail Customers
CUST00772,Vivaan Kumar,11,25,111352.02,22225.31,5538,0.0082,97.1001,Long Tail Customers
CUST01760,Amit Shah,10,19,111343.92,25502.26,5539,0.0082,97.1082,Long Tail Customers
CUST01829,Kavya Gupta,8,13,111341.13,25586.3,5540,0.0082,97.1164,Long Tail Customers
CUST01355,Ananya Mehta,9,21,111085.36,24155.16,5541,0.0082,97.1246,Long Tail Customers
CUST03747,Vivaan Singh,7,13,111040.75,30934.9,5542,0.0082,97.1327,Long Tail Customers
CUST03549,Arjun Mhaske,11,22,110964.29,23387.49,5543,0.0081,97.1409,Long Tail Customers
CUST04248,Priya Sharma,9,15,110848.38,25735.58,5544,0.0081,97.149,Long Tail Customers
CUST00805,Arjun Kumar,8,18,110845.53,18295.82,5545,0.0081,97.1572,Long Tail Customers
CUST00318,Kavya Shah,10,14,110749.32,27750.77,5546,0.0081,97.1653,Long Tail Customers
CUST00635,Rohan Sharma,7,17,110649.02,16859.95,5547,0.0081,97.1734,Long Tail Customers
CUST02621,Meera Sharma,5,12,110555.48,18707.88,5548,0.0081,97.1815,Long Tail Customers
CUST00434,Meera Mhaske,9,15,110451.76,23497.93,5549,0.0081,97.1896,Long Tail Customers
CUST04683,Rahul Kumar,9,21,110396.17,17828.24,5550,0.0081,97.1978,Long Tail Customers
CUST02026,Rohan Kumar,9,17,110356.37,32637.04,5551,0.0081,97.2059,Long Tail Customers
CUST03684,Sneha Mhaske,6,20,110300.6,14519.13,5552,0.0081,97.214,Long Tail Customers
CUST00743,Rahul Mehta,6,13,110269.99,26186.75,5553,0.0081,97.2221,Long Tail Customers
CUST05128,Amit Joshi,9,15,109937.9,23594.36,5554,0.0081,97.2301,Long Tail Customers
CUST02863,Vivaan Joshi,6,12,109908.96,30341.06,5555,0.0081,97.2382,Long Tail Customers
CUST03173,Aditya Shah,11,19,109858.15,30780.01,5556,0.0081,97.2463,Long Tail Customers
CUST04639,Isha Singh,7,13,109774.74,26218.97,5557,0.0081,97.2543,Long Tail Customers
CUST01388,Sneha Mehta,12,25,109769.1,29848.53,5558,0.0081,97.2624,Long Tail Customers
CUST00415,Isha Mhaske,8,19,109209.57,22958.26,5559,0.008,97.2704,Long Tail Customers
CUST03821,Karan Singh,11,24,109065.42,28012.3,5560,0.008,97.2784,Long Tail Customers
CUST05472,Ananya Joshi,10,20,108986.11,24198.19,5561,0.008,97.2864,Long Tail Customers
CUST05122,Amit Mhaske,9,14,108899.87,20380.2,5562,0.008,97.2944,Long Tail Customers
CUST04356,Aarav Sharma,8,13,108782.34,26766.54,5563,0.008,97.3024,Long Tail Customers
CUST02643,Karan Mehta,8,22,108589.19,36410.86,5564,0.008,97.3104,Long Tail Customers
CUST05953,Meera Verma,5,18,108542.82,23353.14,5565,0.008,97.3184,Long Tail Customers
CUST01213,Vivaan Sharma,5,15,108499.76,27211.7,5566,0.008,97.3263,Long Tail Customers
CUST05957,Priya Mhaske,13,28,108410.33,21296.78,5567,0.008,97.3343,Long Tail Customers
CUST02625,Aarav Joshi,10,16,108322.67,24775.22,5568,0.008,97.3422,Long Tail Customers
CUST01649,Ananya Singh,7,19,108256.38,27976.43,5569,0.008,97.3502,Long Tail Customers
CUST00691,Ananya Joshi,7,21,108161.24,19486.45,5570,0.0079,97.3581,Long Tail Customers
CUST01057,Priya Shah,7,16,108062.7,16041.89,5571,0.0079,97.3661,Long Tail Customers
CUST01891,Pooja Mhaske,11,20,108048.33,26589.96,5572,0.0079,97.374,Long Tail Customers
CUST05465,Priya Gupta,9,16,107873.75,18696.26,5573,0.0079,97.3819,Long Tail Customers
CUST02687,Pooja Joshi,6,21,107832.27,21980.63,5574,0.0079,97.3899,Long Tail Customers
CUST02111,Ananya Nair,9,17,107739.68,19856.03,5575,0.0079,97.3978,Long Tail Customers
CUST02208,Kavya Mehta,8,17,107573.22,20065.75,5576,0.0079,97.4057,Long Tail Customers
CUST01121,Meera Verma,5,12,107516.54,30989.77,5577,0.0079,97.4136,Long Tail Customers
CUST00199,Neha Joshi,10,18,107488.36,19625.08,5578,0.0079,97.4215,Long Tail Customers
CUST04151,Vivaan Mehta,9,22,107417.17,24900.48,5579,0.0079,97.4293,Long Tail Customers
CUST00503,Meera Mehta,9,20,107299.26,31274.06,5580,0.0079,97.4372,Long Tail Customers
CUST04771,Neha Nair,9,17,106951.11,25924.05,5581,0.0079,97.4451,Long Tail Customers
CUST04111,Neha Verma,10,22,106947.61,17937.25,5582,0.0079,97.4529,Long Tail Customers
CUST02091,Aarav Nair,11,23,106810.26,21455.13,5583,0.0078,97.4608,Long Tail Customers
CUST02313,Amit Verma,7,14,106689.58,29519.3,5584,0.0078,97.4686,Long Tail Customers
CUST04205,Priya Mhaske,10,23,106518.09,26192.81,5585,0.0078,97.4764,Long Tail Customers
CUST04589,Vivaan Nair,8,16,106456.24,27683.33,5586,0.0078,97.4843,Long Tail Customers
CUST02822,Sneha Verma,11,19,106399.06,19296.89,5587,0.0078,97.4921,Long Tail Customers
CUST00852,Isha Sharma,9,22,106346.3,26466.01,5588,0.0078,97.4999,Long Tail Customers
CUST03423,Sneha Mhaske,8,22,106318.46,14020.39,5589,0.0078,97.5077,Long Tail Customers
CUST02699,Priya Sharma,11,21,106238.35,29724.42,5590,0.0078,97.5155,Long Tail Customers
CUST01579,Rahul Patil,6,17,106063.28,23370.58,5591,0.0078,97.5233,Long Tail Customers
CUST03951,Rahul Nair,11,22,105936.37,26820.61,5592,0.0078,97.5311,Long Tail Customers
CUST01341,Vivaan Joshi,9,14,105783.74,26177.89,5593,0.0078,97.5388,Long Tail Customers
CUST03903,Kavya Patil,7,13,105759.94,28858.93,5594,0.0078,97.5466,Long Tail Customers
CUST01691,Sneha Verma,9,17,105610.32,20511.21,5595,0.0078,97.5544,Long Tail Customers
CUST05523,Pooja Patil,8,17,105543.6,23395.94,5596,0.0078,97.5621,Long Tail Customers
CUST03910,Pooja Mhaske,9,18,105467.48,20423.38,5597,0.0077,97.5699,Long Tail Customers
CUST01284,Karan Verma,10,15,105232.61,27109.1,5598,0.0077,97.5776,Long Tail Customers
CUST03438,Vivaan Mhaske,7,14,105168.37,30841.23,5599,0.0077,97.5853,Long Tail Customers
CUST02955,Sneha Patil,11,27,105100.3,20856.13,5600,0.0077,97.593,Long Tail Customers
CUST01478,Kavya Deshmukh,12,21,104913.85,20837.5,5601,0.0077,97.6007,Long Tail Customers
CUST03649,Rahul Patil,6,14,104908.07,33000.51,5602,0.0077,97.6084,Long Tail Customers
CUST05759,Rohan Verma,10,16,104801.6,22011.86,5603,0.0077,97.6161,Long Tail Customers
CUST01263,Rohan Deshmukh,8,18,104797.75,19529.81,5604,0.0077,97.6238,Long Tail Customers
CUST00365,Amit Sharma,12,26,104775.85,18982.49,5605,0.0077,97.6315,Long Tail Customers
CUST00143,Pooja Deshmukh,6,11,104647.02,30430.86,5606,0.0077,97.6392,Long Tail Customers
CUST01930,Rohan Nair,8,16,104636.04,22070.27,5607,0.0077,97.6469,Long Tail Customers
CUST03279,Rahul Joshi,5,11,104610.59,32013.41,5608,0.0077,97.6546,Long Tail Customers
CUST02795,Sneha Shah,10,21,104608.66,25210.91,5609,0.0077,97.6623,Long Tail Customers
CUST00202,Isha Verma,9,19,104588.39,32094.92,5610,0.0077,97.6699,Long Tail Customers
CUST00719,Vivaan Joshi,8,19,104569.09,21855.81,5611,0.0077,97.6776,Long Tail Customers
CUST05478,Amit Verma,10,19,104563.17,21366.37,5612,0.0077,97.6853,Long Tail Customers
CUST01438,Sneha Verma,9,21,104549.38,21044.33,5613,0.0077,97.693,Long Tail Customers
CUST04879,Karan Verma,8,17,104522.6,17914.56,5614,0.0077,97.7007,Long Tail Customers
CUST05919,Isha Shah,9,18,104476.54,20949.84,5615,0.0077,97.7083,Long Tail Customers
CUST01749,Pooja Mehta,9,17,104420.88,25986.71,5616,0.0077,97.716,Long Tail Customers
CUST01317,Isha Sharma,11,19,104402.76,25480.74,5617,0.0077,97.7237,Long Tail Customers
CUST00964,Karan Patil,5,18,104206.09,29510.74,5618,0.0077,97.7313,Long Tail Customers
CUST05240,Rahul Joshi,5,13,104154.81,22090.37,5619,0.0076,97.739,Long Tail Customers
CUST05363,Neha Joshi,5,11,104149.72,30698.68,5620,0.0076,97.7466,Long Tail Customers
CUST03307,Rahul Mhaske,6,11,104130.99,27677.15,5621,0.0076,97.7543,Long Tail Customers
CUST04909,Aditya Deshmukh,7,13,104116.16,22150.31,5622,0.0076,97.7619,Long Tail Customers
CUST01910,Karan Deshmukh,9,22,104092.1,26797.53,5623,0.0076,97.7696,Long Tail Customers
CUST01750,Aarav Mehta,7,12,104089.86,21574.31,5624,0.0076,97.7772,Long Tail Customers
CUST02072,Aditya Mhaske,8,19,104017.07,18029.61,5625,0.0076,97.7848,Long Tail Customers
CUST05299,Arjun Sharma,4,11,103949.04,31346.72,5626,0.0076,97.7925,Long Tail Customers
CUST00022,Aditya Kumar,14,27,103670.71,24892.8,5627,0.0076,97.8001,Long Tail Customers
CUST02452,Pooja Joshi,10,18,103619.9,27536.64,5628,0.0076,97.8077,Long Tail Customers
CUST03740,Amit Shah,9,15,103606.43,29364.73,5629,0.0076,97.8153,Long Tail Customers
CUST05863,Rohan Nair,9,20,103472.77,22799.63,5630,0.0076,97.8229,Long Tail Customers
CUST01845,Pooja Singh,9,16,103371.84,28086.07,5631,0.0076,97.8305,Long Tail Customers
CUST00254,Amit Nair,10,17,103319.73,17682.19,5632,0.0076,97.8381,Long Tail Customers
CUST05495,Amit Joshi,9,14,103257.21,22693.83,5633,0.0076,97.8457,Long Tail Customers
CUST00474,Rahul Deshmukh,9,23,103182.63,16223.64,5634,0.0076,97.8532,Long Tail Customers
CUST03389,Vivaan Kumar,9,21,103058.15,22951.4,5635,0.0076,97.8608,Long Tail Customers
CUST02375,Rahul Joshi,12,23,102703.03,22984.05,5636,0.0075,97.8684,Long Tail Customers
CUST02718,Amit Patil,11,21,102625.93,31389.23,5637,0.0075,97.8759,Long Tail Customers
CUST01747,Arjun Verma,10,21,102447.41,21619.13,5638,0.0075,97.8834,Long Tail Customers
CUST01488,Rohan Mhaske,10,23,102447.27,27570.0,5639,0.0075,97.8909,Long Tail Customers
CUST00407,Pooja Gupta,9,13,102272.57,28641.27,5640,0.0075,97.8984,Long Tail Customers
CUST02708,Isha Kumar,11,22,102101.31,21455.7,5641,0.0075,97.9059,Long Tail Customers
CUST02028,Isha Sharma,10,21,101972.65,22861.47,5642,0.0075,97.9134,Long Tail Customers
CUST05555,Arjun Patil,9,23,101956.64,24023.86,5643,0.0075,97.9209,Long Tail Customers
CUST00519,Karan Kumar,7,16,101904.55,18757.45,5644,0.0075,97.9284,Long Tail Customers
CUST01397,Rahul Sharma,7,12,101831.59,34604.33,5645,0.0075,97.9359,Long Tail Customers
CUST03673,Rahul Deshmukh,8,14,101786.43,26539.22,5646,0.0075,97.9434,Long Tail Customers
CUST03909,Neha Kumar,11,22,101677.69,27786.76,5647,0.0075,97.9508,Long Tail Customers
CUST00476,Sneha Nair,8,14,101616.08,18374.56,5648,0.0075,97.9583,Long Tail Customers
CUST04060,Kavya Kumar,8,19,101538.27,16932.87,5649,0.0075,97.9658,Long Tail Customers
CUST00498,Meera Kumar,16,27,101222.34,23612.3,5650,0.0074,97.9732,Long Tail Customers
CUST03726,Arjun Joshi,9,28,101135.88,13405.7,5651,0.0074,97.9806,Long Tail Customers
CUST05048,Ananya Gupta,11,17,101007.56,30927.08,5652,0.0074,97.988,Long Tail Customers
CUST04901,Rahul Joshi,7,17,100875.7,22534.98,5653,0.0074,97.9954,Long Tail Customers
CUST00825,Sneha Mehta,6,12,100874.9,25192.32,5654,0.0074,98.0028,Long Tail Customers
CUST04782,Isha Kumar,8,15,100751.43,21070.7,5655,0.0074,98.0102,Long Tail Customers
CUST02366,Karan Verma,8,15,100737.02,28911.75,5656,0.0074,98.0176,Long Tail Customers
CUST04308,Meera Deshmukh,5,12,100517.4,17847.3,5657,0.0074,98.025,Long Tail Customers
CUST03573,Isha Gupta,9,19,100399.24,18159.31,5658,0.0074,98.0324,Long Tail Customers
CUST03105,Meera Gupta,8,15,100399.13,27072.12,5659,0.0074,98.0398,Long Tail Customers
CUST03089,Karan Mehta,9,23,100340.4,22333.43,5660,0.0074,98.0471,Long Tail Customers
CUST04203,Aditya Verma,10,22,100212.71,25402.9,5661,0.0074,98.0545,Long Tail Customers
CUST02426,Pooja Kumar,11,20,100209.14,15705.42,5662,0.0074,98.0619,Long Tail Customers
CUST00095,Isha Mhaske,5,10,100104.77,25802.18,5663,0.0074,98.0692,Long Tail Customers
CUST00830,Amit Mehta,12,33,100068.97,18447.88,5664,0.0073,98.0766,Long Tail Customers
CUST05789,Sneha Nair,8,23,100054.33,18394.32,5665,0.0073,98.0839,Long Tail Customers
CUST01816,Priya Joshi,9,19,100013.25,33762.63,5666,0.0073,98.0913,Long Tail Customers
CUST03528,Rahul Kumar,12,25,99515.38,24662.14,5667,0.0073,98.0986,Long Tail Customers
CUST05224,Vivaan Nair,7,13,99463.46,25251.75,5668,0.0073,98.1059,Long Tail Customers
CUST05615,Neha Kumar,8,14,99310.61,20299.13,5669,0.0073,98.1132,Long Tail Customers
CUST02852,Aditya Nair,12,24,99271.94,25312.95,5670,0.0073,98.1205,Long Tail Customers
CUST05129,Vivaan Kumar,10,19,99264.42,19561.77,5671,0.0073,98.1277,Long Tail Customers
CUST00942,Ananya Kumar,9,16,99163.62,18674.55,5672,0.0073,98.135,Long Tail Customers
CUST04569,Vivaan Gupta,5,8,99158.3,23236.81,5673,0.0073,98.1423,Long Tail Customers
CUST02505,Amit Singh,9,16,99089.24,23404.82,5674,0.0073,98.1496,Long Tail Customers
CUST00526,Aarav Deshmukh,11,23,99050.61,26709.91,5675,0.0073,98.1569,Long Tail Customers
CUST03303,Neha Kumar,7,17,99048.91,22644.97,5676,0.0073,98.1641,Long Tail Customers
CUST00246,Karan Mehta,8,22,99041.88,21621.59,5677,0.0073,98.1714,Long Tail Customers
CUST00115,Rohan Singh,9,17,98983.39,30404.93,5678,0.0073,98.1787,Long Tail Customers
CUST02515,Arjun Nair,11,18,98967.67,19686.08,5679,0.0073,98.1859,Long Tail Customers
CUST03148,Kavya Deshmukh,12,22,98847.47,17133.32,5680,0.0073,98.1932,Long Tail Customers
CUST00132,Aditya Mehta,4,9,98752.74,26824.53,5681,0.0073,98.2005,Long Tail Customers
CUST01812,Pooja Gupta,7,19,98649.91,10859.65,5682,0.0072,98.2077,Long Tail Customers
CUST00414,Meera Kumar,8,17,98642.12,21120.91,5683,0.0072,98.2149,Long Tail Customers
CUST02198,Meera Shah,7,13,98379.13,15807.21,5684,0.0072,98.2222,Long Tail Customers
CUST00540,Aditya Joshi,6,16,98321.53,31724.5,5685,0.0072,98.2294,Long Tail Customers
CUST04134,Kavya Mhaske,8,16,98290.2,28404.52,5686,0.0072,98.2366,Long Tail Customers
CUST02065,Pooja Kumar,6,17,98152.93,17850.54,5687,0.0072,98.2438,Long Tail Customers
CUST02546,Priya Singh,11,19,98081.03,24101.08,5688,0.0072,98.251,Long Tail Customers
CUST02019,Ananya Singh,11,21,98070.61,25325.56,5689,0.0072,98.2582,Long Tail Customers
CUST05909,Sneha Mhaske,8,14,97940.99,20536.76,5690,0.0072,98.2654,Long Tail Customers
CUST02739,Meera Deshmukh,9,21,97745.36,26429.7,5691,0.0072,98.2726,Long Tail Customers
CUST04088,Aarav Patil,6,12,97737.21,25999.91,5692,0.0072,98.2798,Long Tail Customers
CUST05852,Amit Sharma,5,11,97415.66,23836.84,5693,0.0072,98.2869,Long Tail Customers
CUST00661,Arjun Sharma,11,18,97367.3,22845.47,5694,0.0072,98.2941,Long Tail Customers
CUST05246,Vivaan Mhaske,8,19,97323.37,20359.7,5695,0.0071,98.3012,Long Tail Customers
CUST01484,Sneha Mehta,10,18,97003.5,28494.02,5696,0.0071,98.3084,Long Tail Customers
CUST00570,Aditya Deshmukh,9,18,96796.01,24032.82,5697,0.0071,98.3155,Long Tail Customers
CUST00927,Aarav Shah,7,22,96794.37,21194.17,5698,0.0071,98.3226,Long Tail Customers
CUST03853,Aarav Mhaske,11,24,96661.8,20603.84,5699,0.0071,98.3297,Long Tail Customers
CUST02537,Rahul Patil,6,19,96585.01,24695.8,5700,0.0071,98.3368,Long Tail Customers
CUST02953,Neha Gupta,8,15,96558.09,25203.89,5701,0.0071,98.3439,Long Tail Customers
CUST05872,Karan Sharma,7,14,96440.3,27442.9,5702,0.0071,98.3509,Long Tail Customers
CUST05502,Isha Singh,4,13,96433.71,27953.04,5703,0.0071,98.358,Long Tail Customers
CUST02715,Meera Kumar,8,11,96341.35,26166.93,5704,0.0071,98.3651,Long Tail Customers
CUST03950,Pooja Verma,8,16,96264.36,27996.29,5705,0.0071,98.3722,Long Tail Customers
CUST01999,Amit Verma,10,19,96178.26,17483.18,5706,0.0071,98.3792,Long Tail Customers
CUST04339,Rohan Gupta,10,17,96067.86,22879.39,5707,0.0071,98.3863,Long Tail Customers
CUST03626,Rahul Gupta,12,23,95752.76,22172.91,5708,0.007,98.3933,Long Tail Customers
CUST02636,Aarav Patil,11,19,95751.51,28164.02,5709,0.007,98.4003,Long Tail Customers
CUST00482,Karan Singh,7,13,95725.6,15097.15,5710,0.007,98.4074,Long Tail Customers
CUST05444,Aarav Joshi,8,12,95667.42,19711.16,5711,0.007,98.4144,Long Tail Customers
CUST02160,Rahul Joshi,5,10,95614.96,26218.35,5712,0.007,98.4214,Long Tail Customers
CUST02380,Aditya Nair,7,16,95350.26,18849.83,5713,0.007,98.4284,Long Tail Customers
CUST04677,Aarav Patil,8,20,95300.7,17912.2,5714,0.007,98.4354,Long Tail Customers
CUST01786,Amit Sharma,10,23,95293.43,9738.94,5715,0.007,98.4424,Long Tail Customers
CUST03490,Amit Sharma,7,20,95289.27,22648.91,5716,0.007,98.4494,Long Tail Customers
CUST01636,Rahul Mhaske,6,10,95281.41,23106.8,5717,0.007,98.4564,Long Tail Customers
CUST05505,Vivaan Patil,7,14,95273.59,24555.87,5718,0.007,98.4634,Long Tail Customers
CUST04705,Pooja Mhaske,4,12,95249.68,19773.46,5719,0.007,98.4704,Long Tail Customers
CUST01033,Meera Mehta,8,17,95101.68,26647.47,5720,0.007,98.4774,Long Tail Customers
CUST01935,Vivaan Shah,12,20,95017.4,26218.28,5721,0.007,98.4844,Long Tail Customers
CUST04781,Aarav Deshmukh,9,23,94722.46,27288.87,5722,0.007,98.4913,Long Tail Customers
CUST03288,Sneha Joshi,10,18,94682.35,20512.61,5723,0.007,98.4983,Long Tail Customers
CUST02194,Rahul Sharma,7,13,94542.21,27645.48,5724,0.0069,98.5052,Long Tail Customers
CUST05357,Kavya Sharma,8,25,94239.88,23722.46,5725,0.0069,98.5122,Long Tail Customers
CUST02914,Rahul Deshmukh,9,16,94161.19,17579.91,5726,0.0069,98.5191,Long Tail Customers
CUST02262,Vivaan Mehta,10,21,94075.86,25097.07,5727,0.0069,98.526,Long Tail Customers
CUST02387,Rohan Nair,9,14,93562.74,21412.41,5728,0.0069,98.5328,Long Tail Customers
CUST03601,Vivaan Joshi,7,10,93529.5,23575.56,5729,0.0069,98.5397,Long Tail Customers
CUST03251,Vivaan Patil,8,17,93527.59,20056.35,5730,0.0069,98.5466,Long Tail Customers
CUST05395,Aarav Shah,7,19,93428.96,20854.52,5731,0.0069,98.5534,Long Tail Customers
CUST02661,Sneha Shah,11,19,93291.61,22424.95,5732,0.0069,98.5603,Long Tail Customers
CUST00827,Karan Mehta,11,21,93275.21,20823.15,5733,0.0069,98.5671,Long Tail Customers
CUST05157,Vivaan Deshmukh,14,21,93232.9,22655.04,5734,0.0068,98.574,Long Tail Customers
CUST03341,Vivaan Mehta,5,10,93192.65,14660.59,5735,0.0068,98.5808,Long Tail Customers
CUST01573,Rohan Nair,5,13,93104.64,20151.55,5736,0.0068,98.5877,Long Tail Customers
CUST01970,Isha Mehta,8,17,93000.44,27242.92,5737,0.0068,98.5945,Long Tail Customers
CUST04768,Ananya Joshi,7,18,92932.46,14800.26,5738,0.0068,98.6013,Long Tail Customers
CUST01105,Aditya Verma,8,12,92892.5,23132.63,5739,0.0068,98.6082,Long Tail Customers
CUST02402,Pooja Singh,5,14,92817.5,16844.32,5740,0.0068,98.615,Long Tail Customers
CUST02780,Meera Shah,7,13,92783.13,20271.61,5741,0.0068,98.6218,Long Tail Customers
CUST00775,Isha Joshi,9,16,92773.79,21082.16,5742,0.0068,98.6286,Long Tail Customers
CUST05192,Ananya Verma,8,22,92763.52,22434.65,5743,0.0068,98.6354,Long Tail Customers
CUST00862,Pooja Gupta,7,13,92672.89,16553.22,5744,0.0068,98.6422,Long Tail Customers
CUST02371,Sneha Deshmukh,9,19,92671.36,22054.76,5745,0.0068,98.649,Long Tail Customers
CUST04288,Sneha Sharma,12,21,92641.5,21518.69,5746,0.0068,98.6558,Long Tail Customers
CUST01995,Priya Singh,10,22,92531.25,17810.82,5747,0.0068,98.6626,Long Tail Customers
CUST01253,Rohan Mhaske,11,17,92416.89,19643.45,5748,0.0068,98.6694,Long Tail Customers
CUST03326,Ananya Shah,14,22,92365.68,21061.48,5749,0.0068,98.6762,Long Tail Customers
CUST03437,Aditya Shah,10,21,92189.7,26616.73,5750,0.0068,98.683,Long Tail Customers
CUST02470,Pooja Mhaske,9,20,92187.8,15018.21,5751,0.0068,98.6897,Long Tail Customers
CUST04578,Amit Gupta,7,16,92120.4,22823.33,5752,0.0068,98.6965,Long Tail Customers
CUST00204,Rohan Singh,6,17,92069.63,23555.15,5753,0.0068,98.7033,Long Tail Customers
CUST01164,Neha Verma,9,16,91905.79,20743.75,5754,0.0067,98.71,Long Tail Customers
CUST02894,Aditya Joshi,9,18,91743.44,23920.41,5755,0.0067,98.7168,Long Tail Customers
CUST00146,Priya Kumar,7,13,91639.43,30954.11,5756,0.0067,98.7235,Long Tail Customers
CUST02905,Aditya Sharma,10,15,91616.94,22184.42,5757,0.0067,98.7302,Long Tail Customers
CUST04605,Arjun Kumar,10,21,91503.4,24645.7,5758,0.0067,98.7369,Long Tail Customers
CUST03104,Pooja Gupta,8,18,91338.39,23345.06,5759,0.0067,98.7436,Long Tail Customers
CUST05094,Arjun Nair,8,17,91063.67,26281.69,5760,0.0067,98.7503,Long Tail Customers
CUST03206,Karan Kumar,8,16,91054.65,10705.55,5761,0.0067,98.757,Long Tail Customers
CUST03746,Priya Gupta,7,17,91031.42,25551.24,5762,0.0067,98.7637,Long Tail Customers
CUST04049,Aditya Gupta,10,19,90131.8,22353.21,5763,0.0066,98.7703,Long Tail Customers
CUST00574,Aditya Patil,6,13,90128.9,27594.27,5764,0.0066,98.7769,Long Tail Customers
CUST05964,Karan Deshmukh,9,17,90111.56,19558.12,5765,0.0066,98.7836,Long Tail Customers
CUST03478,Rahul Verma,4,9,90042.89,24319.67,5766,0.0066,98.7902,Long Tail Customers
CUST02367,Meera Verma,6,13,90024.12,24475.52,5767,0.0066,98.7968,Long Tail Customers
CUST02609,Aditya Verma,8,20,89989.95,18903.73,5768,0.0066,98.8034,Long Tail Customers
CUST02988,Karan Verma,8,10,89677.2,21500.43,5769,0.0066,98.81,Long Tail Customers
CUST02193,Ananya Deshmukh,8,13,89532.56,19831.31,5770,0.0066,98.8166,Long Tail Customers
CUST05982,Vivaan Shah,9,25,89529.71,18853.01,5771,0.0066,98.8231,Long Tail Customers
CUST03510,Rohan Sharma,6,14,89439.41,15519.66,5772,0.0066,98.8297,Long Tail Customers
CUST00679,Rohan Joshi,3,7,89369.19,23573.23,5773,0.0066,98.8363,Long Tail Customers
CUST03998,Arjun Verma,6,17,89348.74,25735.2,5774,0.0066,98.8428,Long Tail Customers
CUST01737,Aditya Joshi,11,16,89276.79,18365.21,5775,0.0066,98.8494,Long Tail Customers
CUST01931,Meera Mehta,7,14,89237.1,18861.69,5776,0.0066,98.8559,Long Tail Customers
CUST02077,Priya Sharma,10,15,89138.43,18881.28,5777,0.0065,98.8625,Long Tail Customers
CUST02084,Karan Verma,11,22,89016.42,16159.81,5778,0.0065,98.869,Long Tail Customers
CUST03336,Aditya Kumar,7,13,88724.94,14597.82,5779,0.0065,98.8755,Long Tail Customers
CUST02494,Ananya Patil,9,15,88650.78,25462.53,5780,0.0065,98.882,Long Tail Customers
CUST01110,Rohan Mhaske,6,14,88564.82,20903.44,5781,0.0065,98.8885,Long Tail Customers
CUST04355,Vivaan Joshi,10,18,88562.82,15586.12,5782,0.0065,98.895,Long Tail Customers
CUST05910,Ananya Gupta,8,11,88356.45,18296.11,5783,0.0065,98.9015,Long Tail Customers
CUST00256,Rahul Gupta,7,18,88300.19,23357.08,5784,0.0065,98.908,Long Tail Customers
CUST02857,Aarav Nair,10,21,88296.38,25783.75,5785,0.0065,98.9145,Long Tail Customers
CUST05943,Kavya Shah,6,11,88290.96,17553.52,5786,0.0065,98.921,Long Tail Customers
CUST03775,Arjun Singh,8,17,88095.24,21478.22,5787,0.0065,98.9275,Long Tail Customers
CUST02500,Aditya Singh,6,11,87857.79,24157.09,5788,0.0065,98.9339,Long Tail Customers
CUST01329,Ananya Verma,6,11,87789.79,24725.67,5789,0.0064,98.9404,Long Tail Customers
CUST01102,Vivaan Mhaske,10,15,87506.18,12906.13,5790,0.0064,98.9468,Long Tail Customers
CUST02203,Ananya Joshi,11,16,87406.51,21719.1,5791,0.0064,98.9532,Long Tail Customers
CUST05262,Kavya Sharma,8,25,87327.77,15219.9,5792,0.0064,98.9596,Long Tail Customers
CUST03381,Isha Kumar,7,16,87287.88,19727.42,5793,0.0064,98.966,Long Tail Customers
CUST04092,Sneha Shah,4,10,86691.75,17180.5,5794,0.0064,98.9724,Long Tail Customers
CUST04707,Sneha Sharma,10,19,86656.01,15320.81,5795,0.0064,98.9788,Long Tail Customers
CUST00810,Rahul Mhaske,9,17,86537.42,21541.69,5796,0.0064,98.9851,Long Tail Customers
CUST01877,Aditya Mhaske,6,15,86187.17,20659.42,5797,0.0063,98.9914,Long Tail Customers
CUST00394,Kavya Gupta,7,13,86029.89,28077.28,5798,0.0063,98.9978,Long Tail Customers
CUST04714,Vivaan Verma,13,21,85832.21,24004.36,5799,0.0063,99.0041,Long Tail Customers
CUST05399,Isha Sharma,7,19,85764.22,25573.15,5800,0.0063,99.0104,Long Tail Customers
CUST01162,Amit Nair,8,18,85728.49,12091.46,5801,0.0063,99.0167,Long Tail Customers
CUST00977,Priya Nair,6,12,85609.01,28641.07,5802,0.0063,99.023,Long Tail Customers
CUST05517,Aarav Mehta,10,18,85552.69,25170.36,5803,0.0063,99.0292,Long Tail Customers
CUST03322,Pooja Deshmukh,8,16,85444.66,21192.71,5804,0.0063,99.0355,Long Tail Customers
CUST02610,Isha Patil,5,10,85119.39,12044.33,5805,0.0063,99.0418,Long Tail Customers
CUST04980,Sneha Sharma,5,14,84902.43,17178.17,5806,0.0062,99.048,Long Tail Customers
CUST00685,Karan Gupta,10,14,84580.15,19374.77,5807,0.0062,99.0542,Long Tail Customers
CUST05792,Karan Deshmukh,8,12,84525.41,18250.42,5808,0.0062,99.0604,Long Tail Customers
CUST05906,Rohan Deshmukh,7,17,84375.7,6198.01,5809,0.0062,99.0666,Long Tail Customers
CUST02910,Aditya Gupta,9,11,84364.12,20316.34,5810,0.0062,99.0728,Long Tail Customers
CUST01073,Arjun Kumar,6,11,84088.79,17277.31,5811,0.0062,99.079,Long Tail Customers
CUST04085,Rahul Mhaske,9,18,84080.57,16184.62,5812,0.0062,99.0852,Long Tail Customers
CUST03460,Vivaan Deshmukh,8,15,84046.46,18429.98,5813,0.0062,99.0913,Long Tail Customers
CUST04303,Meera Mehta,9,16,83974.5,16000.78,5814,0.0062,99.0975,Long Tail Customers
CUST00262,Neha Patil,9,16,83856.57,22448.47,5815,0.0062,99.1037,Long Tail Customers
CUST01756,Aarav Sharma,6,12,83324.13,21444.99,5816,0.0061,99.1098,Long Tail Customers
CUST00965,Karan Shah,9,16,82931.68,23825.23,5817,0.0061,99.1159,Long Tail Customers
CUST04130,Vivaan Kumar,5,9,82887.08,10655.04,5818,0.0061,99.122,Long Tail Customers
CUST01326,Neha Shah,5,11,82714.28,14185.88,5819,0.0061,99.128,Long Tail Customers
CUST04749,Aditya Kumar,8,15,82668.52,22614.02,5820,0.0061,99.1341,Long Tail Customers
CUST05095,Kavya Kumar,6,15,82559.58,25738.05,5821,0.0061,99.1402,Long Tail Customers
CUST05890,Vivaan Mhaske,4,15,82513.81,19711.52,5822,0.0061,99.1462,Long Tail Customers
CUST02280,Amit Shah,8,17,82375.98,19254.27,5823,0.006,99.1523,Long Tail Customers
CUST05520,Aarav Sharma,5,11,82277.05,27258.95,5824,0.006,99.1583,Long Tail Customers
CUST01053,Kavya Patil,6,15,82185.68,16009.86,5825,0.006,99.1644,Long Tail Customers
CUST05027,Isha Singh,7,15,81998.23,24605.02,5826,0.006,99.1704,Long Tail Customers
CUST00243,Karan Nair,7,10,81917.3,20130.5,5827,0.006,99.1764,Long Tail Customers
CUST00518,Ananya Shah,8,15,81750.64,19165.08,5828,0.006,99.1824,Long Tail Customers
CUST02879,Ananya Singh,3,7,81732.99,8391.14,5829,0.006,99.1884,Long Tail Customers
CUST04592,Karan Shah,6,8,81644.6,28108.32,5830,0.006,99.1944,Long Tail Customers
CUST01380,Sneha Singh,5,14,81633.86,17915.7,5831,0.006,99.2004,Long Tail Customers
CUST05175,Kavya Verma,8,21,81516.51,14455.48,5832,0.006,99.2064,Long Tail Customers
CUST04388,Vivaan Nair,4,12,81287.48,10949.9,5833,0.006,99.2123,Long Tail Customers
CUST03742,Neha Singh,8,16,81016.58,18129.18,5834,0.0059,99.2183,Long Tail Customers
CUST02447,Rohan Mehta,9,15,80970.66,19455.39,5835,0.0059,99.2242,Long Tail Customers
CUST04163,Aarav Singh,7,15,80862.92,21600.1,5836,0.0059,99.2302,Long Tail Customers
CUST03025,Aarav Kumar,9,19,80776.34,21264.35,5837,0.0059,99.2361,Long Tail Customers
CUST02899,Rohan Mehta,7,11,80728.1,15300.43,5838,0.0059,99.242,Long Tail Customers
CUST00455,Ananya Singh,8,11,80693.8,19833.53,5839,0.0059,99.248,Long Tail Customers
CUST05199,Sneha Singh,6,12,80500.91,17653.05,5840,0.0059,99.2539,Long Tail Customers
CUST04527,Isha Mhaske,9,15,80376.55,22719.09,5841,0.0059,99.2598,Long Tail Customers
CUST03965,Aditya Singh,6,15,80343.27,17569.76,5842,0.0059,99.2657,Long Tail Customers
CUST00773,Rohan Patil,7,12,80196.23,25745.18,5843,0.0059,99.2716,Long Tail Customers
CUST04020,Ananya Gupta,7,12,80128.02,21112.55,5844,0.0059,99.2775,Long Tail Customers
CUST04873,Karan Mhaske,8,13,80030.85,15647.05,5845,0.0059,99.2833,Long Tail Customers
CUST00711,Kavya Joshi,8,25,79828.86,20301.39,5846,0.0059,99.2892,Long Tail Customers
CUST00610,Kavya Mehta,7,11,79678.12,16040.8,5847,0.0059,99.2951,Long Tail Customers
CUST00390,Priya Verma,8,17,79599.35,20454.29,5848,0.0058,99.3009,Long Tail Customers
CUST01085,Rahul Deshmukh,7,10,79598.77,20174.51,5849,0.0058,99.3067,Long Tail Customers
CUST03856,Isha Sharma,6,12,79412.43,23863.48,5850,0.0058,99.3126,Long Tail Customers
CUST02395,Isha Mehta,8,18,79249.37,17782.61,5851,0.0058,99.3184,Long Tail Customers
CUST05638,Aarav Gupta,10,18,79136.49,20562.79,5852,0.0058,99.3242,Long Tail Customers
CUST01678,Karan Deshmukh,7,19,79020.37,21360.59,5853,0.0058,99.33,Long Tail Customers
CUST00269,Karan Sharma,7,14,78998.11,21515.72,5854,0.0058,99.3358,Long Tail Customers
CUST04424,Ananya Nair,3,7,78856.75,15120.83,5855,0.0058,99.3416,Long Tail Customers
CUST05981,Meera Kumar,7,11,78838.27,19802.0,5856,0.0058,99.3474,Long Tail Customers
CUST03689,Aditya Kumar,7,12,78794.34,21770.07,5857,0.0058,99.3532,Long Tail Customers
CUST02737,Ananya Gupta,7,10,78723.64,13687.13,5858,0.0058,99.359,Long Tail Customers
CUST04004,Arjun Patil,4,12,78400.3,15598.55,5859,0.0058,99.3647,Long Tail Customers
CUST01895,Aarav Mehta,7,11,78287.19,17627.31,5860,0.0057,99.3705,Long Tail Customers
CUST00217,Rahul Nair,5,7,78278.42,22600.87,5861,0.0057,99.3762,Long Tail Customers
CUST02307,Karan Verma,9,19,78271.4,20616.3,5862,0.0057,99.382,Long Tail Customers
CUST01129,Ananya Singh,10,15,78225.47,14948.06,5863,0.0057,99.3877,Long Tail Customers
CUST05618,Kavya Verma,8,17,77926.5,14736.64,5864,0.0057,99.3934,Long Tail Customers
CUST03415,Priya Mhaske,8,19,77902.38,17152.32,5865,0.0057,99.3992,Long Tail Customers
CUST05729,Ananya Singh,9,11,77765.25,14522.45,5866,0.0057,99.4049,Long Tail Customers
CUST02846,Ananya Mehta,8,15,77501.52,17404.25,5867,0.0057,99.4106,Long Tail Customers
CUST02973,Amit Mhaske,7,15,77237.71,19661.76,5868,0.0057,99.4162,Long Tail Customers
CUST02388,Aarav Verma,5,10,77229.14,19625.99,5869,0.0057,99.4219,Long Tail Customers
CUST01953,Vivaan Shah,8,12,76950.26,18580.81,5870,0.0057,99.4276,Long Tail Customers
CUST03348,Rohan Verma,8,16,76804.79,18212.44,5871,0.0056,99.4332,Long Tail Customers
CUST04787,Neha Nair,5,12,76714.27,21219.89,5872,0.0056,99.4388,Long Tail Customers
CUST04532,Meera Verma,5,12,76359.43,11048.73,5873,0.0056,99.4444,Long Tail Customers
CUST00898,Ananya Gupta,8,11,76355.08,17198.56,5874,0.0056,99.45,Long Tail Customers
CUST02433,Isha Mhaske,6,9,76234.56,12520.67,5875,0.0056,99.4556,Long Tail Customers
CUST04220,Karan Sharma,6,11,75819.24,18133.05,5876,0.0056,99.4612,Long Tail Customers
CUST00324,Amit Patil,8,18,75805.0,21542.77,5877,0.0056,99.4668,Long Tail Customers
CUST00181,Meera Shah,5,8,75520.93,19694.36,5878,0.0055,99.4723,Long Tail Customers
CUST03692,Meera Deshmukh,7,14,75475.88,18861.53,5879,0.0055,99.4779,Long Tail Customers
CUST03571,Vivaan Singh,11,13,75395.98,15761.25,5880,0.0055,99.4834,Long Tail Customers
CUST04574,Pooja Mhaske,8,22,74579.91,18097.76,5881,0.0055,99.4889,Long Tail Customers
CUST05553,Amit Singh,7,12,74412.19,18462.39,5882,0.0055,99.4943,Long Tail Customers
CUST02590,Neha Sharma,7,13,74306.96,19541.07,5883,0.0055,99.4998,Long Tail Customers
CUST04929,Neha Verma,7,14,74013.33,16946.44,5884,0.0054,99.5052,Long Tail Customers
CUST02283,Pooja Mehta,8,15,73732.87,18545.43,5885,0.0054,99.5107,Long Tail Customers
CUST04538,Aditya Shah,8,11,73678.64,20411.13,5886,0.0054,99.5161,Long Tail Customers
CUST01732,Arjun Mehta,7,17,73567.95,23190.75,5887,0.0054,99.5215,Long Tail Customers
CUST03391,Neha Joshi,7,12,73285.22,18347.85,5888,0.0054,99.5269,Long Tail Customers
CUST03961,Priya Deshmukh,5,11,72986.7,13072.0,5889,0.0054,99.5322,Long Tail Customers
CUST04779,Arjun Verma,6,9,72783.28,25963.43,5890,0.0053,99.5376,Long Tail Customers
CUST05145,Amit Gupta,7,11,72680.75,15656.61,5891,0.0053,99.5429,Long Tail Customers
CUST00995,Aditya Deshmukh,6,13,72536.74,16326.23,5892,0.0053,99.5482,Long Tail Customers
CUST03236,Amit Singh,11,17,72512.47,18360.4,5893,0.0053,99.5535,Long Tail Customers
CUST02335,Aditya Gupta,8,16,72209.83,17746.07,5894,0.0053,99.5589,Long Tail Customers
CUST04077,Amit Shah,6,10,71779.78,21631.09,5895,0.0053,99.5641,Long Tail Customers
CUST00272,Isha Shah,9,17,71518.46,15716.02,5896,0.0053,99.5694,Long Tail Customers
CUST03532,Aditya Verma,7,14,70773.09,12936.43,5897,0.0052,99.5746,Long Tail Customers
CUST02133,Arjun Gupta,5,10,70436.67,24196.33,5898,0.0052,99.5797,Long Tail Customers
CUST05178,Amit Sharma,11,31,70258.13,20536.66,5899,0.0052,99.5849,Long Tail Customers
CUST05741,Aarav Patil,9,15,70131.43,16247.15,5900,0.0052,99.5901,Long Tail Customers
CUST05781,Meera Joshi,6,11,70118.29,13637.06,5901,0.0051,99.5952,Long Tail Customers
CUST00876,Rohan Deshmukh,3,12,70081.69,16000.3,5902,0.0051,99.6004,Long Tail Customers
CUST05046,Aditya Kumar,10,16,69987.16,12817.56,5903,0.0051,99.6055,Long Tail Customers
CUST05913,Neha Mehta,8,10,69792.32,20329.09,5904,0.0051,99.6106,Long Tail Customers
CUST04760,Rohan Nair,9,14,69269.58,15617.41,5905,0.0051,99.6157,Long Tail Customers
CUST02251,Aarav Patil,7,14,69238.3,16535.46,5906,0.0051,99.6208,Long Tail Customers
CUST02680,Isha Verma,7,10,68667.11,13084.56,5907,0.005,99.6258,Long Tail Customers
CUST00351,Karan Sharma,5,9,67999.91,11748.94,5908,0.005,99.6308,Long Tail Customers
CUST01028,Meera Nair,5,9,67899.2,16020.84,5909,0.005,99.6358,Long Tail Customers
CUST01497,Ananya Deshmukh,5,10,67698.92,18956.1,5910,0.005,99.6408,Long Tail Customers
CUST04603,Aditya Verma,6,10,67295.74,13141.98,5911,0.0049,99.6457,Long Tail Customers
CUST04450,Meera Patil,6,15,66678.33,12622.1,5912,0.0049,99.6506,Long Tail Customers
CUST01012,Ananya Nair,4,9,66337.47,9300.29,5913,0.0049,99.6555,Long Tail Customers
CUST03311,Ananya Gupta,8,14,65830.0,16847.51,5914,0.0048,99.6603,Long Tail Customers
CUST04138,Amit Verma,5,9,65659.12,12999.54,5915,0.0048,99.6652,Long Tail Customers
CUST04486,Vivaan Shah,7,11,65553.75,16961.63,5916,0.0048,99.67,Long Tail Customers
CUST00509,Aarav Gupta,7,16,65448.93,12596.77,5917,0.0048,99.6748,Long Tail Customers
CUST00119,Rahul Mhaske,6,14,65135.09,18197.63,5918,0.0048,99.6796,Long Tail Customers
CUST05361,Priya Nair,9,14,64611.34,15212.18,5919,0.0047,99.6843,Long Tail Customers
CUST05610,Pooja Mhaske,7,12,64508.07,19389.11,5920,0.0047,99.689,Long Tail Customers
CUST01971,Pooja Kumar,6,16,64342.51,12794.01,5921,0.0047,99.6938,Long Tail Customers
CUST01899,Karan Deshmukh,7,15,64107.73,13338.61,5922,0.0047,99.6985,Long Tail Customers
CUST05091,Sneha Kumar,6,10,64022.38,16087.31,5923,0.0047,99.7032,Long Tail Customers
CUST04451,Kavya Deshmukh,7,13,63841.89,16444.51,5924,0.0047,99.7079,Long Tail Customers
CUST04222,Arjun Singh,8,16,63788.58,18193.79,5925,0.0047,99.7126,Long Tail Customers
CUST02304,Vivaan Singh,5,12,63316.08,17026.14,5926,0.0047,99.7172,Long Tail Customers
CUST00374,Priya Nair,5,10,63141.8,19011.54,5927,0.0046,99.7218,Long Tail Customers
CUST02717,Arjun Kumar,6,10,63009.14,16041.96,5928,0.0046,99.7265,Long Tail Customers
CUST05081,Sneha Sharma,7,14,62090.94,15188.8,5929,0.0046,99.731,Long Tail Customers
CUST05667,Aditya Deshmukh,5,7,61782.68,13944.8,5930,0.0045,99.7356,Long Tail Customers
CUST05996,Kavya Gupta,6,14,61650.26,8649.87,5931,0.0045,99.7401,Long Tail Customers
CUST01332,Arjun Mehta,6,11,61515.01,12101.93,5932,0.0045,99.7446,Long Tail Customers
CUST04598,Kavya Patil,8,11,61389.0,13695.15,5933,0.0045,99.7491,Long Tail Customers
CUST05308,Isha Joshi,4,9,61017.59,11550.12,5934,0.0045,99.7536,Long Tail Customers
CUST02376,Isha Joshi,8,13,60998.41,12207.21,5935,0.0045,99.7581,Long Tail Customers
CUST02305,Aditya Mehta,6,9,60926.87,12669.43,5936,0.0045,99.7626,Long Tail Customers
CUST02598,Priya Verma,6,14,60848.08,14699.79,5937,0.0045,99.767,Long Tail Customers
CUST02787,Rohan Patil,7,13,60677.91,17383.59,5938,0.0045,99.7715,Long Tail Customers
CUST01283,Arjun Patil,5,13,60630.89,14819.62,5939,0.0045,99.7759,Long Tail Customers
CUST03723,Meera Gupta,7,11,60589.46,8532.68,5940,0.0044,99.7804,Long Tail Customers
CUST01718,Aarav Sharma,7,14,60421.86,10081.52,5941,0.0044,99.7848,Long Tail Customers
CUST03771,Meera Kumar,4,10,60244.12,14693.18,5942,0.0044,99.7892,Long Tail Customers
CUST03848,Rohan Nair,6,12,60021.84,9337.17,5943,0.0044,99.7936,Long Tail Customers
CUST04122,Sneha Singh,5,7,59979.6,9016.1,5944,0.0044,99.7981,Long Tail Customers
CUST02915,Ananya Mehta,9,17,59727.76,14641.04,5945,0.0044,99.8024,Long Tail Customers
CUST04753,Priya Deshmukh,6,11,59655.04,12984.72,5946,0.0044,99.8068,Long Tail Customers
CUST01547,Priya Mehta,5,7,59490.5,12345.25,5947,0.0044,99.8112,Long Tail Customers
CUST00633,Ananya Deshmukh,7,15,59242.27,18341.3,5948,0.0044,99.8155,Long Tail Customers
CUST03555,Aarav Mhaske,7,18,58964.01,13620.24,5949,0.0043,99.8199,Long Tail Customers
CUST05677,Aditya Patil,8,8,58933.48,11573.37,5950,0.0043,99.8242,Long Tail Customers
CUST04266,Aditya Sharma,5,11,58823.09,10839.81,5951,0.0043,99.8285,Long Tail Customers
CUST03904,Rohan Singh,6,11,58744.8,18458.3,5952,0.0043,99.8328,Long Tail Customers
CUST01600,Rohan Mhaske,7,14,58720.57,11954.62,5953,0.0043,99.8371,Long Tail Customers
CUST00157,Ananya Mehta,5,9,58561.1,16424.92,5954,0.0043,99.8414,Long Tail Customers
CUST05686,Neha Nair,9,11,58461.63,15699.73,5955,0.0043,99.8457,Long Tail Customers
CUST04623,Pooja Patil,3,7,57763.39,1303.81,5956,0.0042,99.85,Long Tail Customers
CUST00282,Neha Patil,8,10,57597.82,13940.84,5957,0.0042,99.8542,Long Tail Customers
CUST02903,Karan Patil,6,11,57555.51,12629.68,5958,0.0042,99.8584,Long Tail Customers
CUST05317,Rahul Joshi,5,8,56795.26,10160.36,5959,0.0042,99.8626,Long Tail Customers
CUST03732,Vivaan Singh,7,10,56653.06,12596.28,5960,0.0042,99.8668,Long Tail Customers
CUST02761,Amit Patil,7,15,56560.36,8844.18,5961,0.0042,99.8709,Long Tail Customers
CUST04505,Meera Sharma,6,13,56422.23,12379.26,5962,0.0041,99.8751,Long Tail Customers
CUST05336,Priya Joshi,11,21,55906.91,13805.05,5963,0.0041,99.8792,Long Tail Customers
CUST02683,Amit Gupta,4,9,55701.32,12837.07,5964,0.0041,99.8833,Long Tail Customers
CUST02614,Aarav Sharma,8,12,55688.31,13783.17,5965,0.0041,99.8874,Long Tail Customers
CUST00804,Aarav Shah,8,16,54782.87,12102.34,5966,0.004,99.8914,Long Tail Customers
CUST01013,Priya Patil,7,11,54277.34,9822.52,5967,0.004,99.8954,Long Tail Customers
CUST04139,Aditya Mehta,5,11,53313.21,9706.18,5968,0.0039,99.8993,Long Tail Customers
CUST04651,Karan Patil,8,12,53124.55,9808.27,5969,0.0039,99.9032,Long Tail Customers
CUST01498,Pooja Shah,7,13,52967.61,4334.61,5970,0.0039,99.9071,Long Tail Customers
CUST01711,Aditya Verma,8,15,52572.24,12436.49,5971,0.0039,99.9109,Long Tail Customers
CUST05671,Aditya Joshi,6,7,52276.43,14237.96,5972,0.0038,99.9148,Long Tail Customers
CUST00758,Vivaan Sharma,5,7,52131.21,10904.79,5973,0.0038,99.9186,Long Tail Customers
CUST01457,Sneha Nair,7,11,51879.1,8141.76,5974,0.0038,99.9224,Long Tail Customers
CUST02389,Sneha Gupta,4,10,51206.51,10043.38,5975,0.0038,99.9262,Long Tail Customers
CUST05016,Neha Kumar,5,14,50899.37,8352.5,5976,0.0037,99.9299,Long Tail Customers
CUST03198,Isha Gupta,5,18,50455.27,8068.14,5977,0.0037,99.9336,Long Tail Customers
CUST00582,Isha Nair,4,6,50339.33,11087.34,5978,0.0037,99.9373,Long Tail Customers
CUST03810,Pooja Patil,5,8,50290.81,13390.81,5979,0.0037,99.941,Long Tail Customers
CUST01605,Amit Verma,5,11,49562.02,10783.77,5980,0.0036,99.9446,Long Tail Customers
CUST00345,Vivaan Kumar,6,18,48389.64,7647.27,5981,0.0036,99.9482,Long Tail Customers
CUST00288,Rohan Mhaske,9,15,48173.42,9475.87,5982,0.0035,99.9517,Long Tail Customers
CUST05072,Karan Gupta,4,6,46747.38,14402.95,5983,0.0034,99.9552,Long Tail Customers
CUST05574,Karan Nair,4,10,46407.85,8401.23,5984,0.0034,99.9586,Long Tail Customers
CUST01009,Pooja Gupta,6,10,45616.47,11036.53,5985,0.0034,99.9619,Long Tail Customers
CUST01189,Meera Deshmukh,6,9,44085.98,9102.08,5986,0.0032,99.9652,Long Tail Customers
CUST03703,Pooja Nair,4,11,44018.22,11249.62,5987,0.0032,99.9684,Long Tail Customers
CUST03648,Neha Mhaske,5,13,43220.47,11488.56,5988,0.0032,99.9716,Long Tail Customers
CUST00798,Sneha Gupta,7,9,42500.84,12198.31,5989,0.0031,99.9747,Long Tail Customers
CUST04709,Pooja Kumar,4,9,40960.86,9320.61,5990,0.003,99.9777,Long Tail Customers
CUST01541,Amit Joshi,5,7,40004.95,12971.87,5991,0.0029,99.9806,Long Tail Customers
CUST02713,Neha Patil,4,5,38365.61,9886.78,5992,0.0028,99.9835,Long Tail Customers
CUST04713,Pooja Nair,6,9,37533.67,6497.4,5993,0.0028,99.9862,Long Tail Customers
CUST01570,Aarav Sharma,4,4,35421.36,9707.06,5994,0.0026,99.9888,Long Tail Customers
CUST02732,Neha Joshi,7,9,31041.34,7280.32,5995,0.0023,99.9911,Long Tail Customers
CUST04054,Vivaan Gupta,3,4,29726.08,9306.96,5996,0.0022,99.9933,Long Tail Customers
CUST03449,Isha Deshmukh,3,3,25823.6,5632.51,5997,0.0019,99.9952,Long Tail Customers
CUST05075,Sneha Joshi,4,11,25491.51,4954.61,5998,0.0019,99.9971,Long Tail Customers
CUST05613,Rohan Shah,4,6,21742.57,3605.18,5999,0.0016,99.9986,Long Tail Customers
CUST01391,Aarav Gupta,3,3,18419.3,4408.29,6000,0.0014,100.0,Long Tail Customers
