Customer_ID,Customer_Name,Total_Orders,Units_Sold,Revenue,Profit,Profit_Margin_Percent,Revenue_Rank,Profit_Rank,Customer_Row_Number,Revenue_Quartile,Customer_Value_Segment
CUST03370,Rohan Deshmukh,18,70,682579.18,215680.31,31.6,1,1,1,1,High Value
CUST02369,Vivaan Sharma,26,65,656467.23,162061.3,24.69,2,2,2,1,High Value
CUST02987,Amit Sharma,25,70,630590.67,114788.84,18.2,3,121,3,1,High Value
CUST02176,Aarav Joshi,20,68,629769.19,147672.45,23.45,4,8,4,1,High Value
CUST01171,Aarav Gupta,22,65,612137.04,151644.59,24.77,5,6,5,1,High Value
CUST03244,Neha Mhaske,19,61,600454.29,155811.64,25.95,6,5,6,1,High Value
CUST00947,Meera Deshmukh,21,53,592453.93,141721.69,23.92,7,13,7,1,High Value
CUST05687,Amit Kumar,17,50,576083.55,134145.68,23.29,8,30,8,1,High Value
CUST00992,Sneha Sharma,23,57,572539.2,141653.78,24.74,9,14,9,1,High Value
CUST03036,Pooja Singh,21,58,569817.88,139394.75,24.46,10,19,10,1,High Value
CUST03758,Sneha Mehta,21,53,555275.89,146087.08,26.31,11,10,11,1,High Value
CUST05424,Aarav Joshi,16,58,544745.38,111299.86,20.43,12,161,12,1,High Value
CUST00349,Amit Singh,20,65,543035.24,123959.62,22.83,13,57,13,1,High Value
CUST02022,Neha Patil,23,61,541358.75,101352.1,18.72,14,271,14,1,High Value
CUST05362,Rahul Singh,19,52,539423.17,140032.67,25.96,15,18,15,1,High Value
CUST04253,Meera Joshi,20,60,538140.37,136884.12,25.44,16,27,16,1,High Value
CUST01139,Karan Joshi,22,62,534445.22,116100.3,21.72,17,109,17,1,High Value
CUST01817,Amit Patil,21,52,529895.41,118662.35,22.39,18,87,18,1,High Value
CUST00778,Karan Shah,21,52,527205.51,146329.42,27.76,19,9,19,1,High Value
CUST03037,Isha Sharma,17,58,521696.75,159437.07,30.56,20,3,20,1,High Value
CUST02672,Ananya Joshi,20,51,518367.26,140944.61,27.19,21,16,21,1,High Value
CUST04540,Karan Mehta,18,53,517450.86,125888.18,24.33,22,52,22,1,High Value
CUST05658,Amit Singh,18,50,513434.44,134917.03,26.28,23,29,23,1,High Value
CUST04433,Ananya Kumar,20,54,512302.35,114366.58,22.32,24,125,24,1,High Value
CUST01428,Rahul Singh,17,45,511005.72,138730.4,27.15,25,22,25,1,High Value
CUST05922,Karan Nair,20,49,509322.79,158308.11,31.08,26,4,26,1,High Value
CUST01161,Isha Mhaske,21,56,503427.57,113380.38,22.52,27,132,27,1,High Value
CUST05703,Ananya Deshmukh,16,48,498598.16,128463.23,25.76,28,44,28,1,High Value
CUST05073,Aarav Deshmukh,24,67,497373.12,112324.2,22.58,29,141,29,1,High Value
CUST03669,Aarav Deshmukh,17,48,497075.29,138784.1,27.92,30,21,30,1,High Value
CUST00348,Amit Mehta,18,54,496225.41,132808.56,26.76,31,33,31,1,High Value
CUST05110,Kavya Patil,20,57,495388.54,137065.72,27.67,32,26,32,1,High Value
CUST04416,Vivaan Verma,21,56,495128.65,130345.69,26.33,33,38,33,1,High Value
CUST04105,Sneha Mhaske,23,57,491863.33,114592.14,23.3,34,122,34,1,High Value
CUST01244,Vivaan Shah,19,54,491153.79,140740.51,28.66,35,17,35,1,High Value
CUST01564,Pooja Joshi,18,58,489934.67,92520.57,18.88,36,462,36,1,High Value
CUST02762,Pooja Singh,13,40,488160.62,122025.25,25.0,37,62,37,1,High Value
CUST04265,Amit Deshmukh,21,55,487744.58,124118.87,25.45,38,56,38,1,High Value
CUST03272,Rohan Joshi,17,45,484448.68,141329.7,29.17,39,15,39,1,High Value
CUST04378,Vivaan Mhaske,20,53,483643.45,110067.2,22.76,40,168,40,1,High Value
CUST03149,Karan Nair,16,46,482374.99,148057.64,30.69,41,7,41,1,High Value
CUST04678,Aarav Patil,15,45,482120.93,138270.63,28.68,42,23,42,1,High Value
CUST03969,Rohan Kumar,19,50,481934.91,137748.73,28.58,43,24,43,1,High Value
CUST01307,Arjun Sharma,19,54,481414.0,116318.95,24.16,44,104,44,1,High Value
CUST01441,Kavya Sharma,18,48,481020.45,118135.15,24.56,45,90,45,1,High Value
CUST05866,Neha Joshi,20,59,480274.75,105160.06,21.9,46,221,46,1,High Value
CUST05985,Rahul Shah,20,48,478666.8,127650.47,26.67,47,47,47,1,High Value
CUST02439,Priya Deshmukh,15,51,477507.72,112484.63,23.56,48,140,48,1,High Value
CUST04335,Amit Gupta,21,57,477477.47,109423.13,22.92,49,173,49,1,High Value
CUST04325,Vivaan Patil,16,44,476180.64,143513.91,30.14,50,11,50,1,High Value
CUST03262,Karan Joshi,21,56,474872.14,143480.72,30.21,51,12,51,1,High Value
CUST02501,Sneha Mehta,20,60,474795.5,115290.66,24.28,52,113,52,1,High Value
CUST04610,Sneha Singh,22,53,474387.08,116183.55,24.49,53,107,53,1,High Value
CUST04123,Amit Nair,15,46,473712.82,118695.05,25.06,54,86,54,1,High Value
CUST04165,Amit Gupta,15,48,473079.78,133329.37,28.18,55,32,55,1,High Value
CUST00382,Vivaan Gupta,13,40,472609.12,130441.01,27.6,56,37,56,1,High Value
CUST05566,Isha Mehta,18,52,472210.38,116519.06,24.68,57,102,57,1,High Value
CUST02034,Vivaan Kumar,21,60,471708.23,108868.3,23.08,58,175,58,1,High Value
CUST05036,Amit Patil,20,50,471552.49,115082.24,24.4,59,114,59,1,High Value
CUST05431,Arjun Kumar,17,50,471221.61,101682.8,21.58,60,266,60,1,High Value
CUST05604,Pooja Verma,18,50,471013.14,116158.44,24.66,61,108,61,1,High Value
CUST02782,Pooja Verma,17,55,470932.49,119620.16,25.4,62,80,62,1,High Value
CUST03990,Kavya Deshmukh,17,42,468466.48,128564.92,27.44,63,43,63,1,High Value
CUST03665,Amit Joshi,21,44,468411.8,116279.56,24.82,64,105,64,1,High Value
CUST00716,Sneha Nair,17,49,467191.18,105142.65,22.51,65,222,65,1,High Value
CUST01340,Sneha Deshmukh,21,54,466827.65,100289.41,21.48,66,291,66,1,High Value
CUST03012,Isha Deshmukh,19,49,466653.47,118641.73,25.42,67,88,67,1,High Value
CUST03400,Aditya Joshi,17,46,466585.75,116817.04,25.04,68,100,68,1,High Value
CUST04829,Karan Mehta,21,43,466528.72,116856.39,25.05,69,99,69,1,High Value
CUST05940,Aditya Sharma,17,41,465487.21,122354.02,26.29,70,61,70,1,High Value
CUST03557,Kavya Mhaske,17,51,465209.01,135138.2,29.05,71,28,71,1,High Value
CUST01273,Meera Joshi,24,56,463517.75,82907.74,17.89,72,796,72,1,High Value
CUST04770,Aarav Mehta,19,55,463325.7,120037.03,25.91,73,75,73,1,High Value
CUST04478,Amit Patil,16,57,462705.01,119015.78,25.72,74,84,74,1,High Value
CUST03899,Rohan Shah,19,50,461366.2,131587.73,28.52,75,34,75,1,High Value
CUST01719,Meera Singh,23,59,460987.84,103193.75,22.39,76,245,76,1,High Value
CUST02819,Amit Singh,13,42,459872.75,121016.65,26.32,77,69,77,1,High Value
CUST00139,Karan Nair,19,57,459827.19,121576.85,26.44,78,67,78,1,High Value
CUST05394,Karan Shah,12,44,459446.74,137280.3,29.88,79,25,79,1,High Value
CUST03248,Meera Kumar,19,50,459384.11,93781.56,20.41,80,426,80,1,High Value
CUST03711,Amit Verma,19,50,458044.16,138849.9,30.31,81,20,81,1,High Value
CUST05152,Vivaan Mhaske,24,51,457598.22,128627.27,28.11,82,41,82,1,High Value
CUST05012,Priya Mehta,18,52,457329.16,95811.23,20.95,83,382,83,1,High Value
CUST03497,Vivaan Singh,18,56,456254.79,119968.53,26.29,84,78,84,1,High Value
CUST00831,Aditya Patil,17,46,455533.36,125298.88,27.51,85,53,85,1,High Value
CUST04883,Pooja Sharma,17,51,454970.57,89393.3,19.65,86,549,86,1,High Value
CUST00440,Rahul Mehta,17,55,453880.07,118067.92,26.01,87,92,87,1,High Value
CUST01503,Ananya Verma,21,59,452443.78,91538.93,20.23,88,490,88,1,High Value
CUST01975,Neha Gupta,19,45,452009.18,104275.25,23.07,89,232,89,1,High Value
CUST02242,Kavya Gupta,21,55,450315.1,105070.49,23.33,90,224,90,1,High Value
CUST04091,Neha Patil,18,50,448038.48,88519.8,19.76,91,578,91,1,High Value
CUST04181,Amit Shah,10,35,447731.64,114992.13,25.68,92,117,92,1,High Value
CUST05808,Kavya Deshmukh,12,39,447589.47,131518.2,29.38,93,35,93,1,High Value
CUST04680,Ananya Deshmukh,16,42,447281.23,125947.11,28.16,94,51,94,1,High Value
CUST01293,Arjun Mhaske,18,52,446482.53,126853.66,28.41,95,48,95,1,High Value
CUST05337,Isha Nair,18,55,445757.93,112184.35,25.17,96,146,96,1,High Value
CUST05646,Priya Sharma,17,46,445404.63,113720.81,25.53,97,128,97,1,High Value
CUST05640,Rahul Verma,18,46,445135.39,110656.35,24.86,98,164,98,1,High Value
CUST04348,Vivaan Sharma,18,49,443559.37,100479.82,22.65,99,286,99,1,High Value
CUST00632,Sneha Joshi,22,65,443303.4,113507.54,25.6,100,129,100,1,High Value
CUST01662,Karan Verma,19,57,441725.32,121665.86,27.54,101,64,101,1,High Value
CUST01940,Kavya Shah,17,44,441277.12,118108.9,26.77,102,91,102,1,High Value
CUST03905,Sneha Nair,20,52,441006.14,120476.09,27.32,103,72,103,1,High Value
CUST00285,Meera Joshi,20,62,439974.37,99235.35,22.55,104,308,104,1,High Value
CUST02712,Neha Sharma,14,47,439296.17,131024.43,29.83,105,36,105,1,High Value
CUST00563,Sneha Gupta,17,42,438336.16,121823.37,27.79,106,63,106,1,High Value
CUST04854,Rahul Joshi,19,48,438168.39,107882.61,24.62,107,184,107,1,High Value
CUST00341,Neha Verma,18,46,438153.61,112259.54,25.62,108,144,108,1,High Value
CUST01651,Isha Mhaske,12,43,437968.27,98893.98,22.58,109,318,109,1,High Value
CUST05329,Aditya Nair,19,44,437917.21,110130.63,25.15,110,166,110,1,High Value
CUST05585,Rohan Gupta,19,56,437684.91,129070.84,29.49,111,39,111,1,High Value
CUST00303,Vivaan Kumar,18,43,436689.29,122646.49,28.09,112,59,112,1,High Value
CUST03078,Rohan Nair,16,46,436573.78,111876.54,25.63,113,151,113,1,High Value
CUST02429,Aarav Nair,17,57,436473.07,128576.38,29.46,114,42,114,1,High Value
CUST03896,Rahul Shah,14,39,436460.88,119273.31,27.33,115,83,115,1,High Value
CUST02379,Priya Verma,15,59,435847.52,102665.25,23.56,116,251,116,1,High Value
CUST00756,Meera Singh,17,46,435795.43,99197.09,22.76,117,309,117,1,High Value
CUST02417,Pooja Nair,16,48,434769.24,100552.32,23.13,118,284,118,1,High Value
CUST04414,Arjun Sharma,21,46,434529.97,108646.56,25.0,119,180,119,1,High Value
CUST05162,Rohan Patil,17,42,434505.69,112294.65,25.84,120,142,120,1,High Value
CUST05860,Sneha Singh,16,43,432611.05,77558.83,17.93,121,1049,121,1,High Value
CUST02303,Aarav Mehta,18,46,432554.02,122444.73,28.31,122,60,122,1,High Value
CUST03424,Rohan Nair,19,55,431083.43,112123.53,26.01,123,148,123,1,High Value
CUST01256,Arjun Joshi,16,48,430185.06,95390.27,22.17,124,390,124,1,High Value
CUST00644,Neha Mehta,14,43,429682.28,121610.26,28.3,125,66,125,1,High Value
CUST01780,Rahul Gupta,19,44,429658.14,82745.67,19.26,126,801,126,1,High Value
CUST00614,Rahul Joshi,15,39,429409.12,95742.92,22.3,127,384,127,1,High Value
CUST00607,Priya Mhaske,20,58,429215.5,109836.57,25.59,128,170,128,1,High Value
CUST05528,Vivaan Deshmukh,15,45,429014.41,92182.14,21.49,129,474,129,1,High Value
CUST03587,Aarav Verma,18,39,428670.43,133664.72,31.18,130,31,130,1,High Value
CUST04865,Aditya Joshi,15,51,428286.87,105502.9,24.63,131,215,131,1,High Value
CUST00564,Priya Deshmukh,15,52,427959.06,124421.21,29.07,132,55,132,1,High Value
CUST01880,Pooja Verma,14,44,427869.61,128450.0,30.02,133,45,133,1,High Value
CUST01894,Aarav Deshmukh,17,54,427626.68,117944.12,27.58,134,95,134,1,High Value
CUST02346,Neha Joshi,20,46,427349.64,112169.96,26.25,135,147,135,1,High Value
CUST05697,Meera Gupta,20,53,427181.99,113111.33,26.48,136,134,136,1,High Value
CUST05944,Vivaan Shah,20,56,426593.0,104914.84,24.59,137,227,137,1,High Value
CUST00301,Rahul Nair,18,47,426415.48,100965.32,23.68,138,278,138,1,High Value
CUST00689,Aarav Joshi,24,51,426338.82,87662.92,20.56,139,601,139,1,High Value
CUST05185,Amit Gupta,19,43,426289.05,106828.01,25.06,140,197,140,1,High Value
CUST05612,Arjun Mhaske,20,48,425956.65,90998.49,21.36,141,506,141,1,High Value
CUST00234,Amit Singh,20,56,424936.45,124838.44,29.38,142,54,142,1,High Value
CUST00027,Karan Gupta,19,52,424852.81,113017.41,26.6,143,135,143,1,High Value
CUST04809,Amit Shah,18,47,424708.34,88080.21,20.74,144,589,144,1,High Value
CUST00072,Rohan Nair,19,66,424330.66,88969.87,20.97,145,558,145,1,High Value
CUST04036,Kavya Sharma,16,50,423701.65,101785.04,24.02,146,263,146,1,High Value
CUST03777,Meera Mehta,19,46,423522.18,101214.03,23.9,147,274,147,1,High Value
CUST00846,Rahul Verma,14,39,422731.4,121653.61,28.78,148,65,148,1,High Value
CUST03008,Isha Gupta,17,48,421609.83,110198.8,26.14,149,165,149,1,High Value
CUST01742,Ananya Deshmukh,15,44,421409.09,111582.59,26.48,150,156,150,1,High Value
CUST02638,Kavya Nair,23,56,421095.85,91476.66,21.72,151,491,151,1,High Value
CUST05315,Karan Singh,19,46,420938.81,120411.78,28.61,152,73,152,1,High Value
CUST01385,Priya Patil,13,44,420868.09,118047.54,28.05,153,93,153,1,High Value
CUST03477,Amit Gupta,15,37,420806.0,120021.98,28.52,154,76,154,1,High Value
CUST02258,Aditya Sharma,14,44,420711.13,90064.98,21.41,155,528,155,1,High Value
CUST01639,Isha Shah,20,45,419932.6,97980.17,23.33,156,334,156,1,High Value
CUST00742,Rahul Patil,18,40,419575.07,105636.23,25.18,157,212,157,1,High Value
CUST00682,Arjun Gupta,19,42,419527.75,98926.79,23.58,158,317,158,1,High Value
CUST00613,Rahul Verma,13,44,419353.81,114413.73,27.28,159,124,159,1,High Value
CUST01113,Pooja Sharma,14,44,419059.67,120203.19,28.68,160,74,160,1,High Value
CUST02506,Pooja Patil,14,48,418553.33,119608.99,28.58,161,81,161,1,High Value
CUST02240,Sneha Gupta,21,52,418110.38,91163.22,21.8,162,501,162,1,High Value
CUST05586,Rahul Mhaske,18,47,417692.9,129015.43,30.89,163,40,163,1,High Value
CUST04483,Arjun Deshmukh,27,57,417594.53,103491.33,24.78,164,239,164,1,High Value
CUST01818,Kavya Nair,22,47,417589.12,105524.79,25.27,165,213,165,1,High Value
CUST03860,Kavya Joshi,20,47,417560.66,115068.32,27.56,166,115,166,1,High Value
CUST00225,Meera Patil,15,45,417430.88,96153.69,23.03,167,372,167,1,High Value
CUST03577,Karan Gupta,16,42,417415.34,107677.62,25.8,168,186,168,1,High Value
CUST01736,Pooja Gupta,15,42,417345.45,103934.41,24.9,169,235,169,1,High Value
CUST00763,Aditya Deshmukh,15,43,416816.6,117161.41,28.11,170,98,170,1,High Value
CUST04338,Karan Mehta,16,42,416654.38,95831.39,23.0,171,380,171,1,High Value
CUST04481,Aditya Kumar,17,49,416205.22,91784.4,22.05,172,480,172,1,High Value
CUST02945,Rohan Verma,16,45,415729.94,112898.31,27.16,173,136,173,1,High Value
CUST04938,Ananya Singh,23,56,413998.66,97721.63,23.6,174,339,174,1,High Value
CUST01576,Kavya Singh,13,33,413346.33,115712.29,27.99,175,110,175,1,High Value
CUST05071,Neha Shah,20,52,412870.74,107551.32,26.05,176,191,176,1,High Value
CUST03973,Aarav Mehta,17,44,412836.96,92968.8,22.52,177,447,177,1,High Value
CUST05052,Arjun Deshmukh,22,46,412741.15,108744.38,26.35,178,178,178,1,High Value
CUST00949,Rohan Nair,18,54,412234.45,105685.03,25.64,179,211,179,1,High Value
CUST05535,Meera Gupta,23,45,411793.27,120611.2,29.29,180,70,180,1,High Value
CUST02199,Neha Kumar,19,52,411337.73,114965.15,27.95,181,118,181,1,High Value
CUST02790,Rahul Patil,19,40,410918.0,82451.36,20.07,182,816,182,1,High Value
CUST04199,Pooja Joshi,17,44,410174.83,113455.3,27.66,183,131,183,1,High Value
CUST02720,Arjun Mhaske,18,50,410094.8,107591.43,26.24,184,189,184,1,High Value
CUST02413,Ananya Joshi,16,45,409546.71,117812.05,28.77,185,96,185,1,High Value
CUST05905,Neha Patil,18,45,409465.05,103056.56,25.17,186,248,186,1,High Value
CUST02056,Rahul Kumar,19,46,409390.54,103596.63,25.31,187,238,187,1,High Value
CUST02995,Aarav Joshi,21,48,409184.26,107543.8,26.28,188,192,188,1,High Value
CUST04964,Priya Mhaske,18,46,409013.37,107326.31,26.24,189,193,189,1,High Value
CUST04597,Rahul Nair,13,34,408895.22,81002.15,19.81,190,889,190,1,High Value
CUST04551,Priya Patil,13,44,408703.82,121192.54,29.65,191,68,191,1,High Value
CUST01740,Meera Kumar,16,45,408264.9,90842.92,22.25,192,510,192,1,High Value
CUST04736,Rahul Deshmukh,23,54,408097.11,105858.84,25.94,193,205,193,1,High Value
CUST00244,Isha Shah,15,43,407927.16,110110.35,26.99,194,167,194,1,High Value
CUST01163,Aditya Verma,13,43,406487.56,111556.96,27.44,195,157,195,1,High Value
CUST05180,Ananya Verma,18,45,406453.11,111513.78,27.44,196,158,196,1,High Value
CUST03125,Amit Patil,16,50,406227.77,113918.37,28.04,197,127,197,1,High Value
CUST01353,Priya Nair,18,41,406157.98,99989.35,24.62,198,297,198,1,High Value
CUST02113,Aditya Gupta,16,46,406038.35,122738.19,30.23,199,58,199,1,High Value
CUST04997,Ananya Sharma,21,46,406013.46,98439.99,24.25,200,325,200,1,High Value
CUST00591,Amit Mehta,18,45,405707.65,97233.81,23.97,201,348,201,1,High Value
CUST00959,Priya Mhaske,17,52,405447.85,101040.5,24.92,202,276,202,1,High Value
CUST03106,Aditya Joshi,16,41,404921.92,85561.15,21.13,203,690,203,1,High Value
CUST05651,Ananya Deshmukh,22,50,404840.03,103035.1,25.45,204,249,204,1,High Value
CUST03343,Amit Singh,15,41,404662.69,94937.84,23.46,205,401,205,1,High Value
CUST02724,Amit Nair,21,62,404468.81,87521.48,21.64,206,606,206,1,High Value
CUST00354,Neha Nair,18,47,403952.78,105479.65,26.11,207,216,207,1,High Value
CUST00053,Vivaan Nair,19,46,403703.38,93549.98,23.17,208,435,208,1,High Value
CUST02956,Priya Gupta,14,42,403165.88,74091.98,18.38,209,1253,209,1,High Value
CUST02749,Priya Joshi,17,46,402796.11,86227.62,21.41,210,651,210,1,High Value
CUST00077,Pooja Kumar,21,53,402727.07,108328.92,26.9,211,182,211,1,High Value
CUST01386,Isha Deshmukh,13,39,402535.52,111772.77,27.77,212,153,212,1,High Value
CUST04112,Neha Sharma,14,46,401898.15,76186.12,18.96,213,1129,213,1,High Value
CUST03159,Pooja Verma,17,43,401884.87,86161.05,21.44,214,655,214,1,High Value
CUST03052,Pooja Singh,11,37,401220.67,98316.72,24.5,215,328,215,1,High Value
CUST05949,Isha Sharma,18,42,400684.6,88365.45,22.05,216,582,216,1,High Value
CUST05889,Kavya Deshmukh,17,54,400298.86,88433.4,22.09,217,580,217,1,High Value
CUST02021,Arjun Kumar,15,36,399578.46,80693.76,20.19,218,906,218,1,High Value
CUST03506,Kavya Sharma,21,53,399260.5,104940.31,26.28,219,226,219,1,High Value
CUST00080,Pooja Verma,19,40,399209.45,112269.48,28.12,220,143,220,1,High Value
CUST00545,Rahul Gupta,16,41,398920.82,95223.83,23.87,221,396,221,1,High Value
CUST02975,Pooja Verma,22,58,398605.43,78271.0,19.64,222,1013,222,1,High Value
CUST04995,Amit Sharma,20,51,398477.59,112792.3,28.31,223,138,223,1,High Value
CUST01448,Priya Mhaske,17,41,398359.7,111416.7,27.97,224,159,224,1,High Value
CUST05323,Rohan Deshmukh,19,43,398149.73,83165.75,20.89,225,787,225,1,High Value
CUST00257,Isha Sharma,15,46,398043.41,113143.3,28.42,226,133,226,1,High Value
CUST02499,Pooja Gupta,14,38,397903.08,114417.48,28.76,227,123,227,1,High Value
CUST00785,Rahul Patil,16,57,397513.36,82027.6,20.64,228,845,228,1,High Value
CUST00154,Kavya Nair,17,48,396573.4,115333.15,29.08,229,112,229,1,High Value
CUST05914,Sneha Verma,15,44,396540.79,96489.44,24.33,230,366,230,1,High Value
CUST02217,Aditya Verma,23,54,396475.16,101931.15,25.71,231,261,231,1,High Value
CUST03761,Pooja Mhaske,15,42,396362.39,91557.75,23.1,232,488,232,1,High Value
CUST04322,Arjun Nair,12,36,396267.28,92592.51,23.37,233,461,233,1,High Value
CUST03056,Sneha Sharma,18,55,396095.04,82906.28,20.93,234,797,234,1,High Value
CUST04430,Isha Gupta,11,37,395988.9,125964.52,31.81,235,50,235,1,High Value
CUST05823,Kavya Verma,13,40,395976.55,84964.71,21.46,236,708,236,1,High Value
CUST04839,Amit Singh,13,37,395759.66,119809.35,30.27,237,79,237,1,High Value
CUST03697,Pooja Mehta,13,44,395555.99,90729.51,22.94,238,516,238,1,High Value
CUST05925,Aditya Gupta,16,42,395479.25,87245.79,22.06,239,616,239,1,High Value
CUST00429,Sneha Verma,13,43,395419.71,83093.94,21.01,240,790,240,1,High Value
CUST01402,Sneha Joshi,13,38,395233.35,96666.88,24.46,241,363,241,1,High Value
CUST02662,Priya Patil,20,57,395143.26,103483.33,26.19,242,240,242,1,High Value
CUST05666,Rohan Deshmukh,21,50,395120.82,91748.02,23.22,243,481,243,1,High Value
CUST05198,Vivaan Sharma,15,43,395093.45,115530.53,29.24,244,111,244,1,High Value
CUST01125,Kavya Deshmukh,17,40,394868.4,96067.05,24.33,245,374,245,1,High Value
CUST04346,Sneha Sharma,14,39,394808.93,99944.16,25.31,246,299,246,1,High Value
CUST03934,Vivaan Patil,14,37,394460.28,88686.94,22.48,247,568,247,1,High Value
CUST05837,Ananya Patil,21,48,394185.19,103436.13,26.24,248,241,248,1,High Value
CUST02704,Rohan Deshmukh,14,44,394028.1,88907.93,22.56,249,564,249,1,High Value
CUST04602,Arjun Deshmukh,13,40,393966.52,116389.96,29.54,250,103,250,1,High Value
CUST03485,Isha Gupta,15,35,393599.06,96925.26,24.63,251,354,251,1,High Value
CUST04864,Rohan Sharma,22,56,393562.85,120017.97,30.5,252,77,252,1,High Value
CUST05125,Sneha Mhaske,14,44,393376.16,81331.47,20.68,253,879,253,1,High Value
CUST05785,Sneha Mehta,18,50,393165.49,96727.48,24.6,254,361,254,1,High Value
CUST05775,Karan Sharma,16,38,392955.97,91170.12,23.2,255,500,255,1,High Value
CUST00485,Aditya Mehta,18,53,392757.71,98400.07,25.05,256,326,256,1,High Value
CUST05883,Vivaan Kumar,15,41,392330.3,107689.02,27.45,257,185,257,1,High Value
CUST04522,Meera Patil,15,42,392216.46,99058.32,25.26,258,314,258,1,High Value
CUST05807,Isha Sharma,13,39,391822.37,101307.98,25.86,259,272,259,1,High Value
CUST00821,Aarav Joshi,17,50,391812.58,107264.31,27.38,260,194,260,1,High Value
CUST04665,Karan Mhaske,18,43,391766.16,119441.4,30.49,261,82,261,1,High Value
CUST02935,Arjun Singh,12,33,391707.59,117615.68,30.03,262,97,262,1,High Value
CUST01800,Ananya Deshmukh,19,49,391338.31,77907.79,19.91,263,1032,263,1,High Value
CUST01357,Priya Gupta,18,43,391229.58,83172.56,21.26,264,786,264,1,High Value
CUST03310,Rohan Mehta,16,40,391002.45,112883.57,28.87,265,137,265,1,High Value
CUST05116,Ananya Kumar,16,49,390987.49,100330.21,25.66,266,290,266,1,High Value
CUST04750,Amit Verma,18,41,390981.86,81644.07,20.88,267,862,267,1,High Value
CUST01297,Meera Joshi,22,58,390736.29,105943.56,27.11,268,203,268,1,High Value
CUST02361,Aditya Patil,18,49,390525.63,113487.57,29.06,269,130,269,1,High Value
CUST04238,Isha Gupta,18,40,390520.81,94021.87,24.08,270,421,270,1,High Value
CUST02588,Sneha Patil,15,46,390171.25,91641.1,23.49,271,485,271,1,High Value
CUST03073,Neha Shah,13,37,389488.84,80348.96,20.63,272,922,272,1,High Value
CUST01575,Sneha Kumar,22,50,389460.19,94503.9,24.27,273,411,273,1,High Value
CUST03505,Rahul Sharma,16,42,389009.26,87630.65,22.53,274,603,274,1,High Value
CUST05614,Rohan Patil,16,46,388990.71,83797.61,21.54,275,753,275,1,High Value
CUST00456,Meera Nair,14,34,388918.14,92412.81,23.76,276,466,276,1,High Value
CUST01187,Aditya Sharma,15,46,388828.69,75333.8,19.37,277,1179,277,1,High Value
CUST04521,Rahul Kumar,15,49,388190.7,101154.83,26.06,278,275,278,1,High Value
CUST00727,Arjun Joshi,21,51,387874.49,90967.78,23.45,279,507,279,1,High Value
CUST02381,Isha Deshmukh,26,59,387858.95,99703.08,25.71,280,305,280,1,High Value
CUST00926,Karan Patil,16,40,387760.62,116597.47,30.07,281,101,281,1,High Value
CUST03046,Aarav Mhaske,22,53,387696.79,85856.07,22.15,282,673,282,1,High Value
CUST05589,Kavya Joshi,20,43,387655.65,96454.81,24.88,283,367,283,1,High Value
CUST01611,Aditya Mehta,12,40,387120.95,115011.41,29.71,284,116,284,1,High Value
CUST02666,Amit Kumar,19,44,387019.32,118448.17,30.61,285,89,285,1,High Value
CUST03644,Kavya Nair,14,40,387016.43,94550.2,24.43,286,410,286,1,High Value
CUST02396,Rahul Joshi,19,54,386986.39,108784.29,28.11,287,177,287,1,High Value
CUST04089,Vivaan Nair,14,32,386884.75,97127.57,25.11,288,351,288,1,High Value
CUST04673,Kavya Mhaske,16,43,386852.92,101009.23,26.11,289,277,289,1,High Value
CUST00134,Meera Gupta,17,40,386708.39,90781.63,23.48,290,512,290,1,High Value
CUST05930,Aarav Joshi,17,43,386505.09,105779.23,27.37,291,209,291,1,High Value
CUST04874,Arjun Joshi,15,44,386498.87,102758.51,26.59,292,250,292,1,High Value
CUST01728,Karan Nair,14,44,386428.35,92423.87,23.92,293,465,293,1,High Value
CUST05196,Neha Kumar,15,44,386215.45,97899.55,25.35,294,336,294,1,High Value
CUST01933,Rahul Deshmukh,25,56,385891.75,95007.82,24.62,295,399,295,1,High Value
CUST05391,Rohan Nair,18,41,385796.89,101380.36,26.28,296,270,296,1,High Value
CUST00881,Rahul Mhaske,14,39,385720.69,99824.43,25.88,297,302,297,1,High Value
CUST04362,Neha Verma,13,35,385666.47,101435.32,26.3,298,267,298,1,High Value
CUST00657,Priya Mehta,14,42,385494.34,79763.11,20.69,299,944,299,1,High Value
CUST04520,Aditya Kumar,15,40,385470.23,105235.49,27.3,300,219,300,1,High Value
CUST05484,Rohan Nair,19,46,385277.83,92608.95,24.04,301,458,301,1,High Value
CUST00403,Aarav Shah,20,50,385265.74,88044.65,22.85,302,590,302,1,High Value
CUST01814,Priya Gupta,18,45,385250.36,93600.53,24.3,303,432,303,1,High Value
CUST05698,Kavya Deshmukh,14,39,385088.4,128106.4,33.27,304,46,304,1,High Value
CUST05029,Meera Singh,11,33,385067.9,84898.18,22.05,305,709,305,1,High Value
CUST02641,Pooja Patil,15,42,384955.29,111947.47,29.08,306,150,306,1,High Value
CUST01582,Ananya Gupta,14,40,384851.18,108802.02,28.27,307,176,307,1,High Value
CUST03918,Vivaan Kumar,19,57,384839.18,69909.81,18.17,308,1524,308,1,High Value
CUST00774,Aarav Singh,12,41,384838.23,78140.25,20.3,309,1024,309,1,High Value
CUST00366,Rohan Shah,19,45,384445.54,81422.89,21.18,310,875,310,1,High Value
CUST05629,Rahul Singh,15,38,384282.87,114277.9,29.74,311,126,311,1,High Value
CUST03031,Sneha Deshmukh,17,47,384256.12,99380.91,25.86,312,307,312,1,High Value
CUST04761,Priya Patil,16,42,384251.44,92875.89,24.17,313,449,313,1,High Value
CUST04391,Amit Verma,15,35,384090.71,118706.5,30.91,314,85,314,1,High Value
CUST01183,Rohan Mhaske,11,32,384065.25,112227.87,29.22,315,145,315,1,High Value
CUST03722,Aarav Mhaske,17,39,383974.59,78410.81,20.42,316,1009,316,1,High Value
CUST05006,Pooja Shah,22,51,383770.65,89917.04,23.43,317,533,317,1,High Value
CUST04617,Amit Kumar,13,42,383638.4,85078.88,22.18,318,703,318,1,High Value
CUST05237,Neha Gupta,18,49,383280.03,100568.3,26.24,319,282,319,1,High Value
CUST02620,Amit Joshi,22,52,383219.43,120484.72,31.44,320,71,320,1,High Value
CUST02810,Rohan Deshmukh,15,40,383124.12,83327.36,21.75,321,772,321,1,High Value
CUST01725,Vivaan Shah,18,50,383019.33,84360.53,22.03,322,730,322,1,High Value
CUST03045,Kavya Joshi,17,41,382931.96,100681.45,26.29,323,281,323,1,High Value
CUST03867,Priya Singh,17,48,382641.98,98955.42,25.86,324,316,324,1,High Value
CUST04371,Kavya Nair,14,42,382468.94,100563.46,26.29,325,283,325,1,High Value
CUST05704,Aarav Nair,14,37,382277.39,84700.35,22.16,326,720,326,1,High Value
CUST00131,Vivaan Gupta,16,48,382252.71,87388.55,22.86,327,612,327,1,High Value
CUST04959,Meera Singh,21,51,382047.79,99191.68,25.96,328,310,328,1,High Value
CUST04944,Aditya Patil,14,42,381816.12,70588.0,18.49,329,1471,329,1,High Value
CUST01114,Priya Singh,15,39,381793.45,84463.36,22.12,330,727,330,1,High Value
CUST03129,Amit Mhaske,14,38,381057.0,88566.19,23.24,331,577,331,1,High Value
CUST04752,Pooja Joshi,18,46,381053.55,109239.03,28.67,332,174,332,1,High Value
CUST03411,Sneha Mhaske,17,47,380999.93,81444.03,21.38,333,874,333,1,High Value
CUST02946,Neha Mehta,20,57,380975.55,92875.58,24.38,334,450,334,1,High Value
CUST01080,Arjun Mehta,20,51,380464.64,76217.22,20.03,335,1127,335,1,High Value
CUST02517,Karan Mehta,14,41,380380.95,104465.6,27.46,336,231,336,1,High Value
CUST05201,Aarav Shah,21,42,380319.22,105356.28,27.7,337,217,337,1,High Value
CUST02125,Karan Joshi,14,41,380173.33,92609.5,24.36,338,457,338,1,High Value
CUST01393,Rahul Kumar,22,47,380131.21,100376.56,26.41,339,289,339,1,High Value
CUST00306,Rohan Kumar,13,45,380120.01,86520.11,22.76,340,642,340,1,High Value
CUST03518,Arjun Mhaske,23,50,379553.6,106285.2,28.0,341,199,341,1,High Value
CUST01508,Karan Shah,20,46,379441.23,102047.36,26.89,342,260,342,1,High Value
CUST05609,Ananya Nair,18,50,379341.83,96614.18,25.47,343,364,343,1,High Value
CUST00577,Meera Mehta,15,51,379316.04,85631.69,22.58,344,685,344,1,High Value
CUST00267,Rahul Joshi,17,49,379311.63,82777.84,21.82,345,800,345,1,High Value
CUST04447,Vivaan Sharma,19,42,379304.89,126347.78,33.31,346,49,346,1,High Value
CUST03815,Arjun Nair,15,36,379141.13,106191.69,28.01,347,202,347,1,High Value
CUST00894,Kavya Nair,18,36,378932.78,105854.85,27.93,348,206,348,1,High Value
CUST03636,Vivaan Shah,14,36,378695.87,89890.15,23.74,349,535,349,1,High Value
CUST04580,Neha Gupta,15,42,378599.95,114838.44,30.33,350,120,350,1,High Value
CUST01308,Isha Patil,14,41,378560.62,84840.34,22.41,351,710,351,1,High Value
CUST00875,Karan Patil,18,45,378472.14,107644.31,28.44,352,187,352,1,High Value
CUST02211,Amit Shah,20,48,378328.58,91557.72,24.2,353,489,353,1,High Value
CUST03718,Priya Gupta,15,48,378116.19,95254.75,25.19,354,394,354,1,High Value
CUST03512,Rohan Gupta,20,51,377702.82,100091.47,26.5,355,295,355,1,High Value
CUST02365,Rahul Verma,20,43,377518.11,97591.03,25.85,356,340,356,1,High Value
CUST04624,Arjun Nair,15,35,377365.68,110683.49,29.33,357,163,357,1,High Value
CUST03001,Aarav Nair,14,32,377286.07,91345.71,24.21,358,495,358,1,High Value
CUST00687,Sneha Shah,17,45,377285.54,96886.84,25.68,359,355,359,1,High Value
CUST00877,Aarav Singh,13,39,377188.97,107570.25,28.52,360,190,360,1,High Value
CUST04443,Arjun Mehta,16,43,377009.41,86079.57,22.83,361,661,361,1,High Value
CUST00098,Amit Patil,17,53,376981.15,112108.54,29.74,362,149,362,1,High Value
CUST00871,Karan Shah,18,46,376578.54,87194.19,23.15,363,618,363,1,High Value
CUST01932,Arjun Mehta,21,47,376460.61,77647.73,20.63,364,1045,364,1,High Value
CUST05487,Rahul Deshmukh,16,38,375960.07,101757.28,27.07,365,264,365,1,High Value
CUST02566,Neha Deshmukh,17,41,375588.93,88128.34,23.46,366,587,366,1,High Value
CUST02089,Pooja Gupta,22,46,375359.36,88003.83,23.45,367,591,367,1,High Value
CUST03357,Karan Kumar,22,61,375359.22,77674.84,20.69,368,1042,368,1,High Value
CUST01087,Isha Patil,19,50,375342.45,89705.97,23.9,369,541,369,1,High Value
CUST05768,Rohan Sharma,19,44,375243.57,87639.28,23.36,370,602,370,1,High Value
CUST03650,Sneha Kumar,17,44,374813.41,95703.68,25.53,371,386,371,1,High Value
CUST01606,Sneha Joshi,15,37,374790.94,109672.15,29.26,372,171,372,1,High Value
CUST02025,Rahul Sharma,17,44,374335.6,81009.61,21.64,373,888,373,1,High Value
CUST04232,Rohan Deshmukh,14,42,374273.85,91577.06,24.47,374,487,374,1,High Value
CUST02229,Amit Deshmukh,20,51,373774.58,91138.2,24.38,375,502,375,1,High Value
CUST00537,Aditya Shah,17,42,373661.2,97582.04,26.12,376,342,376,1,High Value
CUST05578,Amit Mhaske,16,48,373628.36,85701.03,22.94,377,680,377,1,High Value
CUST03552,Ananya Mhaske,13,35,373188.75,105808.09,28.35,378,207,378,1,High Value
CUST04850,Priya Singh,18,44,373170.56,89761.58,24.05,379,539,379,1,High Value
CUST02156,Meera Singh,17,47,373140.11,84730.39,22.71,380,715,380,1,High Value
CUST05105,Vivaan Mehta,19,46,373128.94,97105.99,26.02,381,352,381,1,High Value
CUST01035,Priya Nair,20,49,373103.04,105892.42,28.38,382,204,382,1,High Value
CUST04344,Arjun Patil,18,53,373101.97,76578.92,20.52,383,1100,383,1,High Value
CUST04506,Priya Verma,18,44,372849.58,89753.48,24.07,384,540,384,1,High Value
CUST04030,Priya Nair,22,41,372692.94,89667.56,24.06,385,543,385,1,High Value
CUST00586,Vivaan Verma,17,39,372680.16,84504.27,22.67,386,726,386,1,High Value
CUST01097,Priya Shah,17,35,372561.83,78829.73,21.16,387,984,387,1,High Value
CUST04563,Aditya Mehta,16,44,372394.21,98216.72,26.37,388,330,388,1,High Value
CUST05562,Neha Nair,17,42,372303.62,95220.63,25.58,389,397,389,1,High Value
CUST02104,Pooja Gupta,20,50,372225.6,75536.93,20.29,390,1161,390,1,High Value
CUST02249,Ananya Sharma,12,41,372005.33,77272.14,20.77,391,1064,391,1,High Value
CUST00279,Amit Verma,19,41,371911.12,83848.08,22.55,392,750,392,1,High Value
CUST01235,Pooja Kumar,15,33,371752.31,103991.65,27.97,393,234,393,1,High Value
CUST01911,Kavya Patil,17,41,371626.04,76560.25,20.6,394,1102,394,1,High Value
CUST00738,Pooja Patil,19,45,371100.74,77013.67,20.75,395,1078,395,1,High Value
CUST04436,Sneha Singh,15,40,370766.31,98495.54,26.57,396,324,396,1,High Value
CUST04011,Isha Shah,22,51,370731.76,81978.66,22.11,397,848,397,1,High Value
CUST01594,Ananya Verma,17,45,370557.01,92306.09,24.91,398,469,398,1,High Value
CUST00152,Isha Joshi,18,39,370521.62,77405.51,20.89,399,1056,399,1,High Value
CUST01234,Arjun Deshmukh,14,37,370476.8,98545.84,26.6,400,321,400,1,High Value
CUST01668,Vivaan Kumar,20,49,370120.45,102121.32,27.59,401,258,401,1,High Value
CUST03541,Kavya Nair,21,55,370051.52,103822.47,28.06,402,237,402,1,High Value
CUST04699,Amit Verma,11,40,369992.53,93923.42,25.39,403,423,403,1,High Value
CUST00598,Pooja Gupta,19,42,369843.59,90049.0,24.35,404,529,404,1,High Value
CUST00140,Pooja Kumar,16,43,369722.99,106545.99,28.82,405,198,405,1,High Value
CUST02600,Kavya Gupta,13,37,369707.61,86737.76,23.46,406,629,406,1,High Value
CUST00031,Aditya Deshmukh,20,49,369592.95,84127.38,22.76,407,734,407,1,High Value
CUST05563,Isha Shah,16,47,369461.17,93576.81,25.33,408,434,408,1,High Value
CUST02957,Rahul Sharma,15,36,369447.94,88660.87,24.0,409,571,409,1,High Value
CUST00074,Rohan Gupta,20,39,369434.19,86478.49,23.41,410,644,410,1,High Value
CUST04213,Aditya Deshmukh,9,34,369241.93,96427.46,26.11,411,369,411,1,High Value
CUST02306,Rahul Sharma,14,42,368901.41,111614.83,30.26,412,155,412,1,High Value
CUST02721,Aarav Gupta,19,44,368645.43,99090.95,26.88,413,311,413,1,High Value
CUST03033,Rahul Singh,22,55,368536.56,92800.86,25.18,414,453,414,1,High Value
CUST01294,Priya Gupta,13,45,368417.07,104807.79,28.45,415,229,415,1,High Value
CUST05441,Priya Sharma,14,41,368171.65,99975.09,27.15,416,298,416,1,High Value
CUST00435,Aarav Gupta,16,41,368115.52,102581.36,27.87,417,253,417,1,High Value
CUST02998,Amit Deshmukh,12,41,367914.03,102313.38,27.81,418,256,418,1,High Value
CUST03999,Meera Kumar,15,41,367828.32,90944.16,24.72,419,508,419,1,High Value
CUST04887,Ananya Patil,16,42,367614.22,73145.87,19.9,420,1310,420,1,High Value
CUST00467,Sneha Patil,16,50,367437.69,111836.75,30.44,421,152,421,1,High Value
CUST00427,Neha Singh,15,37,367304.44,90908.65,24.75,422,509,422,1,High Value
CUST05597,Isha Gupta,15,32,367242.68,86952.81,23.68,423,623,423,1,High Value
CUST05001,Isha Gupta,14,40,367117.5,86732.51,23.63,424,630,424,1,High Value
CUST05117,Priya Joshi,16,53,366984.94,94116.58,25.65,425,417,425,1,High Value
CUST03203,Sneha Sharma,16,38,366212.51,84142.52,22.98,426,733,426,1,High Value
CUST05681,Sneha Kumar,16,49,365797.21,73633.64,20.13,427,1280,427,1,High Value
CUST00186,Amit Kumar,14,33,365623.0,85134.24,23.28,428,701,428,1,High Value
CUST00879,Priya Patil,14,36,365466.6,101693.15,27.83,429,265,429,1,High Value
CUST00595,Isha Mehta,13,32,365071.7,96689.84,26.49,430,362,430,1,High Value
CUST03168,Sneha Sharma,20,46,364943.78,82389.75,22.58,431,822,431,1,High Value
CUST04376,Sneha Kumar,18,47,364743.05,82215.46,22.54,432,833,432,1,High Value
CUST04469,Ananya Patil,15,44,364544.32,65693.63,18.02,433,1838,433,1,High Value
CUST01916,Sneha Patil,14,36,364479.84,82066.52,22.52,434,843,434,1,High Value
CUST03574,Priya Mhaske,15,34,364295.95,85215.16,23.39,435,698,435,1,High Value
CUST02637,Sneha Shah,13,41,364265.23,94855.27,26.04,436,405,436,1,High Value
CUST02813,Neha Nair,16,50,364155.78,76776.18,21.08,437,1089,437,1,High Value
CUST02939,Karan Patil,15,39,363979.22,105207.57,28.9,438,220,438,1,High Value
CUST01988,Priya Mhaske,14,43,363592.25,99070.48,27.25,439,313,439,1,High Value
CUST02122,Rahul Mhaske,14,42,363495.7,95214.37,26.19,440,398,440,1,High Value
CUST03302,Rahul Gupta,17,43,363450.03,94887.68,26.11,441,404,441,1,High Value
CUST01723,Rohan Nair,16,42,363414.33,105057.74,28.91,442,225,442,1,High Value
CUST04880,Meera Joshi,17,42,363389.22,96810.5,26.64,443,357,443,1,High Value
CUST00465,Ananya Nair,19,41,363268.53,106237.77,29.24,444,200,444,1,High Value
CUST00228,Kavya Shah,19,47,362984.07,87899.18,24.22,445,596,445,1,High Value
CUST05587,Vivaan Singh,14,39,362554.65,87800.42,24.22,446,597,446,1,High Value
CUST02547,Aditya Verma,21,55,362445.55,85699.09,23.64,447,681,447,1,High Value
CUST01634,Pooja Singh,22,52,362161.67,86655.25,23.93,448,633,448,1,High Value
CUST02891,Isha Singh,19,47,362027.47,75267.78,20.79,449,1187,449,1,High Value
CUST00223,Vivaan Mehta,13,33,361864.0,116200.39,32.11,450,106,450,1,High Value
CUST01471,Karan Mhaske,17,46,361560.24,106832.13,29.55,451,196,451,1,High Value
CUST05908,Vivaan Sharma,19,48,361008.51,85030.7,23.55,452,705,452,1,High Value
CUST04861,Aditya Shah,19,55,360926.84,94891.13,26.29,453,402,453,1,High Value
CUST04285,Rahul Gupta,19,53,360835.05,82401.68,22.84,454,821,454,1,High Value
CUST05264,Rohan Gupta,14,45,360818.38,98987.92,27.43,455,315,455,1,High Value
CUST01687,Ananya Mehta,14,47,360486.27,78942.93,21.9,456,979,456,1,High Value
CUST00642,Pooja Verma,18,46,360241.97,103216.49,28.65,457,243,457,1,High Value
CUST05085,Priya Singh,14,40,360150.91,76444.64,21.23,458,1110,458,1,High Value
CUST00520,Rahul Mehta,17,40,360118.8,105513.62,29.3,459,214,459,1,High Value
CUST04866,Karan Joshi,19,42,360108.98,112674.79,31.29,460,139,460,1,High Value
CUST01072,Isha Kumar,17,34,359963.8,98387.26,27.33,461,327,461,1,High Value
CUST03917,Sneha Nair,18,42,359806.87,88607.48,24.63,462,574,462,1,High Value
CUST05937,Vivaan Singh,11,36,359726.17,96050.43,26.7,463,375,463,1,High Value
CUST03282,Rahul Joshi,12,41,359660.68,87939.4,24.45,464,593,464,1,High Value
CUST04431,Arjun Sharma,16,45,359563.36,77880.39,21.66,465,1033,465,1,High Value
CUST00386,Rahul Patil,20,44,359380.43,94056.21,26.17,466,420,466,1,High Value
CUST04498,Neha Gupta,17,43,359292.68,88591.6,24.66,467,575,467,1,High Value
CUST03295,Rahul Gupta,18,52,359260.48,74249.03,20.67,468,1246,468,1,High Value
CUST04304,Aarav Gupta,16,47,359073.65,100389.09,27.96,469,287,469,1,High Value
CUST02612,Karan Shah,14,34,358817.97,97546.45,27.19,470,343,470,1,High Value
CUST03392,Karan Gupta,19,56,358793.37,62264.43,17.35,471,2132,471,1,High Value
CUST00295,Meera Kumar,13,29,358777.42,80941.32,22.56,472,892,472,1,High Value
CUST01154,Arjun Kumar,18,44,358678.91,105759.45,29.49,473,210,473,1,High Value
CUST05631,Aarav Mhaske,14,35,358566.74,111656.98,31.14,474,154,474,1,High Value
CUST04198,Aditya Nair,18,41,358512.23,77108.72,21.51,475,1069,475,1,High Value
CUST01598,Kavya Gupta,17,50,358417.24,87579.32,24.44,476,604,476,1,High Value
CUST04820,Karan Singh,12,35,358379.16,102327.77,28.55,477,255,477,1,High Value
CUST02206,Ananya Gupta,19,50,358272.99,104883.76,29.27,478,228,478,1,High Value
CUST03511,Rohan Gupta,14,35,358263.86,93364.99,26.06,479,437,479,1,High Value
CUST03713,Rohan Shah,19,44,358227.27,83865.15,23.41,480,749,480,1,High Value
CUST01768,Priya Kumar,17,48,358180.44,81174.54,22.66,481,882,481,1,High Value
CUST04554,Isha Mhaske,16,45,358033.53,76296.83,21.31,482,1123,482,1,High Value
CUST05080,Pooja Shah,14,36,357992.16,105798.62,29.55,483,208,483,1,High Value
CUST04811,Aditya Verma,13,36,357779.46,81955.48,22.91,484,851,484,1,High Value
CUST04409,Rahul Joshi,17,47,357626.49,95695.58,26.76,485,387,485,1,High Value
CUST03611,Karan Deshmukh,21,54,357556.53,81102.0,22.68,486,883,486,1,High Value
CUST02750,Aditya Mhaske,15,44,357283.43,74378.91,20.82,487,1238,487,1,High Value
CUST01214,Pooja Sharma,15,44,357226.95,68654.8,19.22,488,1622,488,1,High Value
CUST01211,Amit Deshmukh,14,39,357159.8,95597.71,26.77,489,388,489,1,High Value
CUST04832,Aditya Kumar,18,45,356995.45,79575.9,22.29,490,953,490,1,High Value
CUST01839,Rohan Gupta,15,50,356780.45,84546.98,23.7,491,725,491,1,High Value
CUST00162,Neha Sharma,16,47,356746.48,85825.31,24.06,492,677,492,1,High Value
CUST04916,Isha Verma,17,43,356732.21,101400.03,28.42,493,268,493,1,High Value
CUST00203,Amit Patil,15,38,356180.65,108603.65,30.49,494,181,494,1,High Value
CUST01396,Karan Nair,18,50,356024.4,98757.94,27.74,495,319,495,1,High Value
CUST01240,Karan Joshi,9,38,355455.83,100012.36,28.14,496,296,496,1,High Value
CUST04908,Sneha Joshi,20,54,355371.35,92686.61,26.08,497,454,497,1,High Value
CUST04209,Rohan Sharma,14,35,355225.57,92310.13,25.99,498,468,498,1,High Value
CUST05572,Kavya Deshmukh,13,31,355175.72,81379.39,22.91,499,877,499,1,High Value
CUST02900,Aarav Joshi,17,42,354930.01,102201.78,28.79,500,257,500,1,High Value
CUST04282,Vivaan Shah,14,39,354739.68,84412.09,23.8,501,729,501,1,High Value
CUST01500,Rohan Kumar,12,39,354587.84,107626.38,30.35,502,188,502,1,High Value
CUST01257,Vivaan Nair,16,44,354444.49,100091.94,28.24,503,294,503,1,High Value
CUST00385,Kavya Deshmukh,16,36,354035.52,95304.44,26.92,504,392,504,1,High Value
CUST03735,Ananya Mhaske,19,57,353991.01,82475.41,23.3,505,813,505,1,High Value
CUST00739,Rahul Sharma,11,32,353943.37,84712.06,23.93,506,718,506,1,High Value
CUST04459,Aditya Sharma,19,43,353867.46,87933.69,24.85,507,594,507,1,High Value
CUST04732,Vivaan Mehta,10,31,353640.04,98524.91,27.86,508,323,508,1,High Value
CUST05101,Priya Shah,16,49,353636.62,82241.51,23.26,509,832,509,1,High Value
CUST00466,Ananya Gupta,17,41,353589.96,64291.36,18.18,510,1966,510,1,High Value
CUST05537,Arjun Kumar,16,38,353540.39,93110.08,26.34,511,443,511,1,High Value
CUST04562,Rahul Deshmukh,14,46,353287.88,80736.36,22.85,512,905,512,1,High Value
CUST03027,Kavya Kumar,20,50,353244.14,76068.37,21.53,513,1133,513,1,High Value
CUST04935,Ananya Gupta,16,44,353138.83,92607.44,26.22,514,459,514,1,High Value
CUST02016,Pooja Singh,16,43,353137.47,89984.35,25.48,515,530,515,1,High Value
CUST01998,Priya Gupta,12,37,352803.56,93304.97,26.45,516,438,516,1,High Value
CUST00275,Pooja Mhaske,14,42,352751.71,60442.74,17.13,517,2281,517,1,High Value
CUST05213,Rahul Singh,18,48,352749.56,91834.89,26.03,518,478,518,1,High Value
CUST04069,Neha Singh,11,36,352664.32,88644.6,25.14,519,573,519,1,High Value
CUST01540,Aarav Mhaske,16,40,352534.32,103126.76,29.25,520,246,520,1,High Value
CUST05514,Priya Gupta,21,50,352077.99,90612.82,25.74,521,519,521,1,High Value
CUST02214,Aditya Joshi,14,42,351785.32,101382.09,28.82,522,269,522,1,High Value
CUST01672,Sneha Deshmukh,18,35,351578.31,73106.91,20.79,523,1314,523,1,High Value
CUST01492,Isha Verma,9,35,351565.85,81048.94,23.05,524,885,524,1,High Value
CUST03914,Aditya Mhaske,16,45,351318.63,93747.72,26.68,525,428,525,1,High Value
CUST04983,Meera Verma,15,40,351222.23,95725.69,27.26,526,385,526,1,High Value
CUST04948,Meera Gupta,15,42,351207.8,79393.43,22.61,527,959,527,1,High Value
CUST00311,Aditya Joshi,12,36,350565.08,108686.68,31.0,528,179,528,1,High Value
CUST03780,Amit Sharma,17,48,350499.71,76672.42,21.88,529,1093,529,1,High Value
CUST03677,Amit Singh,17,41,350230.3,92057.21,26.28,530,475,530,1,High Value
CUST02496,Ananya Deshmukh,12,35,350228.35,118020.08,33.7,531,94,531,1,High Value
CUST05763,Priya Verma,19,54,350185.86,86033.52,24.57,532,665,532,1,High Value
CUST02921,Vivaan Mhaske,15,37,350078.04,83554.96,23.87,533,761,533,1,High Value
CUST02781,Aarav Gupta,18,35,350075.76,96790.7,27.65,534,360,534,1,High Value
CUST01513,Rohan Patil,18,42,349851.89,95946.84,27.42,535,376,535,1,High Value
CUST04774,Aarav Verma,17,40,349786.29,97747.93,27.95,536,338,536,1,High Value
CUST03038,Vivaan Kumar,13,37,349736.4,82991.84,23.73,537,792,537,1,High Value
CUST01507,Vivaan Kumar,14,48,349672.51,83900.85,23.99,538,745,538,1,High Value
CUST05900,Karan Patil,19,44,349583.94,82459.07,23.59,539,815,539,1,High Value
CUST03813,Meera Sharma,16,43,349326.2,106892.74,30.6,540,195,540,1,High Value
CUST00806,Aditya Gupta,21,58,349282.11,76999.92,22.05,541,1079,541,1,High Value
CUST01348,Isha Sharma,16,41,349241.11,77430.99,22.17,542,1055,542,1,High Value
CUST00479,Priya Verma,13,39,348548.88,95361.87,27.36,543,391,543,1,High Value
CUST01138,Priya Shah,12,29,348525.31,83536.22,23.97,544,762,544,1,High Value
CUST00232,Isha Sharma,19,42,348432.92,82574.26,23.7,545,809,545,1,High Value
CUST02424,Vivaan Sharma,13,38,348249.5,65455.13,18.8,546,1861,546,1,High Value
CUST04083,Karan Kumar,12,34,348210.18,105124.23,30.19,547,223,547,1,High Value
CUST02805,Aarav Patil,18,48,348155.22,91227.21,26.2,548,497,548,1,High Value
CUST03317,Aditya Mhaske,15,41,348060.49,78788.17,22.64,549,988,549,1,High Value
CUST05810,Aditya Mehta,19,51,347905.81,86402.21,24.83,550,647,550,1,High Value
CUST05800,Aditya Mhaske,16,44,347885.38,82539.0,23.73,551,812,551,1,High Value
CUST05745,Sneha Nair,17,46,347861.02,100831.59,28.99,552,280,552,1,High Value
CUST04790,Kavya Joshi,20,55,347721.94,78477.87,22.57,553,1004,553,1,High Value
CUST00581,Kavya Kumar,16,43,347684.53,71293.47,20.51,554,1426,554,1,High Value
CUST04385,Neha Verma,14,39,347567.0,111301.25,32.02,555,160,555,1,High Value
CUST00784,Isha Deshmukh,20,44,347507.76,81644.93,23.49,556,861,556,1,High Value
CUST05716,Vivaan Verma,16,41,347494.28,98060.61,28.22,557,333,557,1,High Value
CUST00521,Vivaan Nair,18,47,347426.27,68734.52,19.78,558,1614,558,1,High Value
CUST02544,Priya Deshmukh,17,41,347242.58,87515.13,25.2,559,607,559,1,High Value
CUST03656,Amit Mehta,14,42,346726.78,69430.05,20.02,560,1559,560,1,High Value
CUST00845,Priya Singh,15,40,346696.84,100506.86,28.99,561,285,561,1,High Value
CUST05301,Karan Patil,20,48,346648.36,81470.45,23.5,562,872,562,1,High Value
CUST04307,Rahul Gupta,13,36,346540.56,91726.36,26.47,563,482,563,1,High Value
CUST02774,Isha Shah,16,34,346455.38,95794.33,27.65,564,383,564,1,High Value
CUST00554,Priya Shah,15,34,346375.81,84117.97,24.29,565,737,565,1,High Value
CUST03584,Priya Nair,14,46,346286.23,99869.3,28.84,566,300,566,1,High Value
CUST04724,Neha Shah,18,50,346171.42,82563.05,23.85,567,810,567,1,High Value
CUST02831,Rohan Verma,14,39,345798.37,68554.5,19.82,568,1634,568,1,High Value
CUST02000,Isha Mehta,17,35,345513.01,73851.17,21.37,569,1265,569,1,High Value
CUST01670,Meera Gupta,15,40,345483.32,99073.71,28.68,570,312,570,1,High Value
CUST02279,Sneha Nair,14,31,345462.88,94133.99,27.25,571,415,571,1,High Value
CUST03888,Vivaan Kumar,17,45,345436.72,92366.63,26.74,572,467,572,1,High Value
CUST01618,Rohan Patil,14,38,345436.16,109457.43,31.69,573,172,573,1,High Value
CUST02246,Vivaan Mhaske,17,39,345421.02,97432.91,28.21,574,344,574,1,High Value
CUST05385,Ananya Mhaske,18,37,345388.09,84999.19,24.61,575,707,575,1,High Value
CUST01506,Meera Singh,14,33,345290.76,114841.46,33.26,576,119,576,1,High Value
CUST02069,Karan Singh,19,49,345266.81,78830.17,22.83,577,983,577,1,High Value
CUST01981,Amit Kumar,16,40,344916.68,111229.37,32.25,578,162,578,1,High Value
CUST01179,Kavya Joshi,17,41,344830.33,98542.54,28.58,579,322,579,1,High Value
CUST00197,Aarav Mehta,17,46,344709.55,77987.21,22.62,580,1027,580,1,High Value
CUST00900,Pooja Kumar,16,42,344496.71,78163.17,22.69,581,1022,581,1,High Value
CUST03429,Kavya Verma,18,40,344350.35,83199.57,24.16,582,783,582,1,High Value
CUST03004,Kavya Gupta,15,36,344238.43,91650.65,26.62,583,484,583,1,High Value
CUST02330,Isha Kumar,16,45,344120.65,71453.16,20.76,584,1413,584,1,High Value
CUST05660,Neha Patil,15,36,344105.28,88240.07,25.64,585,584,585,1,High Value
CUST01365,Priya Joshi,12,37,343830.67,63670.99,18.52,586,2010,586,1,High Value
CUST02593,Rahul Gupta,14,31,343651.71,90646.82,26.38,587,518,587,1,High Value
CUST03296,Karan Verma,19,44,343590.5,84682.38,24.65,588,722,588,1,High Value
CUST02690,Pooja Patil,13,32,343571.32,91104.8,26.52,589,503,589,1,High Value
CUST05266,Vivaan Mhaske,13,36,343560.19,94578.28,27.53,590,409,590,1,High Value
CUST04567,Sneha Gupta,23,58,343509.7,76036.23,22.14,591,1137,591,1,High Value
CUST05809,Rohan Mhaske,15,31,343465.95,87274.31,25.41,592,615,592,1,High Value
CUST04784,Karan Shah,20,50,343465.8,70563.09,20.54,593,1477,593,1,High Value
CUST01350,Arjun Mhaske,20,61,343406.64,73545.02,21.42,594,1287,594,1,High Value
CUST00458,Neha Mehta,18,51,343352.15,92972.12,27.08,595,446,595,1,High Value
CUST05422,Rahul Deshmukh,13,32,343300.68,80542.57,23.46,596,913,596,1,High Value
CUST03622,Aditya Shah,15,47,343281.36,70075.96,20.41,597,1514,597,1,High Value
CUST05603,Arjun Gupta,17,51,343230.93,86297.64,25.14,598,650,598,1,High Value
CUST05126,Kavya Gupta,15,37,343224.54,84228.94,24.54,599,731,599,1,High Value
CUST04584,Rahul Gupta,16,39,343163.91,85061.2,24.79,600,704,600,1,High Value
CUST00153,Vivaan Mhaske,17,38,342996.84,71190.88,20.76,601,1432,601,1,High Value
CUST03639,Ananya Gupta,15,42,342840.38,86895.49,25.35,602,624,602,1,High Value
CUST01580,Aditya Mhaske,16,43,342812.57,75794.53,22.11,603,1145,603,1,High Value
CUST05581,Aditya Kumar,15,31,342763.08,68650.33,20.03,604,1623,604,1,High Value
CUST03210,Neha Verma,13,36,342606.59,76310.76,22.27,605,1121,605,1,High Value
CUST00527,Priya Verma,13,34,342489.2,99832.48,29.15,606,301,606,1,High Value
CUST01586,Karan Patil,15,41,342260.33,105295.48,30.76,607,218,607,1,High Value
CUST01591,Neha Joshi,12,41,342230.55,82459.76,24.09,608,814,608,1,High Value
CUST03613,Rahul Deshmukh,13,35,341857.91,60548.45,17.71,609,2274,609,1,High Value
CUST01175,Karan Shah,21,46,341689.63,92295.78,27.01,610,470,610,1,High Value
CUST02489,Priya Sharma,16,36,341689.6,94716.21,27.72,611,407,611,1,High Value
CUST00668,Amit Nair,14,35,341667.16,82155.94,24.05,612,836,612,1,High Value
CUST03968,Vivaan Kumar,19,44,341315.35,76788.42,22.5,613,1088,613,1,High Value
CUST04882,Aarav Sharma,18,47,341296.76,75790.72,22.21,614,1146,614,1,High Value
CUST02319,Vivaan Deshmukh,19,50,341212.29,70567.57,20.68,615,1475,615,1,High Value
CUST03912,Vivaan Deshmukh,15,39,341181.55,108327.21,31.75,616,183,616,1,High Value
CUST01374,Kavya Singh,18,47,341147.03,82067.88,24.06,617,842,617,1,High Value
CUST02878,Arjun Mehta,17,40,341078.26,81278.2,23.83,618,880,618,1,High Value
CUST04823,Rahul Nair,16,45,341030.06,88682.81,26.0,619,569,619,1,High Value
CUST03595,Aarav Mehta,17,48,340982.77,60808.69,17.83,620,2249,620,1,High Value
CUST03227,Meera Shah,13,39,340889.82,84127.33,24.68,621,735,621,1,High Value
CUST04261,Amit Deshmukh,13,39,340888.57,83190.52,24.4,622,785,622,1,High Value
CUST05376,Rohan Gupta,17,43,340622.45,75602.37,22.2,623,1159,623,1,High Value
CUST02261,Aarav Nair,13,34,340342.11,80924.56,23.78,624,894,624,1,High Value
CUST00566,Sneha Singh,19,35,340307.45,95882.1,28.18,625,377,625,1,High Value
CUST05265,Isha Mehta,16,37,340231.09,77793.96,22.87,626,1039,626,1,High Value
CUST02073,Ananya Mhaske,15,35,340204.15,94139.93,27.67,627,414,627,1,High Value
CUST00413,Kavya Mhaske,16,42,340194.75,82647.46,24.29,628,806,628,1,High Value
CUST00205,Meera Patil,15,40,340132.2,78876.02,23.19,629,981,629,1,High Value
CUST02829,Vivaan Singh,18,46,340050.71,83477.82,24.55,630,765,630,1,High Value
CUST00240,Sneha Verma,14,46,340044.74,89490.26,26.32,631,547,631,1,High Value
CUST04247,Sneha Gupta,18,37,339906.91,99752.16,29.35,632,303,632,1,High Value
CUST00725,Amit Mhaske,19,42,339847.77,84749.59,24.94,633,714,633,1,High Value
CUST01059,Vivaan Sharma,15,40,339804.98,83258.64,24.5,634,778,634,1,High Value
CUST05645,Kavya Shah,13,34,339778.35,84034.35,24.73,635,740,635,1,High Value
CUST02913,Rahul Mhaske,20,50,339765.8,90306.44,26.58,636,525,636,1,High Value
CUST01607,Ananya Patil,17,39,339679.52,73277.98,21.57,637,1304,637,1,High Value
CUST05342,Kavya Gupta,19,42,339550.52,77695.25,22.88,638,1041,638,1,High Value
CUST00328,Rohan Patil,18,41,339453.94,93612.49,27.58,639,431,639,1,High Value
CUST00235,Rohan Shah,13,35,339418.17,94953.12,27.98,640,400,640,1,High Value
CUST03147,Sneha Verma,17,41,339407.63,87513.84,25.78,641,608,641,1,High Value
CUST01795,Kavya Verma,15,40,339332.13,99538.65,29.33,642,306,642,1,High Value
CUST03440,Ananya Nair,16,40,339327.08,80761.09,23.8,643,903,643,1,High Value
CUST00899,Neha Mhaske,18,43,339313.9,73920.93,21.79,644,1261,644,1,High Value
CUST00069,Aarav Gupta,16,38,339072.74,67868.95,20.02,645,1688,645,1,High Value
CUST01472,Ananya Sharma,16,43,339062.7,89064.46,26.27,646,556,646,1,High Value
CUST04144,Arjun Deshmukh,16,36,338970.39,96871.92,28.58,647,356,647,1,High Value
CUST05732,Aarav Mehta,16,39,338566.03,100269.15,29.62,648,292,648,1,High Value
CUST05588,Ananya Sharma,14,32,338559.48,73938.83,21.84,649,1259,649,1,High Value
CUST00991,Kavya Nair,19,43,338445.96,65374.3,19.32,650,1868,650,1,High Value
CUST05217,Isha Sharma,13,37,338295.81,63496.44,18.77,651,2021,651,1,High Value
CUST04326,Meera Patil,15,39,338291.96,62584.37,18.5,652,2104,652,1,High Value
CUST03496,Ananya Patil,16,41,338160.79,71213.12,21.06,653,1431,653,1,High Value
CUST05881,Amit Verma,18,44,338129.58,75439.57,22.31,654,1172,654,1,High Value
CUST02287,Rohan Mhaske,16,43,338089.93,76059.5,22.5,655,1135,655,1,High Value
CUST00277,Aditya Mhaske,14,36,338054.22,71899.23,21.27,656,1389,656,1,High Value
CUST05418,Ananya Mhaske,13,43,338009.49,90775.85,26.86,657,513,657,1,High Value
CUST00724,Neha Deshmukh,15,36,337990.33,87949.49,26.02,658,592,658,1,High Value
CUST02809,Sneha Patil,16,41,337739.83,74831.98,22.16,659,1205,659,1,High Value
CUST05561,Aditya Deshmukh,14,34,337736.12,88087.44,26.08,660,588,660,1,High Value
CUST00117,Meera Singh,11,34,337724.18,101275.44,29.99,661,273,661,1,High Value
CUST01229,Sneha Joshi,15,38,337716.22,95845.15,28.38,662,379,662,1,High Value
CUST00195,Meera Deshmukh,18,43,337674.81,73753.86,21.84,663,1275,663,1,High Value
CUST04166,Meera Nair,12,41,337519.73,83971.89,24.88,664,742,664,1,High Value
CUST01387,Vivaan Mhaske,15,43,337491.89,70169.43,20.79,665,1505,665,1,High Value
CUST04974,Ananya Deshmukh,13,32,337174.44,75511.57,22.4,666,1165,666,1,High Value
CUST00940,Arjun Deshmukh,15,40,337058.75,76037.83,22.56,667,1136,667,1,High Value
CUST03156,Rahul Verma,15,37,336998.68,92658.12,27.5,668,455,668,1,High Value
CUST01381,Rohan Joshi,21,44,336967.8,75510.68,22.41,669,1166,669,1,High Value
CUST00096,Sneha Kumar,16,37,336925.98,89225.2,26.48,670,552,670,1,High Value
CUST04170,Arjun Deshmukh,13,37,336866.98,100192.33,29.74,671,293,671,1,High Value
CUST01510,Neha Kumar,17,39,336727.47,102635.12,30.48,672,252,672,1,High Value
CUST03606,Aarav Nair,16,45,336611.48,97256.98,28.89,673,347,673,1,High Value
CUST02796,Rahul Gupta,17,37,336434.55,95861.82,28.49,674,378,674,1,High Value
CUST02332,Neha Shah,14,35,336384.29,70009.03,20.81,675,1518,675,1,High Value
CUST05634,Pooja Gupta,15,37,336323.67,90763.14,26.99,676,515,676,1,High Value
CUST04727,Ananya Sharma,17,39,336315.09,72558.57,21.57,677,1342,677,1,High Value
CUST05291,Sneha Nair,14,36,336110.84,96447.42,28.7,678,368,678,1,High Value
CUST04042,Rahul Sharma,18,37,336101.88,93678.3,27.87,679,430,679,1,High Value
CUST01474,Kavya Patil,13,39,335785.03,70202.43,20.91,680,1502,680,1,High Value
CUST05009,Arjun Sharma,13,39,335770.13,103284.51,30.76,681,242,681,1,High Value
CUST03153,Isha Kumar,19,48,335715.06,75329.69,22.44,682,1181,682,1,High Value
CUST04080,Amit Shah,18,42,335649.73,86555.35,25.79,683,639,683,1,High Value
CUST05390,Arjun Mhaske,19,39,335640.07,78666.57,23.44,684,995,684,1,High Value
CUST04100,Aditya Kumar,15,34,335502.19,84786.78,25.27,685,711,685,1,High Value
CUST05843,Pooja Kumar,13,41,335457.17,83832.44,24.99,686,751,686,1,High Value
CUST00281,Priya Shah,17,40,335452.95,84773.23,25.27,687,712,687,1,High Value
CUST04449,Ananya Mehta,12,34,335432.4,88207.74,26.3,688,585,688,1,High Value
CUST01698,Pooja Patil,12,34,335331.41,84041.96,25.06,689,739,689,1,High Value
CUST01274,Priya Nair,18,48,335324.85,66990.0,19.98,690,1752,690,1,High Value
CUST04547,Neha Mehta,12,29,335271.75,103064.1,30.74,691,247,691,1,High Value
CUST01460,Neha Gupta,17,46,335249.08,101834.85,30.38,692,262,692,1,High Value
CUST01417,Priya Verma,13,39,335216.74,94225.28,28.11,693,413,693,1,High Value
CUST01419,Vivaan Kumar,17,39,335113.81,75613.88,22.56,694,1156,694,1,High Value
CUST01959,Rohan Shah,11,37,335104.58,71452.58,21.32,695,1414,695,1,High Value
CUST04914,Neha Verma,17,37,335005.33,85970.13,25.66,696,669,696,1,High Value
CUST00161,Isha Mehta,13,30,334958.09,96498.65,28.81,697,365,697,1,High Value
CUST03054,Amit Joshi,15,36,334867.95,69922.79,20.88,698,1523,698,1,High Value
CUST05952,Vivaan Deshmukh,15,35,334684.06,74597.08,22.29,699,1224,699,1,High Value
CUST03658,Aarav Mehta,18,39,334656.29,96810.33,28.93,700,358,700,1,High Value
CUST04894,Aditya Deshmukh,14,35,334559.46,75664.83,22.62,701,1151,701,1,High Value
CUST05384,Amit Mhaske,16,43,334550.11,76466.43,22.86,702,1109,702,1,High Value
CUST01149,Ananya Patil,20,46,334466.77,68031.65,20.34,703,1675,703,1,High Value
CUST02940,Aditya Verma,13,29,334273.73,109906.93,32.88,704,169,704,1,High Value
CUST04071,Karan Joshi,16,41,333848.9,68527.13,20.53,705,1635,705,1,High Value
CUST00105,Meera Joshi,16,37,333655.63,88823.42,26.62,706,565,706,1,High Value
CUST04718,Vivaan Shah,14,43,333559.14,83232.7,24.95,707,781,707,1,High Value
CUST03642,Isha Singh,17,51,333244.98,70910.59,21.28,708,1456,708,1,High Value
CUST04337,Aarav Deshmukh,13,36,333201.39,100866.67,30.27,709,279,709,1,High Value
CUST03686,Rohan Mhaske,15,39,333133.38,90792.88,27.25,710,511,710,1,High Value
CUST02502,Rahul Deshmukh,14,31,333058.56,91860.64,27.58,711,477,711,1,High Value
CUST04999,Isha Gupta,16,46,333034.08,62134.87,18.66,712,2139,712,1,High Value
CUST03857,Arjun Singh,19,45,332932.08,85237.89,25.6,713,696,713,1,High Value
CUST03215,Sneha Mehta,20,53,332920.34,77330.36,23.23,714,1060,714,1,High Value
CUST04221,Rahul Nair,18,41,332767.95,73837.58,22.19,715,1266,715,1,High Value
CUST03869,Ananya Verma,16,42,332357.41,72437.1,21.79,716,1349,716,1,High Value
CUST05849,Meera Patil,17,39,332292.0,64655.01,19.46,717,1924,717,1,High Value
CUST03142,Vivaan Mhaske,19,39,332057.93,81519.28,24.55,718,868,718,1,High Value
CUST05457,Meera Verma,14,39,332001.18,81510.92,24.55,719,870,719,1,High Value
CUST00190,Neha Nair,18,43,331973.74,85661.35,25.8,720,684,720,1,High Value
CUST02290,Aarav Sharma,11,35,331939.18,89395.69,26.93,721,548,721,1,High Value
CUST03334,Aditya Gupta,20,46,331905.79,82304.28,24.8,722,831,722,1,High Value
CUST05882,Aarav Gupta,18,49,331605.23,87924.57,26.51,723,595,723,1,High Value
CUST01997,Kavya Joshi,17,44,331588.49,93294.33,28.14,724,439,724,1,High Value
CUST05470,Meera Joshi,11,33,331586.85,82348.44,24.83,725,828,725,1,High Value
CUST04017,Aarav Shah,16,46,331499.47,99705.52,30.08,726,304,726,1,High Value
CUST05461,Vivaan Kumar,18,40,331398.79,67012.18,20.22,727,1751,727,1,High Value
CUST04283,Kavya Singh,10,31,331363.43,79203.16,23.9,728,968,728,1,High Value
CUST03906,Amit Singh,20,41,331268.18,80067.13,24.17,729,937,729,1,High Value
CUST04559,Pooja Mhaske,17,47,331183.85,93748.67,28.31,730,427,730,1,High Value
CUST04067,Vivaan Mehta,14,44,330880.0,77314.88,23.37,731,1062,731,1,High Value
CUST00906,Pooja Deshmukh,12,34,330856.6,83444.15,25.22,732,767,732,1,High Value
CUST03293,Isha Mehta,16,39,330652.81,98173.88,29.69,733,331,733,1,High Value
CUST05962,Rahul Kumar,19,41,330575.22,82433.97,24.94,734,818,734,1,High Value
CUST02627,Meera Patil,19,52,330417.42,71853.77,21.75,735,1393,735,1,High Value
CUST00843,Isha Mhaske,9,27,330349.93,67858.15,20.54,736,1690,736,1,High Value
CUST03020,Isha Patil,16,36,330295.9,79157.07,23.97,737,971,737,1,High Value
CUST02982,Meera Deshmukh,12,30,330257.51,89177.81,27.0,738,554,738,1,High Value
CUST04679,Aditya Sharma,17,41,330096.25,87733.68,26.58,739,600,739,1,High Value
CUST03179,Aarav Gupta,13,38,330089.7,81923.91,24.82,740,853,740,1,High Value
CUST01619,Karan Verma,15,38,330086.28,104710.44,31.72,741,230,741,1,High Value
CUST02441,Priya Mehta,20,42,329920.78,68015.81,20.62,742,1676,742,1,High Value
CUST04762,Karan Deshmukh,13,39,329903.25,95562.35,28.97,743,389,743,1,High Value
CUST02615,Rohan Mhaske,15,40,329846.84,78450.89,23.78,744,1006,744,1,High Value
CUST01648,Kavya Patil,18,49,329730.71,98616.46,29.91,745,320,745,1,High Value
CUST05113,Amit Mehta,18,42,329701.68,57452.44,17.43,746,2570,746,1,High Value
CUST01548,Vivaan Mehta,13,34,329674.66,64953.75,19.7,747,1892,747,1,High Value
CUST05248,Meera Verma,14,35,329492.33,92864.2,28.18,748,451,748,1,High Value
CUST00107,Aarav Sharma,18,44,329399.46,73899.37,22.43,749,1262,749,1,High Value
CUST03987,Isha Shah,11,33,329246.36,61253.34,18.6,750,2211,750,1,High Value
CUST04719,Sneha Singh,11,34,329229.32,62530.5,18.99,751,2109,751,1,High Value
CUST01831,Priya Patil,14,34,329179.22,106212.05,32.27,752,201,752,1,High Value
CUST00378,Vivaan Kumar,10,25,328686.77,97930.64,29.79,753,335,753,1,High Value
CUST01669,Pooja Gupta,13,33,328624.12,82147.32,25.0,754,837,754,1,High Value
CUST03187,Priya Gupta,18,47,328541.17,63496.3,19.33,755,2022,755,1,High Value
CUST05539,Aditya Joshi,14,35,328519.69,89105.97,27.12,756,555,756,1,High Value
CUST00970,Priya Verma,15,52,328367.77,64450.15,19.63,757,1948,757,1,High Value
CUST01272,Vivaan Mhaske,11,32,328359.89,92646.45,28.21,758,456,758,1,High Value
CUST02970,Rohan Patil,17,43,328204.11,75152.43,22.9,759,1196,759,1,High Value
CUST00213,Aditya Singh,15,42,328160.95,79386.27,24.19,760,960,760,1,High Value
CUST02469,Sneha Mhaske,17,38,328082.82,89604.08,27.31,761,544,761,1,High Value
CUST01890,Isha Patil,14,31,328056.12,93103.07,28.38,762,444,762,1,High Value
CUST00462,Priya Kumar,13,37,327980.77,85998.15,26.22,763,668,763,1,High Value
CUST00823,Rahul Joshi,16,32,327892.91,88589.57,27.02,764,576,764,1,High Value
CUST00278,Aditya Nair,17,34,327815.58,93160.37,28.42,765,441,765,1,High Value
CUST02106,Vivaan Deshmukh,23,57,327789.22,71982.14,21.96,766,1384,766,1,High Value
CUST04075,Sneha Joshi,14,31,327631.42,87565.06,26.73,767,605,767,1,High Value
CUST04292,Kavya Joshi,20,42,327530.84,82168.88,25.09,768,835,768,1,High Value
CUST04423,Priya Mehta,13,36,327266.15,93870.13,28.68,769,424,769,1,High Value
CUST02785,Ananya Nair,17,44,327192.5,72210.4,22.07,770,1371,770,1,High Value
CUST03874,Rahul Kumar,19,46,327144.39,82090.34,25.09,771,838,771,1,High Value
CUST05973,Karan Deshmukh,16,37,327139.12,78745.03,24.07,772,990,772,1,High Value
CUST02157,Rahul Nair,19,39,327135.94,93029.93,28.44,773,445,773,1,High Value
CUST05032,Isha Shah,15,30,327115.26,73859.02,22.58,774,1264,774,1,High Value
CUST00583,Karan Mehta,17,39,327056.54,83387.28,25.5,775,770,775,1,High Value
CUST04073,Pooja Mehta,18,50,327004.05,91437.78,27.96,776,493,776,1,High Value
CUST04349,Karan Verma,12,27,326948.54,92801.26,28.38,777,452,777,1,High Value
CUST03938,Neha Kumar,15,31,326752.23,82829.65,25.35,778,798,778,1,High Value
CUST00475,Ananya Kumar,11,29,326714.58,82090.24,25.13,779,839,779,1,High Value
CUST05469,Meera Gupta,18,47,326637.77,100382.45,30.73,780,288,780,1,High Value
CUST05911,Amit Mehta,17,42,326590.65,86162.71,26.38,781,654,781,1,High Value
CUST05854,Priya Sharma,20,44,326480.17,80631.92,24.7,782,911,782,1,High Value
CUST02606,Arjun Gupta,17,41,326372.91,66680.7,20.43,783,1778,783,1,High Value
CUST02516,Meera Patil,18,42,326357.24,92600.02,28.37,784,460,784,1,High Value
CUST01198,Meera Nair,14,42,326355.8,62604.2,19.18,785,2102,785,1,High Value
CUST05967,Karan Mhaske,14,37,326280.57,89797.18,27.52,786,537,786,1,High Value
CUST01036,Neha Verma,17,46,326271.12,63527.5,19.47,787,2020,787,1,High Value
CUST03451,Sneha Deshmukh,17,44,326268.08,86956.16,26.65,788,622,788,1,High Value
CUST05869,Kavya Kumar,13,39,326253.75,81964.34,25.12,789,850,789,1,High Value
CUST00543,Ananya Shah,16,46,326223.65,80680.98,24.73,790,908,790,1,High Value
CUST05630,Rohan Verma,13,38,326176.0,59066.33,18.11,791,2424,791,1,High Value
CUST04352,Aditya Singh,19,44,326162.5,76517.07,23.46,792,1107,792,1,High Value
CUST01790,Ananya Deshmukh,13,40,325916.73,93145.01,28.58,793,442,793,1,High Value
CUST03374,Aditya Kumar,22,37,325771.89,85563.13,26.26,794,689,794,1,High Value
CUST05547,Pooja Nair,18,39,325705.08,72086.17,22.13,795,1380,795,1,High Value
CUST03983,Aditya Mhaske,16,49,325696.18,68760.3,21.11,796,1611,796,1,High Value
CUST02124,Kavya Sharma,14,43,325607.23,68093.81,20.91,797,1671,797,1,High Value
CUST03422,Pooja Nair,15,38,325489.36,74179.15,22.79,798,1250,798,1,High Value
CUST05921,Sneha Singh,14,41,325373.81,79583.28,24.46,799,952,799,1,High Value
CUST04158,Aarav Mhaske,16,44,325290.67,88926.19,27.34,800,560,800,1,High Value
CUST02834,Kavya Mehta,15,38,325204.22,60842.62,18.71,801,2246,801,1,High Value
CUST03217,Isha Sharma,12,36,325059.09,78559.24,24.17,802,1000,802,1,High Value
CUST00816,Priya Patil,20,43,325044.17,83763.75,25.77,803,755,803,1,High Value
CUST05771,Neha Kumar,21,48,325032.68,68298.78,21.01,804,1653,804,1,High Value
CUST01675,Arjun Shah,20,46,325031.02,76821.61,23.64,805,1085,805,1,High Value
CUST02926,Priya Sharma,15,35,324857.75,93497.98,28.78,806,436,806,1,High Value
CUST03410,Arjun Patil,15,40,324851.76,64464.65,19.84,807,1946,807,1,High Value
CUST04828,Arjun Singh,15,36,324750.27,71813.73,22.11,808,1397,808,1,High Value
CUST03260,Pooja Patil,17,39,324706.45,89602.84,27.6,809,545,809,1,High Value
CUST01688,Kavya Deshmukh,12,31,324639.56,86049.73,26.51,810,664,810,1,High Value
CUST03660,Rohan Deshmukh,12,29,324546.79,94810.92,29.21,811,406,811,1,High Value
CUST01287,Rahul Gupta,17,35,324417.27,87095.88,26.85,812,621,812,1,High Value
CUST02435,Arjun Nair,15,35,324405.51,59710.93,18.41,813,2362,813,1,High Value
CUST03172,Aarav Mehta,19,46,324300.75,73494.31,22.66,814,1291,814,1,High Value
CUST00597,Rahul Gupta,17,40,324268.57,96081.62,29.63,815,373,815,1,High Value
CUST01206,Amit Patil,16,39,324260.35,71823.69,22.15,816,1396,816,1,High Value
CUST04572,Neha Singh,9,30,324247.58,87447.51,26.97,817,611,817,1,High Value
CUST00824,Aarav Kumar,19,39,324021.79,92224.33,28.46,818,473,818,1,High Value
CUST02080,Neha Nair,14,42,323982.91,85248.06,26.31,819,695,819,1,High Value
CUST02674,Meera Verma,14,47,323891.17,86330.65,26.65,820,648,820,1,High Value
CUST01422,Meera Verma,21,51,323797.16,76759.92,23.71,821,1091,821,1,High Value
CUST03278,Neha Shah,12,36,323701.49,80598.74,24.9,822,912,822,1,High Value
CUST00560,Priya Kumar,10,32,323454.74,84121.0,26.01,823,736,823,1,High Value
CUST00641,Vivaan Joshi,15,44,323375.78,53656.67,16.59,824,2908,824,1,High Value
CUST05633,Arjun Verma,15,44,323337.36,89540.84,27.69,825,546,825,1,High Value
CUST04827,Rohan Sharma,15,44,323283.37,62743.34,19.41,826,2080,826,1,High Value
CUST01067,Pooja Deshmukh,13,33,323247.72,77084.79,23.85,827,1071,827,1,High Value
CUST03436,Pooja Patil,18,37,323109.97,73051.12,22.61,828,1319,828,1,High Value
CUST01720,Vivaan Kumar,15,34,322971.99,72397.8,22.42,829,1354,829,1,High Value
CUST00787,Arjun Mehta,17,40,322704.01,89936.0,27.87,830,531,830,1,High Value
CUST01384,Pooja Singh,14,43,322664.55,77063.35,23.88,831,1072,831,1,High Value
CUST05218,Priya Joshi,15,48,322661.63,81664.49,25.31,832,859,832,1,High Value
CUST03273,Pooja Shah,16,40,322660.41,79279.39,24.57,833,965,833,1,High Value
CUST00863,Priya Mhaske,17,40,322648.36,81516.8,25.26,834,869,834,1,High Value
CUST00335,Rahul Kumar,14,36,322645.29,74337.27,23.04,835,1242,835,1,High Value
CUST03631,Kavya Shah,15,38,322613.0,86227.03,26.73,836,652,836,1,High Value
CUST02743,Arjun Verma,16,37,322362.72,97262.45,30.17,837,346,837,1,High Value
CUST02556,Amit Shah,16,38,322166.29,93599.44,29.05,838,433,838,1,High Value
CUST05549,Rohan Deshmukh,18,43,322143.51,80337.06,24.94,839,925,839,1,High Value
CUST00266,Neha Shah,13,37,321973.83,76584.55,23.79,840,1099,840,1,High Value
CUST03101,Priya Kumar,13,31,321963.89,77597.67,24.1,841,1047,841,1,High Value
CUST00112,Rohan Singh,16,42,321870.98,87286.26,27.12,842,614,842,1,High Value
CUST01495,Arjun Gupta,15,34,321831.62,88920.35,27.63,843,562,843,1,High Value
CUST04176,Amit Kumar,14,42,321798.18,102397.47,31.82,844,254,844,1,High Value
CUST03954,Arjun Sharma,16,40,321716.42,71980.65,22.37,845,1385,845,1,High Value
CUST05060,Vivaan Nair,10,29,321688.57,82337.47,25.6,846,829,846,1,High Value
CUST02121,Rohan Sharma,13,36,321602.97,88923.04,27.65,847,561,847,1,High Value
CUST04646,Aarav Gupta,18,41,321585.44,86755.28,26.98,848,628,848,1,High Value
CUST03765,Sneha Verma,9,28,321579.61,86110.4,26.78,849,658,849,1,High Value
CUST05895,Vivaan Mehta,18,41,321541.27,70906.39,22.05,850,1457,850,1,High Value
CUST02334,Sneha Gupta,14,35,321484.83,66880.19,20.8,851,1760,851,1,High Value
CUST01103,Vivaan Gupta,17,49,321406.56,80409.96,25.02,852,918,852,1,High Value
CUST01269,Amit Mehta,19,52,321378.26,67176.47,20.9,853,1738,853,1,High Value
CUST02972,Vivaan Sharma,17,43,321349.89,82415.33,25.65,854,820,854,1,High Value
CUST04708,Arjun Sharma,17,43,321341.38,74764.48,23.27,855,1210,855,1,High Value
CUST04361,Priya Nair,11,33,321239.28,103204.13,32.13,856,244,856,1,High Value
CUST02345,Sneha Verma,11,31,321207.94,83213.06,25.91,857,782,857,1,High Value
CUST03136,Neha Patil,18,49,321130.46,92460.09,28.79,858,464,858,1,High Value
CUST03086,Isha Gupta,16,43,321098.87,82076.01,25.56,859,841,859,1,High Value
CUST02563,Rahul Shah,19,49,321022.05,71933.83,22.41,860,1388,860,1,High Value
CUST03479,Aarav Gupta,12,32,320964.14,92462.41,28.81,861,463,861,1,High Value
CUST05751,Isha Deshmukh,12,39,320941.32,80073.43,24.95,862,936,862,1,High Value
CUST04309,Karan Deshmukh,19,39,320898.23,88359.47,27.54,863,583,863,1,High Value
CUST05793,Vivaan Deshmukh,15,39,320822.75,74530.31,23.23,864,1229,864,1,High Value
CUST03488,Aditya Nair,13,42,320777.85,81640.87,25.45,865,864,865,1,High Value
CUST00064,Arjun Mehta,18,47,320751.74,69026.57,21.52,866,1588,866,1,High Value
CUST05806,Kavya Gupta,20,47,320676.36,78304.47,24.42,867,1011,867,1,High Value
CUST04321,Priya Singh,20,45,320602.74,91660.21,28.59,868,483,868,1,High Value
CUST02885,Aarav Patil,17,39,320569.95,89928.01,28.05,869,532,869,1,High Value
CUST04847,Aditya Deshmukh,18,41,320483.98,85126.19,26.56,870,702,870,1,High Value
CUST02760,Rahul Nair,15,35,320410.78,96161.2,30.01,871,371,871,1,High Value
CUST05251,Rohan Gupta,14,44,320367.06,63815.26,19.92,872,2000,872,1,High Value
CUST05506,Isha Nair,12,29,320315.33,80042.26,24.99,873,939,873,1,High Value
CUST04776,Kavya Shah,14,41,320254.36,71579.46,22.35,874,1409,874,1,High Value
CUST04013,Meera Patil,15,38,320185.75,71761.03,22.41,875,1400,875,1,High Value
CUST04035,Neha Patil,13,43,320116.7,81533.07,25.47,876,867,876,1,High Value
CUST03764,Aarav Joshi,17,43,320115.8,80810.95,25.24,877,901,877,1,High Value
CUST02146,Rahul Patil,17,44,319973.95,70347.49,21.99,878,1493,878,1,High Value
CUST00087,Aditya Mehta,13,32,319871.56,97379.19,30.44,879,345,879,1,High Value
CUST02358,Karan Mhaske,12,38,319835.04,67604.02,21.14,880,1705,880,1,High Value
CUST04575,Kavya Verma,15,31,319699.34,72575.41,22.7,881,1339,881,1,High Value
CUST01133,Kavya Shah,12,30,319592.64,97028.86,30.36,882,353,882,1,High Value
CUST02247,Aarav Verma,10,32,319510.88,82960.85,25.96,883,793,883,1,High Value
CUST01199,Sneha Deshmukh,13,28,319451.29,82419.3,25.8,884,819,884,1,High Value
CUST05782,Rahul Verma,19,43,319435.66,60460.84,18.93,885,2277,885,1,High Value
CUST00946,Isha Patil,19,41,319378.03,74840.92,23.43,886,1204,886,1,High Value
CUST00656,Aarav Patil,19,46,319372.22,52772.24,16.52,887,2990,887,1,High Value
CUST00442,Isha Mhaske,18,47,319140.77,78068.96,24.46,888,1026,888,1,High Value
CUST03281,Rahul Patil,18,40,319026.41,65599.81,20.56,889,1850,889,1,High Value
CUST04788,Kavya Mhaske,13,35,318825.72,93709.13,29.39,890,429,890,1,High Value
CUST00660,Arjun Mehta,14,41,318816.8,83872.11,26.31,891,748,891,1,High Value
CUST02167,Priya Mehta,18,48,318760.71,84422.82,26.48,892,728,892,1,High Value
CUST00412,Rahul Mehta,14,33,318758.14,75305.83,23.62,893,1185,893,1,High Value
CUST01089,Rohan Mehta,17,39,318583.6,83103.28,26.09,894,789,894,1,High Value
CUST01873,Meera Sharma,11,37,318579.7,82213.48,25.81,895,834,895,1,High Value
CUST05970,Meera Joshi,15,37,318505.58,85165.11,26.74,896,700,896,1,High Value
CUST03986,Vivaan Patil,19,44,318347.37,64881.76,20.38,897,1901,897,1,High Value
CUST01855,Kavya Patil,10,27,318343.48,72926.15,22.91,898,1326,898,1,High Value
CUST00794,Vivaan Sharma,14,29,318329.47,71651.37,22.51,899,1405,899,1,High Value
CUST02315,Aditya Joshi,19,48,318316.06,75260.34,23.64,900,1189,900,1,High Value
CUST05942,Karan Joshi,20,44,318296.66,103843.93,32.62,901,236,901,1,High Value
CUST02159,Vivaan Joshi,16,34,318136.03,52732.99,16.58,902,2995,902,1,High Value
CUST04952,Amit Mhaske,18,46,318134.2,56908.68,17.89,903,2613,903,1,High Value
CUST04328,Aarav Shah,17,33,318101.44,70136.01,22.05,904,1507,904,1,High Value
CUST01238,Amit Mehta,15,38,318068.65,83152.79,26.14,905,788,905,1,High Value
CUST00975,Isha Verma,13,29,318023.77,87197.17,27.42,906,617,906,1,High Value
CUST04015,Priya Singh,16,35,317980.87,69360.6,21.81,907,1566,907,1,High Value
CUST04972,Amit Kumar,20,48,317929.26,70109.78,22.05,908,1510,908,1,High Value
CUST00490,Rahul Mehta,16,41,317924.48,85600.97,26.92,909,686,909,1,High Value
CUST04276,Vivaan Joshi,14,36,317818.57,68127.8,21.44,910,1666,910,1,High Value
CUST03151,Karan Sharma,21,41,317755.33,75184.56,23.66,911,1193,911,1,High Value
CUST01796,Isha Nair,14,44,317639.5,82372.6,25.93,912,825,912,1,High Value
CUST02393,Arjun Shah,13,34,317594.74,74810.96,23.56,913,1208,913,1,High Value
CUST05699,Aarav Mehta,13,35,317525.73,84013.07,26.46,914,741,914,1,High Value
CUST04576,Isha Singh,15,48,317350.48,64575.96,20.35,915,1932,915,1,High Value
CUST01172,Neha Patil,21,53,317317.56,72340.06,22.8,916,1359,916,1,High Value
CUST04659,Ananya Deshmukh,14,41,317254.94,94890.61,29.91,917,403,917,1,High Value
CUST00535,Meera Patil,21,44,317199.39,80934.9,25.52,918,893,918,1,High Value
CUST00496,Karan Deshmukh,15,34,316978.57,92905.36,29.31,919,448,919,1,High Value
CUST05421,Rohan Mhaske,13,37,316950.31,80761.8,25.48,920,902,920,1,High Value
CUST02232,Rohan Sharma,11,30,316846.03,88715.53,28.0,921,567,921,1,High Value
CUST01650,Kavya Joshi,10,37,316765.56,67626.18,21.35,922,1704,922,1,High Value
CUST02457,Neha Deshmukh,11,27,316704.64,72867.33,23.01,923,1331,923,1,High Value
CUST05474,Aditya Mehta,17,46,316656.02,77803.87,24.57,924,1038,924,1,High Value
CUST03434,Priya Kumar,15,36,316591.92,62961.62,19.89,925,2066,925,1,High Value
CUST01717,Karan Singh,13,37,316569.12,80412.02,25.4,926,917,926,1,High Value
CUST05341,Rohan Kumar,13,34,316547.88,57301.98,18.1,927,2581,927,1,High Value
CUST05023,Karan Deshmukh,12,35,316451.51,96795.41,30.59,928,359,928,1,High Value
CUST02752,Arjun Singh,14,36,316227.54,82448.17,26.07,929,817,929,1,High Value
CUST03993,Vivaan Kumar,9,29,315878.77,80693.56,25.55,930,907,930,1,High Value
CUST01901,Arjun Verma,15,41,315731.78,81718.23,25.88,931,856,931,1,High Value
CUST04803,Rohan Mehta,16,44,315638.08,76963.84,24.38,932,1080,932,1,High Value
CUST02509,Kavya Deshmukh,16,37,315621.5,64478.18,20.43,933,1944,933,1,High Value
CUST04981,Ananya Mhaske,13,37,315621.45,89052.07,28.21,934,557,934,1,High Value
CUST04256,Rohan Verma,16,37,315613.38,70121.86,22.22,935,1509,935,1,High Value
CUST04917,Kavya Mehta,15,35,315588.56,86864.63,27.52,936,626,936,1,High Value
CUST00109,Rahul Verma,15,33,315423.8,82543.6,26.17,937,811,937,1,High Value
CUST00449,Pooja Mehta,12,36,315213.07,53945.64,17.11,938,2876,938,1,High Value
CUST04178,Rohan Shah,14,28,315205.11,92226.11,29.26,939,472,939,1,High Value
CUST04635,Rohan Singh,17,40,315022.23,70563.95,22.4,940,1476,940,1,High Value
CUST05179,Neha Singh,12,35,314997.24,80429.55,25.53,941,916,941,1,High Value
CUST03314,Vivaan Singh,16,41,314897.96,60114.24,19.09,942,2326,942,1,High Value
CUST05043,Isha Kumar,9,31,314850.39,67255.18,21.36,943,1731,943,1,High Value
CUST00609,Sneha Sharma,15,35,314846.82,93188.56,29.6,944,440,944,1,High Value
CUST05948,Pooja Kumar,17,40,314820.87,59146.78,18.79,945,2416,945,1,High Value
CUST01520,Neha Deshmukh,12,37,314778.2,85831.04,27.27,946,676,946,1,High Value
CUST05599,Vivaan Shah,13,36,314736.75,80812.89,25.68,947,900,947,1,High Value
CUST00516,Arjun Sharma,14,39,314567.24,75886.62,24.12,948,1142,948,1,High Value
CUST04988,Neha Gupta,15,34,314296.75,68679.06,21.85,949,1620,949,1,High Value
CUST00908,Rahul Patil,13,32,314218.62,80168.06,25.51,950,932,950,1,High Value
CUST05584,Priya Deshmukh,19,35,314205.0,79929.37,25.44,951,940,951,1,High Value
CUST00948,Pooja Verma,10,26,314148.14,94085.97,29.95,952,419,952,1,High Value
CUST04454,Karan Nair,17,42,314070.32,71062.24,22.63,953,1443,953,1,High Value
CUST01641,Pooja Verma,15,30,314002.46,72101.82,22.96,954,1378,954,1,High Value
CUST03704,Rahul Deshmukh,13,32,313929.96,61715.72,19.66,955,2180,955,1,High Value
CUST02446,Aditya Verma,18,40,313921.16,60454.34,19.26,956,2280,956,1,High Value
CUST05053,Meera Deshmukh,17,37,313894.63,78222.9,24.92,957,1019,957,1,High Value
CUST02337,Pooja Shah,15,42,313861.13,56293.82,17.94,958,2671,958,1,High Value
CUST05156,Isha Deshmukh,16,36,313769.59,89180.41,28.42,959,553,959,1,High Value
CUST04892,Isha Joshi,14,33,313762.5,63404.42,20.21,960,2031,960,1,High Value
CUST01482,Karan Verma,16,29,313761.38,98292.85,31.33,961,329,961,1,High Value
CUST02076,Meera Shah,21,46,313596.56,89881.3,28.66,962,536,962,1,High Value
CUST00327,Neha Joshi,20,43,313492.0,58932.62,18.8,963,2436,963,1,High Value
CUST05845,Sneha Joshi,14,35,313430.83,91102.07,29.07,964,504,964,1,High Value
CUST05327,Rohan Verma,20,45,313324.19,65113.69,20.78,965,1886,965,1,High Value
CUST02849,Meera Gupta,16,34,313323.03,69998.92,22.34,966,1521,966,1,High Value
CUST00562,Aarav Mehta,13,38,313320.64,85690.05,27.35,967,682,967,1,High Value
CUST00396,Sneha Gupta,17,42,313217.6,66426.65,21.21,968,1801,968,1,High Value
CUST00559,Meera Shah,16,38,313128.17,63691.18,20.34,969,2008,969,1,High Value
CUST03472,Karan Joshi,19,38,313083.97,85229.2,27.22,970,697,970,1,High Value
CUST02508,Karan Sharma,13,37,313046.55,75608.39,24.15,971,1157,971,1,High Value
CUST02419,Amit Verma,18,45,313039.63,78493.68,25.07,972,1002,972,1,High Value
CUST03055,Sneha Deshmukh,15,31,312933.19,91443.43,29.22,973,492,973,1,High Value
CUST00111,Amit Kumar,13,38,312933.08,68229.9,21.8,974,1659,974,1,High Value
CUST04143,Pooja Deshmukh,14,47,312836.33,78823.88,25.2,975,985,975,1,High Value
CUST01921,Aditya Joshi,9,28,312833.24,97149.69,31.05,976,349,976,1,High Value
CUST05139,Isha Shah,15,36,312753.51,70587.28,22.57,977,1472,977,1,High Value
CUST05803,Arjun Nair,18,38,312751.02,90657.01,28.99,978,517,978,1,High Value
CUST01874,Amit Nair,14,31,312687.73,79214.61,25.33,979,967,979,1,High Value
CUST02727,Vivaan Sharma,16,44,312601.04,85543.68,27.37,980,691,980,1,High Value
CUST02213,Aditya Nair,11,27,312515.57,81657.84,26.13,981,860,981,1,High Value
CUST03332,Meera Verma,17,37,312408.81,90323.85,28.91,982,524,982,1,High Value
CUST04996,Meera Sharma,14,37,312361.4,78665.92,25.18,983,996,983,1,High Value
CUST00750,Priya Verma,14,38,312299.59,85688.41,27.44,984,683,984,1,High Value
CUST03418,Kavya Sharma,15,37,312266.32,80168.95,25.67,985,931,985,1,High Value
CUST03859,Amit Mehta,14,26,312251.26,81469.78,26.09,986,873,986,1,High Value
CUST04868,Karan Deshmukh,12,34,312233.17,86703.77,27.77,987,632,987,1,High Value
CUST05767,Aarav Mehta,15,35,312231.88,50488.74,16.17,988,3215,988,1,High Value
CUST05358,Isha Kumar,10,32,311995.97,76392.45,24.49,989,1116,989,1,High Value
CUST04795,Aditya Sharma,14,41,311905.2,62526.16,20.05,990,2112,990,1,High Value
CUST04844,Vivaan Nair,13,38,311829.77,88919.35,28.52,991,563,991,1,High Value
CUST02094,Vivaan Kumar,13,29,311770.21,57025.91,18.29,992,2602,992,1,High Value
CUST05493,Arjun Patil,14,34,311725.77,81680.77,26.2,993,858,993,1,High Value
CUST00866,Aditya Shah,16,41,311692.53,84074.05,26.97,994,738,994,1,High Value
CUST03612,Sneha Joshi,16,42,311648.63,80879.12,25.95,995,898,995,1,High Value
CUST04477,Amit Deshmukh,14,41,311614.58,65634.54,21.06,996,1848,996,1,High Value
CUST00549,Pooja Shah,20,48,311523.55,65758.89,21.11,997,1835,997,1,High Value
CUST03356,Ananya Mhaske,12,28,311471.58,74221.41,23.83,998,1248,998,1,High Value
CUST02352,Rohan Gupta,14,39,311289.45,94118.19,30.23,999,416,999,1,High Value
CUST05098,Aditya Nair,14,37,311208.67,59556.52,19.14,1000,2377,1000,1,High Value
CUST03241,Amit Deshmukh,19,47,311176.5,69563.45,22.35,1001,1547,1001,1,High Value
CUST03380,Kavya Deshmukh,16,36,311105.74,54548.58,17.53,1002,2830,1002,1,High Value
CUST02784,Neha Kumar,13,32,311080.18,74581.5,23.98,1003,1225,1003,1,High Value
CUST00662,Neha Mhaske,15,41,311078.59,75603.88,24.3,1004,1158,1004,1,High Value
CUST00655,Ananya Sharma,21,44,311014.45,81339.09,26.15,1005,878,1005,1,High Value
CUST01055,Aarav Kumar,13,35,311001.16,68923.0,22.16,1006,1595,1006,1,High Value
CUST03245,Rohan Verma,17,45,310924.36,78440.83,25.23,1007,1007,1007,1,High Value
CUST02285,Vivaan Verma,18,40,310922.07,86562.8,27.84,1008,638,1008,1,High Value
CUST04274,Aditya Joshi,15,37,310921.17,62882.95,20.22,1009,2072,1009,1,High Value
CUST05417,Vivaan Joshi,10,34,310817.59,70004.24,22.52,1010,1520,1010,1,High Value
CUST05977,Vivaan Nair,15,33,310813.01,66242.25,21.31,1011,1809,1011,1,High Value
CUST02825,Isha Singh,15,38,310808.59,64655.5,20.8,1012,1923,1012,1,High Value
CUST04192,Vivaan Sharma,17,46,310782.11,82384.51,26.51,1013,823,1013,1,High Value
CUST02839,Rahul Mhaske,17,38,310763.61,64366.72,20.71,1014,1957,1014,1,High Value
CUST05430,Pooja Mhaske,14,32,310691.83,69397.81,22.34,1015,1562,1015,1,High Value
CUST05083,Priya Patil,14,34,310641.37,81404.24,26.21,1016,876,1016,1,High Value
CUST04534,Priya Deshmukh,13,29,310640.44,77759.51,25.03,1017,1040,1017,1,High Value
CUST05236,Rohan Kumar,15,35,310637.4,73869.71,23.78,1018,1263,1018,1,High Value
CUST00676,Karan Nair,16,36,310562.21,71885.54,23.15,1019,1390,1019,1,High Value
CUST00512,Isha Singh,14,33,310552.87,88159.46,28.39,1020,586,1020,1,High Value
CUST00207,Karan Kumar,11,31,310489.82,94096.18,30.31,1021,418,1021,1,High Value
CUST00102,Neha Kumar,15,40,310431.1,97132.76,31.29,1022,350,1022,1,High Value
CUST01192,Pooja Singh,15,46,310365.01,68725.6,22.14,1023,1616,1023,1,High Value
CUST04946,Vivaan Gupta,16,40,310158.37,67626.62,21.8,1024,1703,1024,1,High Value
CUST00453,Ananya Mhaske,17,32,310155.7,83725.18,26.99,1025,757,1025,1,High Value
CUST00765,Isha Patil,17,38,310118.37,74414.34,24.0,1026,1236,1026,1,High Value
CUST00099,Rohan Kumar,19,43,310105.77,83242.77,26.84,1027,780,1027,1,High Value
CUST03799,Vivaan Gupta,19,41,310100.65,76224.11,24.58,1028,1125,1028,1,High Value
CUST00314,Meera Kumar,15,41,310081.86,70316.22,22.68,1029,1495,1029,1,High Value
CUST00960,Amit Joshi,15,34,309999.71,68482.27,22.09,1030,1638,1030,1,High Value
CUST02479,Aditya Patil,15,37,309975.06,77652.24,25.05,1031,1044,1031,1,High Value
CUST02036,Aarav Nair,13,30,309965.95,84552.11,27.28,1032,724,1032,1,High Value
CUST01084,Isha Joshi,13,33,309907.5,66678.81,21.52,1033,1779,1033,1,High Value
CUST02568,Priya Deshmukh,21,45,309900.48,68466.98,22.09,1034,1639,1034,1,High Value
CUST01783,Neha Kumar,16,38,309736.48,85208.58,27.51,1035,699,1035,1,High Value
CUST00814,Karan Kumar,14,30,309677.12,95265.05,30.76,1036,393,1036,1,High Value
CUST03955,Pooja Mehta,14,41,309522.26,69717.88,22.52,1037,1536,1037,1,High Value
CUST04942,Sneha Singh,23,51,309511.93,75769.74,24.48,1038,1148,1038,1,High Value
CUST04012,Rahul Sharma,19,41,309496.84,64375.63,20.8,1039,1953,1039,1,High Value
CUST00933,Sneha Gupta,16,39,309470.99,73936.84,23.89,1040,1260,1040,1,High Value
CUST05707,Ananya Singh,18,49,309419.43,75323.96,24.34,1041,1182,1041,1,High Value
CUST03832,Ananya Mhaske,14,31,309341.87,66144.02,21.38,1042,1813,1042,1,High Value
CUST05714,Isha Gupta,16,34,309177.48,86407.06,27.95,1043,646,1043,1,High Value
CUST04526,Pooja Sharma,17,37,309098.06,61659.93,19.95,1044,2182,1044,1,High Value
CUST02928,Rohan Verma,17,39,309064.6,86720.58,28.06,1045,631,1045,1,High Value
CUST04601,Aarav Verma,16,40,309019.1,69539.82,22.5,1046,1550,1046,1,High Value
CUST00477,Amit Nair,13,27,309014.52,82351.05,26.65,1047,827,1047,1,High Value
CUST04172,Rahul Mehta,18,44,308991.27,77873.18,25.2,1048,1034,1048,1,High Value
CUST04279,Priya Deshmukh,15,38,308664.34,57924.35,18.77,1049,2528,1049,1,High Value
CUST02626,Neha Sharma,14,42,308646.71,80102.85,25.95,1050,934,1050,1,High Value
CUST04561,Priya Mhaske,14,39,308620.62,81925.09,26.55,1051,852,1051,1,High Value
CUST03137,Amit Shah,11,31,308593.05,81064.68,26.27,1052,884,1052,1,High Value
CUST02648,Pooja Deshmukh,18,38,308415.08,69536.02,22.55,1053,1552,1053,1,High Value
CUST02277,Arjun Mhaske,17,37,308292.82,95813.62,31.08,1054,381,1054,1,High Value
CUST03230,Kavya Patil,18,51,308182.73,69537.62,22.56,1055,1551,1055,1,High Value
CUST01524,Amit Kumar,11,30,308149.21,104266.48,33.84,1056,233,1056,1,High Value
CUST00340,Kavya Gupta,20,43,308080.13,86653.8,28.13,1057,634,1057,1,High Value
CUST00325,Meera Nair,12,28,308007.73,53050.75,17.22,1058,2968,1058,1,High Value
CUST00681,Pooja Joshi,18,33,307990.19,70016.17,22.73,1059,1517,1059,1,High Value
CUST05471,Meera Singh,13,37,307743.83,57851.82,18.8,1060,2534,1060,1,High Value
CUST04120,Pooja Patil,16,34,307721.34,78793.13,25.61,1061,987,1061,1,High Value
CUST00317,Isha Nair,13,31,307709.48,91214.76,29.64,1062,498,1062,1,High Value
CUST00932,Karan Joshi,17,35,307564.25,91192.26,29.65,1063,499,1063,1,High Value
CUST00432,Priya Joshi,17,36,307556.07,65504.04,21.3,1064,1853,1064,1,High Value
CUST03353,Aarav Verma,16,42,307547.45,89324.53,29.04,1065,550,1065,1,High Value
CUST00402,Aditya Mehta,15,40,307424.19,85485.42,27.81,1066,692,1066,1,High Value
CUST00004,Rohan Sharma,15,35,307336.54,75498.53,24.57,1067,1167,1067,1,High Value
CUST01184,Amit Joshi,13,34,307268.67,86319.2,28.09,1068,649,1068,1,High Value
CUST04833,Aarav Verma,13,32,307268.38,95232.02,30.99,1069,395,1069,1,High Value
CUST05968,Ananya Shah,15,34,307222.15,64684.78,21.05,1070,1922,1070,1,High Value
CUST01099,Kavya Joshi,11,35,307196.96,82354.97,26.81,1071,826,1071,1,High Value
CUST00398,Rohan Patil,19,43,307159.07,78489.61,25.55,1072,1003,1072,1,High Value
CUST03121,Rohan Nair,15,36,307118.5,102104.77,33.25,1073,259,1073,1,High Value
CUST02066,Rahul Mhaske,15,34,307111.9,81972.4,26.69,1074,849,1074,1,High Value
CUST00584,Sneha Shah,16,37,306881.0,74253.1,24.2,1075,1245,1075,1,High Value
CUST01048,Pooja Deshmukh,19,46,306851.05,71068.1,23.16,1076,1442,1076,1,High Value
CUST02923,Vivaan Verma,13,31,306841.2,51746.7,16.86,1077,3092,1077,1,High Value
CUST04291,Karan Patil,12,35,306799.48,90069.07,29.36,1078,527,1078,1,High Value
CUST04621,Aarav Deshmukh,11,32,306793.92,97589.9,31.81,1079,341,1079,1,High Value
CUST00051,Aditya Deshmukh,17,43,306756.8,86156.82,28.09,1080,656,1080,1,High Value
CUST04934,Pooja Patil,16,37,306737.26,78758.14,25.68,1081,989,1081,1,High Value
CUST05915,Priya Patil,9,27,306652.18,81035.38,26.43,1082,886,1082,1,High Value
CUST03743,Meera Mehta,11,32,306634.61,82324.08,26.85,1083,830,1083,1,High Value
CUST01631,Aarav Gupta,17,47,306555.17,70611.52,23.03,1084,1470,1084,1,High Value
CUST00219,Aarav Joshi,16,30,306523.39,73831.88,24.09,1085,1267,1085,1,High Value
CUST02565,Priya Nair,16,42,306407.53,83192.08,27.15,1086,784,1086,1,High Value
CUST04056,Vivaan Mehta,18,46,306368.23,50028.63,16.33,1087,3253,1087,1,High Value
CUST03015,Kavya Joshi,13,36,306230.01,56822.09,18.56,1088,2619,1088,1,High Value
CUST03531,Aarav Gupta,16,38,306189.99,74821.86,24.44,1089,1207,1089,1,High Value
CUST05404,Pooja Verma,14,33,306144.93,74414.7,24.31,1090,1235,1090,1,High Value
CUST04658,Priya Gupta,12,30,306081.04,84728.14,27.68,1091,716,1091,1,High Value
CUST03768,Isha Kumar,20,48,306076.35,60119.17,19.64,1092,2323,1092,1,High Value
CUST02202,Aditya Nair,15,37,305971.67,91235.71,29.82,1093,496,1093,1,High Value
CUST01697,Aarav Gupta,13,45,305964.38,69837.41,22.83,1094,1528,1094,1,High Value
CUST04862,Ananya Verma,17,37,305952.13,71137.22,23.25,1095,1434,1095,1,High Value
CUST02875,Pooja Joshi,15,31,305927.28,85434.17,27.93,1096,693,1096,1,High Value
CUST04587,Vivaan Joshi,16,41,305860.09,68727.96,22.47,1097,1615,1097,1,High Value
CUST01681,Vivaan Singh,16,37,305850.63,91833.08,30.03,1098,479,1098,1,High Value
CUST00996,Vivaan Nair,12,34,305728.8,63957.38,20.92,1099,1992,1099,1,High Value
CUST03720,Amit Sharma,12,35,305703.16,54742.05,17.91,1100,2806,1100,1,High Value
CUST00888,Priya Nair,12,27,305692.81,64755.12,21.18,1101,1916,1101,1,High Value
CUST02042,Amit Singh,17,38,305680.56,63998.12,20.94,1102,1989,1102,1,High Value
CUST01635,Arjun Mhaske,13,33,305652.78,90338.91,29.56,1103,523,1103,1,High Value
CUST01991,Ananya Joshi,13,33,305649.58,79460.85,26.0,1104,957,1104,1,High Value
CUST00585,Aditya Shah,16,29,305636.46,76767.36,25.12,1105,1090,1105,1,High Value
CUST04226,Rohan Mehta,15,40,305625.83,75254.99,24.62,1106,1190,1106,1,High Value
CUST05203,Ananya Deshmukh,13,39,305587.74,73730.11,24.13,1107,1276,1107,1,High Value
CUST01973,Kavya Shah,14,36,305571.24,73771.76,24.14,1108,1274,1108,1,High Value
CUST01218,Neha Patil,14,38,305349.61,72998.84,23.91,1109,1322,1109,1,High Value
CUST03913,Arjun Singh,12,32,305346.25,92247.87,30.21,1110,471,1110,1,High Value
CUST02521,Pooja Nair,16,44,305339.33,59404.57,19.46,1111,2392,1111,1,High Value
CUST00721,Isha Mhaske,17,45,305337.31,73248.99,23.99,1112,1305,1112,1,High Value
CUST00718,Neha Deshmukh,15,50,305234.39,65677.93,21.52,1113,1841,1113,1,High Value
CUST00114,Karan Joshi,13,37,305214.24,71096.54,23.29,1114,1439,1114,1,High Value
CUST05783,Rahul Mehta,11,38,305212.75,64913.57,21.27,1115,1896,1115,1,High Value
CUST02887,Aditya Patil,16,41,305030.27,76629.8,25.12,1116,1095,1116,1,High Value
CUST02293,Vivaan Singh,18,52,304808.91,73398.14,24.08,1117,1297,1117,1,High Value
CUST05371,Aarav Deshmukh,12,31,304582.14,81496.41,26.76,1118,871,1118,1,High Value
CUST01559,Rohan Deshmukh,15,34,304500.03,52542.9,17.26,1119,3016,1119,1,High Value
CUST05567,Rahul Kumar,13,32,304454.87,83309.75,27.36,1120,775,1120,1,High Value
CUST00836,Karan Singh,13,38,304334.29,82695.31,27.17,1121,803,1121,1,High Value
CUST01954,Pooja Mehta,15,35,304272.3,78071.09,25.66,1122,1025,1122,1,High Value
CUST03643,Sneha Deshmukh,22,39,304238.1,68782.91,22.61,1123,1609,1123,1,High Value
CUST04629,Aditya Mehta,14,34,304085.48,87474.73,28.77,1124,609,1124,1,High Value
CUST05663,Rahul Sharma,11,38,304046.26,79605.91,26.18,1125,951,1125,1,High Value
CUST00622,Rohan Joshi,11,36,304033.97,62213.49,20.46,1126,2136,1126,1,High Value
CUST03205,Pooja Shah,17,35,303987.09,75747.26,24.92,1127,1149,1127,1,High Value
CUST05483,Sneha Patil,16,37,303740.91,89284.41,29.39,1128,551,1128,1,High Value
CUST03445,Ananya Mhaske,18,34,303512.78,76758.56,25.29,1129,1092,1129,1,High Value
CUST04331,Pooja Nair,16,42,303512.68,66863.02,22.03,1130,1762,1130,1,High Value
CUST01221,Ananya Gupta,13,31,303478.52,86864.95,28.62,1131,625,1131,1,High Value
CUST01638,Neha Singh,17,38,303276.95,80912.66,26.68,1132,896,1132,1,High Value
CUST01642,Arjun Patil,12,35,303251.21,73815.62,24.34,1133,1269,1133,1,High Value
CUST04937,Isha Gupta,18,45,303209.58,61497.67,20.28,1134,2196,1134,1,High Value
CUST02155,Neha Nair,11,33,303188.94,97835.01,32.27,1135,337,1135,1,High Value
CUST00558,Rohan Mhaske,14,36,303188.01,70825.98,23.36,1136,1458,1136,1,High Value
CUST03120,Kavya Patil,15,30,303180.53,79709.0,26.29,1137,945,1137,1,High Value
CUST00984,Arjun Sharma,15,39,303120.69,76010.24,25.08,1138,1138,1138,1,High Value
CUST00122,Pooja Patil,13,32,303108.04,79058.6,26.08,1139,973,1139,1,High Value
CUST02682,Arjun Joshi,12,32,303014.56,64346.52,21.24,1140,1961,1140,1,High Value
CUST01098,Ananya Patil,20,46,302998.44,73773.65,24.35,1141,1273,1141,1,High Value
CUST01900,Priya Joshi,17,41,302949.68,64834.1,21.4,1142,1907,1142,1,High Value
CUST04305,Meera Singh,13,29,302864.13,93976.65,31.03,1143,422,1143,1,High Value
CUST03250,Amit Singh,13,39,302783.37,70570.97,23.31,1144,1473,1144,1,High Value
CUST04912,Kavya Shah,12,31,302517.88,90772.96,30.01,1145,514,1145,1,High Value
CUST00499,Aarav Verma,17,32,302427.69,71369.01,23.6,1146,1421,1146,1,High Value
CUST04294,Kavya Kumar,17,39,302421.93,93796.84,31.02,1147,425,1147,1,High Value
CUST05979,Priya Shah,16,43,302341.14,74563.09,24.66,1148,1227,1148,1,High Value
CUST01987,Sneha Sharma,17,38,302077.88,67429.85,22.32,1149,1719,1149,1,High Value
CUST00769,Arjun Singh,11,30,302003.18,86058.62,28.5,1150,663,1150,1,High Value
CUST05412,Ananya Singh,9,34,301968.83,68289.71,22.61,1151,1656,1151,1,High Value
CUST00629,Sneha Mehta,11,32,301845.14,74621.14,24.72,1152,1222,1152,1,High Value
CUST02581,Kavya Patil,15,31,301806.05,71021.13,23.53,1153,1447,1153,1,High Value
CUST00371,Arjun Gupta,13,36,301802.58,66950.28,22.18,1154,1754,1154,1,High Value
CUST02147,Karan Patil,15,37,301688.31,66680.92,22.1,1155,1776,1155,1,High Value
CUST04510,Vivaan Nair,15,39,301684.29,74337.7,24.64,1156,1241,1156,1,High Value
CUST04452,Sneha Shah,14,34,301499.37,60273.14,19.99,1157,2306,1157,1,High Value
CUST05990,Karan Sharma,18,37,301450.15,71394.33,23.68,1158,1418,1158,1,High Value
CUST05137,Aditya Singh,12,37,301395.4,85906.17,28.5,1159,671,1159,1,High Value
CUST05824,Isha Patil,18,44,301325.55,82939.09,27.52,1160,795,1160,1,High Value
CUST03801,Rohan Verma,14,32,301321.74,76356.6,25.34,1161,1118,1161,1,High Value
CUST00715,Isha Nair,14,31,301316.21,70298.01,23.33,1162,1496,1162,1,High Value
CUST02937,Rahul Sharma,12,34,301278.56,68579.55,22.76,1163,1629,1163,1,High Value
CUST02177,Isha Shah,13,35,301244.36,79035.9,26.24,1164,974,1164,1,High Value
CUST03977,Rahul Patil,13,29,301058.69,80988.44,26.9,1165,890,1165,1,High Value
CUST01666,Rohan Singh,14,34,301025.03,73072.12,24.27,1166,1318,1166,1,High Value
CUST04048,Priya Deshmukh,16,36,300922.46,78711.85,26.16,1167,992,1167,1,High Value
CUST04257,Pooja Mehta,14,38,300738.5,66946.9,22.26,1168,1755,1168,1,High Value
CUST02205,Amit Nair,14,30,300732.39,78815.73,26.21,1169,986,1169,1,High Value
CUST04696,Pooja Joshi,12,37,300694.8,75042.16,24.96,1170,1198,1170,1,High Value
CUST01871,Meera Patil,13,35,300649.28,73475.57,24.44,1171,1294,1171,1,High Value
CUST03305,Amit Kumar,12,33,300599.73,75526.32,25.13,1172,1162,1172,1,High Value
CUST05309,Vivaan Verma,20,42,300532.34,66548.74,22.14,1173,1792,1173,1,High Value
CUST05904,Amit Kumar,15,44,300479.99,71435.45,23.77,1174,1415,1174,1,High Value
CUST00395,Neha Sharma,15,40,300427.43,73609.58,24.5,1175,1281,1175,1,High Value
CUST00411,Arjun Mhaske,14,39,300286.88,85752.74,28.56,1176,678,1176,1,High Value
CUST01558,Arjun Mhaske,15,39,300154.34,68958.08,22.97,1177,1593,1177,1,High Value
CUST05097,Neha Sharma,15,41,300139.78,72407.44,24.12,1178,1352,1178,1,High Value
CUST00289,Neha Verma,14,40,300121.71,72912.06,24.29,1179,1327,1179,1,High Value
CUST03837,Amit Gupta,13,43,300066.02,66871.77,22.29,1180,1761,1180,1,High Value
CUST03363,Amit Kumar,14,30,299931.09,78619.29,26.21,1181,998,1181,1,High Value
CUST01137,Pooja Mehta,14,43,299898.92,74637.65,24.89,1182,1218,1182,1,High Value
CUST05367,Kavya Nair,10,34,299820.48,80488.9,26.85,1183,914,1183,1,High Value
CUST04243,Pooja Patil,15,32,299801.97,83403.13,27.82,1184,768,1184,1,High Value
CUST01058,Aditya Nair,20,37,299754.05,73494.37,24.52,1185,1290,1185,1,High Value
CUST04008,Kavya Deshmukh,17,42,299740.27,90601.96,30.23,1186,520,1186,1,High Value
CUST00525,Rohan Shah,16,39,299712.96,86408.1,28.83,1187,645,1187,1,High Value
CUST02633,Aditya Kumar,16,39,299685.37,78645.95,26.24,1188,997,1188,1,High Value
CUST03461,Aditya Patil,14,36,299646.1,53740.42,17.93,1189,2900,1189,1,High Value
CUST04792,Aarav Mhaske,12,36,299637.28,70930.58,23.67,1190,1454,1190,1,High Value
CUST03680,Kavya Singh,13,34,299597.77,98108.56,32.75,1191,332,1191,1,High Value
CUST04440,Meera Nair,12,37,299489.7,94314.17,31.49,1192,412,1192,1,High Value
CUST03826,Priya Sharma,14,36,299481.67,63192.88,21.1,1193,2049,1193,1,High Value
CUST00030,Sneha Nair,15,40,299438.15,74342.12,24.83,1194,1240,1194,1,High Value
CUST05580,Rahul Verma,14,40,299345.78,54585.32,18.23,1195,2823,1195,1,High Value
CUST04494,Aarav Gupta,14,33,299313.55,52797.87,17.64,1196,2988,1196,1,High Value
CUST00418,Rohan Mehta,12,38,299219.32,54063.72,18.07,1197,2869,1197,1,High Value
CUST01100,Neha Gupta,19,48,299195.34,60130.96,20.1,1198,2321,1198,1,High Value
CUST01857,Pooja Gupta,14,33,299175.45,85936.39,28.72,1199,670,1199,1,High Value
CUST03632,Arjun Kumar,12,41,299156.36,83900.33,28.05,1200,746,1200,1,High Value
CUST02694,Amit Joshi,14,36,299110.41,75711.8,25.31,1201,1150,1201,1,High Value
CUST01412,Vivaan Singh,14,40,298961.0,87781.33,29.36,1202,599,1202,1,High Value
CUST03189,Amit Gupta,16,39,298957.66,68879.5,23.04,1203,1599,1203,1,High Value
CUST04046,Rahul Shah,14,29,298926.29,74323.0,24.86,1204,1243,1204,1,High Value
CUST02027,Aarav Patil,19,45,298916.31,91346.34,30.56,1205,494,1205,1,High Value
CUST03219,Priya Nair,15,31,298860.5,75807.0,25.37,1206,1143,1206,1,High Value
CUST03072,Amit Kumar,14,39,298715.2,84166.18,28.18,1207,732,1207,1,High Value
CUST05521,Amit Gupta,15,34,298675.63,72304.42,24.21,1208,1363,1208,1,High Value
CUST02189,Ananya Gupta,13,32,298558.24,84599.04,28.34,1209,723,1209,1,High Value
CUST01888,Arjun Sharma,10,26,298462.84,84685.25,28.37,1210,721,1210,1,High Value
CUST00637,Rahul Verma,16,30,298436.35,52743.2,17.67,1211,2994,1211,1,High Value
CUST03292,Rahul Deshmukh,14,35,298434.16,74940.15,25.11,1212,1200,1212,1,High Value
CUST03150,Kavya Patil,18,39,298390.92,80145.35,26.86,1213,933,1213,1,High Value
CUST02757,Rahul Mehta,13,38,298342.33,85855.4,28.78,1214,674,1214,1,High Value
CUST02657,Aarav Verma,14,43,298136.84,75469.46,25.31,1215,1171,1215,1,High Value
CUST01667,Meera Nair,12,33,298120.07,72542.49,24.33,1216,1344,1216,1,High Value
CUST04155,Neha Mehta,15,38,298078.53,86758.17,29.11,1217,627,1217,1,High Value
CUST04334,Amit Sharma,14,34,298027.08,56882.66,19.09,1218,2617,1218,1,High Value
CUST04508,Rohan Shah,11,33,297957.91,88414.63,29.67,1219,581,1219,1,High Value
CUST04817,Amit Mhaske,11,29,297930.05,76634.34,25.72,1220,1094,1220,1,High Value
CUST03600,Aarav Mehta,14,35,297884.96,63594.41,21.35,1221,2013,1221,1,High Value
CUST01176,Kavya Singh,9,30,297805.09,52279.59,17.55,1222,3039,1222,1,High Value
CUST05268,Aarav Joshi,11,34,297749.33,75169.84,25.25,1223,1194,1223,1,High Value
CUST03191,Aditya Nair,19,38,297610.85,79809.15,26.82,1224,941,1224,1,High Value
CUST03109,Kavya Patil,14,41,297467.28,83281.46,28.0,1225,777,1225,1,High Value
CUST02908,Pooja Deshmukh,15,36,297436.65,73100.52,24.58,1226,1315,1226,1,High Value
CUST00017,Karan Gupta,16,44,297433.89,86212.95,28.99,1227,653,1227,1,High Value
CUST00818,Rohan Patil,16,41,297415.06,75645.04,25.43,1228,1154,1228,1,High Value
CUST02404,Aarav Sharma,15,36,297321.25,73425.7,24.7,1229,1295,1229,1,High Value
CUST05654,Priya Sharma,13,36,297218.34,78690.84,26.48,1230,994,1230,1,High Value
CUST00878,Meera Kumar,13,32,297195.45,68822.78,23.16,1231,1603,1231,1,High Value
CUST05987,Karan Sharma,14,39,297050.75,85569.4,28.81,1232,688,1232,1,High Value
CUST03957,Vivaan Deshmukh,12,27,297040.7,80059.07,26.95,1233,938,1233,1,High Value
CUST02323,Amit Deshmukh,15,36,296876.73,91635.72,30.87,1234,486,1234,1,High Value
CUST01227,Vivaan Kumar,15,34,296844.21,71039.12,23.93,1235,1444,1235,1,High Value
CUST02200,Rahul Mhaske,13,27,296751.3,78714.82,26.53,1236,991,1236,1,High Value
CUST05220,Meera Kumar,14,35,296452.76,75378.12,25.43,1237,1176,1237,1,High Value
CUST00532,Isha Shah,15,35,296435.88,84719.03,28.58,1238,717,1238,1,High Value
CUST02079,Rahul Nair,13,40,296408.94,76076.58,25.67,1239,1131,1239,1,High Value
CUST03214,Rahul Patil,18,42,296257.4,80092.92,27.03,1240,935,1240,1,High Value
CUST03006,Ananya Kumar,13,37,296146.58,65920.14,22.26,1241,1826,1241,1,High Value
CUST00788,Amit Mehta,12,28,296129.96,96413.36,32.56,1242,370,1242,1,High Value
CUST01409,Pooja Patil,14,45,296112.68,67702.35,22.86,1243,1699,1243,1,High Value
CUST05244,Kavya Mehta,16,40,295909.0,67115.75,22.68,1244,1740,1244,1,High Value
CUST01807,Karan Shah,15,39,295842.6,83396.86,28.19,1245,769,1245,1,High Value
CUST05124,Pooja Joshi,17,49,295793.25,69035.95,23.34,1246,1587,1246,1,High Value
CUST01296,Karan Shah,12,32,295773.88,64725.71,21.88,1247,1919,1247,1,High Value
CUST01014,Neha Mhaske,15,34,295758.16,90288.97,30.53,1248,526,1248,1,High Value
CUST01863,Meera Singh,11,33,295723.45,71477.66,24.17,1249,1412,1249,1,High Value
CUST03358,Rohan Deshmukh,15,40,295704.5,68631.54,23.21,1250,1625,1250,1,High Value
CUST02768,Kavya Kumar,14,31,295568.63,72570.34,24.55,1251,1341,1251,1,High Value
CUST01521,Kavya Gupta,17,41,295498.36,76222.1,25.79,1252,1126,1252,1,High Value
CUST03152,Neha Deshmukh,14,34,295495.83,62051.82,21.0,1253,2148,1253,1,High Value
CUST03360,Aarav Kumar,20,49,295440.88,61238.07,20.73,1254,2213,1254,1,High Value
CUST05416,Ananya Mhaske,13,36,295436.46,61772.71,20.91,1255,2173,1255,1,High Value
CUST03470,Aarav Mehta,11,27,295218.35,59684.52,20.22,1256,2364,1256,1,High Value
CUST04140,Arjun Mhaske,15,34,295129.92,80899.19,27.41,1257,897,1257,1,High Value
CUST05443,Aarav Sharma,18,41,295096.99,70235.37,23.8,1258,1499,1258,1,High Value
CUST00955,Pooja Kumar,13,32,295042.45,72574.73,24.6,1259,1340,1259,1,High Value
CUST00495,Pooja Gupta,19,48,295028.11,76001.25,25.76,1260,1139,1260,1,High Value
CUST02165,Pooja Mhaske,13,35,294918.32,86138.9,29.21,1261,657,1261,1,High Value
CUST02108,Rohan Joshi,22,52,294916.08,64521.5,21.88,1262,1941,1262,1,High Value
CUST01106,Karan Verma,15,42,294886.85,56389.2,19.12,1263,2662,1263,1,High Value
CUST00615,Rohan Nair,18,41,294756.66,62435.22,21.18,1264,2121,1264,1,High Value
CUST05008,Karan Mhaske,15,35,294621.75,83349.08,28.29,1265,771,1265,1,High Value
CUST03118,Isha Joshi,15,43,294609.64,82649.48,28.05,1266,805,1266,1,High Value
CUST03822,Arjun Verma,17,45,294549.65,64054.2,21.75,1267,1986,1267,1,High Value
CUST00989,Pooja Verma,16,38,294526.02,70424.75,23.91,1268,1485,1268,1,High Value
CUST01352,Neha Mehta,17,40,294443.38,60097.97,20.41,1269,2328,1269,1,High Value
CUST02005,Sneha Mhaske,15,34,294285.95,77363.97,26.29,1270,1058,1270,1,High Value
CUST03524,Ananya Kumar,16,44,294218.55,71668.73,24.36,1271,1404,1271,1,High Value
CUST00460,Arjun Nair,16,39,294155.75,82031.42,27.89,1272,844,1272,1,High Value
CUST00209,Karan Sharma,12,33,294153.75,60679.45,20.63,1273,2260,1273,1,High Value
CUST00424,Neha Verma,16,42,294091.6,70920.32,24.12,1274,1455,1274,1,High Value
CUST05848,Neha Singh,14,35,293984.98,88662.41,30.16,1275,570,1275,1,High Value
CUST02898,Isha Kumar,21,54,293946.85,75350.11,25.63,1276,1178,1276,1,High Value
CUST03028,Sneha Sharma,17,47,293930.58,60370.75,20.54,1277,2289,1277,1,High Value
CUST03807,Rohan Joshi,16,40,293845.7,86583.15,29.47,1278,637,1278,1,High Value
CUST02049,Vivaan Verma,12,31,293837.16,86108.24,29.3,1279,659,1279,1,High Value
CUST01280,Meera Deshmukh,13,32,293737.09,77664.97,26.44,1280,1043,1280,1,High Value
CUST05672,Arjun Shah,15,39,293699.62,64409.63,21.93,1281,1949,1281,1,High Value
CUST00924,Rahul Verma,15,36,293686.17,86027.4,29.29,1282,666,1282,1,High Value
CUST01519,Isha Singh,15,34,293681.99,79687.81,27.13,1283,947,1283,1,High Value
CUST01733,Arjun Patil,18,35,293629.73,83795.48,28.54,1284,754,1284,1,High Value
CUST02685,Kavya Mehta,15,33,293461.8,61238.11,20.87,1285,2212,1285,1,High Value
CUST00587,Kavya Sharma,19,45,293338.98,76388.01,26.04,1286,1117,1286,1,High Value
CUST04000,Isha Singh,12,37,293245.61,73086.94,24.92,1287,1317,1287,1,High Value
CUST02093,Aarav Singh,17,34,293166.58,66172.57,22.57,1288,1811,1288,1,High Value
CUST05616,Rohan Sharma,16,36,293147.98,63438.93,21.64,1289,2028,1289,1,High Value
CUST04711,Sneha Singh,15,36,293099.9,85398.21,29.14,1290,694,1290,1,High Value
CUST05765,Meera Kumar,12,29,293094.79,71833.11,24.51,1291,1395,1291,1,High Value
CUST02137,Aditya Mehta,14,36,292990.53,77165.23,26.34,1292,1068,1292,1,High Value
CUST01083,Priya Mehta,7,22,292914.24,81606.15,27.86,1293,865,1293,1,High Value
CUST04493,Ananya Nair,14,34,292877.85,73560.92,25.12,1294,1285,1294,1,High Value
CUST00357,Amit Mhaske,12,36,292765.15,80266.11,27.42,1295,928,1295,1,High Value
CUST01403,Priya Mehta,21,44,292715.84,58176.48,19.87,1296,2499,1296,1,High Value
CUST04289,Ananya Shah,13,26,292658.63,77944.94,26.63,1297,1030,1297,1,High Value
CUST02265,Kavya Shah,13,35,292634.19,84769.88,28.97,1298,713,1298,1,High Value
CUST03316,Rahul Sharma,13,27,292559.02,61900.9,21.16,1299,2162,1299,1,High Value
CUST02357,Aarav Kumar,17,43,292541.65,66938.18,22.88,1300,1756,1300,1,High Value
CUST03275,Isha Mhaske,16,33,292475.11,74669.25,25.53,1301,1216,1301,1,High Value
CUST05743,Arjun Nair,15,36,292354.96,82380.29,28.18,1302,824,1302,1,High Value
CUST01276,Rohan Kumar,9,38,292339.82,60597.91,20.73,1303,2269,1303,1,High Value
CUST02033,Karan Gupta,13,36,292332.3,67939.47,23.24,1304,1682,1304,1,High Value
CUST00212,Sneha Deshmukh,13,35,292077.68,83301.17,28.52,1305,776,1305,1,High Value
CUST05780,Aarav Sharma,10,29,292071.36,86482.14,29.61,1306,643,1306,1,High Value
CUST00292,Aarav Singh,15,34,291939.51,68401.68,23.43,1307,1645,1307,1,High Value
CUST04437,Sneha Joshi,10,28,291918.35,78255.34,26.81,1308,1015,1308,1,High Value
CUST02532,Sneha Patil,16,37,291746.17,63461.36,21.75,1309,2026,1309,1,High Value
CUST02062,Isha Mhaske,19,36,291712.85,68575.94,23.51,1310,1631,1310,1,High Value
CUST00261,Isha Sharma,14,43,291673.03,87462.5,29.99,1311,610,1311,1,High Value
CUST04921,Karan Kumar,11,30,291669.7,90544.23,31.04,1312,522,1312,1,High Value
CUST01929,Vivaan Gupta,12,28,291578.49,82663.79,28.35,1313,804,1313,1,High Value
CUST02039,Kavya Patil,13,32,291571.12,79529.73,27.28,1314,955,1314,1,High Value
CUST04208,Karan Deshmukh,14,33,291555.15,72948.59,25.02,1315,1325,1315,1,High Value
CUST00401,Aarav Nair,12,35,291551.83,61970.1,21.26,1316,2155,1316,1,High Value
CUST03570,Aarav Joshi,11,30,291441.18,88649.23,30.42,1317,572,1317,1,High Value
CUST02312,Kavya Singh,11,26,291430.03,87799.29,30.13,1318,598,1318,1,High Value
CUST05570,Arjun Nair,13,37,291362.08,77251.85,26.51,1319,1067,1319,1,High Value
CUST02736,Priya Patil,18,40,291358.24,57955.22,19.89,1320,2526,1320,1,High Value
CUST05463,Amit Mhaske,18,43,291267.04,69054.11,23.71,1321,1586,1321,1,High Value
CUST03049,Aarav Joshi,10,25,291264.73,67529.94,23.19,1322,1710,1322,1,High Value
CUST01788,Neha Singh,16,30,291255.14,77479.9,26.6,1323,1053,1323,1,High Value
CUST03364,Neha Nair,17,41,291204.14,60325.74,20.72,1324,2302,1324,1,High Value
CUST05927,Sneha Verma,10,33,291199.99,70644.47,24.26,1325,1468,1325,1,High Value
CUST04881,Arjun Nair,12,30,291186.25,83905.68,28.82,1326,744,1326,1,High Value
CUST02271,Aditya Sharma,18,40,291172.54,66891.58,22.97,1327,1758,1327,1,High Value
CUST03890,Aarav Verma,15,37,291078.99,59238.02,20.35,1328,2407,1328,1,High Value
CUST03596,Kavya Mehta,15,33,291059.48,66652.02,22.9,1329,1782,1329,1,High Value
CUST03866,Neha Nair,14,36,291034.96,67334.54,23.14,1330,1725,1330,1,High Value
CUST00380,Priya Mehta,14,30,291019.57,77054.6,26.48,1331,1075,1331,1,High Value
CUST00762,Meera Singh,18,38,290985.18,70941.63,24.38,1332,1453,1332,1,High Value
CUST04700,Isha Verma,15,38,290957.35,57019.62,19.6,1333,2604,1333,1,High Value
CUST03736,Rohan Singh,12,34,290860.16,71030.81,24.42,1334,1445,1334,1,High Value
CUST02559,Neha Patil,14,29,290774.31,74430.93,25.6,1335,1233,1335,1,High Value
CUST03009,Sneha Gupta,12,34,290697.95,87149.0,29.98,1336,619,1336,1,High Value
CUST05208,Rahul Shah,16,42,290665.84,70977.36,24.42,1337,1451,1337,1,High Value
CUST04549,Amit Shah,9,34,290576.24,53230.87,18.32,1338,2954,1338,1,High Value
CUST05894,Meera Shah,10,30,290410.27,77486.81,26.68,1339,1052,1339,1,High Value
CUST03839,Pooja Singh,15,37,290406.42,63359.5,21.82,1340,2036,1340,1,High Value
CUST00363,Sneha Patil,16,42,290398.95,60350.68,20.78,1341,2293,1341,1,High Value
CUST01450,Aarav Mhaske,16,32,290344.74,74549.0,25.68,1342,1228,1342,1,High Value
CUST05366,Arjun Sharma,13,35,290131.02,74174.05,25.57,1343,1251,1343,1,High Value
CUST03635,Kavya Nair,14,31,290031.6,61514.57,21.21,1344,2192,1344,1,High Value
CUST00075,Meera Mehta,12,32,289943.7,60602.45,20.9,1345,2268,1345,1,High Value
CUST05295,Vivaan Kumar,10,27,289907.41,67196.81,23.18,1346,1734,1346,1,High Value
CUST01371,Amit Verma,15,33,289862.14,61966.89,21.38,1347,2156,1347,1,High Value
CUST01752,Priya Mehta,19,42,289855.56,79005.66,27.26,1348,976,1348,1,High Value
CUST04258,Priya Mehta,16,40,289748.33,58105.07,20.05,1349,2508,1349,1,High Value
CUST04570,Aarav Deshmukh,15,37,289730.06,76396.47,26.37,1350,1114,1350,1,High Value
CUST04264,Pooja Joshi,12,32,289729.99,79280.88,27.36,1351,964,1351,1,High Value
CUST00355,Amit Patil,10,34,289709.87,72146.76,24.9,1352,1376,1352,1,High Value
CUST04947,Kavya Nair,12,40,289693.5,76408.27,26.38,1353,1113,1353,1,High Value
CUST00620,Isha Mhaske,14,34,289678.53,65865.55,22.74,1354,1830,1354,1,High Value
CUST02895,Sneha Verma,9,26,289619.47,88784.38,30.66,1355,566,1355,1,High Value
CUST02070,Amit Deshmukh,15,34,289498.25,78233.5,27.02,1356,1017,1356,1,High Value
CUST03543,Rohan Patil,16,34,289462.6,73518.62,25.4,1357,1289,1357,1,High Value
CUST01414,Amit Singh,16,44,289365.54,71090.43,24.57,1358,1441,1358,1,High Value
CUST03786,Priya Kumar,17,45,289333.18,45984.97,15.89,1359,3671,1359,1,High Value
CUST05868,Meera Joshi,14,31,289293.29,77976.33,26.95,1360,1028,1360,1,High Value
CUST04842,Karan Sharma,20,47,289171.9,62637.26,21.66,1361,2098,1361,1,High Value
CUST05207,Amit Verma,21,43,289051.52,67177.36,23.24,1362,1737,1362,1,High Value
CUST04310,Isha Mhaske,14,37,288978.08,85591.2,29.62,1363,687,1363,1,High Value
CUST04114,Vivaan Kumar,13,42,288908.71,68557.5,23.73,1364,1633,1364,1,High Value
CUST03359,Sneha Mehta,12,31,288739.66,74450.23,25.78,1365,1232,1365,1,High Value
CUST04616,Aarav Patil,16,33,288651.72,67287.3,23.31,1366,1727,1366,1,High Value
CUST04052,Ananya Verma,14,29,288640.91,49627.58,17.19,1367,3303,1367,1,High Value
CUST02723,Sneha Deshmukh,10,32,288577.02,79017.63,27.38,1368,975,1368,1,High Value
CUST03100,Rahul Gupta,16,34,288543.92,72291.47,25.05,1369,1365,1369,1,High Value
CUST04889,Amit Nair,13,36,288370.76,77016.13,26.71,1370,1077,1370,1,High Value
CUST05079,Amit Patil,16,35,288236.37,80338.52,27.87,1371,924,1371,1,High Value
CUST02545,Pooja Nair,13,34,288152.6,60329.27,20.94,1372,2301,1372,1,High Value
CUST02876,Pooja Shah,15,34,288150.37,61820.61,21.45,1373,2170,1373,1,High Value
CUST00448,Isha Nair,18,35,288143.76,82738.92,28.71,1374,802,1374,1,High Value
CUST03991,Pooja Verma,14,38,288046.67,61135.0,21.22,1375,2226,1375,1,High Value
CUST02812,Isha Gupta,19,42,288026.56,66251.26,23.0,1376,1808,1376,1,High Value
CUST03690,Priya Verma,9,27,287987.29,79567.07,27.63,1377,954,1377,1,High Value
CUST02617,Karan Sharma,17,37,287920.18,71288.31,24.76,1378,1427,1378,1,High Value
CUST05277,Isha Verma,11,34,287684.91,86090.31,29.93,1379,660,1379,1,High Value
CUST05014,Rohan Joshi,13,35,287416.37,57560.96,20.03,1380,2563,1380,1,High Value
CUST00233,Rahul Deshmukh,13,30,287391.31,77381.13,26.93,1381,1057,1381,1,High Value
CUST01843,Vivaan Deshmukh,18,43,287385.49,66348.82,23.09,1382,1805,1382,1,High Value
CUST00666,Rahul Kumar,13,38,287333.11,65063.72,22.64,1383,1889,1383,1,High Value
CUST02282,Kavya Kumar,14,35,287329.59,82005.79,28.54,1384,847,1384,1,High Value
CUST04614,Rahul Nair,11,27,287294.8,91026.86,31.68,1385,505,1385,1,High Value
CUST00156,Rahul Joshi,16,39,287290.22,71186.64,24.78,1386,1433,1386,1,High Value
CUST00594,Meera Mhaske,18,35,287276.04,83527.53,29.08,1387,763,1387,1,High Value
CUST04270,Isha Deshmukh,17,36,287243.03,72501.39,25.24,1388,1345,1388,1,High Value
CUST05899,Karan Kumar,13,33,287218.33,87119.64,30.33,1389,620,1389,1,High Value
CUST01832,Arjun Patil,16,35,287218.18,88438.9,30.79,1390,579,1390,1,High Value
CUST04910,Vivaan Shah,12,29,287196.72,78466.0,27.32,1391,1005,1391,1,High Value
CUST04940,Aditya Mhaske,14,41,287146.07,80193.33,27.93,1392,930,1392,1,High Value
CUST00683,Karan Verma,13,29,287129.78,77645.64,27.04,1393,1046,1393,1,High Value
CUST03862,Rohan Shah,17,39,287099.22,68140.84,23.73,1394,1664,1394,1,High Value
CUST01302,Kavya Kumar,16,36,287084.87,70945.55,24.71,1395,1452,1395,1,High Value
CUST04475,Kavya Singh,17,40,287065.79,64095.24,22.33,1396,1983,1396,1,High Value
CUST05020,Vivaan Patil,15,36,286978.42,76072.3,26.51,1397,1132,1397,1,High Value
CUST02596,Isha Nair,16,36,286944.35,69119.26,24.09,1398,1582,1398,1,High Value
CUST03814,Karan Mhaske,14,29,286941.64,94690.68,33.0,1399,408,1399,1,High Value
CUST00263,Rohan Sharma,15,39,286882.39,80340.89,28.0,1400,923,1400,1,High Value
CUST01876,Rahul Gupta,21,46,286425.57,73581.18,25.69,1401,1284,1401,1,High Value
CUST04422,Karan Gupta,18,44,286342.49,83623.35,29.2,1402,758,1402,1,High Value
CUST01583,Pooja Gupta,15,38,286337.87,86543.24,30.22,1403,641,1403,1,High Value
CUST02513,Amit Patil,15,37,286317.19,73980.28,25.84,1404,1258,1404,1,High Value
CUST04063,Isha Shah,14,37,286292.87,67442.27,23.56,1405,1717,1405,1,High Value
CUST01708,Arjun Joshi,10,32,286267.39,64929.05,22.68,1406,1894,1406,1,High Value
CUST04087,Kavya Kumar,15,40,286207.27,73404.27,25.65,1407,1296,1407,1,High Value
CUST03194,Aditya Shah,16,41,286199.38,68872.19,24.06,1408,1601,1408,1,High Value
CUST05548,Pooja Shah,14,34,285850.01,71739.47,25.1,1409,1402,1409,1,High Value
CUST04268,Rohan Mehta,19,35,285835.6,61747.37,21.6,1410,2176,1410,1,High Value
CUST05061,Sneha Nair,15,39,285819.51,70128.62,24.54,1411,1508,1411,1,High Value
CUST03094,Rahul Kumar,11,30,285763.62,72904.45,25.51,1412,1328,1412,1,High Value
CUST04095,Priya Kumar,13,34,285705.1,76588.72,26.81,1413,1097,1413,1,High Value
CUST04712,Amit Mehta,17,36,285693.9,81689.55,28.59,1414,857,1414,1,High Value
CUST04620,Isha Kumar,9,30,285677.96,67569.74,23.65,1415,1708,1415,1,High Value
CUST01734,Aditya Sharma,15,31,285665.67,75332.5,26.37,1416,1180,1416,1,High Value
CUST02586,Vivaan Verma,17,37,285650.43,71279.86,24.95,1417,1428,1417,1,High Value
CUST02706,Kavya Mehta,11,37,285634.14,81206.24,28.43,1418,881,1418,1,High Value
CUST01077,Vivaan Deshmukh,12,31,285603.01,56675.72,19.84,1419,2635,1419,1,High Value
CUST01549,Aditya Verma,13,33,285520.7,72388.0,25.35,1420,1356,1420,1,High Value
CUST01290,Aditya Patil,14,41,285423.06,34922.35,12.24,1421,4753,1421,1,High Value
CUST04552,Pooja Singh,13,35,285260.9,63135.12,22.13,1422,2053,1422,1,High Value
CUST05531,Arjun Kumar,11,37,285245.31,68908.08,24.16,1423,1596,1423,1,High Value
CUST04427,Karan Sharma,16,33,285206.38,79616.01,27.92,1424,950,1424,1,High Value
CUST02607,Rahul Gupta,12,26,285093.02,76298.59,26.76,1425,1122,1425,1,High Value
CUST03873,Meera Nair,16,40,285087.7,77841.14,27.3,1426,1036,1426,1,High Value
CUST05923,Arjun Deshmukh,14,28,285081.54,92053.63,32.29,1427,476,1427,1,High Value
CUST05847,Isha Deshmukh,15,36,285066.83,70784.37,24.83,1428,1462,1428,1,High Value
CUST05103,Rohan Mhaske,15,33,284983.62,72119.63,25.31,1429,1377,1429,1,High Value
CUST04835,Arjun Patil,14,44,284965.1,68811.17,24.15,1430,1604,1430,1,High Value
CUST04625,Meera Mehta,14,35,284882.33,71234.63,25.0,1431,1429,1431,1,High Value
CUST02128,Priya Verma,17,38,284882.06,54317.52,19.07,1432,2845,1432,1,High Value
CUST05778,Neha Mehta,19,37,284759.82,63470.67,22.29,1433,2024,1433,1,High Value
CUST01011,Isha Kumar,13,40,284735.22,62523.6,21.96,1434,2113,1434,1,High Value
CUST02799,Ananya Gupta,15,31,284732.15,75516.43,26.52,1435,1163,1435,1,High Value
CUST00589,Neha Joshi,15,36,284676.09,69778.96,24.51,1436,1532,1436,1,High Value
CUST01842,Rahul Gupta,14,40,284578.1,79342.25,27.88,1437,961,1437,1,High Value
CUST04441,Aarav Singh,15,40,284520.21,62090.44,21.82,1438,2142,1438,1,High Value
CUST04884,Vivaan Singh,14,39,284454.25,71300.1,25.07,1439,1424,1439,1,High Value
CUST03432,Aditya Deshmukh,12,35,284408.88,56464.96,19.85,1440,2653,1440,1,High Value
CUST01343,Pooja Shah,17,45,284268.39,68003.94,23.92,1441,1677,1441,1,High Value
CUST04182,Aditya Shah,12,35,284155.27,71374.21,25.12,1442,1420,1442,1,High Value
CUST00226,Priya Joshi,17,46,284102.83,69191.97,24.35,1443,1579,1443,1,High Value
CUST05313,Isha Deshmukh,16,29,283878.35,70006.02,24.66,1444,1519,1444,1,High Value
CUST01530,Pooja Patil,14,32,283853.17,66916.88,23.57,1445,1757,1445,1,High Value
CUST03589,Kavya Patil,13,33,283611.16,79065.5,27.88,1446,972,1446,1,High Value
CUST03315,Isha Joshi,14,31,283609.41,56002.83,19.75,1447,2703,1447,1,High Value
CUST00768,Ananya Singh,13,33,283495.23,58304.28,20.57,1448,2490,1448,1,High Value
CUST04284,Pooja Sharma,10,31,283369.95,83081.46,29.32,1449,791,1449,1,High Value
CUST00493,Rahul Joshi,20,38,283353.79,77804.83,27.46,1450,1037,1450,1,High Value
CUST02836,Neha Deshmukh,21,41,283313.62,64626.71,22.81,1451,1926,1451,1,High Value
CUST05871,Aditya Patil,13,44,283308.42,52049.22,18.37,1452,3067,1452,1,High Value
CUST01351,Sneha Gupta,12,35,283302.61,68334.77,24.12,1453,1652,1453,1,High Value
CUST02904,Aditya Nair,13,31,283118.95,64521.95,22.79,1454,1940,1454,1,High Value
CUST04789,Amit Singh,13,28,283074.49,79326.68,28.02,1455,962,1455,1,High Value
CUST05433,Ananya Mhaske,14,32,282976.35,74717.62,26.4,1456,1213,1456,1,High Value
CUST03863,Amit Verma,16,39,282790.83,66070.16,23.36,1457,1820,1457,1,High Value
CUST03819,Vivaan Shah,15,41,282692.5,76175.11,26.95,1458,1130,1458,1,High Value
CUST05065,Isha Kumar,16,32,282527.15,67971.98,24.06,1459,1679,1459,1,High Value
CUST01705,Meera Deshmukh,20,51,282526.42,54192.93,19.18,1460,2857,1460,1,High Value
CUST01934,Ananya Joshi,18,43,282404.96,69748.62,24.7,1461,1534,1461,1,High Value
CUST05690,Karan Mhaske,14,35,282384.34,64938.61,23.0,1462,1893,1462,1,High Value
CUST03679,Pooja Deshmukh,17,35,282382.41,69394.94,24.57,1463,1563,1463,1,High Value
CUST02775,Meera Gupta,15,36,282350.92,72301.96,25.61,1464,1364,1464,1,High Value
CUST05995,Arjun Deshmukh,9,23,282333.6,73797.35,26.14,1465,1270,1465,1,High Value
CUST03892,Kavya Sharma,13,32,282235.58,62000.55,21.97,1466,2154,1466,1,High Value
CUST05070,Pooja Deshmukh,11,29,282228.64,89897.23,31.85,1467,534,1467,1,High Value
CUST00865,Arjun Verma,18,43,282211.44,69831.02,24.74,1468,1530,1468,1,High Value
CUST02814,Isha Joshi,13,31,282207.67,80662.28,28.58,1469,910,1469,1,High Value
CUST05150,Pooja Deshmukh,17,40,282121.53,72492.77,25.7,1470,1346,1470,1,High Value
CUST04647,Isha Verma,19,40,282003.85,51164.36,18.14,1471,3158,1471,1,High Value
CUST01432,Amit Kumar,13,32,281864.95,72193.96,25.61,1472,1373,1472,1,High Value
CUST00274,Rohan Sharma,15,31,281855.82,81023.19,28.75,1473,887,1473,1,High Value
CUST04807,Neha Patil,14,34,281798.0,74716.2,26.51,1474,1214,1474,1,High Value
CUST00990,Priya Gupta,15,40,281780.13,61285.22,21.75,1475,2210,1475,1,High Value
CUST01787,Aarav Gupta,11,31,281766.92,49083.44,17.42,1476,3358,1476,1,High Value
CUST02791,Aditya Verma,15,37,281662.31,50995.0,18.11,1477,3172,1477,1,High Value
CUST00513,Rohan Mhaske,17,48,281646.43,60553.39,21.5,1478,2273,1478,1,High Value
CUST03778,Aarav Singh,14,32,281645.9,68593.59,24.35,1479,1627,1479,1,High Value
CUST05912,Priya Mhaske,14,35,281520.51,59193.64,21.03,1480,2413,1480,1,High Value
CUST01542,Ananya Gupta,15,32,281437.08,62214.27,22.11,1481,2135,1481,1,High Value
CUST05965,Pooja Patil,18,45,281409.16,65999.2,23.45,1482,1824,1482,1,High Value
CUST00188,Priya Kumar,17,32,281368.98,75621.93,26.88,1483,1155,1483,1,High Value
CUST03098,Arjun Deshmukh,16,47,281332.28,60407.88,21.47,1484,2283,1484,1,High Value
CUST04078,Meera Patil,16,30,281326.48,54232.02,19.28,1485,2852,1485,1,High Value
CUST02336,Priya Sharma,17,32,281235.05,72833.69,25.9,1486,1332,1486,1,High Value
CUST04888,Karan Deshmukh,14,30,281184.15,70995.21,25.25,1487,1449,1487,1,High Value
CUST01092,Sneha Gupta,15,37,281149.09,57897.2,20.59,1488,2529,1488,1,High Value
CUST01608,Aarav Nair,16,37,281112.9,66890.35,23.79,1489,1759,1489,1,High Value
CUST04609,Priya Nair,12,33,280879.27,64197.96,22.86,1490,1972,1490,1,High Value
CUST05450,Arjun Patil,10,34,280862.44,85742.34,30.53,1491,679,1491,1,High Value
CUST00533,Arjun Patil,17,32,280809.07,65763.48,23.42,1492,1834,1492,1,High Value
CUST05142,Pooja Sharma,18,40,280804.95,60699.39,21.62,1493,2258,1493,1,High Value
CUST00807,Vivaan Patil,13,31,280753.58,76894.67,27.39,1494,1084,1494,1,High Value
CUST03042,Neha Verma,18,50,280747.91,49986.5,17.8,1495,3260,1495,1,High Value
CUST02634,Amit Deshmukh,16,35,280732.62,64269.53,22.89,1496,1968,1496,1,High Value
CUST00463,Ananya Kumar,14,29,280618.37,77579.24,27.65,1497,1048,1497,1,High Value
CUST03563,Ananya Joshi,17,35,280510.77,64261.0,22.91,1498,1969,1498,1,High Value
CUST04260,Vivaan Mehta,16,39,280485.48,65462.8,23.34,1499,1860,1499,1,High Value
CUST05678,Kavya Sharma,15,37,280480.2,75923.58,27.07,1500,1140,1500,1,High Value
CUST01420,Pooja Mehta,9,24,280384.5,52721.51,18.8,1501,2997,1501,2,Medium-High Value
CUST00920,Neha Patil,14,33,280357.29,54373.92,19.39,1502,2840,1502,2,Medium-High Value
CUST02580,Kavya Joshi,15,41,280352.79,61188.37,21.83,1503,2217,1503,2,Medium-High Value
CUST04763,Amit Kumar,13,26,280286.12,86547.59,30.88,1504,640,1504,2,Medium-High Value
CUST00531,Karan Shah,14,37,280285.64,58636.29,20.92,1505,2468,1505,2,Medium-High Value
CUST00259,Priya Gupta,16,43,280276.73,64528.59,23.02,1506,1939,1506,2,Medium-High Value
CUST04855,Meera Gupta,15,29,280259.23,72774.66,25.97,1507,1334,1507,2,Medium-High Value
CUST05403,Aarav Mehta,12,30,280247.05,90596.46,32.33,1508,521,1508,2,Medium-High Value
CUST00931,Amit Patil,11,30,280228.25,52031.22,18.57,1509,3070,1509,2,Medium-High Value
CUST04857,Karan Gupta,16,37,280149.56,79242.96,28.29,1510,966,1510,2,Medium-High Value
CUST02855,Vivaan Sharma,18,37,280144.61,64792.66,23.13,1511,1911,1511,2,Medium-High Value
CUST01726,Pooja Joshi,13,32,280117.23,72093.82,25.74,1512,1379,1512,2,Medium-High Value
CUST00968,Amit Nair,13,42,279974.3,67277.05,24.03,1513,1729,1513,2,Medium-High Value
CUST05172,Neha Kumar,17,36,279915.39,79511.9,28.41,1514,956,1514,2,Medium-High Value
CUST00491,Pooja Patil,19,45,279904.14,89774.92,32.07,1515,538,1515,2,Medium-High Value
CUST00936,Rahul Nair,15,31,279889.69,76331.32,27.27,1516,1119,1516,2,Medium-High Value
CUST05530,Neha Verma,14,31,279756.46,69197.98,24.74,1517,1577,1517,2,Medium-High Value
CUST01123,Meera Shah,11,29,279722.85,73581.69,26.31,1518,1283,1518,2,Medium-High Value
CUST02594,Arjun Nair,14,37,279670.96,62441.43,22.33,1519,2119,1519,2,Medium-High Value
CUST01936,Aarav Patil,20,36,279415.72,72587.9,25.98,1520,1338,1520,2,Medium-High Value
CUST02858,Kavya Gupta,13,39,279353.83,61521.85,22.02,1521,2191,1521,2,Medium-High Value
CUST04249,Isha Deshmukh,14,32,279328.03,64765.83,23.19,1522,1913,1522,2,Medium-High Value
CUST03138,Aarav Mhaske,15,32,279315.6,48652.14,17.42,1523,3398,1523,2,Medium-High Value
CUST05154,Rahul Patil,13,31,279307.71,59479.39,21.3,1524,2384,1524,2,Medium-High Value
CUST04023,Amit Singh,14,32,279306.69,60663.33,21.72,1525,2262,1525,2,Medium-High Value
CUST02608,Vivaan Gupta,17,36,279237.14,72342.66,25.91,1526,1358,1526,2,Medium-High Value
CUST01467,Karan Kumar,17,40,279101.09,79701.31,28.56,1527,946,1527,2,Medium-High Value
CUST00713,Rohan Gupta,15,29,279077.14,70382.01,25.22,1528,1489,1528,2,Medium-High Value
CUST03995,Ananya Mehta,13,32,278914.79,62424.33,22.38,1529,2122,1529,2,Medium-High Value
CUST01367,Arjun Deshmukh,16,38,278715.42,89684.44,32.18,1530,542,1530,2,Medium-High Value
CUST02630,Arjun Joshi,12,35,278699.3,72882.84,26.15,1531,1329,1531,2,Medium-High Value
CUST00040,Amit Nair,16,47,278680.67,58218.31,20.89,1532,2494,1532,2,Medium-High Value
CUST03076,Vivaan Mhaske,13,31,278666.46,59612.5,21.39,1533,2369,1533,2,Medium-High Value
CUST00110,Amit Mhaske,12,35,278658.39,77446.73,27.79,1534,1054,1534,2,Medium-High Value
CUST03186,Aditya Mhaske,13,32,278654.11,78694.69,28.24,1535,993,1535,2,Medium-High Value
CUST04109,Vivaan Deshmukh,16,36,278617.61,65493.89,23.51,1536,1854,1536,2,Medium-High Value
CUST01664,Priya Sharma,14,33,278534.71,83748.8,30.07,1537,756,1537,2,Medium-High Value
CUST00478,Isha Mhaske,13,34,278501.16,62966.62,22.61,1538,2065,1538,2,Medium-High Value
CUST04455,Priya Kumar,11,35,278318.04,70618.67,25.37,1539,1469,1539,2,Medium-High Value
CUST02270,Ananya Verma,14,34,278317.52,65202.37,23.43,1540,1881,1540,2,Medium-High Value
CUST04612,Isha Sharma,13,39,278173.92,66402.93,23.87,1541,1803,1541,2,Medium-High Value
CUST01663,Kavya Joshi,12,26,278155.54,80923.39,29.09,1542,895,1542,2,Medium-High Value
CUST01945,Neha Shah,12,32,278042.59,74710.89,26.87,1543,1215,1543,2,Medium-High Value
CUST01427,Neha Mhaske,17,42,277982.04,67412.5,24.25,1544,1720,1544,2,Medium-High Value
CUST02520,Rohan Sharma,19,44,277959.3,60631.46,21.81,1545,2267,1545,2,Medium-High Value
CUST04444,Isha Sharma,15,42,277943.52,63811.76,22.96,1546,2001,1546,2,Medium-High Value
CUST03646,Rohan Nair,17,45,277917.39,66429.14,23.9,1547,1800,1547,2,Medium-High Value
CUST01336,Vivaan Gupta,18,36,277915.77,65618.41,23.61,1548,1849,1548,2,Medium-High Value
CUST01620,Rahul Kumar,11,31,277894.21,59493.95,21.41,1549,2382,1549,2,Medium-High Value
CUST04663,Kavya Mehta,14,40,277882.99,59368.64,21.36,1550,2395,1550,2,Medium-High Value
CUST03164,Neha Nair,13,34,277712.28,78174.85,28.15,1551,1021,1551,2,Medium-High Value
CUST03583,Aarav Sharma,12,31,277704.05,73994.33,26.65,1552,1256,1552,2,Medium-High Value
CUST00745,Karan Sharma,15,34,277698.89,80478.51,28.98,1553,915,1553,2,Medium-High Value
CUST04703,Priya Mehta,17,40,277683.65,81640.94,29.4,1554,863,1554,2,Medium-High Value
CUST04161,Rahul Sharma,15,33,277683.51,57947.45,20.87,1555,2527,1555,2,Medium-High Value
CUST04342,Sneha Joshi,12,35,277623.15,67021.61,24.14,1556,1750,1556,2,Medium-High Value
CUST04425,Meera Shah,13,31,277588.0,60118.21,21.66,1557,2324,1557,2,Medium-High Value
CUST02471,Priya Deshmukh,20,43,277478.37,71384.52,25.73,1558,1419,1558,2,Medium-High Value
CUST03337,Isha Shah,15,37,277477.99,76549.1,27.59,1559,1103,1559,2,Medium-High Value
CUST03753,Sneha Patil,11,28,277400.49,77934.95,28.09,1560,1031,1560,2,Medium-High Value
CUST02340,Karan Sharma,13,32,277354.7,68785.13,24.8,1561,1608,1561,2,Medium-High Value
CUST03146,Neha Verma,12,34,277275.27,71120.04,25.65,1562,1436,1562,2,Medium-High Value
CUST03388,Karan Patil,17,43,277178.31,71802.89,25.9,1563,1398,1563,2,Medium-High Value
CUST00680,Kavya Sharma,15,35,277170.36,73560.31,26.54,1564,1286,1564,2,Medium-High Value
CUST00126,Karan Gupta,14,41,277050.01,78405.51,28.3,1565,1010,1565,2,Medium-High Value
CUST05694,Neha Kumar,13,32,277038.08,70173.59,25.33,1566,1504,1566,2,Medium-High Value
CUST05926,Rahul Nair,9,25,276942.08,62849.27,22.69,1567,2075,1567,2,Medium-High Value
CUST01185,Arjun Patil,14,38,276918.79,60554.07,21.87,1568,2272,1568,2,Medium-High Value
CUST05991,Rohan Mhaske,13,27,276773.86,71611.84,25.87,1569,1408,1569,2,Medium-High Value
CUST01960,Aditya Sharma,12,30,276741.24,72313.58,26.13,1570,1362,1570,2,Medium-High Value
CUST03135,Neha Nair,10,32,276679.86,74204.27,26.82,1571,1249,1571,2,Medium-High Value
CUST04758,Kavya Kumar,15,43,276611.01,59997.07,21.69,1572,2335,1572,2,Medium-High Value
CUST05380,Rohan Patil,13,35,276566.95,83482.25,30.19,1573,764,1573,2,Medium-High Value
CUST03678,Ananya Kumar,19,37,276525.83,53276.65,19.27,1574,2949,1574,2,Medium-High Value
CUST05051,Aditya Sharma,13,32,276502.82,83799.11,30.31,1575,752,1575,2,Medium-High Value
CUST00884,Ananya Nair,14,31,276501.09,77089.73,27.88,1576,1070,1576,2,Medium-High Value
CUST01905,Amit Kumar,15,27,276460.98,74363.34,26.9,1577,1239,1577,2,Medium-High Value
CUST02414,Vivaan Patil,18,37,276379.04,61210.63,22.15,1578,2215,1578,2,Medium-High Value
CUST02611,Arjun Deshmukh,16,39,276374.39,77267.63,27.96,1579,1065,1579,2,Medium-High Value
CUST02266,Ananya Mehta,12,28,276196.6,57808.64,20.93,1580,2538,1580,2,Medium-High Value
CUST01250,Karan Kumar,13,31,276177.42,68202.16,24.7,1581,1662,1581,2,Medium-High Value
CUST00500,Rohan Verma,14,40,276138.54,73605.1,26.66,1582,1282,1582,2,Medium-High Value
CUST02746,Ananya Kumar,19,39,276129.09,58288.16,21.11,1583,2492,1583,2,Medium-High Value
CUST04180,Meera Mhaske,20,40,276020.99,69455.6,25.16,1584,1558,1584,2,Medium-High Value
CUST05426,Amit Singh,14,34,275958.85,54425.39,19.72,1585,2839,1585,2,Medium-High Value
CUST01339,Priya Patil,13,33,275925.04,75125.05,27.23,1586,1197,1586,2,Medium-High Value
CUST01258,Aditya Singh,11,30,275910.73,46895.4,17.0,1587,3567,1587,2,Medium-High Value
CUST01075,Rohan Patil,12,42,275845.99,64606.55,23.42,1588,1928,1588,2,Medium-High Value
CUST04302,Ananya Patil,16,37,275826.12,75774.75,27.47,1589,1147,1589,2,Medium-High Value
CUST00938,Arjun Deshmukh,14,34,275795.06,47557.93,17.24,1590,3509,1590,2,Medium-High Value
CUST02359,Isha Joshi,12,31,275696.36,71227.58,25.84,1591,1430,1591,2,Medium-High Value
CUST01074,Rahul Verma,13,37,275678.78,60225.38,21.85,1592,2310,1592,2,Medium-High Value
CUST05512,Sneha Singh,17,33,275620.77,69479.52,25.21,1593,1556,1593,2,Medium-High Value
CUST04188,Rohan Verma,16,40,275604.3,63982.13,23.22,1594,1990,1594,2,Medium-High Value
CUST04586,Aarav Kumar,13,30,275561.84,72430.38,26.28,1595,1350,1595,2,Medium-High Value
CUST00672,Aditya Sharma,13,38,275554.29,67862.53,24.63,1596,1689,1596,2,Medium-High Value
CUST02748,Rahul Nair,18,40,275553.35,75552.86,27.42,1597,1160,1597,2,Medium-High Value
CUST01685,Rahul Shah,15,42,275537.51,51449.88,18.67,1598,3135,1598,2,Medium-High Value
CUST03345,Karan Nair,13,30,275500.45,79679.35,28.92,1599,948,1599,2,Medium-High Value
CUST04327,Aditya Singh,12,34,275464.49,78276.89,28.42,1600,1012,1600,2,Medium-High Value
CUST03000,Aarav Singh,21,57,275337.55,64232.44,23.33,1601,1971,1601,2,Medium-High Value
CUST03566,Kavya Singh,10,27,275325.18,66680.86,24.22,1602,1777,1602,2,Medium-High Value
CUST00200,Pooja Nair,14,31,275276.87,85020.49,30.89,1603,706,1603,2,Medium-High Value
CUST04926,Amit Nair,14,35,275160.48,82940.62,30.14,1604,794,1604,2,Medium-High Value
CUST03419,Arjun Singh,12,34,275143.96,73339.22,26.65,1605,1299,1605,2,Medium-High Value
CUST00488,Meera Mhaske,16,41,275101.87,64306.3,23.38,1606,1965,1606,2,Medium-High Value
CUST01584,Rohan Gupta,10,27,275059.81,58676.54,21.33,1607,2461,1607,2,Medium-High Value
CUST04515,Aditya Mehta,12,26,275002.09,65446.42,23.8,1608,1862,1608,2,Medium-High Value
CUST03594,Neha Patil,15,33,274995.99,67873.27,24.68,1609,1687,1609,2,Medium-High Value
CUST03805,Isha Kumar,11,35,274915.98,66559.64,24.21,1610,1791,1610,2,Medium-High Value
CUST05591,Arjun Deshmukh,12,28,274876.26,66836.76,24.32,1611,1766,1611,2,Medium-High Value
CUST02163,Meera Gupta,16,41,274832.63,59286.67,21.57,1612,2401,1612,2,Medium-High Value
CUST05284,Neha Kumar,12,35,274769.25,67627.2,24.61,1613,1702,1613,2,Medium-High Value
CUST00569,Ananya Joshi,15,40,274767.65,47088.58,17.14,1614,3549,1614,2,Medium-High Value
CUST02223,Vivaan Verma,12,33,274756.39,74973.13,27.29,1615,1199,1615,2,Medium-High Value
CUST02950,Ananya Nair,19,45,274686.42,60380.67,21.98,1616,2287,1616,2,Medium-High Value
CUST01038,Sneha Gupta,16,42,274685.51,66690.17,24.28,1617,1775,1617,2,Medium-High Value
CUST02493,Neha Shah,15,32,274681.49,67896.07,24.72,1618,1683,1618,2,Medium-High Value
CUST02269,Meera Nair,14,33,274546.49,62689.7,22.83,1619,2087,1619,2,Medium-High Value
CUST02071,Kavya Singh,14,31,274503.33,74630.02,27.19,1620,1220,1620,2,Medium-High Value
CUST03885,Priya Patil,14,30,274486.17,54008.29,19.68,1621,2873,1621,2,Medium-High Value
CUST01082,Arjun Shah,12,30,274463.01,63563.61,23.16,1622,2015,1622,2,Medium-High Value
CUST04667,Karan Mehta,11,31,274458.97,69162.64,25.2,1623,1581,1623,2,Medium-High Value
CUST03195,Vivaan Sharma,17,35,274456.02,66313.06,24.16,1624,1806,1624,2,Medium-High Value
CUST02729,Neha Nair,12,32,274391.32,67790.42,24.71,1625,1695,1625,2,Medium-High Value
CUST02954,Priya Mehta,16,44,274193.95,66169.28,24.13,1626,1812,1626,2,Medium-High Value
CUST02788,Meera Shah,16,43,274124.72,60462.11,22.06,1627,2276,1627,2,Medium-High Value
CUST05243,Pooja Shah,11,37,274121.16,58089.6,21.19,1628,2512,1628,2,Medium-High Value
CUST02567,Amit Nair,14,39,274115.69,56759.99,20.71,1629,2627,1629,2,Medium-High Value
CUST01196,Meera Kumar,16,42,273997.51,53341.07,19.47,1630,2937,1630,2,Medium-High Value
CUST00997,Amit Deshmukh,11,29,273992.23,59414.36,21.68,1631,2390,1631,2,Medium-High Value
CUST05310,Kavya Sharma,12,33,273975.87,86631.83,31.62,1632,635,1632,2,Medium-High Value
CUST02354,Rohan Mhaske,14,38,273970.2,76540.96,27.94,1633,1105,1633,2,Medium-High Value
CUST02659,Amit Shah,17,32,273944.4,69195.08,25.26,1634,1578,1634,2,Medium-High Value
CUST05813,Aarav Joshi,13,43,273866.4,64383.59,23.51,1635,1952,1635,2,Medium-High Value
CUST02254,Vivaan Patil,12,37,273798.38,78419.8,28.64,1636,1008,1636,2,Medium-High Value
CUST04184,Sneha Shah,12,35,273698.39,49988.14,18.26,1637,3259,1637,2,Medium-High Value
CUST05675,Amit Kumar,13,30,273687.4,52360.66,19.13,1638,3032,1638,2,Medium-High Value
CUST00070,Kavya Joshi,18,40,273675.03,66704.05,24.37,1639,1774,1639,2,Medium-High Value
CUST03924,Vivaan Verma,12,22,273610.38,82800.44,30.26,1640,799,1640,2,Medium-High Value
CUST02821,Neha Joshi,17,40,273574.21,77974.72,28.5,1641,1029,1641,2,Medium-High Value
CUST00697,Pooja Singh,12,31,273530.58,82023.72,29.99,1642,846,1642,2,Medium-High Value
CUST02635,Meera Mhaske,18,36,273499.21,79404.78,29.03,1643,958,1643,2,Medium-High Value
CUST02318,Karan Kumar,14,40,273485.31,51697.16,18.9,1644,3101,1644,2,Medium-High Value
CUST04863,Rahul Deshmukh,13,37,273478.89,50170.13,18.35,1645,3242,1645,2,Medium-High Value
CUST04207,Aarav Kumar,16,38,273447.72,64570.5,23.61,1646,1933,1646,2,Medium-High Value
CUST02171,Isha Kumar,17,37,273445.76,57410.03,21.0,1647,2574,1647,2,Medium-High Value
CUST05344,Rohan Nair,15,35,273328.88,66666.66,24.39,1648,1780,1648,2,Medium-High Value
CUST03035,Sneha Verma,12,31,273321.75,79777.92,29.19,1649,943,1649,2,Medium-High Value
CUST00916,Neha Gupta,13,28,273296.13,70266.44,25.71,1650,1498,1650,2,Medium-High Value
CUST03318,Sneha Verma,14,36,273282.7,49930.72,18.27,1651,3266,1651,2,Medium-High Value
CUST02497,Rahul Mhaske,11,28,273261.03,62340.69,22.81,1652,2129,1652,2,Medium-High Value
CUST05131,Priya Deshmukh,9,25,273231.49,78242.56,28.64,1653,1016,1653,2,Medium-High Value
CUST02560,Vivaan Mehta,12,27,273202.44,77255.39,28.28,1654,1066,1654,2,Medium-High Value
CUST01982,Kavya Mhaske,11,32,273151.72,47513.59,17.39,1655,3513,1655,2,Medium-High Value
CUST03462,Sneha Mhaske,12,35,273059.34,57990.49,21.24,1656,2521,1656,2,Medium-High Value
CUST01516,Neha Mehta,12,29,273052.6,75388.92,27.61,1657,1175,1657,2,Medium-High Value
CUST05532,Amit Joshi,11,29,273035.9,68215.04,24.98,1658,1661,1658,2,Medium-High Value
CUST03662,Karan Gupta,15,33,272963.24,80745.96,29.58,1659,904,1659,2,Medium-High Value
CUST04277,Priya Kumar,10,29,272954.82,58860.59,21.56,1660,2443,1660,2,Medium-High Value
CUST03163,Vivaan Mehta,15,28,272898.49,68343.37,25.04,1661,1651,1661,2,Medium-High Value
CUST00654,Kavya Gupta,11,34,272871.41,55266.13,20.25,1662,2760,1662,2,Medium-High Value
CUST01180,Aditya Gupta,12,36,272796.13,58847.82,21.57,1663,2445,1663,2,Medium-High Value
CUST04211,Kavya Gupta,11,28,272736.72,59782.32,21.92,1664,2356,1664,2,Medium-High Value
CUST03417,Kavya Singh,14,31,272615.74,78536.07,28.81,1665,1001,1665,2,Medium-High Value
CUST04968,Rahul Sharma,14,29,272576.85,56989.11,20.91,1666,2607,1666,2,Medium-High Value
CUST00464,Rohan Verma,18,37,272541.57,54292.22,19.92,1667,2846,1667,2,Medium-High Value
CUST05087,Rahul Joshi,15,36,272482.11,65399.98,24.0,1668,1865,1668,2,Medium-High Value
CUST05241,Amit Verma,14,33,272457.8,83254.13,30.56,1669,779,1669,2,Medium-High Value
CUST03247,Ananya Singh,14,29,272436.6,76186.84,27.96,1670,1128,1670,2,Medium-High Value
CUST05333,Arjun Sharma,8,23,272418.37,65321.3,23.98,1671,1874,1671,2,Medium-High Value
CUST03350,Priya Deshmukh,11,25,272364.3,69930.6,25.68,1672,1522,1672,2,Medium-High Value
CUST02943,Rahul Kumar,12,23,272355.98,74322.44,27.29,1673,1244,1673,2,Medium-High Value
CUST05884,Arjun Sharma,14,25,272300.74,81574.75,29.96,1674,866,1674,2,Medium-High Value
CUST02584,Karan Joshi,15,36,272279.62,74570.58,27.39,1675,1226,1675,2,Medium-High Value
CUST05143,Meera Shah,10,30,272265.06,83325.39,30.6,1676,773,1676,2,Medium-High Value
CUST03854,Aditya Gupta,12,33,272221.37,51641.12,18.97,1677,3109,1677,2,Medium-High Value
CUST02442,Kavya Nair,9,31,272204.0,44293.48,16.27,1678,3841,1678,2,Medium-High Value
CUST03939,Aarav Joshi,14,33,272178.38,74882.88,27.51,1679,1202,1679,2,Medium-High Value
CUST02296,Sneha Nair,13,38,272177.11,57653.81,21.18,1680,2556,1680,2,Medium-High Value
CUST01145,Sneha Shah,14,32,272151.11,70737.09,25.99,1681,1465,1681,2,Medium-High Value
CUST05758,Pooja Nair,15,29,272139.57,68123.03,25.03,1682,1667,1682,2,Medium-High Value
CUST01490,Pooja Gupta,16,35,272114.36,83599.1,30.72,1683,759,1683,2,Medium-High Value
CUST05499,Pooja Patil,15,33,272063.23,83590.82,30.72,1684,760,1684,2,Medium-High Value
CUST05381,Karan Nair,17,36,271970.12,71576.6,26.32,1685,1410,1685,2,Medium-High Value
CUST05076,Karan Gupta,13,27,271963.69,77322.98,28.43,1686,1061,1686,2,Medium-High Value
CUST03085,Priya Mehta,13,34,271908.54,69498.47,25.56,1687,1554,1687,2,Medium-High Value
CUST01481,Arjun Verma,19,39,271874.65,62637.28,23.04,1688,2097,1688,2,Medium-High Value
CUST00125,Isha Gupta,13,29,271693.1,68591.08,25.25,1689,1628,1689,2,Medium-High Value
CUST01311,Rahul Kumar,17,34,271683.18,63365.29,23.32,1690,2035,1690,2,Medium-High Value
CUST02351,Meera Verma,11,31,271613.95,74826.95,27.55,1691,1206,1691,2,Medium-High Value
CUST05057,Amit Kumar,13,30,271596.42,82080.4,30.22,1692,840,1692,2,Medium-High Value
CUST04537,Priya Shah,12,31,271543.89,64187.7,23.64,1693,1973,1693,2,Medium-High Value
CUST04019,Sneha Mehta,16,41,271534.38,75316.25,27.74,1694,1184,1694,2,Medium-High Value
CUST04836,Vivaan Verma,13,24,271523.52,65418.0,24.09,1695,1864,1695,2,Medium-High Value
CUST02445,Meera Gupta,16,38,271513.37,59233.99,21.82,1696,2408,1696,2,Medium-High Value
CUST03386,Karan Sharma,13,41,271490.92,72198.41,26.59,1697,1372,1697,2,Medium-High Value
CUST01538,Meera Verma,16,34,271489.01,48048.35,17.7,1698,3457,1698,2,Medium-High Value
CUST05805,Isha Kumar,17,34,271442.33,50646.37,18.66,1699,3201,1699,2,Medium-High Value
CUST04057,Kavya Deshmukh,16,31,271437.54,73107.13,26.93,1700,1313,1700,2,Medium-High Value
CUST05168,Kavya Gupta,11,25,271420.26,72228.75,26.61,1701,1369,1701,2,Medium-High Value
CUST05476,Aditya Patil,16,43,271397.17,61461.95,22.65,1702,2200,1702,2,Medium-High Value
CUST00389,Sneha Patil,18,35,271381.18,78266.7,28.84,1703,1014,1703,2,Medium-High Value
CUST04411,Neha Gupta,9,28,271325.57,71332.5,26.29,1704,1422,1704,2,Medium-High Value
CUST04955,Neha Sharma,15,30,271306.4,74604.96,27.5,1705,1223,1705,2,Medium-High Value
CUST01700,Neha Joshi,11,36,271292.55,79165.52,29.18,1706,970,1706,2,Medium-High Value
CUST01833,Aditya Verma,14,43,271290.42,47781.8,17.61,1707,3486,1707,2,Medium-High Value
CUST04231,Kavya Kumar,11,31,271238.79,68776.52,25.36,1708,1610,1708,2,Medium-High Value
CUST02587,Aditya Sharma,19,36,271209.91,69365.42,25.58,1709,1565,1709,2,Medium-High Value
CUST03554,Pooja Mehta,13,32,271174.05,88934.09,32.8,1710,559,1710,2,Medium-High Value
CUST04919,Rahul Mhaske,13,33,271131.32,83898.66,30.94,1711,747,1711,2,Medium-High Value
CUST02916,Aarav Verma,15,28,271076.26,83318.74,30.74,1712,774,1712,2,Medium-High Value
CUST01415,Priya Deshmukh,12,27,271022.8,86073.68,31.76,1713,662,1713,2,Medium-High Value
CUST04951,Kavya Verma,13,31,270934.99,82588.24,30.48,1714,808,1714,2,Medium-High Value
CUST01095,Isha Gupta,16,32,270916.88,64374.31,23.76,1715,1955,1715,2,Medium-High Value
CUST05160,Karan Joshi,14,32,270916.7,63856.35,23.57,1716,1996,1716,2,Medium-High Value
CUST00141,Amit Gupta,15,33,270830.71,68978.36,25.47,1717,1591,1717,2,Medium-High Value
CUST00963,Neha Verma,12,28,270789.18,64801.11,23.93,1718,1910,1718,2,Medium-High Value
CUST01759,Vivaan Nair,15,33,270774.06,52416.3,19.36,1719,3029,1719,2,Medium-High Value
CUST05706,Kavya Deshmukh,10,28,270710.24,77500.53,28.63,1720,1051,1720,2,Medium-High Value
CUST04544,Vivaan Gupta,9,25,270678.55,69774.31,25.78,1721,1533,1721,2,Medium-High Value
CUST00012,Neha Sharma,13,26,270665.96,64901.94,23.98,1722,1898,1722,2,Medium-High Value
CUST05917,Aditya Gupta,14,36,270612.11,62628.87,23.14,1723,2100,1723,2,Medium-High Value
CUST02824,Ananya Patil,18,40,270591.41,60956.79,22.53,1724,2238,1724,2,Medium-High Value
CUST00882,Arjun Joshi,13,31,270580.95,75664.05,27.96,1725,1153,1725,2,Medium-High Value
CUST04701,Aarav Shah,13,30,270580.59,60342.37,22.3,1726,2297,1726,2,Medium-High Value
CUST03207,Amit Patil,11,32,270565.91,61832.65,22.85,1727,2169,1727,2,Medium-High Value
CUST02689,Amit Mehta,16,39,270526.39,69352.72,25.64,1728,1570,1728,2,Medium-High Value
CUST02164,Vivaan Kumar,14,37,270297.74,52895.99,19.57,1729,2983,1729,2,Medium-High Value
CUST03591,Karan Patil,14,31,270283.81,78225.71,28.94,1730,1018,1730,2,Medium-High Value
CUST01191,Kavya Singh,11,32,270173.28,77310.03,28.61,1731,1063,1731,2,Medium-High Value
CUST02848,Karan Patil,15,37,270090.32,72216.46,26.74,1732,1370,1732,2,Medium-High Value
CUST05529,Rohan Mhaske,12,28,270061.68,85898.99,31.81,1733,672,1733,2,Medium-High Value
CUST03398,Kavya Verma,18,44,269955.92,64883.21,24.03,1734,1900,1734,2,Medium-High Value
CUST03851,Meera Verma,16,31,269907.44,64788.57,24.0,1735,1912,1735,2,Medium-High Value
CUST05501,Priya Joshi,14,41,269900.56,52249.94,19.36,1736,3041,1736,2,Medium-High Value
CUST00081,Arjun Mehta,15,32,269886.74,60653.51,22.47,1737,2263,1737,2,Medium-High Value
CUST02562,Pooja Verma,12,36,269817.98,69358.82,25.71,1738,1568,1738,2,Medium-High Value
CUST02557,Aarav Mhaske,13,32,269769.33,69110.18,25.62,1739,1583,1739,2,Medium-High Value
CUST05684,Sneha Joshi,11,26,269759.69,76584.87,28.39,1740,1098,1740,2,Medium-High Value
CUST01615,Neha Singh,14,28,269744.88,66729.1,24.74,1741,1771,1741,2,Medium-High Value
CUST03235,Aditya Singh,13,31,269598.56,65483.98,24.29,1742,1855,1742,2,Medium-High Value
CUST05410,Arjun Mehta,13,31,269535.46,67279.53,24.96,1743,1728,1743,2,Medium-High Value
CUST04028,Vivaan Kumar,17,34,269525.01,73126.86,27.13,1744,1312,1744,2,Medium-High Value
CUST02480,Kavya Verma,16,39,269453.88,56693.88,21.04,1745,2633,1745,2,Medium-High Value
CUST05710,Rohan Kumar,17,36,269438.57,77554.54,28.78,1746,1050,1746,2,Medium-High Value
CUST03782,Aditya Kumar,14,37,269410.18,70274.89,26.08,1747,1497,1747,2,Medium-High Value
CUST00059,Karan Deshmukh,11,25,269386.97,59606.02,22.13,1748,2371,1748,2,Medium-High Value
CUST01127,Aditya Nair,13,29,269382.75,71625.0,26.59,1749,1407,1749,2,Medium-High Value
CUST01480,Arjun Sharma,11,30,269225.68,77869.9,28.92,1750,1035,1750,2,Medium-High Value
CUST02135,Priya Kumar,12,28,269180.09,66571.1,24.73,1751,1789,1751,2,Medium-High Value
CUST03605,Arjun Patil,18,50,269161.63,68063.19,25.29,1752,1674,1752,2,Medium-High Value
CUST05656,Vivaan Sharma,10,25,269160.0,75218.92,27.95,1753,1192,1753,2,Medium-High Value
CUST03759,Aditya Mehta,20,40,269123.71,70368.92,26.15,1754,1491,1754,2,Medium-High Value
CUST00208,Isha Kumar,11,27,269054.61,65003.79,24.16,1755,1891,1755,2,Medium-High Value
CUST03258,Vivaan Mhaske,17,37,269028.95,86623.91,32.2,1756,636,1756,2,Medium-High Value
CUST01019,Priya Shah,17,32,268993.02,65106.68,24.2,1757,1887,1757,2,Medium-High Value
CUST01194,Vivaan Verma,14,31,268963.69,57503.46,21.38,1758,2568,1758,2,Medium-High Value
CUST04945,Isha Patil,11,31,268916.99,61502.98,22.87,1759,2193,1759,2,Medium-High Value
CUST03548,Rohan Nair,13,36,268766.97,64169.3,23.88,1760,1975,1760,2,Medium-High Value
CUST04118,Karan Shah,14,29,268741.32,53443.85,19.89,1761,2930,1761,2,Medium-High Value
CUST01392,Meera Sharma,13,30,268626.52,80407.34,29.93,1762,920,1762,2,Medium-High Value
CUST02886,Ananya Nair,15,35,268608.16,69574.45,25.9,1763,1545,1763,2,Medium-High Value
CUST01928,Ananya Joshi,14,27,268472.19,70497.83,26.26,1764,1480,1764,2,Medium-High Value
CUST01771,Sneha Nair,17,35,268448.57,65911.46,24.55,1765,1828,1765,2,Medium-High Value
CUST01820,Meera Singh,12,33,268427.94,74636.5,27.81,1766,1219,1766,2,Medium-High Value
CUST01202,Kavya Sharma,15,41,268423.27,70325.42,26.2,1767,1494,1767,2,Medium-High Value
CUST05791,Sneha Patil,16,35,268393.16,75473.33,28.12,1768,1170,1768,2,Medium-High Value
CUST05283,Arjun Verma,14,32,268319.48,65292.17,24.33,1769,1875,1769,2,Medium-High Value
CUST01909,Isha Nair,15,37,268219.16,72463.25,27.02,1770,1348,1770,2,Medium-High Value
CUST05543,Kavya Patil,16,39,268203.22,61484.21,22.92,1771,2198,1771,2,Medium-High Value
CUST02432,Isha Patil,13,33,268188.64,62413.6,23.27,1772,2123,1772,2,Medium-High Value
CUST04920,Meera Mehta,13,37,268170.36,63209.63,23.57,1773,2045,1773,2,Medium-High Value
CUST00369,Amit Verma,12,30,268166.25,51088.05,19.05,1774,3167,1774,2,Medium-High Value
CUST00934,Sneha Shah,18,36,268080.55,55883.62,20.85,1775,2710,1775,2,Medium-High Value
CUST03378,Sneha Gupta,14,32,268070.91,58815.89,21.94,1776,2447,1776,2,Medium-High Value
CUST03804,Meera Shah,13,32,268034.2,56899.88,21.23,1777,2615,1777,2,Medium-High Value
CUST04340,Karan Kumar,10,26,268025.26,68217.79,25.45,1778,1660,1778,2,Medium-High Value
CUST02917,Priya Gupta,12,33,267927.4,60717.17,22.66,1779,2256,1779,2,Medium-High Value
CUST04417,Ananya Mhaske,14,28,267885.37,68861.77,25.71,1780,1602,1780,2,Medium-High Value
CUST02064,Karan Verma,15,30,267819.2,66646.6,24.88,1781,1783,1781,2,Medium-High Value
CUST04556,Sneha Mehta,11,32,267793.9,87334.38,32.61,1782,613,1782,2,Medium-High Value
CUST01395,Karan Patil,10,29,267792.72,48708.14,18.19,1783,3394,1783,2,Medium-High Value
CUST04104,Meera Sharma,15,43,267783.26,62983.88,23.52,1784,2063,1784,2,Medium-High Value
CUST05144,Vivaan Kumar,14,29,267777.17,72390.55,27.03,1785,1355,1785,2,Medium-High Value
CUST03790,Vivaan Deshmukh,12,31,267774.41,56419.11,21.07,1786,2659,1786,2,Medium-High Value
CUST03483,Aarav Verma,15,29,267488.11,70097.73,26.21,1787,1512,1787,2,Medium-High Value
CUST04982,Karan Gupta,13,28,267421.77,62051.55,23.2,1788,2149,1788,2,Medium-High Value
CUST02888,Karan Singh,16,42,267382.21,71940.88,26.91,1789,1387,1789,2,Medium-High Value
CUST00915,Aarav Deshmukh,16,37,267372.02,79169.68,29.61,1790,969,1790,2,Medium-High Value
CUST00573,Sneha Nair,16,40,267220.78,66705.57,24.96,1791,1773,1791,2,Medium-High Value
CUST03225,Rohan Nair,14,40,267218.75,67675.77,25.33,1792,1701,1792,2,Medium-High Value
CUST04720,Neha Nair,15,32,267176.79,78140.3,29.25,1793,1023,1793,2,Medium-High Value
CUST02228,Ananya Patil,16,33,267149.29,64603.43,24.18,1794,1929,1794,2,Medium-High Value
CUST02542,Sneha Gupta,14,33,267057.83,73775.31,27.63,1795,1272,1795,2,Medium-High Value
CUST05559,Neha Joshi,14,34,266891.46,75400.04,28.25,1796,1173,1796,2,Medium-High Value
CUST03539,Pooja Verma,13,35,266876.82,65658.77,24.6,1797,1846,1797,2,Medium-High Value
CUST03088,Priya Mhaske,17,43,266690.97,60683.91,22.75,1798,2259,1798,2,Medium-High Value
CUST00297,Vivaan Patil,11,36,266570.13,60099.3,22.55,1799,2327,1799,2,Medium-High Value
CUST03708,Meera Gupta,12,24,266512.17,72276.5,27.12,1800,1367,1800,2,Medium-High Value
CUST03791,Kavya Sharma,12,37,266387.31,57267.84,21.5,1801,2583,1801,2,Medium-High Value
CUST01805,Rohan Deshmukh,13,34,266365.05,55260.13,20.75,1802,2763,1802,2,Medium-High Value
CUST03439,Karan Shah,14,39,266299.6,56409.92,21.18,1803,2660,1803,2,Medium-High Value
CUST00137,Isha Joshi,12,28,266281.61,85832.57,32.23,1804,675,1804,2,Medium-High Value
CUST04369,Aditya Gupta,14,32,266226.9,64902.48,24.38,1805,1897,1805,2,Medium-High Value
CUST02274,Rahul Singh,16,35,266216.19,60360.85,22.67,1806,2290,1806,2,Medium-High Value
CUST04517,Kavya Sharma,15,46,266162.73,63734.98,23.95,1807,2005,1807,2,Medium-High Value
CUST03192,Arjun Nair,10,31,266156.66,51532.58,19.36,1808,3124,1808,2,Medium-High Value
CUST04710,Kavya Sharma,13,36,266019.28,83922.73,31.55,1809,743,1809,2,Medium-High Value
CUST05294,Priya Patil,13,32,266016.54,67308.9,25.3,1810,1726,1810,2,Medium-High Value
CUST02585,Aarav Patil,10,24,265932.78,58039.67,21.82,1811,2517,1811,2,Medium-High Value
CUST03174,Aarav Deshmukh,13,34,265928.49,67377.3,25.34,1812,1722,1812,2,Medium-High Value
CUST03283,Amit Verma,13,35,265859.48,84710.97,31.86,1813,719,1813,2,Medium-High Value
CUST03499,Pooja Joshi,16,36,265841.2,57429.95,21.6,1814,2573,1814,2,Medium-High Value
CUST02649,Aarav Verma,13,39,265828.15,67063.46,25.23,1815,1747,1815,2,Medium-High Value
CUST01159,Ananya Shah,18,37,265809.89,68119.0,25.63,1816,1668,1816,2,Medium-High Value
CUST03716,Vivaan Joshi,14,37,265726.97,80409.38,30.26,1817,919,1817,2,Medium-High Value
CUST03897,Amit Singh,13,36,265722.82,71005.17,26.72,1818,1448,1818,2,Medium-High Value
CUST05460,Rohan Mhaske,15,35,265701.58,58396.34,21.98,1819,2483,1819,2,Medium-High Value
CUST05725,Amit Joshi,18,44,265678.83,58590.62,22.05,1820,2473,1820,2,Medium-High Value
CUST04583,Kavya Singh,11,32,265653.45,68367.45,25.74,1821,1649,1821,2,Medium-High Value
CUST04365,Isha Patil,14,33,265596.48,74655.4,28.11,1822,1217,1822,2,Medium-High Value
CUST00604,Rohan Sharma,13,24,265483.68,63282.57,23.84,1823,2038,1823,2,Medium-High Value
CUST05932,Meera Verma,14,31,265477.48,69252.96,26.09,1824,1575,1824,2,Medium-High Value
CUST05112,Aarav Joshi,14,34,265416.24,69635.33,26.24,1825,1542,1825,2,Medium-High Value
CUST00356,Isha Nair,12,31,265357.23,75664.18,28.51,1826,1152,1826,2,Medium-High Value
CUST02861,Sneha Nair,14,35,265318.48,62004.08,23.37,1827,2153,1827,2,Medium-High Value
CUST05797,Kavya Deshmukh,12,36,265219.25,65713.13,24.78,1828,1837,1828,2,Medium-High Value
CUST00047,Isha Mhaske,10,29,265192.15,59058.34,22.27,1829,2425,1829,2,Medium-High Value
CUST05269,Pooja Mhaske,11,34,265094.26,63395.13,23.91,1830,2032,1830,2,Medium-High Value
CUST04171,Rahul Singh,16,38,265058.72,59328.76,22.38,1831,2396,1831,2,Medium-High Value
CUST05961,Neha Deshmukh,10,32,264977.49,55390.13,20.9,1832,2751,1832,2,Medium-High Value
CUST04239,Ananya Singh,18,29,264939.98,60987.22,23.02,1833,2236,1833,2,Medium-High Value
CUST00029,Aarav Nair,15,33,264915.73,72878.44,27.51,1834,1330,1834,2,Medium-High Value
CUST04246,Pooja Kumar,16,50,264883.86,66848.07,25.24,1835,1764,1835,2,Medium-High Value
CUST01069,Meera Sharma,11,28,264842.89,73247.21,27.66,1836,1307,1836,2,Medium-High Value
CUST00837,Aarav Mehta,12,30,264803.0,64851.06,24.49,1837,1904,1837,2,Medium-High Value
CUST02909,Rohan Singh,11,29,264743.47,58823.96,22.22,1838,2446,1838,2,Medium-High Value
CUST02531,Arjun Deshmukh,18,41,264742.96,62448.88,23.59,1839,2118,1839,2,Medium-High Value
CUST04688,Priya Deshmukh,16,39,264739.45,76427.37,28.87,1840,1111,1840,2,Medium-High Value
CUST03988,Ananya Gupta,16,38,264738.37,55270.69,20.88,1841,2759,1841,2,Medium-High Value
CUST02455,Arjun Kumar,11,28,264738.33,62102.67,23.46,1842,2140,1842,2,Medium-High Value
CUST04047,Ananya Gupta,11,24,264600.16,67741.15,25.6,1843,1697,1843,2,Medium-High Value
CUST02947,Vivaan Kumar,11,24,264376.51,64030.37,24.22,1844,1987,1844,2,Medium-High Value
CUST02764,Neha Verma,16,40,264371.81,53445.41,20.22,1845,2929,1845,2,Medium-High Value
CUST05728,Kavya Mehta,12,30,264369.92,54646.39,20.67,1846,2816,1846,2,Medium-High Value
CUST00550,Arjun Kumar,14,34,264364.99,56435.89,21.35,1847,2655,1847,2,Medium-High Value
CUST00138,Aarav Deshmukh,13,28,264232.18,54576.32,20.65,1848,2824,1848,2,Medium-High Value
CUST05300,Ananya Joshi,17,31,264196.81,70478.43,26.68,1849,1482,1849,2,Medium-High Value
CUST04791,Amit Mehta,10,29,264178.02,56550.87,21.41,1850,2645,1850,2,Medium-High Value
CUST02467,Aarav Kumar,15,29,264141.69,57552.4,21.79,1851,2565,1851,2,Medium-High Value
CUST02652,Rahul Kumar,16,37,264082.28,73697.86,27.91,1852,1277,1852,2,Medium-High Value
CUST03183,Aarav Shah,9,24,264062.81,68579.01,25.97,1853,1630,1853,2,Medium-High Value
CUST05772,Neha Mehta,10,28,264038.25,76528.4,28.98,1854,1106,1854,2,Medium-High Value
CUST05928,Sneha Singh,14,33,263886.16,68881.89,26.1,1855,1598,1855,2,Medium-High Value
CUST05459,Arjun Verma,12,38,263885.12,61793.36,23.42,1856,2172,1856,2,Medium-High Value
CUST05619,Amit Deshmukh,10,30,263769.03,67235.12,25.49,1857,1732,1857,2,Medium-High Value
CUST05401,Vivaan Singh,14,31,263761.05,66656.55,25.27,1858,1781,1858,2,Medium-High Value
CUST05017,Rahul Kumar,13,31,263733.07,68457.17,25.96,1859,1640,1859,2,Medium-High Value
CUST03616,Meera Kumar,11,28,263627.31,69330.45,26.3,1860,1571,1860,2,Medium-High Value
CUST04966,Meera Joshi,12,35,263568.57,64505.96,24.47,1861,1943,1861,2,Medium-High Value
CUST05389,Aditya Mhaske,9,27,263562.86,52616.65,19.96,1862,3010,1862,2,Medium-High Value
CUST03427,Neha Patil,15,28,263497.03,75358.71,28.6,1863,1177,1863,2,Medium-High Value
CUST01405,Kavya Verma,17,42,263450.18,56367.17,21.4,1864,2664,1864,2,Medium-High Value
CUST04113,Sneha Singh,14,35,263399.04,69883.06,26.53,1865,1525,1865,2,Medium-High Value
CUST05685,Amit Mehta,18,38,263353.29,73795.54,28.02,1866,1271,1866,2,Medium-High Value
CUST00761,Pooja Gupta,12,35,263268.23,54180.2,20.58,1867,2858,1867,2,Medium-High Value
CUST01563,Rahul Deshmukh,15,32,263229.62,67432.04,25.62,1868,1718,1868,2,Medium-High Value
CUST04973,Aditya Sharma,12,38,263209.09,61024.9,23.18,1869,2233,1869,2,Medium-High Value
CUST03233,Rahul Shah,14,28,263194.59,65993.3,25.07,1870,1825,1870,2,Medium-High Value
CUST04681,Priya Gupta,10,31,263179.46,60992.5,23.18,1871,2235,1871,2,Medium-High Value
CUST00999,Rahul Nair,12,29,263138.99,80333.1,30.53,1872,926,1872,2,Medium-High Value
CUST00849,Pooja Shah,13,44,263093.59,68296.22,25.96,1873,1655,1873,2,Medium-High Value
CUST01476,Rohan Shah,13,32,263005.55,60833.38,23.13,1874,2248,1874,2,Medium-High Value
CUST03864,Priya Shah,13,33,263003.15,67081.7,25.51,1875,1741,1875,2,Medium-High Value
CUST01758,Neha Gupta,14,26,262994.18,62957.7,23.94,1876,2067,1876,2,Medium-High Value
CUST00180,Vivaan Mhaske,17,41,262819.76,72259.63,27.49,1877,1368,1877,2,Medium-High Value
CUST00967,Rahul Joshi,12,28,262813.74,59315.28,22.57,1878,2398,1878,2,Medium-High Value
CUST03556,Neha Verma,16,30,262805.35,60138.57,22.88,1879,2319,1879,2,Medium-High Value
CUST00578,Meera Nair,19,40,262750.8,57039.7,21.71,1880,2601,1880,2,Medium-High Value
CUST03446,Isha Sharma,15,35,262717.29,71123.83,27.07,1881,1435,1881,2,Medium-High Value
CUST03796,Sneha Joshi,12,26,262523.96,69406.91,26.44,1882,1560,1882,2,Medium-High Value
CUST03171,Meera Kumar,12,33,262513.98,66472.25,25.32,1883,1796,1883,2,Medium-High Value
CUST03294,Ananya Verma,11,31,262481.34,50717.15,19.32,1884,3197,1884,2,Medium-High Value
CUST04932,Karan Patil,16,35,262464.63,65342.97,24.9,1885,1870,1885,2,Medium-High Value
CUST00645,Vivaan Gupta,13,34,262444.62,64855.03,24.71,1886,1902,1886,2,Medium-High Value
CUST02726,Aarav Sharma,13,33,262382.58,68927.35,26.27,1887,1594,1887,2,Medium-High Value
CUST05228,Aditya Nair,16,30,262371.89,62374.25,23.77,1888,2125,1888,2,Medium-High Value
CUST05538,Neha Nair,14,32,262358.36,70741.4,26.96,1889,1464,1889,2,Medium-High Value
CUST01653,Rahul Gupta,16,35,262300.65,52319.25,19.95,1890,3037,1890,2,Medium-High Value
CUST05683,Rohan Sharma,10,27,262225.89,72004.9,27.46,1891,1382,1891,2,Medium-High Value
CUST05490,Rohan Shah,12,23,262205.49,67460.16,25.73,1892,1716,1892,2,Medium-High Value
CUST04989,Isha Singh,13,32,262153.59,63430.14,24.2,1893,2030,1893,2,Medium-High Value
CUST05673,Priya Gupta,14,28,262088.04,70986.72,27.09,1894,1450,1894,2,Medium-High Value
CUST05467,Kavya Shah,13,27,262020.45,52832.13,20.16,1895,2985,1895,2,Medium-High Value
CUST05413,Karan Sharma,14,29,262017.82,73987.28,28.24,1896,1257,1896,2,Medium-High Value
CUST04539,Vivaan Joshi,14,38,262002.19,69704.09,26.6,1897,1537,1897,2,Medium-High Value
CUST03209,Rahul Mehta,14,27,261998.85,62637.01,23.91,1898,2099,1898,2,Medium-High Value
CUST04634,Arjun Kumar,17,38,261985.59,68423.21,26.12,1899,1644,1899,2,Medium-High Value
CUST04001,Priya Kumar,14,35,261876.95,54445.22,20.79,1900,2836,1900,2,Medium-High Value
CUST00592,Amit Verma,14,23,261823.55,78991.26,30.17,1901,978,1901,2,Medium-High Value
CUST01079,Aditya Mehta,13,32,261757.22,68438.8,26.15,1902,1642,1902,2,Medium-High Value
CUST04826,Rohan Joshi,10,30,261747.06,73141.33,27.94,1903,1311,1903,2,Medium-High Value
CUST05452,Meera Deshmukh,14,32,261685.73,48216.11,18.43,1904,3443,1904,2,Medium-High Value
CUST04329,Vivaan Mehta,12,34,261683.46,56509.43,21.59,1905,2647,1905,2,Medium-High Value
CUST05774,Arjun Nair,14,31,261650.69,40302.0,15.4,1906,4258,1906,2,Medium-High Value
CUST01217,Kavya Shah,12,28,261534.11,54089.82,20.68,1907,2866,1907,2,Medium-High Value
CUST04689,Pooja Gupta,15,34,261528.92,47906.56,18.32,1908,3472,1908,2,Medium-High Value
CUST02482,Ananya Kumar,14,36,261515.38,73387.56,28.06,1909,1298,1909,2,Medium-High Value
CUST05258,Aditya Singh,10,32,261437.28,68373.72,26.15,1910,1648,1910,2,Medium-High Value
CUST03029,Karan Sharma,17,41,261367.34,72424.31,27.71,1911,1351,1911,2,Medium-High Value
CUST00903,Kavya Deshmukh,14,31,261343.09,73248.44,28.03,1912,1306,1912,2,Medium-High Value
CUST00108,Sneha Verma,13,30,261341.45,51284.28,19.62,1913,3153,1913,2,Medium-High Value
CUST05343,Kavya Mhaske,14,39,261335.99,64708.18,24.76,1914,1921,1914,2,Medium-High Value
CUST00621,Vivaan Singh,15,27,261331.13,63534.28,24.31,1915,2018,1915,2,Medium-High Value
CUST04769,Ananya Mhaske,13,33,261319.68,60397.88,23.11,1916,2284,1916,2,Medium-High Value
CUST02574,Arjun Joshi,13,41,261318.16,61557.14,23.56,1917,2187,1917,2,Medium-High Value
CUST04871,Pooja Deshmukh,14,38,261279.37,56604.29,21.66,1918,2642,1918,2,Medium-High Value
CUST02112,Kavya Patil,13,36,261268.07,52533.45,20.11,1919,3017,1919,2,Medium-High Value
CUST01108,Rohan Joshi,16,31,261259.77,74491.47,28.51,1920,1231,1920,2,Medium-High Value
CUST04044,Rohan Gupta,15,30,261163.19,54559.46,20.89,1921,2826,1921,2,Medium-High Value
CUST04794,Aarav Gupta,17,35,261161.3,64583.39,24.73,1922,1931,1922,2,Medium-High Value
CUST00776,Pooja Mehta,10,28,261067.63,80971.88,31.02,1923,891,1923,2,Medium-High Value
CUST05135,Aarav Shah,19,39,261032.1,61421.12,23.53,1924,2201,1924,2,Medium-High Value
CUST00037,Meera Kumar,15,33,261023.8,65147.77,24.96,1925,1884,1925,2,Medium-High Value
CUST00025,Rahul Deshmukh,15,26,261016.04,70489.47,27.01,1926,1481,1926,2,Medium-High Value
CUST04051,Rahul Patil,12,36,261007.16,68898.56,26.4,1927,1597,1927,2,Medium-High Value
CUST02820,Aditya Gupta,12,32,260980.25,67567.13,25.89,1928,1709,1928,2,Medium-High Value
CUST04632,Sneha Shah,14,32,260977.79,74383.97,28.5,1929,1237,1929,2,Medium-High Value
CUST03099,Meera Verma,10,25,260808.46,62912.43,24.12,1930,2070,1930,2,Medium-High Value
CUST04593,Vivaan Kumar,15,27,260767.66,56717.89,21.75,1931,2629,1931,2,Medium-High Value
CUST04682,Meera Kumar,11,24,260750.18,63730.54,24.44,1932,2006,1932,2,Medium-High Value
CUST00911,Sneha Mhaske,18,42,260475.2,66003.76,25.34,1933,1823,1933,2,Medium-High Value
CUST03724,Arjun Patil,19,47,260408.37,64173.89,24.64,1934,1974,1934,2,Medium-High Value
CUST02912,Aditya Patil,14,34,260392.42,59612.3,22.89,1935,2370,1935,2,Medium-High Value
CUST04805,Kavya Nair,12,30,260350.96,69359.48,26.64,1936,1567,1936,2,Medium-High Value
CUST05383,Arjun Shah,11,29,260311.08,55079.76,21.16,1937,2776,1937,2,Medium-High Value
CUST02833,Rahul Sharma,16,31,260294.49,73033.7,28.06,1938,1320,1938,2,Medium-High Value
CUST01989,Kavya Shah,12,29,260267.34,75323.61,28.94,1939,1183,1939,2,Medium-High Value
CUST01692,Kavya Mehta,12,32,260256.63,73186.91,28.12,1940,1309,1940,2,Medium-High Value
CUST02871,Rahul Kumar,12,30,260240.14,55323.17,21.26,1941,2757,1941,2,Medium-High Value
CUST02450,Amit Deshmukh,10,22,260221.05,60743.83,23.34,1942,2253,1942,2,Medium-High Value
CUST03507,Aditya Shah,13,37,260219.78,80679.84,31.0,1943,909,1943,2,Medium-High Value
CUST01292,Aditya Kumar,16,33,260206.3,72289.13,27.78,1944,1366,1944,2,Medium-High Value
CUST02451,Isha Verma,15,38,260205.6,62827.0,24.15,1945,2076,1945,2,Medium-High Value
CUST02353,Meera Shah,11,32,260112.63,67514.19,25.96,1946,1712,1946,2,Medium-High Value
CUST00020,Priya Gupta,17,47,260109.15,57593.27,22.14,1947,2559,1947,2,Medium-High Value
CUST04726,Aarav Nair,11,28,259944.3,35115.57,13.51,1948,4734,1948,2,Medium-High Value
CUST04382,Arjun Mehta,10,22,259901.65,67033.92,25.79,1949,1748,1949,2,Medium-High Value
CUST03887,Ananya Mehta,11,37,259871.91,68699.9,26.44,1950,1619,1950,2,Medium-High Value
CUST03005,Meera Mehta,13,37,259809.25,62717.87,24.14,1951,2084,1951,2,Medium-High Value
CUST05738,Priya Patil,14,36,259798.04,52203.91,20.09,1952,3048,1952,2,Medium-High Value
CUST02618,Rahul Singh,14,40,259682.85,63967.85,24.63,1953,1991,1953,2,Medium-High Value
CUST05438,Karan Gupta,14,30,259667.59,56261.66,21.67,1954,2678,1954,2,Medium-High Value
CUST02055,Rohan Verma,13,34,259558.6,63562.91,24.49,1955,2016,1955,2,Medium-High Value
CUST01827,Amit Shah,13,34,259545.26,65915.75,25.4,1956,1827,1956,2,Medium-High Value
CUST03748,Ananya Nair,13,33,259540.69,77335.24,29.8,1957,1059,1957,2,Medium-High Value
CUST00014,Rahul Shah,15,32,259465.24,69624.97,26.83,1958,1543,1958,2,Medium-High Value
CUST02843,Vivaan Deshmukh,14,33,259416.93,67493.82,26.02,1959,1714,1959,2,Medium-High Value
CUST00781,Amit Kumar,11,29,259320.84,67686.69,26.1,1960,1700,1960,2,Medium-High Value
CUST01745,Priya Kumar,15,35,259272.08,53392.7,20.59,1961,2934,1961,2,Medium-High Value
CUST01861,Rohan Verma,13,27,259248.67,51907.05,20.02,1962,3076,1962,2,Medium-High Value
CUST05670,Priya Singh,10,28,259224.06,66506.29,25.66,1963,1793,1963,2,Medium-High Value
CUST00044,Kavya Nair,13,25,259173.29,67820.91,26.17,1964,1693,1964,2,Medium-High Value
CUST01907,Isha Shah,15,35,259172.7,58807.83,22.69,1965,2448,1965,2,Medium-High Value
CUST04568,Ananya Mehta,14,33,258988.23,61237.9,23.65,1966,2214,1966,2,Medium-High Value
CUST02245,Karan Deshmukh,12,33,258869.99,68355.35,26.41,1967,1650,1967,2,Medium-High Value
CUST05838,Meera Singh,14,35,258846.68,70371.85,27.19,1968,1490,1968,2,Medium-High Value
CUST01231,Neha Joshi,10,32,258817.99,52223.2,20.18,1969,3043,1969,2,Medium-High Value
CUST01775,Priya Mehta,17,34,258761.26,60181.09,23.26,1970,2316,1970,2,Medium-High Value
CUST05959,Neha Singh,15,34,258675.95,58985.0,22.8,1971,2432,1971,2,Medium-High Value
CUST02010,Amit Mhaske,11,25,258652.35,54636.93,21.12,1972,2818,1972,2,Medium-High Value
CUST04893,Rahul Gupta,13,32,258628.37,62861.86,24.31,1973,2074,1973,2,Medium-High Value
CUST05307,Amit Patil,15,37,258532.27,59880.1,23.16,1974,2347,1974,2,Medium-High Value
CUST02161,Isha Shah,16,45,258462.7,61157.43,23.66,1975,2223,1975,2,Medium-High Value
CUST03369,Priya Verma,11,29,258372.9,60269.33,23.33,1976,2307,1976,2,Medium-High Value
CUST04630,Ananya Mhaske,18,37,258307.13,69642.53,26.96,1977,1540,1977,2,Medium-High Value
CUST04206,Isha Singh,15,29,258298.83,65755.68,25.46,1978,1836,1978,2,Medium-High Value
CUST05326,Pooja Patil,13,35,258254.83,58421.06,22.62,1979,2480,1979,2,Medium-High Value
CUST05749,Aarav Mhaske,12,30,258249.05,69802.84,27.03,1980,1531,1980,2,Medium-High Value
CUST05963,Amit Shah,14,30,258216.69,47636.34,18.45,1981,3500,1981,2,Medium-High Value
CUST03607,Aditya Verma,13,37,258177.2,76950.48,29.81,1982,1081,1982,2,Medium-High Value
CUST05702,Arjun Verma,13,27,258165.03,58670.9,22.73,1983,2463,1983,2,Medium-High Value
CUST04402,Kavya Sharma,10,30,258117.74,73097.82,28.32,1984,1316,1984,2,Medium-High Value
CUST03059,Arjun Verma,15,43,258087.74,66455.03,25.75,1985,1797,1985,2,Medium-High Value
CUST05015,Rohan Kumar,17,33,258021.03,65801.94,25.5,1986,1831,1986,2,Medium-High Value
CUST03538,Meera Sharma,13,35,257959.29,56701.06,21.98,1987,2630,1987,2,Medium-High Value
CUST04744,Isha Joshi,17,38,257946.55,69092.95,26.79,1988,1585,1988,2,Medium-High Value
CUST05662,Neha Sharma,11,28,257778.91,53142.2,20.62,1989,2961,1989,2,Medium-High Value
CUST04627,Rohan Joshi,12,36,257721.63,47834.59,18.56,1990,3478,1990,2,Medium-High Value
CUST00293,Isha Nair,13,29,257672.52,55172.05,21.41,1991,2771,1991,2,Medium-High Value
CUST03781,Aarav Mehta,12,36,257518.32,65257.04,25.34,1992,1877,1992,2,Medium-High Value
CUST02444,Vivaan Deshmukh,11,27,257513.24,60242.49,23.39,1993,2308,1993,2,Medium-High Value
CUST01952,Rahul Verma,18,39,257433.56,54252.83,21.07,1994,2850,1994,2,Medium-High Value
CUST01442,Rohan Deshmukh,12,29,257414.68,77061.83,29.94,1995,1073,1995,2,Medium-High Value
CUST02838,Vivaan Verma,15,35,257330.53,65481.37,25.45,1996,1856,1996,2,Medium-High Value
CUST03997,Vivaan Patil,8,24,257280.61,74243.27,28.86,1997,1247,1997,2,Medium-High Value
CUST01148,Isha Sharma,16,49,257210.61,56720.57,22.05,1998,2628,1998,2,Medium-High Value
CUST05462,Vivaan Kumar,14,31,257204.29,64104.45,24.92,1999,1981,1999,2,Medium-High Value
CUST02383,Isha Mehta,12,27,257161.36,86011.61,33.45,2000,667,2000,2,Medium-High Value
CUST04319,Isha Sharma,11,36,257139.3,65099.04,25.32,2001,1888,2001,2,Medium-High Value
CUST01730,Amit Nair,15,36,257056.05,47175.61,18.35,2002,3540,2002,2,Medium-High Value
CUST02553,Neha Sharma,13,32,256993.91,81844.49,31.85,2003,855,2003,2,Medium-High Value
CUST02060,Aarav Joshi,12,34,256974.54,55062.51,21.43,2004,2779,2004,2,Medium-High Value
CUST04897,Aditya Mehta,16,40,256927.76,64839.4,25.24,2005,1905,2005,2,Medium-High Value
CUST03816,Rahul Sharma,12,30,256907.51,54178.01,21.09,2006,2859,2006,2,Medium-High Value
CUST02977,Rahul Verma,15,36,256794.87,51594.73,20.09,2007,3117,2007,2,Medium-High Value
CUST04152,Neha Singh,12,30,256753.04,71641.88,27.9,2008,1406,2008,2,Medium-High Value
CUST00886,Vivaan Gupta,14,36,256731.86,50289.86,19.59,2009,3232,2009,2,Medium-High Value
CUST00918,Amit Deshmukh,12,32,256715.88,67073.87,26.13,2010,1745,2010,2,Medium-High Value
CUST02881,Rohan Gupta,18,32,256698.37,73486.77,28.63,2011,1292,2011,2,Medium-High Value
CUST03111,Kavya Gupta,14,30,256648.56,63608.64,24.78,2012,2012,2012,2,Medium-High Value
CUST04497,Aditya Gupta,19,38,256456.34,65653.13,25.6,2013,1847,2013,2,Medium-High Value
CUST02981,Karan Kumar,12,29,256403.44,72171.45,28.15,2014,1374,2014,2,Medium-High Value
CUST04412,Amit Shah,15,38,256371.72,48391.64,18.88,2015,3423,2015,2,Medium-High Value
CUST01132,Vivaan Shah,14,33,256318.1,57876.23,22.58,2016,2531,2016,2,Medium-High Value
CUST01356,Aditya Gupta,14,30,256308.05,52484.98,20.48,2017,3019,2017,2,Medium-High Value
CUST02591,Neha Joshi,10,24,256301.99,65580.1,25.59,2018,1852,2018,2,Medium-High Value
CUST01748,Kavya Patil,19,37,256300.16,66599.32,25.98,2019,1787,2019,2,Medium-High Value
CUST05109,Vivaan Mehta,10,31,256271.11,71305.67,27.82,2020,1423,2020,2,Medium-High Value
CUST03452,Neha Mhaske,13,33,256255.89,68267.03,26.64,2021,1657,2021,2,Medium-High Value
CUST01433,Aditya Joshi,14,29,256203.62,49687.27,19.39,2022,3296,2022,2,Medium-High Value
CUST05497,Meera Joshi,15,34,256189.76,76330.36,29.79,2023,1120,2023,2,Medium-High Value
CUST05100,Rohan Mehta,12,26,256172.04,72469.46,28.29,2024,1347,2024,2,Medium-High Value
CUST04698,Aditya Kumar,7,26,256150.72,76613.11,29.91,2025,1096,2025,2,Medium-High Value
CUST02014,Sneha Nair,17,41,256138.04,69175.48,27.01,2026,1580,2026,2,Medium-High Value
CUST04189,Karan Patil,12,30,256071.71,61119.33,23.87,2027,2227,2027,2,Medium-High Value
CUST04472,Rohan Gupta,14,33,255997.06,68789.91,26.87,2028,1606,2028,2,Medium-High Value
CUST04985,Rohan Gupta,13,32,255763.66,66393.54,25.96,2029,1804,2029,2,Medium-High Value
CUST02067,Kavya Verma,14,35,255747.79,51714.92,20.22,2030,3099,2030,2,Medium-High Value
CUST05314,Isha Nair,11,33,255735.18,67844.9,26.53,2031,1691,2031,2,Medium-High Value
CUST04977,Pooja Patil,14,33,255720.97,66610.67,26.05,2032,1784,2032,2,Medium-High Value
CUST00850,Amit Verma,14,35,255705.58,46546.96,18.2,2033,3604,2033,2,Medium-High Value
CUST05770,Kavya Patil,12,26,255643.71,51555.14,20.17,2034,3121,2034,2,Medium-High Value
CUST00548,Vivaan Singh,11,31,255625.08,50927.82,19.92,2035,3179,2035,2,Medium-High Value
CUST00067,Rahul Gupta,13,30,255595.7,69676.47,27.26,2036,1538,2036,2,Medium-High Value
CUST05146,Kavya Mehta,14,33,255571.2,63698.8,24.92,2037,2007,2037,2,Medium-High Value
CUST02664,Aarav Sharma,11,22,255561.42,69320.69,27.12,2038,1572,2038,2,Medium-High Value
CUST01389,Sneha Nair,13,34,255540.17,83465.79,32.66,2039,766,2039,2,Medium-High Value
CUST05924,Rohan Gupta,12,27,255537.56,67750.38,26.51,2040,1696,2040,2,Medium-High Value
CUST00196,Rohan Shah,12,29,255524.8,56947.59,22.29,2041,2609,2041,2,Medium-High Value
CUST01595,Aarav Verma,9,22,255396.77,67075.97,26.26,2042,1744,2042,2,Medium-High Value
CUST02322,Priya Gupta,12,24,255347.74,59067.98,23.13,2043,2422,2043,2,Medium-High Value
CUST01477,Vivaan Kumar,13,38,255287.17,73675.64,28.86,2044,1279,2044,2,Medium-High Value
CUST03668,Kavya Sharma,16,25,255278.86,69267.07,27.13,2045,1573,2045,2,Medium-High Value
CUST04034,Priya Nair,18,37,255263.74,69009.16,27.03,2046,1589,2046,2,Medium-High Value
CUST01597,Priya Mhaske,17,37,255257.45,58911.1,23.08,2047,2440,2047,2,Medium-High Value
CUST00230,Priya Gupta,17,38,255242.7,82635.58,32.38,2048,807,2048,2,Medium-High Value
CUST00334,Meera Mhaske,14,34,255236.34,62646.26,24.54,2049,2095,2049,2,Medium-High Value
CUST04162,Sneha Patil,14,24,255235.35,61394.22,24.05,2050,2205,2050,2,Medium-High Value
CUST03143,Rohan Mehta,10,25,255198.62,68805.22,26.96,2051,1605,2051,2,Medium-High Value
CUST03661,Kavya Gupta,14,34,255153.23,57755.47,22.64,2052,2544,2052,2,Medium-High Value
CUST04381,Priya Nair,13,33,255142.48,68709.31,26.93,2053,1618,2053,2,Medium-High Value
CUST03204,Amit Mehta,11,29,255140.37,76245.11,29.88,2054,1124,2054,2,Medium-High Value
CUST00553,Karan Mhaske,14,39,255100.87,59710.96,23.41,2055,2361,2055,2,Medium-High Value
CUST00187,Karan Singh,11,24,255096.01,68383.95,26.81,2056,1646,2056,2,Medium-High Value
CUST04316,Vivaan Shah,15,34,255053.3,55895.89,21.92,2057,2709,2057,2,Medium-High Value
CUST01045,Amit Sharma,14,41,255049.66,59047.15,23.15,2058,2427,2058,2,Medium-High Value
CUST01056,Aarav Deshmukh,14,35,254980.04,75911.63,29.77,2059,1141,2059,2,Medium-High Value
CUST04870,Neha Sharma,14,41,254974.29,57144.6,22.41,2060,2590,2060,2,Medium-High Value
CUST00851,Vivaan Joshi,14,28,254880.9,59418.92,23.31,2061,2389,2061,2,Medium-High Value
CUST01304,Pooja Joshi,11,26,254784.97,45489.61,17.85,2062,3716,2062,2,Medium-High Value
CUST01644,Karan Mehta,13,32,254780.06,57556.0,22.59,2063,2564,2063,2,Medium-High Value
CUST05682,Meera Singh,14,26,254777.49,56799.18,22.29,2064,2621,2064,2,Medium-High Value
CUST02284,Amit Mehta,13,33,254759.0,67940.04,26.67,2065,1681,2065,2,Medium-High Value
CUST04943,Sneha Mehta,13,32,254719.55,53635.97,21.06,2066,2911,2066,2,Medium-High Value
CUST00809,Priya Mhaske,16,30,254697.83,66436.25,26.08,2067,1799,2067,2,Medium-High Value
CUST02209,Meera Nair,11,28,254640.97,69356.73,27.24,2068,1569,2068,2,Medium-High Value
CUST04608,Pooja Mehta,21,41,254611.47,70201.37,27.57,2069,1503,2069,2,Medium-High Value
CUST05657,Rohan Nair,11,28,254539.15,80280.81,31.54,2070,927,2070,2,Medium-High Value
CUST01439,Rohan Nair,14,38,254504.92,76806.21,30.18,2071,1086,2071,2,Medium-High Value
CUST03039,Arjun Mehta,12,26,254490.24,57010.29,22.4,2072,2605,2072,2,Medium-High Value
CUST04045,Vivaan Deshmukh,17,34,254430.9,73278.72,28.8,2073,1303,2073,2,Medium-High Value
CUST04721,Aditya Shah,14,42,254423.7,61723.67,24.26,2074,2179,2074,2,Medium-High Value
CUST04401,Sneha Mhaske,12,25,254417.36,64462.47,25.34,2075,1947,2075,2,Medium-High Value
CUST04267,Vivaan Nair,15,41,254348.29,50003.98,19.66,2076,3256,2076,2,Medium-High Value
CUST05833,Sneha Singh,16,40,254343.68,53350.93,20.98,2077,2936,2077,2,Medium-High Value
CUST04429,Kavya Shah,12,27,254324.97,62454.73,24.56,2078,2116,2078,2,Medium-High Value
CUST01452,Meera Singh,11,32,254309.95,53944.98,21.21,2079,2877,2079,2,Medium-High Value
CUST01141,Karan Joshi,13,35,254296.75,56320.09,22.15,2080,2667,2080,2,Medium-High Value
CUST05069,Aarav Kumar,13,25,254291.52,60060.33,23.62,2081,2331,2081,2,Medium-High Value
CUST03925,Sneha Singh,11,28,254284.11,69566.11,27.36,2082,1546,2082,2,Medium-High Value
CUST01081,Sneha Kumar,16,36,254266.31,56028.95,22.04,2083,2698,2083,2,Medium-High Value
CUST02002,Vivaan Joshi,15,43,254237.75,71785.53,28.24,2084,1399,2084,2,Medium-High Value
CUST02342,Ananya Verma,10,25,254189.24,75483.86,29.7,2085,1169,2085,2,Medium-High Value
CUST05945,Neha Gupta,12,33,254177.22,69404.2,27.31,2086,1561,2086,2,Medium-High Value
CUST00236,Amit Sharma,13,41,254155.16,64058.89,25.2,2087,1985,2087,2,Medium-High Value
CUST03161,Aarav Gupta,8,26,254141.85,71718.03,28.22,2088,1403,2088,2,Medium-High Value
CUST04230,Karan Nair,9,30,254126.74,72809.75,28.65,2089,1333,2089,2,Medium-High Value
CUST00961,Priya Verma,19,46,254122.64,59411.88,23.38,2090,2391,2090,2,Medium-High Value
CUST05455,Pooja Kumar,15,30,254120.19,80850.71,31.82,2091,899,2091,2,Medium-High Value
CUST01765,Aditya Sharma,13,32,254097.09,39155.68,15.41,2092,4367,2092,2,Medium-High Value
CUST00410,Aarav Gupta,18,39,254067.24,70404.35,27.71,2093,1487,2093,2,Medium-High Value
CUST00253,Meera Verma,17,32,254051.32,65336.12,25.72,2094,1871,2094,2,Medium-High Value
CUST03529,Isha Patil,8,29,254034.08,56616.85,22.29,2095,2640,2095,2,Medium-High Value
CUST04280,Aarav Nair,16,35,254023.8,67886.08,26.72,2096,1685,2096,2,Medium-High Value
CUST02719,Rahul Mehta,10,28,253998.09,76062.53,29.95,2097,1134,2097,2,Medium-High Value
CUST00673,Neha Patil,13,35,253984.74,39079.68,15.39,2098,4374,2098,2,Medium-High Value
CUST05372,Aarav Mhaske,13,32,253971.56,61913.82,24.38,2099,2160,2099,2,Medium-High Value
CUST02088,Rahul Shah,12,36,253941.71,69835.36,27.5,2100,1529,2100,2,Medium-High Value
CUST02667,Isha Verma,12,31,253862.21,41365.19,16.29,2101,4132,2101,2,Medium-High Value
CUST03828,Priya Patil,13,30,253847.81,63737.82,25.11,2102,2004,2102,2,Medium-High Value
CUST00451,Aarav Kumar,10,24,253831.83,68382.49,26.94,2103,1647,2103,2,Medium-High Value
CUST02994,Isha Joshi,18,35,253827.94,66193.86,26.08,2104,1810,2104,2,Medium-High Value
CUST03879,Aarav Verma,20,51,253800.18,51608.48,20.33,2105,3114,2105,2,Medium-High Value
CUST03884,Rahul Patil,12,31,253798.79,45850.94,18.07,2106,3682,2106,2,Medium-High Value
CUST03760,Sneha Shah,11,29,253783.04,65326.58,25.74,2107,1873,2107,2,Medium-High Value
CUST05259,Rahul Sharma,12,26,253742.71,67371.8,26.55,2108,1723,2108,2,Medium-High Value
CUST05365,Rohan Shah,15,38,253741.95,53876.89,21.23,2109,2885,2109,2,Medium-High Value
CUST00159,Ananya Mehta,12,27,253734.1,75165.9,29.62,2110,1195,2110,2,Medium-High Value
CUST00400,Pooja Kumar,16,34,253704.04,61534.89,24.25,2111,2189,2111,2,Medium-High Value
CUST04764,Amit Shah,12,27,253604.62,58642.87,23.12,2112,2467,2112,2,Medium-High Value
CUST00362,Karan Joshi,12,32,253538.59,67467.73,26.61,2113,1715,2113,2,Medium-High Value
CUST00028,Vivaan Nair,9,27,253536.02,76497.0,30.17,2114,1108,2114,2,Medium-High Value
CUST03444,Rohan Sharma,12,26,253496.57,71092.62,28.04,2115,1440,2115,2,Medium-High Value
CUST03640,Rohan Nair,14,34,253443.29,63440.53,25.03,2116,2027,2116,2,Medium-High Value
CUST03550,Sneha Mhaske,12,33,253390.04,50971.95,20.12,2117,3175,2117,2,Medium-High Value
CUST03516,Isha Shah,11,28,253388.7,66601.57,26.28,2118,1786,2118,2,Medium-High Value
CUST03717,Aarav Joshi,13,28,253377.02,62988.48,24.86,2119,2062,2119,2,Medium-High Value
CUST05731,Amit Joshi,13,34,253335.54,70531.29,27.84,2120,1478,2120,2,Medium-High Value
CUST05197,Karan Mhaske,15,34,253229.78,59442.31,23.47,2121,2387,2121,2,Medium-High Value
CUST02872,Vivaan Mhaske,11,36,253195.46,58853.47,23.24,2122,2444,2122,2,Medium-High Value
CUST00723,Aditya Shah,12,35,253181.95,58129.07,22.96,2123,2506,2123,2,Medium-High Value
CUST00167,Kavya Verma,12,22,253146.39,78596.84,31.05,2124,999,2124,2,Medium-High Value
CUST05491,Arjun Mehta,15,28,253099.26,56553.65,22.34,2125,2644,2125,2,Medium-High Value
CUST04931,Isha Singh,15,34,253000.75,51787.33,20.47,2126,3088,2126,2,Medium-High Value
CUST02460,Rohan Verma,13,36,252948.13,51900.32,20.52,2127,3077,2127,2,Medium-High Value
CUST00552,Neha Deshmukh,16,32,252916.64,48369.16,19.12,2128,3427,2128,2,Medium-High Value
CUST02835,Aditya Kumar,16,34,252914.59,69002.08,27.28,2129,1590,2129,2,Medium-High Value
CUST05296,Rohan Nair,9,27,252871.21,70521.66,27.89,2130,1479,2130,2,Medium-High Value
CUST00346,Rohan Nair,20,39,252824.02,75794.75,29.98,2131,1144,2131,2,Medium-High Value
CUST04086,Kavya Gupta,18,35,252730.32,70024.75,27.71,2132,1516,2132,2,Medium-High Value
CUST03178,Kavya Kumar,13,35,252720.97,70106.08,27.74,2133,1511,2133,2,Medium-High Value
CUST03237,Priya Singh,15,28,252668.7,76395.2,30.24,2134,1115,2134,2,Medium-High Value
CUST01160,Pooja Kumar,16,39,252621.18,56347.37,22.31,2135,2665,2135,2,Medium-High Value
CUST01627,Karan Deshmukh,14,31,252621.05,49423.18,19.56,2136,3318,2136,2,Medium-High Value
CUST01277,Amit Verma,10,25,252518.5,56805.71,22.5,2137,2620,2137,2,Medium-High Value
CUST05518,Aditya Nair,17,44,252474.09,63131.82,25.01,2138,2054,2138,2,Medium-High Value
CUST02653,Sneha Sharma,17,40,252466.9,57047.01,22.6,2139,2599,2139,2,Medium-High Value
CUST05396,Aarav Joshi,15,46,252452.72,76789.35,30.42,2140,1087,2140,2,Medium-High Value
CUST03091,Ananya Patil,15,37,252443.43,55509.37,21.99,2141,2740,2141,2,Medium-High Value
CUST03836,Aditya Mhaske,13,28,252435.53,64401.56,25.51,2142,1951,2142,2,Medium-High Value
CUST03784,Isha Verma,15,34,252434.85,55764.28,22.09,2143,2717,2143,2,Medium-High Value
CUST02681,Rohan Shah,17,40,252402.8,57710.68,22.86,2144,2549,2144,2,Medium-High Value
CUST03994,Ananya Patil,14,39,252400.48,61075.31,24.2,2145,2230,2145,2,Medium-High Value
CUST03744,Kavya Verma,10,30,252392.28,75274.66,29.82,2146,1186,2146,2,Medium-High Value
CUST04849,Meera Verma,10,22,252321.21,70652.62,28.0,2147,1467,2147,2,Medium-High Value
CUST04918,Isha Singh,13,35,252317.85,46104.5,18.27,2148,3656,2148,2,Medium-High Value
CUST01574,Isha Mehta,13,31,252308.67,58033.53,23.0,2149,2518,2149,2,Medium-High Value
CUST03546,Amit Nair,15,37,252291.15,60023.78,23.79,2150,2333,2150,2,Medium-High Value
CUST01706,Ananya Kumar,12,32,252279.07,53464.85,21.19,2151,2926,2151,2,Medium-High Value
CUST03729,Karan Gupta,13,33,252163.69,64763.75,25.68,2152,1914,2152,2,Medium-High Value
CUST01537,Aditya Shah,12,38,252104.81,58321.06,23.13,2153,2489,2153,2,Medium-High Value
CUST04978,Arjun Patil,12,26,252096.62,57144.04,22.67,2154,2591,2154,2,Medium-High Value
CUST00015,Meera Singh,13,31,252059.25,56286.43,22.33,2155,2673,2155,2,Medium-High Value
CUST03242,Pooja Shah,12,25,252003.3,77038.35,30.57,2156,1076,2156,2,Medium-High Value
CUST05508,Pooja Deshmukh,15,31,251944.2,68789.83,27.3,2157,1607,2157,2,Medium-High Value
CUST04245,Vivaan Sharma,12,31,251932.63,65330.95,25.93,2158,1872,2158,2,Medium-High Value
CUST00786,Arjun Mhaske,10,27,251928.29,64476.91,25.59,2159,1945,2159,2,Medium-High Value
CUST02192,Rohan Sharma,12,28,251909.52,57399.53,22.79,2160,2575,2160,2,Medium-High Value
CUST05356,Aarav Joshi,16,39,251908.5,61658.1,24.48,2161,2183,2161,2,Medium-High Value
CUST03024,Rohan Patil,14,32,251833.95,57892.68,22.99,2162,2530,2162,2,Medium-High Value
CUST05617,Sneha Patil,10,23,251823.99,76565.38,30.4,2163,1101,2163,2,Medium-High Value
CUST03754,Arjun Patil,12,27,251822.51,61811.0,24.55,2164,2171,2164,2,Medium-High Value
CUST01018,Neha Nair,13,23,251785.22,60338.54,23.96,2165,2298,2165,2,Medium-High Value
CUST05280,Karan Sharma,12,30,251763.21,57684.28,22.91,2166,2551,2166,2,Medium-High Value
CUST03180,Kavya Patil,15,38,251740.69,62220.53,24.72,2167,2134,2167,2,Medium-High Value
CUST01617,Priya Shah,13,36,251712.35,47252.41,18.77,2168,3530,2168,2,Medium-High Value
CUST05369,Rahul Kumar,10,26,251619.1,67031.77,26.64,2169,1749,2169,2,Medium-High Value
CUST01716,Isha Joshi,20,43,251597.77,40507.58,16.1,2170,4243,2170,2,Medium-High Value
CUST05879,Rahul Mehta,11,33,251574.81,51545.5,20.49,2171,3123,2171,2,Medium-High Value
CUST02628,Rohan Singh,17,41,251488.51,64897.72,25.81,2172,1899,2172,2,Medium-High Value
CUST03536,Ananya Mehta,13,30,251436.47,71107.39,28.28,2173,1437,2173,2,Medium-High Value
CUST01562,Neha Kumar,16,36,251369.55,65669.12,26.12,2174,1844,2174,2,Medium-High Value
CUST03769,Vivaan Deshmukh,17,40,251333.02,64534.59,25.68,2175,1937,2175,2,Medium-High Value
CUST02507,Meera Joshi,11,37,251289.62,61173.68,24.34,2176,2221,2176,2,Medium-High Value
CUST01694,Isha Mehta,12,32,251262.97,48319.89,19.23,2177,3432,2177,2,Medium-High Value
CUST00741,Pooja Mehta,12,25,251240.5,58695.91,23.36,2178,2460,2178,2,Medium-High Value
CUST02925,Aditya Gupta,13,37,251183.79,75398.61,30.02,2179,1174,2179,2,Medium-High Value
CUST04733,Aarav Deshmukh,10,22,251152.98,57106.84,22.74,2180,2594,2180,2,Medium-High Value
CUST04565,Neha Sharma,13,28,251141.66,41433.82,16.5,2181,4129,2181,2,Medium-High Value
CUST02183,Rohan Mhaske,15,33,251098.82,62758.01,24.99,2182,2077,2182,2,Medium-High Value
CUST01243,Pooja Nair,14,33,251089.8,57515.09,22.91,2183,2566,2183,2,Medium-High Value
CUST03016,Pooja Mehta,13,31,251080.34,61530.97,24.51,2184,2190,2184,2,Medium-High Value
CUST03581,Ananya Shah,14,27,251075.14,72998.04,29.07,2185,1323,2185,2,Medium-High Value
CUST01418,Meera Sharma,14,30,251068.89,68095.82,27.12,2186,1670,2186,2,Medium-High Value
CUST05592,Priya Sharma,10,27,251004.69,72165.1,28.75,2187,1375,2187,2,Medium-High Value
CUST01424,Arjun Shah,16,38,251000.41,65690.61,26.17,2188,1839,2188,2,Medium-High Value
CUST05929,Aditya Mehta,9,24,250988.8,63533.26,25.31,2189,2019,2189,2,Medium-High Value
CUST00722,Ananya Sharma,14,35,250973.0,56928.98,22.68,2190,2612,2190,2,Medium-High Value
CUST05715,Karan Mehta,13,32,250969.91,78198.43,31.16,2191,1020,2191,2,Medium-High Value
CUST00457,Ananya Deshmukh,13,31,250954.81,70662.57,28.16,2192,1466,2192,2,Medium-High Value
CUST03456,Priya Patil,13,33,250954.13,72338.08,28.83,2193,1360,2193,2,Medium-High Value
CUST00822,Isha Gupta,11,30,250938.73,62051.11,24.73,2194,2150,2194,2,Medium-High Value
CUST01040,Meera Singh,16,39,250933.07,63432.3,25.28,2195,2029,2195,2,Medium-High Value
CUST03212,Karan Kumar,15,32,250900.7,79626.16,31.74,2196,949,2196,2,Medium-High Value
CUST04735,Karan Shah,16,38,250874.97,61289.18,24.43,2197,2209,2197,2,Medium-High Value
CUST00155,Kavya Patil,10,32,250770.16,64830.17,25.85,2198,1908,2198,2,Medium-High Value
CUST04399,Karan Deshmukh,12,32,250767.37,71428.42,28.48,2199,1416,2199,2,Medium-High Value
CUST02431,Rohan Kumar,16,35,250618.02,48869.95,19.5,2200,3375,2200,2,Medium-High Value
CUST04286,Kavya Verma,11,31,250579.62,74527.62,29.74,2201,1230,2201,2,Medium-High Value
CUST01884,Meera Verma,11,25,250574.58,73692.29,29.41,2202,1278,2202,2,Medium-High Value
CUST03395,Aditya Nair,11,22,250549.01,79300.91,31.65,2203,963,2203,2,Medium-High Value
CUST03075,Meera Mhaske,15,34,250534.46,54345.93,21.69,2204,2842,2204,2,Medium-High Value
CUST04886,Ananya Gupta,17,29,250534.15,66088.72,26.38,2205,1818,2205,2,Medium-High Value
CUST04024,Meera Sharma,12,39,250469.6,62350.75,24.89,2206,2128,2206,2,Medium-High Value
CUST01493,Ananya Shah,14,38,250466.66,45814.9,18.29,2207,3686,2207,2,Medium-High Value
CUST00510,Meera Singh,17,39,250455.3,66094.28,26.39,2208,1817,2208,2,Medium-High Value
CUST00872,Ananya Singh,14,36,250437.4,62474.27,24.95,2209,2115,2209,2,Medium-High Value
CUST05338,Arjun Deshmukh,16,46,250334.64,53559.57,21.4,2210,2916,2210,2,Medium-High Value
CUST05263,Aditya Kumar,13,24,250280.25,79794.65,31.88,2211,942,2211,2,Medium-High Value
CUST03390,Priya Nair,12,35,250266.07,65763.7,26.28,2212,1833,2212,2,Medium-High Value
CUST05938,Aditya Gupta,12,34,250249.07,63659.92,25.44,2213,2011,2213,2,Medium-High Value
CUST02063,Kavya Mhaske,12,28,250142.67,68503.35,27.39,2214,1636,2214,2,Medium-High Value
CUST02709,Karan Nair,16,25,250142.07,61316.69,24.51,2215,2208,2215,2,Medium-High Value
CUST05445,Arjun Nair,13,35,250082.06,75262.25,30.1,2216,1188,2216,2,Medium-High Value
CUST05709,Ananya Nair,12,26,250058.07,64249.68,25.69,2217,1970,2217,2,Medium-High Value
CUST05513,Kavya Patil,11,27,250054.31,58801.96,23.52,2218,2449,2218,2,Medium-High Value
CUST05822,Priya Deshmukh,14,29,250041.14,59834.05,23.93,2219,2353,2219,2,Medium-High Value
CUST04846,Ananya Mehta,14,31,249962.64,58900.92,23.56,2220,2441,2220,2,Medium-High Value
CUST02230,Neha Sharma,14,41,249928.37,53034.13,21.22,2221,2970,2221,2,Medium-High Value
CUST05351,Rahul Singh,12,31,249868.46,70211.8,28.1,2222,1501,2222,2,Medium-High Value
CUST00238,Rohan Verma,11,22,249843.55,69459.2,27.8,2223,1557,2223,2,Medium-High Value
CUST05850,Meera Kumar,15,33,249812.62,64143.55,25.68,2224,1977,2224,2,Medium-High Value
CUST02048,Pooja Verma,11,28,249770.57,72664.03,29.09,2225,1335,2225,2,Medium-High Value
CUST04535,Priya Kumar,9,22,249712.51,73029.0,29.25,2226,1321,2226,2,Medium-High Value
CUST02986,Kavya Joshi,13,32,249602.81,57752.44,23.14,2227,2545,2227,2,Medium-High Value
CUST04038,Sneha Mhaske,10,29,249596.53,63468.93,25.43,2228,2025,2228,2,Medium-High Value
CUST01680,Sneha Singh,16,28,249553.6,56764.58,22.75,2229,2625,2229,2,Medium-High Value
CUST04173,Sneha Shah,15,40,249511.87,67580.61,27.09,2230,1707,2230,2,Medium-High Value
CUST05661,Kavya Patil,16,35,249508.53,58591.52,23.48,2231,2472,2231,2,Medium-High Value
CUST04107,Neha Joshi,17,36,249492.63,60208.04,24.13,2232,2313,2232,2,Medium-High Value
CUST01883,Arjun Singh,14,40,249473.01,49995.19,20.04,2233,3257,2233,2,Medium-High Value
CUST02677,Neha Gupta,13,26,249421.69,61882.26,24.81,2234,2165,2234,2,Medium-High Value
CUST00838,Isha Nair,14,30,249410.8,53709.9,21.53,2235,2903,2235,2,Medium-High Value
CUST04734,Rohan Singh,7,26,249409.28,45170.06,18.11,2236,3747,2236,2,Medium-High Value
CUST02840,Isha Shah,13,38,249356.15,50848.31,20.39,2237,3186,2237,2,Medium-High Value
CUST00169,Pooja Patil,13,36,249303.77,64339.15,25.81,2238,1962,2238,2,Medium-High Value
CUST02570,Sneha Kumar,16,40,249298.81,59301.83,23.79,2239,2399,2239,2,Medium-High Value
CUST01376,Rohan Patil,11,29,249261.51,76542.72,30.71,2240,1104,2240,2,Medium-High Value
CUST03335,Karan Kumar,11,26,249231.21,71882.15,28.84,2241,1391,2241,2,Medium-High Value
CUST00764,Ananya Gupta,16,35,249183.56,48636.54,19.52,2242,3400,2242,2,Medium-High Value
CUST05242,Isha Verma,13,31,249116.92,61199.31,24.57,2243,2216,2243,2,Medium-High Value
CUST02115,Isha Verma,10,29,249103.98,65383.94,26.25,2244,1867,2244,2,Medium-High Value
CUST05047,Arjun Patil,11,25,249079.32,78928.61,31.69,2245,980,2245,2,Medium-High Value
CUST02654,Arjun Nair,12,38,249078.47,59199.42,23.77,2246,2412,2246,2,Medium-High Value
CUST02453,Neha Gupta,18,31,249059.62,57049.09,22.91,2247,2597,2247,2,Medium-High Value
CUST00183,Sneha Deshmukh,15,36,249000.48,69384.84,27.87,2248,1564,2248,2,Medium-High Value
CUST00176,Amit Nair,12,33,248986.79,71971.88,28.91,2249,1386,2249,2,Medium-High Value
CUST03413,Pooja Kumar,12,32,248939.31,59590.92,23.94,2250,2374,2250,2,Medium-High Value
CUST03442,Kavya Joshi,18,33,248928.22,77057.78,30.96,2251,1074,2251,2,Medium-High Value
CUST05551,Pooja Kumar,11,37,248893.7,56888.34,22.86,2252,2616,2252,2,Medium-High Value
CUST04066,Isha Mhaske,8,27,248891.54,73332.87,29.46,2253,1300,2253,2,Medium-High Value
CUST05311,Rahul Sharma,16,39,248847.6,58712.34,23.59,2254,2458,2254,2,Medium-High Value
CUST04233,Aditya Singh,9,28,248829.72,60936.28,24.49,2255,2239,2255,2,Medium-High Value
CUST05773,Isha Verma,13,31,248810.01,67080.48,26.96,2256,1742,2256,2,Medium-High Value
CUST05153,Pooja Patil,15,27,248809.23,64730.07,26.02,2257,1917,2257,2,Medium-High Value
CUST05960,Pooja Sharma,14,26,248752.75,63187.19,25.4,2258,2050,2258,2,Medium-High Value
CUST01117,Neha Patil,11,26,248703.38,67274.47,27.05,2259,1730,2259,2,Medium-High Value
CUST04649,Rohan Sharma,13,29,248686.73,74758.55,30.06,2260,1211,2260,2,Medium-High Value
CUST05558,Arjun Deshmukh,15,30,248654.06,62226.44,25.03,2261,2133,2261,2,Medium-High Value
CUST00522,Rohan Sharma,11,26,248632.56,69104.91,27.79,2262,1584,2262,2,Medium-High Value
CUST00847,Karan Patil,17,47,248583.35,53291.15,21.44,2263,2945,2263,2,Medium-High Value
CUST05641,Isha Patil,11,36,248581.92,53929.1,21.69,2264,2881,2264,2,Medium-High Value
CUST05984,Karan Deshmukh,13,31,248549.78,70383.55,28.32,2265,1488,2265,2,Medium-High Value
CUST04661,Pooja Mhaske,16,38,248535.16,58301.34,23.46,2266,2491,2266,2,Medium-High Value
CUST02933,Ananya Mehta,10,26,248510.45,55209.19,22.22,2267,2767,2267,2,Medium-High Value
CUST00813,Vivaan Mhaske,14,36,248461.22,52783.29,21.24,2268,2989,2268,2,Medium-High Value
CUST01195,Aditya Sharma,15,32,248431.77,58573.85,23.58,2269,2474,2269,2,Medium-High Value
CUST04115,Rahul Mhaske,16,35,248414.03,45459.34,18.3,2270,3722,2270,2,Medium-High Value
CUST01225,Rohan Kumar,14,30,248295.05,68072.68,27.42,2271,1673,2271,2,Medium-High Value
CUST03362,Arjun Gupta,15,40,248274.07,64118.36,25.83,2272,1979,2272,2,Medium-High Value
CUST03060,Isha Nair,13,41,248220.33,49332.54,19.87,2273,3330,2273,2,Medium-High Value
CUST02911,Priya Joshi,14,30,248215.01,71023.3,28.61,2274,1446,2274,2,Medium-High Value
CUST03344,Meera Joshi,12,27,248205.3,70821.16,28.53,2275,1459,2275,2,Medium-High Value
CUST05841,Rohan Kumar,15,33,248138.27,49966.88,20.14,2276,3262,2276,2,Medium-High Value
CUST05458,Pooja Patil,13,30,248131.81,59076.05,23.81,2277,2420,2277,2,Medium-High Value
CUST01596,Neha Sharma,13,30,247944.85,58890.94,23.75,2278,2442,2278,2,Medium-High Value
CUST01425,Pooja Kumar,13,31,247857.73,60343.91,24.35,2279,2296,2279,2,Medium-High Value
CUST02716,Karan Shah,14,35,247850.48,74730.15,30.15,2280,1212,2280,2,Medium-High Value
CUST02449,Karan Joshi,14,33,247798.7,61502.42,24.82,2281,2194,2281,2,Medium-High Value
CUST04986,Sneha Shah,13,26,247797.04,59372.2,23.96,2282,2394,2282,2,Medium-High Value
CUST00473,Isha Gupta,13,34,247790.56,55069.35,22.22,2283,2777,2283,2,Medium-High Value
CUST01702,Karan Singh,18,41,247769.23,41228.3,16.64,2284,4151,2284,2,Medium-High Value
CUST06000,Isha Sharma,15,39,247661.91,66135.15,26.7,2285,1814,2285,2,Medium-High Value
CUST01646,Pooja Sharma,15,32,247560.09,60460.84,24.42,2286,2277,2286,2,Medium-High Value
CUST02740,Amit Deshmukh,14,31,247523.12,52585.73,21.24,2287,3012,2287,2,Medium-High Value
CUST00350,Meera Patil,10,28,247495.43,61407.43,24.81,2288,2202,2288,2,Medium-High Value
CUST04290,Rohan Joshi,16,30,247422.24,62668.9,25.33,2289,2092,2289,2,Medium-High Value
CUST02902,Pooja Patil,13,36,247395.78,65216.27,26.36,2290,1878,2290,2,Medium-High Value
CUST03290,Kavya Joshi,12,33,247318.42,61318.37,24.79,2291,2207,2291,2,Medium-High Value
CUST01029,Pooja Kumar,9,24,247309.35,74777.17,30.24,2292,1209,2292,2,Medium-High Value
CUST04081,Meera Kumar,15,40,247297.66,43593.45,17.63,2293,3926,2293,2,Medium-High Value
CUST05026,Meera Verma,12,31,247235.85,59877.46,24.22,2294,2348,2294,2,Medium-High Value
CUST03276,Priya Kumar,15,33,247219.89,66849.35,27.04,2295,1763,2295,2,Medium-High Value
CUST01856,Isha Deshmukh,17,34,247219.21,54724.36,22.14,2296,2807,2296,2,Medium-High Value
CUST01625,Arjun Sharma,13,27,247145.93,64307.77,26.02,2297,1964,2297,2,Medium-High Value
CUST04476,Pooja Mehta,15,38,247116.92,38644.72,15.64,2298,4411,2298,2,Medium-High Value
CUST00447,Karan Singh,20,40,247116.65,55278.34,22.37,2299,2758,2299,2,Medium-High Value
CUST04435,Sneha Mhaske,11,26,247080.33,54999.75,22.26,2300,2786,2300,2,Medium-High Value
CUST01695,Pooja Mehta,13,27,247072.89,60835.49,24.62,2301,2247,2301,2,Medium-High Value
CUST01557,Ananya Sharma,10,26,246995.42,61395.44,24.86,2302,2204,2302,2,Medium-High Value
CUST00284,Rohan Joshi,11,30,246988.58,51450.4,20.83,2303,3134,2303,2,Medium-High Value
CUST04502,Arjun Deshmukh,16,33,246973.32,59650.85,24.15,2304,2367,2304,2,Medium-High Value
CUST05719,Meera Deshmukh,15,37,246864.01,64646.86,26.19,2305,1925,2305,2,Medium-High Value
CUST02007,Vivaan Verma,17,35,246759.47,49803.9,20.18,2306,3282,2306,2,Medium-High Value
CUST01517,Pooja Mehta,17,33,246651.24,50162.67,20.34,2307,3243,2307,2,Medium-High Value
CUST05855,Sneha Nair,12,28,246553.27,49114.48,19.92,2308,3355,2308,2,Medium-High Value
CUST05802,Kavya Deshmukh,16,42,246550.23,39618.62,16.07,2309,4319,2309,2,Medium-High Value
CUST03454,Priya Patil,9,28,246485.2,78992.11,32.05,2310,977,2310,2,Medium-High Value
CUST05885,Priya Joshi,16,31,246432.95,52170.34,21.17,2311,3057,2311,2,Medium-High Value
CUST00331,Isha Gupta,13,27,246420.1,63479.75,25.76,2312,2023,2312,2,Medium-High Value
CUST04154,Aditya Sharma,15,36,246419.63,52712.25,21.39,2313,3001,2313,2,Medium-High Value
CUST01128,Arjun Deshmukh,14,35,246377.78,56134.11,22.78,2314,2693,2314,2,Medium-High Value
CUST04215,Isha Mhaske,14,31,246360.48,78875.37,32.02,2315,982,2315,2,Medium-High Value
CUST00270,Neha Mhaske,13,34,246329.83,41346.23,16.78,2316,4136,2316,2,Medium-High Value
CUST01915,Sneha Patil,16,39,246275.99,56500.48,22.94,2317,2649,2317,2,Medium-High Value
CUST00342,Sneha Deshmukh,10,26,246228.37,62181.05,25.25,2318,2137,2318,2,Medium-High Value
CUST01168,Arjun Patil,12,27,246190.52,53313.47,21.66,2319,2942,2319,2,Medium-High Value
CUST01242,Isha Verma,11,27,246141.41,46024.57,18.7,2320,3665,2320,2,Medium-High Value
CUST05473,Isha Deshmukh,13,29,246099.27,57717.11,23.45,2321,2548,2321,2,Medium-High Value
CUST05155,Meera Gupta,15,39,246072.39,44715.58,18.17,2322,3798,2322,2,Medium-High Value
CUST01178,Vivaan Mhaske,14,31,245928.89,68503.13,27.85,2323,1637,2323,2,Medium-High Value
CUST02391,Kavya Verma,14,42,245915.25,58767.62,23.9,2324,2453,2324,2,Medium-High Value
CUST04796,Vivaan Mehta,8,19,245865.97,71991.13,29.28,2325,1383,2325,2,Medium-High Value
CUST04876,Arjun Deshmukh,15,32,245834.58,63576.39,25.86,2326,2014,2326,2,Medium-High Value
CUST05498,Aarav Kumar,18,35,245808.81,52580.93,21.39,2327,3013,2327,2,Medium-High Value
CUST03463,Vivaan Kumar,14,25,245790.24,69253.48,28.18,2328,1574,2328,2,Medium-High Value
CUST01825,Aditya Singh,13,27,245727.41,55664.18,22.65,2329,2725,2329,2,Medium-High Value
CUST00737,Vivaan Patil,11,31,245705.43,61078.32,24.86,2330,2229,2330,2,Medium-High Value
CUST01334,Isha Deshmukh,15,33,245674.58,54004.76,21.98,2331,2874,2331,2,Medium-High Value
CUST02999,Priya Singh,10,26,245596.2,46422.34,18.9,2332,3621,2332,2,Medium-High Value
CUST00271,Aarav Sharma,12,30,245485.14,74058.59,30.17,2333,1254,2333,2,Medium-High Value
CUST03166,Vivaan Kumar,16,36,245342.84,49532.3,20.19,2334,3311,2334,2,Medium-High Value
CUST02823,Amit Gupta,15,28,245277.95,47469.63,19.35,2335,3515,2335,2,Medium-High Value
CUST02817,Rohan Gupta,12,31,245230.21,68625.28,27.98,2336,1626,2336,2,Medium-High Value
CUST00913,Sneha Mhaske,14,26,245204.51,56068.05,22.87,2337,2696,2337,2,Medium-High Value
CUST00094,Aarav Mehta,12,36,245197.45,43498.91,17.74,2338,3943,2338,2,Medium-High Value
CUST01674,Ananya Deshmukh,11,36,245176.37,52022.56,21.22,2339,3073,2339,2,Medium-High Value
CUST04669,Arjun Mehta,16,42,245148.76,49355.07,20.13,2340,3326,2340,2,Medium-High Value
CUST00650,Meera Shah,15,40,245112.31,60908.13,24.85,2341,2241,2341,2,Medium-High Value
CUST01744,Vivaan Deshmukh,13,32,245005.04,63372.54,25.87,2342,2034,2342,2,Medium-High Value
CUST02766,Kavya Sharma,12,25,244978.23,67405.11,27.51,2343,1721,2343,2,Medium-High Value
CUST02603,Priya Sharma,10,33,244974.82,59144.48,24.14,2344,2417,2344,2,Medium-High Value
CUST04692,Arjun Verma,11,27,244973.59,64165.83,26.19,2345,1976,2345,2,Medium-High Value
CUST01735,Aarav Joshi,13,32,244970.98,68115.53,27.81,2346,1669,2346,2,Medium-High Value
CUST04922,Amit Mhaske,16,40,244952.15,53234.08,21.73,2347,2953,2347,2,Medium-High Value
CUST02978,Neha Singh,11,29,244951.08,55551.63,22.68,2348,2737,2348,2,Medium-High Value
CUST00373,Pooja Verma,9,32,244913.84,57722.14,23.57,2349,2547,2349,2,Medium-High Value
CUST05003,Pooja Singh,10,29,244901.02,62610.1,25.57,2350,2101,2350,2,Medium-High Value
CUST00377,Vivaan Shah,16,41,244861.23,60372.08,24.66,2351,2288,2351,2,Medium-High Value
CUST05013,Vivaan Nair,13,30,244828.97,60352.01,24.65,2352,2292,2352,2,Medium-High Value
CUST02850,Isha Nair,18,40,244809.33,58210.99,23.78,2353,2495,2353,2,Medium-High Value
CUST02278,Ananya Kumar,12,32,244742.66,67795.79,27.7,2354,1694,2354,2,Medium-High Value
CUST03575,Ananya Kumar,10,29,244672.02,52180.9,21.33,2355,3052,2355,2,Medium-High Value
CUST05249,Amit Gupta,11,29,244664.35,53768.76,21.98,2356,2898,2356,2,Medium-High Value
CUST01939,Aditya Mehta,14,33,244632.65,64283.32,26.28,2357,1967,2357,2,Medium-High Value
CUST01406,Rahul Patil,10,25,244612.41,45675.51,18.67,2358,3698,2358,2,Medium-High Value
CUST02892,Aditya Joshi,15,37,244575.92,65163.9,26.64,2359,1882,2359,2,Medium-High Value
CUST01301,Aarav Singh,10,24,244555.13,68437.39,27.98,2360,1643,2360,2,Medium-High Value
CUST00844,Isha Shah,14,38,244525.97,62080.15,25.39,2361,2143,2361,2,Medium-High Value
CUST02092,Priya Singh,14,28,244521.08,57227.94,23.4,2362,2585,2362,2,Medium-High Value
CUST01119,Isha Kumar,9,25,244496.45,75514.33,30.89,2363,1164,2363,2,Medium-High Value
CUST00361,Aditya Shah,10,30,244490.83,60873.75,24.9,2364,2244,2364,2,Medium-High Value
CUST00353,Rohan Gupta,15,29,244431.84,66594.97,27.24,2365,1788,2365,2,Medium-High Value
CUST00541,Vivaan Singh,9,27,244391.93,73325.43,30.0,2366,1301,2366,2,Medium-High Value
CUST01811,Amit Nair,10,30,244372.95,55644.72,22.77,2367,2727,2367,2,Medium-High Value
CUST00636,Meera Singh,11,25,244330.5,71873.6,29.42,2368,1392,2368,2,Medium-High Value
CUST01621,Pooja Shah,23,45,244251.87,37742.79,15.45,2369,4495,2369,2,Medium-High Value
CUST05231,Sneha Gupta,16,26,244144.79,45398.48,18.59,2370,3728,2370,2,Medium-High Value
CUST03067,Neha Gupta,12,33,244144.56,54550.53,22.34,2371,2828,2371,2,Medium-High Value
CUST05826,Neha Nair,13,30,244133.08,64809.13,26.55,2372,1909,2372,2,Medium-High Value
CUST01671,Vivaan Verma,12,26,244128.08,64761.29,26.53,2373,1915,2373,2,Medium-High Value
CUST05140,Karan Mehta,14,29,243888.53,49651.61,20.36,2374,3300,2374,2,Medium-High Value
CUST01299,Isha Gupta,16,31,243858.96,51872.05,21.27,2375,3083,2375,2,Medium-High Value
CUST01958,Amit Sharma,15,30,243820.04,49553.47,20.32,2376,3309,2376,2,Medium-High Value
CUST01453,Neha Shah,16,32,243776.24,49191.89,20.18,2377,3346,2377,2,Medium-High Value
CUST02061,Neha Nair,11,24,243634.17,71299.68,29.27,2378,1425,2378,2,Medium-High Value
CUST02117,Meera Joshi,13,34,243605.94,53507.59,21.96,2379,2922,2379,2,Medium-High Value
CUST03865,Neha Deshmukh,12,35,243565.92,51851.78,21.29,2380,3085,2380,2,Medium-High Value
CUST01303,Amit Patil,11,32,243416.54,55668.57,22.87,2381,2724,2381,2,Medium-High Value
CUST03803,Isha Mhaske,15,36,243412.57,58169.65,23.9,2382,2501,2382,2,Medium-High Value
CUST02866,Ananya Mhaske,12,37,243314.44,70439.98,28.95,2383,1484,2383,2,Medium-High Value
CUST04244,Sneha Mhaske,16,39,243283.0,51338.57,21.1,2384,3145,2384,2,Medium-High Value
CUST05130,Priya Nair,17,38,243280.52,59748.84,24.56,2385,2358,2385,2,Medium-High Value
CUST03128,Karan Gupta,14,28,243232.6,70790.77,29.1,2386,1460,2386,2,Medium-High Value
CUST04379,Pooja Deshmukh,15,34,243231.8,45488.34,18.7,2387,3717,2387,2,Medium-High Value
CUST01603,Aditya Joshi,10,23,243213.83,59524.36,24.47,2388,2380,2388,2,Medium-High Value
CUST02868,Arjun Sharma,14,27,243169.62,50712.1,20.85,2389,3199,2389,2,Medium-High Value
CUST05281,Karan Deshmukh,16,35,243098.08,67891.66,27.93,2390,1684,2390,2,Medium-High Value
CUST05825,Ananya Deshmukh,12,36,242972.14,46345.49,19.07,2391,3630,2391,2,Medium-High Value
CUST03403,Arjun Singh,11,32,242943.21,70037.88,28.83,2392,1515,2392,2,Medium-High Value
CUST05607,Sneha Deshmukh,14,34,242933.92,52344.01,21.55,2393,3033,2393,2,Medium-High Value
CUST01155,Rohan Sharma,16,29,242885.15,66566.33,27.41,2394,1790,2394,2,Medium-High Value
CUST01268,Rahul Patil,9,24,242881.13,65660.95,27.03,2395,1845,2395,2,Medium-High Value
CUST01964,Pooja Shah,13,27,242867.43,70447.17,29.01,2396,1483,2396,2,Medium-High Value
CUST01197,Amit Verma,14,31,242865.7,59576.2,24.53,2397,2375,2397,2,Medium-High Value
CUST01652,Ananya Deshmukh,13,38,242849.99,54136.49,22.29,2398,2862,2398,2,Medium-High Value
CUST02751,Aditya Nair,13,32,242789.23,65439.46,26.95,2399,1863,2399,2,Medium-High Value
CUST00674,Isha Mehta,18,43,242675.43,54437.49,22.43,2400,2838,2400,2,Medium-High Value
CUST02960,Meera Sharma,14,34,242665.66,74015.23,30.5,2401,1255,2401,2,Medium-High Value
CUST02952,Vivaan Mhaske,10,27,242648.56,45343.5,18.69,2402,3730,2402,2,Medium-High Value
CUST00147,Pooja Singh,15,33,242633.96,64548.33,26.6,2403,1936,2403,2,Medium-High Value
CUST04706,Ananya Mhaske,16,32,242599.5,58350.24,24.05,2404,2488,2404,2,Medium-High Value
CUST02024,Neha Nair,13,30,242531.91,67599.83,27.87,2405,1706,2405,2,Medium-High Value
CUST03280,Ananya Joshi,9,19,242502.91,63212.46,26.07,2406,2044,2406,2,Medium-High Value
CUST02722,Priya Kumar,13,32,242472.32,45007.97,18.56,2407,3769,2407,2,Medium-High Value
CUST00648,Karan Kumar,12,31,242463.59,62957.69,25.97,2408,2068,2408,2,Medium-High Value
CUST05035,Pooja Shah,19,41,242460.06,40590.42,16.74,2409,4228,2409,2,Medium-High Value
CUST05324,Priya Patil,13,24,242450.25,60669.52,25.02,2410,2261,2410,2,Medium-High Value
CUST03365,Sneha Singh,9,25,242280.51,81894.6,33.8,2411,854,2411,2,Medium-High Value
CUST04485,Rahul Shah,12,31,242233.42,49816.64,20.57,2412,3280,2412,2,Medium-High Value
CUST00405,Aarav Gupta,9,24,242218.81,76942.75,31.77,2413,1082,2413,2,Medium-High Value
CUST04311,Pooja Mhaske,14,27,242213.77,54501.38,22.5,2414,2833,2414,2,Medium-High Value
CUST00113,Meera Kumar,15,29,242196.21,65598.85,27.09,2415,1851,2415,2,Medium-High Value
CUST05039,Aditya Mehta,14,29,242182.7,64006.96,26.43,2416,1988,2416,2,Medium-High Value
CUST04269,Priya Nair,8,25,241946.71,43889.84,18.14,2417,3894,2417,2,Medium-High Value
CUST02759,Ananya Shah,12,29,241912.34,59955.41,24.78,2418,2338,2418,2,Medium-High Value
CUST04585,Pooja Deshmukh,11,25,241892.0,67956.85,28.09,2419,1680,2419,2,Medium-High Value
CUST02378,Meera Shah,16,29,241858.04,54721.52,22.63,2420,2808,2420,2,Medium-High Value
CUST05173,Aarav Kumar,14,33,241853.41,67723.56,28.0,2421,1698,2421,2,Medium-High Value
CUST01815,Rohan Shah,8,22,241846.09,62359.5,25.78,2422,2127,2422,2,Medium-High Value
CUST02527,Karan Shah,13,37,241827.44,57308.97,23.7,2423,2580,2423,2,Medium-High Value
CUST03197,Isha Deshmukh,12,35,241765.72,43963.42,18.18,2424,3879,2424,2,Medium-High Value
CUST05260,Rahul Joshi,14,32,241684.21,56901.82,23.54,2425,2614,2425,2,Medium-High Value
CUST04751,Priya Mhaske,12,26,241677.48,53089.26,21.97,2426,2965,2426,2,Medium-High Value
CUST05554,Karan Singh,13,34,241665.89,66808.77,27.65,2427,1767,2427,2,Medium-High Value
CUST03414,Rahul Gupta,19,40,241603.57,68638.88,28.41,2428,1624,2428,2,Medium-High Value
CUST02714,Pooja Sharma,12,28,241573.83,57118.82,23.64,2429,2593,2429,2,Medium-High Value
CUST00360,Pooja Nair,16,28,241518.01,70409.19,29.15,2430,1486,2430,2,Medium-High Value
CUST05456,Karan Verma,13,28,241506.04,53451.22,22.13,2431,2928,2431,2,Medium-High Value
CUST00428,Ananya Kumar,11,27,241498.7,60521.57,25.06,2432,2275,2432,2,Medium-High Value
CUST00601,Karan Singh,15,31,241469.38,54974.66,22.77,2433,2787,2433,2,Medium-High Value
CUST05722,Amit Mhaske,11,28,241396.45,60352.42,25.0,2434,2291,2434,2,Medium-High Value
CUST05205,Kavya Verma,14,35,241392.74,59072.68,24.47,2435,2421,2435,2,Medium-High Value
CUST00260,Vivaan Nair,17,32,241380.75,55238.73,22.88,2436,2766,2436,2,Medium-High Value
CUST01193,Pooja Sharma,11,28,241296.47,69244.86,28.7,2437,1576,2437,2,Medium-High Value
CUST02783,Arjun Joshi,12,36,241263.31,49493.89,20.51,2438,3314,2438,2,Medium-High Value
CUST03537,Rohan Joshi,13,31,241200.41,63099.98,26.16,2439,2055,2439,2,Medium-High Value
CUST04504,Arjun Nair,15,46,241098.18,58108.04,24.1,2440,2507,2440,2,Medium-High Value
CUST00264,Meera Sharma,15,34,240985.89,61138.31,25.37,2441,2224,2441,2,Medium-High Value
CUST01054,Meera Gupta,10,23,240985.71,72634.78,30.14,2442,1337,2442,2,Medium-High Value
CUST02673,Amit Nair,11,30,240982.45,64124.24,26.61,2443,1978,2443,2,Medium-High Value
CUST04150,Rohan Joshi,15,27,240981.19,58019.36,24.08,2444,2519,2444,2,Medium-High Value
CUST05359,Meera Mehta,11,33,240964.51,62682.94,26.01,2445,2089,2445,2,Medium-High Value
CUST04693,Ananya Kumar,14,30,240936.28,59719.32,24.79,2446,2359,2446,2,Medium-High Value
CUST05573,Amit Mehta,14,37,240917.81,63164.79,26.22,2447,2052,2447,2,Medium-High Value
CUST05448,Meera Joshi,12,23,240896.73,63562.65,26.39,2448,2017,2448,2,Medium-High Value
CUST04216,Ananya Patil,13,31,240883.69,63678.59,26.44,2449,2009,2449,2,Medium-High Value
CUST02773,Karan Joshi,9,24,240874.92,80202.61,33.3,2450,929,2450,2,Medium-High Value
CUST05834,Rohan Joshi,19,38,240808.53,66964.02,27.81,2451,1753,2451,2,Medium-High Value
CUST05510,Karan Kumar,19,34,240721.8,52721.07,21.9,2452,2998,2452,2,Medium-High Value
CUST01536,Rohan Nair,12,30,240662.57,55969.46,23.26,2453,2706,2453,2,Medium-High Value
CUST05594,Meera Mhaske,9,24,240599.42,60889.66,25.31,2454,2242,2454,2,Medium-High Value
CUST03346,Aarav Kumar,13,30,240539.96,62889.49,26.15,2455,2071,2455,2,Medium-High Value
CUST05440,Vivaan Kumar,16,37,240525.42,50371.76,20.94,2456,3223,2456,2,Medium-High Value
CUST00752,Ananya Patil,12,36,240476.42,50908.26,21.17,2457,3180,2457,2,Medium-High Value
CUST03847,Ananya Deshmukh,12,29,240462.96,46130.79,19.18,2458,3651,2458,2,Medium-High Value
CUST00720,Priya Verma,17,39,240441.12,55468.82,23.07,2459,2744,2459,2,Medium-High Value
CUST01327,Amit Nair,14,32,240428.0,50451.03,20.98,2460,3217,2460,2,Medium-High Value
CUST02238,Neha Mehta,15,34,240347.36,62956.29,26.19,2461,2069,2461,2,Medium-High Value
CUST04650,Pooja Sharma,12,26,240246.13,74933.09,31.19,2462,1201,2462,2,Medium-High Value
CUST03351,Karan Mhaske,16,44,240194.61,41784.8,17.4,2463,4099,2463,2,Medium-High Value
CUST04003,Isha Mehta,9,25,240185.67,56275.2,23.43,2464,2674,2464,2,Medium-High Value
CUST00912,Arjun Singh,14,29,240173.73,46522.03,19.37,2465,3609,2465,2,Medium-High Value
CUST03428,Arjun Deshmukh,13,35,240169.65,48812.73,20.32,2466,3380,2466,2,Medium-High Value
CUST03825,Amit Mhaske,13,35,240157.31,59683.99,24.85,2467,2365,2467,2,Medium-High Value
CUST05737,Rohan Deshmukh,10,33,240082.85,63904.5,26.62,2468,1994,2468,2,Medium-High Value
CUST00748,Sneha Mehta,17,35,240066.86,39304.55,16.37,2469,4354,2469,2,Medium-High Value
CUST05209,Neha Joshi,12,33,240021.78,63074.04,26.28,2470,2057,2470,2,Medium-High Value
CUST05184,Pooja Verma,13,32,239931.94,66839.44,27.86,2471,1765,2471,2,Medium-High Value
CUST01312,Isha Kumar,17,35,239930.84,50805.95,21.18,2472,3189,2472,2,Medium-High Value
CUST05414,Karan Joshi,14,34,239901.17,61837.4,25.78,2473,2168,2473,2,Medium-High Value
CUST00789,Karan Sharma,14,35,239704.87,69526.68,29.01,2474,1553,2474,2,Medium-High Value
CUST02339,Vivaan Joshi,14,33,239605.26,70085.92,29.25,2475,1513,2475,2,Medium-High Value
CUST05182,Aditya Joshi,14,35,239602.93,59270.4,24.74,2476,2404,2476,2,Medium-High Value
CUST01252,Meera Nair,17,40,239601.31,53504.91,22.33,2477,2923,2477,2,Medium-High Value
CUST03093,Sneha Kumar,14,36,239552.8,65798.81,27.47,2478,1832,2478,2,Medium-High Value
CUST02577,Sneha Mhaske,13,31,239513.81,50252.4,20.98,2479,3235,2479,2,Medium-High Value
CUST05019,Neha Kumar,11,28,239464.96,60027.59,25.07,2480,2332,2480,2,Medium-High Value
CUST02478,Kavya Gupta,13,28,239428.25,51739.43,21.61,2481,3094,2481,2,Medium-High Value
CUST04410,Ananya Mehta,14,36,239390.86,62558.63,26.13,2482,2106,2482,2,Medium-High Value
CUST04149,Ananya Gupta,13,32,239387.69,58474.94,24.43,2483,2477,2483,2,Medium-High Value
CUST04512,Rohan Patil,14,34,239286.56,51160.09,21.38,2484,3159,2484,2,Medium-High Value
CUST02974,Pooja Nair,12,33,239226.68,37082.34,15.5,2485,4561,2485,2,Medium-High Value
CUST04043,Aarav Gupta,17,37,239162.81,57581.01,24.08,2486,2560,2486,2,Medium-High Value
CUST03145,Priya Shah,15,38,239161.65,44539.99,18.62,2487,3811,2487,2,Medium-High Value
CUST00241,Sneha Singh,12,26,239139.02,55468.26,23.19,2488,2745,2488,2,Medium-High Value
CUST04810,Pooja Verma,11,27,239045.74,56532.46,23.65,2489,2646,2489,2,Medium-High Value
CUST05695,Isha Mhaske,10,27,238948.1,64710.79,27.08,2490,1920,2490,2,Medium-High Value
CUST01320,Rahul Kumar,10,24,238945.73,67076.39,28.07,2491,1743,2491,2,Medium-High Value
CUST03394,Kavya Patil,10,28,238933.68,42078.5,17.61,2492,4077,2492,2,Medium-High Value
CUST05123,Pooja Mhaske,16,36,238905.28,70219.65,29.39,2493,1500,2493,2,Medium-High Value
CUST03200,Isha Shah,11,32,238899.25,45776.35,19.16,2494,3692,2494,2,Medium-High Value
CUST01204,Arjun Sharma,13,37,238891.4,60211.68,25.2,2495,2312,2495,2,Medium-High Value
CUST02985,Aditya Mehta,9,25,238891.21,66445.32,27.81,2496,1798,2496,2,Medium-High Value
CUST01676,Aarav Patil,17,40,238881.67,66778.91,27.95,2497,1768,2497,2,Medium-High Value
CUST00127,Aarav Deshmukh,12,25,238820.73,52172.71,21.85,2498,3055,2498,2,Medium-High Value
CUST03261,Vivaan Singh,15,28,238798.55,64320.15,26.93,2499,1963,2499,2,Medium-High Value
CUST00628,Ananya Gupta,15,35,238724.38,64357.02,26.96,2500,1959,2500,2,Medium-High Value
CUST05947,Sneha Sharma,13,29,238646.28,59520.81,24.94,2501,2381,2501,2,Medium-High Value
CUST01247,Rahul Patil,12,28,238634.61,62656.86,26.26,2502,2094,2502,2,Medium-High Value
CUST00855,Sneha Mhaske,14,29,238592.34,38203.73,16.01,2503,4459,2503,2,Medium-High Value
CUST02020,Ananya Mehta,14,31,238586.07,55259.8,23.16,2504,2764,2504,2,Medium-High Value
CUST00709,Pooja Verma,18,29,238567.69,47397.92,19.87,2505,3520,2505,2,Medium-High Value
CUST01858,Ananya Kumar,13,26,238557.42,58172.9,24.39,2506,2500,2506,2,Medium-High Value
CUST03492,Ananya Joshi,15,38,238538.0,57659.55,24.17,2507,2555,2507,2,Medium-High Value
CUST04690,Karan Joshi,14,29,238508.18,61496.23,25.78,2508,2197,2508,2,Medium-High Value
CUST03750,Aarav Kumar,12,29,238507.67,52886.72,22.17,2509,2984,2509,2,Medium-High Value
CUST03019,Neha Mehta,12,31,238418.8,71554.52,30.01,2510,1411,2510,2,Medium-High Value
CUST04183,Meera Joshi,11,22,238352.8,58979.15,24.74,2511,2433,2511,2,Medium-High Value
CUST04300,Ananya Shah,14,31,238317.28,47818.2,20.06,2512,3482,2512,2,Medium-High Value
CUST05835,Sneha Deshmukh,14,30,238234.27,62705.98,26.32,2513,2085,2513,2,Medium-High Value
CUST03464,Rahul Mhaske,11,28,238214.76,62674.07,26.31,2514,2090,2514,2,Medium-High Value
CUST03580,Kavya Joshi,10,24,238197.43,72398.75,30.39,2515,1353,2515,2,Medium-High Value
CUST01004,Rahul Deshmukh,13,35,238186.14,54611.23,22.93,2516,2820,2516,2,Medium-High Value
CUST02301,Sneha Patil,15,35,238180.37,48382.08,20.31,2517,3425,2517,2,Medium-High Value
CUST04825,Aarav Mhaske,14,33,238171.82,49026.37,20.58,2518,3362,2518,2,Medium-High Value
CUST04465,Rohan Verma,12,28,238160.36,53933.87,22.65,2519,2879,2519,2,Medium-High Value
CUST03232,Isha Shah,10,27,238136.16,59656.03,25.05,2520,2366,2520,2,Medium-High Value
CUST05556,Amit Shah,14,30,238048.07,56491.09,23.73,2521,2651,2521,2,Medium-High Value
CUST01285,Meera Gupta,14,31,238042.42,65677.39,27.59,2522,1842,2522,2,Medium-High Value
CUST03361,Rohan Sharma,11,26,237990.35,60383.32,25.37,2523,2286,2523,2,Medium-High Value
CUST01378,Amit Verma,9,19,237976.81,51720.92,21.73,2524,3096,2524,2,Medium-High Value
CUST00944,Aarav Deshmukh,12,28,237973.1,62069.12,26.08,2525,2145,2525,2,Medium-High Value
CUST05897,Priya Mhaske,15,34,237940.26,60704.15,25.51,2526,2257,2526,2,Medium-High Value
CUST01456,Rahul Gupta,15,30,237925.42,58801.04,24.71,2527,2450,2527,2,Medium-High Value
CUST01764,Ananya Verma,7,23,237919.28,54833.31,23.05,2528,2801,2528,2,Medium-High Value
CUST00523,Amit Shah,12,25,237913.7,69605.2,29.26,2529,1544,2529,2,Medium-High Value
CUST03941,Meera Mehta,20,39,237910.53,56837.03,23.89,2530,2618,2530,2,Medium-High Value
CUST02221,Priya Joshi,11,30,237907.74,61888.19,26.01,2531,2163,2531,2,Medium-High Value
CUST02222,Arjun Patil,11,36,237863.25,65053.07,27.35,2532,1890,2532,2,Medium-High Value
CUST00298,Meera Nair,13,31,237739.11,42246.83,17.77,2533,4066,2533,2,Medium-High Value
CUST00751,Karan Sharma,14,29,237735.44,57784.68,24.31,2534,2540,2534,2,Medium-High Value
CUST01590,Aditya Patil,12,31,237683.44,54690.75,23.01,2535,2812,2535,2,Medium-High Value
CUST05151,Priya Joshi,12,29,237658.47,66062.63,27.8,2536,1821,2536,2,Medium-High Value
CUST00754,Amit Patil,13,27,237642.86,68078.73,28.65,2537,1672,2537,2,Medium-High Value
CUST01333,Rahul Shah,18,45,237598.61,47535.69,20.01,2538,3512,2538,2,Medium-High Value
CUST05898,Priya Patil,14,32,237591.75,51505.85,21.68,2539,3126,2539,2,Medium-High Value
CUST00630,Arjun Patil,11,25,237552.25,62009.84,26.1,2540,2152,2540,2,Medium-High Value
CUST03709,Pooja Mehta,11,28,237527.79,57760.61,24.32,2541,2543,2541,2,Medium-High Value
CUST04885,Sneha Mehta,10,28,237509.07,38164.19,16.07,2542,4464,2542,2,Medium-High Value
CUST00450,Aditya Verma,11,25,237422.4,60567.55,25.51,2543,2271,2543,2,Medium-High Value
CUST01867,Aarav Mehta,14,35,237411.55,46983.7,19.79,2544,3562,2544,2,Medium-High Value
CUST02309,Pooja Patil,14,29,237304.18,59839.31,25.22,2545,2352,2545,2,Medium-High Value
CUST04685,Arjun Joshi,13,35,237205.63,49822.8,21.0,2546,3279,2546,2,Medium-High Value
CUST02754,Karan Nair,9,25,237196.8,55716.97,23.49,2547,2720,2547,2,Medium-High Value
CUST04312,Aarav Mehta,15,40,237140.84,53676.35,22.63,2548,2904,2548,2,Medium-High Value
CUST00130,Vivaan Verma,12,37,237111.32,62529.48,26.37,2549,2110,2549,2,Medium-High Value
CUST00033,Karan Kumar,11,31,237109.79,47992.27,20.24,2550,3463,2550,2,Medium-High Value
CUST04588,Rohan Mehta,12,39,237108.45,80376.3,33.9,2551,921,2551,2,Medium-High Value
CUST01587,Arjun Singh,11,23,237022.84,65480.38,27.63,2552,1857,2552,2,Medium-High Value
CUST03731,Kavya Deshmukh,13,24,236993.76,52025.34,21.95,2553,3072,2553,2,Medium-High Value
CUST03579,Rahul Mhaske,13,33,236882.91,38852.55,16.4,2554,4396,2554,2,Medium-High Value
CUST04993,Ananya Gupta,12,30,236820.04,59843.84,25.27,2555,2350,2555,2,Medium-High Value
CUST00174,Karan Sharma,10,22,236813.99,72369.89,30.56,2556,1357,2556,2,Medium-High Value
CUST05546,Kavya Gupta,17,42,236764.43,64532.35,27.26,2557,1938,2557,2,Medium-High Value
CUST05230,Neha Nair,11,30,236730.97,55428.48,23.41,2558,2749,2558,2,Medium-High Value
CUST00854,Pooja Verma,15,39,236723.69,53827.45,22.74,2559,2890,2559,2,Medium-High Value
CUST01042,Neha Singh,14,31,236715.84,54903.95,23.19,2560,2793,2560,2,Medium-High Value
CUST03770,Isha Kumar,15,32,236704.76,64114.91,27.09,2561,1980,2561,2,Medium-High Value
CUST04564,Pooja Mehta,13,32,236695.99,56074.68,23.69,2562,2695,2562,2,Medium-High Value
CUST00885,Pooja Mehta,14,34,236622.37,72556.07,30.66,2563,1343,2563,2,Medium-High Value
CUST01050,Pooja Singh,10,24,236576.05,57681.42,24.38,2564,2552,2564,2,Medium-High Value
CUST03500,Amit Gupta,13,37,236573.53,64559.51,27.29,2565,1934,2565,2,Medium-High Value
CUST05270,Amit Nair,15,34,236572.94,56258.62,23.78,2566,2681,2566,2,Medium-High Value
CUST00869,Amit Gupta,18,37,236567.12,52919.63,22.37,2567,2982,2567,2,Medium-High Value
CUST03144,Neha Kumar,13,30,236499.27,68574.29,29.0,2568,1632,2568,2,Medium-High Value
CUST02646,Priya Singh,12,22,236497.19,51378.19,21.72,2569,3141,2569,2,Medium-High Value
CUST00178,Isha Shah,9,31,236480.78,57184.66,24.18,2570,2588,2570,2,Medium-High Value
CUST00294,Priya Sharma,14,35,236455.54,59016.74,24.96,2571,2430,2571,2,Medium-High Value
CUST00006,Amit Nair,9,27,236402.48,62021.76,26.24,2572,2151,2572,2,Medium-High Value
CUST04501,Ananya Sharma,12,38,236374.83,59263.32,25.07,2573,2405,2573,2,Medium-High Value
CUST01458,Meera Joshi,16,39,236374.05,56267.31,23.8,2574,2677,2574,2,Medium-High Value
CUST01588,Sneha Gupta,12,29,236341.73,49590.53,20.98,2575,3304,2575,2,Medium-High Value
CUST03481,Isha Kumar,14,36,236341.03,54917.39,23.24,2576,2790,2576,2,Medium-High Value
CUST05844,Isha Verma,15,33,236339.4,59067.48,24.99,2577,2423,2577,2,Medium-High Value
CUST00638,Meera Nair,15,33,236309.43,56252.82,23.8,2578,2684,2578,2,Medium-High Value
CUST02801,Kavya Nair,12,45,236289.22,35880.28,15.18,2579,4669,2579,2,Medium-High Value
CUST04487,Aarav Gupta,14,34,236235.48,48799.23,20.66,2580,3384,2580,2,Medium-High Value
CUST04090,Meera Verma,15,29,236222.35,53188.04,22.52,2581,2958,2581,2,Medium-High Value
CUST04323,Meera Kumar,11,23,236199.07,52822.52,22.36,2582,2986,2582,2,Medium-High Value
CUST00397,Vivaan Deshmukh,9,32,235943.91,71833.34,30.45,2583,1394,2583,2,Medium-High Value
CUST03480,Arjun Mehta,14,25,235943.28,60971.66,25.84,2584,2237,2584,2,Medium-High Value
CUST04219,Aarav Verma,11,28,235844.47,55590.36,23.57,2585,2732,2585,2,Medium-High Value
CUST04037,Amit Singh,15,38,235814.13,36222.71,15.36,2586,4638,2586,2,Medium-High Value
CUST03021,Priya Mehta,16,39,235791.62,66274.01,28.11,2587,1807,2587,2,Medium-High Value
CUST01421,Karan Patil,16,34,235710.85,55183.9,23.41,2588,2770,2588,2,Medium-High Value
CUST03931,Meera Kumar,15,29,235673.58,61171.01,25.96,2589,2222,2589,2,Medium-High Value
CUST04177,Meera Verma,12,27,235638.57,58405.35,24.79,2590,2481,2590,2,Medium-High Value
CUST02734,Arjun Verma,9,23,235611.99,58198.9,24.7,2591,2498,2591,2,Medium-High Value
CUST05011,Kavya Nair,9,32,235586.66,65399.1,27.76,2592,1866,2592,2,Medium-High Value
CUST05790,Ananya Deshmukh,12,34,235555.72,53249.54,22.61,2593,2951,2593,2,Medium-High Value
CUST02710,Ananya Singh,14,37,235554.17,53220.1,22.59,2594,2955,2594,2,Medium-High Value
CUST05368,Neha Shah,10,29,235486.18,42523.31,18.06,2595,4040,2595,2,Medium-High Value
CUST03992,Rahul Joshi,12,29,235477.12,47268.96,20.07,2596,3529,2596,2,Medium-High Value
CUST02142,Rahul Kumar,13,27,235409.33,67072.99,28.49,2597,1746,2597,2,Medium-High Value
CUST02407,Kavya Singh,12,27,235382.49,45808.34,19.46,2598,3688,2598,2,Medium-High Value
CUST02151,Rohan Patil,9,26,235381.85,62601.21,26.6,2599,2103,2599,2,Medium-High Value
CUST04903,Sneha Mhaske,8,29,235285.99,56312.6,23.93,2600,2668,2600,2,Medium-High Value
CUST04577,Arjun Sharma,14,40,235161.64,51747.59,22.01,2601,3091,2601,2,Medium-High Value
CUST02518,Meera Joshi,19,42,235151.9,54933.48,23.36,2602,2789,2602,2,Medium-High Value
CUST05195,Rahul Sharma,14,31,235147.97,53284.17,22.66,2603,2947,2603,2,Medium-High Value
CUST02692,Vivaan Mehta,12,24,235085.91,76409.93,32.5,2604,1112,2604,2,Medium-High Value
CUST04005,Kavya Deshmukh,17,35,235051.24,50572.93,21.52,2605,3205,2605,2,Medium-High Value
CUST00760,Aditya Mehta,9,29,235006.95,63800.16,27.15,2606,2002,2606,2,Medium-High Value
CUST00352,Isha Sharma,14,27,234975.43,59880.71,25.48,2607,2345,2607,2,Medium-High Value
CUST04778,Neha Sharma,15,30,234911.88,56697.02,24.14,2608,2631,2608,2,Medium-High Value
CUST02962,Neha Singh,13,32,234909.25,53814.54,22.91,2609,2893,2609,2,Medium-High Value
CUST05734,Karan Mhaske,9,26,234842.52,68296.98,29.08,2610,1654,2610,2,Medium-High Value
CUST04509,Rahul Gupta,12,33,234834.83,54599.31,23.25,2611,2821,2611,2,Medium-High Value
CUST01826,Rahul Singh,15,29,234756.37,49114.02,20.92,2612,3356,2612,2,Medium-High Value
CUST01429,Rohan Mehta,14,36,234621.65,44134.41,18.81,2613,3863,2613,2,Medium-High Value
CUST00665,Meera Singh,18,35,234566.71,38825.87,16.55,2614,4398,2614,2,Medium-High Value
CUST03789,Priya Mhaske,13,31,234537.88,51689.21,22.04,2615,3104,2615,2,Medium-High Value
CUST01686,Vivaan Joshi,19,39,234528.01,58635.75,25.0,2616,2469,2616,2,Medium-High Value
CUST01665,Meera Singh,18,35,234475.74,61861.79,26.38,2617,2167,2617,2,Medium-High Value
CUST02411,Neha Shah,10,30,234473.88,57699.51,24.61,2618,2550,2618,2,Medium-High Value
CUST04467,Rahul Gupta,12,28,234463.64,59056.47,25.19,2619,2426,2619,2,Medium-High Value
CUST04518,Isha Shah,11,20,234362.52,66721.42,28.47,2620,1772,2620,2,Medium-High Value
CUST05119,Rohan Nair,13,29,234277.17,59843.55,25.54,2621,2351,2621,2,Medium-High Value
CUST02291,Rahul Sharma,17,37,234273.07,62704.52,26.77,2622,2086,2622,2,Medium-High Value
CUST01169,Priya Singh,13,28,234177.4,69555.04,29.7,2623,1548,2623,2,Medium-High Value
CUST04642,Rahul Verma,11,21,234175.74,58731.53,25.08,2624,2456,2624,2,Medium-High Value
CUST02075,Vivaan Sharma,9,28,234109.7,63201.29,27.0,2625,2046,2625,2,Medium-High Value
CUST03647,Kavya Nair,10,30,234082.55,60142.33,25.69,2626,2318,2626,2,Medium-High Value
CUST05830,Aarav Verma,15,28,233957.87,59277.05,25.34,2627,2402,2627,2,Medium-High Value
CUST03620,Meera Mehta,15,29,233950.01,68710.19,29.37,2628,1617,2628,2,Medium-High Value
CUST01643,Priya Verma,13,31,233947.03,68129.82,29.12,2629,1665,2629,2,Medium-High Value
CUST05479,Aarav Singh,16,30,233924.92,33715.0,14.41,2630,4875,2630,2,Medium-High Value
CUST04652,Priya Singh,15,30,233844.31,55568.31,23.76,2631,2735,2631,2,Medium-High Value
CUST01286,Ananya Verma,12,26,233810.54,43330.67,18.53,2632,3959,2632,2,Medium-High Value
CUST02188,Isha Singh,11,28,233791.73,64852.28,27.74,2633,1903,2633,2,Medium-High Value
CUST05442,Priya Deshmukh,13,31,233742.11,49269.13,21.08,2634,3340,2634,2,Medium-High Value
CUST05916,Aditya Gupta,15,34,233727.92,45641.65,19.53,2635,3699,2635,2,Medium-High Value
CUST01291,Aditya Shah,16,33,233655.84,58659.65,25.11,2636,2465,2636,2,Medium-High Value
CUST01599,Amit Deshmukh,12,28,233625.53,61875.02,26.48,2637,2166,2637,2,Medium-High Value
CUST05624,Aarav Mehta,14,34,233602.78,58148.84,24.89,2638,2503,2638,2,Medium-High Value
CUST00009,Aarav Nair,8,24,233592.86,65672.89,28.11,2639,1843,2639,2,Medium-High Value
CUST04536,Sneha Singh,11,30,233536.71,55993.73,23.98,2640,2705,2640,2,Medium-High Value
CUST04167,Isha Mhaske,13,25,233534.92,47408.84,20.3,2641,3519,2641,2,Medium-High Value
CUST02057,Aditya Patil,17,26,233473.51,54680.22,23.42,2642,2814,2642,2,Medium-High Value
CUST00536,Rahul Patil,7,24,233444.29,52217.39,22.37,2643,3046,2643,2,Medium-High Value
CUST03792,Pooja Joshi,14,29,233393.67,70775.24,30.32,2644,1463,2644,2,Medium-High Value
CUST05540,Sneha Mehta,17,34,233383.54,59559.58,25.52,2645,2376,2645,2,Medium-High Value
CUST01578,Arjun Shah,17,36,233376.25,61635.27,26.41,2646,2185,2646,2,Medium-High Value
CUST05278,Arjun Mehta,14,35,233363.1,56311.29,24.13,2647,2669,2647,2,Medium-High Value
CUST02235,Vivaan Kumar,14,36,233311.62,58618.78,25.12,2648,2471,2648,2,Medium-High Value
CUST01978,Karan Deshmukh,15,35,233091.95,62272.4,26.72,2649,2131,2649,2,Medium-High Value
CUST03841,Karan Mehta,13,33,233027.57,48037.18,20.61,2650,3460,2650,2,Medium-High Value
CUST02991,Priya Gupta,12,27,232982.18,73303.96,31.46,2651,1302,2651,2,Medium-High Value
CUST05754,Meera Shah,9,26,232981.59,59833.15,25.68,2652,2354,2652,2,Medium-High Value
CUST03979,Rohan Kumar,10,30,232976.6,57571.65,24.71,2653,2562,2653,2,Medium-High Value
CUST03682,Vivaan Deshmukh,14,34,232892.06,54129.38,23.24,2654,2863,2654,2,Medium-High Value
CUST04834,Karan Mehta,15,36,232816.07,61764.96,26.53,2655,2175,2655,2,Medium-High Value
CUST01623,Pooja Nair,14,30,232799.15,60202.94,25.86,2656,2315,2656,2,Medium-High Value
CUST03409,Neha Gupta,13,28,232734.06,44545.04,19.14,2657,3810,2657,2,Medium-High Value
CUST03271,Kavya Patil,10,31,232671.52,65900.1,28.32,2658,1829,2658,2,Medium-High Value
CUST02697,Isha Deshmukh,15,34,232645.4,55849.25,24.01,2659,2711,2659,2,Medium-High Value
CUST03671,Rahul Singh,17,32,232603.29,57958.61,24.92,2660,2525,2660,2,Medium-High Value
CUST02741,Aarav Gupta,13,27,232598.37,52943.88,22.76,2661,2980,2661,2,Medium-High Value
CUST04453,Vivaan Gupta,11,26,232589.1,68003.3,29.24,2662,1678,2662,2,Medium-High Value
CUST05316,Kavya Kumar,12,32,232520.9,49154.39,21.14,2663,3349,2663,2,Medium-High Value
CUST02237,Meera Verma,14,33,232477.5,46039.57,19.8,2664,3660,2664,2,Medium-High Value
CUST02343,Isha Gupta,12,32,232474.57,46151.84,19.85,2665,3648,2665,2,Medium-High Value
CUST03730,Sneha Sharma,13,34,232424.89,59886.52,25.77,2666,2343,2666,2,Medium-High Value
CUST01589,Aarav Deshmukh,14,42,232419.37,55578.65,23.91,2667,2734,2667,2,Medium-High Value
CUST01955,Vivaan Singh,10,28,232373.57,64837.11,27.9,2668,1906,2668,2,Medium-High Value
CUST04129,Kavya Shah,14,31,232325.81,56210.96,24.19,2669,2688,2669,2,Medium-High Value
CUST03947,Pooja Verma,8,23,232286.52,44990.0,19.37,2670,3770,2670,2,Medium-High Value
CUST04404,Aditya Joshi,13,27,232256.73,62721.12,27.01,2671,2083,2671,2,Medium-High Value
CUST04061,Rahul Gupta,11,20,232251.89,60162.07,25.9,2672,2317,2672,2,Medium-High Value
CUST05786,Rohan Sharma,11,25,232167.36,73521.99,31.67,2673,1288,2673,2,Medium-High Value
CUST00121,Ananya Singh,15,24,232133.08,48253.16,20.79,2674,3440,2674,2,Medium-High Value
CUST01753,Ananya Kumar,14,37,232117.15,51377.75,22.13,2675,3142,2675,2,Medium-High Value
CUST00993,Rahul Sharma,16,36,232115.37,58504.35,25.2,2676,2476,2676,2,Medium-High Value
CUST00580,Karan Mehta,13,30,232041.85,56696.54,24.43,2677,2632,2677,2,Medium-High Value
CUST00431,Pooja Sharma,12,37,232016.97,53465.96,23.04,2678,2925,2678,2,Medium-High Value
CUST05345,Pooja Patil,18,32,232003.92,50756.22,21.88,2679,3193,2679,2,Medium-High Value
CUST04511,Aditya Shah,14,25,231998.78,41162.21,17.74,2680,4170,2680,2,Medium-High Value
CUST05620,Priya Gupta,14,30,231977.52,42583.2,18.36,2681,4033,2681,2,Medium-High Value
CUST04392,Pooja Sharma,12,30,231873.34,75226.35,32.44,2682,1191,2682,2,Medium-High Value
CUST02174,Kavya Mehta,9,23,231870.32,68873.53,29.7,2683,1600,2683,2,Medium-High Value
CUST00874,Aarav Mehta,8,22,231859.37,74625.06,32.19,2684,1221,2684,2,Medium-High Value
CUST02476,Pooja Mehta,13,31,231831.66,42340.84,18.26,2685,4059,2685,2,Medium-High Value
CUST03405,Aarav Mehta,11,27,231812.01,52174.03,22.51,2686,3053,2686,2,Medium-High Value
CUST00387,Vivaan Joshi,11,24,231780.53,74842.42,32.29,2687,1203,2687,2,Medium-High Value
CUST00779,Isha Nair,16,28,231740.51,52626.37,22.71,2688,3009,2688,2,Medium-High Value
CUST05720,Isha Mhaske,13,25,231637.87,40810.64,17.62,2689,4202,2689,2,Medium-High Value
CUST04142,Aditya Nair,14,33,231633.81,56680.44,24.47,2690,2634,2690,2,Medium-High Value
CUST05739,Meera Patil,12,24,231620.87,50180.98,21.67,2691,3238,2691,2,Medium-High Value
CUST03270,Sneha Gupta,8,20,231620.77,57486.2,24.82,2692,2569,2692,2,Medium-High Value
CUST00962,Vivaan Shah,8,20,231572.79,57982.54,25.04,2693,2523,2693,2,Medium-High Value
CUST03894,Pooja Sharma,16,41,231559.48,46675.99,20.16,2694,3596,2694,2,Medium-High Value
CUST02233,Vivaan Verma,11,36,231485.72,45611.53,19.7,2695,3703,2695,2,Medium-High Value
CUST05121,Karan Patil,13,30,231430.2,55811.49,24.12,2696,2715,2696,2,Medium-High Value
CUST04716,Isha Deshmukh,19,41,231367.56,53870.98,23.28,2697,2886,2697,2,Medium-High Value
CUST03637,Meera Nair,11,28,231348.33,61178.3,26.44,2698,2220,2698,2,Medium-High Value
CUST03602,Sneha Singh,18,36,231335.06,55827.01,24.13,2699,2714,2699,2,Medium-High Value
CUST01779,Rahul Mhaske,12,34,231290.97,68439.47,29.59,2700,1641,2700,2,Medium-High Value
CUST04295,Pooja Shah,11,33,231252.74,60631.52,26.22,2701,2266,2701,2,Medium-High Value
CUST01144,Isha Joshi,14,31,231228.04,46286.11,20.02,2702,3635,2702,2,Medium-High Value
CUST02144,Rohan Verma,13,31,231204.19,53327.95,23.07,2703,2940,2703,2,Medium-High Value
CUST03062,Priya Patil,14,25,231143.11,52725.83,22.81,2704,2996,2704,2,Medium-High Value
CUST03627,Vivaan Joshi,13,24,231078.44,64549.07,27.93,2705,1935,2705,2,Medium-High Value
CUST00958,Arjun Deshmukh,12,25,230882.14,72983.92,31.61,2706,1324,2706,2,Medium-High Value
CUST03402,Isha Singh,14,27,230811.08,47865.98,20.74,2707,3475,2707,2,Medium-High Value
CUST01222,Karan Nair,12,30,230748.63,44835.49,19.43,2708,3787,2708,2,Medium-High Value
CUST05163,Aarav Deshmukh,13,32,230637.9,65688.13,28.48,2709,1840,2709,2,Medium-High Value
CUST01862,Kavya Mhaske,18,32,230582.69,50016.67,21.69,2710,3255,2710,2,Medium-High Value
CUST05200,Isha Mehta,16,32,230541.12,54889.97,23.81,2711,2795,2711,2,Medium-High Value
CUST03895,Vivaan Kumar,13,28,230512.16,59714.63,25.91,2712,2360,2712,2,Medium-High Value
CUST02436,Vivaan Joshi,12,31,230499.78,58384.1,25.33,2713,2484,2713,2,Medium-High Value
CUST01052,Sneha Shah,11,24,230438.66,58702.75,25.47,2714,2459,2714,2,Medium-High Value
CUST02529,Priya Joshi,19,38,230434.48,46412.91,20.14,2715,3623,2715,2,Medium-High Value
CUST03466,Ananya Kumar,11,25,230421.94,44628.32,19.37,2716,3803,2716,2,Medium-High Value
CUST01882,Vivaan Mhaske,10,21,230374.48,74429.03,32.31,2717,1234,2717,2,Medium-High Value
CUST01245,Karan Deshmukh,7,20,230331.27,62527.15,27.15,2718,2111,2718,2,Medium-High Value
CUST00129,Arjun Deshmukh,16,29,230309.74,63241.84,27.46,2719,2041,2719,2,Medium-High Value
CUST04550,Amit Kumar,12,32,230260.85,47224.62,20.51,2720,3535,2720,2,Medium-High Value
CUST01712,Sneha Joshi,12,27,230110.22,53420.9,23.22,2721,2932,2721,2,Medium-High Value
CUST00461,Amit Mhaske,12,25,230049.7,58673.99,25.5,2722,2462,2722,2,Medium-High Value
CUST03435,Aarav Mehta,12,24,229908.74,48564.24,21.12,2723,3406,2723,2,Medium-High Value
CUST01609,Kavya Patil,15,27,229887.94,52720.21,22.93,2724,2999,2724,2,Medium-High Value
CUST01852,Arjun Joshi,13,42,229841.55,62669.99,27.27,2725,2091,2725,2,Medium-High Value
CUST04053,Ananya Shah,14,38,229821.37,44028.55,19.16,2726,3875,2726,2,Medium-High Value
CUST01784,Meera Sharma,10,29,229774.66,49775.08,21.66,2727,3289,2727,2,Medium-High Value
CUST02522,Neha Singh,11,21,229745.75,59880.62,26.06,2728,2346,2728,2,Medium-High Value
CUST01246,Arjun Verma,15,40,229527.47,65280.53,28.44,2729,1876,2729,2,Medium-High Value
CUST05522,Rohan Kumar,14,29,229445.93,56199.2,24.49,2730,2690,2730,2,Medium-High Value
CUST03521,Aarav Gupta,17,37,229403.77,54176.21,23.62,2731,2860,2731,2,Medium-High Value
CUST01002,Karan Joshi,15,32,229387.26,60728.52,26.47,2732,2254,2732,2,Medium-High Value
CUST02216,Pooja Patil,15,35,229338.07,56650.62,24.7,2733,2636,2733,2,Medium-High Value
CUST02756,Ananya Nair,14,31,229331.84,67879.11,29.6,2734,1686,2734,2,Medium-High Value
CUST01624,Meera Singh,16,40,229266.36,49344.06,21.52,2735,3328,2735,2,Medium-High Value
CUST01804,Rahul Mehta,14,34,229142.75,55186.09,24.08,2736,2769,2736,2,Medium-High Value
CUST01124,Ananya Mhaske,12,27,229087.95,50125.81,21.88,2737,3245,2737,2,Medium-High Value
CUST01938,Vivaan Shah,13,26,229080.11,58104.67,25.36,2738,2509,2738,2,Medium-High Value
CUST03628,Sneha Verma,13,33,229053.16,57875.09,25.27,2739,2532,2739,2,Medium-High Value
CUST00717,Vivaan Gupta,13,33,228993.23,49569.85,21.65,2740,3307,2740,2,Medium-High Value
CUST02882,Aditya Patil,10,23,228988.38,55917.62,24.42,2741,2707,2741,2,Medium-High Value
CUST00372,Sneha Joshi,10,24,228975.52,59218.84,25.86,2742,2411,2742,2,Medium-High Value
CUST04242,Sneha Nair,16,33,228930.73,70784.57,30.92,2743,1461,2743,2,Medium-High Value
CUST00925,Amit Mhaske,13,32,228909.33,50889.45,22.23,2744,3183,2744,2,Medium-High Value
CUST02578,Aarav Joshi,11,23,228890.41,66129.69,28.89,2745,1815,2745,2,Medium-High Value
CUST04133,Meera Verma,18,46,228826.94,46638.18,20.38,2746,3601,2746,2,Medium-High Value
CUST02498,Rohan Mhaske,14,29,228793.64,56509.27,24.7,2747,2648,2747,2,Medium-High Value
CUST05648,Arjun Mhaske,13,30,228717.85,39972.88,17.48,2748,4291,2748,2,Medium-High Value
CUST03157,Aarav Deshmukh,16,46,228496.97,63856.72,27.95,2749,1995,2749,2,Medium-High Value
CUST05405,Meera Mehta,16,29,228474.8,38011.55,16.64,2750,4476,2750,2,Medium-High Value
CUST05524,Isha Patil,15,31,228463.71,62531.34,27.37,2751,2108,2751,2,Medium-High Value
CUST00214,Amit Kumar,12,24,228445.22,61884.45,27.09,2752,2164,2752,2,Medium-High Value
CUST05288,Aditya Verma,10,33,228419.81,58654.2,25.68,2753,2466,2753,2,Medium-High Value
CUST00972,Kavya Mehta,15,29,228388.94,55057.83,24.11,2754,2782,2754,2,Medium-High Value
CUST01577,Ananya Singh,11,28,228380.65,66074.04,28.93,2755,1819,2755,2,Medium-High Value
CUST01879,Aditya Singh,11,29,228298.8,45030.28,19.72,2756,3767,2756,2,Medium-High Value
CUST04821,Amit Mehta,12,29,228289.51,59637.73,26.12,2757,2368,2757,2,Medium-High Value
CUST01560,Neha Joshi,12,26,228235.57,63086.78,27.64,2758,2056,2758,2,Medium-High Value
CUST03972,Priya Sharma,11,30,228226.36,69491.08,30.45,2759,1555,2759,2,Medium-High Value
CUST02317,Neha Joshi,11,22,228219.14,66736.85,29.24,2760,1769,2760,2,Medium-High Value
CUST04722,Rohan Mhaske,11,26,228191.62,55154.12,24.17,2761,2772,2761,2,Medium-High Value
CUST01126,Rohan Sharma,9,22,228162.43,55793.06,24.45,2762,2716,2762,2,Medium-High Value
CUST03652,Rohan Singh,13,27,228159.77,57211.1,25.08,2763,2587,2763,2,Medium-High Value
CUST03110,Neha Kumar,12,28,228133.22,49869.79,21.86,2764,3272,2764,2,Medium-High Value
CUST00039,Karan Deshmukh,7,20,228081.84,68757.65,30.15,2765,1612,2765,2,Medium-High Value
CUST00068,Pooja Deshmukh,11,24,228071.78,72639.72,31.85,2766,1336,2766,2,Medium-High Value
CUST00987,Meera Mhaske,14,29,227884.27,59147.53,25.96,2767,2415,2767,2,Medium-High Value
CUST00795,Rahul Singh,14,38,227867.81,36171.45,15.87,2768,4639,2768,2,Medium-High Value
CUST00575,Kavya Patil,14,30,227847.44,69874.57,30.67,2769,1526,2769,2,Medium-High Value
CUST04838,Meera Patil,10,25,227832.28,57172.97,25.09,2770,2589,2770,2,Medium-High Value
CUST01509,Amit Shah,17,37,227785.06,56384.7,24.75,2771,2663,2771,2,Medium-High Value
CUST02663,Priya Verma,14,26,227709.85,64363.43,28.27,2772,1958,2772,2,Medium-High Value
CUST00054,Rahul Singh,8,18,227572.21,70158.24,30.83,2773,1506,2773,2,Medium-High Value
CUST03170,Arjun Verma,10,25,227545.98,62645.38,27.53,2774,2096,2774,2,Medium-High Value
CUST03876,Vivaan Mehta,14,33,227511.67,57732.69,25.38,2775,2546,2775,2,Medium-High Value
CUST05274,Sneha Shah,11,34,227493.05,44662.53,19.63,2776,3801,2776,2,Medium-High Value
CUST04029,Amit Deshmukh,16,34,227451.94,49775.96,21.88,2777,3288,2777,2,Medium-High Value
CUST03407,Kavya Gupta,10,34,227436.86,49904.95,21.94,2778,3269,2778,2,Medium-High Value
CUST05496,Aarav Kumar,11,27,227427.99,59539.23,26.18,2779,2378,2779,2,Medium-High Value
CUST01501,Karan Shah,9,20,227381.91,56107.32,24.68,2780,2694,2780,2,Medium-High Value
CUST00974,Meera Mhaske,13,32,227358.99,54691.8,24.06,2781,2811,2781,2,Medium-High Value
CUST04363,Neha Patil,12,35,227352.76,45090.68,19.83,2782,3758,2782,2,Medium-High Value
CUST05304,Pooja Gupta,14,24,227350.76,59275.84,26.07,2783,2403,2783,2,Medium-High Value
CUST04902,Isha Nair,14,26,227327.42,64355.79,28.31,2784,1960,2784,2,Medium-High Value
CUST04006,Vivaan Sharma,12,30,227315.09,60455.29,26.6,2785,2279,2785,2,Medium-High Value
CUST04514,Vivaan Deshmukh,13,25,227309.0,51583.65,22.69,2786,3118,2786,2,Medium-High Value
CUST04499,Neha Mehta,15,34,227235.1,53026.6,23.34,2787,2971,2787,2,Medium-High Value
CUST02219,Isha Kumar,11,26,227177.22,52192.69,22.97,2788,3050,2788,2,Medium-High Value
CUST03654,Sneha Nair,11,24,227168.29,50327.46,22.15,2789,3229,2789,2,Medium-High Value
CUST00149,Pooja Gupta,9,30,227136.89,52767.76,23.23,2790,2991,2790,2,Medium-High Value
CUST03309,Kavya Mehta,13,25,227121.09,75493.1,33.24,2791,1168,2791,2,Medium-High Value
CUST04775,Amit Shah,8,20,227101.25,51500.06,22.68,2792,3128,2792,2,Medium-High Value
CUST03032,Aditya Verma,11,30,227089.06,50661.83,22.31,2793,3200,2793,2,Medium-High Value
CUST02934,Pooja Shah,12,21,227064.88,56762.93,25.0,2794,2626,2794,2,Medium-High Value
CUST05408,Isha Shah,16,32,227053.29,56300.0,24.8,2795,2670,2795,2,Medium-High Value
CUST05024,Rohan Sharma,7,24,227010.75,46096.24,20.31,2796,3657,2796,2,Medium-High Value
CUST00480,Rohan Mhaske,15,29,226983.1,61770.18,27.21,2797,2174,2797,2,Medium-High Value
CUST01523,Neha Kumar,10,23,226911.47,49718.25,21.91,2798,3295,2798,2,Medium-High Value
CUST04676,Vivaan Mhaske,12,32,226895.55,62658.29,27.62,2799,2093,2799,2,Medium-High Value
CUST00487,Meera Sharma,12,26,226895.07,50130.5,22.09,2800,3244,2800,2,Medium-High Value
CUST01801,Rohan Mehta,16,36,226885.03,52037.4,22.94,2801,3069,2801,2,Medium-High Value
CUST03715,Meera Mehta,14,29,226864.28,53293.85,23.49,2802,2944,2802,2,Medium-High Value
CUST02632,Isha Shah,14,26,226758.54,59952.76,26.44,2803,2339,2803,2,Medium-High Value
CUST03698,Rohan Mhaske,11,23,226738.01,56261.06,24.81,2804,2680,2804,2,Medium-High Value
CUST04370,Neha Singh,13,32,226720.68,53930.02,23.79,2805,2880,2805,2,Medium-High Value
CUST01434,Aditya Kumar,13,27,226719.76,37409.76,16.5,2806,4531,2806,2,Medium-High Value
CUST03328,Priya Gupta,15,43,226705.74,56240.85,24.81,2807,2685,2807,2,Medium-High Value
CUST02461,Ananya Mehta,10,34,226677.6,35790.84,15.79,2808,4677,2808,2,Medium-High Value
CUST04530,Kavya Verma,12,27,226618.75,47943.59,21.16,2809,3469,2809,2,Medium-High Value
CUST02138,Rohan Joshi,12,30,226566.63,46333.79,20.45,2810,3632,2810,2,Medium-High Value
CUST01715,Neha Shah,10,25,226558.98,66502.55,29.35,2811,1794,2811,2,Medium-High Value
CUST03920,Kavya Kumar,16,32,226557.81,52603.08,23.22,2812,3011,2812,2,Medium-High Value
CUST04591,Arjun Joshi,11,31,226410.58,44512.83,19.66,2813,3813,2813,2,Medium-High Value
CUST02503,Meera Mhaske,14,32,226382.72,60070.6,26.53,2814,2329,2814,2,Medium-High Value
CUST01773,Rahul Deshmukh,7,18,226371.02,57990.17,25.62,2815,2522,2815,2,Medium-High Value
CUST02997,Amit Gupta,8,26,226366.57,47600.53,21.03,2816,3503,2816,2,Medium-High Value
CUST00459,Aditya Mhaske,15,38,226269.15,40543.01,17.92,2817,4238,2817,2,Medium-High Value
CUST00041,Vivaan Deshmukh,15,27,226233.72,63014.31,27.85,2818,2059,2818,2,Medium-High Value
CUST02942,Rahul Mhaske,8,25,226231.48,52092.49,23.03,2819,3064,2819,2,Medium-High Value
CUST01373,Amit Shah,15,34,226199.31,53713.21,23.75,2820,2902,2820,2,Medium-High Value
CUST00639,Rohan Singh,12,32,226184.28,62063.28,27.44,2821,2147,2821,2,Medium-High Value
CUST00045,Aditya Joshi,10,29,226104.42,43846.38,19.39,2822,3900,2822,2,Medium-High Value
CUST04548,Kavya Deshmukh,13,34,226082.7,59768.09,26.44,2823,2357,2823,2,Medium-High Value
CUST01962,Meera Mehta,11,21,226075.01,53044.44,23.46,2824,2969,2824,2,Medium-High Value
CUST01762,Neha Mhaske,13,27,225985.11,58434.71,25.86,2825,2479,2825,2,Medium-High Value
CUST00555,Ananya Verma,18,32,225972.38,58742.66,26.0,2826,2455,2826,2,Medium-High Value
CUST03003,Meera Gupta,15,36,225834.19,69858.3,30.93,2827,1527,2827,2,Medium-High Value
CUST05045,Sneha Shah,13,32,225794.92,53776.59,23.82,2828,2897,2828,2,Medium-High Value
CUST03811,Meera Mehta,12,28,225776.41,69637.95,30.84,2829,1541,2829,2,Medium-High Value
CUST00782,Isha Singh,11,27,225732.27,65351.37,28.95,2830,1869,2830,2,Medium-High Value
CUST05335,Pooja Gupta,11,25,225673.38,62994.61,27.91,2831,2061,2831,2,Medium-High Value
CUST00696,Aarav Gupta,17,34,225565.46,45074.66,19.98,2832,3762,2832,2,Medium-High Value
CUST00399,Pooja Mhaske,12,39,225525.03,50930.65,22.58,2833,3178,2833,2,Medium-High Value
CUST00173,Neha Deshmukh,14,29,225423.78,62687.67,27.81,2834,2088,2834,2,Medium-High Value
CUST01990,Kavya Mehta,10,23,225392.89,55015.67,24.41,2835,2783,2835,2,Medium-High Value
CUST02058,Aditya Nair,10,29,225319.94,53210.71,23.62,2836,2957,2836,2,Medium-High Value
CUST02158,Arjun Patil,13,28,225200.22,60415.52,26.83,2837,2282,2837,2,Medium-High Value
CUST01400,Pooja Sharma,15,31,225082.85,58147.5,25.83,2838,2505,2838,2,Medium-High Value
CUST00703,Isha Patil,14,30,225078.91,43299.2,19.24,2839,3962,2839,2,Medium-High Value
CUST02658,Pooja Mhaske,17,42,224996.84,42796.42,19.02,2840,4005,2840,2,Medium-High Value
CUST00065,Ananya Singh,12,32,224937.92,59786.46,26.58,2841,2355,2841,2,Medium-High Value
CUST03063,Kavya Patil,12,28,224910.75,58725.29,26.11,2842,2457,2842,2,Medium-High Value
CUST02474,Rohan Mhaske,10,27,224892.01,60137.73,26.74,2843,2320,2843,2,Medium-High Value
CUST05419,Aarav Mehta,13,41,224891.78,53105.17,23.61,2844,2964,2844,2,Medium-High Value
CUST00091,Arjun Kumar,16,36,224867.36,50788.59,22.59,2845,3191,2845,2,Medium-High Value
CUST00802,Aditya Mhaske,11,23,224864.98,47049.2,20.92,2846,3554,2846,2,Medium-High Value
CUST00833,Neha Mehta,13,31,224830.0,55636.57,24.75,2847,2728,2847,2,Medium-High Value
CUST00590,Amit Sharma,14,31,224783.65,73820.23,32.84,2848,1268,2848,2,Medium-High Value
CUST00062,Pooja Nair,14,27,224712.36,55015.09,24.48,2849,2784,2849,2,Medium-High Value
CUST03850,Aarav Deshmukh,12,32,224654.81,51501.85,22.92,2850,3127,2850,2,Medium-High Value
CUST03465,Rahul Shah,13,35,224645.07,57254.38,25.49,2851,2584,2851,2,Medium-High Value
CUST05733,Rahul Kumar,13,29,224642.17,53453.14,23.79,2852,2927,2852,2,Medium-High Value
CUST03833,Isha Kumar,15,32,224614.16,49990.49,22.26,2853,3258,2853,2,Medium-High Value
CUST02965,Amit Joshi,11,29,224601.56,46643.41,20.77,2854,3600,2854,2,Medium-High Value
CUST03572,Isha Kumar,14,32,224508.4,42206.79,18.8,2855,4069,2855,2,Medium-High Value
CUST03974,Isha Kumar,16,33,224502.32,51342.04,22.87,2856,3144,2856,2,Medium-High Value
CUST00755,Aarav Nair,11,24,224470.7,59035.52,26.3,2857,2429,2857,2,Medium-High Value
CUST02487,Meera Verma,13,30,224441.81,50173.94,22.35,2858,3241,2858,2,Medium-High Value
CUST02867,Pooja Shah,18,34,224405.24,55065.0,24.54,2859,2778,2859,2,Medium-High Value
CUST04797,Rahul Shah,15,28,224398.28,61341.85,27.34,2860,2206,2860,2,Medium-High Value
CUST00600,Neha Shah,12,34,224395.97,49520.27,22.07,2861,3313,2861,2,Medium-High Value
CUST00731,Amit Joshi,15,41,224393.76,53253.47,23.73,2862,2950,2862,2,Medium-High Value
CUST00828,Kavya Mehta,12,32,224379.36,38487.27,17.15,2863,4432,2863,2,Medium-High Value
CUST01525,Rohan Mhaske,18,35,224341.97,43671.93,19.47,2864,3922,2864,2,Medium-High Value
CUST00073,Meera Joshi,14,36,224309.45,44372.39,19.78,2865,3833,2865,2,Medium-High Value
CUST04490,Amit Verma,15,31,224307.83,54288.77,24.2,2866,2847,2866,2,Medium-High Value
CUST00326,Amit Sharma,11,23,224300.34,67339.88,30.02,2867,1724,2867,2,Medium-High Value
CUST02333,Aditya Mehta,12,30,224299.16,63840.54,28.46,2868,1997,2868,2,Medium-High Value
CUST00783,Vivaan Joshi,12,24,224290.34,52077.98,23.22,2869,3066,2869,2,Medium-High Value
CUST04824,Amit Deshmukh,13,26,224250.01,54484.38,24.3,2870,2835,2870,2,Medium-High Value
CUST00010,Neha Mehta,12,29,224230.93,59961.03,26.74,2871,2337,2871,2,Medium-High Value
CUST05717,Isha Shah,11,25,224180.18,59865.68,26.7,2872,2349,2872,2,Medium-High Value
CUST00747,Rahul Shah,11,31,224134.37,56598.74,25.25,2873,2643,2873,2,Medium-High Value
CUST05099,Arjun Joshi,14,26,224111.3,57574.26,25.69,2874,2561,2874,2,Medium-High Value
CUST01288,Rahul Shah,15,33,224109.84,50362.07,22.47,2875,3224,2875,2,Medium-High Value
CUST05325,Rohan Mhaske,12,25,224056.32,52038.61,23.23,2876,3068,2876,2,Medium-High Value
CUST03880,Karan Mhaske,9,25,224011.86,68245.11,30.46,2877,1658,2877,2,Medium-High Value
CUST03102,Rohan Mehta,9,18,223853.52,49230.1,21.99,2878,3345,2878,2,Medium-High Value
CUST05018,Priya Mehta,16,26,223853.41,65155.65,29.11,2879,1883,2879,2,Medium-High Value
CUST00247,Ananya Nair,9,26,223835.03,43822.82,19.58,2880,3904,2880,2,Medium-High Value
CUST01310,Priya Mhaske,12,35,223819.75,44399.85,19.84,2881,3827,2881,2,Medium-High Value
CUST02191,Pooja Singh,12,32,223810.08,57271.04,25.59,2882,2582,2882,2,Medium-High Value
CUST03878,Karan Mhaske,12,26,223760.67,69654.56,31.13,2883,1539,2883,2,Medium-High Value
CUST00596,Vivaan Joshi,15,27,223693.3,53594.94,23.96,2884,2914,2884,2,Medium-High Value
CUST04033,Amit Sharma,10,29,223649.13,61135.47,27.34,2885,2225,2885,2,Medium-High Value
CUST03495,Rohan Singh,14,31,223633.45,44749.27,20.01,2886,3794,2886,2,Medium-High Value
CUST04072,Rahul Patil,16,40,223627.85,49022.64,21.92,2887,3363,2887,2,Medium-High Value
CUST00123,Kavya Joshi,13,22,223589.89,76919.95,34.4,2888,1083,2888,2,Medium-High Value
CUST03846,Rohan Shah,11,25,223557.17,60346.13,26.99,2889,2295,2889,2,Medium-High Value
CUST00565,Sneha Shah,9,27,223544.64,60129.55,26.9,2890,2322,2890,2,Medium-High Value
CUST00853,Arjun Deshmukh,17,29,223533.08,56490.55,25.27,2891,2652,2891,2,Medium-High Value
CUST00998,Rohan Mehta,9,23,223492.88,74127.15,33.17,2892,1252,2892,2,Medium-High Value
CUST05077,Rohan Nair,14,39,223486.9,46030.94,20.6,2893,3662,2893,2,Medium-High Value
CUST03675,Aarav Patil,14,29,223465.3,58946.09,26.38,2894,2435,2894,2,Medium-High Value
CUST02827,Karan Singh,12,26,223409.1,64103.27,28.69,2895,1982,2895,2,Medium-High Value
CUST02268,Sneha Singh,11,29,223389.46,54096.02,24.22,2896,2865,2896,2,Medium-High Value
CUST04528,Rahul Nair,14,39,223384.12,45140.79,20.21,2897,3754,2897,2,Medium-High Value
CUST01281,Neha Patil,13,27,223348.73,57770.34,25.87,2898,2542,2898,2,Medium-High Value
CUST02172,Aditya Singh,11,21,223284.98,63336.5,28.37,2899,2037,2899,2,Medium-High Value
CUST02504,Rohan Kumar,18,40,223234.07,48666.01,21.8,2900,3396,2900,2,Medium-High Value
CUST00444,Meera Singh,13,24,223222.76,57128.46,25.59,2901,2592,2901,2,Medium-High Value
CUST00483,Arjun Joshi,16,32,223218.56,47126.29,21.11,2902,3543,2902,2,Medium-High Value
CUST03263,Arjun Patil,11,36,223088.9,41219.21,18.48,2903,4152,2903,2,Medium-High Value
CUST01486,Ananya Singh,15,30,223079.63,45776.17,20.52,2904,3693,2904,2,Medium-High Value
CUST05133,Aarav Sharma,12,22,223039.76,52378.51,23.48,2905,3030,2905,2,Medium-High Value
CUST05643,Vivaan Sharma,11,24,222972.75,51116.22,22.92,2906,3164,2906,2,Medium-High Value
CUST00966,Meera Mehta,11,26,222964.88,57451.18,25.77,2907,2571,2907,2,Medium-High Value
CUST03727,Ananya Verma,15,32,222895.28,64368.74,28.88,2908,1956,2908,2,Medium-High Value
CUST03625,Rohan Singh,13,22,222863.09,66413.47,29.8,2909,1802,2909,2,Medium-High Value
CUST03569,Ananya Shah,11,29,222769.53,62727.29,28.16,2910,2082,2910,2,Medium-High Value
CUST00702,Sneha Shah,13,32,222694.05,55761.19,25.04,2911,2718,2911,2,Medium-High Value
CUST00002,Vivaan Shah,14,28,222656.85,45271.33,20.33,2912,3741,2912,2,Medium-High Value
CUST04967,Vivaan Kumar,14,33,222651.1,42410.3,19.05,2913,4050,2913,2,Medium-High Value
CUST04082,Arjun Sharma,12,26,222611.83,57098.99,25.65,2914,2595,2914,2,Medium-High Value
CUST03515,Rohan Sharma,10,27,222593.17,61500.55,27.63,2915,2195,2915,2,Medium-High Value
CUST00701,Aditya Gupta,12,31,222557.95,54212.11,24.36,2916,2855,2916,2,Medium-High Value
CUST00753,Aarav Shah,11,27,222432.62,49795.33,22.39,2917,3285,2917,2,Medium-High Value
CUST05186,Pooja Deshmukh,11,27,222421.72,59245.33,26.64,2918,2406,2918,2,Medium-High Value
CUST04313,Isha Singh,16,40,222416.92,61036.93,27.44,2919,2232,2919,2,Medium-High Value
CUST05436,Aarav Singh,11,27,222383.68,54494.06,24.5,2920,2834,2920,2,Medium-High Value
CUST03041,Meera Deshmukh,13,34,222379.9,43839.91,19.71,2921,3903,2921,2,Medium-High Value
CUST05668,Karan Nair,14,32,222371.32,45324.18,20.38,2922,3734,2922,2,Medium-High Value
CUST01722,Karan Nair,10,28,222369.26,67508.88,30.36,2923,1713,2923,2,Medium-High Value
CUST04368,Vivaan Patil,11,24,222362.14,66050.88,29.7,2924,1822,2924,2,Medium-High Value
CUST04513,Kavya Verma,13,30,222336.6,65479.05,29.45,2925,1858,2925,2,Medium-High Value
CUST00797,Karan Joshi,14,40,222282.04,71101.05,31.99,2926,1438,2926,2,Medium-High Value
CUST03966,Aditya Shah,13,33,222268.69,47089.55,21.19,2927,3548,2927,2,Medium-High Value
CUST04545,Isha Mehta,15,29,222266.44,50498.92,22.72,2928,3213,2928,2,Medium-High Value
CUST04418,Ananya Gupta,8,24,222260.68,42913.94,19.31,2929,3994,2929,2,Medium-High Value
CUST02255,Aditya Joshi,12,24,222149.25,72025.96,32.42,2930,1381,2930,2,Medium-High Value
CUST03023,Rohan Deshmukh,12,40,222146.37,56777.66,25.56,2931,2624,2931,2,Medium-High Value
CUST00061,Kavya Gupta,16,32,222146.32,40604.38,18.28,2932,4226,2932,2,Medium-High Value
CUST03188,Aditya Shah,10,29,222120.95,42823.11,19.28,2933,4001,2933,2,Medium-High Value
CUST01259,Ananya Kumar,14,30,221991.11,31415.52,14.15,2934,5072,2934,2,Medium-High Value
CUST01637,Priya Deshmukh,11,21,221988.16,56491.55,25.45,2935,2650,2935,2,Medium-High Value
CUST03818,Priya Singh,12,23,221970.69,51331.21,23.13,2936,3147,2936,2,Medium-High Value
CUST02765,Pooja Mehta,11,32,221919.01,63272.03,28.51,2937,2039,2937,2,Medium-High Value
CUST01837,Arjun Deshmukh,12,32,221902.08,47051.12,21.2,2938,3553,2938,2,Medium-High Value
CUST04457,Neha Mhaske,16,34,221892.05,49968.06,22.52,2939,3261,2939,2,Medium-High Value
CUST01037,Neha Mhaske,14,31,221848.86,62449.68,28.15,2940,2117,2940,2,Medium-High Value
CUST00085,Priya Mhaske,12,31,221828.51,38428.97,17.32,2941,4435,2941,2,Medium-High Value
CUST03944,Karan Singh,17,39,221753.2,59925.24,27.02,2942,2342,2942,2,Medium-High Value
CUST01552,Aditya Shah,14,29,221693.73,70348.35,31.73,2943,1492,2943,2,Medium-High Value
CUST02231,Amit Deshmukh,11,25,221672.07,59967.65,27.05,2944,2336,2944,2,Medium-High Value
CUST01166,Amit Gupta,13,31,221602.16,42388.08,19.13,2945,4054,2945,2,Medium-High Value
CUST02512,Amit Mehta,13,30,221562.36,52451.18,23.67,2946,3025,2946,2,Medium-High Value
CUST02420,Isha Joshi,17,30,221481.43,60571.3,27.35,2947,2270,2947,2,Medium-High Value
CUST04395,Pooja Sharma,15,38,221471.82,44346.18,20.02,2948,3838,2948,2,Medium-High Value
CUST01569,Kavya Joshi,15,27,221466.65,60888.36,27.49,2949,2243,2949,2,Medium-High Value
CUST02599,Vivaan Gupta,14,35,221463.88,67203.15,30.34,2950,1733,2950,2,Medium-High Value
CUST00606,Amit Mhaske,11,31,221431.17,58053.12,26.22,2951,2514,2951,2,Medium-High Value
CUST04648,Rohan Sharma,9,25,221420.88,68977.5,31.15,2952,1592,2952,2,Medium-High Value
CUST04314,Arjun Shah,12,29,221410.1,48561.19,21.93,2953,3407,2953,2,Medium-High Value
CUST00771,Isha Mehta,9,18,221275.32,73223.36,33.09,2954,1308,2954,2,Medium-High Value
CUST04670,Kavya Deshmukh,13,35,221251.79,55602.12,25.13,2955,2730,2955,2,Medium-High Value
CUST03116,Meera Joshi,10,22,221239.71,56994.16,25.76,2956,2606,2956,2,Medium-High Value
CUST02979,Rohan Patil,14,29,221103.46,60222.21,27.24,2957,2311,2957,2,Medium-High Value
CUST01986,Aditya Deshmukh,10,19,221058.47,62537.14,28.29,2958,2107,2958,2,Medium-High Value
CUST03074,Karan Joshi,13,34,221041.77,60204.58,27.24,2959,2314,2959,2,Medium-High Value
CUST01983,Kavya Gupta,13,25,221030.24,65123.42,29.46,2960,1885,2960,2,Medium-High Value
CUST01917,Pooja Patil,11,31,221005.88,46523.76,21.05,2961,3607,2961,2,Medium-High Value
CUST02789,Meera Mhaske,14,28,221004.79,46827.03,21.19,2962,3577,2962,2,Medium-High Value
CUST01358,Neha Shah,10,23,220997.88,55594.55,25.16,2963,2731,2963,2,Medium-High Value
CUST03701,Neha Gupta,14,27,220933.0,64726.87,29.3,2964,1918,2964,2,Medium-High Value
CUST04754,Sneha Mehta,12,25,220865.24,57388.04,25.98,2965,2576,2965,2,Medium-High Value
CUST02003,Kavya Verma,12,28,220782.88,54061.1,24.49,2966,2870,2966,2,Medium-High Value
CUST04660,Ananya Singh,11,28,220746.75,56427.67,25.56,2967,2658,2967,2,Medium-High Value
CUST03547,Isha Mhaske,10,29,220674.75,40292.35,18.26,2968,4259,2968,2,Medium-High Value
CUST05972,Aditya Kumar,15,27,220521.56,66484.85,30.15,2969,1795,2969,2,Medium-High Value
CUST04704,Arjun Shah,14,39,220487.95,46820.6,21.23,2970,3578,2970,2,Medium-High Value
CUST03473,Rohan Verma,17,35,220461.5,54847.27,24.88,2971,2800,2971,2,Medium-High Value
CUST04146,Rahul Joshi,14,30,220368.68,56435.03,25.61,2972,2656,2972,2,Medium-High Value
CUST03385,Vivaan Verma,11,26,220263.25,52717.6,23.93,2973,3000,2973,2,Medium-High Value
CUST04200,Aarav Deshmukh,11,25,220155.83,58044.54,26.37,2974,2515,2974,2,Medium-High Value
CUST05320,Rahul Mehta,13,31,220091.89,69547.43,31.6,2975,1549,2975,2,Medium-High Value
CUST03122,Aarav Joshi,12,26,220073.48,63950.76,29.06,2976,1993,2976,2,Medium-High Value
CUST03080,Arjun Mehta,14,32,220063.9,70568.65,32.07,2977,1474,2977,2,Medium-High Value
CUST04058,Priya Singh,10,31,220061.65,53827.31,24.46,2978,2891,2978,2,Medium-High Value
CUST03252,Arjun Verma,11,22,220051.98,64080.12,29.12,2979,1984,2979,2,Medium-High Value
CUST00192,Sneha Deshmukh,9,24,220046.58,47886.47,21.76,2980,3474,2980,2,Medium-High Value
CUST05817,Neha Joshi,14,28,219990.14,62364.92,28.35,2981,2126,2981,2,Medium-High Value
CUST05664,Amit Deshmukh,10,25,219989.19,62999.05,28.64,2982,2060,2982,2,Medium-High Value
CUST03486,Rahul Nair,15,38,219937.23,44623.6,20.29,2983,3805,2983,2,Medium-High Value
CUST05034,Isha Singh,9,23,219807.33,42904.39,19.52,2984,3996,2984,2,Medium-High Value
CUST05740,Rohan Mhaske,10,22,219759.89,58975.92,26.84,2985,2434,2985,2,Medium-High Value
CUST00856,Priya Mehta,9,29,219705.57,44473.17,20.24,2986,3818,2986,2,Medium-High Value
CUST02932,Karan Kumar,12,27,219704.83,61695.79,28.08,2987,2181,2987,2,Medium-High Value
CUST04179,Sneha Mehta,16,37,219700.51,52684.61,23.98,2988,3005,2988,2,Medium-High Value
CUST04124,Rohan Patil,15,32,219699.05,48883.43,22.25,2989,3374,2989,2,Medium-High Value
CUST01746,Pooja Deshmukh,11,25,219612.34,51305.46,23.36,2990,3149,2990,2,Medium-High Value
CUST04923,Pooja Sharma,13,29,219605.18,67514.25,30.74,2991,1711,2991,2,Medium-High Value
CUST01504,Amit Mehta,14,30,219602.08,49792.53,22.67,2992,3286,2992,2,Medium-High Value
CUST03958,Amit Deshmukh,12,30,219563.11,59592.12,27.14,2993,2373,2993,2,Medium-High Value
CUST02201,Karan Sharma,11,28,219551.3,51900.25,23.64,2994,3078,2994,2,Medium-High Value
CUST00008,Sneha Mhaske,12,44,219523.44,41308.02,18.82,2995,4140,2995,2,Medium-High Value
CUST05206,Amit Shah,15,30,219512.24,57668.59,26.27,2996,2554,2996,2,Medium-High Value
CUST02257,Aarav Singh,11,22,219476.82,49168.86,22.4,2997,3347,2997,2,Medium-High Value
CUST01802,Priya Deshmukh,13,35,219445.55,47691.59,21.73,2998,3493,2998,2,Medium-High Value
CUST01461,Vivaan Gupta,12,22,219430.39,52680.91,24.01,2999,3006,2999,2,Medium-High Value
CUST00320,Aarav Shah,17,38,219370.4,46751.76,21.31,3000,3587,3000,2,Medium-High Value
CUST05204,Isha Nair,13,27,219301.69,59171.82,26.98,3001,2414,3001,3,Medium-Low Value
CUST00857,Vivaan Mhaske,11,22,219268.83,48280.5,22.02,3002,3438,3002,3,Medium-Low Value
CUST00736,Aditya Shah,12,27,219267.6,49929.72,22.77,3003,3267,3003,3,Medium-Low Value
CUST05693,Rahul Mhaske,15,36,219245.83,51686.97,23.57,3004,3105,3004,3,Medium-Low Value
CUST02101,Amit Mehta,8,26,219213.3,32367.25,14.77,3005,4984,3005,3,Medium-Low Value
CUST05432,Vivaan Verma,12,26,219198.29,61931.85,28.25,3006,2157,3006,3,Medium-Low Value
CUST03845,Aditya Nair,15,30,219102.69,48065.89,21.94,3007,3456,3007,3,Medium-Low Value
CUST00623,Rahul Kumar,9,23,219091.52,48248.55,22.02,3008,3442,3008,3,Medium-Low Value
CUST03568,Kavya Joshi,13,27,219068.04,41712.21,19.04,3009,4107,3009,3,Medium-Low Value
CUST01426,Neha Nair,12,30,219061.85,62325.35,28.45,3010,2130,3010,3,Medium-Low Value
CUST01306,Isha Gupta,9,22,219053.72,54037.5,24.67,3011,2871,3011,3,Medium-Low Value
CUST02763,Amit Gupta,13,32,218970.49,29550.52,13.5,3012,5219,3012,3,Medium-Low Value
CUST01854,Vivaan Patil,12,33,218963.76,47000.49,21.46,3013,3560,3013,3,Medium-Low Value
CUST00952,Kavya Mhaske,15,31,218953.52,53086.9,24.25,3014,2966,3014,3,Medium-Low Value
CUST04757,Sneha Mhaske,9,25,218937.74,45288.47,20.69,3015,3739,3015,3,Medium-Low Value
CUST00905,Meera Singh,12,23,218893.24,62743.67,28.66,3016,2079,3016,3,Medium-Low Value
CUST03013,Vivaan Mhaske,14,31,218751.66,52925.55,24.19,3017,2981,3017,3,Medium-Low Value
CUST04618,Sneha Mhaske,14,37,218727.65,47912.23,21.9,3018,3471,3018,3,Medium-Low Value
CUST04021,Vivaan Patil,10,22,218690.7,57872.99,26.46,3019,2533,3019,3,Medium-Low Value
CUST03126,Amit Mhaske,11,30,218665.59,66124.44,30.24,3020,1816,3020,3,Medium-Low Value
CUST00867,Aarav Kumar,13,28,218641.92,55842.62,25.54,3021,2712,3021,3,Medium-Low Value
CUST04055,Priya Nair,12,31,218599.47,54875.98,25.1,3022,2796,3022,3,Medium-Low Value
CUST04224,Aarav Shah,13,28,218593.83,62560.15,28.62,3023,2105,3023,3,Medium-Low Value
CUST01404,Aarav Deshmukh,8,24,218581.08,61740.03,28.25,3024,2178,3024,3,Medium-Low Value
CUST01289,Aditya Joshi,12,33,218554.07,60388.78,27.63,3025,2285,3025,3,Medium-Low Value
CUST03114,Meera Kumar,9,21,218474.16,61918.65,28.34,3026,2159,3026,3,Medium-Low Value
CUST03218,Kavya Deshmukh,11,26,218468.61,39242.0,17.96,3027,4357,3027,3,Medium-Low Value
CUST05042,Arjun Shah,17,33,218428.19,63258.01,28.96,3028,2040,3028,3,Medium-Low Value
CUST05974,Karan Mhaske,14,35,218342.03,54550.37,24.98,3029,2829,3029,3,Medium-Low Value
CUST00276,Amit Mehta,11,28,218291.81,58001.22,26.57,3030,2520,3030,3,Medium-Low Value
CUST00249,Sneha Patil,13,30,218191.12,52460.2,24.04,3031,3023,3031,3,Medium-Low Value
CUST02851,Ananya Singh,17,47,218154.13,43565.42,19.97,3032,3932,3032,3,Medium-Low Value
CUST02009,Aarav Singh,15,41,218123.04,53127.21,24.36,3033,2962,3033,3,Medium-Low Value
CUST02490,Pooja Singh,14,34,218080.99,52116.83,23.9,3034,3062,3034,3,Medium-Low Value
CUST02807,Arjun Mhaske,12,30,217989.87,49855.99,22.87,3035,3275,3035,3,Medium-Low Value
CUST03672,Rohan Sharma,12,28,217867.07,59702.05,27.4,3036,2363,3036,3,Medium-Low Value
CUST02012,Amit Mhaske,10,20,217822.05,60350.21,27.71,3037,2294,3037,3,Medium-Low Value
CUST01859,Rahul Shah,10,31,217735.09,58788.32,27.0,3038,2451,3038,3,Medium-Low Value
CUST03843,Isha Singh,15,39,217696.05,49350.04,22.67,3039,3327,3039,3,Medium-Low Value
CUST01822,Arjun Gupta,10,25,217606.06,54587.58,25.09,3040,2822,3040,3,Medium-Low Value
CUST03592,Pooja Deshmukh,13,30,217582.15,55662.42,25.58,3041,2726,3041,3,Medium-Low Value
CUST04900,Pooja Mehta,13,32,217560.66,38859.48,17.86,3042,4395,3042,3,Medium-Low Value
CUST04397,Amit Shah,15,31,217549.49,57782.52,26.56,3043,2541,3043,3,Medium-Low Value
CUST02642,Meera Mhaske,11,27,217522.44,57505.55,26.44,3044,2567,3044,3,Medium-Low Value
CUST00643,Isha Nair,8,20,217449.95,60273.39,27.72,3045,2305,3045,3,Medium-Low Value
CUST03140,Priya Patil,14,26,217412.4,48200.19,22.17,3046,3445,3046,3,Medium-Low Value
CUST01360,Ananya Verma,15,38,217408.51,53788.37,24.74,3047,2895,3047,3,Medium-Low Value
CUST03542,Pooja Mehta,9,28,217389.44,46030.85,21.17,3048,3663,3048,3,Medium-Low Value
CUST04026,Aditya Deshmukh,14,35,217335.24,58539.35,26.94,3049,2475,3049,3,Medium-Low Value
CUST00168,Karan Verma,14,27,217294.83,52710.0,24.26,3050,3003,3050,3,Medium-Low Value
CUST01924,Aditya Verma,9,26,217270.62,67120.4,30.89,3051,1739,3051,3,Medium-Low Value
CUST05489,Isha Mehta,10,35,217255.43,43892.42,20.2,3052,3893,3052,3,Medium-Low Value
CUST05821,Sneha Kumar,15,33,217189.44,40569.81,18.68,3053,4233,3053,3,Medium-Low Value
CUST02408,Rohan Mehta,14,25,217112.28,56155.44,25.86,3054,2692,3054,3,Medium-Low Value
CUST00216,Aditya Singh,15,27,217065.27,41302.99,19.03,3055,4143,3055,3,Medium-Low Value
CUST02640,Rahul Mehta,9,21,217013.47,63815.35,29.41,3056,1999,3056,3,Medium-Low Value
CUST05842,Rohan Mehta,11,27,216944.43,61059.68,28.15,3057,2231,3057,3,Medium-Low Value
CUST04237,Ananya Mehta,17,36,216794.19,52377.0,24.16,3058,3031,3058,3,Medium-Low Value
CUST03196,Aarav Patil,11,26,216720.12,53833.72,24.84,3059,2889,3059,3,Medium-Low Value
CUST01535,Priya Sharma,15,27,216658.92,51546.19,23.79,3060,3122,3060,3,Medium-Low Value
CUST03034,Neha Shah,14,31,216603.91,51617.43,23.83,3061,3113,3061,3,Medium-Low Value
CUST05997,Sneha Verma,11,27,216506.81,51636.08,23.85,3062,3111,3062,3,Medium-Low Value
CUST02162,Aarav Sharma,11,22,216491.46,67183.65,31.03,3063,1736,3063,3,Medium-Low Value
CUST04306,Arjun Verma,12,23,216437.57,60638.7,28.02,3064,2264,3064,3,Medium-Low Value
CUST05788,Arjun Singh,14,26,216354.82,67184.75,31.05,3065,1735,3065,3,Medium-Low Value
CUST03160,Aditya Singh,10,29,216213.84,45402.21,21.0,3066,3727,3066,3,Medium-Low Value
CUST01996,Vivaan Deshmukh,10,24,216211.53,41644.15,19.26,3067,4116,3067,3,Medium-Low Value
CUST03249,Kavya Patil,17,33,216146.89,58373.83,27.01,3068,2487,3068,3,Medium-Low Value
CUST05814,Pooja Shah,12,22,216120.11,69733.81,32.27,3069,1535,3069,3,Medium-Low Value
CUST03096,Rohan Nair,10,28,216001.22,45467.72,21.05,3070,3720,3070,3,Medium-Low Value
CUST01941,Ananya Nair,16,36,215932.08,40694.75,18.85,3071,4221,3071,3,Medium-Low Value
CUST04298,Aarav Shah,13,32,215906.02,66605.58,30.85,3072,1785,3072,3,Medium-Low Value
CUST05623,Ananya Shah,10,23,215848.71,52965.18,24.54,3073,2977,3073,3,Medium-Low Value
CUST01008,Neha Gupta,13,26,215818.98,43954.88,20.37,3074,3880,3074,3,Medium-Low Value
CUST02131,Kavya Mhaske,13,27,215759.09,50875.21,23.58,3075,3184,3075,3,Medium-Low Value
CUST00286,Vivaan Verma,14,36,215721.74,34627.76,16.05,3076,4782,3076,3,Medium-Low Value
CUST05055,Ananya Joshi,9,22,215576.09,61746.94,28.64,3077,2177,3077,3,Medium-Low Value
CUST00705,Aarav Shah,13,33,215550.35,43574.61,20.22,3078,3929,3078,3,Medium-Low Value
CUST05902,Ananya Joshi,12,30,215535.73,57609.07,26.73,3079,2558,3079,3,Medium-Low Value
CUST04383,Aditya Patil,14,29,215535.17,54901.51,25.47,3080,2794,3080,3,Medium-Low Value
CUST02114,Ananya Patil,11,20,215489.06,60333.85,28.0,3081,2299,3081,3,Medium-Low Value
CUST04491,Aarav Shah,17,39,215481.0,52472.05,24.35,3082,3021,3082,3,Medium-Low Value
CUST05360,Sneha Patil,13,36,215480.65,53669.61,24.91,3083,2906,3083,3,Medium-Low Value
CUST05975,Rohan Deshmukh,12,28,215344.04,53661.62,24.92,3084,2907,3084,3,Medium-Low Value
CUST04373,Priya Gupta,9,22,215305.32,68188.55,31.67,3085,1663,3085,3,Medium-Low Value
CUST03131,Kavya Shah,13,27,215270.36,59231.61,27.51,3086,2409,3086,3,Medium-Low Value
CUST04500,Karan Joshi,12,28,215216.23,46759.6,21.73,3087,3586,3087,3,Medium-Low Value
CUST02256,Ananya Mhaske,10,25,215213.92,51122.99,23.75,3088,3161,3088,3,Medium-Low Value
CUST01347,Meera Sharma,10,22,215213.53,52658.82,24.47,3089,3007,3089,3,Medium-Low Value
CUST02707,Arjun Patil,8,22,215206.72,61078.46,28.38,3090,2228,3090,3,Medium-Low Value
CUST01271,Rohan Kumar,12,22,215154.57,61011.96,28.36,3091,2234,3091,3,Medium-Low Value
CUST05136,Priya Nair,12,25,215153.26,39377.24,18.3,3092,4343,3092,3,Medium-Low Value
CUST01754,Vivaan Nair,14,37,215131.74,49130.85,22.84,3093,3351,3093,3,Medium-Low Value
CUST04615,Meera Kumar,15,34,215092.5,62067.82,28.86,3094,2146,3094,3,Medium-Low Value
CUST05256,Rahul Deshmukh,13,35,215033.85,42424.9,19.73,3095,4048,3095,3,Medium-Low Value
CUST01906,Rahul Gupta,14,35,215021.21,60115.08,27.96,3096,2325,3096,3,Medium-Low Value
CUST02841,Aarav Singh,12,30,214973.84,44154.96,20.54,3097,3858,3097,3,Medium-Low Value
CUST05082,Karan Gupta,14,22,214959.77,50445.27,23.47,3098,3218,3098,3,Medium-Low Value
CUST05247,Karan Sharma,14,39,214944.05,45440.22,21.14,3099,3723,3099,3,Medium-Low Value
CUST01265,Neha Deshmukh,15,33,214872.71,42809.83,19.92,3100,4003,3100,3,Medium-Low Value
CUST01777,Isha Sharma,11,25,214848.81,48327.13,22.49,3101,3431,3101,3,Medium-Low Value
CUST01808,Aarav Gupta,15,36,214820.74,52082.16,24.24,3102,3065,3102,3,Medium-Low Value
CUST00675,Kavya Mhaske,14,26,214819.72,36324.69,16.91,3103,4628,3103,3,Medium-Low Value
CUST02684,Isha Gupta,10,22,214751.03,55507.74,25.85,3104,2741,3104,3,Medium-Low Value
CUST03971,Aditya Kumar,8,20,214709.2,53757.45,25.04,3105,2899,3105,3,Medium-Low Value
CUST00023,Amit Sharma,7,27,214692.0,47312.66,22.04,3106,3527,3106,3,Medium-Low Value
CUST02276,Priya Sharma,18,36,214660.32,48301.72,22.5,3107,3434,3107,3,Medium-Low Value
CUST04317,Vivaan Joshi,11,33,214628.73,49911.89,23.25,3108,3268,3108,3,Medium-Low Value
CUST05425,Arjun Shah,9,24,214606.19,47652.56,22.2,3109,3497,3109,3,Medium-Low Value
CUST03911,Aditya Kumar,12,22,214568.66,53326.99,24.85,3110,2941,3110,3,Medium-Low Value
CUST03959,Isha Patil,12,28,214564.4,64598.17,30.11,3111,1930,3111,3,Medium-Low Value
CUST05318,Karan Joshi,11,29,214398.47,47760.76,22.28,3112,3487,3112,3,Medium-Low Value
CUST05864,Pooja Mehta,15,34,214317.85,37103.35,17.31,3113,4559,3113,3,Medium-Low Value
CUST01068,Isha Joshi,12,29,214306.26,41574.34,19.4,3114,4119,3114,3,Medium-Low Value
CUST05876,Ananya Patil,11,22,214285.65,53480.82,24.96,3115,2924,3115,3,Medium-Low Value
CUST03222,Karan Patil,12,22,214276.59,48827.39,22.79,3116,3378,3116,3,Medium-Low Value
CUST00013,Rohan Nair,10,29,214240.39,50940.74,23.78,3117,3177,3117,3,Medium-Low Value
CUST04853,Kavya Nair,13,28,214237.35,71417.33,33.34,3118,1417,3118,3,Medium-Low Value
CUST03872,Kavya Sharma,10,23,214195.6,51878.13,24.22,3119,3082,3119,3,Medium-Low Value
CUST02701,Meera Kumar,12,28,214165.45,51640.36,24.11,3120,3110,3120,3,Medium-Low Value
CUST05628,Karan Sharma,17,34,214158.96,43925.7,20.51,3121,3886,3121,3,Medium-Low Value
CUST03691,Arjun Mehta,11,26,214134.52,43561.42,20.34,3122,3933,3122,3,Medium-Low Value
CUST01526,Amit Kumar,14,41,214106.76,43733.3,20.43,3123,3910,3123,3,Medium-Low Value
CUST03585,Sneha Shah,14,29,214040.49,45857.6,21.42,3124,3681,3124,3,Medium-Low Value
CUST04016,Ananya Nair,14,34,214035.07,57792.37,27.0,3125,2539,3125,3,Medium-Low Value
CUST04662,Ananya Gupta,12,32,213959.37,46444.79,21.71,3126,3618,3126,3,Medium-Low Value
CUST02548,Arjun Sharma,11,27,213924.14,54280.17,25.37,3127,2849,3127,3,Medium-Low Value
CUST02347,Isha Patil,10,21,213867.65,34348.4,16.06,3128,4812,3128,3,Medium-Low Value
CUST02119,Aditya Mehta,12,29,213839.83,52557.04,24.58,3129,3014,3129,3,Medium-Low Value
CUST05971,Meera Shah,10,33,213781.4,60330.89,28.22,3130,2300,3130,3,Medium-Low Value
CUST01203,Aarav Sharma,11,21,213720.44,64918.08,30.38,3131,1895,3131,3,Medium-Low Value
CUST01232,Arjun Deshmukh,12,36,213719.14,53281.44,24.93,3132,2948,3132,3,Medium-Low Value
CUST02399,Priya Deshmukh,10,26,213681.43,57333.9,26.83,3133,2579,3133,3,Medium-Low Value
CUST01345,Aarav Verma,10,24,213659.54,29203.71,13.67,3134,5251,3134,3,Medium-Low Value
CUST03738,Sneha Nair,15,23,213637.94,46522.37,21.78,3135,3608,3135,3,Medium-Low Value
CUST00612,Pooja Sharma,15,31,213612.9,43594.75,20.41,3136,3925,3136,3,Medium-Low Value
CUST01868,Sneha Deshmukh,13,30,213581.45,58379.33,27.33,3137,2486,3137,3,Medium-Low Value
CUST00042,Ananya Kumar,14,31,213578.83,48329.54,22.63,3138,3430,3138,3,Medium-Low Value
CUST00367,Priya Shah,12,37,213576.34,63197.36,29.59,3139,2047,3139,3,Medium-Low Value
CUST03489,Arjun Sharma,13,37,213542.38,47624.51,22.3,3140,3502,3140,3,Medium-Low Value
CUST01142,Vivaan Shah,14,24,213529.63,61466.44,28.79,3141,2199,3141,3,Medium-Low Value
CUST03476,Arjun Mhaske,11,32,213422.42,57437.14,26.91,3142,2572,3142,3,Medium-Low Value
CUST01278,Aditya Mhaske,14,25,213399.27,53586.66,25.11,3143,2915,3143,3,Medium-Low Value
CUST02227,Karan Gupta,15,34,213364.02,51649.45,24.21,3144,3107,3144,3,Medium-Low Value
CUST05976,Aarav Mhaske,12,27,213318.02,46417.0,21.76,3145,3622,3145,3,Medium-Low Value
CUST05334,Aarav Gupta,10,22,213272.77,50741.4,23.79,3146,3196,3146,3,Medium-Low Value
CUST05420,Isha Mhaske,10,31,213266.04,46272.65,21.7,3147,3637,3147,3,Medium-Low Value
CUST05818,Neha Deshmukh,12,23,213100.81,42167.64,19.79,3148,4072,3148,3,Medium-Low Value
CUST01031,Sneha Patil,12,32,213095.4,54081.13,25.38,3149,2868,3149,3,Medium-Low Value
CUST02385,Isha Sharma,9,25,213072.94,40210.15,18.87,3150,4269,3150,3,Medium-Low Value
CUST04840,Meera Shah,18,34,213069.39,45702.69,21.45,3151,3696,3151,3,Medium-Low Value
CUST05347,Karan Kumar,10,23,213060.07,64620.15,30.33,3152,1927,3152,3,Medium-Low Value
CUST05253,Ananya Shah,18,35,213051.0,51005.44,23.94,3153,3171,3153,3,Medium-Low Value
CUST05349,Sneha Kumar,13,28,213034.69,55994.35,26.28,3154,2704,3154,3,Medium-Low Value
CUST04377,Meera Mhaske,10,24,213031.25,47273.26,22.19,3155,3528,3155,3,Medium-Low Value
CUST01937,Aditya Shah,12,26,212988.27,50489.27,23.71,3156,3214,3156,3,Medium-Low Value
CUST04367,Rohan Patil,17,34,212979.4,52483.68,24.64,3157,3020,3157,3,Medium-Low Value
CUST04240,Meera Shah,11,30,212959.45,59603.81,27.99,3158,2372,3158,3,Medium-Low Value
CUST03301,Pooja Mehta,14,31,212835.01,56406.37,26.5,3159,2661,3159,3,Medium-Low Value
CUST01545,Priya Kumar,14,35,212805.94,44078.08,20.71,3160,3871,3160,3,Medium-Low Value
CUST03618,Neha Nair,13,32,212803.64,55451.18,26.06,3161,2747,3161,3,Medium-Low Value
CUST05726,Sneha Sharma,15,30,212769.17,49834.52,23.42,3162,3277,3162,3,Medium-Low Value
CUST00088,Rahul Sharma,14,28,212725.52,51605.81,24.26,3163,3115,3163,3,Medium-Low Value
CUST05605,Arjun Gupta,12,31,212697.69,58162.92,27.35,3164,2502,3164,3,Medium-Low Value
CUST05804,Pooja Joshi,9,30,212684.92,50987.82,23.97,3165,3173,3165,3,Medium-Low Value
CUST05748,Meera Sharma,8,20,212575.82,60227.6,28.33,3166,2309,3166,3,Medium-Low Value
CUST01604,Ananya Shah,14,25,212439.9,56255.76,26.48,3167,2683,3167,3,Medium-Low Value
CUST03501,Karan Mehta,10,28,212334.59,53823.53,25.35,3168,2892,3168,3,Medium-Low Value
CUST01006,Rohan Verma,14,34,212325.17,50030.55,23.56,3169,3251,3169,3,Medium-Low Value
CUST02321,Arjun Gupta,10,27,212324.61,63837.79,30.07,3170,1998,3170,3,Medium-Low Value
CUST02530,Amit Mehta,18,48,212302.98,49375.55,23.26,3171,3323,3171,3,Medium-Low Value
CUST02175,Ananya Sharma,11,29,212262.44,60006.85,28.27,3172,2334,3172,3,Medium-Low Value
CUST02602,Kavya Shah,10,22,212235.79,32949.51,15.52,3173,4938,3173,3,Medium-Low Value
CUST03433,Meera Shah,12,22,212130.77,60312.82,28.43,3174,2304,3174,3,Medium-Low Value
CUST02897,Karan Deshmukh,9,19,212120.01,62156.72,29.3,3175,2138,3175,3,Medium-Low Value
CUST00222,Rahul Verma,8,23,212107.71,54756.21,25.82,3176,2803,3176,3,Medium-Low Value
CUST04925,Rohan Shah,13,27,211931.21,41644.81,19.65,3177,4115,3177,3,Medium-Low Value
CUST04096,Aarav Gupta,13,32,211919.44,44462.08,20.98,3178,3820,3178,3,Medium-Low Value
CUST02434,Rohan Mehta,15,40,211890.22,53869.58,25.42,3179,2887,3179,3,Medium-Low Value
CUST05212,Kavya Deshmukh,12,26,211883.27,50531.46,23.85,3180,3209,3180,3,Medium-Low Value
CUST02463,Sneha Joshi,11,23,211796.64,56792.31,26.81,3181,2622,3181,3,Medium-Low Value
CUST02575,Ananya Shah,9,24,211784.56,42273.13,19.96,3182,4063,3182,3,Medium-Low Value
CUST01489,Arjun Mehta,12,29,211741.75,47639.37,22.5,3183,3499,3183,3,Medium-Low Value
CUST03040,Amit Verma,12,31,211738.69,61905.99,29.24,3184,2161,3184,3,Medium-Low Value
CUST04875,Sneha Joshi,11,23,211702.07,61638.31,29.12,3185,2184,3185,3,Medium-Low Value
CUST02613,Sneha Mhaske,16,26,211666.19,55011.72,25.99,3186,2785,3186,3,Medium-Low Value
CUST02703,Kavya Mhaske,14,27,211501.12,48396.13,22.88,3187,3422,3187,3,Medium-Low Value
CUST01658,Meera Patil,13,25,211484.78,48418.67,22.89,3188,3421,3188,3,Medium-Low Value
CUST03331,Kavya Nair,10,26,211483.03,49806.75,23.55,3189,3281,3189,3,Medium-Low Value
CUST04484,Vivaan Shah,10,24,211472.42,58382.42,27.61,3190,2485,3190,3,Medium-Low Value
CUST00605,Arjun Kumar,13,24,211422.37,45466.94,21.51,3191,3721,3191,3,Medium-Low Value
CUST05626,Rahul Joshi,14,31,211377.91,59328.14,28.07,3192,2397,3192,3,Medium-Low Value
CUST04831,Amit Shah,10,33,211352.95,48528.81,22.96,3193,3414,3193,3,Medium-Low Value
CUST04372,Pooja Deshmukh,12,40,211333.23,59437.28,28.12,3194,2388,3194,3,Medium-Low Value
CUST05747,Arjun Patil,10,24,211327.43,52207.4,24.7,3195,3047,3195,3,Medium-Low Value
CUST02889,Amit Sharma,8,18,211314.62,61184.88,28.95,3196,2219,3196,3,Medium-Low Value
CUST03901,Karan Kumar,14,28,211259.8,60933.31,28.84,3197,2240,3197,3,Medium-Low Value
CUST04687,Neha Nair,14,23,211220.82,52182.43,24.71,3198,3051,3198,3,Medium-Low Value
CUST05302,Vivaan Sharma,13,30,211118.13,53809.33,25.49,3199,2894,3199,3,Medium-Low Value
CUST00799,Pooja Mhaske,12,31,211065.61,42814.87,20.29,3200,4002,3200,3,Medium-Low Value
CUST05005,Rahul Verma,15,30,211033.53,55261.06,26.19,3201,2762,3201,3,Medium-Low Value
CUST03657,Kavya Kumar,14,33,210954.82,44893.1,21.28,3202,3782,3202,3,Medium-Low Value
CUST05387,Aarav Gupta,16,32,210897.59,59396.08,28.16,3203,2393,3203,3,Medium-Low Value
CUST02624,Rahul Sharma,11,27,210880.6,52322.7,24.81,3204,3036,3204,3,Medium-Low Value
CUST03852,Kavya Patil,12,27,210880.58,41728.5,19.79,3205,4105,3205,3,Medium-Low Value
CUST05992,Rohan Mhaske,13,27,210804.0,45539.26,21.6,3206,3711,3206,3,Medium-Low Value
CUST04755,Aditya Mehta,7,17,210796.14,50110.9,23.77,3207,3247,3207,3,Medium-Low Value
CUST04793,Meera Mehta,12,30,210784.15,40674.76,19.3,3208,4222,3208,3,Medium-Low Value
CUST00759,Pooja Mehta,11,28,210776.81,38584.09,18.31,3209,4420,3209,3,Medium-Low Value
CUST04210,Aditya Sharma,13,27,210747.51,57376.48,27.23,3210,2577,3210,3,Medium-Low Value
CUST03942,Rahul Mehta,9,21,210738.47,53236.97,25.26,3211,2952,3211,3,Medium-Low Value
CUST02409,Pooja Singh,12,31,210681.88,52758.73,25.04,3212,2992,3212,3,Medium-Low Value
CUST03231,Pooja Mhaske,11,27,210671.89,47796.25,22.69,3213,3483,3213,3,Medium-Low Value
CUST05388,Aarav Sharma,8,22,210661.41,40901.77,19.42,3214,4194,3214,3,Medium-Low Value
CUST03284,Aarav Singh,13,33,210622.96,39465.46,18.74,3215,4334,3215,3,Medium-Low Value
CUST00707,Isha Patil,12,32,210575.96,58103.5,27.59,3216,2510,3216,3,Medium-Low Value
CUST05727,Priya Joshi,10,25,210560.48,59939.63,28.47,3217,2340,3217,3,Medium-Low Value
CUST00941,Arjun Gupta,14,26,210372.28,52711.04,25.06,3218,3002,3218,3,Medium-Low Value
CUST01601,Isha Joshi,17,30,210234.3,47001.53,22.36,3219,3559,3219,3,Medium-Low Value
CUST00889,Karan Kumar,11,32,210132.46,52997.67,25.22,3220,2974,3220,3,Medium-Low Value
CUST04039,Aarav Nair,13,27,210091.24,39984.3,19.03,3221,4288,3221,3,Medium-Low Value
CUST04315,Kavya Kumar,15,24,210079.91,44465.29,21.17,3222,3819,3222,3,Medium-Low Value
CUST04169,Karan Mehta,9,23,210073.63,46055.72,21.92,3223,3658,3223,3,Medium-Low Value
CUST01743,Rohan Patil,14,28,210073.51,50029.37,23.82,3224,3252,3224,3,Medium-Low Value
CUST03633,Aarav Deshmukh,10,22,210046.97,48584.23,23.13,3225,3405,3225,3,Medium-Low Value
CUST01237,Kavya Kumar,12,26,210003.72,49665.4,23.65,3226,3299,3226,3,Medium-Low Value
CUST02595,Priya Mehta,13,33,209968.68,45822.77,21.82,3227,3684,3227,3,Medium-Low Value
CUST00083,Kavya Kumar,13,26,209958.15,50352.71,23.98,3228,3225,3228,3,Medium-Low Value
CUST00319,Neha Patil,11,22,209940.21,48775.82,23.23,3229,3389,3229,3,Medium-Low Value
CUST03397,Isha Mehta,15,33,209922.66,55371.93,26.38,3230,2754,3230,3,Medium-Low Value
CUST05606,Priya Deshmukh,8,16,209832.97,61187.94,29.16,3231,2218,3231,3,Medium-Low Value
CUST02438,Karan Joshi,13,35,209808.66,46719.25,22.27,3232,3592,3232,3,Medium-Low Value
CUST01898,Neha Mhaske,15,26,209651.24,50950.29,24.3,3233,3176,3233,3,Medium-Low Value
CUST02702,Aditya Verma,16,33,209635.68,41387.68,19.74,3234,4131,3234,3,Medium-Low Value
CUST01210,Kavya Verma,15,28,209633.81,52194.5,24.9,3235,3049,3235,3,Medium-Low Value
CUST04064,Karan Patil,14,36,209621.01,44807.15,21.38,3236,3790,3236,3,Medium-Low Value
CUST01349,Ananya Singh,17,39,209542.09,48600.29,23.19,3237,3404,3237,3,Medium-Low Value
CUST05766,Priya Kumar,11,19,209540.56,48296.95,23.05,3238,3437,3238,3,Medium-Low Value
CUST02150,Pooja Sharma,9,22,209502.75,50516.31,24.11,3239,3211,3239,3,Medium-Low Value
CUST00097,Rohan Nair,12,34,209453.43,40243.77,19.21,3240,4263,3240,3,Medium-Low Value
CUST00221,Amit Singh,13,36,209447.53,49724.22,23.74,3241,3294,3241,3,Medium-Low Value
CUST02804,Priya Sharma,13,31,209355.08,54082.7,25.83,3242,2867,3242,3,Medium-Low Value
CUST03763,Rohan Singh,10,31,209354.09,45983.74,21.96,3243,3672,3243,3,Medium-Low Value
CUST04065,Rohan Deshmukh,15,34,209295.23,56022.95,26.77,3244,2699,3244,3,Medium-Low Value
CUST05886,Sneha Shah,17,40,209212.1,56017.97,26.78,3245,2700,3245,3,Medium-Low Value
CUST02488,Ananya Patil,11,26,209149.2,44920.68,21.48,3246,3776,3246,3,Medium-Low Value
CUST01781,Aarav Kumar,13,33,209137.3,45809.73,21.9,3247,3687,3247,3,Medium-Low Value
CUST03504,Arjun Gupta,13,26,209131.64,56787.91,27.15,3248,2623,3248,3,Medium-Low Value
CUST03827,Rahul Mehta,10,24,209125.3,53517.42,25.59,3249,2921,3249,3,Medium-Low Value
CUST05138,Pooja Shah,16,29,209027.95,55059.38,26.34,3250,2781,3250,3,Medium-Low Value
CUST03071,Pooja Sharma,15,23,208985.54,55202.53,26.41,3251,2768,3251,3,Medium-Low Value
CUST04641,Ananya Mhaske,14,30,208966.06,53845.78,25.77,3252,2888,3252,3,Medium-Low Value
CUST02668,Rohan Mhaske,7,18,208939.15,57978.13,27.75,3253,2524,3253,3,Medium-Low Value
CUST02083,Meera Gupta,13,28,208909.22,39794.26,19.05,3254,4299,3254,3,Medium-Low Value
CUST00700,Aarav Singh,11,22,208890.9,57642.62,27.59,3255,2557,3255,3,Medium-Low Value
CUST02166,Aarav Patil,11,25,208823.85,44265.04,21.2,3256,3843,3256,3,Medium-Low Value
CUST03693,Amit Patil,13,34,208777.95,37296.48,17.86,3257,4541,3257,3,Medium-Low Value
CUST03619,Neha Mehta,10,24,208666.15,44641.46,21.39,3258,3802,3258,3,Medium-Low Value
CUST01550,Aarav Verma,11,32,208662.13,54864.7,26.29,3259,2797,3259,3,Medium-Low Value
CUST01919,Meera Verma,11,30,208571.84,52263.36,25.06,3260,3040,3260,3,Medium-Low Value
CUST01445,Kavya Mhaske,12,27,208563.05,51402.09,24.65,3261,3139,3261,3,Medium-Low Value
CUST00529,Ananya Kumar,13,31,208549.57,52127.99,25.0,3262,3060,3262,3,Medium-Low Value
CUST00895,Meera Gupta,14,36,208435.16,57020.72,27.36,3263,2603,3263,3,Medium-Low Value
CUST00820,Karan Mhaske,12,28,208408.63,42362.84,20.33,3264,4056,3264,3,Medium-Low Value
CUST04442,Neha Mehta,14,26,208400.06,38350.81,18.4,3265,4445,3265,3,Medium-Low Value
CUST01622,Karan Nair,12,20,208313.48,55461.05,26.62,3266,2746,3266,3,Medium-Low Value
CUST03420,Meera Shah,10,22,208274.79,42956.71,20.63,3267,3989,3267,3,Medium-Low Value
CUST04582,Aarav Joshi,15,31,208266.2,45924.76,22.05,3268,3676,3268,3,Medium-Low Value
CUST00954,Pooja Deshmukh,7,17,208179.56,53440.5,25.67,3269,2931,3269,3,Medium-Low Value
CUST00443,Aditya Shah,12,38,208146.44,44887.64,21.57,3270,3783,3270,3,Medium-Low Value
CUST05434,Amit Patil,16,31,208117.76,41191.98,19.79,3271,4161,3271,3,Medium-Low Value
CUST00651,Karan Nair,8,24,208080.42,68742.34,33.04,3272,1613,3272,3,Medium-Low Value
CUST01714,Rohan Deshmukh,11,34,208049.72,59038.94,28.38,3273,2428,3273,3,Medium-Low Value
CUST05352,Amit Mhaske,12,27,208019.23,46156.16,22.19,3274,3647,3274,3,Medium-Low Value
CUST01186,Ananya Joshi,15,31,207996.5,43699.42,21.01,3275,3915,3275,3,Medium-Low Value
CUST05762,Ananya Mhaske,12,31,207991.88,47832.96,23.0,3276,3479,3276,3,Medium-Low Value
CUST00344,Rohan Verma,9,23,207958.68,68660.65,33.02,3277,1621,3277,3,Medium-Low Value
CUST02558,Vivaan Kumar,9,23,207935.27,48206.66,23.18,3278,3444,3278,3,Medium-Low Value
CUST05575,Sneha Verma,11,24,207928.71,45607.72,21.93,3279,3704,3279,3,Medium-Low Value
CUST05286,Sneha Joshi,15,33,207926.25,46983.76,22.6,3280,3561,3280,3,Medium-Low Value
CUST03211,Meera Nair,13,26,207880.36,44794.22,21.55,3281,3791,3281,3,Medium-Low Value
CUST04772,Rohan Nair,12,24,207846.32,55368.07,26.64,3282,2755,3282,3,Medium-Low Value
CUST00714,Priya Nair,11,22,207832.95,55340.97,26.63,3283,2756,3283,3,Medium-Low Value
CUST00699,Pooja Patil,11,25,207828.49,34360.47,16.53,3284,4810,3284,3,Medium-Low Value
CUST02355,Rahul Patil,12,26,207815.9,43139.18,20.76,3285,3977,3285,3,Medium-Low Value
CUST02017,Pooja Nair,12,22,207777.48,56008.18,26.96,3286,2701,3286,3,Medium-Low Value
CUST00492,Priya Kumar,13,34,207773.69,63015.12,30.33,3287,2058,3287,3,Medium-Low Value
CUST05102,Aarav Verma,13,24,207770.35,55568.16,26.74,3288,2736,3288,3,Medium-Low Value
CUST04227,Amit Joshi,9,23,207651.74,64375.39,31.0,3289,1954,3289,3,Medium-Low Value
CUST04991,Isha Nair,9,18,207635.09,47337.21,22.8,3290,3524,3290,3,Medium-Low Value
CUST01007,Priya Joshi,12,31,207633.64,53522.25,25.78,3291,2920,3291,3,Medium-Low Value
CUST04848,Ananya Sharma,9,20,207631.47,62875.3,30.28,3292,2073,3292,3,Medium-Low Value
CUST04878,Sneha Kumar,11,26,207599.25,53409.17,25.73,3293,2933,3293,3,Medium-Low Value
CUST04626,Aditya Verma,12,26,207516.14,62101.98,29.93,3294,2141,3294,3,Medium-Low Value
CUST00057,Priya Mhaske,8,23,207494.49,50772.93,24.47,3295,3192,3295,3,Medium-Low Value
CUST01654,Ananya Nair,8,20,207404.26,45978.4,22.17,3296,3673,3296,3,Medium-Low Value
CUST02465,Pooja Mehta,15,28,207298.67,60859.3,29.36,3297,2245,3297,3,Medium-Low Value
CUST05402,Arjun Kumar,13,27,207202.31,58755.72,28.36,3298,2454,3298,3,Medium-Low Value
CUST03297,Arjun Joshi,12,22,207131.41,64406.7,31.09,3299,1950,3299,3,Medium-Low Value
CUST02524,Aarav Sharma,13,27,207116.74,60751.18,29.33,3300,2252,3300,3,Medium-Low Value
CUST04470,Aarav Patil,14,41,206998.67,62744.67,30.31,3301,2078,3301,3,Medium-Low Value
CUST03421,Rohan Shah,12,21,206967.52,50634.59,24.46,3302,3203,3302,3,Medium-Low Value
CUST04252,Isha Mehta,11,29,206945.25,59536.93,28.77,3303,2379,3303,3,Medium-Low Value
CUST04496,Aarav Deshmukh,8,20,206908.53,49735.02,24.04,3304,3291,3304,3,Medium-Low Value
CUST00280,Arjun Mhaske,9,19,206877.9,58148.44,28.11,3305,2504,3305,3,Medium-Low Value
CUST05516,Kavya Mehta,13,26,206847.18,37880.86,18.31,3306,4483,3306,3,Medium-Low Value
CUST03459,Amit Joshi,13,30,206842.15,50279.67,24.31,3307,3233,3307,3,Medium-Low Value
CUST05159,Pooja Gupta,8,25,206838.7,55448.94,26.81,3308,2748,3308,3,Medium-Low Value
CUST05466,Isha Kumar,13,27,206776.97,45343.1,21.93,3309,3731,3309,3,Medium-Low Value
CUST05691,Pooja Sharma,12,25,206768.89,47578.33,23.01,3310,3507,3310,3,Medium-Low Value
CUST03342,Vivaan Deshmukh,7,21,206767.95,59132.79,28.6,3311,2418,3311,3,Medium-Low Value
CUST00928,Vivaan Deshmukh,12,31,206756.59,52221.28,25.26,3312,3045,3312,3,Medium-Low Value
CUST00101,Rohan Gupta,14,23,206710.27,56944.26,27.55,3313,2611,3313,3,Medium-Low Value
CUST03372,Rahul Deshmukh,10,29,206674.06,47228.92,22.85,3314,3533,3314,3,Medium-Low Value
CUST03269,Pooja Joshi,13,24,206670.31,71742.95,34.71,3315,1401,3315,3,Medium-Low Value
CUST01024,Rahul Kumar,12,29,206563.6,41338.33,20.01,3316,4138,3316,3,Medium-Low Value
CUST01090,Vivaan Kumar,11,24,206543.54,53006.03,25.66,3317,2972,3317,3,Medium-Low Value
CUST04507,Kavya Mhaske,13,25,206382.88,44203.07,21.42,3318,3851,3318,3,Medium-Low Value
CUST05379,Sneha Mehta,13,27,206371.69,53328.9,25.84,3319,2939,3319,3,Medium-Low Value
CUST00229,Neha Shah,13,30,206366.08,58930.48,28.56,3320,2437,3320,3,Medium-Low Value
CUST00669,Rohan Shah,11,27,206238.14,43429.8,21.06,3321,3949,3321,3,Medium-Low Value
CUST03712,Vivaan Shah,13,26,206236.35,54564.68,26.46,3322,2825,3322,3,Medium-Low Value
CUST05273,Priya Deshmukh,12,26,206227.73,64521.03,31.29,3323,1942,3323,3,Medium-Low Value
CUST02738,Karan Mhaske,10,26,206223.71,50086.72,24.29,3324,3250,3324,3,Medium-Low Value
CUST03534,Pooja Verma,15,31,206214.42,58460.24,28.35,3325,2478,3325,3,Medium-Low Value
CUST05757,Pooja Verma,12,28,206158.87,54702.97,26.53,3326,2809,3326,3,Medium-Low Value
CUST04936,Rahul Joshi,15,30,206155.6,42444.79,20.59,3327,4046,3327,3,Medium-Low Value
CUST03255,Vivaan Mhaske,14,27,206129.62,55705.92,27.02,3328,2722,3328,3,Medium-Low Value
CUST00250,Rahul Sharma,8,19,206115.41,56004.67,27.17,3329,2702,3329,3,Medium-Low Value
CUST03095,Ananya Shah,15,26,206106.03,44844.43,21.76,3330,3786,3330,3,Medium-Low Value
CUST02880,Rohan Mehta,8,23,206030.33,39996.31,19.41,3331,4286,3331,3,Medium-Low Value
CUST03401,Karan Shah,10,21,206010.22,55388.85,26.89,3332,2752,3332,3,Medium-Low Value
CUST05880,Neha Singh,10,25,205997.11,59110.17,28.69,3333,2419,3333,3,Medium-Low Value
CUST00056,Ananya Singh,12,31,205969.95,37198.38,18.06,3334,4551,3334,3,Medium-Low Value
CUST05267,Sneha Patil,12,31,205927.54,48043.65,23.33,3335,3458,3335,3,Medium-Low Value
CUST04320,Amit Joshi,11,31,205916.63,43685.33,21.22,3336,3918,3336,3,Medium-Low Value
CUST05787,Vivaan Mhaske,12,26,205914.24,40905.46,19.87,3337,4193,3337,3,Medium-Low Value
CUST05423,Amit Patil,11,25,205912.65,47070.37,22.86,3338,3550,3338,3,Medium-Low Value
CUST03751,Neha Sharma,12,27,205904.07,63173.7,30.68,3339,2051,3339,3,Medium-Low Value
CUST00408,Karan Nair,7,20,205870.79,50123.32,24.35,3340,3246,3340,3,Medium-Low Value
CUST01556,Karan Joshi,9,22,205819.35,44367.24,21.56,3341,3834,3341,3,Medium-Low Value
CUST02180,Kavya Shah,12,26,205791.82,58207.6,28.28,3342,2496,3342,3,Medium-Low Value
CUST03593,Kavya Nair,10,24,205783.57,50437.03,24.51,3343,3220,3343,3,Medium-Low Value
CUST02059,Amit Kumar,11,29,205711.9,43952.22,21.37,3344,3881,3344,3,Medium-Low Value
CUST02288,Kavya Mhaske,11,30,205700.03,44346.95,21.56,3345,3837,3345,3,Medium-Low Value
CUST02195,Karan Joshi,13,25,205664.6,59471.38,28.92,3346,2385,3346,3,Medium-Low Value
CUST04962,Neha Gupta,12,29,205565.88,41305.02,20.09,3347,4142,3347,3,Medium-Low Value
CUST00007,Karan Verma,10,22,205518.04,53651.95,26.11,3348,2910,3348,3,Medium-Low Value
CUST02400,Sneha Mhaske,8,22,205513.31,34917.9,16.99,3349,4754,3349,3,Medium-Low Value
CUST05285,Priya Mehta,12,26,205495.93,40915.2,19.91,3350,4190,3350,3,Medium-Low Value
CUST03599,Aarav Shah,13,30,205475.32,49247.86,23.97,3351,3342,3351,3,Medium-Low Value
CUST03373,Rahul Singh,14,38,205464.37,41511.39,20.2,3352,4124,3352,3,Medium-Low Value
CUST00939,Sneha Patil,12,31,205405.15,50753.4,24.71,3353,3194,3353,3,Medium-Low Value
CUST03629,Pooja Mhaske,11,28,205385.07,48806.35,23.76,3354,3383,3354,3,Medium-Low Value
CUST02731,Amit Shah,8,18,205362.76,44626.54,21.73,3355,3804,3355,3,Medium-Low Value
CUST02859,Ananya Singh,11,29,205234.56,48550.14,23.66,3356,3411,3356,3,Medium-Low Value
CUST02696,Pooja Patil,11,22,205229.96,49309.54,24.03,3357,3332,3357,3,Medium-Low Value
CUST04350,Aditya Sharma,11,31,205209.57,36098.78,17.59,3358,4645,3358,3,Medium-Low Value
CUST01115,Sneha Sharma,13,27,205196.51,48854.13,23.81,3359,3376,3359,3,Medium-Low Value
CUST01107,Amit Nair,8,26,205098.81,55709.54,27.16,3360,2721,3360,3,Medium-Low Value
CUST00625,Kavya Sharma,12,24,205082.31,47145.76,22.99,3361,3541,3361,3,Medium-Low Value
CUST01354,Pooja Nair,14,31,204977.52,40597.62,19.81,3362,4227,3362,3,Medium-Low Value
CUST00678,Isha Mhaske,11,33,204956.83,54510.59,26.6,3363,2832,3363,3,Medium-Low Value
CUST02769,Amit Kumar,11,29,204940.51,37153.52,18.13,3364,4557,3364,3,Medium-Low Value
CUST03475,Kavya Sharma,15,28,204907.49,53106.95,25.92,3365,2963,3365,3,Medium-Low Value
CUST03868,Vivaan Patil,11,36,204905.48,56267.88,27.46,3366,2676,3366,3,Medium-Low Value
CUST03030,Neha Deshmukh,9,24,204857.51,60787.87,29.67,3367,2250,3367,3,Medium-Low Value
CUST05700,Aditya Gupta,9,28,204849.82,65213.06,31.83,3368,1880,3368,3,Medium-Low Value
CUST01655,Arjun Deshmukh,18,43,204845.63,43746.56,21.36,3369,3909,3369,3,Medium-Low Value
CUST01554,Meera Patil,14,30,204844.09,55496.58,27.09,3370,2742,3370,3,Medium-Low Value
CUST00133,Vivaan Deshmukh,14,33,204727.69,51628.21,25.22,3371,3112,3371,3,Medium-Low Value
CUST03352,Aarav Sharma,11,28,204715.01,53731.67,26.25,3372,2901,3372,3,Medium-Low Value
CUST04529,Rohan Mhaske,11,26,204706.93,34613.27,16.91,3373,4785,3373,3,Medium-Low Value
CUST04808,Pooja Kumar,14,28,204689.58,45144.33,22.06,3374,3753,3374,3,Medium-Low Value
CUST03458,Karan Mhaske,10,20,204639.15,61561.85,30.08,3375,2186,3375,3,Medium-Low Value
CUST02865,Amit Shah,13,29,204619.34,49795.83,24.34,3376,3284,3376,3,Medium-Low Value
CUST02295,Rahul Mehta,16,31,204607.64,49773.02,24.33,3377,3290,3377,3,Medium-Low Value
CUST01661,Priya Kumar,12,28,204566.04,48436.32,23.68,3378,3419,3378,3,Medium-Low Value
CUST05177,Neha Gupta,14,36,204565.62,47734.05,23.33,3379,3490,3379,3,Medium-Low Value
CUST02286,Kavya Shah,11,26,204558.94,54217.01,26.5,3380,2853,3380,3,Medium-Low Value
CUST01032,Meera Verma,12,29,204549.09,40118.19,19.61,3381,4275,3381,3,Medium-Low Value
CUST02551,Isha Deshmukh,13,30,204545.52,44254.91,21.64,3382,3845,3382,3,Medium-Low Value
CUST01957,Priya Singh,11,27,204539.32,33387.09,16.32,3383,4901,3383,3,Medium-Low Value
CUST05174,Sneha Shah,11,25,204515.72,66733.04,32.63,3384,1770,3384,3,Medium-Low Value
CUST04202,Rohan Shah,13,32,204465.86,47590.92,23.28,3385,3504,3385,3,Medium-Low Value
CUST01947,Aarav Shah,11,20,204379.15,46519.58,22.76,3386,3610,3386,3,Medium-Low Value
CUST05625,Pooja Sharma,12,25,204359.58,50441.18,24.68,3387,3219,3387,3,Medium-Low Value
CUST00128,Arjun Patil,9,26,204338.55,53785.7,26.32,3388,2896,3388,3,Medium-Low Value
CUST03889,Karan Sharma,11,32,204272.54,58662.23,28.72,3389,2464,3389,3,Medium-Low Value
CUST01156,Sneha Sharma,16,37,204241.49,39231.52,19.21,3390,4358,3390,3,Medium-Low Value
CUST00602,Amit Deshmukh,11,27,204206.16,57224.37,28.02,3391,2586,3391,3,Medium-Low Value
CUST00220,Karan Patil,13,24,204200.5,43675.1,21.39,3392,3921,3392,3,Medium-Low Value
CUST04890,Pooja Nair,16,28,204168.97,37414.98,18.33,3393,4530,3393,3,Medium-Low Value
CUST00840,Sneha Singh,12,26,204106.05,47790.2,23.41,3394,3484,3394,3,Medium-Low Value
CUST05509,Meera Shah,8,25,204101.98,55831.49,27.35,3395,2713,3395,3,Medium-Low Value
CUST03962,Ananya Deshmukh,12,24,204094.96,39975.4,19.59,3396,4290,3396,3,Medium-Low Value
CUST00572,Karan Kumar,8,20,204088.01,72315.34,35.43,3397,1361,3397,3,Medium-Low Value
CUST04434,Rohan Mhaske,12,27,204065.57,37243.05,18.25,3398,4547,3398,3,Medium-Low Value
CUST03327,Karan Mhaske,10,27,204052.84,42873.98,21.01,3399,3999,3399,3,Medium-Low Value
CUST04905,Karan Kumar,14,32,204045.01,56944.76,27.91,3400,2610,3400,3,Medium-Low Value
CUST02275,Rahul Sharma,10,19,204022.21,45882.4,22.49,3401,3679,3401,3,Medium-Low Value
CUST04816,Vivaan Verma,13,35,204015.98,45863.02,22.48,3402,3680,3402,3,Medium-Low Value
CUST03304,Kavya Verma,12,28,203976.64,37665.5,18.47,3403,4502,3403,3,Medium-Low Value
CUST02536,Isha Verma,15,40,203950.81,44492.23,21.82,3404,3815,3404,3,Medium-Low Value
CUST05149,Isha Verma,10,26,203949.4,59884.63,29.36,3405,2344,3405,3,Medium-Low Value
CUST00242,Isha Joshi,7,22,203811.37,35177.0,17.26,3406,4723,3406,3,Medium-Low Value
CUST01918,Kavya Nair,9,25,203802.17,59222.63,29.06,3407,2410,3407,3,Medium-Low Value
CUST04396,Aarav Mehta,10,40,203746.48,46047.22,22.6,3408,3659,3408,3,Medium-Low Value
CUST00728,Amit Nair,12,22,203722.13,55262.84,27.13,3409,2761,3409,3,Medium-Low Value
CUST05934,Vivaan Sharma,13,23,203654.59,53061.18,26.05,3410,2967,3410,3,Medium-Low Value
CUST03306,Sneha Deshmukh,13,30,203604.99,35101.36,17.24,3411,4736,3411,3,Medium-Low Value
CUST03667,Pooja Joshi,13,24,203551.02,50899.76,25.01,3412,3181,3412,3,Medium-Low Value
CUST03165,Kavya Singh,12,26,203488.3,41690.89,20.49,3413,4110,3413,3,Medium-Low Value
CUST02929,Amit Joshi,8,29,203470.99,48666.71,23.92,3414,3395,3414,3,Medium-Low Value
CUST04147,Pooja Gupta,13,23,203436.14,51417.7,25.27,3415,3137,3415,3,Medium-Low Value
CUST00484,Isha Shah,12,27,203416.4,63744.61,31.34,3416,2003,3416,3,Medium-Low Value
CUST05819,Sneha Shah,14,37,203415.45,40119.31,19.72,3417,4274,3417,3,Medium-Low Value
CUST01755,Ananya Kumar,10,20,203406.83,57334.27,28.19,3418,2578,3418,3,Medium-Low Value
CUST03243,Isha Patil,12,32,203382.23,44138.77,21.7,3419,3861,3419,3,Medium-Low Value
CUST05552,Meera Verma,14,33,203364.64,59007.71,29.02,3420,2431,3420,3,Medium-Low Value
CUST05611,Rohan Mehta,13,27,203252.75,36888.08,18.15,3421,4580,3421,3,Medium-Low Value
CUST05799,Vivaan Kumar,15,34,203239.84,49367.27,24.29,3422,3325,3422,3,Medium-Low Value
CUST05276,Karan Mhaske,11,27,203236.26,52336.22,25.75,3423,3035,3423,3,Medium-Low Value
CUST02102,Rohan Joshi,10,30,203200.73,33657.78,16.56,3424,4881,3424,3,Medium-Low Value
CUST04773,Amit Sharma,13,29,203179.8,51716.95,25.45,3425,3098,3425,3,Medium-Low Value
CUST01209,Arjun Singh,16,34,203142.45,35504.67,17.48,3426,4696,3426,3,Medium-Low Value
CUST01544,Ananya Kumar,10,22,203069.59,53380.41,26.29,3427,2935,3427,3,Medium-Low Value
CUST01321,Ananya Shah,11,24,203050.13,52750.78,25.98,3428,2993,3428,3,Medium-Low Value
CUST03540,Sneha Deshmukh,9,28,203003.9,40697.92,20.05,3429,4219,3429,3,Medium-Low Value
CUST02552,Ananya Sharma,12,35,202995.81,52426.66,25.83,3430,3028,3430,3,Medium-Low Value
CUST05239,Vivaan Patil,13,33,202994.8,40793.52,20.1,3431,4205,3431,3,Medium-Low Value
CUST01896,Meera Patil,16,29,202966.26,36711.86,18.09,3432,4593,3432,3,Medium-Low Value
CUST00698,Kavya Joshi,11,25,202954.0,56202.39,27.69,3433,2689,3433,3,Medium-Low Value
CUST02132,Kavya Deshmukh,13,23,202947.56,48960.82,24.12,3434,3365,3434,3,Medium-Low Value
CUST02989,Rahul Singh,17,30,202882.16,47330.23,23.33,3435,3526,3435,3,Medium-Low Value
CUST01369,Neha Kumar,9,27,202878.85,47115.31,23.22,3436,3544,3436,3,Medium-Low Value
CUST03087,Meera Mehta,10,26,202828.84,51253.22,25.27,3437,3154,3437,3,Medium-Low Value
CUST03115,Arjun Mhaske,16,30,202781.57,34456.54,16.99,3438,4802,3438,3,Medium-Low Value
CUST00982,Rahul Mehta,11,26,202673.68,56261.28,27.76,3439,2679,3439,3,Medium-Low Value
CUST03354,Pooja Singh,11,26,202642.12,43184.79,21.31,3440,3974,3440,3,Medium-Low Value
CUST04387,Rahul Kumar,10,30,202553.7,65478.02,32.33,3441,1859,3441,3,Medium-Low Value
CUST02040,Vivaan Deshmukh,11,28,202449.63,46866.91,23.15,3442,3572,3442,3,Medium-Low Value
CUST04002,Meera Joshi,8,19,202336.67,55113.15,27.24,3443,2774,3443,3,Medium-Low Value
CUST04278,Karan Kumar,10,30,202322.28,51065.36,25.24,3444,3169,3444,3,Medium-Low Value
CUST03919,Meera Deshmukh,7,20,202268.18,60780.68,30.05,3445,2251,3445,3,Medium-Low Value
CUST03018,Aditya Kumar,14,35,202245.69,51480.88,25.45,3446,3130,3446,3,Medium-Low Value
CUST02035,Aarav Joshi,8,27,202218.47,56976.99,28.18,3447,2608,3447,3,Medium-Low Value
CUST03287,Arjun Patil,12,30,202216.05,50752.25,25.1,3448,3195,3448,3,Medium-Low Value
CUST00021,Aditya Mehta,15,33,202116.65,43883.02,21.71,3449,3896,3449,3,Medium-Low Value
CUST05132,Rohan Gupta,13,29,202068.82,43536.91,21.55,3450,3937,3450,3,Medium-Low Value
CUST02074,Sneha Mehta,18,28,202050.93,55474.75,27.46,3451,2743,3451,3,Medium-Low Value
CUST02169,Sneha Kumar,12,25,202020.52,43152.72,21.36,3452,3976,3452,3,Medium-Low Value
CUST04519,Pooja Mehta,10,25,201997.51,50397.53,24.95,3453,3221,3453,3,Medium-Low Value
CUST02348,Aarav Deshmukh,15,29,201841.86,38795.92,19.22,3454,4400,3454,3,Medium-Low Value
CUST05374,Ananya Sharma,11,27,201835.14,50176.69,24.86,3455,3240,3455,3,Medium-Low Value
CUST01984,Aditya Joshi,16,31,201833.34,58773.97,29.12,3456,2452,3456,3,Medium-Low Value
CUST02152,Pooja Gupta,16,33,201781.84,62490.5,30.97,3457,2114,3457,3,Medium-Low Value
CUST04898,Amit Deshmukh,9,29,201772.91,42682.53,21.15,3458,4019,3458,3,Medium-Low Value
CUST02085,Rahul Nair,15,36,201719.31,42646.47,21.14,3459,4022,3459,3,Medium-Low Value
CUST00409,Pooja Shah,14,37,201710.07,46834.7,23.22,3460,3575,3460,3,Medium-Low Value
CUST04117,Amit Deshmukh,13,23,201709.74,45956.49,22.78,3461,3674,3461,3,Medium-Low Value
CUST00910,Aditya Mehta,16,28,201686.31,47651.6,23.63,3462,3498,3462,3,Medium-Low Value
CUST03338,Isha Kumar,11,26,201683.75,41011.64,20.33,3463,4182,3463,3,Medium-Low Value
CUST04814,Isha Verma,12,25,201675.85,54212.7,26.88,3464,2854,3464,3,Medium-Low Value
CUST00313,Karan Nair,11,28,201675.42,51432.4,25.5,3465,3136,3465,3,Medium-Low Value
CUST05092,Isha Gupta,10,23,201569.14,58205.67,28.88,3466,2497,3466,3,Medium-Low Value
CUST03313,Ananya Mhaske,14,28,201554.64,49417.29,24.52,3467,3319,3467,3,Medium-Low Value
CUST03891,Vivaan Nair,15,33,201462.64,50181.66,24.91,3468,3237,3468,3,Medium-Low Value
CUST02491,Amit Gupta,9,19,201452.86,60066.37,29.82,3469,2330,3469,3,Medium-Low Value
CUST05550,Neha Mhaske,15,35,201435.03,51573.48,25.6,3470,3119,3470,3,Medium-Low Value
CUST05134,Neha Verma,12,30,201431.46,29240.81,14.52,3471,5246,3471,3,Medium-Low Value
CUST03404,Isha Shah,11,34,201415.59,51334.57,25.49,3472,3146,3472,3,Medium-Low Value
CUST05451,Karan Patil,9,29,201349.41,53910.31,26.77,3473,2883,3473,3,Medium-Low Value
CUST01078,Kavya Mehta,9,24,201291.15,73484.69,36.51,3474,1293,3474,3,Medium-Low Value
CUST00704,Kavya Sharma,11,30,201288.02,30299.05,15.05,3475,5174,3475,3,Medium-Low Value
CUST00907,Amit Nair,13,23,201269.01,46872.81,23.29,3476,3571,3476,3,Medium-Low Value
CUST00539,Meera Singh,9,29,201257.84,58057.5,28.85,3477,2513,3477,3,Medium-Low Value
CUST03133,Aarav Shah,12,26,201169.52,51605.11,25.65,3478,3116,3478,3,Medium-Low Value
CUST03936,Aditya Joshi,14,29,201159.94,39447.56,19.61,3479,4336,3479,3,Medium-Low Value
CUST04841,Aditya Kumar,13,26,201104.67,52223.19,25.97,3480,3044,3480,3,Medium-Low Value
CUST05216,Vivaan Kumar,8,26,201098.35,27754.97,13.8,3481,5345,3481,3,Medium-Low Value
CUST00890,Neha Mehta,12,28,201008.06,61534.99,30.61,3482,2188,3482,3,Medium-Low Value
CUST02980,Rohan Joshi,16,31,200929.96,48553.52,24.16,3483,3409,3483,3,Medium-Low Value
CUST05655,Arjun Mhaske,15,32,200916.3,48040.07,23.91,3484,3459,3484,3,Medium-Low Value
CUST03812,Neha Joshi,13,28,200813.89,51676.22,25.73,3485,3106,3485,3,Medium-Low Value
CUST00534,Ananya Singh,12,23,200783.23,45890.42,22.86,3486,3678,3486,3,Medium-Low Value
CUST03022,Aarav Deshmukh,13,32,200776.76,52172.64,25.99,3487,3056,3487,3,Medium-Low Value
CUST04971,Aarav Joshi,14,34,200769.76,51489.05,25.65,3488,3129,3488,3,Medium-Low Value
CUST05891,Meera Shah,14,29,200748.01,33709.56,16.79,3489,4876,3489,3,Medium-Low Value
CUST04745,Amit Verma,11,26,200726.92,49311.81,24.57,3490,3331,3490,3,Medium-Low Value
CUST02779,Rohan Nair,13,26,200719.24,41342.12,20.6,3491,4137,3491,3,Medium-Low Value
CUST00166,Sneha Deshmukh,11,31,200649.55,61918.91,30.86,3492,2158,3492,3,Medium-Low Value
CUST04187,Vivaan Nair,14,28,200615.91,48489.44,24.17,3493,3417,3493,3,Medium-Low Value
CUST02356,Amit Mhaske,9,31,200615.46,16375.52,8.16,3494,5860,3494,3,Medium-Low Value
CUST02543,Sneha Shah,15,33,200606.94,44903.66,22.38,3495,3778,3495,3,Medium-Low Value
CUST05541,Neha Sharma,16,29,200599.54,45171.83,22.52,3496,3746,3496,3,Medium-Low Value
CUST02218,Meera Singh,12,28,200587.46,51164.66,25.51,3497,3157,3497,3,Medium-Low Value
CUST03468,Pooja Sharma,9,25,200571.82,44347.83,22.11,3498,3836,3498,3,Medium-Low Value
CUST03068,Kavya Verma,9,28,200470.78,31290.88,15.61,3499,5085,3499,3,Medium-Low Value
CUST00322,Ananya Singh,12,29,200459.65,39831.26,19.87,3500,4296,3500,3,Medium-Low Value
CUST02693,Amit Mehta,12,23,200446.94,49299.26,24.59,3501,3337,3501,3,Medium-Low Value
CUST03162,Meera Joshi,12,22,200423.75,51380.11,25.64,3502,3140,3502,3,Medium-Low Value
CUST02421,Rahul Sharma,11,24,200365.87,62402.69,31.14,3503,2124,3503,3,Medium-Low Value
CUST04040,Rahul Mehta,9,24,200274.15,42922.87,21.43,3504,3992,3504,3,Medium-Low Value
CUST00546,Isha Nair,11,27,200271.87,51079.56,25.51,3505,3168,3505,3,Medium-Low Value
CUST03802,Rohan Joshi,13,25,200238.01,41965.29,20.96,3506,4082,3506,3,Medium-Low Value
CUST03699,Ananya Deshmukh,15,26,200164.39,43251.18,21.61,3507,3966,3507,3,Medium-Low Value
CUST00777,Rahul Mehta,14,29,200036.45,43455.51,21.72,3508,3948,3508,3,Medium-Low Value
CUST00441,Neha Sharma,9,26,200021.15,49550.03,24.77,3509,3310,3509,3,Medium-Low Value
CUST04110,Rahul Joshi,13,32,200003.21,52153.93,26.08,3510,3058,3510,3,Medium-Low Value
CUST04010,Vivaan Singh,11,21,199935.4,58042.0,29.03,3511,2516,3511,3,Medium-Low Value
CUST04664,Karan Deshmukh,11,21,199917.95,43298.33,21.66,3512,3963,3512,3,Medium-Low Value
CUST00468,Isha Singh,10,29,199804.52,50606.7,25.33,3513,3204,3513,3,Medium-Low Value
CUST01824,Neha Mhaske,16,28,199768.33,52454.83,26.26,3514,3024,3514,3,Medium-Low Value
CUST04741,Meera Verma,13,25,199758.73,51721.15,25.89,3515,3095,3515,3,Medium-Low Value
CUST03820,Priya Singh,18,34,199731.68,38676.58,19.36,3516,4409,3516,3,Medium-Low Value
CUST01112,Neha Mhaske,11,22,199725.81,43411.0,21.74,3517,3950,3517,3,Medium-Low Value
CUST01865,Aarav Nair,14,28,199724.2,44153.64,22.11,3518,3859,3518,3,Medium-Low Value
CUST05861,Vivaan Gupta,10,23,199672.01,59458.1,29.78,3519,2386,3519,3,Medium-Low Value
CUST02605,Vivaan Joshi,15,30,199660.61,44599.92,22.34,3520,3806,3520,3,Medium-Low Value
CUST04740,Aditya Mehta,13,35,199638.37,45631.68,22.86,3521,3700,3521,3,Medium-Low Value
CUST05689,Kavya Sharma,12,28,199577.8,49828.25,24.97,3522,3278,3522,3,Medium-Low Value
CUST00505,Isha Verma,15,29,199569.96,47960.54,24.03,3523,3466,3523,3,Medium-Low Value
CUST04343,Isha Sharma,16,23,199565.1,44262.02,22.18,3524,3844,3524,3,Medium-Low Value
CUST01727,Rahul Gupta,12,22,199537.15,57838.04,28.99,3525,2535,3525,3,Medium-Low Value
CUST04333,Meera Mehta,12,24,199461.02,40794.48,20.45,3526,4203,3526,3,Medium-Low Value
CUST00688,Pooja Gupta,12,24,199400.93,39760.04,19.94,3527,4304,3527,3,Medium-Low Value
CUST03559,Aarav Gupta,10,26,199396.69,46739.63,23.44,3528,3589,3528,3,Medium-Low Value
CUST02665,Sneha Kumar,11,31,199395.69,53545.56,26.85,3529,2918,3529,3,Medium-Low Value
CUST03721,Neha Joshi,14,31,199376.9,56234.52,28.21,3530,2686,3530,3,Medium-Low Value
CUST01468,Meera Kumar,8,20,199363.46,54963.81,27.57,3531,2788,3531,3,Medium-Low Value
CUST03238,Aarav Mhaske,15,26,199322.89,42647.36,21.4,3532,4021,3532,3,Medium-Low Value
CUST01177,Arjun Verma,10,24,199318.43,47243.64,23.7,3533,3531,3533,3,Medium-Low Value
CUST00957,Pooja Deshmukh,13,25,199285.65,49368.67,24.77,3534,3324,3534,3,Medium-Low Value
CUST02082,Sneha Deshmukh,11,29,199254.59,42246.86,21.2,3535,4065,3535,3,Medium-Low Value
CUST04799,Neha Singh,12,29,199247.38,37439.49,18.79,3536,4529,3536,3,Medium-Low Value
CUST05665,Rohan Patil,14,28,199221.45,49878.36,25.04,3537,3271,3537,3,Medium-Low Value
CUST02533,Ananya Deshmukh,8,18,199218.08,46843.93,23.51,3538,3574,3538,3,Medium-Low Value
CUST04364,Amit Nair,11,29,199215.45,38679.61,19.42,3539,4406,3539,3,Medium-Low Value
CUST00732,Rohan Mehta,13,25,199167.81,48786.38,24.5,3540,3386,3540,3,Medium-Low Value
CUST00368,Priya Kumar,10,23,199163.44,38262.16,19.21,3541,4453,3541,3,Medium-Low Value
CUST00486,Kavya Kumar,10,26,199159.96,41866.23,21.02,3542,4089,3542,3,Medium-Low Value
CUST01656,Karan Nair,12,30,199144.68,50326.84,25.27,3543,3230,3543,3,Medium-Low Value
CUST03923,Ananya Mehta,13,30,199136.05,38039.39,19.1,3544,4474,3544,3,Medium-Low Value
CUST01885,Karan Mhaske,14,27,199092.67,46675.09,23.44,3545,3597,3545,3,Medium-Low Value
CUST02190,Rahul Shah,13,27,199090.95,49300.58,24.76,3546,3336,3546,3,Medium-Low Value
CUST04121,Vivaan Shah,9,25,199061.74,54338.12,27.3,3547,2844,3547,3,Medium-Low Value
CUST01616,Meera Patil,14,29,198986.45,40379.66,20.29,3548,4250,3548,3,Medium-Low Value
CUST02044,Aarav Gupta,9,26,198975.72,56046.97,28.17,3549,2697,3549,3,Medium-Low Value
CUST04851,Kavya Deshmukh,11,31,198956.32,48355.66,24.3,3550,3429,3550,3,Medium-Low Value
CUST04553,Rahul Gupta,11,23,198937.9,48949.02,24.61,3551,3368,3551,3,Medium-Low Value
CUST03835,Rohan Gupta,12,37,198846.28,62077.97,31.22,3552,2144,3552,3,Medium-Low Value
CUST05038,Arjun Sharma,12,26,198784.98,46451.28,23.37,3553,3617,3553,3,Medium-Low Value
CUST01399,Rahul Sharma,9,17,198734.02,57668.97,29.02,3554,2553,3554,3,Medium-Low Value
CUST01260,Kavya Sharma,13,29,198701.76,50350.65,25.34,3555,3227,3555,3,Medium-Low Value
CUST02267,Priya Kumar,11,24,198691.63,49665.7,25.0,3556,3298,3556,3,Medium-Low Value
CUST03514,Isha Mhaske,12,21,198655.79,39261.02,19.76,3557,4356,3557,3,Medium-Low Value
CUST02647,Sneha Joshi,15,34,198618.74,45777.47,23.05,3558,3691,3558,3,Medium-Low Value
CUST00624,Amit Patil,16,34,198605.14,48499.76,24.42,3559,3416,3559,3,Medium-Low Value
CUST04815,Pooja Gupta,13,34,198601.58,57808.74,29.11,3560,2537,3560,3,Medium-Low Value
CUST00978,Neha Sharma,9,26,198569.36,44447.96,22.38,3561,3822,3561,3,Medium-Low Value
CUST04448,Aditya Joshi,17,41,198557.79,42580.01,21.44,3562,4034,3562,3,Medium-Low Value
CUST03048,Aditya Sharma,13,30,198544.52,43236.21,21.78,3563,3968,3563,3,Medium-Low Value
CUST02264,Ananya Patil,15,44,198526.78,50869.05,25.62,3564,3185,3564,3,Medium-Low Value
CUST02087,Sneha Mhaske,12,26,198506.99,55901.7,28.16,3565,2708,3565,3,Medium-Low Value
CUST02196,Amit Gupta,10,23,198271.7,33821.16,17.06,3566,4865,3566,3,Medium-Low Value
CUST03097,Vivaan Shah,12,26,198257.11,59287.26,29.9,3567,2400,3567,3,Medium-Low Value
CUST02864,Vivaan Gupta,13,22,198233.69,47229.31,23.83,3568,3532,3568,3,Medium-Low Value
CUST02572,Neha Joshi,8,26,198207.5,52696.07,26.59,3569,3004,3569,3,Medium-Low Value
CUST01908,Amit Shah,9,20,198168.53,51567.16,26.02,3570,3120,3570,3,Medium-Low Value
CUST05511,Aarav Gupta,9,21,198161.41,53599.01,27.05,3571,2913,3571,3,Medium-Low Value
CUST01568,Aarav Deshmukh,12,26,198112.56,49427.22,24.95,3572,3317,3572,3,Medium-Low Value
CUST03487,Arjun Kumar,13,19,198062.36,52433.24,26.47,3573,3027,3573,3,Medium-Low Value
CUST02372,Meera Deshmukh,16,33,197834.11,42211.75,21.34,3574,4067,3574,3,Medium-Low Value
CUST04460,Pooja Shah,13,28,197767.95,52967.98,26.78,3575,2976,3575,3,Medium-Low Value
CUST01972,Karan Verma,12,27,197715.49,47700.29,24.13,3576,3492,3576,3,Medium-Low Value
CUST03502,Rohan Gupta,9,27,197614.92,51186.03,25.9,3577,3155,3577,3,Medium-Low Value
CUST01763,Isha Kumar,13,32,197583.8,38026.09,19.25,3578,4475,3578,3,Medium-Low Value
CUST01370,Rahul Singh,6,19,197558.84,46673.08,23.62,3579,3598,3579,3,Medium-Low Value
CUST04463,Aarav Mhaske,12,24,197540.59,60632.92,30.69,3580,2265,3580,3,Medium-Low Value
CUST00323,Aditya Kumar,10,25,197540.0,40616.71,20.56,3581,4224,3581,3,Medium-Low Value
CUST05398,Pooja Kumar,12,22,197514.16,43865.0,22.21,3582,3898,3582,3,Medium-Low Value
CUST04128,Pooja Deshmukh,10,28,197434.58,41324.35,20.93,3583,4139,3583,3,Medium-Low Value
CUST05279,Pooja Nair,12,25,197431.48,25821.81,13.08,3584,5464,3584,3,Medium-Low Value
CUST02096,Priya Singh,6,19,197412.29,67840.3,34.36,3585,1692,3585,3,Medium-Low Value
CUST03562,Sneha Sharma,14,27,197404.6,51369.8,26.02,3586,3143,3586,3,Medium-Low Value
CUST05576,Karan Singh,12,28,197401.25,48942.31,24.79,3587,3369,3587,3,Medium-Low Value
CUST02178,Isha Mhaske,15,42,197339.84,47227.94,23.93,3588,3534,3588,3,Medium-Low Value
CUST00780,Neha Verma,10,21,197274.86,51888.04,26.3,3589,3080,3589,3,Medium-Low Value
CUST03882,Vivaan Joshi,11,32,197270.06,48645.78,24.66,3590,3399,3590,3,Medium-Low Value
CUST05582,Arjun Kumar,13,27,197264.7,48178.67,24.42,3591,3447,3591,3,Medium-Low Value
CUST01205,Vivaan Verma,11,24,197176.04,34018.53,17.25,3592,4847,3592,3,Medium-Low Value
CUST04622,Sneha Patil,9,19,197134.82,52237.97,26.5,3593,3042,3593,3,Medium-Low Value
CUST01581,Pooja Nair,13,28,197121.29,38779.25,19.67,3594,4401,3594,3,Medium-Low Value
CUST04858,Amit Singh,11,24,197120.76,60727.41,30.81,3595,2255,3595,3,Medium-Low Value
CUST04723,Aditya Verma,16,28,197115.24,38353.09,19.46,3596,4443,3596,3,Medium-Low Value
CUST03737,Priya Mhaske,16,36,197090.91,27811.69,14.11,3597,5338,3597,3,Medium-Low Value
CUST00667,Meera Sharma,15,29,197066.07,39114.73,19.85,3598,4371,3598,3,Medium-Low Value
CUST02745,Amit Mehta,13,30,197062.87,43933.89,22.29,3599,3883,3599,3,Medium-Low Value
CUST03688,Aarav Patil,16,36,196990.09,47830.61,24.28,3600,3481,3600,3,Medium-Low Value
CUST02310,Aditya Gupta,11,29,196979.14,38981.86,19.79,3601,4385,3601,3,Medium-Low Value
CUST02842,Pooja Mehta,10,30,196961.18,44731.45,22.71,3602,3795,3602,3,Medium-Low Value
CUST00646,Pooja Verma,13,30,196944.1,63223.11,32.1,3603,2042,3603,3,Medium-Low Value
CUST05377,Ananya Singh,12,25,196892.39,43922.8,22.31,3604,3887,3604,3,Medium-Low Value
CUST01025,Aditya Mehta,16,27,196892.14,47903.33,24.33,3605,3473,3605,3,Medium-Low Value
CUST05887,Vivaan Mhaske,13,31,196857.39,49429.69,25.11,3606,3316,3606,3,Medium-Low Value
CUST05169,Pooja Joshi,13,33,196846.57,53884.67,27.37,3607,2884,3607,3,Medium-Low Value
CUST04606,Aarav Kumar,11,29,196813.55,58624.01,29.79,3608,2470,3608,3,Medium-Low Value
CUST02008,Aarav Deshmukh,10,29,196775.92,39856.46,20.25,3609,4295,3609,3,Medium-Low Value
CUST05120,Arjun Shah,12,28,196748.77,52543.57,26.71,3610,3015,3610,3,Medium-Low Value
CUST00251,Aditya Sharma,12,27,196735.19,46733.93,23.75,3611,3590,3611,3,Medium-Low Value
CUST01305,Isha Singh,13,30,196700.72,36370.28,18.49,3612,4622,3612,3,Medium-Low Value
CUST05840,Rahul Joshi,13,30,196650.49,45156.64,22.96,3613,3748,3613,3,Medium-Low Value
CUST03749,Karan Gupta,15,32,196639.05,44971.26,22.87,3614,3774,3614,3,Medium-Low Value
CUST00893,Ananya Mhaske,11,23,196580.74,41705.03,21.22,3615,4108,3615,3,Medium-Low Value
CUST00118,Karan Sharma,13,30,196570.94,46794.12,23.81,3616,3582,3616,3,Medium-Low Value
CUST02272,Ananya Mhaske,9,27,196559.91,49032.12,24.95,3617,3360,3617,3,Medium-Low Value
CUST01446,Pooja Patil,12,30,196548.27,37278.27,18.97,3618,4543,3618,3,Medium-Low Value
CUST03447,Sneha Mehta,14,33,196498.88,41171.17,20.95,3619,4166,3619,3,Medium-Low Value
CUST04523,Amit Deshmukh,8,29,196487.52,53168.43,27.06,3620,2959,3620,3,Medium-Low Value
CUST01913,Sneha Patil,13,29,196406.09,43560.31,22.18,3621,3934,3621,3,Medium-Low Value
CUST00767,Sneha Kumar,14,32,196314.06,44518.96,22.68,3622,3812,3622,3,Medium-Low Value
CUST02936,Ananya Singh,9,28,196269.81,43567.94,22.2,3623,3930,3623,3,Medium-Low Value
CUST05600,Kavya Shah,11,25,196249.56,42897.47,21.86,3624,3997,3624,3,Medium-Low Value
CUST00627,Rahul Nair,9,26,196239.0,49947.85,25.45,3625,3265,3625,3,Medium-Low Value
CUST03870,Neha Mhaske,14,32,196192.1,43994.12,22.42,3626,3877,3626,3,Medium-Low Value
CUST03493,Aarav Shah,13,35,196163.57,43554.6,22.2,3627,3935,3627,3,Medium-Low Value
CUST02631,Rohan Shah,13,38,196127.48,43731.52,22.3,3628,3911,3628,3,Medium-Low Value
CUST01626,Sneha Joshi,11,30,196121.04,38724.2,19.75,3629,4404,3629,3,Medium-Low Value
CUST04994,Arjun Gupta,11,26,196106.77,45149.66,23.02,3630,3751,3630,3,Medium-Low Value
CUST01116,Aarav Kumar,12,34,195974.97,48012.08,24.5,3631,3462,3631,3,Medium-Low Value
CUST04420,Priya Kumar,13,37,195958.4,44184.15,22.55,3632,3855,3632,3,Medium-Low Value
CUST01974,Priya Deshmukh,14,29,195945.18,41673.4,21.27,3633,4113,3633,3,Medium-Low Value
CUST02116,Aarav Verma,10,24,195916.2,47467.66,24.23,3634,3517,3634,3,Medium-Low Value
CUST00735,Kavya Sharma,14,35,195896.89,43052.81,21.98,3635,3982,3635,3,Medium-Low Value
CUST01774,Meera Singh,4,14,195856.39,63194.62,32.27,3636,2048,3636,3,Medium-Low Value
CUST03175,Priya Nair,10,28,195810.01,60318.56,30.8,3637,2303,3637,3,Medium-Low Value
CUST05888,Pooja Deshmukh,10,30,195736.87,47940.48,24.49,3638,3470,3638,3,Medium-Low Value
CUST03399,Vivaan Mhaske,15,23,195716.78,50214.46,25.66,3639,3236,3639,3,Medium-Low Value
CUST04739,Rohan Deshmukh,11,25,195675.0,62727.91,32.06,3640,2081,3640,3,Medium-Low Value
CUST05118,Amit Shah,13,31,195674.53,38136.04,19.49,3641,4468,3641,3,Medium-Low Value
CUST00439,Sneha Singh,15,29,195657.24,45818.78,23.42,3642,3685,3642,3,Medium-Low Value
CUST01903,Arjun Gupta,13,37,195653.63,58103.24,29.7,3643,2511,3643,3,Medium-Low Value
CUST01364,Meera Mehta,10,20,195652.87,58912.89,30.11,3644,2439,3644,3,Medium-Low Value
CUST03779,Aditya Mhaske,10,19,195634.41,44056.35,22.52,3645,3873,3645,3,Medium-Low Value
CUST03026,Aditya Sharma,10,23,195632.73,58255.19,29.78,3646,2493,3646,3,Medium-Low Value
CUST03623,Sneha Mhaske,11,19,195627.57,50024.26,25.57,3647,3254,3647,3,Medium-Low Value
CUST02239,Aarav Kumar,12,29,195615.74,46768.06,23.91,3648,3585,3648,3,Medium-Low Value
CUST02234,Pooja Verma,11,24,195546.67,55380.88,28.32,3649,2753,3649,3,Medium-Low Value
CUST03916,Isha Mehta,10,26,195526.67,54802.21,28.03,3650,2802,3650,3,Medium-Low Value
CUST00330,Kavya Mehta,16,28,195499.78,52447.66,26.83,3651,3026,3651,3,Medium-Low Value
CUST01158,Kavya Kumar,12,30,195459.11,46933.6,24.01,3652,3566,3652,3,Medium-Low Value
CUST01950,Arjun Patil,7,19,195433.49,49302.39,25.23,3653,3335,3653,3,Medium-Low Value
CUST03798,Karan Patil,9,26,195428.34,41358.4,21.16,3654,4133,3654,3,Medium-Low Value
CUST04837,Kavya Verma,9,23,195380.23,49493.0,25.33,3655,3315,3655,3,Medium-Low Value
CUST00842,Aditya Singh,9,16,195367.62,63215.14,32.36,3656,2043,3656,3,Medium-Low Value
CUST03696,Karan Mehta,10,32,195345.14,54916.73,28.11,3657,2791,3657,3,Medium-Low Value
CUST03043,Isha Kumar,14,33,195325.04,48779.25,24.97,3658,3388,3658,3,Medium-Low Value
CUST00568,Aarav Mehta,12,23,195264.55,46281.89,23.7,3659,3636,3659,3,Medium-Low Value
CUST04930,Pooja Patil,14,27,195186.75,51024.74,26.14,3660,3170,3660,3,Medium-Low Value
CUST03123,Aditya Nair,15,26,195133.15,46120.11,23.64,3661,3652,3661,3,Medium-Low Value
CUST00063,Kavya Deshmukh,13,24,195131.44,45219.18,23.17,3662,3744,3662,3,Medium-Low Value
CUST04975,Aarav Shah,13,28,195127.68,31265.04,16.02,3663,5092,3663,3,Medium-Low Value
CUST02425,Vivaan Mehta,10,19,195122.42,45232.82,23.18,3664,3743,3664,3,Medium-Low Value
CUST00164,Priya Kumar,13,30,195112.92,48020.53,24.61,3665,3461,3665,3,Medium-Low Value
CUST02576,Pooja Gupta,8,25,195042.63,48157.56,24.69,3666,3449,3666,3,Medium-Low Value
CUST02958,Aditya Gupta,12,23,195001.67,39788.88,20.4,3667,4301,3667,3,Medium-Low Value
CUST04125,Arjun Mhaske,13,23,194981.28,54550.66,27.98,3668,2827,3668,3,Medium-Low Value
CUST03767,Sneha Mhaske,11,21,194980.85,54696.04,28.05,3669,2810,3669,3,Medium-Low Value
CUST05998,Karan Kumar,16,36,194970.47,44390.89,22.77,3670,3829,3670,3,Medium-Low Value
CUST01447,Isha Verma,10,28,194948.35,41719.88,21.4,3671,4106,3671,3,Medium-Low Value
CUST05639,Neha Verma,11,21,194929.16,62970.01,32.3,3672,2064,3672,3,Medium-Low Value
CUST01875,Vivaan Mehta,11,25,194905.34,56632.99,29.06,3673,2639,3673,3,Medium-Low Value
CUST00547,Rahul Singh,17,40,194791.63,47110.29,24.18,3674,3545,3674,3,Medium-Low Value
CUST01793,Kavya Nair,11,26,194785.7,44985.94,23.1,3675,3771,3675,3,Medium-Low Value
CUST03226,Isha Patil,10,24,194735.72,54119.6,27.79,3676,2864,3676,3,Medium-Low Value
CUST04694,Rohan Deshmukh,12,31,194626.52,51757.82,26.59,3677,3089,3677,3,Medium-Low Value
CUST04637,Aditya Singh,14,29,194617.36,33768.16,17.35,3678,4870,3678,3,Medium-Low Value
CUST05261,Neha Nair,11,25,194585.76,32067.83,16.48,3679,5005,3679,3,Medium-Low Value
CUST01315,Neha Sharma,11,30,194572.64,56611.51,29.1,3680,2641,3680,3,Medium-Low Value
CUST01511,Pooja Deshmukh,14,31,194482.91,50516.61,25.97,3681,3210,3681,3,Medium-Low Value
CUST04421,Ananya Joshi,15,25,194464.28,45847.45,23.58,3682,3683,3682,3,Medium-Low Value
CUST00988,Kavya Mehta,13,23,194445.41,37102.02,19.08,3683,4560,3683,3,Medium-Low Value
CUST00935,Arjun Sharma,10,24,194419.81,56445.55,29.03,3684,2654,3684,3,Medium-Low Value
CUST05969,Rohan Singh,12,30,194413.65,46960.65,24.16,3685,3564,3685,3,Medium-Low Value
CUST02655,Meera Nair,10,17,194407.12,51880.42,26.69,3686,3081,3686,3,Medium-Low Value
CUST02890,Rohan Patil,10,20,194398.76,54855.24,28.22,3687,2798,3687,3,Medium-Low Value
CUST03308,Kavya Verma,11,25,194375.77,53289.2,27.42,3688,2946,3688,3,Medium-Low Value
CUST03325,Aditya Deshmukh,12,23,194371.36,48483.56,24.94,3689,3418,3689,3,Medium-Low Value
CUST00506,Sneha Kumar,12,29,194326.37,42891.94,22.07,3690,3998,3690,3,Medium-Low Value
CUST05031,Kavya Sharma,16,39,194311.9,45774.92,23.56,3691,3694,3691,3,Medium-Low Value
CUST02130,Rohan Deshmukh,11,32,194213.4,59485.09,30.63,3692,2383,3692,3,Medium-Low Value
CUST04877,Isha Mhaske,11,19,194152.1,57094.59,29.41,3693,2596,3693,3,Medium-Low Value
CUST05222,Pooja Shah,8,21,194109.22,34699.41,17.88,3694,4774,3694,3,Medium-Low Value
CUST03963,Priya Mehta,11,20,194104.54,38293.26,19.73,3695,4449,3695,3,Medium-Low Value
CUST05303,Arjun Singh,11,26,194084.24,48899.54,25.2,3696,3373,3696,3,Medium-Low Value
CUST04590,Isha Mhaske,17,33,194040.41,48317.61,24.9,3697,3433,3697,3,Medium-Low Value
CUST01969,Rahul Nair,14,24,194027.77,46452.63,23.94,3698,3616,3698,3,Medium-Low Value
CUST02924,Pooja Sharma,11,29,193993.13,30172.78,15.55,3699,5177,3699,3,Medium-Low Value
CUST05777,Sneha Joshi,7,20,193991.43,42254.03,21.78,3700,4064,3700,3,Medium-Low Value
CUST00046,Pooja Patil,13,30,193989.06,38571.99,19.88,3701,4421,3701,3,Medium-Low Value
CUST05504,Priya Shah,11,23,193748.11,55757.85,28.78,3702,2719,3702,3,Medium-Low Value
CUST05988,Priya Singh,11,32,193744.45,51457.44,26.56,3703,3133,3703,3,Medium-Low Value
CUST04271,Aditya Mehta,8,17,193630.71,43341.37,22.38,3704,3957,3704,3,Medium-Low Value
CUST05167,Ananya Kumar,12,29,193624.03,58917.78,30.43,3705,2438,3705,3,Medium-Low Value
CUST00706,Arjun Mehta,14,34,193612.49,48814.33,25.21,3706,3379,3706,3,Medium-Low Value
CUST04607,Karan Mhaske,7,21,193525.37,51119.44,26.41,3707,3162,3707,3,Medium-Low Value
CUST00969,Neha Mhaske,14,22,193519.39,40323.2,20.84,3708,4255,3708,3,Medium-Low Value
CUST05696,Vivaan Kumar,17,32,193478.47,40671.72,21.02,3709,4223,3709,3,Medium-Low Value
CUST05839,Meera Verma,10,24,193388.97,49295.71,25.49,3710,3338,3710,3,Medium-Low Value
CUST02622,Arjun Nair,11,29,193380.89,49571.03,25.63,3711,3306,3711,3,Medium-Low Value
CUST01165,Aditya Gupta,11,28,193345.47,54747.84,28.32,3712,2804,3712,3,Medium-Low Value
CUST04241,Arjun Patil,13,23,193252.0,49236.37,25.48,3713,3344,3713,3,Medium-Low Value
CUST01682,Neha Nair,12,23,193195.67,38154.92,19.75,3714,4466,3714,3,Medium-Low Value
CUST05141,Vivaan Kumar,15,33,193108.14,41247.09,21.36,3715,4148,3715,3,Medium-Low Value
CUST05382,Rohan Verma,12,23,193099.21,52951.39,27.42,3716,2979,3716,3,Medium-Low Value
CUST04214,Ananya Kumar,10,20,193022.92,49406.84,25.6,3717,3321,3717,3,Medium-Low Value
CUST03450,Rahul Verma,11,26,192967.77,48387.71,25.08,3718,3424,3718,3,Medium-Low Value
CUST04074,Priya Gupta,10,28,192918.94,40127.92,20.8,3719,4273,3719,3,Medium-Low Value
CUST05428,Aditya Nair,9,19,192910.75,63381.88,32.86,3720,2033,3720,3,Medium-Low Value
CUST03482,Vivaan Kumar,11,22,192788.99,46376.91,24.06,3721,3624,3721,3,Medium-Low Value
CUST03809,Kavya Verma,11,25,192781.7,48846.47,25.34,3722,3377,3722,3,Medium-Low Value
CUST02597,Aditya Verma,11,29,192747.69,49673.25,25.77,3723,3297,3723,3,Medium-Low Value
CUST04644,Karan Joshi,10,22,192737.45,45089.73,23.39,3724,3759,3724,3,Medium-Low Value
CUST02253,Neha Deshmukh,10,20,192733.42,50347.4,26.12,3725,3228,3725,3,Medium-Low Value
CUST02259,Pooja Verma,12,27,192726.28,55550.36,28.82,3726,2738,3726,3,Medium-Low Value
CUST00663,Isha Verma,10,25,192710.29,42988.9,22.31,3727,3986,3727,3,Medium-Low Value
CUST00791,Rahul Nair,10,29,192680.68,49384.41,25.63,3728,3322,3728,3,Medium-Low Value
CUST03396,Aditya Deshmukh,15,25,192620.39,31838.17,16.53,3729,5032,3729,3,Medium-Low Value
CUST05328,Rahul Gupta,13,29,192612.5,40306.43,20.93,3730,4257,3730,3,Medium-Low Value
CUST03558,Meera Kumar,13,26,192517.34,55062.17,28.6,3731,2780,3731,3,Medium-Low Value
CUST04127,Rahul Joshi,13,29,192501.14,35396.74,18.39,3732,4703,3732,3,Medium-Low Value
CUST00268,Aarav Singh,16,32,192454.28,48779.61,25.35,3733,3387,3733,3,Medium-Low Value
CUST00864,Aditya Kumar,8,23,192382.1,48546.51,25.23,3734,3412,3734,3,Medium-Low Value
CUST04164,Neha Shah,15,38,192376.62,45280.45,23.54,3735,3740,3735,3,Medium-Low Value
CUST01897,Aditya Joshi,12,21,192312.0,43459.2,22.6,3736,3947,3736,3,Medium-Low Value
CUST03641,Priya Kumar,9,22,192295.01,35496.08,18.46,3737,4697,3737,3,Medium-Low Value
CUST04956,Neha Gupta,11,27,192292.37,45554.79,23.69,3738,3709,3738,3,Medium-Low Value
CUST05194,Aditya Mhaske,8,20,192270.72,42943.06,22.33,3739,3990,3739,3,Medium-Low Value
CUST00517,Kavya Gupta,9,25,192270.36,50295.91,26.16,3740,3231,3740,3,Medium-Low Value
CUST01699,Meera Shah,10,25,192263.23,43884.18,22.83,3741,3895,3741,3,Medium-Low Value
CUST02364,Amit Deshmukh,14,27,192236.42,48918.14,25.45,3742,3372,3742,3,Medium-Low Value
CUST05536,Kavya Joshi,13,38,192203.13,35420.59,18.43,3743,4700,3743,3,Medium-Low Value
CUST05569,Priya Mehta,9,19,192178.81,54232.71,28.22,3744,2851,3744,3,Medium-Low Value
CUST01201,Aarav Mehta,12,30,192167.73,51690.42,26.9,3745,3103,3745,3,Medium-Low Value
CUST02679,Meera Verma,8,21,192153.4,43535.45,22.66,3746,3938,3746,3,Medium-Low Value
CUST01914,Priya Joshi,12,22,192085.5,43206.47,22.49,3747,3972,3747,3,Medium-Low Value
CUST01881,Isha Mhaske,14,28,191792.9,40759.87,21.25,3748,4210,3748,3,Medium-Low Value
CUST05955,Aarav Mehta,13,26,191788.2,49085.1,25.59,3749,3357,3749,3,Medium-Low Value
CUST01423,Aarav Joshi,9,21,191665.58,45035.82,23.5,3750,3766,3750,3,Medium-Low Value
CUST03930,Pooja Kumar,14,35,191597.81,54349.71,28.37,3751,2841,3751,3,Medium-Low Value
CUST02860,Meera Shah,9,21,191495.51,49802.1,26.01,3752,3283,3752,3,Medium-Low Value
CUST04101,Kavya Mhaske,14,33,191412.5,40208.6,21.01,3753,4270,3753,3,Medium-Low Value
CUST04432,Ananya Mehta,13,29,191410.58,38172.08,19.94,3754,4463,3754,3,Medium-Low Value
CUST04702,Amit Sharma,15,36,191255.55,45544.03,23.81,3755,3710,3755,3,Medium-Low Value
CUST02422,Priya Verma,13,25,191237.23,54345.89,28.42,3756,2843,3756,3,Medium-Low Value
CUST01679,Meera Mehta,14,29,191222.17,52133.44,27.26,3757,3059,3757,3,Medium-Low Value
CUST04464,Neha Gupta,11,26,191221.51,49885.32,26.09,3758,3270,3758,3,Medium-Low Value
CUST05989,Vivaan Mhaske,16,36,191196.85,43343.39,22.67,3759,3956,3759,3,Medium-Low Value
CUST02448,Aarav Joshi,11,28,191051.22,43018.02,22.52,3760,3985,3760,3,Medium-Low Value
CUST04596,Rohan Kumar,12,25,191024.16,31496.55,16.49,3761,5065,3761,3,Medium-Low Value
CUST05062,Arjun Verma,11,28,191006.36,48256.89,25.26,3762,3439,3762,3,Medium-Low Value
CUST01215,Isha Mhaske,13,26,190972.93,56192.44,29.42,3763,2691,3763,3,Medium-Low Value
CUST00579,Meera Joshi,13,26,190869.21,48111.14,25.21,3764,3451,3764,3,Medium-Low Value
CUST02555,Vivaan Singh,13,35,190826.09,49580.56,25.98,3765,3305,3765,3,Medium-Low Value
CUST04843,Aditya Gupta,10,26,190820.62,59932.11,31.41,3766,2341,3766,3,Medium-Low Value
CUST04953,Rahul Shah,8,19,190801.1,39040.05,20.46,3767,4377,3767,3,Medium-Low Value
CUST03681,Amit Verma,12,30,190770.96,32339.5,16.95,3768,4985,3768,3,Medium-Low Value
CUST01323,Sneha Nair,12,26,190763.45,40908.2,21.44,3769,4192,3769,3,Medium-Low Value
CUST00392,Isha Nair,11,29,190761.87,54281.91,28.46,3770,2848,3770,3,Medium-Low Value
CUST03674,Arjun Mhaske,14,25,190662.62,47730.03,25.03,3771,3491,3771,3,Medium-Low Value
CUST02311,Sneha Mehta,9,25,190631.61,51754.08,27.15,3772,3090,3772,3,Medium-Low Value
CUST02398,Rahul Shah,14,28,190526.0,40550.36,21.28,3773,4235,3773,3,Medium-Low Value
CUST01741,Vivaan Joshi,12,22,190514.86,52026.13,27.31,3774,3071,3774,3,Medium-Low Value
CUST04656,Rohan Verma,11,26,190503.95,42918.46,22.53,3775,3993,3775,3,Medium-Low Value
CUST01794,Aditya Singh,12,19,190370.09,40728.0,21.39,3776,4214,3776,3,Medium-Low Value
CUST01483,Arjun Patil,11,27,190245.44,44488.62,23.38,3777,3817,3777,3,Medium-Low Value
CUST04386,Isha Nair,7,23,190231.59,55530.42,29.19,3778,2739,3778,3,Medium-Low Value
CUST02126,Amit Nair,13,35,190165.7,47184.77,24.81,3779,3538,3779,3,Medium-Low Value
CUST04725,Isha Kumar,9,21,190163.3,46360.43,24.38,3780,3628,3780,3,Medium-Low Value
CUST04174,Amit Joshi,12,31,190141.48,46013.52,24.2,3781,3667,3781,3,Medium-Low Value
CUST02207,Rohan Joshi,10,26,190126.14,46145.49,24.27,3782,3649,3782,3,Medium-Low Value
CUST01912,Aditya Nair,18,32,190083.28,45594.87,23.99,3783,3707,3783,3,Medium-Low Value
CUST00652,Isha Nair,13,31,190053.2,40928.71,21.54,3784,4188,3784,3,Medium-Low Value
CUST02139,Neha Mehta,11,18,190021.93,55589.62,29.25,3785,2733,3785,3,Medium-Low Value
CUST01633,Sneha Joshi,10,23,189994.05,51471.53,27.09,3786,3131,3786,3,Medium-Low Value
CUST01440,Rahul Nair,10,28,189968.86,46878.95,24.68,3787,3570,3787,3,Medium-Low Value
CUST04359,Aarav Gupta,13,25,189891.71,49856.44,26.26,3788,3274,3788,3,Medium-Low Value
CUST00664,Rahul Joshi,11,20,189878.39,48184.12,25.38,3789,3446,3789,3,Medium-Low Value
CUST04600,Karan Patil,12,28,189824.91,56258.07,29.64,3790,2682,3790,3,Medium-Low Value
CUST02338,Arjun Singh,14,29,189816.62,49120.08,25.88,3791,3353,3791,3,Medium-Low Value
CUST01593,Rohan Nair,13,30,189800.2,39167.23,20.64,3792,4366,3792,3,Medium-Low Value
CUST00090,Priya Verma,9,20,189712.98,50352.19,26.54,3793,3226,3793,3,Medium-Low Value
CUST02485,Karan Sharma,10,25,189691.13,53941.14,28.44,3794,2878,3794,3,Medium-Low Value
CUST05245,Aditya Shah,9,21,189685.43,44430.03,23.42,3795,3823,3795,3,Medium-Low Value
CUST02185,Neha Nair,13,32,189643.95,47468.08,25.03,3796,3516,3796,3,Medium-Low Value
CUST04531,Rahul Mhaske,12,23,189635.88,56640.7,29.87,3797,2637,3797,3,Medium-Low Value
CUST03416,Meera Joshi,10,31,189616.07,48299.26,25.47,3798,3435,3798,3,Medium-Low Value
CUST05829,Pooja Mhaske,14,30,189606.49,32272.85,17.02,3799,4988,3799,3,Medium-Low Value
CUST01096,Vivaan Shah,11,36,189578.66,42913.59,22.64,3800,3995,3800,3,Medium-Low Value
CUST02129,Isha Shah,11,24,189573.19,53919.59,28.44,3801,2882,3801,3,Medium-Low Value
CUST00193,Kavya Shah,17,31,189553.06,32509.87,17.15,3802,4970,3802,3,Medium-Low Value
CUST00079,Kavya Mehta,8,24,189493.31,45468.36,23.99,3803,3719,3803,3,Medium-Low Value
CUST04631,Pooja Gupta,13,31,189484.14,34896.55,18.42,3804,4758,3804,3,Medium-Low Value
CUST02776,Arjun Mehta,10,23,189481.48,44893.86,23.69,3805,3781,3805,3,Medium-Low Value
CUST02481,Pooja Verma,10,22,189454.62,52467.04,27.69,3806,3022,3806,3,Medium-Low Value
CUST03588,Sneha Sharma,14,25,189438.59,42748.77,22.57,3807,4015,3807,3,Medium-Low Value
CUST02483,Karan Gupta,12,24,189411.42,57045.58,30.12,3808,2600,3808,3,Medium-Low Value
CUST02236,Vivaan Mhaske,10,21,189315.32,41793.36,22.08,3809,4098,3809,3,Medium-Low Value
CUST05941,Rahul Sharma,10,29,189308.85,62437.7,32.98,3810,2120,3810,3,Medium-Low Value
CUST02179,Aditya Gupta,11,33,189271.52,47832.46,25.27,3811,3480,3811,3,Medium-Low Value
CUST02777,Priya Mehta,13,31,189270.44,44297.4,23.4,3812,3840,3812,3,Medium-Low Value
CUST04756,Neha Kumar,8,18,189258.75,65213.43,34.46,3813,1879,3813,3,Medium-Low Value
CUST03875,Priya Mehta,10,26,189218.53,54441.95,28.77,3814,2837,3814,3,Medium-Low Value
CUST05875,Sneha Nair,10,23,189139.18,21195.43,11.21,3815,5700,3815,3,Medium-Low Value
CUST05999,Karan Verma,15,28,189093.65,41255.65,21.82,3816,4146,3816,3,Medium-Low Value
CUST01224,Aarav Joshi,7,26,189036.49,53654.91,28.38,3817,2909,3817,3,Medium-Low Value
CUST04557,Isha Mehta,10,26,189030.17,49527.9,26.2,3818,3312,3818,3,Medium-Low Value
CUST02210,Amit Joshi,14,27,188984.73,46214.72,24.45,3819,3643,3819,3,Medium-Low Value
CUST01309,Kavya Joshi,12,26,188978.74,51303.49,27.15,3820,3150,3820,3,Medium-Low Value
CUST04068,Rahul Shah,10,20,188916.19,48620.48,25.74,3821,3402,3821,3,Medium-Low Value
CUST03645,Neha Deshmukh,11,25,188849.33,51821.0,27.44,3822,3087,3822,3,Medium-Low Value
CUST05978,Karan Singh,15,31,188834.29,46831.14,24.8,3823,3576,3823,3,Medium-Low Value
CUST04099,Rohan Patil,12,27,188819.13,43336.65,22.95,3824,3958,3824,3,Medium-Low Value
CUST03655,Aarav Shah,12,25,188762.14,47629.82,25.23,3825,3501,3825,3,Medium-Low Value
CUST02651,Sneha Deshmukh,14,32,188601.57,50714.96,26.89,3826,3198,3826,3,Medium-Low Value
CUST02015,Rohan Nair,11,26,188594.12,49159.21,26.07,3827,3348,3827,3,Medium-Low Value
CUST02127,Priya Mehta,12,32,188549.36,52003.69,27.58,3828,3074,3828,3,Medium-Low Value
CUST03664,Pooja Patil,13,30,188548.68,47751.77,25.33,3829,3489,3829,3,Medium-Low Value
CUST00551,Isha Shah,13,21,188539.68,43725.14,23.19,3830,3912,3830,3,Medium-Low Value
CUST01233,Arjun Nair,13,24,188505.52,46777.05,24.81,3831,3583,3831,3,Medium-Low Value
CUST04558,Amit Sharma,13,34,188467.06,40543.94,21.51,3832,4237,3832,3,Medium-Low Value
CUST00860,Aditya Mhaske,12,37,188460.27,36029.88,19.12,3833,4652,3833,3,Medium-Low Value
CUST00994,Neha Joshi,9,23,188345.62,43915.8,23.32,3834,3888,3834,3,Medium-Low Value
CUST01314,Isha Patil,11,25,188332.79,35201.87,18.69,3835,4721,3835,3,Medium-Low Value
CUST02224,Rohan Mhaske,6,18,188320.37,35784.38,19.0,3836,4678,3836,3,Medium-Low Value
CUST00019,Sneha Patil,11,25,188315.38,38677.26,20.54,3837,4408,3837,3,Medium-Low Value
CUST03755,Vivaan Mehta,12,30,188212.99,47038.81,24.99,3838,3556,3838,3,Medium-Low Value
CUST03634,Pooja Joshi,12,21,188166.1,46480.76,24.7,3839,3612,3839,3,Medium-Low Value
CUST03223,Arjun Patil,11,20,188122.96,42531.49,22.61,3840,4039,3840,3,Medium-Low Value
CUST01776,Priya Verma,13,28,188109.86,33528.36,17.82,3841,4889,3841,3,Medium-Low Value
CUST03520,Aarav Kumar,8,23,188087.85,58397.5,31.05,3842,2482,3842,3,Medium-Low Value
CUST04674,Aarav Verma,13,27,188085.95,47787.26,25.41,3843,3485,3843,3,Medium-Low Value
CUST04471,Isha Mehta,11,33,188083.31,55134.55,29.31,3844,2773,3844,3,Medium-Low Value
CUST02051,Amit Shah,13,22,188034.88,48951.7,26.03,3845,3367,3845,3,Medium-Low Value
CUST02523,Sneha Mehta,14,28,188018.13,35916.91,19.1,3846,4666,3846,3,Medium-Low Value
CUST03830,Isha Patil,10,26,187897.9,33344.73,17.75,3847,4903,3847,3,Medium-Low Value
CUST02983,Priya Shah,13,27,187887.13,30741.44,16.36,3848,5143,3848,3,Medium-Low Value
CUST00171,Meera Nair,13,23,187783.93,46021.11,24.51,3849,3666,3849,3,Medium-Low Value
CUST02362,Isha Mehta,13,29,187759.72,51720.39,27.55,3850,3097,3850,3,Medium-Low Value
CUST00686,Isha Singh,10,18,187733.13,57048.02,30.39,3851,2598,3851,3,Medium-Low Value
CUST00658,Rahul Verma,11,24,187723.74,49252.6,26.24,3852,3341,3852,3,Medium-Low Value
CUST02514,Meera Sharma,9,27,187696.19,52961.6,28.22,3853,2978,3853,3,Medium-Low Value
CUST03945,Rohan Sharma,12,23,187673.31,47585.75,25.36,3854,3505,3854,3,Medium-Low Value
CUST00692,Rohan Gupta,9,21,187575.97,34106.7,18.18,3855,4837,3855,3,Medium-Low Value
CUST03084,Aarav Shah,7,21,187562.65,47057.62,25.09,3856,3552,3856,3,Medium-Low Value
CUST05040,Neha Singh,12,33,187545.42,38610.68,20.59,3857,4415,3857,3,Medium-Low Value
CUST04595,Amit Sharma,7,19,187456.13,55688.65,29.71,3858,2723,3858,3,Medium-Low Value
CUST04963,Rahul Deshmukh,11,32,187377.68,42600.54,22.74,3859,4030,3859,3,Medium-Low Value
CUST05956,Amit Shah,13,26,187291.37,52173.99,27.86,3860,3054,3860,3,Medium-Low Value
CUST04275,Vivaan Gupta,14,24,187273.98,45376.44,24.23,3861,3729,3861,3,Medium-Low Value
CUST02771,Neha Sharma,11,26,187268.31,35728.16,19.08,3862,4683,3862,3,Medium-Low Value
CUST05346,Sneha Nair,9,25,187234.84,37592.11,20.08,3863,4510,3863,3,Medium-Low Value
CUST02797,Ananya Joshi,9,35,187223.3,34211.09,18.27,3864,4825,3864,3,Medium-Low Value
CUST02492,Meera Kumar,12,23,187181.38,40588.12,21.68,3865,4229,3865,3,Medium-Low Value
CUST05447,Meera Nair,13,29,187122.01,41404.53,22.13,3866,4130,3866,3,Medium-Low Value
CUST02045,Arjun Nair,11,24,187078.15,54636.9,29.21,3867,2819,3867,3,Medium-Low Value
CUST05652,Sneha Joshi,11,27,187002.39,54512.37,29.15,3868,2831,3868,3,Medium-Low Value
CUST01724,Priya Patil,12,21,186976.73,44103.23,23.59,3869,3868,3869,3,Medium-Low Value
CUST02623,Isha Verma,9,28,186963.5,51406.95,27.5,3870,3138,3870,3,Medium-Low Value
CUST01016,Vivaan Nair,13,28,186962.23,45620.02,24.4,3871,3701,3871,3,Medium-Low Value
CUST02725,Ananya Sharma,12,28,186935.35,39024.45,20.88,3872,4381,3872,3,Medium-Low Value
CUST02650,Meera Nair,18,34,186935.03,47551.91,25.44,3873,3510,3873,3,Medium-Low Value
CUST05564,Meera Verma,7,17,186890.77,40609.59,21.73,3874,4225,3874,3,Medium-Low Value
CUST00921,Ananya Shah,12,22,186694.38,45296.39,24.26,3875,3737,3875,3,Medium-Low Value
CUST02302,Vivaan Shah,15,34,186693.75,40765.87,21.84,3876,4209,3876,3,Medium-Low Value
CUST02540,Rahul Deshmukh,17,32,186691.66,36350.79,19.47,3877,4623,3877,3,Medium-Low Value
CUST02252,Kavya Gupta,8,22,186673.71,54640.0,29.27,3878,2817,3878,3,Medium-Low Value
CUST05210,Meera Joshi,15,37,186667.42,49307.79,26.41,3879,3333,3879,3,Medium-Low Value
CUST04458,Karan Patil,9,27,186649.1,50092.63,26.84,3880,3249,3880,3,Medium-Low Value
CUST00001,Aarav Nair,14,29,186635.79,42471.56,22.76,3881,4043,3881,3,Medium-Low Value
CUST05446,Amit Gupta,12,27,186617.82,31170.67,16.7,3882,5102,3882,3,Medium-Low Value
CUST03687,Aarav Verma,14,27,186421.48,32009.77,17.17,3883,5015,3883,3,Medium-Low Value
CUST00494,Kavya Joshi,12,19,186400.48,56430.08,30.27,3884,2657,3884,3,Medium-Low Value
CUST01640,Rohan Nair,7,17,186370.36,54197.31,29.08,3885,2856,3885,3,Medium-Low Value
CUST01689,Amit Nair,11,23,186289.86,44142.8,23.7,3886,3860,3886,3,Medium-Low Value
CUST05415,Aarav Deshmukh,13,29,186276.77,36023.94,19.34,3887,4654,3887,3,Medium-Low Value
CUST00979,Meera Patil,12,23,186269.37,46024.88,24.71,3888,3664,3888,3,Medium-Low Value
CUST03412,Rohan Kumar,9,24,186224.95,31151.96,16.73,3889,5104,3889,3,Medium-Low Value
CUST01851,Rahul Singh,12,28,186190.52,48356.88,25.97,3890,3428,3890,3,Medium-Low Value
CUST02047,Priya Patil,9,23,186092.22,40578.1,21.81,3891,4231,3891,3,Medium-Low Value
CUST02054,Neha Joshi,11,35,186074.98,40722.26,21.88,3892,4216,3892,3,Medium-Low Value
CUST03453,Rahul Mhaske,12,25,186074.02,36011.56,19.35,3893,4656,3893,3,Medium-Low Value
CUST01366,Aarav Mehta,13,32,185940.51,48808.25,26.25,3894,3382,3894,3,Medium-Low Value
CUST01729,Meera Nair,12,25,185895.26,39503.18,21.25,3895,4330,3895,3,Medium-Low Value
CUST02984,Isha Nair,10,24,185858.88,42737.11,22.99,3896,4016,3896,3,Medium-Low Value
CUST05400,Vivaan Patil,9,22,185810.58,53675.65,28.89,3897,2905,3897,3,Medium-Low Value
CUST01878,Isha Nair,13,25,185804.81,44492.21,23.95,3898,3816,3898,3,Medium-Low Value
CUST05252,Aditya Shah,11,21,185793.91,49412.78,26.6,3899,3320,3899,3,Medium-Low Value
CUST03982,Priya Kumar,10,26,185686.03,51741.5,27.87,3900,3093,3900,3,Medium-Low Value
CUST03228,Arjun Verma,12,34,185563.4,38364.78,20.67,3901,4441,3901,3,Medium-Low Value
CUST02046,Aditya Patil,8,19,185557.2,54851.41,29.56,3902,2799,3902,3,Medium-Low Value
CUST01064,Amit Nair,12,27,185544.4,53218.99,28.68,3903,2956,3903,3,Medium-Low Value
CUST00861,Isha Patil,11,28,185512.09,41770.94,22.52,3904,4100,3904,3,Medium-Low Value
CUST01251,Sneha Gupta,14,32,185510.56,43984.73,23.71,3905,3878,3905,3,Medium-Low Value
CUST02941,Pooja Shah,15,29,185422.15,51119.12,27.57,3906,3163,3906,3,Medium-Low Value
CUST04204,Isha Shah,10,22,185401.76,51102.23,27.56,3907,3165,3907,3,Medium-Low Value
CUST02803,Aarav Gupta,13,33,185398.42,50829.11,27.42,3908,3188,3908,3,Medium-Low Value
CUST04541,Aarav Singh,10,19,185394.08,48553.83,26.19,3909,3408,3909,3,Medium-Low Value
CUST03793,Arjun Patil,13,35,185382.93,37760.19,20.37,3910,4494,3910,3,Medium-Low Value
CUST04347,Ananya Shah,10,22,185265.4,39486.92,21.31,3911,4332,3911,3,Medium-Low Value
CUST05692,Vivaan Singh,16,33,185257.39,57826.33,31.21,3912,2536,3912,3,Medium-Low Value
CUST01101,Amit Verma,13,25,185217.87,40063.0,21.63,3913,4280,3913,3,Medium-Low Value
CUST04439,Priya Singh,13,22,185186.04,35300.45,19.06,3914,4714,3914,3,Medium-Low Value
CUST01710,Amit Nair,11,32,185179.33,48635.91,26.26,3915,3401,3915,3,Medium-Low Value
CUST05191,Kavya Sharma,13,34,185107.92,38410.66,20.75,3916,4436,3916,3,Medium-Low Value
CUST05067,Sneha Nair,10,23,184905.28,43775.87,23.67,3917,3905,3917,3,Medium-Low Value
CUST05166,Arjun Nair,12,29,184898.12,44134.91,23.87,3918,3862,3918,3,Medium-Low Value
CUST01443,Kavya Nair,13,25,184860.18,47948.79,25.94,3919,3467,3919,3,Medium-Low Value
CUST00302,Arjun Mehta,9,21,184844.79,40574.95,21.95,3920,4232,3920,3,Medium-Low Value
CUST03956,Karan Mhaske,9,31,184800.56,41167.92,22.28,3921,4168,3921,3,Medium-Low Value
CUST01459,Rahul Joshi,8,18,184719.1,49837.6,26.98,3922,3276,3922,3,Medium-Low Value
CUST02462,Aditya Sharma,13,28,184676.22,36006.54,19.5,3923,4658,3923,3,Medium-Low Value
CUST00985,Meera Joshi,8,29,184672.65,42610.9,23.07,3924,4029,3924,3,Medium-Low Value
CUST02856,Pooja Kumar,9,24,184664.93,39950.71,21.63,3925,4294,3925,3,Medium-Low Value
CUST02427,Ananya Kumar,7,22,184631.21,44908.88,24.32,3926,3777,3926,3,Medium-Low Value
CUST03234,Karan Singh,13,24,184628.07,36922.46,20.0,3927,4575,3927,3,Medium-Low Value
CUST00734,Karan Mhaske,12,22,184606.57,41823.71,22.66,3928,4091,3928,3,Medium-Low Value
CUST04098,Arjun Patil,13,24,184563.29,56290.65,30.5,3929,2672,3929,3,Medium-Low Value
CUST05059,Priya Shah,11,27,184533.03,43484.82,23.56,3930,3945,3930,3,Medium-Low Value
CUST00116,Priya Shah,11,24,184521.66,48090.13,26.06,3931,3452,3931,3,Medium-Low Value
CUST05033,Vivaan Patil,11,27,184455.23,49246.5,26.7,3932,3343,3932,3,Medium-Low Value
CUST03061,Aarav Sharma,13,29,184412.88,30740.49,16.67,3933,5144,3933,3,Medium-Low Value
CUST00973,Rahul Singh,9,18,184371.09,48756.8,26.44,3934,3392,3934,3,Medium-Low Value
CUST03935,Aditya Kumar,9,22,184341.51,47107.77,25.55,3935,3547,3935,3,Medium-Low Value
CUST04730,Amit Deshmukh,9,20,184298.03,45416.29,24.64,3936,3725,3936,3,Medium-Low Value
CUST03312,Neha Shah,13,30,184213.69,43897.97,23.83,3937,3892,3937,3,Medium-Low Value
CUST04671,Aditya Mhaske,12,27,184184.59,52974.02,28.76,3938,2975,3938,3,Medium-Low Value
CUST01408,Priya Kumar,11,28,184157.17,36787.75,19.98,3939,4590,3939,3,Medium-Low Value
CUST02454,Vivaan Gupta,11,24,184120.16,39619.66,21.52,3940,4318,3940,3,Medium-Low Value
CUST01512,Kavya Deshmukh,14,32,184083.43,49565.82,26.93,3941,3308,3941,3,Medium-Low Value
CUST00481,Ananya Deshmukh,10,22,184025.68,48297.21,26.24,3942,3436,3942,3,Medium-Low Value
CUST01131,Karan Shah,11,25,183994.2,45414.9,24.68,3943,3726,3943,3,Medium-Low Value
CUST05340,Rahul Gupta,9,20,183985.64,51821.47,28.17,3944,3086,3944,3,Medium-Low Value
CUST01465,Neha Deshmukh,13,25,183807.76,52341.91,28.48,3945,3034,3945,3,Medium-Low Value
CUST01437,Priya Deshmukh,13,26,183795.18,51090.18,27.8,3946,3166,3946,3,Medium-Low Value
CUST04438,Karan Gupta,11,22,183762.28,45723.05,24.88,3947,3695,3947,3,Medium-Low Value
CUST00524,Arjun Gupta,17,29,183634.89,37507.55,20.43,3948,4521,3948,3,Medium-Low Value
CUST04353,Priya Kumar,14,36,183623.25,35274.73,19.21,3949,4715,3949,3,Medium-Low Value
CUST05148,Rahul Kumar,10,22,183609.99,47380.98,25.81,3950,3522,3950,3,Medium-Low Value
CUST01143,Kavya Deshmukh,13,29,183559.19,45010.79,24.52,3951,3768,3951,3,Medium-Low Value
CUST04351,Vivaan Mhaske,13,23,183437.86,49858.43,27.18,3952,3273,3952,3,Medium-Low Value
CUST03239,Amit Verma,14,32,183388.33,41031.1,22.37,3953,4179,3953,3,Medium-Low Value
CUST05635,Isha Shah,7,20,183354.65,41201.55,22.47,3954,4160,3954,3,Medium-Low Value
CUST00971,Priya Verma,11,29,183327.44,42406.45,23.13,3955,4051,3955,3,Medium-Low Value
CUST03785,Neha Verma,7,23,183303.5,33341.75,18.19,3956,4904,3956,3,Medium-Low Value
CUST00914,Priya Sharma,13,29,183266.51,53155.13,29.0,3957,2960,3957,3,Medium-Low Value
CUST01994,Ananya Verma,13,29,183260.94,49292.9,26.9,3958,3339,3958,3,Medium-Low Value
CUST00337,Vivaan Gupta,8,24,183238.69,44101.01,24.07,3959,3869,3959,3,Medium-Low Value
CUST03576,Karan Verma,14,37,183173.23,39639.21,21.64,3960,4315,3960,3,Medium-Low Value
CUST04223,Amit Deshmukh,13,37,183124.2,43329.74,23.66,3961,3960,3961,3,Medium-Low Value
CUST05632,Priya Verma,8,27,183107.81,27210.95,14.86,3962,5384,3962,3,Medium-Low Value
CUST03927,Isha Deshmukh,10,21,183069.14,49734.7,27.17,3963,3293,3963,3,Medium-Low Value
CUST00470,Sneha Gupta,12,28,182974.09,52809.89,28.86,3964,2987,3964,3,Medium-Low Value
CUST01769,Karan Kumar,9,27,182948.32,44395.47,24.27,3965,3828,3965,3,Medium-Low Value
CUST04405,Meera Gupta,8,17,182925.09,55411.25,30.29,3966,2750,3966,3,Medium-Low Value
CUST00749,Aarav Mehta,14,34,182883.97,39573.87,21.64,3967,4324,3967,3,Medium-Low Value
CUST01485,Amit Verma,11,25,182862.37,40943.58,22.39,3968,4187,3968,3,Medium-Low Value
CUST00338,Rohan Mehta,11,22,182854.95,38160.21,20.87,3969,4465,3969,3,Medium-Low Value
CUST02747,Ananya Mehta,11,25,182700.52,44206.02,24.2,3970,3850,3970,3,Medium-Low Value
CUST05193,Arjun Patil,7,23,182656.35,41866.89,22.92,3971,4088,3971,3,Medium-Low Value
CUST04398,Neha Mhaske,17,29,182624.47,47350.25,25.93,3972,3523,3972,3,Medium-Low Value
CUST01835,Neha Mehta,14,31,182575.99,47061.94,25.78,3973,3551,3973,3,Medium-Low Value
CUST05903,Sneha Gupta,12,31,182575.49,40774.5,22.33,3974,4207,3974,3,Medium-Low Value
CUST01390,Vivaan Deshmukh,12,26,182526.89,46007.33,25.21,3975,3669,3975,3,Medium-Low Value
CUST00557,Neha Gupta,9,26,182481.22,35199.09,19.29,3976,4722,3976,3,Medium-Low Value
CUST01295,Arjun Deshmukh,16,29,182452.5,40852.58,22.39,3977,4197,3977,3,Medium-Low Value
CUST00904,Rahul Mehta,13,25,182435.13,38960.64,21.36,3978,4386,3978,3,Medium-Low Value
CUST00501,Rohan Gupta,14,28,182426.3,56633.47,31.04,3979,2638,3979,3,Medium-Low Value
CUST05229,Arjun Nair,14,34,182406.11,41238.98,22.61,3980,4149,3980,3,Medium-Low Value
CUST05750,Rohan Joshi,13,28,182404.85,44067.26,24.16,3981,3872,3981,3,Medium-Low Value
CUST04102,Vivaan Singh,9,20,182236.19,29740.18,16.32,3982,5208,3982,3,Medium-Low Value
CUST00937,Neha Mehta,12,27,182234.98,37839.48,20.76,3983,4489,3983,3,Medium-Low Value
CUST01044,Meera Kumar,10,25,182234.43,40827.59,22.4,3984,4200,3984,3,Medium-Low Value
CUST00179,Arjun Verma,13,40,182191.06,32556.66,17.87,3985,4966,3985,3,Medium-Low Value
CUST03964,Arjun Mehta,11,29,182175.83,41212.87,22.62,3986,4154,3986,3,Medium-Low Value
CUST02793,Priya Verma,8,26,182135.58,56223.05,30.87,3987,2687,3987,3,Medium-Low Value
CUST01693,Karan Mehta,12,25,182128.16,32695.57,17.95,3988,4956,3988,3,Medium-Low Value
CUST02691,Pooja Mehta,12,22,182112.93,34948.66,19.19,3989,4749,3989,3,Medium-Low Value
CUST02589,Meera Shah,8,18,182105.2,39826.83,21.87,3990,4297,3990,3,Medium-Low Value
CUST03617,Rohan Verma,14,29,182096.2,31811.2,17.47,3991,5035,3991,3,Medium-Low Value
CUST03467,Amit Singh,12,26,182072.58,46290.54,25.42,3992,3634,3992,3,Medium-Low Value
CUST03079,Amit Nair,9,32,182053.02,46976.22,25.8,3993,3563,3993,3,Medium-Low Value
CUST04819,Meera Kumar,9,24,182020.42,46529.34,25.56,3994,3606,3994,3,Medium-Low Value
CUST02976,Isha Singh,8,19,182018.59,53969.09,29.65,3995,2875,3995,3,Medium-Low Value
CUST04228,Karan Mehta,13,23,181977.17,41185.75,22.63,3996,4164,3996,3,Medium-Low Value
CUST03349,Arjun Verma,13,33,181958.46,44598.09,24.51,3997,3807,3997,3,Medium-Low Value
CUST00290,Priya Patil,11,22,181831.17,40101.52,22.05,3998,4276,3998,3,Medium-Low Value
CUST03949,Isha Shah,9,19,181754.55,47107.98,25.92,3999,3546,3999,3,Medium-Low Value
CUST02477,Amit Joshi,13,29,181671.31,36083.77,19.86,4000,4647,4000,3,Medium-Low Value
CUST04961,Aditya Shah,10,22,181600.75,27092.13,14.92,4001,5389,4001,3,Medium-Low Value
CUST02772,Meera Kumar,14,28,181593.76,55093.13,30.34,4002,2775,4002,3,Medium-Low Value
CUST01886,Sneha Mhaske,12,30,181575.1,37896.58,20.87,4003,4481,4003,3,Medium-Low Value
CUST03083,Pooja Mhaske,15,35,181548.38,29593.46,16.3,4004,5215,4004,3,Medium-Low Value
CUST01076,Sneha Patil,9,19,181524.02,48082.0,26.49,4005,3454,4005,3,Medium-Low Value
CUST05764,Vivaan Shah,14,22,181513.55,27411.91,15.1,4006,5369,4006,3,Medium-Low Value
CUST01188,Vivaan Mehta,11,28,181496.91,44784.5,24.68,4007,3792,4007,3,Medium-Low Value
CUST05004,Vivaan Mhaske,9,23,181486.69,34638.04,19.09,4008,4779,4008,3,Medium-Low Value
CUST05392,Kavya Verma,12,26,181467.09,52653.2,29.02,4009,3008,4009,3,Medium-Low Value
CUST04119,Arjun Patil,8,20,181444.0,49026.66,27.02,4010,3361,4010,3,Medium-Low Value
CUST00287,Priya Mehta,12,36,181435.96,39368.5,21.7,4011,4345,4011,3,Medium-Low Value
CUST05272,Aarav Gupta,10,35,181370.89,35806.79,19.74,4012,4675,4012,3,Medium-Low Value
CUST04201,Arjun Singh,13,29,181338.31,46807.73,25.81,4013,3580,4013,3,Medium-Low Value
CUST04014,Vivaan Mehta,11,19,181333.17,43502.6,23.99,4014,3942,4014,3,Medium-Low Value
CUST04830,Kavya Verma,13,33,181316.22,44818.95,24.72,4015,3789,4015,3,Medium-Low Value
CUST03513,Amit Sharma,13,33,181297.16,51989.43,28.68,4016,3075,4016,3,Medium-Low Value
CUST02212,Isha Joshi,19,32,181291.85,41130.71,22.69,4017,4173,4017,3,Medium-Low Value
CUST03246,Aarav Deshmukh,11,23,181263.33,44718.07,24.67,4018,3797,4018,3,Medium-Low Value
CUST03829,Sneha Mehta,13,24,181122.96,27670.7,15.28,4019,5353,4019,3,Medium-Low Value
CUST04891,Neha Verma,14,28,181077.38,53634.29,29.62,4020,2912,4020,3,Medium-Low Value
CUST03139,Rohan Deshmukh,8,18,181063.35,45326.25,25.03,4021,3733,4021,3,Medium-Low Value
CUST00308,Rahul Patil,8,19,181046.04,41444.85,22.89,4022,4128,4022,3,Medium-Low Value
CUST05756,Karan Deshmukh,12,33,180843.69,31009.67,17.15,4023,5120,4023,3,Medium-Low Value
CUST02541,Kavya Nair,11,26,180829.89,46035.93,25.46,4024,3661,4024,3,Medium-Low Value
CUST02564,Neha Singh,9,22,180794.01,45043.59,24.91,4025,3765,4025,3,Medium-Low Value
CUST03257,Isha Gupta,14,33,180746.66,31430.12,17.39,4026,5070,4026,3,Medium-Low Value
CUST02966,Rohan Shah,14,26,180641.46,31991.46,17.71,4027,5017,4027,3,Medium-Low Value
CUST00224,Rohan Gupta,11,25,180625.01,39464.11,21.85,4028,4335,4028,3,Medium-Low Value
CUST04970,Rahul Kumar,13,30,180609.84,47966.17,26.56,4029,3465,4029,3,Medium-Low Value
CUST02951,Priya Sharma,13,28,180540.23,46366.9,25.68,4030,3626,4030,3,Medium-Low Value
CUST00469,Aditya Singh,10,26,180538.64,50476.12,27.96,4031,3216,4031,3,Medium-Low Value
CUST05164,Isha Gupta,15,31,180440.18,39305.31,21.78,4032,4353,4032,3,Medium-Low Value
CUST03940,Amit Kumar,12,32,180439.26,36572.9,20.27,4033,4607,4033,3,Medium-Low Value
CUST00071,Ananya Singh,11,29,180405.2,37249.31,20.65,4034,4545,4034,3,Medium-Low Value
CUST01902,Arjun Singh,11,24,180378.02,48931.53,27.13,4035,3370,4035,3,Medium-Low Value
CUST04360,Ananya Sharma,12,26,180285.28,39707.41,22.02,4036,4308,4036,3,Medium-Low Value
CUST02031,Priya Verma,8,16,180275.38,46455.09,25.77,4037,3615,4037,3,Medium-Low Value
CUST01522,Pooja Gupta,9,23,180264.0,56345.42,31.26,4038,2666,4038,3,Medium-Low Value
CUST02671,Arjun Singh,14,29,180200.01,39181.63,21.74,4039,4363,4039,3,Medium-Low Value
CUST02853,Vivaan Shah,10,26,180136.86,51699.23,28.7,4040,3100,4040,3,Medium-Low Value
CUST05542,Vivaan Joshi,13,23,180105.14,47492.87,26.37,4041,3514,4041,3,Medium-Low Value
CUST00384,Aditya Kumar,10,24,180086.34,34323.51,19.06,4042,4814,4042,3,Medium-Low Value
CUST00307,Amit Sharma,8,26,180050.5,61404.18,34.1,4043,2203,4043,3,Medium-Low Value
CUST02758,Vivaan Nair,11,26,180000.25,30037.09,16.69,4044,5188,4044,3,Medium-Low Value
CUST00383,Karan Singh,14,29,179938.7,38903.72,21.62,4045,4393,4045,3,Medium-Low Value
CUST01001,Rahul Patil,10,25,179889.19,48766.59,27.11,4046,3390,4046,3,Medium-Low Value
CUST01094,Amit Patil,12,25,179888.76,44159.89,24.55,4047,3857,4047,3,Medium-Low Value
CUST01394,Karan Shah,12,29,179865.8,37683.57,20.95,4048,4501,4048,3,Medium-Low Value
CUST01853,Amit Patil,15,31,179841.33,41202.21,22.91,4049,4159,4049,3,Medium-Low Value
CUST02289,Kavya Singh,8,22,179823.41,53338.13,29.66,4050,2938,4050,3,Medium-Low Value
CUST02695,Rahul Sharma,13,30,179820.1,48369.57,26.9,4051,3426,4051,3,Medium-Low Value
CUST03773,Isha Verma,12,30,179795.29,30054.65,16.72,4052,5186,4052,3,Medium-Low Value
CUST05811,Aarav Kumar,8,19,179786.61,46545.4,25.89,4053,3605,4053,3,Medium-Low Value
CUST04801,Kavya Kumar,14,28,179687.82,38351.22,21.34,4054,4444,4054,3,Medium-Low Value
CUST01785,Aditya Nair,12,27,179559.9,43220.14,24.07,4055,3971,4055,3,Medium-Low Value
CUST01039,Priya Deshmukh,14,28,179538.81,39416.08,21.95,4056,4338,4056,3,Medium-Low Value
CUST04960,Karan Patil,11,28,179534.73,34636.8,19.29,4057,4780,4057,3,Medium-Low Value
CUST00929,Rahul Shah,10,18,179253.78,35852.16,20.0,4058,4671,4058,3,Medium-Low Value
CUST01153,Rahul Sharma,15,30,179225.13,36895.76,20.59,4059,4579,4059,3,Medium-Low Value
CUST04375,Rohan Mehta,13,28,179220.12,39950.86,22.29,4060,4293,4060,3,Medium-Low Value
CUST03455,Aarav Nair,14,27,179215.98,31741.23,17.71,4061,5041,4061,3,Medium-Low Value
CUST01841,Kavya Mhaske,13,32,179065.93,40971.27,22.88,4062,4185,4062,3,Medium-Low Value
CUST05477,Meera Nair,14,35,179001.34,36262.04,20.26,4063,4631,4063,3,Medium-Low Value
CUST02170,Amit Mehta,10,21,178950.33,47561.87,26.58,4064,3508,4064,3,Medium-Low Value
CUST03291,Neha Verma,16,33,178928.58,46193.28,25.82,4065,3645,4065,3,Medium-Low Value
CUST05429,Rahul Mhaske,11,20,178918.27,40260.06,22.5,4066,4261,4066,3,Medium-Low Value
CUST05289,Kavya Deshmukh,10,22,178903.04,50981.56,28.5,4067,3174,4067,3,Medium-Low Value
CUST04619,Ananya Nair,11,22,178890.68,55615.0,31.09,4068,2729,4068,3,Medium-Low Value
CUST03535,Aarav Singh,11,30,178881.79,49137.95,27.47,4069,3350,4069,3,Medium-Low Value
CUST00089,Meera Singh,8,20,178808.35,39308.3,21.98,4070,4352,4070,3,Medium-Low Value
CUST03788,Amit Joshi,12,24,178794.44,43716.87,24.45,4071,3913,4071,3,Medium-Low Value
CUST00035,Ananya Shah,14,27,178716.43,49734.84,27.83,4072,3292,4072,3,Medium-Low Value
CUST00986,Neha Singh,9,24,178712.53,42466.6,23.76,4073,4044,4073,3,Medium-Low Value
CUST03533,Amit Gupta,7,16,178704.91,50550.48,28.29,4074,3206,4074,3,Medium-Low Value
CUST00538,Rohan Sharma,14,32,178329.24,34068.01,19.1,4075,4842,4075,3,Medium-Low Value
CUST01757,Arjun Joshi,9,24,178281.12,38189.21,21.42,4076,4461,4076,3,Medium-Low Value
CUST03666,Pooja Mhaske,13,26,178175.48,46332.55,26.0,4077,3633,4077,3,Medium-Low Value
CUST00172,Amit Verma,9,20,178138.52,49965.7,28.05,4078,3264,4078,3,Medium-Low Value
CUST03960,Meera Deshmukh,14,34,178083.65,40133.16,22.54,4079,4272,4079,3,Medium-Low Value
CUST01212,Aditya Mhaske,9,20,178029.82,48552.81,27.27,4080,3410,4080,3,Medium-Low Value
CUST02308,Neha Verma,11,23,177954.45,32605.54,18.32,4081,4963,4081,3,Medium-Low Value
CUST02186,Meera Mhaske,10,26,177908.06,47690.98,26.81,4082,3494,4082,3,Medium-Low Value
CUST01331,Neha Deshmukh,14,32,177857.66,50271.71,28.27,4083,3234,4083,3,Medium-Low Value
CUST03952,Meera Gupta,9,21,177714.29,54743.48,30.8,4084,2805,4084,3,Medium-Low Value
CUST02018,Arjun Nair,11,22,177701.46,33041.58,18.59,4085,4925,4085,3,Medium-Low Value
CUST04197,Rohan Nair,8,18,177699.23,44461.75,25.02,4086,3821,4086,3,Medium-Low Value
CUST01739,Aditya Sharma,11,25,177621.41,46796.89,26.35,4087,3581,4087,3,Medium-Low Value
CUST03240,Sneha Verma,12,27,177578.74,31649.68,17.82,4088,5052,4088,3,Medium-Low Value
CUST01170,Vivaan Mhaske,13,29,177419.72,41735.34,23.52,4089,4103,4089,3,Medium-Low Value
CUST04777,Karan Mehta,8,18,177381.94,54905.74,30.95,4090,2792,4090,3,Medium-Low Value
CUST02466,Kavya Joshi,8,27,177265.52,49650.07,28.01,4091,3301,4091,3,Medium-Low Value
CUST04798,Aditya Singh,14,22,177242.81,32171.41,18.15,4092,4994,4092,3,Medium-Low Value
CUST05321,Rohan Nair,12,32,177235.57,48662.17,27.46,4093,3397,4093,3,Medium-Low Value
CUST01869,Vivaan Mhaske,13,34,177220.81,40695.44,22.96,4094,4220,4094,3,Medium-Low Value
CUST02350,Meera Patil,11,24,177176.2,46170.15,26.06,4095,3646,4095,3,Medium-Low Value
CUST02405,Ananya Verma,11,23,177169.43,38541.01,21.75,4096,4425,4096,3,Medium-Low Value
CUST00571,Rohan Gupta,9,21,177135.97,39395.8,22.24,4097,4340,4097,3,Medium-Low Value
CUST00599,Kavya Joshi,8,20,177132.56,42592.33,24.05,4098,4031,4098,3,Medium-Low Value
CUST04212,Aditya Patil,15,26,177127.98,46200.11,26.08,4099,3644,4099,3,Medium-Low Value
CUST01313,Rohan Gupta,12,28,177106.42,31449.79,17.76,4100,5068,4100,3,Medium-Low Value
CUST01565,Rahul Kumar,11,27,177029.31,43314.6,24.47,4101,3961,4101,3,Medium-Low Value
CUST03886,Pooja Deshmukh,13,30,177012.66,41566.32,23.48,4102,4120,4102,3,Medium-Low Value
CUST00120,Sneha Kumar,11,25,176941.18,48080.53,27.17,4103,3455,4103,3,Medium-Low Value
CUST02816,Ananya Kumar,12,29,176926.21,48929.0,27.66,4104,3371,4104,3,Medium-Low Value
CUST02735,Aarav Singh,10,29,176894.27,34821.3,19.68,4105,4765,4105,3,Medium-Low Value
CUST04524,Amit Mhaske,8,22,176882.32,39985.38,22.61,4106,4287,4106,3,Medium-Low Value
CUST02800,Karan Nair,9,19,176847.51,41217.38,23.31,4107,4153,4107,3,Medium-Low Value
CUST05468,Meera Nair,13,20,176776.82,47549.62,26.9,4108,3511,4108,3,Medium-Low Value
CUST00980,Karan Joshi,10,25,176695.02,41539.83,23.51,4109,4121,4109,3,Medium-Low Value
CUST05735,Aditya Joshi,10,20,176543.29,34756.29,19.69,4110,4769,4110,3,Medium-Low Value
CUST01553,Kavya Mehta,7,27,176355.68,40230.75,22.81,4111,4265,4111,3,Medium-Low Value
CUST05238,Aarav Sharma,11,24,176304.4,40357.73,22.89,4112,4252,4112,3,Medium-Low Value
CUST01527,Kavya Kumar,12,30,176268.93,44934.31,25.49,4113,3775,4113,3,Medium-Low Value
CUST02331,Ananya Joshi,10,18,176268.54,45793.91,25.98,4114,3690,4114,3,Medium-Low Value
CUST02818,Isha Nair,9,22,176161.43,43591.98,24.75,4115,3927,4115,3,Medium-Low Value
CUST01088,Aarav Shah,14,36,176137.52,40075.99,22.75,4116,4279,4116,3,Medium-Low Value
CUST05674,Karan Joshi,16,34,176131.96,51858.45,29.44,4117,3084,4117,3,Medium-Low Value
CUST05980,Meera Shah,10,30,176108.56,37210.97,21.13,4118,4549,4118,3,Medium-Low Value
CUST04686,Rohan Mhaske,10,30,176084.15,41956.31,23.83,4119,4083,4119,3,Medium-Low Value
CUST05312,Meera Verma,12,22,176080.09,46459.19,26.39,4120,3613,4120,3,Medium-Low Value
CUST02029,Rahul Patil,7,18,176029.48,40097.84,22.78,4121,4277,4121,3,Medium-Low Value
CUST03154,Ananya Gupta,12,28,175940.34,49782.89,28.3,4122,3287,4122,3,Medium-Low Value
CUST05862,Amit Deshmukh,12,34,175910.06,39444.11,22.42,4123,4337,4123,3,Medium-Low Value
CUST00883,Arjun Deshmukh,9,15,175835.85,41209.25,23.44,4124,4156,4124,3,Medium-Low Value
CUST01927,Karan Kumar,11,24,175809.02,33548.58,19.08,4125,4886,4125,3,Medium-Low Value
CUST03425,Priya Singh,10,18,175793.44,43948.66,25.0,4126,3882,4126,3,Medium-Low Value
CUST04419,Kavya Kumar,14,28,175676.86,36079.29,20.54,4127,4649,4127,3,Medium-Low Value
CUST02030,Meera Mehta,11,30,175518.69,33353.15,19.0,4128,4902,4128,3,Medium-Low Value
CUST01435,Aarav Sharma,11,26,175478.1,42355.39,24.14,4129,4057,4129,3,Medium-Low Value
CUST05464,Rohan Singh,18,33,175452.96,41182.15,23.47,4130,4165,4130,3,Medium-Low Value
CUST05330,Arjun Mhaske,9,27,175450.04,41097.96,23.42,4131,4174,4131,3,Medium-Low Value
CUST05306,Priya Joshi,9,20,175444.54,34660.42,19.76,4132,4777,4132,3,Medium-Low Value
CUST01864,Vivaan Kumar,11,26,175380.13,40546.18,23.12,4133,4236,4133,3,Medium-Low Value
CUST02109,Neha Gupta,12,24,175378.36,49631.21,28.3,4134,3302,4134,3,Medium-Low Value
CUST00417,Kavya Deshmukh,11,18,175360.47,35506.49,20.25,4135,4695,4135,3,Medium-Low Value
CUST05608,Pooja Singh,14,33,175352.39,54167.08,30.89,4136,2861,4136,3,Medium-Low Value
CUST03289,Pooja Gupta,12,25,175268.08,28821.32,16.44,4137,5262,4137,3,Medium-Low Value
CUST03734,Priya Kumar,8,25,175256.22,41025.24,23.41,4138,4180,4138,3,Medium-Low Value
CUST03254,Karan Joshi,11,27,175252.39,34954.2,19.95,4139,4748,4139,3,Medium-Low Value
CUST02297,Arjun Sharma,9,22,175098.6,41531.46,23.72,4140,4123,4140,3,Medium-Low Value
CUST02601,Rahul Shah,9,26,175026.85,35302.15,20.17,4141,4713,4141,3,Medium-Low Value
CUST05901,Kavya Deshmukh,11,25,175024.31,47756.93,27.29,4142,3488,4142,3,Medium-Low Value
CUST04731,Aditya Mhaske,14,30,175022.17,37856.39,21.63,4143,4485,4143,3,Medium-Low Value
CUST00618,Aarav Sharma,14,24,175008.65,35811.05,20.46,4144,4674,4144,3,Medium-Low Value
CUST02325,Arjun Mehta,10,28,175006.07,31790.93,18.17,4145,5037,4145,3,Medium-Low Value
CUST03011,Amit Joshi,12,31,174982.03,42963.19,24.55,4146,3988,4146,3,Medium-Low Value
CUST02298,Pooja Mhaske,12,25,174961.22,41306.8,23.61,4147,4141,4147,3,Medium-Low Value
CUST01709,Ananya Kumar,12,18,174899.3,41819.64,23.91,4148,4092,4148,3,Medium-Low Value
CUST01677,Isha Sharma,14,28,174871.6,42011.79,24.02,4149,4081,4149,3,Medium-Low Value
CUST04653,Meera Singh,13,37,174839.31,36392.33,20.81,4150,4621,4150,3,Medium-Low Value
CUST00333,Rahul Nair,8,19,174688.76,31758.42,18.18,4151,5039,4151,3,Medium-Low Value
CUST01363,Rohan Nair,12,34,174646.39,34564.73,19.79,4152,4790,4152,3,Medium-Low Value
CUST00951,Neha Gupta,9,31,174638.91,41356.49,23.68,4153,4134,4153,3,Medium-Low Value
CUST01383,Karan Mhaske,11,22,174586.34,42321.89,24.24,4154,4060,4154,3,Medium-Low Value
CUST01965,Arjun Verma,13,27,174585.81,33942.84,19.44,4155,4853,4155,3,Medium-Low Value
CUST02154,Ananya Kumar,11,22,174559.94,42638.15,24.43,4156,4025,4156,3,Medium-Low Value
CUST02808,Ananya Sharma,10,20,174528.29,28777.15,16.49,4157,5266,4157,3,Medium-Low Value
CUST04394,Neha Sharma,13,30,174500.18,45797.93,26.25,4158,3689,4158,3,Medium-Low Value
CUST04638,Priya Shah,10,26,174478.33,36914.28,21.16,4159,4576,4159,3,Medium-Low Value
CUST00404,Ananya Kumar,8,19,174467.08,29265.39,16.77,4160,5244,4160,3,Medium-Low Value
CUST04186,Karan Mhaske,9,23,174333.35,33700.64,19.33,4161,4877,4161,3,Medium-Low Value
CUST04571,Priya Mehta,10,28,174294.72,51294.99,29.43,4162,3151,4162,3,Medium-Low Value
CUST02828,Karan Joshi,14,27,174274.19,43862.92,25.17,4163,3899,4163,3,Medium-Low Value
CUST00165,Rohan Singh,10,23,174256.6,34880.91,20.02,4164,4760,4164,3,Medium-Low Value
CUST00640,Meera Singh,6,16,174253.7,43695.45,25.08,4165,3916,4165,3,Medium-Low Value
CUST05801,Neha Deshmukh,11,23,174216.12,47578.79,27.31,4166,3506,4166,3,Medium-Low Value
CUST05708,Ananya Sharma,14,32,174161.38,32848.57,18.86,4167,4944,4167,3,Medium-Low Value
CUST00561,Kavya Joshi,11,22,174143.53,42207.94,24.24,4168,4068,4168,3,Medium-Low Value
CUST05161,Rohan Patil,12,28,174135.84,41012.42,23.55,4169,4181,4169,3,Medium-Low Value
CUST04984,Rahul Singh,15,26,174124.99,50177.62,28.82,4170,3239,4170,3,Medium-Low Value
CUST03893,Neha Mhaske,11,25,174100.03,38236.29,21.96,4171,4455,4171,3,Medium-Low Value
CUST05481,Rohan Patil,12,21,174094.7,41800.6,24.01,4172,4095,4172,3,Medium-Low Value
CUST02006,Rahul Gupta,9,18,174085.68,41805.97,24.01,4173,4093,4173,3,Medium-Low Value
CUST02437,Arjun Kumar,9,24,174079.08,48981.2,28.14,4174,3364,4174,3,Medium-Low Value
CUST03379,Pooja Mehta,14,23,174056.65,49339.48,28.35,4175,3329,4175,3,Medium-Low Value
CUST01823,Ananya Mehta,13,25,174052.9,38769.68,22.27,4176,4402,4176,3,Medium-Low Value
CUST00619,Priya Joshi,13,30,174030.03,54659.97,31.41,4177,2815,4177,3,Medium-Low Value
CUST05579,Ananya Joshi,12,18,173949.01,39118.19,22.49,4178,4370,4178,3,Medium-Low Value
CUST02384,Arjun Kumar,14,24,173937.77,46894.09,26.96,4179,3569,4179,3,Medium-Low Value
CUST03103,Amit Singh,10,20,173926.27,37527.41,21.58,4180,4518,4180,3,Medium-Low Value
CUST00177,Neha Patil,12,24,173876.43,39639.0,22.8,4181,4316,4181,3,Medium-Low Value
CUST01328,Priya Nair,12,29,173875.03,40924.94,23.54,4182,4189,4182,3,Medium-Low Value
CUST01491,Neha Singh,15,30,173865.32,46959.33,27.01,4183,3565,4183,3,Medium-Low Value
CUST01230,Vivaan Kumar,12,21,173851.97,48952.9,28.16,4184,3366,4184,3,Medium-Low Value
CUST02472,Isha Patil,9,19,173763.16,43360.75,24.95,4185,3953,4185,3,Medium-Low Value
CUST02992,Aarav Mhaske,9,23,173726.92,43080.38,24.8,4186,3980,4186,3,Medium-Low Value
CUST02742,Sneha Mhaske,11,25,173598.77,42535.98,24.5,4187,4038,4187,3,Medium-Low Value
CUST03844,Rohan Sharma,9,22,173590.31,52110.16,30.02,4188,3063,4188,3,Medium-Low Value
CUST04018,Isha Verma,9,22,173554.67,53543.15,30.85,4189,2919,4189,3,Medium-Low Value
CUST05063,Isha Shah,11,24,173523.37,34715.71,20.01,4190,4771,4190,3,Medium-Low Value
CUST03108,Rahul Joshi,11,26,173483.45,50549.0,29.14,4191,3207,4191,3,Medium-Low Value
CUST02901,Aarav Joshi,16,52,173468.79,42036.58,24.23,4192,4080,4192,3,Medium-Low Value
CUST04990,Arjun Mhaske,12,25,173445.82,47337.16,27.29,4193,3525,4193,3,Medium-Low Value
CUST01046,Meera Singh,12,18,173402.66,43052.56,24.83,4194,3983,4194,3,Medium-Low Value
CUST03676,Aditya Verma,9,18,173400.85,52998.56,30.56,4195,2973,4195,3,Medium-Low Value
CUST01979,Kavya Verma,10,24,173395.85,41884.3,24.16,4196,4085,4196,3,Medium-Low Value
CUST01628,Vivaan Sharma,8,19,173379.14,39760.83,22.93,4197,4303,4197,3,Medium-Low Value
CUST05158,Amit Joshi,11,29,173377.62,39650.99,22.87,4198,4313,4198,3,Medium-Low Value
CUST04141,Meera Nair,8,17,173370.92,40498.15,23.36,4199,4244,4199,3,Medium-Low Value
CUST01789,Priya Patil,12,28,173367.66,45314.38,26.14,4200,3736,4200,3,Medium-Low Value
CUST03522,Priya Kumar,8,23,173336.04,47384.57,27.34,4201,3521,4201,3,Medium-Low Value
CUST04032,Arjun Verma,11,21,173162.09,52293.51,30.2,4202,3038,4202,3,Medium-Low Value
CUST01120,Amit Joshi,12,24,173157.43,32629.27,18.84,4203,4961,4203,3,Medium-Low Value
CUST03937,Priya Mehta,15,28,173149.57,50846.21,29.37,4204,3187,4204,3,Medium-Low Value
CUST05494,Priya Mhaske,10,26,173147.48,39610.12,22.88,4205,4321,4205,3,Medium-Low Value
CUST05993,Ananya Shah,13,28,173113.76,38216.65,22.08,4206,4456,4206,3,Medium-Low Value
CUST05407,Neha Gupta,11,20,173106.97,40399.59,23.34,4207,4247,4207,3,Medium-Low Value
CUST01228,Rohan Deshmukh,10,21,173095.62,51692.7,29.86,4208,3102,4208,3,Medium-Low Value
CUST04357,Amit Deshmukh,7,25,173088.41,47946.42,27.7,4209,3468,4209,3,Medium-Low Value
CUST03107,Isha Mehta,13,30,173006.51,35689.2,20.63,4210,4687,4210,3,Medium-Low Value
CUST03610,Pooja Mehta,8,16,172979.63,33092.48,19.13,4211,4921,4211,3,Medium-Low Value
CUST02639,Aarav Shah,12,25,172911.45,34042.26,19.69,4212,4845,4212,3,Medium-Low Value
CUST05867,Ananya Singh,10,21,172851.94,45150.08,26.12,4213,3750,4213,3,Medium-Low Value
CUST01208,Neha Singh,10,22,172845.66,43909.93,25.4,4214,3890,4214,3,Medium-Low Value
CUST05907,Isha Singh,12,29,172842.83,41467.01,23.99,4215,4125,4215,3,Medium-Low Value
CUST02415,Rohan Joshi,10,27,172816.95,45698.75,26.44,4216,3697,4216,3,Medium-Low Value
CUST03124,Aarav Kumar,14,32,172724.19,38337.3,22.2,4217,4447,4217,3,Medium-Low Value
CUST01926,Amit Mhaske,12,34,172660.42,46457.71,26.91,4218,3614,4218,3,Medium-Low Value
CUST00542,Karan Sharma,9,19,172629.26,37205.42,21.55,4219,4550,4219,3,Medium-Low Value
CUST03900,Amit Verma,13,31,172554.5,44241.82,25.64,4220,3847,4220,3,Medium-Low Value
CUST05593,Ananya Verma,11,23,172500.07,38604.37,22.38,4221,4417,4221,3,Medium-Low Value
CUST00248,Sneha Mhaske,11,25,172430.97,36248.69,21.02,4222,4635,4222,3,Medium-Low Value
CUST01267,Pooja Mhaske,7,20,172420.95,42786.22,24.81,4223,4009,4223,3,Medium-Low Value
CUST00086,Kavya Gupta,10,21,172383.27,34894.66,20.24,4224,4759,4224,3,Medium-Low Value
CUST03141,Amit Verma,10,18,172378.52,28576.02,16.58,4225,5284,4225,3,Medium-Low Value
CUST01436,Pooja Singh,12,23,172308.02,39720.55,23.05,4226,4307,4226,3,Medium-Low Value
CUST02081,Isha Kumar,8,19,172303.21,44724.48,25.96,4227,3796,4227,3,Medium-Low Value
CUST00201,Ananya Nair,11,21,172238.97,49125.06,28.52,4228,3352,4228,3,Medium-Low Value
CUST02949,Rohan Shah,13,31,172233.88,39174.25,22.74,4229,4364,4229,3,Medium-Low Value
CUST04654,Rohan Kumar,11,27,172227.56,46104.88,26.77,4230,3655,4230,3,Medium-Low Value
CUST01248,Amit Gupta,18,35,172154.22,45594.93,26.48,4231,3706,4231,3,Medium-Low Value
CUST02043,Vivaan Shah,12,29,172132.24,30370.9,17.64,4232,5167,4232,3,Medium-Low Value
CUST00902,Sneha Nair,13,21,172121.28,37361.67,21.71,4233,4534,4233,3,Medium-Low Value
CUST01985,Rohan Shah,10,20,172099.18,42931.36,24.95,4234,3991,4234,3,Medium-Low Value
CUST03638,Rohan Kumar,7,15,172089.41,48603.24,28.24,4235,3403,4235,3,Medium-Low Value
CUST03347,Aditya Mhaske,11,16,172047.73,28714.3,16.69,4236,5269,4236,3,Medium-Low Value
CUST03795,Karan Joshi,10,24,172036.59,41881.95,24.34,4237,4086,4237,3,Medium-Low Value
CUST05795,Rohan Patil,12,26,171923.64,42765.07,24.87,4238,4013,4238,3,Medium-Low Value
CUST03333,Rohan Mhaske,10,25,171897.6,38175.99,22.21,4239,4462,4239,3,Medium-Low Value
CUST01455,Meera Gupta,8,18,171856.38,32427.35,18.87,4240,4980,4240,3,Medium-Low Value
CUST04462,Meera Verma,10,21,171825.69,55240.49,32.15,4241,2765,4241,3,Medium-Low Value
CUST01738,Pooja Patil,11,27,171819.22,45516.38,26.49,4242,3714,4242,3,Medium-Low Value
CUST00800,Meera Deshmukh,15,29,171815.15,43773.25,25.48,4243,3906,4243,3,Medium-Low Value
CUST01956,Amit Nair,8,19,171701.23,41795.73,24.34,4244,4097,4244,3,Medium-Low Value
CUST00305,Ananya Patil,10,20,171626.57,48121.07,28.04,4245,3450,4245,3,Medium-Low Value
CUST04236,Isha Mehta,8,16,171452.76,28240.12,16.47,4246,5302,4246,3,Medium-Low Value
CUST04728,Amit Mhaske,11,25,171441.6,49304.81,28.76,4247,3334,4247,3,Medium-Low Value
CUST03007,Karan Sharma,11,28,171435.6,41169.92,24.01,4248,4167,4248,3,Medium-Low Value
CUST04927,Rahul Verma,11,20,171403.1,36500.52,21.3,4249,4614,4249,3,Medium-Low Value
CUST02153,Kavya Singh,9,20,171386.34,33620.52,19.62,4250,4882,4250,3,Medium-Low Value
CUST05221,Arjun Singh,13,26,171383.47,42139.28,24.59,4251,4074,4251,3,Medium-Low Value
CUST02187,Sneha Shah,13,25,171344.12,47033.96,27.45,4252,3557,4252,3,Medium-Low Value
CUST02428,Karan Sharma,8,16,171330.68,37072.36,21.64,4253,4564,4253,3,Medium-Low Value
CUST02644,Pooja Gupta,13,27,171312.51,28557.66,16.67,4254,5287,4254,3,Medium-Low Value
CUST01977,Aditya Shah,8,18,171296.55,46774.65,27.31,4255,3584,4255,3,Medium-Low Value
CUST00050,Aditya Gupta,10,21,171235.6,34574.2,20.19,4256,4789,4256,3,Medium-Low Value
CUST04217,Rahul Nair,14,24,171222.23,44041.98,25.72,4257,3874,4257,3,Medium-Low Value
CUST04896,Rahul Singh,10,19,171205.02,40844.21,23.86,4258,4199,4258,3,Medium-Low Value
CUST01798,Meera Mhaske,12,22,171156.99,37614.38,21.98,4259,4506,4259,3,Medium-Low Value
CUST05350,Neha Gupta,14,26,171129.35,42637.33,24.92,4260,4026,4260,3,Medium-Low Value
CUST03714,Sneha Patil,10,17,171102.36,44504.58,26.01,4261,3814,4261,3,Medium-Low Value
CUST03113,Karan Joshi,8,19,170932.67,50107.62,29.31,4262,3248,4262,3,Medium-Low Value
CUST00093,Kavya Patil,10,25,170909.5,36795.76,21.53,4263,4589,4263,3,Medium-Low Value
CUST03544,Arjun Singh,14,33,170875.83,41895.64,24.52,4264,4084,4264,3,Medium-Low Value
CUST05453,Rahul Deshmukh,10,38,170857.04,45471.03,26.61,4265,3718,4265,3,Medium-Low Value
CUST05271,Amit Kumar,12,25,170792.35,36700.1,21.49,4266,4595,4266,3,Medium-Low Value
CUST04566,Rohan Deshmukh,14,31,170778.24,40529.7,23.73,4267,4241,4267,3,Medium-Low Value
CUST01264,Vivaan Mhaske,14,29,170733.81,37211.68,21.8,4268,4548,4268,3,Medium-Low Value
CUST02730,Arjun Verma,10,20,170725.01,48764.1,28.56,4269,3391,4269,3,Medium-Low Value
CUST01834,Arjun Mehta,11,30,170720.71,46555.28,27.27,4270,3603,4270,3,Medium-Low Value
CUST05187,Priya Joshi,10,20,170703.67,32671.19,19.14,4271,4958,4271,3,Medium-Low Value
CUST01766,Rahul Shah,12,23,170703.48,46363.45,27.16,4272,3627,4272,3,Medium-Low Value
CUST05049,Aarav Kumar,6,21,170629.82,28656.61,16.79,4273,5274,4273,3,Medium-Low Value
CUST02038,Kavya Gupta,13,28,170528.26,37617.86,22.06,4274,4505,4274,3,Medium-Low Value
CUST04084,Aditya Mhaske,8,23,170497.51,48544.45,28.47,4275,3413,4275,3,Medium-Low Value
CUST02660,Aditya Sharma,10,24,170469.67,43524.38,25.53,4276,3939,4276,3,Medium-Low Value
CUST05958,Arjun Shah,9,18,170399.68,44198.15,25.94,4277,3852,4277,3,Medium-Low Value
CUST03299,Rohan Singh,10,26,170318.33,42790.39,25.12,4278,4008,4278,3,Medium-Low Value
CUST02874,Arjun Deshmukh,12,31,170193.73,26517.19,15.58,4279,5425,4279,3,Medium-Low Value
CUST04474,Sneha Nair,10,22,170056.77,41536.75,24.43,4280,4122,4280,3,Medium-Low Value
CUST02948,Aarav Shah,8,19,170017.9,43483.56,25.58,4281,3946,4281,3,Medium-Low Value
CUST00695,Rohan Nair,13,31,169979.73,31702.21,18.65,4282,5046,4282,3,Medium-Low Value
CUST05331,Amit Sharma,9,23,169979.5,46671.74,27.46,4283,3599,4283,3,Medium-Low Value
CUST03929,Rahul Verma,13,24,169892.97,31547.7,18.57,4284,5063,4284,3,Medium-Low Value
CUST01561,Kavya Nair,10,26,169888.04,44411.11,26.14,4285,3825,4285,3,Medium-Low Value
CUST00544,Isha Deshmukh,9,21,169738.84,54682.43,32.22,4286,2813,4286,3,Medium-Low Value
CUST02386,Amit Nair,12,23,169735.87,48166.74,28.38,4287,3448,4287,3,Medium-Low Value
CUST00880,Rahul Singh,9,24,169716.42,44194.32,26.04,4288,3853,4288,3,Medium-Low Value
CUST02906,Rahul Gupta,12,26,169615.18,44386.06,26.17,4289,3830,4289,3,Medium-Low Value
CUST02148,Arjun Nair,12,27,169571.08,36257.47,21.38,4290,4632,4290,3,Medium-Low Value
CUST02688,Rohan Joshi,10,20,169530.01,36115.04,21.3,4291,4643,4291,3,Medium-Low Value
CUST01021,Vivaan Sharma,11,21,169493.31,45331.12,26.75,4292,3732,4292,3,Medium-Low Value
CUST02884,Aditya Mhaske,11,30,169474.5,42183.15,24.89,4293,4070,4293,3,Medium-Low Value
CUST04446,Neha Verma,11,22,169406.9,23654.94,13.96,4294,5576,4294,3,Medium-Low Value
CUST05718,Pooja Mehta,8,19,169395.68,27584.63,16.28,4295,5361,4295,3,Medium-Low Value
CUST01660,Arjun Joshi,12,24,169364.7,36760.78,21.71,4296,4591,4296,3,Medium-Low Value
CUST04599,Kavya Gupta,17,26,169353.74,40581.77,23.96,4297,4230,4297,3,Medium-Low Value
CUST04358,Rahul Shah,14,27,169275.02,30453.43,17.99,4298,5159,4298,3,Medium-Low Value
CUST00832,Rohan Gupta,8,24,169206.22,37073.68,21.91,4299,4563,4299,3,Medium-Low Value
CUST05147,Vivaan Deshmukh,10,21,169142.13,44385.07,26.24,4300,3831,4300,3,Medium-Low Value
CUST00515,Arjun Sharma,13,27,169101.75,40230.4,23.79,4301,4266,4301,3,Medium-Low Value
CUST03184,Vivaan Patil,12,21,169003.75,37714.94,22.32,4302,4496,4302,3,Medium-Low Value
CUST03408,Vivaan Singh,13,31,168849.18,38902.01,23.04,4303,4394,4303,3,Medium-Low Value
CUST03817,Kavya Singh,13,27,168756.07,34408.02,20.39,4304,4808,4304,3,Medium-Low Value
CUST00011,Rohan Singh,12,27,168682.39,46501.24,27.57,4305,3611,4305,3,Medium-Low Value
CUST00388,Aarav Mehta,14,28,168644.02,22473.48,13.33,4306,5633,4306,3,Medium-Low Value
CUST05820,Aarav Singh,14,27,168563.95,46137.57,27.37,4307,3650,4307,3,Medium-Low Value
CUST01904,Neha Nair,10,23,168556.42,43881.12,26.03,4308,3897,4308,3,Medium-Low Value
CUST03069,Kavya Shah,16,30,168509.86,36020.75,21.38,4309,4655,4309,3,Medium-Low Value
CUST05723,Aarav Patil,11,30,168493.14,36533.92,21.68,4310,4612,4310,3,Medium-Low Value
CUST01967,Arjun Singh,11,17,168447.29,46442.65,27.57,4311,3619,4311,3,Medium-Low Value
CUST01479,Kavya Joshi,11,26,168444.68,27367.45,16.25,4312,5373,4312,3,Medium-Low Value
CUST02052,Kavya Nair,14,30,168441.35,40316.74,23.94,4313,4256,4313,3,Medium-Low Value
CUST02416,Aditya Verma,12,24,168409.18,37504.94,22.27,4314,4522,4314,3,Medium-Low Value
CUST05297,Sneha Nair,12,20,168408.44,41869.8,24.86,4315,4087,4315,3,Medium-Low Value
CUST05994,Karan Gupta,10,28,168392.21,33133.04,19.68,4316,4917,4316,3,Medium-Low Value
CUST00198,Amit Singh,10,23,168379.25,42556.65,25.27,4317,4036,4317,3,Medium-Low Value
CUST05836,Arjun Gupta,12,28,168366.22,47214.07,28.04,4318,3536,4318,3,Medium-Low Value
CUST04636,Aarav Singh,12,21,168362.61,34965.23,20.77,4319,4747,4319,3,Medium-Low Value
CUST00310,Amit Joshi,14,27,168327.14,45418.69,26.98,4320,3724,4320,3,Medium-Low Value
CUST01062,Aarav Joshi,8,19,168204.01,41746.46,24.82,4321,4102,4321,3,Medium-Low Value
CUST02698,Karan Kumar,9,31,168195.89,33206.12,19.74,4322,4911,4322,3,Medium-Low Value
CUST04160,Vivaan Kumar,14,34,168168.93,31326.23,18.63,4323,5082,4323,3,Medium-Low Value
CUST02103,Sneha Sharma,11,23,168161.92,34910.55,20.76,4324,4755,4324,3,Medium-Low Value
CUST01659,Neha Mhaske,10,27,168131.4,36570.52,21.75,4325,4608,4325,3,Medium-Low Value
CUST04684,Amit Nair,17,34,168060.27,37281.59,22.18,4326,4542,4326,3,Medium-Low Value
CUST05373,Karan Nair,9,23,168039.16,40748.92,24.25,4327,4211,4327,3,Medium-Low Value
CUST05028,Kavya Nair,10,23,168015.61,39554.98,23.54,4328,4326,4328,3,Medium-Low Value
CUST01318,Sneha Verma,9,19,167994.33,46225.12,27.52,4329,3641,4329,3,Medium-Low Value
CUST02592,Vivaan Patil,8,24,167986.95,28712.05,17.09,4330,5270,4330,3,Medium-Low Value
CUST00757,Rohan Mehta,10,20,167951.19,46719.28,27.82,4331,3591,4331,3,Medium-Low Value
CUST04194,Neha Deshmukh,15,28,167895.49,36594.45,21.8,4332,4604,4332,3,Medium-Low Value
CUST03946,Isha Singh,15,33,167861.51,31213.39,18.59,4333,5100,4333,3,Medium-Low Value
CUST03898,Isha Sharma,13,23,167825.05,46587.93,27.76,4334,3602,4334,3,Medium-Low Value
CUST04273,Aarav Patil,12,28,167797.78,50390.94,30.03,4335,3222,4335,3,Medium-Low Value
CUST03702,Aditya Verma,8,19,167781.4,50892.73,30.33,4336,3182,4336,3,Medium-Low Value
CUST02645,Arjun Gupta,9,19,167717.4,44594.62,26.59,4337,3808,4337,3,Medium-Low Value
CUST04145,Sneha Mehta,11,27,167614.35,33962.95,20.26,4338,4852,4338,3,Medium-Low Value
CUST04924,Rahul Sharma,14,30,167533.6,37560.69,22.42,4339,4513,4339,3,Medium-Low Value
CUST05305,Arjun Verma,8,17,167527.73,40054.9,23.91,4340,4281,4340,3,Medium-Low Value
CUST04094,Neha Joshi,7,20,167505.66,33805.21,20.18,4341,4868,4341,3,Medium-Low Value
CUST04628,Rahul Patil,10,21,167504.52,39404.02,23.52,4342,4339,4342,3,Medium-Low Value
CUST05482,Aarav Mhaske,10,25,167488.96,48087.94,28.71,4343,3453,4343,3,Medium-Low Value
CUST01844,Kavya Joshi,12,23,167416.76,29616.63,17.69,4344,5213,4344,3,Medium-Low Value
CUST03849,Isha Singh,9,27,167405.35,36758.08,21.96,4345,4592,4345,3,Medium-Low Value
CUST04822,Ananya Patil,9,23,167381.48,43677.2,26.09,4346,3920,4346,3,Medium-Low Value
CUST05601,Vivaan Deshmukh,13,23,167296.4,45087.79,26.95,4347,3760,4347,3,Medium-Low Value
CUST00182,Pooja Kumar,10,22,167279.24,34553.83,20.66,4348,4793,4348,3,Medium-Low Value
CUST01200,Ananya Verma,10,18,167277.52,35266.94,21.08,4349,4716,4349,3,Medium-Low Value
CUST05215,Ananya Nair,14,29,167274.54,36335.6,21.72,4350,4625,4350,3,Medium-Low Value
CUST02053,Aditya Kumar,9,18,167244.65,31696.92,18.95,4351,5047,4351,3,Medium-Low Value
CUST03551,Pooja Patil,10,18,167188.86,37796.74,22.61,4352,4491,4352,3,Medium-Low Value
CUST04869,Amit Shah,9,23,167159.57,41135.77,24.61,4353,4172,4353,3,Medium-Low Value
CUST04697,Amit Verma,6,19,167153.8,40054.78,23.96,4354,4282,4354,3,Medium-Low Value
CUST03253,Meera Mhaske,12,26,167150.23,43514.85,26.03,4355,3940,4355,3,Medium-Low Value
CUST01151,Priya Nair,12,22,167149.69,35323.05,21.13,4356,4711,4356,3,Medium-Low Value
CUST03375,Priya Shah,13,29,167140.91,34443.85,20.61,4357,4804,4357,3,Medium-Low Value
CUST01401,Rohan Mehta,11,23,167117.94,32799.16,19.63,4358,4948,4358,3,Medium-Low Value
CUST00981,Sneha Sharma,12,35,167096.96,43358.29,25.95,4359,3954,4359,3,Medium-Low Value
CUST01086,Arjun Mhaske,8,22,166930.75,43585.7,26.11,4360,3928,4360,3,Medium-Low Value
CUST00436,Pooja Patil,13,26,166912.97,43188.04,25.87,4361,3973,4361,3,Medium-Low Value
CUST04254,Ananya Shah,10,19,166896.9,30836.16,18.48,4362,5136,4362,3,Medium-Low Value
CUST03266,Pooja Nair,8,17,166832.83,32708.46,19.61,4363,4953,4363,3,Medium-Low Value
CUST01454,Rahul Mhaske,8,20,166824.82,47678.22,28.58,4364,3496,4364,3,Medium-Low Value
CUST05214,Aditya Sharma,11,22,166805.32,33529.63,20.1,4365,4888,4365,3,Medium-Low Value
CUST04933,Neha Joshi,12,26,166743.58,45526.89,27.3,4366,3712,4366,3,Medium-Low Value
CUST03426,Sneha Deshmukh,12,26,166709.45,52526.0,31.51,4367,3018,4367,3,Medium-Low Value
CUST00923,Meera Singh,9,15,166646.3,46258.48,27.76,4368,3638,4368,3,Medium-Low Value
CUST05724,Ananya Mehta,14,22,166640.06,46689.86,28.02,4369,3595,4369,3,Medium-Low Value
CUST03002,Arjun Kumar,13,25,166631.72,35623.27,21.38,4370,4689,4370,3,Medium-Low Value
CUST02316,Arjun Kumar,8,20,166629.66,27737.31,16.65,4371,5347,4371,3,Medium-Low Value
CUST01704,Amit Joshi,11,29,166616.03,51645.45,31.0,4372,3108,4372,3,Medium-Low Value
CUST02582,Isha Nair,12,23,166594.89,41206.45,24.73,4373,4158,4373,3,Medium-Low Value
CUST03564,Sneha Sharma,13,21,166542.33,32042.49,19.24,4374,5009,4374,3,Medium-Low Value
CUST02456,Meera Gupta,9,21,166523.43,25052.35,15.04,4375,5509,4375,3,Medium-Low Value
CUST02204,Pooja Verma,12,23,166523.26,34289.4,20.59,4376,4818,4376,3,Medium-Low Value
CUST04108,Pooja Gupta,11,24,166426.46,27922.48,16.78,4377,5335,4377,3,Medium-Low Value
CUST00841,Isha Mhaske,15,29,166356.03,43503.75,26.15,4378,3941,4378,3,Medium-Low Value
CUST05021,Sneha Mhaske,15,28,166282.05,31857.9,19.16,4379,5031,4379,3,Medium-Low Value
CUST03130,Aarav Sharma,13,19,166190.71,42435.21,25.53,4380,4047,4380,3,Medium-Low Value
CUST03808,Meera Shah,15,28,166135.92,35930.56,21.63,4381,4664,4381,3,Medium-Low Value
CUST05084,Aditya Singh,9,20,166028.63,33195.6,19.99,4382,4912,4382,3,Medium-Low Value
CUST05454,Kavya Deshmukh,8,21,165960.23,53549.07,32.27,4383,2917,4383,3,Medium-Low Value
CUST00184,Rohan Mehta,10,23,165944.47,38932.04,23.46,4384,4390,4384,3,Medium-Low Value
CUST03545,Arjun Mehta,11,26,165937.15,43915.6,26.47,4385,3889,4385,3,Medium-Low Value
CUST00528,Karan Gupta,13,28,165911.82,46239.51,27.87,4386,3640,4386,3,Medium-Low Value
CUST04157,Rahul Joshi,8,21,165867.86,32922.03,19.85,4387,4941,4387,3,Medium-Low Value
CUST03530,Amit Verma,8,19,165822.19,49053.07,29.58,4388,3359,4388,3,Medium-Low Value
CUST03871,Rohan Patil,13,26,165759.84,51528.8,31.09,4389,3125,4389,3,Medium-Low Value
CUST04480,Amit Patil,7,19,165723.18,38151.25,23.02,4390,4467,4390,3,Medium-Low Value
CUST05234,Priya Kumar,14,29,165715.51,50794.34,30.65,4391,3190,4391,3,Medium-Low Value
CUST00684,Kavya Verma,9,24,165702.71,52122.9,31.46,4392,3061,4392,3,Medium-Low Value
CUST02964,Rahul Joshi,11,19,165679.99,40269.53,24.31,4393,4260,4393,3,Medium-Low Value
CUST03393,Aarav Verma,13,27,165647.65,26648.9,16.09,4394,5418,4394,3,Medium-Low Value
CUST05846,Aditya Sharma,12,20,165641.15,40379.28,24.38,4395,4251,4395,3,Medium-Low Value
CUST03685,Priya Shah,13,28,165635.58,38553.49,23.28,4396,4424,4396,3,Medium-Low Value
CUST05202,Rahul Deshmukh,11,28,165631.13,29841.31,18.02,4397,5202,4397,3,Medium-Low Value
CUST03700,Priya Kumar,13,24,165627.7,41849.7,25.27,4398,4090,4398,3,Medium-Low Value
CUST05050,Pooja Kumar,13,28,165588.03,33593.88,20.29,4399,4884,4399,3,Medium-Low Value
CUST02969,Amit Patil,11,22,165525.72,46895.31,28.33,4400,3568,4400,3,Medium-Low Value
CUST03265,Neha Gupta,9,18,165491.66,38620.21,23.34,4401,4414,4401,3,Medium-Low Value
CUST05680,Rohan Mehta,7,26,165489.8,46861.62,28.32,4402,3573,4402,3,Medium-Low Value
CUST00452,Arjun Singh,11,22,165462.36,44131.16,26.67,4403,3865,4403,3,Medium-Low Value
CUST05226,Sneha Nair,11,23,165395.97,30753.58,18.59,4404,5142,4404,3,Medium-Low Value
CUST01809,Priya Sharma,14,27,165116.51,37514.82,22.72,4405,4520,4405,3,Medium-Low Value
CUST03975,Meera Deshmukh,10,18,165102.71,27806.67,16.84,4406,5340,4406,3,Medium-Low Value
CUST04301,Arjun Patil,6,20,165036.96,45910.04,27.82,4407,3677,4407,3,Medium-Low Value
CUST05533,Priya Joshi,13,22,164981.81,39626.04,24.02,4408,4317,4408,3,Medium-Low Value
CUST02406,Sneha Verma,10,20,164956.31,50541.64,30.64,4409,3208,4409,3,Medium-Low Value
CUST02090,Rohan Deshmukh,14,32,164949.78,31134.15,18.87,4410,5107,4410,3,Medium-Low Value
CUST04913,Vivaan Shah,10,20,164933.11,30664.0,18.59,4411,5149,4411,3,Medium-Low Value
CUST01848,Karan Sharma,8,20,164897.51,31743.84,19.25,4412,5040,4412,3,Medium-Low Value
CUST03553,Isha Nair,9,21,164892.0,39130.46,23.73,4413,4369,4413,3,Medium-Low Value
CUST02755,Isha Gupta,9,22,164803.56,49965.98,30.32,4414,3263,4414,3,Medium-Low Value
CUST02854,Rohan Mhaske,11,27,164791.75,33179.79,20.13,4415,4914,4415,3,Medium-Low Value
CUST02273,Sneha Deshmukh,9,22,164776.71,36056.43,21.88,4416,4651,4416,3,Medium-Low Value
CUST01063,Meera Patil,11,33,164602.8,48809.61,29.65,4417,3381,4417,3,Medium-Low Value
CUST03527,Ananya Singh,15,38,164512.47,38500.3,23.4,4418,4431,4418,3,Medium-Low Value
CUST01529,Aditya Patil,10,24,164501.78,37476.33,22.78,4419,4525,4419,3,Medium-Low Value
CUST03051,Meera Singh,10,26,164480.02,43493.14,26.44,4420,3944,4420,3,Medium-Low Value
CUST04407,Rahul Mhaske,9,17,164477.53,46751.33,28.42,4421,3588,4421,3,Medium-Low Value
CUST03985,Meera Verma,13,32,164449.55,33749.43,20.52,4422,4873,4422,3,Medium-Low Value
CUST03448,Sneha Deshmukh,13,26,164421.58,39002.36,23.72,4423,4382,4423,3,Medium-Low Value
CUST02241,Amit Kumar,7,27,164420.81,44095.61,26.82,4424,3870,4424,3,Medium-Low Value
CUST01368,Isha Sharma,9,23,164388.25,26830.63,16.32,4425,5405,4425,3,Medium-Low Value
CUST04555,Aditya Singh,9,23,164233.82,40701.18,24.78,4426,4218,4426,3,Medium-Low Value
CUST03117,Vivaan Gupta,8,21,164227.06,38001.07,23.14,4427,4477,4427,3,Medium-Low Value
CUST00194,Rahul Deshmukh,12,32,164125.73,45292.85,27.6,4428,3738,4428,3,Medium-Low Value
CUST03320,Rohan Gupta,9,20,164017.23,33784.62,20.6,4429,4869,4429,3,Medium-Low Value
CUST03190,Arjun Nair,14,33,164015.47,48253.0,29.42,4430,3441,4430,3,Medium-Low Value
CUST02263,Karan Patil,10,27,163948.69,45056.2,27.48,4431,3764,4431,3,Medium-Low Value
CUST00058,Arjun Singh,9,17,163943.7,48794.51,29.76,4432,3385,4432,3,Medium-Low Value
CUST05527,Arjun Mhaske,11,21,163906.66,38678.35,23.6,4433,4407,4433,3,Medium-Low Value
CUST05411,Amit Sharma,12,28,163883.22,37852.22,23.1,4434,4488,4434,3,Medium-Low Value
CUST00055,Aarav Nair,11,20,163881.1,40188.48,24.52,4435,4271,4435,3,Medium-Low Value
CUST02930,Rohan Deshmukh,13,33,163864.04,35618.84,21.74,4436,4690,4436,3,Medium-Low Value
CUST01000,Amit Singh,9,23,163818.69,42675.62,26.05,4437,4020,4437,3,Medium-Low Value
CUST01091,Rohan Nair,8,20,163812.19,45119.08,27.54,4438,3756,4438,3,Medium-Low Value
CUST04196,Ananya Joshi,10,18,163807.34,51892.17,31.68,4439,3079,4439,3,Medium-Low Value
CUST01610,Arjun Kumar,12,29,163734.53,47177.05,28.81,4440,3539,4440,3,Medium-Low Value
CUST03797,Rahul Mehta,14,27,163700.14,37080.04,22.65,4441,4562,4441,3,Medium-Low Value
CUST05354,Ananya Mehta,15,28,163497.3,36690.23,22.44,4442,4596,4442,3,Medium-Low Value
CUST01630,Priya Nair,12,21,163494.9,32383.41,19.81,4443,4981,4443,3,Medium-Low Value
CUST01614,Neha Verma,11,25,163471.24,33849.86,20.71,4444,4863,4444,3,Medium-Low Value
CUST03725,Meera Sharma,10,29,163432.4,37189.78,22.76,4445,4552,4445,3,Medium-Low Value
CUST03710,Vivaan Shah,11,22,163432.38,45618.64,27.91,4446,3702,4446,3,Medium-Low Value
CUST05500,Karan Mhaske,11,31,163343.04,34020.83,20.83,4447,4846,4447,3,Medium-Low Value
CUST00336,Meera Nair,12,24,163317.7,35140.86,21.52,4448,4731,4448,3,Medium-Low Value
CUST02314,Amit Mehta,14,22,163259.28,42151.68,25.82,4449,4073,4449,3,Medium-Low Value
CUST04748,Sneha Deshmukh,12,19,163222.53,44328.29,27.16,4450,3839,4450,3,Medium-Low Value
CUST01377,Rahul Mhaske,12,28,163211.79,46811.46,28.68,4451,3579,4451,3,Medium-Low Value
CUST00634,Neha Shah,12,23,163137.68,35127.59,21.53,4452,4733,4452,3,Medium-Low Value
CUST01778,Aarav Mehta,11,21,163107.19,51179.12,31.38,4453,3156,4453,3,Medium-Low Value
CUST01134,Karan Singh,9,17,163087.1,40726.69,24.97,4454,4215,4454,3,Medium-Low Value
CUST01976,Rohan Gupta,8,18,163068.99,30479.05,18.69,4455,5157,4455,3,Medium-Low Value
CUST05519,Neha Sharma,13,20,163038.56,45115.36,27.67,4456,3757,4456,3,Medium-Low Value
CUST02792,Rohan Gupta,12,21,162976.79,41190.79,25.27,4457,4163,4457,3,Medium-Low Value
CUST02806,Vivaan Deshmukh,14,26,162964.45,36701.34,22.52,4458,4594,4458,3,Medium-Low Value
CUST00391,Aarav Verma,6,18,162955.06,28608.97,17.56,4459,5282,4459,3,Medium-Low Value
CUST00425,Arjun Verma,7,16,162904.96,27637.61,16.97,4460,5357,4460,3,Medium-Low Value
CUST04743,Karan Singh,11,23,162893.06,36006.76,22.1,4461,4657,4461,3,Medium-Low Value
CUST02294,Priya Mehta,7,21,162876.44,45588.16,27.99,4462,3708,4462,3,Medium-Low Value
CUST05287,Meera Nair,14,24,162854.49,31263.09,19.2,4463,5093,4463,3,Medium-Low Value
CUST05319,Pooja Verma,12,21,162817.66,34226.76,21.02,4464,4823,4464,3,Medium-Low Value
CUST04738,Rahul Patil,9,26,162808.24,43693.25,26.84,4465,3917,4465,3,Medium-Low Value
CUST02475,Sneha Mehta,6,15,162802.78,45491.71,27.94,4466,3715,4466,3,Medium-Low Value
CUST04262,Isha Gupta,11,19,162800.37,32548.36,19.99,4467,4967,4467,3,Medium-Low Value
CUST03806,Amit Sharma,9,26,162787.09,38691.66,23.77,4468,4405,4468,3,Medium-Low Value
CUST03590,Vivaan Verma,11,22,162785.29,43645.21,26.81,4469,3923,4469,3,Medium-Low Value
CUST00437,Aditya Singh,12,28,162759.95,31059.36,19.08,4470,5113,4470,3,Medium-Low Value
CUST02324,Amit Deshmukh,12,24,162757.53,33322.78,20.47,4471,4905,4471,3,Medium-Low Value
CUST00733,Priya Nair,10,24,162731.7,42800.35,26.3,4472,4004,4472,3,Medium-Low Value
CUST01920,Aarav Patil,9,22,162699.13,47049.05,28.92,4473,3555,4473,3,Medium-Low Value
CUST01262,Vivaan Kumar,10,19,162687.64,36242.88,22.28,4474,4636,4474,3,Medium-Low Value
CUST01701,Meera Mehta,10,18,162676.26,44356.54,27.27,4475,3835,4475,3,Medium-Low Value
CUST04079,Amit Singh,11,23,162664.91,35907.39,22.07,4476,4667,4476,3,Medium-Low Value
CUST03970,Kavya Joshi,9,22,162639.64,28711.74,17.65,4477,5271,4477,3,Medium-Low Value
CUST01041,Aditya Mehta,9,23,162603.86,39392.48,24.23,4478,4341,4478,3,Medium-Low Value
CUST05355,Rahul Verma,10,24,162597.93,29280.95,18.01,4479,5243,4479,3,Medium-Low Value
CUST02225,Rohan Gupta,10,23,162580.59,48755.18,29.99,4480,3393,4480,3,Medium-Low Value
CUST00300,Rohan Mehta,11,23,162571.31,43253.19,26.61,4481,3965,4481,3,Medium-Low Value
CUST04332,Aarav Mhaske,10,23,162564.24,40033.44,24.63,4482,4283,4482,3,Medium-Low Value
CUST00304,Priya Joshi,12,33,162493.43,45204.91,27.82,4483,3745,4483,3,Medium-Low Value
CUST04806,Neha Gupta,11,17,162491.75,45259.16,27.85,4484,3742,4484,3,Medium-Low Value
CUST01219,Amit Sharma,17,31,162478.11,40031.94,24.64,4485,4284,4485,3,Medium-Low Value
CUST05933,Neha Nair,10,20,162413.23,48524.55,29.88,4486,3415,4486,3,Medium-Low Value
CUST02922,Kavya Nair,10,23,162407.26,42794.92,26.35,4487,4006,4487,3,Medium-Low Value
CUST02798,Aarav Verma,10,20,162405.35,38502.07,23.71,4488,4430,4488,3,Medium-Low Value
CUST02173,Isha Joshi,11,25,162355.77,35960.4,22.15,4489,4662,4489,3,Medium-Low Value
CUST05111,Arjun Verma,11,22,162336.01,35046.8,21.59,4490,4743,4490,3,Medium-Low Value
CUST05025,Pooja Nair,7,18,162233.3,39312.73,24.23,4491,4351,4491,3,Medium-Low Value
CUST03980,Neha Deshmukh,13,22,162179.06,44419.38,27.39,4492,3824,4492,3,Medium-Low Value
CUST04062,Rohan Sharma,10,21,162089.88,39959.65,24.65,4493,4292,4493,3,Medium-Low Value
CUST05086,Karan Gupta,11,21,162014.17,37401.69,23.09,4494,4532,4494,3,Medium-Low Value
CUST03707,Kavya Verma,8,19,161987.88,43768.21,27.02,4495,3907,4495,3,Medium-Low Value
CUST05644,Meera Mhaske,6,22,161983.56,41449.81,25.59,4496,4127,4496,3,Medium-Low Value
CUST01236,Arjun Kumar,12,26,161948.82,41757.14,25.78,4497,4101,4497,3,Medium-Low Value
CUST01207,Karan Joshi,11,26,161899.58,30559.58,18.88,4498,5154,4498,3,Medium-Low Value
CUST02770,Vivaan Mhaske,12,26,161844.6,29843.03,18.44,4499,5201,4499,3,Medium-Low Value
CUST03441,Pooja Singh,12,31,161815.82,31768.47,19.63,4500,5038,4500,3,Medium-Low Value
CUST01070,Sneha Kumar,8,17,161802.81,37637.31,23.26,4501,4503,4501,4,Low Value
CUST05492,Pooja Sharma,14,28,161775.8,36688.87,22.68,4502,4597,4502,4,Low Value
CUST05293,Pooja Nair,11,22,161771.74,37854.8,23.4,4503,4486,4503,4,Low Value
CUST04911,Meera Mhaske,10,24,161752.19,40392.03,24.97,4504,4248,4504,4,Low Value
CUST03298,Ananya Gupta,8,21,161740.37,33739.01,20.86,4505,4874,4505,4,Low Value
CUST00649,Rohan Singh,10,20,161724.9,35265.9,21.81,4506,4717,4506,4,Low Value
CUST05951,Karan Kumar,13,32,161685.22,46334.47,28.66,4507,3631,4507,4,Low Value
CUST00160,Kavya Sharma,14,28,161623.29,35083.09,21.71,4508,4739,4508,4,Low Value
CUST01010,Karan Joshi,9,18,161537.79,40254.15,24.92,4509,4262,4509,4,Low Value
CUST02619,Kavya Patil,10,21,161533.96,33309.01,20.62,4510,4906,4510,4,Low Value
CUST05223,Aditya Joshi,13,26,161529.94,36329.85,22.49,4511,4626,4511,4,Low Value
CUST05370,Amit Kumar,9,30,161456.33,29411.58,18.22,4512,5231,4512,4,Low Value
CUST01322,Aditya Singh,6,17,161408.19,33168.05,20.55,4513,4915,4513,4,Low Value
CUST00892,Arjun Nair,8,21,161333.34,37714.72,23.38,4514,4497,4514,4,Low Value
CUST02907,Priya Gupta,9,18,161309.11,40816.25,25.3,4515,4201,4515,4,Low Value
CUST04225,Priya Verma,9,30,161197.6,39183.68,24.31,4516,4362,4516,4,Low Value
CUST00502,Meera Deshmukh,9,23,161166.88,45939.0,28.5,4517,3675,4517,4,Low Value
CUST03324,Karan Kumar,10,27,161163.63,37956.62,23.55,4518,4478,4518,4,Low Value
CUST01515,Aditya Joshi,9,20,161142.44,45071.89,27.97,4519,3763,4519,4,Low Value
CUST00811,Rohan Mehta,9,20,161061.88,31107.67,19.31,4520,5108,4520,4,Low Value
CUST03169,Aarav Nair,13,36,161008.51,41083.94,25.52,4521,4175,4521,4,Low Value
CUST01951,Vivaan Mhaske,12,23,160883.35,31477.33,19.57,4522,5066,4522,4,Low Value
CUST05282,Neha Gupta,9,19,160854.25,37013.66,23.01,4523,4572,4523,4,Low Value
CUST05865,Arjun Mhaske,9,24,160847.29,38820.15,24.13,4524,4399,4524,4,Low Value
CUST04992,Rohan Shah,9,22,160808.28,31165.91,19.38,4525,5103,4525,4,Low Value
CUST01300,Arjun Joshi,9,23,160794.04,44028.32,27.38,4526,3876,4526,4,Low Value
CUST03838,Sneha Singh,10,21,160727.71,44902.6,27.94,4527,3779,4527,4,Low Value
CUST01104,Rohan Joshi,9,22,160669.89,28920.75,18.0,4528,5258,4528,4,Low Value
CUST03443,Priya Mehta,9,22,160658.87,46221.4,28.77,4529,3642,4529,4,Low Value
CUST04976,Rohan Deshmukh,16,31,160614.81,29775.32,18.54,4530,5205,4530,4,Low Value
CUST02086,Aditya Gupta,12,31,160584.5,41044.64,25.56,4531,4178,4531,4,Low Value
CUST01828,Meera Mhaske,10,17,160478.23,26416.78,16.46,4532,5434,4532,4,Low Value
CUST05679,Priya Singh,12,30,160392.56,40237.73,25.09,4533,4264,4533,4,Low Value
CUST00092,Vivaan Verma,11,29,160347.7,36825.39,22.97,4534,4586,4534,4,Low Value
CUST02484,Isha Singh,10,22,160335.65,34909.44,21.77,4535,4756,4535,4,Low Value
CUST05066,Meera Mhaske,12,21,160335.3,35612.26,22.21,4536,4691,4536,4,Low Value
CUST05986,Aditya Patil,10,21,160329.91,44403.72,27.7,4537,3826,4537,4,Low Value
CUST02098,Rahul Patil,13,21,160323.67,46357.34,28.91,4538,3629,4538,4,Low Value
CUST03800,Kavya Sharma,12,26,160302.13,39666.21,24.74,4539,4310,4539,4,Low Value
CUST03525,Isha Singh,13,24,160186.79,50637.49,31.61,4540,3202,4540,4,Low Value
CUST05853,Aditya Sharma,12,21,160174.97,37536.93,23.43,4541,4516,4541,4,Low Value
CUST03567,Kavya Singh,9,16,160111.89,40849.2,25.51,4542,4198,4542,4,Low Value
CUST00076,Rahul Deshmukh,9,22,160085.73,35145.65,21.95,4543,4730,4543,4,Low Value
CUST02464,Kavya Gupta,9,28,160064.55,24896.3,15.55,4544,5519,4544,4,Low Value
CUST02794,Isha Patil,15,36,160049.96,44826.84,28.01,4545,3788,4545,4,Low Value
CUST05114,Ananya Mehta,12,22,160011.45,39815.69,24.88,4546,4298,4546,4,Low Value
CUST01629,Arjun Gupta,4,14,159944.74,56267.92,35.18,4547,2675,4547,4,Low Value
CUST03774,Vivaan Patil,12,24,159922.05,44109.36,27.58,4548,3867,4548,4,Low Value
CUST03193,Vivaan Sharma,10,30,159779.01,36683.87,22.96,4549,4599,4549,4,Low Value
CUST01761,Vivaan Deshmukh,13,28,159761.69,37480.46,23.46,4550,4523,4550,4,Low Value
CUST05096,Sneha Mehta,10,19,159751.39,46254.98,28.95,4551,3639,4551,4,Low Value
CUST00215,Isha Joshi,13,30,159688.01,35877.38,22.47,4552,4670,4552,4,Low Value
CUST00514,Meera Nair,8,23,159659.36,35321.6,22.12,4553,4712,4553,4,Low Value
CUST01721,Aarav Patil,12,28,159655.65,33010.07,20.68,4554,4928,4554,4,Low Value
CUST02862,Aditya Joshi,13,26,159618.48,31989.16,20.04,4555,5018,4555,4,Low Value
CUST01410,Aditya Nair,12,22,159545.95,41291.78,25.88,4556,4145,4556,4,Low Value
CUST04136,Meera Mehta,10,26,159440.49,31012.46,19.45,4557,5119,4557,4,Low Value
CUST00790,Isha Kumar,8,14,159427.54,38064.6,23.88,4558,4472,4558,4,Low Value
CUST05233,Arjun Verma,12,25,159418.65,42397.34,26.59,4559,4052,4559,4,Low Value
CUST03683,Neha Verma,11,23,159418.2,47013.54,29.49,4560,3558,4560,4,Low Value
CUST02993,Aditya Sharma,15,21,159354.0,33852.33,21.24,4561,4862,4561,4,Low Value
CUST05290,Pooja Kumar,11,24,159350.9,32056.37,20.12,4562,5006,4562,4,Low Value
CUST05713,Aarav Kumar,12,34,159289.99,30698.34,19.27,4563,5147,4563,4,Low Value
CUST01167,Arjun Kumar,5,15,159287.19,35176.46,22.08,4564,4724,4564,4,Low Value
CUST04800,Vivaan Patil,8,19,159239.96,45151.39,28.35,4565,3749,4565,4,Low Value
CUST00626,Isha Deshmukh,12,30,159183.16,43169.95,27.12,4566,3975,4566,4,Low Value
CUST00185,Vivaan Patil,10,28,159132.72,31329.5,19.69,4567,5079,4567,4,Low Value
CUST05526,Isha Mhaske,12,29,159125.69,44764.38,28.13,4568,3793,4568,4,Low Value
CUST05568,Priya Verma,14,30,159070.94,42277.03,26.58,4569,4062,4569,4,Low Value
CUST05621,Priya Patil,8,22,159042.94,38373.22,24.13,4570,4439,4570,4,Low Value
CUST03877,Neha Nair,7,19,159036.4,27583.31,17.34,4571,5362,4571,4,Low Value
CUST03014,Arjun Sharma,7,16,159024.41,34043.48,21.41,4572,4844,4572,4,Low Value
CUST05044,Priya Joshi,7,14,159000.22,33187.49,20.87,4573,4913,4573,4,Low Value
CUST00868,Kavya Sharma,4,13,158958.48,40091.01,25.22,4574,4278,4574,4,Low Value
CUST04250,Karan Verma,13,22,158904.97,36170.26,22.76,4575,4640,4575,4,Low Value
CUST04915,Vivaan Mhaske,16,31,158806.81,44128.16,27.79,4576,3866,4576,4,Low Value
CUST01140,Karan Nair,14,30,158782.24,35994.28,22.67,4577,4660,4577,4,Low Value
CUST01335,Meera Patil,9,20,158603.84,34480.28,21.74,4578,4800,4578,4,Low Value
CUST00693,Karan Gupta,11,29,158547.78,49119.36,30.98,4579,3354,4579,4,Low Value
CUST04950,Vivaan Patil,12,17,158542.81,39027.6,24.62,4580,4380,4580,4,Low Value
CUST00426,Priya Nair,10,21,158536.37,35745.5,22.55,4581,4679,4581,4,Low Value
CUST01015,Rohan Singh,11,22,158492.64,44183.61,27.88,4582,3856,4582,4,Low Value
CUST05435,Aarav Mehta,14,25,158448.86,28650.24,18.08,4583,5276,4583,4,Low Value
CUST03615,Neha Mehta,12,18,158421.72,38607.05,24.37,4584,4416,4584,4,Low Value
CUST05742,Pooja Joshi,9,19,158354.19,54028.88,34.12,4585,2872,4585,4,Low Value
CUST02963,Aarav Kumar,13,30,158320.22,27945.22,17.65,4586,5333,4586,4,Low Value
CUST03368,Aditya Verma,9,21,158272.42,44188.64,27.92,4587,3854,4587,4,Low Value
CUST05507,Kavya Sharma,15,23,158103.15,38997.27,24.67,4588,4384,4588,4,Low Value
CUST01532,Neha Mhaske,12,25,158099.87,32503.54,20.56,4589,4972,4589,4,Low Value
CUST01813,Aarav Singh,11,24,158093.1,33469.27,21.17,4590,4896,4590,4,Low Value
CUST04185,Sneha Shah,14,25,158060.78,44713.05,28.29,4591,3799,4591,4,Low Value
CUST05165,Priya Mehta,14,30,157980.83,39498.82,25.0,4592,4331,4592,4,Low Value
CUST04655,Arjun Mhaske,14,36,157971.5,39693.0,25.13,4593,4309,4593,4,Low Value
CUST01118,Neha Gupta,17,30,157963.99,35485.34,22.46,4594,4698,4594,4,Low Value
CUST02528,Pooja Kumar,14,26,157840.0,31907.53,20.22,4595,5024,4595,4,Low Value
CUST03077,Arjun Verma,8,15,157721.84,53304.97,33.8,4596,2943,4596,4,Low Value
CUST00873,Meera Nair,14,21,157711.46,37785.71,23.96,4597,4492,4597,4,Low Value
CUST05480,Ananya Singh,13,24,157690.48,33670.48,21.35,4598,4880,4598,4,Low Value
CUST04613,Pooja Sharma,10,30,157677.26,34081.49,21.61,4599,4841,4599,4,Low Value
CUST02363,Meera Joshi,12,25,157670.88,29445.75,18.68,4600,5230,4600,4,Low Value
CUST05760,Isha Deshmukh,13,25,157657.04,36886.33,23.4,4601,4581,4601,4,Low Value
CUST01065,Kavya Joshi,12,25,157619.95,36060.04,22.88,4602,4650,4602,4,Low Value
CUST02786,Karan Gupta,10,19,157594.57,47682.32,30.26,4603,3495,4603,4,Low Value
CUST00291,Meera Singh,10,22,157581.57,43224.27,27.43,4604,3970,4604,4,Low Value
CUST03329,Aditya Gupta,10,24,157570.22,26472.41,16.8,4605,5427,4605,4,Low Value
CUST00815,Aarav Kumar,7,22,157561.39,32074.74,20.36,4606,5003,4606,4,Low Value
CUST01546,Priya Nair,12,22,157531.44,46690.9,29.64,4607,3594,4607,4,Low Value
CUST03739,Kavya Nair,13,25,157517.87,36658.83,23.27,4608,4602,4608,4,Low Value
CUST03058,Aditya Joshi,9,19,157495.87,21629.47,13.73,4609,5669,4609,4,Low Value
CUST01992,Aditya Mhaske,11,24,157483.35,29282.26,18.59,4610,5241,4610,4,Low Value
CUST04413,Neha Sharma,10,24,157434.04,51288.12,32.58,4611,3152,4611,4,Low Value
CUST05688,Arjun Deshmukh,14,35,157397.36,40471.15,25.71,4612,4245,4612,4,Low Value
CUST03509,Sneha Patil,10,21,157334.75,33536.32,21.32,4613,4887,4613,4,Low Value
CUST02001,Isha Joshi,9,15,157274.34,34105.6,21.69,4614,4838,4614,4,Low Value
CUST00489,Ananya Gupta,12,25,157269.93,35058.75,22.29,4615,4741,4615,4,Low Value
CUST01944,Arjun Nair,8,22,157252.62,24074.68,15.31,4616,5555,4616,4,Low Value
CUST02382,Kavya Nair,7,17,157248.02,37542.02,23.87,4617,4515,4617,4,Low Value
CUST00930,Karan Mhaske,11,20,157216.65,39749.85,25.28,4618,4305,4618,4,Low Value
CUST03614,Karan Mehta,8,21,157129.7,32707.62,20.82,4619,4954,4619,4,Low Value
CUST01157,Aditya Mehta,9,21,157070.69,46113.62,29.36,4620,3653,4620,4,Low Value
CUST05583,Priya Mhaske,11,25,157021.08,39184.26,24.95,4621,4361,4621,4,Low Value
CUST04229,Karan Kumar,13,20,157003.86,39354.31,25.07,4622,4347,4622,4,Low Value
CUST00082,Rahul Mhaske,9,19,156987.49,34562.43,22.02,4623,4791,4623,4,Low Value
CUST02123,Meera Mehta,8,23,156961.25,46010.57,29.31,4624,3668,4624,4,Low Value
CUST05936,Amit Deshmukh,8,18,156921.47,32962.0,21.01,4625,4934,4625,4,Low Value
CUST04299,Rohan Kumar,9,22,156916.32,41628.81,26.53,4626,4117,4626,4,Low Value
CUST01298,Kavya Kumar,10,19,156889.81,36168.76,23.05,4627,4641,4627,4,Low Value
CUST00231,Neha Deshmukh,8,20,156852.53,31596.92,20.14,4628,5056,4628,4,Low Value
CUST01254,Aarav Deshmukh,10,20,156850.8,33990.4,21.67,4629,4849,4629,4,Low Value
CUST04742,Priya Shah,15,26,156819.5,32690.02,20.85,4630,4957,4630,4,Low Value
CUST02675,Karan Joshi,13,30,156785.89,44231.44,28.21,4631,3848,4631,4,Low Value
CUST04813,Priya Kumar,13,26,156764.71,37186.88,23.72,4632,4553,4632,4,Low Value
CUST01683,Aditya Deshmukh,9,32,156691.38,35352.26,22.56,4633,4709,4633,4,Low Value
CUST03259,Karan Verma,13,30,156605.47,38343.79,24.48,4634,4446,4634,4,Low Value
CUST04195,Meera Shah,9,20,156589.15,37629.46,24.03,4635,4504,4635,4,Low Value
CUST04845,Sneha Gupta,10,20,156572.63,38203.01,24.4,4636,4460,4636,4,Low Value
CUST03728,Neha Kumar,12,23,156566.01,28554.45,18.24,4637,5288,4637,4,Low Value
CUST03752,Karan Mehta,8,23,156554.71,24343.63,15.55,4638,5543,4638,4,Low Value
CUST00316,Vivaan Singh,14,34,156466.6,32379.08,20.69,4639,4983,4639,4,Low Value
CUST00770,Karan Kumar,12,25,156432.26,44976.68,28.75,4640,3772,4640,4,Low Value
CUST04579,Pooja Kumar,14,23,156402.76,34263.9,21.91,4641,4822,4641,4,Low Value
CUST02604,Rohan Shah,10,22,156361.96,41686.51,26.66,4642,4111,4642,4,Low Value
CUST05647,Arjun Sharma,9,20,156329.88,29216.49,18.69,4643,5250,4643,4,Low Value
CUST00611,Aarav Singh,11,26,156289.76,38364.09,24.55,4644,4442,4644,4,Low Value
CUST03383,Neha Deshmukh,10,21,156268.26,37895.7,24.25,4645,4482,4645,4,Low Value
CUST05054,Kavya Sharma,9,15,156233.25,37575.88,24.05,4646,4512,4646,4,Low Value
CUST00670,Meera Gupta,11,31,156230.08,34517.42,22.09,4647,4798,4647,4,Low Value
CUST02525,Meera Kumar,10,24,156060.34,28791.91,18.45,4648,5264,4648,4,Low Value
CUST05078,Meera Joshi,9,24,156014.39,32453.23,20.8,4649,4978,4649,4,Low Value
CUST03651,Ananya Verma,10,21,156004.9,37001.59,23.72,4650,4573,4650,4,Low Value
CUST04393,Amit Nair,11,29,155986.44,34620.55,22.19,4651,4783,4651,4,Low Value
CUST02136,Karan Kumar,13,32,155909.87,32311.14,20.72,4652,4986,4652,4,Low Value
CUST04812,Arjun Mehta,10,20,155870.79,38958.5,24.99,4653,4387,4653,4,Low Value
CUST00419,Aarav Kumar,12,27,155856.82,42586.79,27.32,4654,4032,4654,4,Low Value
CUST03202,Priya Gupta,15,24,155775.82,31271.69,20.07,4655,5088,4655,4,Low Value
CUST00826,Kavya Gupta,9,19,155770.46,45149.23,28.98,4656,3752,4656,4,Low Value
CUST00422,Aditya Gupta,9,18,155758.13,51322.47,32.95,4657,3148,4657,4,Low Value
CUST01239,Isha Singh,14,23,155751.18,42446.56,27.25,4658,4045,4658,4,Low Value
CUST02110,Meera Verma,8,21,155726.45,37700.65,24.21,4659,4498,4659,4,Low Value
CUST03132,Vivaan Kumar,11,29,155725.89,34938.62,22.44,4660,4750,4660,4,Low Value
CUST04287,Ananya Gupta,10,19,155722.09,40532.91,26.03,4661,4240,4661,4,Low Value
CUST02120,Karan Singh,12,26,155665.19,30918.3,19.86,4662,5129,4662,4,Low Value
CUST02243,Meera Kumar,6,16,155639.21,51140.59,32.86,4663,3160,4663,4,Low Value
CUST01632,Rohan Mhaske,10,24,155542.16,46113.14,29.65,4664,3654,4664,4,Low Value
CUST00423,Neha Sharma,16,36,155474.42,32833.49,21.12,4665,4946,4665,4,Low Value
CUST01449,Sneha Patil,12,26,155451.16,33898.73,21.81,4666,4857,4666,4,Low Value
CUST01226,Ananya Kumar,14,27,155364.39,43841.05,28.22,4667,3902,4667,4,Low Value
CUST03406,Karan Sharma,10,22,155254.9,22317.55,14.37,4668,5641,4668,4,Low Value
CUST02341,Isha Verma,12,25,155217.97,20784.55,13.39,4669,5715,4669,4,Low Value
CUST01060,Neha Verma,8,15,155206.89,44972.32,28.98,4670,3773,4670,4,Low Value
CUST01475,Amit Nair,9,14,155088.94,51470.78,33.19,4671,3132,4671,4,Low Value
CUST03705,Neha Mhaske,9,15,154983.48,33866.19,21.85,4672,4860,4672,4,Low Value
CUST04479,Rohan Deshmukh,9,19,154920.18,41247.46,26.62,4673,4147,4673,4,Low Value
CUST01061,Sneha Sharma,16,28,154891.33,41165.49,26.58,4674,4169,4674,4,Low Value
CUST03112,Vivaan Singh,13,29,154858.04,35377.68,22.85,4675,4705,4675,4,Low Value
CUST03367,Arjun Kumar,9,17,154831.3,34859.19,22.51,4676,4762,4676,4,Low Value
CUST04126,Ananya Verma,11,26,154771.67,35929.98,23.21,4677,4665,4677,4,Low Value
CUST05565,Ananya Sharma,14,39,154764.5,28572.68,18.46,4678,5285,4678,4,Low Value
CUST00189,Pooja Sharma,6,21,154752.09,25422.95,16.43,4679,5491,4679,4,Low Value
CUST03756,Aditya Kumar,8,16,154730.76,37060.38,23.95,4680,4567,4680,4,Low Value
CUST02938,Aditya Joshi,14,24,154609.98,30170.04,19.51,4681,5178,4681,4,Low Value
CUST02423,Amit Patil,14,24,154596.15,37324.56,24.14,4682,4538,4682,4,Low Value
CUST05721,Rohan Shah,10,23,154594.04,35173.91,22.75,4683,4726,4683,4,Low Value
CUST01430,Karan Singh,10,21,154515.66,34416.39,22.27,4684,4807,4684,4,Low Value
CUST05232,Rohan Sharma,11,21,154505.42,36457.94,23.6,4685,4617,4685,4,Low Value
CUST00043,Isha Gupta,10,19,154492.85,39286.64,25.43,4686,4355,4686,4,Low Value
CUST02327,Arjun Singh,10,20,154479.9,44287.41,28.67,4687,3842,4687,4,Low Value
CUST03604,Ananya Patil,11,27,154342.45,46370.1,30.04,4688,3625,4688,4,Low Value
CUST00239,Aarav Deshmukh,8,19,154284.1,42642.05,27.64,4689,4023,4689,4,Low Value
CUST05827,Karan Mhaske,11,20,154201.33,44133.15,28.62,4690,3864,4690,4,Low Value
CUST04904,Rohan Nair,12,28,154200.31,25541.65,16.56,4691,5484,4691,4,Low Value
CUST05815,Neha Singh,9,21,154079.89,26155.69,16.98,4692,5450,4692,4,Low Value
CUST04374,Meera Shah,11,20,154030.08,39652.38,25.74,4693,4312,4693,4,Low Value
CUST01150,Isha Sharma,10,24,154021.84,23978.93,15.57,4694,5561,4694,4,Low Value
CUST03366,Priya Deshmukh,13,28,154019.46,31795.45,20.64,4695,5036,4695,4,Low Value
CUST01819,Aditya Nair,10,25,153973.93,42612.7,27.68,4696,4028,4696,4,Low Value
CUST02519,Karan Shah,8,17,153954.82,31666.41,20.57,4697,5051,4697,4,Low Value
CUST01821,Aditya Patil,11,30,153948.32,40743.47,26.47,4698,4212,4698,4,Low Value
CUST03503,Arjun Joshi,12,26,153924.45,38596.36,25.07,4699,4418,4699,4,Low Value
CUST04533,Rahul Patil,14,21,153865.92,36866.49,23.96,4700,4582,4700,4,Low Value
CUST05676,Priya Mhaske,10,19,153757.58,42177.78,27.43,4701,4071,4701,4,Low Value
CUST02459,Kavya Singh,9,18,153655.28,48418.78,31.51,4702,3420,4702,4,Low Value
CUST01968,Pooja Deshmukh,11,21,153641.95,22553.96,14.68,4703,5630,4703,4,Low Value
CUST00497,Arjun Verma,16,32,153640.93,41456.79,26.98,4704,4126,4704,4,Low Value
CUST01444,Aditya Shah,11,22,153620.7,28790.79,18.74,4705,5265,4705,4,Low Value
CUST05227,Karan Patil,11,22,153509.87,38051.42,24.79,4706,4473,4706,4,Low Value
CUST03948,Arjun Patil,11,17,153463.25,44214.98,28.81,4707,3849,4707,4,Low Value
CUST04783,Vivaan Patil,9,22,153452.65,37857.47,24.67,4708,4484,4708,4,Low Value
CUST02893,Aditya Deshmukh,11,23,153445.64,31918.28,20.8,4709,5023,4709,4,Low Value
CUST00104,Meera Joshi,5,12,153412.23,43548.58,28.39,4710,3936,4710,4,Low Value
CUST03285,Isha Mhaske,11,24,153354.66,41157.24,26.84,4711,4171,4711,4,Low Value
CUST05074,Meera Singh,10,20,153328.99,42514.84,27.73,4712,4041,4712,4,Low Value
CUST02733,Aarav Sharma,11,21,153312.31,42794.41,27.91,4713,4007,4713,4,Low Value
CUST04190,Arjun Patil,8,19,153287.76,39792.57,25.96,4714,4300,4714,4,Low Value
CUST02349,Aarav Singh,14,29,153286.78,36097.31,23.55,4715,4646,4715,4,Low Value
CUST02328,Karan Deshmukh,11,24,153139.56,35038.38,22.88,4716,4744,4716,4,Low Value
CUST00370,Aarav Sharma,10,32,153138.99,42132.22,27.51,4717,4075,4717,4,Low Value
CUST04296,Pooja Verma,12,23,153044.61,42826.96,27.98,4718,4000,4718,4,Low Value
CUST05427,Amit Verma,8,16,152936.88,37023.85,24.21,4719,4569,4719,4,Low Value
CUST05571,Pooja Deshmukh,12,23,152888.41,40995.56,26.81,4720,4183,4720,4,Low Value
CUST04895,Isha Mehta,8,23,152884.21,47198.89,30.87,4721,3537,4721,4,Low Value
CUST04495,Kavya Kumar,14,34,152789.05,43387.52,28.4,4722,3952,4722,4,Low Value
CUST00142,Aditya Nair,11,19,152744.63,38998.79,25.53,4723,4383,4723,4,Low Value
CUST05089,Meera Deshmukh,14,24,152726.15,42752.34,27.99,4724,4014,4724,4,Low Value
CUST00796,Priya Deshmukh,10,27,152687.74,38369.4,25.13,4725,4440,4725,4,Low Value
CUST04998,Vivaan Deshmukh,11,26,152617.8,34762.54,22.78,4726,4768,4726,4,Low Value
CUST02896,Karan Patil,10,19,152511.47,29446.41,19.31,4727,5229,4727,4,Low Value
CUST00608,Ananya Mhaske,10,21,152478.28,39469.44,25.89,4728,4333,4728,4,Low Value
CUST00124,Meera Joshi,8,18,152434.31,43606.66,28.61,4729,3924,4729,4,Low Value
CUST00034,Priya Nair,8,25,152401.81,39379.97,25.84,4730,4342,4730,4,Low Value
CUST00766,Priya Singh,12,22,152383.92,38209.89,25.07,4731,4457,4731,4,Low Value
CUST00032,Aarav Verma,14,32,152376.05,36833.65,24.17,4732,4585,4732,4,Low Value
CUST03274,Isha Singh,13,33,152327.39,42053.19,27.61,4733,4079,4733,4,Low Value
CUST00048,Sneha Deshmukh,12,19,152323.52,15388.65,10.1,4734,5886,4734,4,Low Value
CUST04818,Pooja Sharma,12,27,152320.99,31267.35,20.53,4735,5090,4735,4,Low Value
CUST02573,Amit Mhaske,13,30,152306.55,38569.31,25.32,4736,4422,4736,4,Low Value
CUST05037,Rahul Singh,9,19,152275.72,34135.12,22.42,4737,4835,4737,4,Low Value
CUST03772,Isha Mhaske,13,31,152170.02,39522.76,25.97,4738,4328,4738,4,Low Value
CUST05515,Rohan Deshmukh,6,17,152147.08,39331.24,25.85,4739,4349,4739,4,Low Value
CUST03081,Rohan Deshmukh,8,23,152145.46,47422.35,31.17,4740,3518,4740,4,Low Value
CUST01782,Rahul Gupta,10,24,152112.99,32952.56,21.66,4741,4936,4741,4,Low Value
CUST05627,Neha Deshmukh,9,21,152081.67,40794.21,26.82,4742,4204,4742,4,Low Value
CUST03526,Ananya Singh,14,30,152076.26,31149.05,20.48,4743,5105,4743,4,Low Value
CUST05257,Karan Singh,10,24,152021.66,42382.69,27.88,4744,4055,4744,4,Low Value
CUST00170,Ananya Kumar,11,25,151981.35,31055.53,20.43,4745,5114,4745,4,Low Value
CUST04426,Isha Singh,10,20,151978.71,43901.67,28.89,4746,3891,4746,4,Low Value
CUST00744,Kavya Verma,7,15,151953.82,32217.52,21.2,4747,4992,4747,4,Low Value
CUST01005,Aarav Deshmukh,7,16,151952.53,45607.23,30.01,4748,3705,4748,4,Low Value
CUST03831,Pooja Joshi,10,29,151940.02,32049.74,21.09,4749,5007,4749,4,Low Value
CUST02329,Aarav Sharma,10,23,151893.9,30815.91,20.29,4750,5139,4750,4,Low Value
CUST03090,Kavya Sharma,12,21,151888.76,26698.74,17.58,4751,5416,4751,4,Low Value
CUST00358,Meera Sharma,8,21,151826.23,39558.75,26.06,4752,4325,4752,4,Low Value
CUST00677,Priya Deshmukh,9,16,151812.27,35602.94,23.45,4753,4692,4753,4,Low Value
CUST01751,Isha Verma,12,22,151806.79,41702.41,27.47,4754,4109,4754,4,Low Value
CUST00038,Meera Verma,14,29,151779.91,29963.2,19.74,4755,5194,4755,4,Low Value
CUST00603,Pooja Shah,11,21,151630.35,24687.8,16.28,4756,5528,4756,4,Low Value
CUST04695,Pooja Mehta,8,19,151611.21,35805.07,23.62,4757,4676,4757,4,Low Value
CUST05779,Amit Patil,10,27,151569.18,25544.54,16.85,4758,5483,4758,4,Low Value
CUST00746,Kavya Nair,11,24,151518.1,30364.92,20.04,4759,5168,4759,4,Low Value
CUST01870,Vivaan Kumar,15,26,151454.47,37581.5,24.81,4760,4511,4760,4,Low Value
CUST02134,Amit Singh,14,35,151448.69,32001.27,21.13,4761,5016,4761,4,Low Value
CUST05056,Rohan Joshi,7,20,151422.63,35723.04,23.59,4762,4684,4762,4,Low Value
CUST05068,Aditya Patil,7,14,151412.13,40354.1,26.65,4763,4254,4763,4,Low Value
CUST04860,Meera Patil,6,17,151402.47,43677.53,28.85,4764,3919,4764,4,Low Value
CUST01846,Rahul Verma,9,22,151376.71,30387.94,20.07,4765,5165,4765,4,Low Value
CUST05000,Pooja Deshmukh,12,27,151330.3,30195.53,19.95,4766,5176,4766,4,Low Value
CUST03989,Arjun Sharma,10,20,151328.98,27765.19,18.35,4767,5343,4767,4,Low Value
CUST02550,Isha Sharma,9,24,151325.51,28684.32,18.96,4768,5272,4768,4,Low Value
CUST04400,Aditya Nair,10,27,151294.16,34671.29,22.92,4769,4776,4769,4,Low Value
CUST03017,Aditya Mhaske,14,27,151199.45,39081.02,25.85,4770,4373,4770,4,Low Value
CUST01946,Aditya Nair,13,22,151170.95,24546.96,16.24,4771,5538,4771,4,Low Value
CUST01464,Priya Mhaske,7,21,151114.6,31240.67,20.67,4772,5098,4772,4,Low Value
CUST05064,Priya Nair,13,21,151102.77,34149.03,22.6,4773,4832,4773,4,Low Value
CUST04473,Meera Gupta,9,17,151096.65,42779.28,28.31,4774,4011,4774,4,Low Value
CUST03586,Kavya Gupta,9,20,151002.98,31975.08,21.18,4775,5019,4775,4,Low Value
CUST04324,Sneha Shah,9,16,150993.51,43701.46,28.94,4776,3914,4776,4,Low Value
CUST01494,Amit Patil,11,21,150982.75,42783.51,28.34,4777,4010,4777,4,Low Value
CUST04691,Neha Joshi,13,33,150963.63,29507.68,19.55,4778,5225,4778,4,Low Value
CUST01275,Aarav Joshi,8,18,150963.48,42537.41,28.18,4779,4037,4779,4,Low Value
CUST02616,Arjun Sharma,9,20,150925.48,43565.84,28.87,4780,3931,4780,4,Low Value
CUST01860,Rahul Sharma,9,17,150894.63,50512.45,33.48,4781,3212,4781,4,Low Value
CUST00901,Rohan Verma,12,27,150866.22,34535.44,22.89,4782,4795,4782,4,Low Value
CUST01502,Amit Mehta,11,21,150819.59,34429.73,22.83,4783,4806,4783,4,Low Value
CUST02811,Rahul Verma,10,23,150805.54,43401.3,28.78,4784,3951,4784,4,Low Value
CUST02990,Aditya Gupta,7,16,150805.07,33396.72,22.15,4785,4900,4785,4,Low Value
CUST00049,Arjun Verma,11,19,150644.42,47843.77,31.76,4786,3477,4786,4,Low Value
CUST02181,Rohan Patil,9,30,150637.56,39224.29,26.04,4787,4359,4787,4,Low Value
CUST05776,Karan Joshi,15,31,150612.76,35365.2,23.48,4788,4707,4788,4,Low Value
CUST00556,Meera Sharma,11,22,150546.71,42413.65,28.17,4789,4049,4789,4,Low Value
CUST00454,Ananya Nair,11,24,150510.42,35814.05,23.8,4790,4673,4790,4,Low Value
CUST02778,Pooja Mehta,11,19,150483.36,42634.47,28.33,4791,4027,4791,4,Low Value
CUST05590,Kavya Gupta,10,18,150390.16,38272.43,25.45,4792,4451,4792,4,Low Value
CUST05503,Rahul Shah,8,19,150363.57,42725.34,28.41,4793,4017,4793,4,Low Value
CUST00150,Kavya Kumar,13,22,150231.13,35169.44,23.41,4794,4727,4794,4,Low Value
CUST03582,Neha Deshmukh,17,28,150206.92,38103.0,25.37,4795,4471,4795,4,Low Value
CUST04668,Neha Joshi,11,17,150155.2,35158.53,23.41,4796,4728,4796,4,Low Value
CUST04251,Karan Nair,11,24,150153.78,33856.06,22.55,4797,4861,4797,4,Low Value
CUST00712,Meera Shah,8,18,150126.81,41191.01,27.44,4798,4162,4798,4,Low Value
CUST02918,Vivaan Nair,8,19,150119.36,39317.14,26.19,4799,4350,4799,4,Low Value
CUST01531,Pooja Kumar,12,20,150070.2,32952.04,21.96,4800,4937,4800,4,Low Value
CUST02468,Aditya Joshi,11,20,150005.17,43346.29,28.9,4801,3955,4801,4,Low Value
CUST00359,Ananya Kumar,9,23,149991.11,33084.2,22.06,4802,4922,4802,4,Low Value
CUST01324,Aditya Patil,18,28,149925.85,35062.98,23.39,4803,4740,4803,4,Low Value
CUST01566,Kavya Joshi,8,18,149914.51,31328.73,20.9,4804,5080,4804,4,Low Value
CUST01602,Kavya Verma,11,18,149887.49,34629.1,23.1,4805,4781,4805,4,Low Value
CUST04259,Ananya Nair,10,25,149822.8,32640.52,21.79,4806,4959,4806,4,Low Value
CUST03926,Ananya Gupta,10,21,149799.98,34274.47,22.88,4807,4819,4807,4,Low Value
CUST05798,Sneha Kumar,10,23,149771.77,37337.27,24.93,4808,4537,4808,4,Low Value
CUST02526,Rohan Kumar,12,27,149710.0,37612.7,25.12,4809,4507,4809,4,Low Value
CUST05744,Vivaan Shah,12,25,149708.8,31953.35,21.34,4810,5020,4810,4,Low Value
CUST05946,Amit Verma,15,27,149601.5,39170.71,26.18,4811,4365,4811,4,Low Value
CUST04390,Rohan Nair,10,19,149591.73,37535.79,25.09,4812,4517,4812,4,Low Value
CUST04542,Amit Deshmukh,8,25,149571.84,31093.65,20.79,4813,5111,4813,4,Low Value
CUST00922,Karan Joshi,12,21,149561.72,38933.05,26.03,4814,4389,4814,4,Low Value
CUST04345,Priya Mhaske,8,18,149541.66,29463.53,19.7,4815,5227,4815,4,Low Value
CUST01279,Kavya Verma,6,21,149486.15,37951.74,25.39,4816,4479,4816,4,Low Value
CUST04503,Priya Kumar,10,29,149481.27,45991.31,30.77,4817,3670,4817,4,Low Value
CUST01463,Arjun Patil,10,21,149460.88,36573.73,24.47,4818,4606,4818,4,Low Value
CUST00588,Aditya Shah,10,21,149325.07,28042.84,18.78,4819,5320,4819,4,Low Value
CUST00018,Vivaan Nair,12,24,149285.45,35396.62,23.71,4820,4704,4820,4,Low Value
CUST00364,Isha Sharma,12,19,149234.84,32144.76,21.54,4821,4998,4821,4,Low Value
CUST02099,Priya Mehta,8,15,149230.59,38445.8,25.76,4822,4433,4822,4,Low Value
CUST04234,Rahul Kumar,9,18,149119.69,38929.03,26.11,4823,4391,4823,4,Low Value
CUST04022,Kavya Joshi,12,21,149117.88,40212.64,26.97,4824,4268,4824,4,Low Value
CUST02561,Kavya Deshmukh,12,22,149092.48,39195.08,26.29,4825,4360,4825,4,Low Value
CUST02197,Aarav Deshmukh,11,28,149088.03,31907.26,21.4,4826,5025,4826,4,Low Value
CUST00472,Kavya Nair,13,22,149084.89,32888.98,22.06,4827,4942,4827,4,Low Value
CUST03471,Pooja Kumar,14,28,149070.04,34124.5,22.89,4828,4836,4828,4,Low Value
CUST04461,Rohan Joshi,13,25,149064.96,37455.91,25.13,4829,4528,4829,4,Low Value
CUST02182,Meera Mhaske,16,33,149046.8,27971.39,18.77,4830,5329,4830,4,Low Value
CUST02700,Rohan Deshmukh,13,23,149015.65,30968.13,20.78,4831,5125,4831,4,Low Value
CUST02534,Priya Mhaske,10,19,148895.32,28627.64,19.23,4832,5281,4832,4,Low Value
CUST02041,Rahul Gupta,7,21,148888.69,23584.21,15.84,4833,5581,4833,4,Low Value
CUST02968,Sneha Patil,9,23,148882.41,40766.59,27.38,4834,4208,4834,4,Low Value
CUST03167,Karan Sharma,13,34,148881.89,29811.26,20.02,4835,5203,4835,4,Low Value
CUST01539,Neha Mhaske,9,17,148770.73,25909.73,17.42,4836,5463,4836,4,Low Value
CUST04281,Aarav Mehta,11,26,148768.8,36912.66,24.81,4837,4577,4837,4,Low Value
CUST03053,Pooja Verma,12,20,148760.03,24560.03,16.51,4838,5535,4838,4,Low Value
CUST02959,Neha Mehta,6,16,148721.66,36256.07,24.38,4839,4633,4839,4,Low Value
CUST01922,Priya Sharma,11,17,148702.53,35735.35,24.03,4840,4680,4840,4,Low Value
CUST01551,Meera Gupta,12,28,148663.9,32969.86,22.18,4841,4932,4841,4,Low Value
CUST02118,Kavya Nair,12,25,148654.41,39052.9,26.27,4842,4375,4842,4,Low Value
CUST04594,Ananya Deshmukh,11,22,148649.28,43766.78,29.44,4843,3908,4843,4,Low Value
CUST05857,Arjun Joshi,11,27,148648.31,46700.5,31.42,4844,3593,4844,4,Low Value
CUST05577,Meera Mhaske,11,26,148581.16,34196.17,23.02,4845,4827,4845,4,Low Value
CUST02215,Pooja Patil,9,19,148505.26,39639.54,26.69,4846,4314,4846,4,Low Value
CUST05339,Arjun Joshi,6,14,148472.26,40793.48,27.48,4847,4206,4847,4,Low Value
CUST03339,Aditya Mehta,10,25,148454.0,32933.8,22.18,4848,4939,4848,4,Low Value
CUST04765,Priya Verma,13,26,148417.98,37461.79,25.24,4849,4527,4849,4,Low Value
CUST01270,Ananya Kumar,10,17,148398.9,42058.79,28.34,4850,4078,4850,4,Low Value
CUST03277,Aditya Gupta,10,23,148276.67,32379.89,21.84,4851,4982,4851,4,Low Value
CUST01027,Amit Joshi,12,22,148107.8,28113.74,18.98,4852,5311,4852,4,Low Value
CUST01316,Ananya Patil,11,22,148068.75,35576.1,24.03,4853,4693,4853,4,Low Value
CUST05108,Kavya Mehta,10,17,148062.16,47983.54,32.41,4854,3464,4854,4,Low Value
CUST03208,Rahul Verma,13,23,148001.87,28560.93,19.3,4855,5286,4855,4,Low Value
CUST00858,Aarav Mehta,11,26,147938.76,34517.88,23.33,4856,4797,4856,4,Low Value
CUST01152,Aditya Shah,10,24,147892.07,39041.91,26.4,4857,4376,4857,4,Low Value
CUST02931,Vivaan Mehta,9,25,147837.92,33250.32,22.49,4858,4908,4858,4,Low Value
CUST02373,Sneha Mehta,12,25,147769.23,36026.17,24.38,4859,4653,4859,4,Low Value
CUST04366,Sneha Verma,8,21,147748.71,41208.37,27.89,4860,4157,4860,4,Low Value
CUST01673,Neha Singh,8,19,147698.28,20746.13,14.05,4861,5717,4861,4,Low Value
CUST02300,Arjun Patil,11,28,147649.27,39652.76,26.86,4862,4311,4862,4,Low Value
CUST01592,Rahul Nair,17,29,147600.21,28578.93,19.36,4863,5283,4863,4,Low Value
CUST01499,Isha Patil,11,20,147592.14,32222.18,21.83,4864,4991,4864,4,Low Value
CUST02844,Aarav Shah,7,22,147565.58,27072.95,18.35,4865,5391,4865,4,Low Value
CUST00145,Ananya Mehta,10,28,147457.94,31941.87,21.66,4866,5022,4866,4,Low Value
CUST03560,Aarav Joshi,9,24,147455.62,35095.7,23.8,4867,4737,4867,4,Low Value
CUST01146,Kavya Singh,10,21,147430.28,35826.94,24.3,4868,4672,4868,4,Low Value
CUST04859,Pooja Mehta,8,20,147428.16,39346.15,26.69,4869,4348,4869,4,Low Value
CUST03953,Meera Gupta,10,22,147408.87,30675.48,20.81,4870,5148,4870,4,Low Value
CUST03840,Neha Sharma,11,16,147362.06,30139.4,20.45,4871,5182,4871,4,Low Value
CUST02870,Neha Mehta,14,23,147285.92,45319.84,30.77,4872,3735,4872,4,Low Value
CUST03321,Aarav Singh,9,20,147261.09,33922.52,23.04,4873,4855,4873,4,Low Value
CUST05649,Neha Sharma,8,22,147243.29,41805.73,28.39,4874,4094,4874,4,Low Value
CUST05701,Vivaan Mhaske,10,26,147237.37,32211.46,21.88,4875,4993,4875,4,Low Value
CUST03484,Aditya Gupta,10,21,147200.45,39551.42,26.87,4876,4327,4876,4,Low Value
CUST05254,Neha Mhaske,9,20,147189.76,34317.68,23.32,4877,4815,4877,4,Low Value
CUST02705,Kavya Kumar,10,25,147185.35,38906.27,26.43,4878,4392,4878,4,Low Value
CUST00283,Arjun Kumar,11,25,147173.27,34519.39,23.45,4879,4796,4879,4,Low Value
CUST02486,Rahul Verma,12,28,147150.88,28863.58,19.61,4880,5260,4880,4,Low Value
CUST01372,Pooja Singh,9,30,147147.37,40554.64,27.56,4881,4234,4881,4,Low Value
CUST00909,Arjun Patil,5,12,147117.76,32733.79,22.25,4882,4952,4882,4,Low Value
CUST05794,Amit Deshmukh,9,16,147098.48,32042.75,21.78,4883,5008,4883,4,Low Value
CUST04780,Aditya Joshi,10,23,147097.4,33066.35,22.48,4884,4923,4884,4,Low Value
CUST05486,Priya Mehta,8,18,147084.0,33475.8,22.76,4885,4895,4885,4,Low Value
CUST00211,Kavya Verma,9,15,147048.28,36608.16,24.9,4886,4603,4886,4,Low Value
CUST05650,Pooja Kumar,9,16,147017.08,43246.05,29.42,4887,3967,4887,4,Low Value
CUST02430,Priya Verma,13,15,147001.8,40383.83,27.47,4888,4249,4888,4,Low Value
CUST05769,Rohan Joshi,8,29,147000.55,44591.98,30.33,4889,3809,4889,4,Low Value
CUST01337,Aarav Kumar,9,19,146953.41,28941.92,19.69,4890,5257,4890,4,Low Value
CUST05659,Neha Nair,10,25,146925.22,36682.52,24.97,4891,4600,4891,4,Low Value
CUST03050,Rahul Sharma,10,21,146893.22,38502.82,26.21,4892,4429,4892,4,Low Value
CUST05918,Meera Verma,9,23,146863.22,47137.11,32.1,4893,3542,4893,4,Low Value
CUST01135,Karan Singh,9,20,146851.13,19365.37,13.19,4894,5777,4894,4,Low Value
CUST03783,Aarav Mehta,13,27,146815.48,29803.35,20.3,4895,5204,4895,4,Low Value
CUST03340,Kavya Mehta,12,26,146677.66,43231.69,29.47,4896,3969,4896,4,Low Value
CUST03082,Pooja Singh,13,23,146676.86,43933.44,29.95,4897,3884,4897,4,Low Value
CUST04263,Karan Gupta,10,23,146609.91,25624.53,17.48,4898,5479,4898,4,Low Value
CUST00245,Neha Deshmukh,10,22,146547.29,44858.93,30.61,4899,3785,4899,4,Low Value
CUST04468,Meera Singh,10,19,146544.35,38299.26,26.13,4900,4448,4900,4,Low Value
CUST00103,Vivaan Nair,13,23,146516.15,31576.23,21.55,4901,5058,4901,4,Low Value
CUST02744,Ananya Nair,10,26,146510.79,38271.48,26.12,4902,4452,4902,4,Low Value
CUST03431,Sneha Mhaske,9,19,146447.49,22579.49,15.42,4903,5629,4903,4,Low Value
CUST00312,Kavya Gupta,11,17,146425.24,25360.3,17.32,4904,5493,4904,4,Low Value
CUST05874,Aditya Deshmukh,8,16,146404.33,36570.44,24.98,4905,4609,4905,4,Low Value
CUST02107,Sneha Mhaske,11,30,146289.73,31562.19,21.58,4906,5061,4906,4,Low Value
CUST00897,Vivaan Joshi,10,17,146246.65,34781.0,23.78,4907,4767,4907,4,Low Value
CUST03578,Isha Shah,8,19,146230.47,20121.3,13.76,4908,5746,4908,4,Low Value
CUST03182,Aditya Joshi,9,14,146212.17,33846.52,23.15,4909,4864,4909,4,Low Value
CUST02412,Amit Joshi,8,22,146187.73,34435.43,23.56,4910,4805,4910,4,Low Value
CUST05712,Rahul Sharma,14,21,146174.38,34742.93,23.77,4911,4770,4911,4,Low Value
CUST05828,Rahul Patil,9,14,146161.11,37597.63,25.72,4912,4508,4912,4,Low Value
CUST04406,Priya Kumar,8,14,146148.78,42966.51,29.4,4913,3987,4913,4,Low Value
CUST01071,Karan Verma,10,29,146115.84,34145.73,23.37,4914,4834,4914,4,Low Value
CUST02374,Kavya Sharma,16,24,146097.22,30357.18,20.78,4915,5169,4915,4,Low Value
CUST01963,Karan Mehta,9,27,146079.79,28956.15,19.82,4916,5256,4916,4,Low Value
CUST04939,Pooja Deshmukh,9,18,146073.01,31582.0,21.62,4917,5057,4917,4,Low Value
CUST00332,Neha Singh,8,13,146048.74,38108.6,26.09,4918,4470,4918,4,Low Value
CUST03608,Priya Gupta,11,20,146038.18,36324.7,24.87,4919,4627,4919,4,Low Value
CUST00343,Ananya Joshi,13,34,145969.2,34546.79,23.67,4920,4794,4920,4,Low Value
CUST02539,Priya Shah,12,33,145969.12,29329.63,20.09,4921,5238,4921,4,Low Value
CUST03457,Karan Shah,13,26,145948.58,36440.07,24.97,4922,4619,4922,4,Low Value
CUST01342,Karan Singh,11,20,145899.69,35203.3,24.13,4923,4720,4923,4,Low Value
CUST05653,Aarav Verma,9,21,145860.12,31703.31,21.74,4924,5045,4924,4,Low Value
CUST03823,Neha Singh,10,21,145841.85,31358.28,21.5,4925,5077,4925,4,Low Value
CUST05171,Karan Mhaske,6,12,145764.04,37264.06,25.56,4926,4544,4926,4,Low Value
CUST05730,Ananya Singh,12,24,145697.39,36491.25,25.05,4927,4616,4927,4,Low Value
CUST05298,Isha Singh,11,26,145687.71,34270.11,23.52,4928,4821,4928,4,Low Value
CUST00136,Aarav Singh,12,25,145540.14,31669.24,21.76,4929,5049,4929,4,Low Value
CUST03523,Rohan Joshi,14,25,145501.23,29868.02,20.53,4930,5198,4930,4,Low Value
CUST01022,Karan Patil,9,17,145349.54,32613.13,22.44,4931,4962,4931,4,Low Value
CUST05211,Priya Joshi,8,24,145341.44,27763.33,19.1,4932,5344,4932,4,Low Value
CUST01713,Karan Joshi,11,24,145328.09,40229.64,27.68,4933,4267,4933,4,Low Value
CUST05107,Arjun Sharma,10,16,145302.95,28717.72,19.76,4934,5268,4934,4,Low Value
CUST01836,Rohan Deshmukh,15,27,145273.81,32107.11,22.1,4935,5000,4935,4,Low Value
CUST04954,Neha Gupta,15,33,145252.46,28242.23,19.44,4936,5301,4936,4,Low Value
CUST02845,Neha Joshi,11,21,145185.58,27960.56,19.26,4937,5330,4937,4,Low Value
CUST02832,Amit Mhaske,9,21,145181.78,40704.74,28.04,4938,4217,4938,4,Low Value
CUST05275,Amit Sharma,10,23,145164.67,34270.5,23.61,4939,4820,4939,4,Low Value
CUST03902,Amit Shah,9,16,145127.44,36578.94,25.2,4940,4605,4940,4,Low Value
CUST00567,Karan Mehta,11,23,145058.97,40855.46,28.16,4941,4196,4941,4,Low Value
CUST05225,Karan Joshi,9,20,144990.09,28335.75,19.54,4942,5299,4942,4,Low Value
CUST03787,Amit Mhaske,10,23,144983.01,27322.11,18.85,4943,5374,4943,4,Low Value
CUST01416,Pooja Deshmukh,13,19,144851.55,42132.11,29.09,4944,4076,4944,4,Low Value
CUST03597,Neha Patil,10,20,144736.77,31098.19,21.49,4945,5109,4945,4,Low Value
CUST04330,Kavya Patil,9,23,144661.13,24547.24,16.97,4946,5537,4946,4,Low Value
CUST04050,Kavya Nair,11,22,144636.96,38521.17,26.63,4947,4428,4947,4,Low Value
CUST05736,Kavya Verma,11,19,144615.26,27619.7,19.1,4948,5358,4948,4,Low Value
CUST00694,Ananya Patil,11,21,144531.21,47852.71,33.11,4949,3476,4949,4,Low Value
CUST05669,Amit Kumar,11,29,144347.22,28436.26,19.7,4950,5294,4950,4,Low Value
CUST04785,Pooja Sharma,7,20,144342.39,37391.0,25.9,4951,4533,4951,4,Low Value
CUST03932,Kavya Mhaske,7,14,144311.65,46441.92,32.18,4952,3620,4952,4,Low Value
CUST01496,Arjun Verma,11,19,144307.57,35980.93,24.93,4953,4661,4953,4,Low Value
CUST01572,Neha Nair,9,26,144296.94,42287.14,29.31,4954,4061,4954,4,Low Value
CUST00859,Karan Sharma,10,19,144248.54,25752.35,17.85,4955,5470,4955,4,Low Value
CUST00430,Meera Mhaske,9,20,144230.68,29692.37,20.59,4956,5210,4956,4,Low Value
CUST03382,Amit Gupta,8,23,144201.09,39361.37,27.3,4957,4346,4957,4,Low Value
CUST03387,Isha Gupta,8,21,144190.21,23203.76,16.09,4958,5603,4958,4,Low Value
CUST02068,Pooja Verma,8,20,144161.05,37944.39,26.32,4959,4480,4959,4,Low Value
CUST04488,Vivaan Joshi,8,21,144155.74,41731.26,28.95,4960,4104,4960,4,Low Value
CUST03491,Kavya Patil,9,27,144153.88,26471.02,18.36,4961,5428,4961,4,Low Value
CUST03474,Aarav Deshmukh,7,22,144149.63,40944.79,28.4,4962,4186,4962,4,Low Value
CUST01948,Rahul Mehta,13,23,144135.74,39029.71,27.08,4963,4379,4963,4,Low Value
CUST02244,Priya Shah,9,24,144092.59,29575.45,20.53,4964,5218,4964,4,Low Value
CUST00036,Karan Mehta,6,17,144089.0,37320.74,25.9,4965,4539,4965,4,Low Value
CUST01255,Neha Mhaske,7,16,144081.86,37178.44,25.8,4966,4554,4966,4,Low Value
CUST02920,Pooja Kumar,12,23,143985.31,43844.63,30.45,4967,3901,4967,4,Low Value
CUST04106,Rohan Mhaske,9,23,143984.49,32297.46,22.43,4968,4987,4968,4,Low Value
CUST00060,Rohan Joshi,8,15,143897.79,31076.01,21.6,4969,5112,4969,4,Low Value
CUST04611,Isha Verma,7,14,143887.02,38829.61,26.99,4970,4397,4970,4,Low Value
CUST03984,Vivaan Sharma,10,22,143878.21,24059.86,16.72,4971,5556,4971,4,Low Value
CUST03842,Isha Gupta,14,26,143834.9,44875.93,31.2,4972,3784,4972,4,Low Value
CUST01109,Aarav Mhaske,8,27,143831.75,35231.34,24.49,4973,4718,4973,4,Low Value
CUST02579,Rohan Mehta,11,25,143827.12,34858.01,24.24,4974,4763,4974,4,Low Value
CUST03776,Rahul Sharma,8,19,143678.07,34673.84,24.13,4975,4775,4975,4,Low Value
CUST02141,Kavya Verma,8,18,143648.0,42577.63,29.64,4976,4035,4976,4,Low Value
CUST00265,Neha Verma,7,18,143626.99,33444.17,23.29,4977,4897,4977,4,Low Value
CUST00379,Sneha Mehta,10,27,143493.48,33820.95,23.57,4978,4866,4978,4,Low Value
CUST00803,Aditya Singh,12,18,143468.91,36820.18,25.66,4979,4587,4979,4,Low Value
CUST02571,Priya Verma,13,25,143430.77,27927.58,19.47,4980,5334,4980,4,Low Value
CUST01942,Pooja Nair,9,23,143394.59,37777.46,26.35,4981,4493,4981,4,Low Value
CUST05870,Rahul Mhaske,13,28,143386.89,37169.44,25.92,4982,4555,4982,4,Low Value
CUST05041,Vivaan Deshmukh,8,16,143306.85,26978.89,18.83,4983,5398,4983,4,Low Value
CUST03766,Isha Shah,9,20,143299.14,43048.17,30.04,4984,3984,4984,4,Low Value
CUST04445,Pooja Shah,6,21,143096.75,37345.79,26.1,4985,4535,4985,4,Low Value
CUST05235,Karan Mehta,12,23,143073.62,32816.18,22.94,4986,4947,4986,4,Low Value
CUST03745,Karan Deshmukh,10,20,143072.31,26389.51,18.44,4987,5436,4987,4,Low Value
CUST05176,Rohan Mehta,11,24,143029.4,35457.94,24.79,4988,4699,4988,4,Low Value
CUST05637,Neha Deshmukh,13,30,143026.55,33480.06,23.41,4989,4894,4989,4,Low Value
CUST04175,Aarav Patil,8,18,142966.36,41049.32,28.71,4990,4177,4990,4,Low Value
CUST05030,Kavya Kumar,13,26,142934.77,41236.99,28.85,4991,4150,4991,4,Low Value
CUST01567,Neha Mehta,13,35,142870.63,30827.1,21.58,4992,5137,4992,4,Low Value
CUST03741,Arjun Gupta,10,21,142861.8,38641.2,27.05,4993,4412,4993,4,Low Value
CUST05088,Priya Gupta,11,29,142816.67,34993.77,24.5,4994,4745,4994,4,Low Value
CUST04297,Pooja Deshmukh,9,17,142792.38,41798.76,29.27,4995,4096,4995,4,Low Value
CUST04546,Aarav Singh,7,21,142687.77,33019.22,23.14,4996,4927,4996,4,Low Value
CUST05602,Priya Mhaske,14,28,142552.75,28675.38,20.12,4997,5273,4997,4,Low Value
CUST02184,Pooja Gupta,10,23,142509.52,45526.22,31.95,4998,3713,4998,4,Low Value
CUST04482,Ananya Deshmukh,10,21,142503.74,36673.14,25.73,4999,4601,4999,4,Low Value
CUST02392,Aditya Patil,15,33,142341.07,35694.57,25.08,5000,4686,5000,4,Low Value
CUST01049,Priya Patil,11,23,142333.16,45079.65,31.67,5001,3761,5001,4,Low Value
CUST01850,Aarav Mhaske,8,20,142286.66,39517.61,27.77,5002,4329,5002,4,Low Value
CUST03267,Kavya Nair,11,25,142263.17,26887.24,18.9,5003,5402,5003,4,Low Value
CUST03057,Rahul Mehta,8,18,142193.19,21499.71,15.12,5004,5680,5004,4,Low Value
CUST04009,Aarav Joshi,10,22,142139.26,36858.6,25.93,5005,4583,5005,4,Low Value
CUST00708,Aarav Singh,10,30,141996.01,22205.85,15.64,5006,5645,5006,4,Low Value
CUST02753,Kavya Gupta,11,21,141994.69,30870.87,21.74,5007,5133,5007,4,Low Value
CUST05449,Priya Joshi,7,15,141890.33,43932.87,30.96,5008,3885,5008,4,Low Value
CUST00576,Pooja Gupta,7,15,141837.78,32978.45,23.25,5009,4931,5009,4,Low Value
CUST02869,Meera Mhaske,9,21,141780.37,33898.43,23.91,5010,4858,5010,4,Low Value
CUST01130,Arjun Sharma,9,28,141749.09,44373.27,31.3,5011,3832,5011,4,Low Value
CUST05485,Rohan Gupta,10,19,141649.22,30382.95,21.45,5012,5166,5012,4,Low Value
CUST01961,Karan Verma,9,19,141626.28,40974.99,28.93,5013,4184,5013,4,Low Value
CUST04747,Meera Singh,10,22,141596.71,40737.17,28.77,5014,4213,5014,4,Low Value
CUST02826,Meera Joshi,12,24,141589.26,35137.49,24.82,5015,4732,5015,4,Low Value
CUST01993,Vivaan Deshmukh,9,26,141571.84,32931.64,23.26,5016,4940,5016,4,Low Value
CUST05439,Rahul Nair,9,22,141521.88,31895.38,22.54,5017,5028,5017,4,Low Value
CUST04633,Sneha Gupta,10,19,141493.65,36803.66,26.01,5018,4588,5018,4,Low Value
CUST03065,Rohan Singh,10,23,141445.59,35517.33,25.11,5019,4694,5019,4,Low Value
CUST03221,Rahul Joshi,10,21,141425.06,35730.58,25.26,5020,4682,5020,4,Low Value
CUST00237,Arjun Sharma,14,20,141387.61,29511.19,20.87,5021,5223,5021,4,Low Value
CUST05893,Aarav Patil,7,25,141330.44,36534.93,25.85,5022,4611,5022,4,Low Value
CUST00808,Ananya Joshi,9,19,141249.68,37052.58,26.23,5023,4568,5023,4,Low Value
CUST00530,Kavya Sharma,7,20,141214.14,22196.64,15.72,5024,5646,5024,4,Low Value
CUST03319,Pooja Mehta,5,12,141199.78,34349.25,24.33,5025,4811,5025,4,Low Value
CUST01514,Sneha Joshi,11,22,141194.55,41295.98,29.25,5026,4144,5026,4,Low Value
CUST01533,Pooja Mhaske,10,15,141178.39,35106.34,24.87,5027,4735,5027,4,Low Value
CUST01431,Rohan Verma,9,24,141143.3,31627.36,22.41,5028,5053,5028,4,Low Value
CUST05353,Rahul Sharma,7,21,141098.51,28468.88,20.18,5029,5292,5029,4,Low Value
CUST04969,Aditya Deshmukh,11,25,141056.51,29225.06,20.72,5030,5249,5030,4,Low Value
CUST05170,Aditya Kumar,6,15,140983.68,37594.31,26.67,5031,4509,5031,4,Low Value
CUST03517,Ananya Joshi,9,24,140939.1,38588.18,27.38,5032,4419,5032,4,Low Value
CUST01872,Priya Patil,12,20,140850.09,27010.45,19.18,5033,5397,5033,4,Low Value
CUST04581,Karan Sharma,11,28,140711.49,30326.68,21.55,5034,5172,5034,4,Low Value
CUST01462,Karan Nair,11,20,140607.07,36492.02,25.95,5035,4615,5035,4,Low Value
CUST01030,Vivaan Shah,9,28,140546.76,31888.3,22.69,5036,5029,5036,4,Low Value
CUST03229,Pooja Sharma,8,18,140451.94,29404.98,20.94,5037,5232,5037,4,Low Value
CUST00433,Arjun Kumar,8,14,140153.77,25025.61,17.86,5038,5512,5038,4,Low Value
CUST01093,Isha Patil,10,20,140100.51,38120.79,27.21,5039,4469,5039,4,Low Value
CUST01893,Meera Nair,11,18,140097.27,32544.59,23.23,5040,4968,5040,4,Low Value
CUST00740,Priya Verma,11,21,140065.13,36310.49,25.92,5041,4629,5041,4,Low Value
CUST02023,Amit Deshmukh,7,17,140059.21,32023.65,22.86,5042,5012,5042,4,Low Value
CUST01923,Rohan Mhaske,10,23,140039.49,31668.69,22.61,5043,5050,5043,4,Low Value
CUST01034,Isha Deshmukh,9,19,140027.68,30161.03,21.54,5044,5179,5044,4,Low Value
CUST03922,Aditya Joshi,11,19,140020.65,42352.61,30.25,5045,4058,5045,4,Low Value
CUST00315,Amit Singh,10,19,139923.39,44701.08,31.95,5046,3800,5046,4,Low Value
CUST02678,Kavya Verma,10,16,139802.35,37690.43,26.96,5047,4499,5047,4,Low Value
CUST02873,Amit Mehta,13,23,139630.57,35950.91,25.75,5048,4663,5048,4,Low Value
CUST01792,Rahul Gupta,12,27,139603.44,37019.9,26.52,5049,4571,5049,4,Low Value
CUST02078,Arjun Mhaske,12,25,139578.99,28383.65,20.34,5050,5297,5050,4,Low Value
CUST01571,Rahul Kumar,8,22,139568.3,32701.65,23.43,5051,4955,5051,4,Low Value
CUST02320,Rohan Shah,12,24,139554.06,41668.3,29.86,5052,4114,5052,4,Low Value
CUST05378,Aditya Mehta,12,26,139484.68,33425.66,23.96,5053,4898,5053,4,Low Value
CUST03384,Priya Mehta,7,13,139470.57,39134.69,28.06,5054,4368,5054,4,Low Value
CUST00158,Ananya Shah,10,23,139438.91,40910.47,29.34,5055,4191,5055,4,Low Value
CUST00151,Aditya Nair,10,21,139391.1,30735.34,22.05,5056,5145,5056,4,Low Value
CUST03883,Arjun Singh,11,20,139377.35,34382.71,24.67,5057,4809,5057,4,Low Value
CUST05250,Vivaan Sharma,12,30,139232.27,30121.71,21.63,5058,5183,5058,4,Low Value
CUST02629,Vivaan Deshmukh,10,21,139187.94,35901.91,25.79,5059,4668,5059,4,Low Value
CUST01613,Rohan Deshmukh,12,23,139183.79,28651.42,20.59,5060,5275,5060,4,Low Value
CUST01362,Rahul Sharma,9,14,139148.98,36854.15,26.49,5061,4584,5061,4,Low Value
CUST03855,Aarav Joshi,8,17,139135.83,26942.99,19.36,5062,5399,5062,4,Low Value
CUST04159,Pooja Mhaske,11,20,139107.86,32474.84,23.35,5063,4975,5063,4,Low Value
CUST02549,Aditya Mhaske,8,17,139058.24,36157.06,26.0,5064,4642,5064,4,Low Value
CUST01023,Rohan Singh,9,17,139032.86,34713.9,24.97,5065,4772,5065,4,Low Value
CUST01223,Ananya Patil,10,21,138992.77,29382.59,21.14,5066,5236,5066,4,Low Value
CUST00801,Isha Gupta,10,25,138906.71,36282.5,26.12,5067,4630,5067,4,Low Value
CUST03256,Priya Deshmukh,14,28,138855.11,27776.04,20.0,5068,5342,5068,4,Low Value
CUST00817,Sneha Joshi,11,17,138839.84,26795.7,19.3,5069,5409,5069,4,Low Value
CUST02013,Isha Mehta,11,22,138774.03,38208.15,27.53,5070,4458,5070,4,Low Value
CUST04672,Vivaan Mehta,6,15,138723.27,33224.87,23.95,5071,4910,5071,4,Low Value
CUST04746,Kavya Nair,11,22,138715.76,35372.83,25.5,5072,4706,5072,4,Low Value
CUST00726,Isha Mhaske,7,16,138707.48,37477.93,27.02,5073,4524,5073,4,Low Value
CUST01469,Aarav Singh,12,31,138661.55,39607.61,28.56,5074,4322,5074,4,Low Value
CUST05058,Meera Kumar,9,20,138641.22,34297.39,24.74,5075,4817,5075,4,Low Value
CUST03064,Aarav Kumar,9,21,138524.77,31438.59,22.7,5076,5069,5076,4,Low Value
CUST03908,Kavya Verma,12,20,138522.82,38240.47,27.61,5077,4454,5077,4,Low Value
CUST01810,Priya Singh,11,34,138471.94,34906.6,25.21,5078,4757,5078,4,Low Value
CUST01534,Rohan Shah,9,19,138409.46,41063.99,29.67,5079,4176,5079,4,Low Value
CUST01585,Sneha Singh,8,18,138337.02,26911.76,19.45,5080,5401,5080,4,Low Value
CUST04318,Isha Gupta,8,14,138320.61,26404.83,19.09,5081,5435,5081,4,Low Value
CUST01528,Aarav Joshi,8,24,138240.61,30018.21,21.71,5082,5190,5082,4,Low Value
CUST03921,Kavya Mehta,11,21,138214.52,39607.15,28.66,5083,4323,5083,4,Low Value
CUST04573,Ananya Deshmukh,13,27,138179.87,32152.17,23.27,5084,4997,5084,4,Low Value
CUST05596,Amit Sharma,9,16,138162.23,34214.09,24.76,5085,4824,5085,4,Low Value
CUST00100,Karan Verma,9,20,138132.19,40510.98,29.33,5086,4242,5086,4,Low Value
CUST04766,Aarav Mhaske,5,12,138074.41,36552.68,26.47,5087,4610,5087,4,Low Value
CUST02050,Aditya Deshmukh,9,16,138037.52,32863.86,23.81,5088,4943,5088,4,Low Value
CUST04987,Sneha Singh,11,21,137995.62,30451.45,22.07,5089,5160,5089,4,Low Value
CUST04070,Pooja Kumar,10,25,137973.95,21475.09,15.56,5090,5682,5090,4,Low Value
CUST00446,Aditya Singh,14,23,137876.87,31721.39,23.01,5091,5043,5091,4,Low Value
CUST05090,Rohan Joshi,10,16,137758.81,34313.51,24.91,5092,4816,5092,4,Low Value
CUST03630,Karan Verma,10,24,137710.91,22193.34,16.12,5093,5647,5093,4,Low Value
CUST03376,Meera Verma,13,25,137661.14,31557.96,22.92,5094,5062,5094,4,Low Value
CUST01361,Aarav Mehta,9,17,137620.77,27410.97,19.92,5095,5370,5095,4,Low Value
CUST01892,Rohan Kumar,10,22,137613.34,27715.62,20.14,5096,5348,5096,4,Low Value
CUST05856,Ananya Sharma,12,23,137612.8,31709.45,23.04,5097,5044,5097,4,Low Value
CUST02927,Meera Verma,10,27,137611.71,30468.91,22.14,5098,5158,5098,4,Low Value
CUST04218,Sneha Nair,11,22,137511.55,29988.53,21.81,5099,5191,5099,4,Low Value
CUST00593,Amit Kumar,9,20,137459.64,35175.59,25.59,5100,4725,5100,4,Low Value
CUST04193,Arjun Patil,13,33,137156.31,29044.39,21.18,5101,5254,5101,4,Low Value
CUST03624,Ananya Singh,7,18,137088.54,43106.58,31.44,5102,3978,5102,4,Low Value
CUST05931,Amit Nair,11,21,137078.23,28368.89,20.7,5103,5298,5103,4,Low Value
CUST00945,Neha Verma,9,19,137070.44,36233.97,26.43,5104,4637,5104,4,Low Value
CUST05348,Kavya Mhaske,11,27,136979.77,27078.22,19.77,5105,5390,5105,4,Low Value
CUST04856,Meera Shah,9,16,136949.8,43262.18,31.59,5106,3964,5106,4,Low Value
CUST00834,Arjun Shah,11,24,136868.99,25813.94,18.86,5107,5466,5107,4,Low Value
CUST00227,Rohan Nair,7,15,136796.84,23863.72,17.44,5108,5568,5108,4,Low Value
CUST01684,Vivaan Shah,13,19,136773.49,31606.82,23.11,5109,5054,5109,4,Low Value
CUST00309,Meera Singh,8,21,136662.18,23247.26,17.01,5110,5601,5110,4,Low Value
CUST04729,Pooja Shah,9,22,136587.65,27013.21,19.78,5111,5396,5111,4,Low Value
CUST04293,Rohan Deshmukh,10,19,136577.16,33305.62,24.39,5112,4907,5112,4,Low Value
CUST05939,Sneha Deshmukh,11,22,136261.32,38669.81,28.38,5113,4410,5113,4,Low Value
CUST03220,Aarav Nair,11,20,136152.39,36112.66,26.52,5114,4644,5114,4,Low Value
CUST01866,Neha Kumar,8,15,136080.04,23472.64,17.25,5115,5589,5115,4,Low Value
CUST04802,Ananya Kumar,11,23,136074.74,40542.18,29.79,5116,4239,5116,4,Low Value
CUST01017,Isha Joshi,13,30,136045.83,34639.21,25.46,5117,4778,5117,4,Low Value
CUST03670,Rohan Nair,10,18,135952.97,18473.7,13.59,5118,5796,5118,4,Low Value
CUST05544,Amit Sharma,9,26,135952.77,35088.91,25.81,5119,4738,5119,4,Low Value
CUST01645,Vivaan Deshmukh,6,20,135949.12,34004.7,25.01,5120,4848,5120,4,Low Value
CUST03355,Arjun Shah,12,24,135874.37,35157.04,25.87,5121,4729,5121,4,Low Value
CUST04076,Sneha Nair,6,16,135871.39,26150.79,19.25,5122,5451,5122,4,Low Value
CUST03047,Karan Deshmukh,11,24,135851.86,38381.09,28.25,5123,4437,5123,4,Low Value
CUST05375,Pooja Sharma,12,27,135833.32,31370.15,23.09,5124,5076,5124,4,Low Value
CUST04872,Aditya Singh,10,28,135803.93,32071.17,23.62,5125,5004,5125,4,Low Value
CUST00005,Priya Mhaske,10,17,135785.02,32472.5,23.91,5126,4976,5126,4,Low Value
CUST00835,Aditya Deshmukh,9,15,135767.54,42395.94,31.23,5127,4053,5127,4,Low Value
CUST01047,Karan Mhaske,9,20,135643.4,30443.71,22.44,5128,5161,5128,4,Low Value
CUST00175,Amit Gupta,8,20,135530.65,30228.16,22.3,5129,5175,5129,4,Low Value
CUST00375,Aarav Shah,10,23,135525.0,32158.13,23.73,5130,4996,5130,4,Low Value
CUST01382,Kavya Shah,7,17,135514.83,43093.36,31.8,5131,3979,5131,4,Low Value
CUST04116,Vivaan Kumar,10,23,135472.57,26728.35,19.73,5132,5414,5132,4,Low Value
CUST05711,Meera Gupta,9,24,135375.91,29649.09,21.9,5133,5211,5133,4,Low Value
CUST03861,Aditya Verma,10,14,135374.15,26199.89,19.35,5134,5445,5134,4,Low Value
CUST04767,Amit Shah,10,18,135334.1,29591.93,21.87,5135,5216,5135,4,Low Value
CUST05322,Meera Shah,10,24,135329.45,31097.84,22.98,5136,5110,5136,4,Low Value
CUST04759,Sneha Verma,8,17,135252.36,32782.47,24.24,5137,4950,5137,4,Low Value
CUST01731,Pooja Deshmukh,6,14,135228.14,40410.46,29.88,5138,4246,5138,4,Low Value
CUST01261,Arjun Sharma,8,16,135226.32,38560.28,28.52,5139,4423,5139,4,Low Value
CUST01555,Isha Singh,8,20,135028.92,38760.63,28.71,5140,4403,5140,4,Low Value
CUST04717,Pooja Joshi,7,19,135012.6,31252.04,23.15,5141,5094,5141,4,Low Value
CUST04025,Sneha Nair,6,16,134926.21,42641.25,31.6,5142,4024,5142,4,Low Value
CUST02281,Kavya Joshi,7,17,134887.83,37299.15,27.65,5143,4540,5143,4,Low Value
CUST02220,Meera Mehta,8,14,134884.27,38935.31,28.87,5144,4388,5144,4,Low Value
CUST03565,Aditya Shah,11,21,134848.84,31271.52,23.19,5145,5089,5145,4,Low Value
CUST03762,Vivaan Nair,8,17,134848.35,31274.03,23.19,5146,5087,5146,4,Low Value
CUST00135,Priya Gupta,8,18,134817.65,26041.06,19.32,5147,5454,5147,4,Low Value
CUST04272,Vivaan Shah,7,21,134805.44,20661.88,15.33,5148,5720,5148,4,Low Value
CUST05545,Kavya Mhaske,9,18,134765.74,30027.24,22.28,5149,5189,5149,4,Low Value
CUST05755,Sneha Mhaske,11,25,134712.04,34929.73,25.93,5150,4751,5150,4,Low Value
CUST03201,Rohan Sharma,11,22,134607.59,26628.04,19.78,5151,5420,5151,4,Low Value
CUST00616,Neha Singh,13,34,134568.61,31177.65,23.17,5152,5101,5152,4,Low Value
CUST02368,Sneha Nair,10,25,134526.22,36080.77,26.82,5153,4648,5153,4,Low Value
CUST00508,Vivaan Patil,7,12,134516.22,42697.95,31.74,5154,4018,5154,4,Low Value
CUST04957,Karan Gupta,10,18,134491.2,24861.97,18.49,5155,5521,5155,4,Low Value
CUST00329,Aditya Sharma,9,22,134461.11,45133.37,33.57,5156,3755,5156,4,Low Value
CUST01770,Aditya Singh,7,17,134381.84,30980.88,23.05,5157,5124,5157,4,Low Value
CUST03469,Priya Sharma,11,15,134380.09,24958.63,18.57,5158,5515,5158,4,Low Value
CUST02250,Karan Patil,7,20,134342.58,37521.87,27.93,5159,4519,5159,4,Low Value
CUST05525,Aditya Mhaske,9,16,134293.44,32079.82,23.89,5160,5002,5160,4,Low Value
CUST05093,Pooja Shah,8,19,134272.57,22137.89,16.49,5161,5653,5161,4,Low Value
CUST00347,Kavya Mhaske,9,19,134228.65,39728.47,29.6,5162,4306,5162,4,Low Value
CUST04867,Rahul Mehta,8,15,134225.8,34927.07,26.02,5163,4752,5163,4,Low Value
CUST02105,Amit Sharma,8,18,134220.23,35050.68,26.11,5164,4742,5164,4,Low Value
CUST01473,Vivaan Shah,8,17,134160.35,31903.48,23.78,5165,5026,5165,4,Low Value
CUST05181,Rohan Gupta,10,22,134153.67,31372.64,23.39,5166,5075,5166,4,Low Value
CUST04059,Karan Deshmukh,9,17,134142.24,25321.33,18.88,5167,5495,5167,4,Low Value
CUST00507,Priya Verma,8,16,134121.56,32465.41,24.21,5168,4977,5168,4,Low Value
CUST03694,Aditya Verma,15,30,134001.6,35419.72,26.43,5169,4701,5169,4,Low Value
CUST05832,Vivaan Mhaske,14,27,133966.65,25531.85,19.06,5170,5485,5170,4,Low Value
CUST03719,Aarav Singh,11,20,133927.63,29764.86,22.22,5171,5206,5171,4,Low Value
CUST00812,Aditya Kumar,8,19,133883.03,31860.11,23.8,5172,5030,5172,4,Low Value
CUST00376,Priya Joshi,11,21,133779.5,25664.1,19.18,5173,5478,5173,4,Low Value
CUST05892,Sneha Deshmukh,12,28,133697.32,29251.36,21.88,5174,5245,5174,4,Low Value
CUST01543,Pooja Sharma,6,16,133664.68,44252.72,33.11,5175,3846,5175,4,Low Value
CUST05406,Ananya Gupta,12,24,133662.89,35210.12,26.34,5176,4719,5176,4,Low Value
CUST04131,Aditya Deshmukh,10,19,133486.42,19900.46,14.91,5177,5751,5177,4,Low Value
CUST03155,Rahul Mhaske,14,21,133350.14,31818.55,23.86,5178,5034,5178,4,Low Value
CUST03224,Arjun Singh,17,33,133297.67,32983.52,24.74,5179,4930,5179,4,Low Value
CUST02802,Meera Kumar,12,22,133259.02,34192.36,25.66,5180,4828,5180,4,Low Value
CUST02168,Amit Singh,12,21,132961.02,23867.77,17.95,5181,5567,5181,4,Low Value
CUST04168,Sneha Nair,8,20,132958.43,31251.49,23.5,5182,5095,5182,4,Low Value
CUST04093,Isha Nair,9,15,132772.15,42478.53,31.99,5183,4042,5183,4,Low Value
CUST04354,Rohan Patil,5,15,132383.09,39981.18,30.2,5184,4289,5184,4,Low Value
CUST05761,Vivaan Singh,6,13,132354.78,37824.5,28.58,5185,4490,5185,4,Low Value
CUST05746,Karan Verma,7,20,132339.32,28810.58,21.77,5186,5263,5186,4,Low Value
CUST05189,Pooja Deshmukh,12,18,132329.98,36454.64,27.55,5187,4618,5187,4,Low Value
CUST03757,Arjun Joshi,7,13,132216.51,28184.65,21.32,5188,5305,5188,4,Low Value
CUST02971,Priya Singh,9,15,132214.53,35994.94,27.22,5189,4659,5189,4,Low Value
CUST00511,Neha Gupta,9,18,132122.92,22247.46,16.84,5190,5643,5190,4,Low Value
CUST01980,Neha Deshmukh,8,26,132107.78,25250.02,19.11,5191,5501,5191,4,Low Value
CUST04657,Vivaan Singh,8,20,132069.02,41212.67,31.21,5192,4155,5192,4,Low Value
CUST03928,Priya Verma,9,16,131992.99,36255.05,27.47,5193,4634,5193,4,Low Value
CUST05115,Priya Sharma,10,18,131867.21,20140.08,15.27,5194,5744,5194,4,Low Value
CUST00420,Vivaan Deshmukh,13,29,131862.72,29929.35,22.7,5195,5196,5195,4,Low Value
CUST02360,Neha Kumar,12,18,131842.74,29954.49,22.72,5196,5195,5196,4,Low Value
CUST02390,Ananya Kumar,10,19,131817.94,34446.41,26.13,5197,4803,5197,4,Low Value
CUST03915,Aditya Shah,10,14,131809.51,34324.91,26.04,5198,4813,5198,4,Low Value
CUST00024,Sneha Nair,8,16,131584.59,32038.01,24.35,5199,5011,5199,4,Low Value
CUST03323,Ananya Sharma,10,18,131553.02,32752.61,24.9,5200,4951,5200,4,Low Value
CUST02344,Pooja Nair,13,22,131509.0,23544.46,17.9,5201,5587,5201,4,Low Value
CUST01407,Pooja Nair,11,23,131426.36,23603.76,17.96,5202,5579,5202,4,Low Value
CUST03653,Meera Gupta,8,17,131411.74,28226.11,21.48,5203,5303,5203,4,Low Value
CUST01241,Rahul Nair,13,35,131409.26,37464.53,28.51,5204,4526,5204,4,Low Value
CUST03519,Priya Deshmukh,8,20,131405.8,44895.45,34.17,5205,3780,5205,4,Low Value
CUST05488,Pooja Gupta,9,17,131379.28,35333.4,26.89,5206,4710,5206,4,Low Value
CUST01966,Sneha Mehta,8,19,131342.67,23558.62,17.94,5207,5584,5207,4,Low Value
CUST02394,Priya Verma,8,17,131247.8,37550.23,28.61,5208,4514,5208,4,Low Value
CUST05557,Kavya Shah,7,16,131220.91,33607.47,25.61,5209,4883,5209,4,Low Value
CUST05332,Meera Singh,10,25,131162.1,34182.62,26.06,5210,4829,5210,4,Low Value
CUST01344,Amit Shah,8,15,131103.27,37063.3,28.27,5211,4566,5211,4,Low Value
CUST00504,Neha Verma,11,22,131064.68,29393.86,22.43,5212,5234,5212,4,Low Value
CUST00106,Ananya Nair,11,22,131064.59,30573.48,23.33,5213,5153,5213,4,Low Value
CUST00617,Neha Verma,9,23,131055.77,27056.79,20.65,5214,5393,5214,4,Low Value
CUST03268,Ananya Shah,6,15,130926.92,30993.91,23.67,5215,5121,5215,4,Low Value
CUST02292,Priya Kumar,11,25,130862.18,34204.33,26.14,5216,4826,5216,4,Low Value
CUST02248,Kavya Gupta,11,29,130815.8,43069.58,32.92,5217,3981,5217,4,Low Value
CUST05534,Priya Shah,11,21,130726.51,35732.27,27.33,5218,4681,5218,4,Low Value
CUST03609,Rahul Joshi,7,20,130688.09,29965.33,22.93,5219,5193,5219,4,Low Value
CUST00296,Rahul Singh,7,18,130673.56,24192.51,18.51,5220,5550,5220,4,Low Value
CUST05954,Arjun Patil,11,21,130552.76,28127.05,21.54,5221,5310,5221,4,Low Value
CUST00381,Rahul Mehta,10,17,130535.81,34712.38,26.59,5222,4773,5222,4,Low Value
CUST01847,Karan Patil,9,16,130526.54,37069.63,28.4,5223,4565,5223,4,Low Value
CUST00631,Rahul Patil,11,17,130476.23,34836.93,26.7,5224,4764,5224,4,Low Value
CUST00891,Rohan Nair,10,21,130347.02,23299.93,17.88,5225,5600,5225,4,Low Value
CUST01949,Priya Patil,10,22,130297.94,32967.43,25.3,5226,4933,5226,4,Low Value
CUST03127,Kavya Deshmukh,7,20,130282.0,34596.78,26.56,5227,4787,5227,4,Low Value
CUST01216,Pooja Joshi,6,11,130280.48,29013.17,22.27,5228,5255,5228,4,Low Value
CUST05437,Aditya Joshi,11,16,130184.35,26932.83,20.69,5229,5400,5229,4,Low Value
CUST00255,Meera Nair,11,21,130160.59,35355.89,27.16,5230,4708,5230,4,Low Value
CUST04949,Meera Sharma,7,17,130150.93,39100.85,30.04,5231,4372,5231,4,Low Value
CUST01338,Rahul Nair,9,21,130136.22,33809.98,25.98,5232,4867,5232,4,Low Value
CUST02830,Neha Nair,11,19,130115.25,40884.38,31.42,5233,4195,5233,4,Low Value
CUST04466,Aarav Gupta,7,20,130113.91,31240.35,24.01,5234,5099,5234,4,Low Value
CUST05022,Amit Deshmukh,12,21,130078.98,27997.82,21.52,5235,5323,5235,4,Low Value
CUST03070,Rohan Kumar,12,22,130026.77,33481.85,25.75,5236,4893,5236,4,Low Value
CUST01319,Arjun Gupta,14,23,129995.23,32249.48,24.81,5237,4990,5237,4,Low Value
CUST05796,Karan Mehta,8,21,129958.33,28749.43,22.12,5238,5267,5238,4,Low Value
CUST02511,Kavya Mehta,11,17,129896.52,23623.05,18.19,5239,5577,5239,4,Low Value
CUST03824,Karan Kumar,6,13,129746.03,37022.65,28.53,5240,4570,5240,4,Low Value
CUST04103,Pooja Mhaske,6,16,129709.88,28639.42,22.08,5241,5280,5241,4,Low Value
CUST03561,Rahul Patil,12,29,129708.13,30071.28,23.18,5242,5184,5242,4,Low Value
CUST04675,Karan Gupta,12,23,129596.56,32111.88,24.78,5243,4999,5243,4,Low Value
CUST01173,Sneha Joshi,9,18,129581.6,33111.68,25.55,5244,4919,5244,4,Low Value
CUST05010,Vivaan Deshmukh,13,22,129580.86,38430.72,29.66,5245,4434,5245,4,Low Value
CUST01849,Meera Mehta,14,25,129560.28,26794.1,20.68,5246,5411,5246,4,Low Value
CUST03199,Neha Kumar,8,17,129493.52,31566.72,24.38,5247,5059,5247,4,Low Value
CUST01111,Meera Joshi,12,28,129303.68,21445.04,16.59,5248,5685,5248,4,Low Value
CUST00210,Vivaan Nair,10,15,129269.08,33672.86,26.05,5249,4879,5249,4,Low Value
CUST03603,Meera Nair,8,20,129254.39,29328.37,22.69,5250,5239,5250,4,Low Value
CUST04384,Kavya Verma,9,19,129209.77,32533.48,25.18,5251,4969,5251,4,Low Value
CUST03508,Aditya Patil,10,16,129198.25,39997.3,30.96,5252,4285,5252,4,Low Value
CUST02495,Ananya Verma,9,19,129155.56,27976.76,21.66,5253,5326,5253,4,Low Value
CUST02032,Aarav Joshi,9,15,129153.09,33910.88,26.26,5254,4856,5254,4,Low Value
CUST05397,Aarav Deshmukh,10,19,129059.87,37159.23,28.79,5255,4556,5255,4,Low Value
CUST01840,Aditya Gupta,9,22,129037.07,28084.85,21.76,5256,5315,5256,4,Low Value
CUST02299,Isha Nair,11,25,128921.32,29391.45,22.8,5257,5235,5257,4,Low Value
CUST02226,Rahul Patil,10,16,128825.19,38536.23,29.91,5258,4426,5258,4,Low Value
CUST04135,Priya Singh,11,17,128738.5,35410.82,27.51,5259,4702,5259,4,Low Value
CUST01003,Rohan Gupta,7,16,128711.44,33982.81,26.4,5260,4850,5260,4,Low Value
CUST00144,Pooja Joshi,9,16,128647.74,39775.41,30.92,5261,4302,5261,4,Low Value
CUST00299,Neha Mhaske,7,13,128597.95,34476.19,26.81,5262,4801,5262,4,Low Value
CUST00445,Karan Mhaske,14,27,128561.25,28068.5,21.83,5263,5317,5263,4,Low Value
CUST02260,Isha Sharma,10,15,128510.08,29046.35,22.6,5264,5253,5264,4,Low Value
CUST04137,Isha Deshmukh,12,23,128425.68,30068.79,23.41,5265,5185,5265,4,Low Value
CUST03695,Arjun Mehta,7,16,128400.4,22029.48,17.16,5266,5658,5266,4,Low Value
CUST04255,Amit Sharma,11,27,128312.18,28035.38,21.85,5267,5321,5267,4,Low Value
CUST02669,Ananya Kumar,10,21,128307.52,30886.33,24.07,5268,5132,5268,4,Low Value
CUST02535,Pooja Patil,10,18,128284.55,34578.79,26.95,5269,4788,5269,4,Low Value
CUST01190,Sneha Kumar,7,16,128245.48,21425.96,16.71,5270,5687,5270,4,Low Value
CUST05386,Rohan Deshmukh,11,22,128039.15,36999.69,28.9,5271,4574,5271,4,Low Value
CUST01466,Karan Kumar,8,19,127975.16,38377.32,29.99,5272,4438,5272,4,Low Value
CUST02095,Ananya Mhaske,11,17,127953.42,33759.74,26.38,5273,4872,5273,4,Low Value
CUST05752,Rahul Deshmukh,12,25,127887.28,23557.73,18.42,5274,5585,5274,4,Low Value
CUST01266,Isha Singh,8,15,127793.83,30154.84,23.6,5275,5181,5275,4,Low Value
CUST02403,Meera Gupta,12,22,127746.87,31327.6,24.52,5276,5081,5276,4,Low Value
CUST03377,Arjun Shah,11,20,127637.52,31423.23,24.62,5277,5071,5277,4,Low Value
CUST02996,Arjun Deshmukh,9,18,127563.01,25979.38,20.37,5278,5458,5278,4,Low Value
CUST00710,Priya Nair,10,18,127562.37,38290.76,30.02,5279,4450,5279,4,Low Value
CUST00273,Rohan Shah,9,18,127450.35,40357.11,31.66,5280,4253,5280,4,Low Value
CUST03010,Karan Sharma,8,20,127448.96,28305.56,22.21,5281,5300,5281,4,Low Value
CUST00829,Rahul Nair,8,17,127444.22,28463.32,22.33,5282,5293,5282,4,Low Value
CUST03066,Priya Mehta,6,22,127339.92,28155.03,22.11,5283,5307,5283,4,Low Value
CUST03981,Karan Nair,8,16,127294.1,23842.16,18.73,5284,5571,5284,4,Low Value
CUST04516,Priya Singh,9,20,127201.43,24261.21,19.07,5285,5546,5285,4,Low Value
CUST02143,Aarav Nair,7,18,127181.93,24758.13,19.47,5286,5523,5286,4,Low Value
CUST01026,Kavya Verma,10,21,127177.05,34174.3,26.87,5287,4830,5287,4,Low Value
CUST02418,Aditya Joshi,10,22,127041.55,27666.54,21.78,5288,5354,5288,4,Low Value
CUST01838,Ananya Deshmukh,8,24,127039.99,27614.08,21.74,5289,5359,5289,4,Low Value
CUST01413,Sneha Verma,7,19,126986.35,24514.35,19.3,5290,5540,5290,4,Low Value
CUST00084,Amit Gupta,6,13,126958.32,34971.15,27.55,5291,4746,5291,4,Low Value
CUST05219,Rahul Singh,12,18,126945.54,26580.75,20.94,5292,5423,5292,4,Low Value
CUST03978,Ananya Deshmukh,5,12,126919.6,34619.35,27.28,5293,4784,5293,4,Low Value
CUST05873,Sneha Kumar,10,18,126892.15,19436.87,15.32,5294,5774,5294,4,Low Value
CUST00148,Sneha Shah,11,18,126875.66,30543.15,24.07,5295,5155,5295,4,Low Value
CUST05255,Meera Patil,8,18,126817.04,34482.14,27.19,5296,4799,5296,4,Low Value
CUST02473,Pooja Verma,10,28,126793.07,41613.76,32.82,5297,4118,5297,4,Low Value
CUST00983,Rohan Gupta,11,25,126767.78,36339.43,28.67,5298,4624,5298,4,Low Value
CUST03158,Kavya Mehta,10,22,126665.44,15207.01,12.01,5299,5891,5299,4,Low Value
CUST03330,Meera Deshmukh,13,20,126573.96,31545.23,24.92,5300,5064,5300,4,Low Value
CUST01799,Neha Shah,10,22,126511.38,30895.12,24.42,5301,5131,5301,4,Low Value
CUST05393,Karan Sharma,9,21,126490.97,33133.3,26.19,5302,4916,5302,4,Low Value
CUST01518,Vivaan Singh,14,30,126490.55,21390.64,16.91,5303,5689,5303,4,Low Value
CUST05475,Amit Mehta,12,21,126472.63,32844.44,25.97,5304,4945,5304,4,Low Value
CUST02676,Vivaan Kumar,9,17,126429.46,27297.12,21.59,5305,5376,5305,4,Low Value
CUST03498,Priya Gupta,9,19,126416.86,30532.63,24.15,5306,5156,5306,4,Low Value
CUST01767,Arjun Sharma,10,19,126371.54,29645.72,23.46,5307,5212,5307,4,Low Value
CUST03213,Vivaan Singh,9,29,126266.27,34148.84,27.05,5308,4833,5308,4,Low Value
CUST02443,Aarav Verma,8,16,126227.16,33929.13,26.88,5309,4854,5309,4,Low Value
CUST03621,Neha Mehta,11,16,126215.28,25038.22,19.84,5310,5510,5310,4,Low Value
CUST02011,Sneha Sharma,11,17,126178.39,34167.67,27.08,5311,4831,5311,4,Low Value
CUST02401,Aarav Patil,8,18,126126.39,36901.12,29.26,5312,4578,5312,4,Low Value
CUST04456,Aditya Patil,11,19,126008.17,33059.62,26.24,5313,4924,5313,4,Low Value
CUST03706,Amit Singh,11,15,126007.24,30043.24,23.84,5314,5187,5314,4,Low Value
CUST03216,Arjun Joshi,11,21,125821.06,27161.55,21.59,5315,5386,5315,4,Low Value
CUST05598,Pooja Patil,10,17,125766.17,41684.6,33.14,5316,4112,5316,4,Low Value
CUST02554,Meera Patil,9,20,125754.49,34785.54,27.66,5317,4766,5317,4,Low Value
CUST01379,Aarav Nair,8,15,125697.73,24572.26,19.55,5318,5534,5318,4,Low Value
CUST00792,Amit Shah,6,15,125536.5,21371.54,17.02,5319,5692,5319,4,Low Value
CUST03134,Sneha Gupta,11,21,125372.68,28514.43,22.74,5320,5290,5320,4,Low Value
CUST01696,Priya Mehta,9,20,125364.36,37853.82,30.2,5321,4487,5321,4,Low Value
CUST01282,Rahul Sharma,9,16,125294.32,27836.47,22.22,5322,5337,5322,4,Low Value
CUST03834,Neha Kumar,10,15,125270.87,26219.14,20.93,5323,5440,5323,4,Low Value
CUST03794,Kavya Patil,15,24,125141.29,31897.06,25.49,5324,5027,5324,4,Low Value
CUST03598,Karan Mhaske,12,25,125057.99,21804.63,17.44,5325,5664,5325,4,Low Value
CUST03996,Rahul Nair,11,20,125018.31,23968.15,19.17,5326,5562,5326,4,Low Value
CUST00647,Neha Verma,11,21,124997.18,33126.74,26.5,5327,4918,5327,4,Low Value
CUST05190,Sneha Patil,8,19,124996.46,24521.08,19.62,5328,5539,5328,4,Low Value
CUST00730,Sneha Gupta,4,11,124808.48,16473.44,13.2,5329,5857,5329,4,Low Value
CUST04031,Kavya Nair,11,30,124722.17,25724.75,20.63,5330,5476,5330,4,Low Value
CUST03933,Aarav Singh,9,15,124433.34,33872.19,27.22,5331,4859,5331,4,Low Value
CUST01325,Karan Sharma,11,17,124311.98,38632.71,31.08,5332,4413,5332,4,Low Value
CUST03430,Karan Mehta,11,21,124242.24,28390.11,22.85,5333,5296,5333,4,Low Value
CUST03176,Neha Joshi,10,17,124174.93,32484.74,26.16,5334,4974,5334,4,Low Value
CUST02583,Arjun Patil,12,22,124165.81,27260.34,21.95,5335,5378,5335,4,Low Value
CUST04492,Kavya Mhaske,15,30,124140.66,27300.08,21.99,5336,5375,5336,4,Low Value
CUST01887,Aditya Kumar,10,22,124090.0,14110.09,11.37,5337,5911,5337,4,Low Value
CUST00793,Ananya Sharma,8,22,124027.48,18281.3,14.74,5338,5809,5338,4,Low Value
CUST03733,Priya Gupta,11,22,123909.05,25514.44,20.59,5339,5486,5339,4,Low Value
CUST05831,Rahul Nair,11,17,123861.71,32160.32,25.96,5340,4995,5340,4,Low Value
CUST00729,Sneha Patil,9,16,123749.75,31317.43,25.31,5341,5083,5341,4,Low Value
CUST01182,Rohan Verma,13,29,123636.6,24928.95,20.16,5342,5517,5342,4,Low Value
CUST04979,Arjun Patil,15,28,123619.37,30804.24,24.92,5343,5140,5343,4,Low Value
CUST00819,Rahul Joshi,8,15,123618.95,23439.99,18.96,5344,5590,5344,4,Low Value
CUST01889,Vivaan Mehta,8,18,123576.32,26425.2,21.38,5345,5432,5345,4,Low Value
CUST00919,Sneha Joshi,12,18,123465.02,38530.68,31.21,5346,4427,5346,4,Low Value
CUST05816,Karan Kumar,10,23,123420.48,31141.41,25.23,5347,5106,5347,4,Low Value
CUST02370,Arjun Joshi,10,24,123350.05,39376.34,31.92,5348,4344,5348,4,Low Value
CUST02140,Priya Nair,8,21,123345.21,30352.93,24.61,5349,5170,5349,4,Low Value
CUST03907,Vivaan Kumar,14,28,123327.9,35698.63,28.95,5350,4685,5350,4,Low Value
CUST04941,Karan Mehta,13,33,123314.81,26879.9,21.8,5351,5403,5351,4,Low Value
CUST01806,Isha Gupta,7,19,123272.8,33096.77,26.85,5352,4920,5352,4,Low Value
CUST05812,Vivaan Nair,9,20,123236.67,32494.16,26.37,5353,4973,5353,4,Low Value
CUST04604,Aditya Patil,9,19,123234.47,21370.75,17.34,5354,5693,5354,4,Low Value
CUST00671,Meera Joshi,9,14,123118.16,28102.13,22.83,5355,5313,5355,4,Low Value
CUST02397,Neha Patil,7,17,123090.95,29281.25,23.79,5356,5242,5356,4,Low Value
CUST00653,Priya Deshmukh,9,17,123084.08,30155.54,24.5,5357,5180,5357,4,Low Value
CUST01174,Rahul Patil,8,16,122930.21,24609.24,20.02,5358,5532,5358,4,Low Value
CUST04786,Isha Joshi,10,23,122900.96,29871.28,24.31,5359,5197,5359,4,Low Value
CUST01020,Aarav Kumar,8,17,122859.92,37109.25,30.2,5360,4558,5360,4,Low Value
CUST02728,Arjun Mehta,10,24,122821.13,21267.41,17.32,5361,5697,5361,4,Low Value
CUST04489,Karan Patil,9,24,122732.27,22618.76,18.43,5362,5625,5362,4,Low Value
CUST03286,Ananya Gupta,12,22,122697.25,21951.89,17.89,5363,5661,5363,4,Low Value
CUST04235,Arjun Verma,11,19,122667.09,31410.16,25.61,5364,5073,5364,4,Low Value
CUST04341,Pooja Gupta,5,11,122609.28,26655.01,21.74,5365,5417,5365,4,Low Value
CUST05851,Priya Singh,10,24,122493.02,30577.68,24.96,5366,5152,5366,4,Low Value
CUST02967,Karan Deshmukh,9,15,122460.0,20425.05,16.68,5367,5730,5367,4,Low Value
CUST02097,Rohan Verma,8,26,122387.19,32572.13,26.61,5368,4965,5368,4,Low Value
CUST02837,Kavya Mehta,9,16,122275.36,26205.74,21.43,5369,5444,5369,4,Low Value
CUST01647,Isha Patil,5,14,122211.88,31948.63,26.14,5370,5021,5370,4,Low Value
CUST00163,Aarav Nair,8,14,122158.68,33512.79,27.43,5371,4891,5371,4,Low Value
CUST02510,Arjun Kumar,10,18,122118.83,29516.98,24.17,5372,5222,5372,4,Low Value
CUST01411,Kavya Deshmukh,10,21,121985.11,31598.19,25.9,5373,5055,5373,4,Low Value
CUST05595,Rohan Gupta,12,16,121965.35,29522.21,24.21,5374,5220,5374,4,Low Value
CUST02538,Isha Sharma,14,27,121941.58,32450.09,26.61,5375,4979,5375,4,Low Value
CUST05705,Meera Deshmukh,10,16,121870.03,25084.1,20.58,5376,5508,5376,4,Low Value
CUST01772,Amit Deshmukh,9,16,121776.45,29112.33,23.91,5377,5252,5377,4,Low Value
CUST02037,Rohan Singh,9,18,121753.81,31266.66,25.68,5378,5091,5378,4,Low Value
CUST01830,Karan Verma,10,21,121715.57,22072.13,18.13,5379,5655,5379,4,Low Value
CUST00206,Pooja Verma,10,29,121533.26,28549.98,23.49,5380,5289,5380,4,Low Value
CUST05127,Karan Verma,8,16,121518.95,22309.33,18.36,5381,5642,5381,4,Low Value
CUST04899,Neha Mehta,8,16,121472.4,27983.05,23.04,5382,5325,5382,4,Low Value
CUST00252,Isha Mhaske,12,24,121375.68,33226.22,27.37,5383,4909,5383,4,Low Value
CUST01703,Neha Singh,7,19,121365.02,28136.92,23.18,5384,5308,5384,4,Low Value
CUST00917,Neha Shah,11,23,121363.49,22607.74,18.63,5385,5627,5385,4,Low Value
CUST02883,Aditya Deshmukh,11,23,121345.29,28641.25,23.6,5386,5278,5386,4,Low Value
CUST04852,Aditya Mhaske,10,24,121329.6,20188.35,16.64,5387,5741,5387,4,Low Value
CUST00218,Priya Verma,11,18,121293.55,27880.75,22.99,5388,5336,5388,4,Low Value
CUST05560,Rahul Mhaske,10,24,121189.48,26419.71,21.8,5389,5433,5389,4,Low Value
CUST05002,Kavya Joshi,7,13,121150.55,31045.78,25.63,5390,5116,5390,4,Low Value
CUST01505,Rohan Shah,10,20,121048.06,15591.06,12.88,5391,5883,5391,4,Low Value
CUST02919,Vivaan Sharma,8,19,121035.27,27574.07,22.78,5392,5363,5392,4,Low Value
CUST04153,Vivaan Patil,12,22,120929.22,29492.84,24.39,5393,5226,5393,4,Low Value
CUST05642,Priya Patil,10,16,120877.61,36686.32,30.35,5394,4598,5394,4,Low Value
CUST04389,Ananya Mhaske,10,21,120853.69,20746.75,17.17,5395,5716,5395,4,Low Value
CUST03494,Aditya Singh,6,13,120831.65,25730.69,21.29,5396,5475,5396,4,Low Value
CUST02711,Pooja Kumar,9,16,120827.33,31303.41,25.91,5397,5084,5397,4,Low Value
CUST02410,Aarav Mehta,9,17,120687.55,23979.5,19.87,5398,5560,5398,4,Low Value
CUST02877,Sneha Sharma,9,19,120394.87,22410.14,18.61,5399,5638,5399,4,Low Value
CUST05784,Priya Singh,9,19,120258.71,32040.67,26.64,5400,5010,5400,4,Low Value
CUST01051,Sneha Sharma,10,21,120252.98,31038.27,25.81,5401,5117,5401,4,Low Value
CUST04408,Neha Joshi,11,20,120239.71,26875.11,22.35,5402,5404,5402,4,Low Value
CUST05753,Karan Sharma,9,15,120170.3,39616.09,32.97,5403,4320,5403,4,Low Value
CUST00078,Pooja Nair,11,26,120114.95,22167.76,18.46,5404,5651,5404,4,Low Value
CUST00416,Aarav Deshmukh,8,21,120112.86,29400.51,24.48,5405,5233,5405,4,Low Value
CUST04191,Pooja Patil,9,27,119932.12,37686.64,31.42,5406,4500,5406,4,Low Value
CUST05878,Rohan Sharma,10,17,119912.06,29452.77,24.56,5407,5228,5407,4,Low Value
CUST00393,Ananya Mehta,12,24,119783.94,28214.9,23.55,5408,5304,5408,4,Low Value
CUST04640,Vivaan Sharma,7,14,119729.28,33977.65,28.38,5409,4851,5409,4,Low Value
CUST05896,Pooja Mhaske,9,23,119717.45,33572.93,28.04,5410,4885,5410,4,Low Value
CUST04965,Pooja Verma,9,15,119638.09,32592.22,27.24,5411,4964,5411,4,Low Value
CUST05188,Sneha Deshmukh,10,17,119517.0,27019.01,22.61,5412,5394,5412,4,Low Value
CUST04928,Vivaan Gupta,17,23,119478.06,27811.39,23.28,5413,5339,5413,4,Low Value
CUST01797,Priya Patil,7,16,119430.57,32797.74,27.46,5414,4949,5414,4,Low Value
CUST03976,Priya Singh,7,19,119424.26,12304.02,10.3,5415,5944,5415,4,Low Value
CUST05364,Rohan Gupta,8,18,119423.58,27469.09,23.0,5416,5367,5416,4,Low Value
CUST01136,Rahul Gupta,9,21,119415.33,31826.69,26.65,5417,5033,5417,4,Low Value
CUST00339,Karan Kumar,10,17,119383.42,29746.18,24.92,5418,5207,5418,4,Low Value
CUST04415,Karan Mhaske,10,20,119335.78,30301.43,25.39,5419,5173,5419,4,Low Value
CUST00438,Aditya Mhaske,9,19,119206.37,24165.47,20.27,5420,5551,5420,4,Low Value
CUST00421,Pooja Kumar,9,26,119055.84,25172.13,21.14,5421,5505,5421,4,Low Value
CUST03177,Meera Nair,14,22,118988.37,26783.57,22.51,5422,5412,5422,4,Low Value
CUST01249,Rohan Verma,7,18,118980.91,30413.08,25.56,5423,5163,5423,4,Low Value
CUST00026,Arjun Sharma,11,15,118871.62,26368.21,22.18,5424,5437,5424,4,Low Value
CUST03044,Rohan Sharma,8,15,118806.78,42777.12,36.01,5425,4012,5425,4,Low Value
CUST00690,Rohan Patil,11,33,118722.28,31245.32,26.32,5426,5097,5426,4,Low Value
CUST03119,Aarav Verma,12,28,118718.56,34084.29,28.71,5427,4840,5427,4,Low Value
CUST01943,Meera Deshmukh,9,17,118699.32,27665.65,23.31,5428,5355,5428,4,Low Value
CUST05636,Neha Verma,8,13,118670.3,36507.93,30.76,5429,4613,5429,4,Low Value
CUST00066,Rahul Sharma,10,16,118486.05,25290.79,21.34,5430,5498,5430,4,Low Value
CUST01181,Priya Singh,10,19,118362.2,35633.11,30.11,5431,4688,5431,4,Low Value
CUST03300,Sneha Singh,8,17,118349.46,32506.21,27.47,5432,4971,5432,4,Low Value
CUST04643,Amit Verma,15,30,118270.12,24255.0,20.51,5433,5547,5433,4,Low Value
CUST00003,Sneha Mehta,4,10,118194.66,30843.46,26.1,5434,5134,5434,4,Low Value
CUST04560,Sneha Sharma,9,19,118089.89,26491.85,22.43,5435,5426,5435,4,Low Value
CUST00839,Ananya Sharma,10,17,118026.93,29847.23,25.29,5436,5200,5436,4,Low Value
CUST04380,Meera Singh,11,17,117880.29,33504.3,28.42,5437,4892,5437,4,Low Value
CUST04403,Vivaan Joshi,12,30,117876.67,27959.93,23.72,5438,5331,5438,4,Low Value
CUST00956,Arjun Patil,10,20,117815.06,20248.0,17.19,5439,5740,5439,4,Low Value
CUST00016,Pooja Shah,10,21,117793.46,27973.36,23.75,5440,5328,5440,4,Low Value
CUST04906,Meera Patil,8,13,117771.62,19531.51,16.58,5441,5770,5441,4,Low Value
CUST01690,Rahul Verma,14,25,117754.94,34880.05,29.62,5442,4761,5442,4,Low Value
CUST00471,Pooja Patil,7,15,117733.66,28135.05,23.9,5443,5309,5443,4,Low Value
CUST04645,Priya Deshmukh,12,23,117613.7,25815.12,21.95,5444,5465,5444,4,Low Value
CUST01487,Aditya Joshi,5,14,117482.21,27131.7,23.09,5445,5387,5445,4,Low Value
CUST04148,Aarav Patil,12,27,117452.19,27243.73,23.2,5446,5380,5446,4,Low Value
CUST04715,Ananya Mhaske,9,20,117429.44,30585.93,26.05,5447,5151,5447,4,Low Value
CUST04666,Neha Mhaske,9,20,117369.05,19797.44,16.87,5448,5756,5448,4,Low Value
CUST00258,Karan Verma,10,15,117241.9,22996.83,19.61,5449,5607,5449,4,Low Value
CUST02149,Isha Gupta,10,20,117240.81,26794.24,22.85,5450,5410,5450,4,Low Value
CUST02961,Karan Sharma,5,12,117175.37,21928.86,18.71,5451,5662,5451,4,Low Value
CUST02326,Pooja Mehta,7,13,117069.92,24372.04,20.82,5452,5542,5452,4,Low Value
CUST01707,Isha Sharma,8,19,117027.96,27017.15,23.09,5453,5395,5453,4,Low Value
CUST02100,Karan Mehta,12,26,117004.34,24946.01,21.32,5454,5516,5454,4,Low Value
CUST01451,Meera Mehta,9,22,116990.02,26053.43,22.27,5455,5453,5455,4,Low Value
CUST00870,Arjun Verma,6,14,116825.32,30817.14,26.38,5456,5138,5456,4,Low Value
CUST02944,Karan Patil,5,13,116812.75,32955.68,28.21,5457,4935,5457,4,Low Value
CUST02440,Arjun Joshi,11,31,116799.15,34559.55,29.59,5458,4792,5458,4,Low Value
CUST03663,Vivaan Verma,7,16,116615.42,39034.47,33.47,5459,4378,5459,4,Low Value
CUST04007,Karan Mehta,10,14,116609.93,26118.22,22.4,5460,5452,5460,4,Low Value
CUST01359,Sneha Mehta,7,16,116601.39,26439.49,22.68,5461,5430,5461,4,Low Value
CUST02767,Pooja Kumar,5,11,116334.79,31465.23,27.05,5462,5067,5462,4,Low Value
CUST01375,Ananya Nair,9,22,116296.52,31245.49,26.87,5463,5096,5463,4,Low Value
CUST05950,Aditya Singh,8,15,116205.64,29235.43,25.16,5464,5247,5464,4,Low Value
CUST02847,Vivaan Singh,4,11,116163.61,34043.65,29.31,5465,4843,5465,4,Low Value
CUST04097,Neha Nair,7,12,116100.24,37337.97,32.16,5466,4536,5466,4,Low Value
CUST03881,Priya Nair,8,19,115968.18,23899.9,20.61,5467,5565,5467,4,Low Value
CUST02686,Karan Joshi,7,13,115939.58,22668.92,19.55,5468,5621,5468,4,Low Value
CUST00321,Isha Gupta,8,15,115811.8,31047.65,26.81,5469,5115,5469,4,Low Value
CUST01925,Isha Verma,9,13,115791.52,30646.98,26.47,5470,5150,5470,4,Low Value
CUST03181,Meera Sharma,9,18,115771.23,27178.46,23.48,5471,5385,5471,4,Low Value
CUST05622,Kavya Shah,11,20,115677.27,29611.27,25.6,5472,5214,5472,4,Low Value
CUST01043,Arjun Verma,11,29,115636.91,27573.78,23.85,5473,5364,5473,4,Low Value
CUST02004,Arjun Sharma,11,27,115626.28,29580.15,25.58,5474,5217,5474,4,Low Value
CUST03185,Arjun Nair,7,12,115581.96,33694.41,29.15,5475,4878,5475,4,Low Value
CUST01470,Sneha Deshmukh,8,17,115483.88,25952.52,22.47,5476,5461,5476,4,Low Value
CUST01346,Isha Joshi,8,16,115481.93,20013.46,17.33,5477,5749,5477,4,Low Value
CUST04156,Ananya Verma,11,26,115479.91,27682.51,23.97,5478,5351,5478,4,Low Value
CUST04525,Amit Kumar,14,32,115333.01,27216.68,23.6,5479,5382,5479,4,Low Value
CUST04041,Pooja Verma,14,26,115308.42,31679.66,27.47,5480,5048,5480,4,Low Value
CUST03858,Kavya Sharma,11,24,115177.24,21386.49,18.57,5481,5690,5481,4,Low Value
CUST05104,Kavya Patil,12,21,115150.52,23780.06,20.65,5482,5574,5482,4,Low Value
CUST01147,Meera Deshmukh,11,19,115140.59,27401.83,23.8,5483,5371,5483,4,Low Value
CUST00976,Aditya Patil,12,19,115088.59,22530.06,19.58,5484,5632,5484,4,Low Value
CUST02145,Rahul Shah,10,21,115035.1,34104.38,29.65,5485,4839,5485,4,Low Value
CUST01398,Amit Singh,8,17,114957.81,27395.79,23.83,5486,5372,5486,4,Low Value
CUST00406,Arjun Joshi,8,11,114766.56,28061.02,24.45,5487,5319,5487,4,Low Value
CUST01612,Kavya Singh,14,20,114697.97,25784.58,22.48,5488,5468,5488,4,Low Value
CUST05007,Rohan Kumar,8,18,114697.24,25020.07,21.81,5489,5513,5489,4,Low Value
CUST00659,Aarav Verma,9,16,114636.79,33519.8,29.24,5490,4890,5490,4,Low Value
CUST04804,Amit Sharma,10,14,114526.55,29231.36,25.52,5491,5248,5491,4,Low Value
CUST03659,Amit Verma,6,13,114359.3,33413.83,29.22,5492,4899,5492,4,Low Value
CUST00191,Aarav Mhaske,10,26,114341.72,23856.22,20.86,5493,5570,5493,4,Low Value
CUST00848,Kavya Nair,11,23,114257.84,25721.78,22.51,5494,5477,5494,4,Low Value
CUST04543,Sneha Mhaske,8,22,114078.64,28064.77,24.6,5495,5318,5495,4,Low Value
CUST01220,Vivaan Singh,10,16,114062.23,32018.32,28.07,5496,5013,5496,4,Low Value
CUST01066,Kavya Mehta,10,20,114047.45,23438.88,20.55,5497,5591,5497,4,Low Value
CUST02377,Priya Singh,9,14,113909.64,24700.49,21.68,5498,5526,5498,4,Low Value
CUST02656,Neha Sharma,6,15,113811.85,25489.28,22.4,5499,5488,5499,4,Low Value
CUST04737,Kavya Shah,7,14,113804.3,21662.05,19.03,5500,5667,5500,4,Low Value
CUST03092,Aditya Mhaske,8,17,113775.46,24304.85,21.36,5501,5545,5501,4,Low Value
CUST02670,Arjun Mhaske,9,18,113759.55,29986.59,26.36,5502,5192,5502,4,Low Value
CUST00943,Meera Sharma,11,19,113726.2,21567.53,18.96,5503,5674,5503,4,Low Value
CUST04336,Neha Patil,10,19,113696.46,17660.13,15.53,5504,5832,5504,4,Low Value
CUST02569,Rahul Gupta,9,18,113476.87,22854.45,20.14,5505,5614,5505,4,Low Value
CUST01803,Arjun Shah,9,16,113471.43,19933.84,17.57,5506,5750,5506,4,Low Value
CUST05292,Aarav Mhaske,8,14,113443.04,22182.23,19.55,5507,5649,5507,4,Low Value
CUST01330,Aditya Singh,10,22,113405.3,29284.57,25.82,5508,5240,5508,4,Low Value
CUST03967,Neha Mhaske,11,16,113381.63,30908.64,27.26,5509,5130,5509,4,Low Value
CUST00950,Aarav Nair,6,14,113358.47,41347.81,36.48,5510,4135,5510,4,Low Value
CUST00953,Arjun Sharma,7,16,113329.2,24755.7,21.84,5511,5524,5511,4,Low Value
CUST05859,Isha Gupta,10,20,113304.01,31562.25,27.86,5512,5060,5512,4,Low Value
CUST03943,Neha Deshmukh,10,21,112993.36,30986.12,27.42,5513,5123,5513,4,Low Value
CUST01657,Arjun Verma,9,24,112964.6,23927.55,21.18,5514,5563,5514,4,Low Value
CUST02458,Aditya Mehta,7,19,112941.55,21371.84,18.92,5515,5691,5515,4,Low Value
CUST05920,Priya Mhaske,11,18,112843.29,32269.05,28.6,5516,4989,5516,4,Low Value
CUST03371,Rohan Sharma,7,16,112813.4,25026.93,22.18,5517,5511,5517,4,Low Value
CUST01791,Meera Singh,7,16,112783.01,17188.89,15.24,5518,5843,5518,4,Low Value
CUST05877,Priya Deshmukh,10,15,112763.04,22712.46,20.14,5519,5619,5519,4,Low Value
CUST04027,Priya Sharma,8,26,112715.75,24981.19,22.16,5520,5514,5520,4,Low Value
CUST04907,Rohan Joshi,8,15,112630.2,25964.13,23.05,5521,5459,5521,4,Low Value
CUST01122,Vivaan Gupta,8,15,112518.72,37245.81,33.1,5522,4546,5522,4,Low Value
CUST00052,Kavya Mhaske,8,15,112428.76,27709.03,24.65,5523,5349,5523,4,Low Value
CUST05966,Priya Gupta,10,24,112411.35,18224.91,16.21,5524,5811,5524,4,Low Value
CUST00887,Karan Gupta,9,13,112364.79,26345.2,23.45,5525,5438,5525,4,Low Value
CUST05106,Sneha Nair,11,23,112356.49,31021.84,27.61,5526,5118,5526,4,Low Value
CUST05983,Rohan Joshi,7,15,112271.93,17683.47,15.75,5527,5830,5527,4,Low Value
CUST05935,Kavya Mhaske,10,18,112230.51,33031.9,29.43,5528,4926,5528,4,Low Value
CUST04132,Priya Nair,8,13,112208.21,25291.87,22.54,5529,5497,5529,4,Low Value
CUST04428,Rohan Singh,11,23,112171.19,20686.05,18.44,5530,5719,5530,4,Low Value
CUST02815,Karan Verma,7,17,112107.5,22943.2,20.47,5531,5611,5531,4,Low Value
CUST04958,Pooja Nair,8,13,111908.85,23897.75,21.35,5532,5566,5532,4,Low Value
CUST05858,Amit Nair,5,15,111746.09,22431.65,20.07,5533,5636,5533,4,Low Value
CUST05183,Aditya Patil,6,16,111627.73,25996.6,23.29,5534,5456,5534,4,Low Value
CUST00896,Rohan Mhaske,10,19,111524.96,24661.43,22.11,5535,5530,5535,4,Low Value
CUST05409,Aditya Shah,7,12,111489.51,25261.91,22.66,5536,5499,5536,4,Low Value
CUST03264,Neha Verma,7,17,111369.82,23351.85,20.97,5537,5598,5537,4,Low Value
CUST00772,Vivaan Kumar,11,25,111352.02,22225.31,19.96,5538,5644,5538,4,Low Value
CUST01760,Amit Shah,10,19,111343.92,25502.26,22.9,5539,5487,5539,4,Low Value
CUST01829,Kavya Gupta,8,13,111341.13,25586.3,22.98,5540,5480,5540,4,Low Value
CUST01355,Ananya Mehta,9,21,111085.36,24155.16,21.74,5541,5553,5541,4,Low Value
CUST03747,Vivaan Singh,7,13,111040.75,30934.9,27.86,5542,5127,5542,4,Low Value
CUST03549,Arjun Mhaske,11,22,110964.29,23387.49,21.08,5543,5594,5543,4,Low Value
CUST04248,Priya Sharma,9,15,110848.38,25735.58,23.22,5544,5473,5544,4,Low Value
CUST00805,Arjun Kumar,8,18,110845.53,18295.82,16.51,5545,5808,5545,4,Low Value
CUST00318,Kavya Shah,10,14,110749.32,27750.77,25.06,5546,5346,5546,4,Low Value
CUST00635,Rohan Sharma,7,17,110649.02,16859.95,15.24,5547,5852,5547,4,Low Value
CUST02621,Meera Sharma,5,12,110555.48,18707.88,16.92,5548,5791,5548,4,Low Value
CUST00434,Meera Mhaske,9,15,110451.76,23497.93,21.27,5549,5588,5549,4,Low Value
CUST04683,Rahul Kumar,9,21,110396.17,17828.24,16.15,5550,5826,5550,4,Low Value
CUST02026,Rohan Kumar,9,17,110356.37,32637.04,29.57,5551,4960,5551,4,Low Value
CUST03684,Sneha Mhaske,6,20,110300.6,14519.13,13.16,5552,5906,5552,4,Low Value
CUST00743,Rahul Mehta,6,13,110269.99,26186.75,23.75,5553,5447,5553,4,Low Value
CUST05128,Amit Joshi,9,15,109937.9,23594.36,21.46,5554,5580,5554,4,Low Value
CUST02863,Vivaan Joshi,6,12,109908.96,30341.06,27.61,5555,5171,5555,4,Low Value
CUST03173,Aditya Shah,11,19,109858.15,30780.01,28.02,5556,5141,5556,4,Low Value
CUST04639,Isha Singh,7,13,109774.74,26218.97,23.88,5557,5441,5557,4,Low Value
CUST01388,Sneha Mehta,12,25,109769.1,29848.53,27.19,5558,5199,5558,4,Low Value
CUST00415,Isha Mhaske,8,19,109209.57,22958.26,21.02,5559,5609,5559,4,Low Value
CUST03821,Karan Singh,11,24,109065.42,28012.3,25.68,5560,5322,5560,4,Low Value
CUST05472,Ananya Joshi,10,20,108986.11,24198.19,22.2,5561,5548,5561,4,Low Value
CUST05122,Amit Mhaske,9,14,108899.87,20380.2,18.71,5562,5733,5562,4,Low Value
CUST04356,Aarav Sharma,8,13,108782.34,26766.54,24.61,5563,5413,5563,4,Low Value
CUST02643,Karan Mehta,8,22,108589.19,36410.86,33.53,5564,4620,5564,4,Low Value
CUST05953,Meera Verma,5,18,108542.82,23353.14,21.52,5565,5597,5565,4,Low Value
CUST01213,Vivaan Sharma,5,15,108499.76,27211.7,25.08,5566,5383,5566,4,Low Value
CUST05957,Priya Mhaske,13,28,108410.33,21296.78,19.64,5567,5696,5567,4,Low Value
CUST02625,Aarav Joshi,10,16,108322.67,24775.22,22.87,5568,5522,5568,4,Low Value
CUST01649,Ananya Singh,7,19,108256.38,27976.43,25.84,5569,5327,5569,4,Low Value
CUST00691,Ananya Joshi,7,21,108161.24,19486.45,18.02,5570,5772,5570,4,Low Value
CUST01057,Priya Shah,7,16,108062.7,16041.89,14.84,5571,5868,5571,4,Low Value
CUST01891,Pooja Mhaske,11,20,108048.33,26589.96,24.61,5572,5422,5572,4,Low Value
CUST05465,Priya Gupta,9,16,107873.75,18696.26,17.33,5573,5792,5573,4,Low Value
CUST02687,Pooja Joshi,6,21,107832.27,21980.63,20.38,5574,5660,5574,4,Low Value
CUST02111,Ananya Nair,9,17,107739.68,19856.03,18.43,5575,5752,5575,4,Low Value
CUST02208,Kavya Mehta,8,17,107573.22,20065.75,18.65,5576,5747,5576,4,Low Value
CUST01121,Meera Verma,5,12,107516.54,30989.77,28.82,5577,5122,5577,4,Low Value
CUST00199,Neha Joshi,10,18,107488.36,19625.08,18.26,5578,5766,5578,4,Low Value
CUST04151,Vivaan Mehta,9,22,107417.17,24900.48,23.18,5579,5518,5579,4,Low Value
CUST00503,Meera Mehta,9,20,107299.26,31274.06,29.15,5580,5086,5580,4,Low Value
CUST04771,Neha Nair,9,17,106951.11,25924.05,24.24,5581,5462,5581,4,Low Value
CUST04111,Neha Verma,10,22,106947.61,17937.25,16.77,5582,5820,5582,4,Low Value
CUST02091,Aarav Nair,11,23,106810.26,21455.13,20.09,5583,5684,5583,4,Low Value
CUST02313,Amit Verma,7,14,106689.58,29519.3,27.67,5584,5221,5584,4,Low Value
CUST04205,Priya Mhaske,10,23,106518.09,26192.81,24.59,5585,5446,5585,4,Low Value
CUST04589,Vivaan Nair,8,16,106456.24,27683.33,26.0,5586,5350,5586,4,Low Value
CUST02822,Sneha Verma,11,19,106399.06,19296.89,18.14,5587,5778,5587,4,Low Value
CUST00852,Isha Sharma,9,22,106346.3,26466.01,24.89,5588,5429,5588,4,Low Value
CUST03423,Sneha Mhaske,8,22,106318.46,14020.39,13.19,5589,5912,5589,4,Low Value
CUST02699,Priya Sharma,11,21,106238.35,29724.42,27.98,5590,5209,5590,4,Low Value
CUST01579,Rahul Patil,6,17,106063.28,23370.58,22.03,5591,5595,5591,4,Low Value
CUST03951,Rahul Nair,11,22,105936.37,26820.61,25.32,5592,5407,5592,4,Low Value
CUST01341,Vivaan Joshi,9,14,105783.74,26177.89,24.75,5593,5448,5593,4,Low Value
CUST03903,Kavya Patil,7,13,105759.94,28858.93,27.29,5594,5261,5594,4,Low Value
CUST01691,Sneha Verma,9,17,105610.32,20511.21,19.42,5595,5728,5595,4,Low Value
CUST05523,Pooja Patil,8,17,105543.6,23395.94,22.17,5596,5593,5596,4,Low Value
CUST03910,Pooja Mhaske,9,18,105467.48,20423.38,19.36,5597,5731,5597,4,Low Value
CUST01284,Karan Verma,10,15,105232.61,27109.1,25.76,5598,5388,5598,4,Low Value
CUST03438,Vivaan Mhaske,7,14,105168.37,30841.23,29.33,5599,5135,5599,4,Low Value
CUST02955,Sneha Patil,11,27,105100.3,20856.13,19.84,5600,5711,5600,4,Low Value
CUST01478,Kavya Deshmukh,12,21,104913.85,20837.5,19.86,5601,5713,5601,4,Low Value
CUST03649,Rahul Patil,6,14,104908.07,33000.51,31.46,5602,4929,5602,4,Low Value
CUST05759,Rohan Verma,10,16,104801.6,22011.86,21.0,5603,5659,5603,4,Low Value
CUST01263,Rohan Deshmukh,8,18,104797.75,19529.81,18.64,5604,5771,5604,4,Low Value
CUST00365,Amit Sharma,12,26,104775.85,18982.49,18.12,5605,5782,5605,4,Low Value
CUST00143,Pooja Deshmukh,6,11,104647.02,30430.86,29.08,5606,5162,5606,4,Low Value
CUST01930,Rohan Nair,8,16,104636.04,22070.27,21.09,5607,5656,5607,4,Low Value
CUST03279,Rahul Joshi,5,11,104610.59,32013.41,30.6,5608,5014,5608,4,Low Value
CUST02795,Sneha Shah,10,21,104608.66,25210.91,24.1,5609,5502,5609,4,Low Value
CUST00202,Isha Verma,9,19,104588.39,32094.92,30.69,5610,5001,5610,4,Low Value
CUST00719,Vivaan Joshi,8,19,104569.09,21855.81,20.9,5611,5663,5611,4,Low Value
CUST05478,Amit Verma,10,19,104563.17,21366.37,20.43,5612,5694,5612,4,Low Value
CUST01438,Sneha Verma,9,21,104549.38,21044.33,20.13,5613,5708,5613,4,Low Value
CUST04879,Karan Verma,8,17,104522.6,17914.56,17.14,5614,5822,5614,4,Low Value
CUST05919,Isha Shah,9,18,104476.54,20949.84,20.05,5615,5709,5615,4,Low Value
CUST01749,Pooja Mehta,9,17,104420.88,25986.71,24.89,5616,5457,5616,4,Low Value
CUST01317,Isha Sharma,11,19,104402.76,25480.74,24.41,5617,5489,5617,4,Low Value
CUST00964,Karan Patil,5,18,104206.09,29510.74,28.32,5618,5224,5618,4,Low Value
CUST05240,Rahul Joshi,5,13,104154.81,22090.37,21.21,5619,5654,5619,4,Low Value
CUST05363,Neha Joshi,5,11,104149.72,30698.68,29.48,5620,5146,5620,4,Low Value
CUST03307,Rahul Mhaske,6,11,104130.99,27677.15,26.58,5621,5352,5621,4,Low Value
CUST04909,Aditya Deshmukh,7,13,104116.16,22150.31,21.27,5622,5652,5622,4,Low Value
CUST01910,Karan Deshmukh,9,22,104092.1,26797.53,25.74,5623,5408,5623,4,Low Value
CUST01750,Aarav Mehta,7,12,104089.86,21574.31,20.73,5624,5673,5624,4,Low Value
CUST02072,Aditya Mhaske,8,19,104017.07,18029.61,17.33,5625,5819,5625,4,Low Value
CUST05299,Arjun Sharma,4,11,103949.04,31346.72,30.16,5626,5078,5626,4,Low Value
CUST00022,Aditya Kumar,14,27,103670.71,24892.8,24.01,5627,5520,5627,4,Low Value
CUST02452,Pooja Joshi,10,18,103619.9,27536.64,26.57,5628,5366,5628,4,Low Value
CUST03740,Amit Shah,9,15,103606.43,29364.73,28.34,5629,5237,5629,4,Low Value
CUST05863,Rohan Nair,9,20,103472.77,22799.63,22.03,5630,5617,5630,4,Low Value
CUST01845,Pooja Singh,9,16,103371.84,28086.07,27.17,5631,5314,5631,4,Low Value
CUST00254,Amit Nair,10,17,103319.73,17682.19,17.11,5632,5831,5632,4,Low Value
CUST05495,Amit Joshi,9,14,103257.21,22693.83,21.98,5633,5620,5633,4,Low Value
CUST00474,Rahul Deshmukh,9,23,103182.63,16223.64,15.72,5634,5863,5634,4,Low Value
CUST03389,Vivaan Kumar,9,21,103058.15,22951.4,22.27,5635,5610,5635,4,Low Value
CUST02375,Rahul Joshi,12,23,102703.03,22984.05,22.38,5636,5608,5636,4,Low Value
CUST02718,Amit Patil,11,21,102625.93,31389.23,30.59,5637,5074,5637,4,Low Value
CUST01747,Arjun Verma,10,21,102447.41,21619.13,21.1,5638,5671,5638,4,Low Value
CUST01488,Rohan Mhaske,10,23,102447.27,27570.0,26.91,5639,5365,5639,4,Low Value
CUST00407,Pooja Gupta,9,13,102272.57,28641.27,28.0,5640,5277,5640,4,Low Value
CUST02708,Isha Kumar,11,22,102101.31,21455.7,21.01,5641,5683,5641,4,Low Value
CUST02028,Isha Sharma,10,21,101972.65,22861.47,22.42,5642,5613,5642,4,Low Value
CUST05555,Arjun Patil,9,23,101956.64,24023.86,23.56,5643,5558,5643,4,Low Value
CUST00519,Karan Kumar,7,16,101904.55,18757.45,18.41,5644,5790,5644,4,Low Value
CUST01397,Rahul Sharma,7,12,101831.59,34604.33,33.98,5645,4786,5645,4,Low Value
CUST03673,Rahul Deshmukh,8,14,101786.43,26539.22,26.07,5646,5424,5646,4,Low Value
CUST03909,Neha Kumar,11,22,101677.69,27786.76,27.33,5647,5341,5647,4,Low Value
CUST00476,Sneha Nair,8,14,101616.08,18374.56,18.08,5648,5802,5648,4,Low Value
CUST04060,Kavya Kumar,8,19,101538.27,16932.87,16.68,5649,5851,5649,4,Low Value
CUST00498,Meera Kumar,16,27,101222.34,23612.3,23.33,5650,5578,5650,4,Low Value
CUST03726,Arjun Joshi,9,28,101135.88,13405.7,13.26,5651,5921,5651,4,Low Value
CUST05048,Ananya Gupta,11,17,101007.56,30927.08,30.62,5652,5128,5652,4,Low Value
CUST04901,Rahul Joshi,7,17,100875.7,22534.98,22.34,5653,5631,5653,4,Low Value
CUST00825,Sneha Mehta,6,12,100874.9,25192.32,24.97,5654,5504,5654,4,Low Value
CUST04782,Isha Kumar,8,15,100751.43,21070.7,20.91,5655,5706,5655,4,Low Value
CUST02366,Karan Verma,8,15,100737.02,28911.75,28.7,5656,5259,5656,4,Low Value
CUST04308,Meera Deshmukh,5,12,100517.4,17847.3,17.76,5657,5825,5657,4,Low Value
CUST03573,Isha Gupta,9,19,100399.24,18159.31,18.09,5658,5815,5658,4,Low Value
CUST03105,Meera Gupta,8,15,100399.13,27072.12,26.96,5659,5392,5659,4,Low Value
CUST03089,Karan Mehta,9,23,100340.4,22333.43,22.26,5660,5640,5660,4,Low Value
CUST04203,Aditya Verma,10,22,100212.71,25402.9,25.35,5661,5492,5661,4,Low Value
CUST02426,Pooja Kumar,11,20,100209.14,15705.42,15.67,5662,5877,5662,4,Low Value
CUST00095,Isha Mhaske,5,10,100104.77,25802.18,25.78,5663,5467,5663,4,Low Value
CUST00830,Amit Mehta,12,33,100068.97,18447.88,18.44,5664,5799,5664,4,Low Value
CUST05789,Sneha Nair,8,23,100054.33,18394.32,18.38,5665,5801,5665,4,Low Value
CUST01816,Priya Joshi,9,19,100013.25,33762.63,33.76,5666,4871,5666,4,Low Value
CUST03528,Rahul Kumar,12,25,99515.38,24662.14,24.78,5667,5529,5667,4,Low Value
CUST05224,Vivaan Nair,7,13,99463.46,25251.75,25.39,5668,5500,5668,4,Low Value
CUST05615,Neha Kumar,8,14,99310.61,20299.13,20.44,5669,5738,5669,4,Low Value
CUST02852,Aditya Nair,12,24,99271.94,25312.95,25.5,5670,5496,5670,4,Low Value
CUST05129,Vivaan Kumar,10,19,99264.42,19561.77,19.71,5671,5767,5671,4,Low Value
CUST00942,Ananya Kumar,9,16,99163.62,18674.55,18.83,5672,5793,5672,4,Low Value
CUST04569,Vivaan Gupta,5,8,99158.3,23236.81,23.43,5673,5602,5673,4,Low Value
CUST02505,Amit Singh,9,16,99089.24,23404.82,23.62,5674,5592,5674,4,Low Value
CUST00526,Aarav Deshmukh,11,23,99050.61,26709.91,26.97,5675,5415,5675,4,Low Value
CUST03303,Neha Kumar,7,17,99048.91,22644.97,22.86,5676,5624,5676,4,Low Value
CUST00246,Karan Mehta,8,22,99041.88,21621.59,21.83,5677,5670,5677,4,Low Value
CUST00115,Rohan Singh,9,17,98983.39,30404.93,30.72,5678,5164,5678,4,Low Value
CUST02515,Arjun Nair,11,18,98967.67,19686.08,19.89,5679,5762,5679,4,Low Value
CUST03148,Kavya Deshmukh,12,22,98847.47,17133.32,17.33,5680,5847,5680,4,Low Value
CUST00132,Aditya Mehta,4,9,98752.74,26824.53,27.16,5681,5406,5681,4,Low Value
CUST01812,Pooja Gupta,7,19,98649.91,10859.65,11.01,5682,5962,5682,4,Low Value
CUST00414,Meera Kumar,8,17,98642.12,21120.91,21.41,5683,5703,5683,4,Low Value
CUST02198,Meera Shah,7,13,98379.13,15807.21,16.07,5684,5874,5684,4,Low Value
CUST00540,Aditya Joshi,6,16,98321.53,31724.5,32.27,5685,5042,5685,4,Low Value
CUST04134,Kavya Mhaske,8,16,98290.2,28404.52,28.9,5686,5295,5686,4,Low Value
CUST02065,Pooja Kumar,6,17,98152.93,17850.54,18.19,5687,5824,5687,4,Low Value
CUST02546,Priya Singh,11,19,98081.03,24101.08,24.57,5688,5554,5688,4,Low Value
CUST02019,Ananya Singh,11,21,98070.61,25325.56,25.82,5689,5494,5689,4,Low Value
CUST05909,Sneha Mhaske,8,14,97940.99,20536.76,20.97,5690,5725,5690,4,Low Value
CUST02739,Meera Deshmukh,9,21,97745.36,26429.7,27.04,5691,5431,5691,4,Low Value
CUST04088,Aarav Patil,6,12,97737.21,25999.91,26.6,5692,5455,5692,4,Low Value
CUST05852,Amit Sharma,5,11,97415.66,23836.84,24.47,5693,5572,5693,4,Low Value
CUST00661,Arjun Sharma,11,18,97367.3,22845.47,23.46,5694,5615,5694,4,Low Value
CUST05246,Vivaan Mhaske,8,19,97323.37,20359.7,20.92,5695,5734,5695,4,Low Value
CUST01484,Sneha Mehta,10,18,97003.5,28494.02,29.37,5696,5291,5696,4,Low Value
CUST00570,Aditya Deshmukh,9,18,96796.01,24032.82,24.83,5697,5557,5697,4,Low Value
CUST00927,Aarav Shah,7,22,96794.37,21194.17,21.9,5698,5701,5698,4,Low Value
CUST03853,Aarav Mhaske,11,24,96661.8,20603.84,21.32,5699,5723,5699,4,Low Value
CUST02537,Rahul Patil,6,19,96585.01,24695.8,25.57,5700,5527,5700,4,Low Value
CUST02953,Neha Gupta,8,15,96558.09,25203.89,26.1,5701,5503,5701,4,Low Value
CUST05872,Karan Sharma,7,14,96440.3,27442.9,28.46,5702,5368,5702,4,Low Value
CUST05502,Isha Singh,4,13,96433.71,27953.04,28.99,5703,5332,5703,4,Low Value
CUST02715,Meera Kumar,8,11,96341.35,26166.93,27.16,5704,5449,5704,4,Low Value
CUST03950,Pooja Verma,8,16,96264.36,27996.29,29.08,5705,5324,5705,4,Low Value
CUST01999,Amit Verma,10,19,96178.26,17483.18,18.18,5706,5838,5706,4,Low Value
CUST04339,Rohan Gupta,10,17,96067.86,22879.39,23.82,5707,5612,5707,4,Low Value
CUST03626,Rahul Gupta,12,23,95752.76,22172.91,23.16,5708,5650,5708,4,Low Value
CUST02636,Aarav Patil,11,19,95751.51,28164.02,29.41,5709,5306,5709,4,Low Value
CUST00482,Karan Singh,7,13,95725.6,15097.15,15.77,5710,5894,5710,4,Low Value
CUST05444,Aarav Joshi,8,12,95667.42,19711.16,20.6,5711,5760,5711,4,Low Value
CUST02160,Rahul Joshi,5,10,95614.96,26218.35,27.42,5712,5442,5712,4,Low Value
CUST02380,Aditya Nair,7,16,95350.26,18849.83,19.77,5713,5789,5713,4,Low Value
CUST04677,Aarav Patil,8,20,95300.7,17912.2,18.8,5714,5823,5714,4,Low Value
CUST01786,Amit Sharma,10,23,95293.43,9738.94,10.22,5715,5973,5715,4,Low Value
CUST03490,Amit Sharma,7,20,95289.27,22648.91,23.77,5716,5623,5716,4,Low Value
CUST01636,Rahul Mhaske,6,10,95281.41,23106.8,24.25,5717,5606,5717,4,Low Value
CUST05505,Vivaan Patil,7,14,95273.59,24555.87,25.77,5718,5536,5718,4,Low Value
CUST04705,Pooja Mhaske,4,12,95249.68,19773.46,20.76,5719,5757,5719,4,Low Value
CUST01033,Meera Mehta,8,17,95101.68,26647.47,28.02,5720,5419,5720,4,Low Value
CUST01935,Vivaan Shah,12,20,95017.4,26218.28,27.59,5721,5443,5721,4,Low Value
CUST04781,Aarav Deshmukh,9,23,94722.46,27288.87,28.81,5722,5377,5722,4,Low Value
CUST03288,Sneha Joshi,10,18,94682.35,20512.61,21.66,5723,5727,5723,4,Low Value
CUST02194,Rahul Sharma,7,13,94542.21,27645.48,29.24,5724,5356,5724,4,Low Value
CUST05357,Kavya Sharma,8,25,94239.88,23722.46,25.17,5725,5575,5725,4,Low Value
CUST02914,Rahul Deshmukh,9,16,94161.19,17579.91,18.67,5726,5835,5726,4,Low Value
CUST02262,Vivaan Mehta,10,21,94075.86,25097.07,26.68,5727,5507,5727,4,Low Value
CUST02387,Rohan Nair,9,14,93562.74,21412.41,22.89,5728,5688,5728,4,Low Value
CUST03601,Vivaan Joshi,7,10,93529.5,23575.56,25.21,5729,5582,5729,4,Low Value
CUST03251,Vivaan Patil,8,17,93527.59,20056.35,21.44,5730,5748,5730,4,Low Value
CUST05395,Aarav Shah,7,19,93428.96,20854.52,22.32,5731,5712,5731,4,Low Value
CUST02661,Sneha Shah,11,19,93291.61,22424.95,24.04,5732,5637,5732,4,Low Value
CUST00827,Karan Mehta,11,21,93275.21,20823.15,22.32,5733,5714,5733,4,Low Value
CUST05157,Vivaan Deshmukh,14,21,93232.9,22655.04,24.3,5734,5622,5734,4,Low Value
CUST03341,Vivaan Mehta,5,10,93192.65,14660.59,15.73,5735,5902,5735,4,Low Value
CUST01573,Rohan Nair,5,13,93104.64,20151.55,21.64,5736,5743,5736,4,Low Value
CUST01970,Isha Mehta,8,17,93000.44,27242.92,29.29,5737,5381,5737,4,Low Value
CUST04768,Ananya Joshi,7,18,92932.46,14800.26,15.93,5738,5898,5738,4,Low Value
CUST01105,Aditya Verma,8,12,92892.5,23132.63,24.9,5739,5605,5739,4,Low Value
CUST02402,Pooja Singh,5,14,92817.5,16844.32,18.15,5740,5854,5740,4,Low Value
CUST02780,Meera Shah,7,13,92783.13,20271.61,21.85,5741,5739,5741,4,Low Value
CUST00775,Isha Joshi,9,16,92773.79,21082.16,22.72,5742,5705,5742,4,Low Value
CUST05192,Ananya Verma,8,22,92763.52,22434.65,24.18,5743,5635,5743,4,Low Value
CUST00862,Pooja Gupta,7,13,92672.89,16553.22,17.86,5744,5855,5744,4,Low Value
CUST02371,Sneha Deshmukh,9,19,92671.36,22054.76,23.8,5745,5657,5745,4,Low Value
CUST04288,Sneha Sharma,12,21,92641.5,21518.69,23.23,5746,5677,5746,4,Low Value
CUST01995,Priya Singh,10,22,92531.25,17810.82,19.25,5747,5827,5747,4,Low Value
CUST01253,Rohan Mhaske,11,17,92416.89,19643.45,21.26,5748,5764,5748,4,Low Value
CUST03326,Ananya Shah,14,22,92365.68,21061.48,22.8,5749,5707,5749,4,Low Value
CUST03437,Aditya Shah,10,21,92189.7,26616.73,28.87,5750,5421,5750,4,Low Value
CUST02470,Pooja Mhaske,9,20,92187.8,15018.21,16.29,5751,5895,5751,4,Low Value
CUST04578,Amit Gupta,7,16,92120.4,22823.33,24.78,5752,5616,5752,4,Low Value
CUST00204,Rohan Singh,6,17,92069.63,23555.15,25.58,5753,5586,5753,4,Low Value
CUST01164,Neha Verma,9,16,91905.79,20743.75,22.57,5754,5718,5754,4,Low Value
CUST02894,Aditya Joshi,9,18,91743.44,23920.41,26.07,5755,5564,5755,4,Low Value
CUST00146,Priya Kumar,7,13,91639.43,30954.11,33.78,5756,5126,5756,4,Low Value
CUST02905,Aditya Sharma,10,15,91616.94,22184.42,24.21,5757,5648,5757,4,Low Value
CUST04605,Arjun Kumar,10,21,91503.4,24645.7,26.93,5758,5531,5758,4,Low Value
CUST03104,Pooja Gupta,8,18,91338.39,23345.06,25.56,5759,5599,5759,4,Low Value
CUST05094,Arjun Nair,8,17,91063.67,26281.69,28.86,5760,5439,5760,4,Low Value
CUST03206,Karan Kumar,8,16,91054.65,10705.55,11.76,5761,5965,5761,4,Low Value
CUST03746,Priya Gupta,7,17,91031.42,25551.24,28.07,5762,5482,5762,4,Low Value
CUST04049,Aditya Gupta,10,19,90131.8,22353.21,24.8,5763,5639,5763,4,Low Value
CUST00574,Aditya Patil,6,13,90128.9,27594.27,30.62,5764,5360,5764,4,Low Value
CUST05964,Karan Deshmukh,9,17,90111.56,19558.12,21.7,5765,5768,5765,4,Low Value
CUST03478,Rahul Verma,4,9,90042.89,24319.67,27.01,5766,5544,5766,4,Low Value
CUST02367,Meera Verma,6,13,90024.12,24475.52,27.19,5767,5541,5767,4,Low Value
CUST02609,Aditya Verma,8,20,89989.95,18903.73,21.01,5768,5784,5768,4,Low Value
CUST02988,Karan Verma,8,10,89677.2,21500.43,23.98,5769,5679,5769,4,Low Value
CUST02193,Ananya Deshmukh,8,13,89532.56,19831.31,22.15,5770,5754,5770,4,Low Value
CUST05982,Vivaan Shah,9,25,89529.71,18853.01,21.06,5771,5788,5771,4,Low Value
CUST03510,Rohan Sharma,6,14,89439.41,15519.66,17.35,5772,5885,5772,4,Low Value
CUST00679,Rohan Joshi,3,7,89369.19,23573.23,26.38,5773,5583,5773,4,Low Value
CUST03998,Arjun Verma,6,17,89348.74,25735.2,28.8,5774,5474,5774,4,Low Value
CUST01737,Aditya Joshi,11,16,89276.79,18365.21,20.57,5775,5803,5775,4,Low Value
CUST01931,Meera Mehta,7,14,89237.1,18861.69,21.14,5776,5786,5776,4,Low Value
CUST02077,Priya Sharma,10,15,89138.43,18881.28,21.18,5777,5785,5777,4,Low Value
CUST02084,Karan Verma,11,22,89016.42,16159.81,18.15,5778,5865,5778,4,Low Value
CUST03336,Aditya Kumar,7,13,88724.94,14597.82,16.45,5779,5904,5779,4,Low Value
CUST02494,Ananya Patil,9,15,88650.78,25462.53,28.72,5780,5490,5780,4,Low Value
CUST01110,Rohan Mhaske,6,14,88564.82,20903.44,23.6,5781,5710,5781,4,Low Value
CUST04355,Vivaan Joshi,10,18,88562.82,15586.12,17.6,5782,5884,5782,4,Low Value
CUST05910,Ananya Gupta,8,11,88356.45,18296.11,20.71,5783,5807,5783,4,Low Value
CUST00256,Rahul Gupta,7,18,88300.19,23357.08,26.45,5784,5596,5784,4,Low Value
CUST02857,Aarav Nair,10,21,88296.38,25783.75,29.2,5785,5469,5785,4,Low Value
CUST05943,Kavya Shah,6,11,88290.96,17553.52,19.88,5786,5837,5786,4,Low Value
CUST03775,Arjun Singh,8,17,88095.24,21478.22,24.38,5787,5681,5787,4,Low Value
CUST02500,Aditya Singh,6,11,87857.79,24157.09,27.5,5788,5552,5788,4,Low Value
CUST01329,Ananya Verma,6,11,87789.79,24725.67,28.16,5789,5525,5789,4,Low Value
CUST01102,Vivaan Mhaske,10,15,87506.18,12906.13,14.75,5790,5931,5790,4,Low Value
CUST02203,Ananya Joshi,11,16,87406.51,21719.1,24.85,5791,5666,5791,4,Low Value
CUST05262,Kavya Sharma,8,25,87327.77,15219.9,17.43,5792,5889,5792,4,Low Value
CUST03381,Isha Kumar,7,16,87287.88,19727.42,22.6,5793,5758,5793,4,Low Value
CUST04092,Sneha Shah,4,10,86691.75,17180.5,19.82,5794,5844,5794,4,Low Value
CUST04707,Sneha Sharma,10,19,86656.01,15320.81,17.68,5795,5887,5795,4,Low Value
CUST00810,Rahul Mhaske,9,17,86537.42,21541.69,24.89,5796,5676,5796,4,Low Value
CUST01877,Aditya Mhaske,6,15,86187.17,20659.42,23.97,5797,5721,5797,4,Low Value
CUST00394,Kavya Gupta,7,13,86029.89,28077.28,32.64,5798,5316,5798,4,Low Value
CUST04714,Vivaan Verma,13,21,85832.21,24004.36,27.97,5799,5559,5799,4,Low Value
CUST05399,Isha Sharma,7,19,85764.22,25573.15,29.82,5800,5481,5800,4,Low Value
CUST01162,Amit Nair,8,18,85728.49,12091.46,14.1,5801,5949,5801,4,Low Value
CUST00977,Priya Nair,6,12,85609.01,28641.07,33.46,5802,5279,5802,4,Low Value
CUST05517,Aarav Mehta,10,18,85552.69,25170.36,29.42,5803,5506,5803,4,Low Value
CUST03322,Pooja Deshmukh,8,16,85444.66,21192.71,24.8,5804,5702,5804,4,Low Value
CUST02610,Isha Patil,5,10,85119.39,12044.33,14.15,5805,5950,5805,4,Low Value
CUST04980,Sneha Sharma,5,14,84902.43,17178.17,20.23,5806,5845,5806,4,Low Value
CUST00685,Karan Gupta,10,14,84580.15,19374.77,22.91,5807,5776,5807,4,Low Value
CUST05792,Karan Deshmukh,8,12,84525.41,18250.42,21.59,5808,5810,5808,4,Low Value
CUST05906,Rohan Deshmukh,7,17,84375.7,6198.01,7.35,5809,5994,5809,4,Low Value
CUST02910,Aditya Gupta,9,11,84364.12,20316.34,24.08,5810,5736,5810,4,Low Value
CUST01073,Arjun Kumar,6,11,84088.79,17277.31,20.55,5811,5841,5811,4,Low Value
CUST04085,Rahul Mhaske,9,18,84080.57,16184.62,19.25,5812,5864,5812,4,Low Value
CUST03460,Vivaan Deshmukh,8,15,84046.46,18429.98,21.93,5813,5800,5813,4,Low Value
CUST04303,Meera Mehta,9,16,83974.5,16000.78,19.05,5814,5872,5814,4,Low Value
CUST00262,Neha Patil,9,16,83856.57,22448.47,26.77,5815,5634,5815,4,Low Value
CUST01756,Aarav Sharma,6,12,83324.13,21444.99,25.74,5816,5686,5816,4,Low Value
CUST00965,Karan Shah,9,16,82931.68,23825.23,28.73,5817,5573,5817,4,Low Value
CUST04130,Vivaan Kumar,5,9,82887.08,10655.04,12.85,5818,5966,5818,4,Low Value
CUST01326,Neha Shah,5,11,82714.28,14185.88,17.15,5819,5910,5819,4,Low Value
CUST04749,Aditya Kumar,8,15,82668.52,22614.02,27.36,5820,5626,5820,4,Low Value
CUST05095,Kavya Kumar,6,15,82559.58,25738.05,31.18,5821,5472,5821,4,Low Value
CUST05890,Vivaan Mhaske,4,15,82513.81,19711.52,23.89,5822,5759,5822,4,Low Value
CUST02280,Amit Shah,8,17,82375.98,19254.27,23.37,5823,5779,5823,4,Low Value
CUST05520,Aarav Sharma,5,11,82277.05,27258.95,33.13,5824,5379,5824,4,Low Value
CUST01053,Kavya Patil,6,15,82185.68,16009.86,19.48,5825,5871,5825,4,Low Value
CUST05027,Isha Singh,7,15,81998.23,24605.02,30.01,5826,5533,5826,4,Low Value
CUST00243,Karan Nair,7,10,81917.3,20130.5,24.57,5827,5745,5827,4,Low Value
CUST00518,Ananya Shah,8,15,81750.64,19165.08,23.44,5828,5780,5828,4,Low Value
CUST02879,Ananya Singh,3,7,81732.99,8391.14,10.27,5829,5987,5829,4,Low Value
CUST04592,Karan Shah,6,8,81644.6,28108.32,34.43,5830,5312,5830,4,Low Value
CUST01380,Sneha Singh,5,14,81633.86,17915.7,21.95,5831,5821,5831,4,Low Value
CUST05175,Kavya Verma,8,21,81516.51,14455.48,17.73,5832,5907,5832,4,Low Value
CUST04388,Vivaan Nair,4,12,81287.48,10949.9,13.47,5833,5960,5833,4,Low Value
CUST03742,Neha Singh,8,16,81016.58,18129.18,22.38,5834,5817,5834,4,Low Value
CUST02447,Rohan Mehta,9,15,80970.66,19455.39,24.03,5835,5773,5835,4,Low Value
CUST04163,Aarav Singh,7,15,80862.92,21600.1,26.71,5836,5672,5836,4,Low Value
CUST03025,Aarav Kumar,9,19,80776.34,21264.35,26.32,5837,5698,5837,4,Low Value
CUST02899,Rohan Mehta,7,11,80728.1,15300.43,18.95,5838,5888,5838,4,Low Value
CUST00455,Ananya Singh,8,11,80693.8,19833.53,24.58,5839,5753,5839,4,Low Value
CUST05199,Sneha Singh,6,12,80500.91,17653.05,21.93,5840,5833,5840,4,Low Value
CUST04527,Isha Mhaske,9,15,80376.55,22719.09,28.27,5841,5618,5841,4,Low Value
CUST03965,Aditya Singh,6,15,80343.27,17569.76,21.87,5842,5836,5842,4,Low Value
CUST00773,Rohan Patil,7,12,80196.23,25745.18,32.1,5843,5471,5843,4,Low Value
CUST04020,Ananya Gupta,7,12,80128.02,21112.55,26.35,5844,5704,5844,4,Low Value
CUST04873,Karan Mhaske,8,13,80030.85,15647.05,19.55,5845,5880,5845,4,Low Value
CUST00711,Kavya Joshi,8,25,79828.86,20301.39,25.43,5846,5737,5846,4,Low Value
CUST00610,Kavya Mehta,7,11,79678.12,16040.8,20.13,5847,5869,5847,4,Low Value
CUST00390,Priya Verma,8,17,79599.35,20454.29,25.7,5848,5729,5848,4,Low Value
CUST01085,Rahul Deshmukh,7,10,79598.77,20174.51,25.35,5849,5742,5849,4,Low Value
CUST03856,Isha Sharma,6,12,79412.43,23863.48,30.05,5850,5569,5850,4,Low Value
CUST02395,Isha Mehta,8,18,79249.37,17782.61,22.44,5851,5828,5851,4,Low Value
CUST05638,Aarav Gupta,10,18,79136.49,20562.79,25.98,5852,5724,5852,4,Low Value
CUST01678,Karan Deshmukh,7,19,79020.37,21360.59,27.03,5853,5695,5853,4,Low Value
CUST00269,Karan Sharma,7,14,78998.11,21515.72,27.24,5854,5678,5854,4,Low Value
CUST04424,Ananya Nair,3,7,78856.75,15120.83,19.18,5855,5893,5855,4,Low Value
CUST05981,Meera Kumar,7,11,78838.27,19802.0,25.12,5856,5755,5856,4,Low Value
CUST03689,Aditya Kumar,7,12,78794.34,21770.07,27.63,5857,5665,5857,4,Low Value
CUST02737,Ananya Gupta,7,10,78723.64,13687.13,17.39,5858,5918,5858,4,Low Value
CUST04004,Arjun Patil,4,12,78400.3,15598.55,19.9,5859,5882,5859,4,Low Value
CUST01895,Aarav Mehta,7,11,78287.19,17627.31,22.52,5860,5834,5860,4,Low Value
CUST00217,Rahul Nair,5,7,78278.42,22600.87,28.87,5861,5628,5861,4,Low Value
CUST02307,Karan Verma,9,19,78271.4,20616.3,26.34,5862,5722,5862,4,Low Value
CUST01129,Ananya Singh,10,15,78225.47,14948.06,19.11,5863,5896,5863,4,Low Value
CUST05618,Kavya Verma,8,17,77926.5,14736.64,18.91,5864,5899,5864,4,Low Value
CUST03415,Priya Mhaske,8,19,77902.38,17152.32,22.02,5865,5846,5865,4,Low Value
CUST05729,Ananya Singh,9,11,77765.25,14522.45,18.67,5866,5905,5866,4,Low Value
CUST02846,Ananya Mehta,8,15,77501.52,17404.25,22.46,5867,5839,5867,4,Low Value
CUST02973,Amit Mhaske,7,15,77237.71,19661.76,25.46,5868,5763,5868,4,Low Value
CUST02388,Aarav Verma,5,10,77229.14,19625.99,25.41,5869,5765,5869,4,Low Value
CUST01953,Vivaan Shah,8,12,76950.26,18580.81,24.15,5870,5794,5870,4,Low Value
CUST03348,Rohan Verma,8,16,76804.79,18212.44,23.71,5871,5812,5871,4,Low Value
CUST04787,Neha Nair,5,12,76714.27,21219.89,27.66,5872,5699,5872,4,Low Value
CUST04532,Meera Verma,5,12,76359.43,11048.73,14.47,5873,5958,5873,4,Low Value
CUST00898,Ananya Gupta,8,11,76355.08,17198.56,22.52,5874,5842,5874,4,Low Value
CUST02433,Isha Mhaske,6,9,76234.56,12520.67,16.42,5875,5940,5875,4,Low Value
CUST04220,Karan Sharma,6,11,75819.24,18133.05,23.92,5876,5816,5876,4,Low Value
CUST00324,Amit Patil,8,18,75805.0,21542.77,28.42,5877,5675,5877,4,Low Value
CUST00181,Meera Shah,5,8,75520.93,19694.36,26.08,5878,5761,5878,4,Low Value
CUST03692,Meera Deshmukh,7,14,75475.88,18861.53,24.99,5879,5787,5879,4,Low Value
CUST03571,Vivaan Singh,11,13,75395.98,15761.25,20.9,5880,5875,5880,4,Low Value
CUST04574,Pooja Mhaske,8,22,74579.91,18097.76,24.27,5881,5818,5881,4,Low Value
CUST05553,Amit Singh,7,12,74412.19,18462.39,24.81,5882,5797,5882,4,Low Value
CUST02590,Neha Sharma,7,13,74306.96,19541.07,26.3,5883,5769,5883,4,Low Value
CUST04929,Neha Verma,7,14,74013.33,16946.44,22.9,5884,5850,5884,4,Low Value
CUST02283,Pooja Mehta,8,15,73732.87,18545.43,25.15,5885,5795,5885,4,Low Value
CUST04538,Aditya Shah,8,11,73678.64,20411.13,27.7,5886,5732,5886,4,Low Value
CUST01732,Arjun Mehta,7,17,73567.95,23190.75,31.52,5887,5604,5887,4,Low Value
CUST03391,Neha Joshi,7,12,73285.22,18347.85,25.04,5888,5805,5888,4,Low Value
CUST03961,Priya Deshmukh,5,11,72986.7,13072.0,17.91,5889,5926,5889,4,Low Value
CUST04779,Arjun Verma,6,9,72783.28,25963.43,35.67,5890,5460,5890,4,Low Value
CUST05145,Amit Gupta,7,11,72680.75,15656.61,21.54,5891,5879,5891,4,Low Value
CUST00995,Aditya Deshmukh,6,13,72536.74,16326.23,22.51,5892,5861,5892,4,Low Value
CUST03236,Amit Singh,11,17,72512.47,18360.4,25.32,5893,5804,5893,4,Low Value
CUST02335,Aditya Gupta,8,16,72209.83,17746.07,24.58,5894,5829,5894,4,Low Value
CUST04077,Amit Shah,6,10,71779.78,21631.09,30.14,5895,5668,5895,4,Low Value
CUST00272,Isha Shah,9,17,71518.46,15716.02,21.97,5896,5876,5896,4,Low Value
CUST03532,Aditya Verma,7,14,70773.09,12936.43,18.28,5897,5930,5897,4,Low Value
CUST02133,Arjun Gupta,5,10,70436.67,24196.33,34.35,5898,5549,5898,4,Low Value
CUST05178,Amit Sharma,11,31,70258.13,20536.66,29.23,5899,5726,5899,4,Low Value
CUST05741,Aarav Patil,9,15,70131.43,16247.15,23.17,5900,5862,5900,4,Low Value
CUST05781,Meera Joshi,6,11,70118.29,13637.06,19.45,5901,5919,5901,4,Low Value
CUST00876,Rohan Deshmukh,3,12,70081.69,16000.3,22.83,5902,5873,5902,4,Low Value
CUST05046,Aditya Kumar,10,16,69987.16,12817.56,18.31,5903,5933,5903,4,Low Value
CUST05913,Neha Mehta,8,10,69792.32,20329.09,29.13,5904,5735,5904,4,Low Value
CUST04760,Rohan Nair,9,14,69269.58,15617.41,22.55,5905,5881,5905,4,Low Value
CUST02251,Aarav Patil,7,14,69238.3,16535.46,23.88,5906,5856,5906,4,Low Value
CUST02680,Isha Verma,7,10,68667.11,13084.56,19.06,5907,5925,5907,4,Low Value
CUST00351,Karan Sharma,5,9,67999.91,11748.94,17.28,5908,5952,5908,4,Low Value
CUST01028,Meera Nair,5,9,67899.2,16020.84,23.6,5909,5870,5909,4,Low Value
CUST01497,Ananya Deshmukh,5,10,67698.92,18956.1,28.0,5910,5783,5910,4,Low Value
CUST04603,Aditya Verma,6,10,67295.74,13141.98,19.53,5911,5924,5911,4,Low Value
CUST04450,Meera Patil,6,15,66678.33,12622.1,18.93,5912,5937,5912,4,Low Value
CUST01012,Ananya Nair,4,9,66337.47,9300.29,14.02,5913,5980,5913,4,Low Value
CUST03311,Ananya Gupta,8,14,65830.0,16847.51,25.59,5914,5853,5914,4,Low Value
CUST04138,Amit Verma,5,9,65659.12,12999.54,19.8,5915,5927,5915,4,Low Value
CUST04486,Vivaan Shah,7,11,65553.75,16961.63,25.87,5916,5849,5916,4,Low Value
CUST00509,Aarav Gupta,7,16,65448.93,12596.77,19.25,5917,5938,5917,4,Low Value
CUST00119,Rahul Mhaske,6,14,65135.09,18197.63,27.94,5918,5813,5918,4,Low Value
CUST05361,Priya Nair,9,14,64611.34,15212.18,23.54,5919,5890,5919,4,Low Value
CUST05610,Pooja Mhaske,7,12,64508.07,19389.11,30.06,5920,5775,5920,4,Low Value
CUST01971,Pooja Kumar,6,16,64342.51,12794.01,19.88,5921,5934,5921,4,Low Value
CUST01899,Karan Deshmukh,7,15,64107.73,13338.61,20.81,5922,5923,5922,4,Low Value
CUST05091,Sneha Kumar,6,10,64022.38,16087.31,25.13,5923,5866,5923,4,Low Value
CUST04451,Kavya Deshmukh,7,13,63841.89,16444.51,25.76,5924,5858,5924,4,Low Value
CUST04222,Arjun Singh,8,16,63788.58,18193.79,28.52,5925,5814,5925,4,Low Value
CUST02304,Vivaan Singh,5,12,63316.08,17026.14,26.89,5926,5848,5926,4,Low Value
CUST00374,Priya Nair,5,10,63141.8,19011.54,30.11,5927,5781,5927,4,Low Value
CUST02717,Arjun Kumar,6,10,63009.14,16041.96,25.46,5928,5867,5928,4,Low Value
CUST05081,Sneha Sharma,7,14,62090.94,15188.8,24.46,5929,5892,5929,4,Low Value
CUST05667,Aditya Deshmukh,5,7,61782.68,13944.8,22.57,5930,5913,5930,4,Low Value
CUST05996,Kavya Gupta,6,14,61650.26,8649.87,14.03,5931,5984,5931,4,Low Value
CUST01332,Arjun Mehta,6,11,61515.01,12101.93,19.67,5932,5948,5932,4,Low Value
CUST04598,Kavya Patil,8,11,61389.0,13695.15,22.31,5933,5917,5933,4,Low Value
CUST05308,Isha Joshi,4,9,61017.59,11550.12,18.93,5934,5954,5934,4,Low Value
CUST02376,Isha Joshi,8,13,60998.41,12207.21,20.01,5935,5945,5935,4,Low Value
CUST02305,Aditya Mehta,6,9,60926.87,12669.43,20.79,5936,5935,5936,4,Low Value
CUST02598,Priya Verma,6,14,60848.08,14699.79,24.16,5937,5900,5937,4,Low Value
CUST02787,Rohan Patil,7,13,60677.91,17383.59,28.65,5938,5840,5938,4,Low Value
CUST01283,Arjun Patil,5,13,60630.89,14819.62,24.44,5939,5897,5939,4,Low Value
CUST03723,Meera Gupta,7,11,60589.46,8532.68,14.08,5940,5985,5940,4,Low Value
CUST01718,Aarav Sharma,7,14,60421.86,10081.52,16.69,5941,5968,5941,4,Low Value
CUST03771,Meera Kumar,4,10,60244.12,14693.18,24.39,5942,5901,5942,4,Low Value
CUST03848,Rohan Nair,6,12,60021.84,9337.17,15.56,5943,5977,5943,4,Low Value
CUST04122,Sneha Singh,5,7,59979.6,9016.1,15.03,5944,5982,5944,4,Low Value
CUST02915,Ananya Mehta,9,17,59727.76,14641.04,24.51,5945,5903,5945,4,Low Value
CUST04753,Priya Deshmukh,6,11,59655.04,12984.72,21.77,5946,5928,5946,4,Low Value
CUST01547,Priya Mehta,5,7,59490.5,12345.25,20.75,5947,5943,5947,4,Low Value
CUST00633,Ananya Deshmukh,7,15,59242.27,18341.3,30.96,5948,5806,5948,4,Low Value
CUST03555,Aarav Mhaske,7,18,58964.01,13620.24,23.1,5949,5920,5949,4,Low Value
CUST05677,Aditya Patil,8,8,58933.48,11573.37,19.64,5950,5953,5950,4,Low Value
CUST04266,Aditya Sharma,5,11,58823.09,10839.81,18.43,5951,5963,5951,4,Low Value
CUST03904,Rohan Singh,6,11,58744.8,18458.3,31.42,5952,5798,5952,4,Low Value
CUST01600,Rohan Mhaske,7,14,58720.57,11954.62,20.36,5953,5951,5953,4,Low Value
CUST00157,Ananya Mehta,5,9,58561.1,16424.92,28.05,5954,5859,5954,4,Low Value
CUST05686,Neha Nair,9,11,58461.63,15699.73,26.85,5955,5878,5955,4,Low Value
CUST04623,Pooja Patil,3,7,57763.39,1303.81,2.26,5956,6000,5956,4,Low Value
CUST00282,Neha Patil,8,10,57597.82,13940.84,24.2,5957,5914,5957,4,Low Value
CUST02903,Karan Patil,6,11,57555.51,12629.68,21.94,5958,5936,5958,4,Low Value
CUST05317,Rahul Joshi,5,8,56795.26,10160.36,17.89,5959,5967,5959,4,Low Value
CUST03732,Vivaan Singh,7,10,56653.06,12596.28,22.23,5960,5939,5960,4,Low Value
CUST02761,Amit Patil,7,15,56560.36,8844.18,15.64,5961,5983,5961,4,Low Value
CUST04505,Meera Sharma,6,13,56422.23,12379.26,21.94,5962,5942,5962,4,Low Value
CUST05336,Priya Joshi,11,21,55906.91,13805.05,24.69,5963,5915,5963,4,Low Value
CUST02683,Amit Gupta,4,9,55701.32,12837.07,23.05,5964,5932,5964,4,Low Value
CUST02614,Aarav Sharma,8,12,55688.31,13783.17,24.75,5965,5916,5965,4,Low Value
CUST00804,Aarav Shah,8,16,54782.87,12102.34,22.09,5966,5947,5966,4,Low Value
CUST01013,Priya Patil,7,11,54277.34,9822.52,18.1,5967,5971,5967,4,Low Value
CUST04139,Aditya Mehta,5,11,53313.21,9706.18,18.21,5968,5975,5968,4,Low Value
CUST04651,Karan Patil,8,12,53124.55,9808.27,18.46,5969,5972,5969,4,Low Value
CUST01498,Pooja Shah,7,13,52967.61,4334.61,8.18,5970,5998,5970,4,Low Value
CUST01711,Aditya Verma,8,15,52572.24,12436.49,23.66,5971,5941,5971,4,Low Value
CUST05671,Aditya Joshi,6,7,52276.43,14237.96,27.24,5972,5909,5972,4,Low Value
CUST00758,Vivaan Sharma,5,7,52131.21,10904.79,20.92,5973,5961,5973,4,Low Value
CUST01457,Sneha Nair,7,11,51879.1,8141.76,15.69,5974,5989,5974,4,Low Value
CUST02389,Sneha Gupta,4,10,51206.51,10043.38,19.61,5975,5969,5975,4,Low Value
CUST05016,Neha Kumar,5,14,50899.37,8352.5,16.41,5976,5988,5976,4,Low Value
CUST03198,Isha Gupta,5,18,50455.27,8068.14,15.99,5977,5990,5977,4,Low Value
CUST00582,Isha Nair,4,6,50339.33,11087.34,22.03,5978,5957,5978,4,Low Value
CUST03810,Pooja Patil,5,8,50290.81,13390.81,26.63,5979,5922,5979,4,Low Value
CUST01605,Amit Verma,5,11,49562.02,10783.77,21.76,5980,5964,5980,4,Low Value
CUST00345,Vivaan Kumar,6,18,48389.64,7647.27,15.8,5981,5991,5981,4,Low Value
CUST00288,Rohan Mhaske,9,15,48173.42,9475.87,19.67,5982,5976,5982,4,Low Value
CUST05072,Karan Gupta,4,6,46747.38,14402.95,30.81,5983,5908,5983,4,Low Value
CUST05574,Karan Nair,4,10,46407.85,8401.23,18.1,5984,5986,5984,4,Low Value
CUST01009,Pooja Gupta,6,10,45616.47,11036.53,24.19,5985,5959,5985,4,Low Value
CUST01189,Meera Deshmukh,6,9,44085.98,9102.08,20.65,5986,5981,5986,4,Low Value
CUST03703,Pooja Nair,4,11,44018.22,11249.62,25.56,5987,5956,5987,4,Low Value
CUST03648,Neha Mhaske,5,13,43220.47,11488.56,26.58,5988,5955,5988,4,Low Value
CUST00798,Sneha Gupta,7,9,42500.84,12198.31,28.7,5989,5946,5989,4,Low Value
CUST04709,Pooja Kumar,4,9,40960.86,9320.61,22.75,5990,5978,5990,4,Low Value
CUST01541,Amit Joshi,5,7,40004.95,12971.87,32.43,5991,5929,5991,4,Low Value
CUST02713,Neha Patil,4,5,38365.61,9886.78,25.77,5992,5970,5992,4,Low Value
CUST04713,Pooja Nair,6,9,37533.67,6497.4,17.31,5993,5993,5993,4,Low Value
CUST01570,Aarav Sharma,4,4,35421.36,9707.06,27.4,5994,5974,5994,4,Low Value
CUST02732,Neha Joshi,7,9,31041.34,7280.32,23.45,5995,5992,5995,4,Low Value
CUST04054,Vivaan Gupta,3,4,29726.08,9306.96,31.31,5996,5979,5996,4,Low Value
CUST03449,Isha Deshmukh,3,3,25823.6,5632.51,21.81,5997,5995,5997,4,Low Value
CUST05075,Sneha Joshi,4,11,25491.51,4954.61,19.44,5998,5996,5998,4,Low Value
CUST05613,Rohan Shah,4,6,21742.57,3605.18,16.58,5999,5999,5999,4,Low Value
CUST01391,Aarav Gupta,3,3,18419.3,4408.29,23.93,6000,5997,6000,4,Low Value
