Customer_ID,Customer_Name,Total_Orders,Units_Sold,Revenue,Profit,Profit_Margin_Percent,Average_Order_Value
CUST03370,Rohan Deshmukh,18,70,682579.18,215680.31,31.6,37921.07
CUST02369,Vivaan Sharma,26,65,656467.23,162061.3,24.69,25248.74
CUST02987,Amit Sharma,25,70,630590.67,114788.84,18.2,25223.63
CUST02176,Aarav Joshi,20,68,629769.19,147672.45,23.45,31488.46
CUST01171,Aarav Gupta,22,65,612137.04,151644.59,24.77,27824.41
CUST03244,Neha Mhaske,19,61,600454.29,155811.64,25.95,31602.86
CUST00947,Meera Deshmukh,21,53,592453.93,141721.69,23.92,28212.09
CUST05687,Amit Kumar,17,50,576083.55,134145.68,23.29,33887.27
CUST00992,Sneha Sharma,23,57,572539.2,141653.78,24.74,24893.01
CUST03036,Pooja Singh,21,58,569817.88,139394.75,24.46,27134.18
CUST03758,Sneha Mehta,21,53,555275.89,146087.08,26.31,26441.71
CUST05424,Aarav Joshi,16,58,544745.38,111299.86,20.43,34046.59
CUST00349,Amit Singh,20,65,543035.24,123959.62,22.83,27151.76
CUST02022,Neha Patil,23,61,541358.75,101352.1,18.72,23537.34
CUST05362,Rahul Singh,19,52,539423.17,140032.67,25.96,28390.69
CUST04253,Meera Joshi,20,60,538140.37,136884.12,25.44,26907.02
CUST01139,Karan Joshi,22,62,534445.22,116100.3,21.72,24292.96
CUST01817,Amit Patil,21,52,529895.41,118662.35,22.39,25233.11
CUST00778,Karan Shah,21,52,527205.51,146329.42,27.76,25105.02
CUST03037,Isha Sharma,17,58,521696.75,159437.07,30.56,30688.04
CUST02672,Ananya Joshi,20,51,518367.26,140944.61,27.19,25918.36
CUST04540,Karan Mehta,18,53,517450.86,125888.18,24.33,28747.27
CUST05658,Amit Singh,18,50,513434.44,134917.03,26.28,28524.14
CUST04433,Ananya Kumar,20,54,512302.35,114366.58,22.32,25615.12
CUST01428,Rahul Singh,17,45,511005.72,138730.4,27.15,30059.16
CUST05922,Karan Nair,20,49,509322.79,158308.11,31.08,25466.14
CUST01161,Isha Mhaske,21,56,503427.57,113380.38,22.52,23972.74
CUST05703,Ananya Deshmukh,16,48,498598.16,128463.23,25.76,31162.39
CUST05073,Aarav Deshmukh,24,67,497373.12,112324.2,22.58,20723.88
CUST03669,Aarav Deshmukh,17,48,497075.29,138784.1,27.92,29239.72
CUST00348,Amit Mehta,18,54,496225.41,132808.56,26.76,27568.08
CUST05110,Kavya Patil,20,57,495388.54,137065.72,27.67,24769.43
CUST04416,Vivaan Verma,21,56,495128.65,130345.69,26.33,23577.55
CUST04105,Sneha Mhaske,23,57,491863.33,114592.14,23.3,21385.36
CUST01244,Vivaan Shah,19,54,491153.79,140740.51,28.66,25850.2
CUST01564,Pooja Joshi,18,58,489934.67,92520.57,18.88,27218.59
CUST02762,Pooja Singh,13,40,488160.62,122025.25,25.0,37550.82
CUST04265,Amit Deshmukh,21,55,487744.58,124118.87,25.45,23225.93
CUST03272,Rohan Joshi,17,45,484448.68,141329.7,29.17,28496.98
CUST04378,Vivaan Mhaske,20,53,483643.45,110067.2,22.76,24182.17
CUST03149,Karan Nair,16,46,482374.99,148057.64,30.69,30148.44
CUST04678,Aarav Patil,15,45,482120.93,138270.63,28.68,32141.4
CUST03969,Rohan Kumar,19,50,481934.91,137748.73,28.58,25365.0
CUST01307,Arjun Sharma,19,54,481414.0,116318.95,24.16,25337.58
CUST01441,Kavya Sharma,18,48,481020.45,118135.15,24.56,26723.36
CUST05866,Neha Joshi,20,59,480274.75,105160.06,21.9,24013.74
CUST05985,Rahul Shah,20,48,478666.8,127650.47,26.67,23933.34
CUST02439,Priya Deshmukh,15,51,477507.72,112484.63,23.56,31833.85
CUST04335,Amit Gupta,21,57,477477.47,109423.13,22.92,22737.02
CUST04325,Vivaan Patil,16,44,476180.64,143513.91,30.14,29761.29
CUST03262,Karan Joshi,21,56,474872.14,143480.72,30.21,22612.96
CUST02501,Sneha Mehta,20,60,474795.5,115290.66,24.28,23739.78
CUST04610,Sneha Singh,22,53,474387.08,116183.55,24.49,21563.05
CUST04123,Amit Nair,15,46,473712.82,118695.05,25.06,31580.85
CUST04165,Amit Gupta,15,48,473079.78,133329.37,28.18,31538.65
CUST00382,Vivaan Gupta,13,40,472609.12,130441.01,27.6,36354.55
CUST05566,Isha Mehta,18,52,472210.38,116519.06,24.68,26233.91
CUST02034,Vivaan Kumar,21,60,471708.23,108868.3,23.08,22462.3
CUST05036,Amit Patil,20,50,471552.49,115082.24,24.4,23577.62
CUST05431,Arjun Kumar,17,50,471221.61,101682.8,21.58,27718.92
CUST05604,Pooja Verma,18,50,471013.14,116158.44,24.66,26167.4
CUST02782,Pooja Verma,17,55,470932.49,119620.16,25.4,27701.91
CUST03990,Kavya Deshmukh,17,42,468466.48,128564.92,27.44,27556.85
CUST03665,Amit Joshi,21,44,468411.8,116279.56,24.82,22305.32
CUST00716,Sneha Nair,17,49,467191.18,105142.65,22.51,27481.83
CUST01340,Sneha Deshmukh,21,54,466827.65,100289.41,21.48,22229.89
CUST03012,Isha Deshmukh,19,49,466653.47,118641.73,25.42,24560.71
CUST03400,Aditya Joshi,17,46,466585.75,116817.04,25.04,27446.22
CUST04829,Karan Mehta,21,43,466528.72,116856.39,25.05,22215.65
CUST05940,Aditya Sharma,17,41,465487.21,122354.02,26.29,27381.6
CUST03557,Kavya Mhaske,17,51,465209.01,135138.2,29.05,27365.24
CUST01273,Meera Joshi,24,56,463517.75,82907.74,17.89,19313.24
CUST04770,Aarav Mehta,19,55,463325.7,120037.03,25.91,24385.56
CUST04478,Amit Patil,16,57,462705.01,119015.78,25.72,28919.06
CUST03899,Rohan Shah,19,50,461366.2,131587.73,28.52,24282.43
CUST01719,Meera Singh,23,59,460987.84,103193.75,22.39,20042.95
CUST02819,Amit Singh,13,42,459872.75,121016.65,26.32,35374.83
CUST00139,Karan Nair,19,57,459827.19,121576.85,26.44,24201.43
CUST05394,Karan Shah,12,44,459446.74,137280.3,29.88,38287.23
CUST03248,Meera Kumar,19,50,459384.11,93781.56,20.41,24178.11
CUST03711,Amit Verma,19,50,458044.16,138849.9,30.31,24107.59
CUST05152,Vivaan Mhaske,24,51,457598.22,128627.27,28.11,19066.59
CUST05012,Priya Mehta,18,52,457329.16,95811.23,20.95,25407.18
CUST03497,Vivaan Singh,18,56,456254.79,119968.53,26.29,25347.49
CUST00831,Aditya Patil,17,46,455533.36,125298.88,27.51,26796.08
CUST04883,Pooja Sharma,17,51,454970.57,89393.3,19.65,26762.97
CUST00440,Rahul Mehta,17,55,453880.07,118067.92,26.01,26698.83
CUST01503,Ananya Verma,21,59,452443.78,91538.93,20.23,21544.94
CUST01975,Neha Gupta,19,45,452009.18,104275.25,23.07,23789.96
CUST02242,Kavya Gupta,21,55,450315.1,105070.49,23.33,21443.58
CUST04091,Neha Patil,18,50,448038.48,88519.8,19.76,24891.03
CUST04181,Amit Shah,10,35,447731.64,114992.13,25.68,44773.16
CUST05808,Kavya Deshmukh,12,39,447589.47,131518.2,29.38,37299.12
CUST04680,Ananya Deshmukh,16,42,447281.23,125947.11,28.16,27955.08
CUST01293,Arjun Mhaske,18,52,446482.53,126853.66,28.41,24804.58
CUST05337,Isha Nair,18,55,445757.93,112184.35,25.17,24764.33
CUST05646,Priya Sharma,17,46,445404.63,113720.81,25.53,26200.27
CUST05640,Rahul Verma,18,46,445135.39,110656.35,24.86,24729.74
CUST04348,Vivaan Sharma,18,49,443559.37,100479.82,22.65,24642.19
CUST00632,Sneha Joshi,22,65,443303.4,113507.54,25.6,20150.15
CUST01662,Karan Verma,19,57,441725.32,121665.86,27.54,23248.7
CUST01940,Kavya Shah,17,44,441277.12,118108.9,26.77,25957.48
CUST03905,Sneha Nair,20,52,441006.14,120476.09,27.32,22050.31
CUST00285,Meera Joshi,20,62,439974.37,99235.35,22.55,21998.72
CUST02712,Neha Sharma,14,47,439296.17,131024.43,29.83,31378.3
CUST00563,Sneha Gupta,17,42,438336.16,121823.37,27.79,25784.48
CUST04854,Rahul Joshi,19,48,438168.39,107882.61,24.62,23061.49
CUST00341,Neha Verma,18,46,438153.61,112259.54,25.62,24341.87
CUST01651,Isha Mhaske,12,43,437968.27,98893.98,22.58,36497.36
CUST05329,Aditya Nair,19,44,437917.21,110130.63,25.15,23048.27
CUST05585,Rohan Gupta,19,56,437684.91,129070.84,29.49,23036.05
CUST00303,Vivaan Kumar,18,43,436689.29,122646.49,28.09,24260.52
CUST03078,Rohan Nair,16,46,436573.78,111876.54,25.63,27285.86
CUST02429,Aarav Nair,17,57,436473.07,128576.38,29.46,25674.89
CUST03896,Rahul Shah,14,39,436460.88,119273.31,27.33,31175.78
CUST02379,Priya Verma,15,59,435847.52,102665.25,23.56,29056.5
CUST00756,Meera Singh,17,46,435795.43,99197.09,22.76,25635.03
CUST02417,Pooja Nair,16,48,434769.24,100552.32,23.13,27173.08
CUST04414,Arjun Sharma,21,46,434529.97,108646.56,25.0,20691.9
CUST05162,Rohan Patil,17,42,434505.69,112294.65,25.84,25559.16
CUST05860,Sneha Singh,16,43,432611.05,77558.83,17.93,27038.19
CUST02303,Aarav Mehta,18,46,432554.02,122444.73,28.31,24030.78
CUST03424,Rohan Nair,19,55,431083.43,112123.53,26.01,22688.6
CUST01256,Arjun Joshi,16,48,430185.06,95390.27,22.17,26886.57
CUST00644,Neha Mehta,14,43,429682.28,121610.26,28.3,30691.59
CUST01780,Rahul Gupta,19,44,429658.14,82745.67,19.26,22613.59
CUST00614,Rahul Joshi,15,39,429409.12,95742.92,22.3,28627.27
CUST00607,Priya Mhaske,20,58,429215.5,109836.57,25.59,21460.78
CUST05528,Vivaan Deshmukh,15,45,429014.41,92182.14,21.49,28600.96
CUST03587,Aarav Verma,18,39,428670.43,133664.72,31.18,23815.02
CUST04865,Aditya Joshi,15,51,428286.87,105502.9,24.63,28552.46
CUST00564,Priya Deshmukh,15,52,427959.06,124421.21,29.07,28530.6
CUST01880,Pooja Verma,14,44,427869.61,128450.0,30.02,30562.11
CUST01894,Aarav Deshmukh,17,54,427626.68,117944.12,27.58,25154.51
CUST02346,Neha Joshi,20,46,427349.64,112169.96,26.25,21367.48
CUST05697,Meera Gupta,20,53,427181.99,113111.33,26.48,21359.1
CUST05944,Vivaan Shah,20,56,426593.0,104914.84,24.59,21329.65
CUST00301,Rahul Nair,18,47,426415.48,100965.32,23.68,23689.75
CUST00689,Aarav Joshi,24,51,426338.82,87662.92,20.56,17764.12
CUST05185,Amit Gupta,19,43,426289.05,106828.01,25.06,22436.27
CUST05612,Arjun Mhaske,20,48,425956.65,90998.49,21.36,21297.83
CUST00234,Amit Singh,20,56,424936.45,124838.44,29.38,21246.82
CUST00027,Karan Gupta,19,52,424852.81,113017.41,26.6,22360.67
CUST04809,Amit Shah,18,47,424708.34,88080.21,20.74,23594.91
CUST00072,Rohan Nair,19,66,424330.66,88969.87,20.97,22333.19
CUST04036,Kavya Sharma,16,50,423701.65,101785.04,24.02,26481.35
CUST03777,Meera Mehta,19,46,423522.18,101214.03,23.9,22290.64
CUST00846,Rahul Verma,14,39,422731.4,121653.61,28.78,30195.1
CUST03008,Isha Gupta,17,48,421609.83,110198.8,26.14,24800.58
CUST01742,Ananya Deshmukh,15,44,421409.09,111582.59,26.48,28093.94
CUST02638,Kavya Nair,23,56,421095.85,91476.66,21.72,18308.52
CUST05315,Karan Singh,19,46,420938.81,120411.78,28.61,22154.67
CUST01385,Priya Patil,13,44,420868.09,118047.54,28.05,32374.47
CUST03477,Amit Gupta,15,37,420806.0,120021.98,28.52,28053.73
CUST02258,Aditya Sharma,14,44,420711.13,90064.98,21.41,30050.8
CUST01639,Isha Shah,20,45,419932.6,97980.17,23.33,20996.63
CUST00742,Rahul Patil,18,40,419575.07,105636.23,25.18,23309.73
CUST00682,Arjun Gupta,19,42,419527.75,98926.79,23.58,22080.41
CUST00613,Rahul Verma,13,44,419353.81,114413.73,27.28,32257.99
CUST01113,Pooja Sharma,14,44,419059.67,120203.19,28.68,29932.83
CUST02506,Pooja Patil,14,48,418553.33,119608.99,28.58,29896.67
CUST02240,Sneha Gupta,21,52,418110.38,91163.22,21.8,19910.02
CUST05586,Rahul Mhaske,18,47,417692.9,129015.43,30.89,23205.16
CUST04483,Arjun Deshmukh,27,57,417594.53,103491.33,24.78,15466.46
CUST01818,Kavya Nair,22,47,417589.12,105524.79,25.27,18981.32
CUST03860,Kavya Joshi,20,47,417560.66,115068.32,27.56,20878.03
CUST00225,Meera Patil,15,45,417430.88,96153.69,23.03,27828.73
CUST03577,Karan Gupta,16,42,417415.34,107677.62,25.8,26088.46
CUST01736,Pooja Gupta,15,42,417345.45,103934.41,24.9,27823.03
CUST00763,Aditya Deshmukh,15,43,416816.6,117161.41,28.11,27787.77
CUST04338,Karan Mehta,16,42,416654.38,95831.39,23.0,26040.9
CUST04481,Aditya Kumar,17,49,416205.22,91784.4,22.05,24482.66
CUST02945,Rohan Verma,16,45,415729.94,112898.31,27.16,25983.12
CUST04938,Ananya Singh,23,56,413998.66,97721.63,23.6,17999.94
CUST01576,Kavya Singh,13,33,413346.33,115712.29,27.99,31795.87
CUST05071,Neha Shah,20,52,412870.74,107551.32,26.05,20643.54
CUST03973,Aarav Mehta,17,44,412836.96,92968.8,22.52,24284.53
CUST05052,Arjun Deshmukh,22,46,412741.15,108744.38,26.35,18760.96
CUST00949,Rohan Nair,18,54,412234.45,105685.03,25.64,22901.91
CUST05535,Meera Gupta,23,45,411793.27,120611.2,29.29,17904.06
CUST02199,Neha Kumar,19,52,411337.73,114965.15,27.95,21649.35
CUST02790,Rahul Patil,19,40,410918.0,82451.36,20.07,21627.26
CUST04199,Pooja Joshi,17,44,410174.83,113455.3,27.66,24127.93
CUST02720,Arjun Mhaske,18,50,410094.8,107591.43,26.24,22783.04
CUST02413,Ananya Joshi,16,45,409546.71,117812.05,28.77,25596.67
CUST05905,Neha Patil,18,45,409465.05,103056.56,25.17,22748.06
CUST02056,Rahul Kumar,19,46,409390.54,103596.63,25.31,21546.87
CUST02995,Aarav Joshi,21,48,409184.26,107543.8,26.28,19484.96
CUST04964,Priya Mhaske,18,46,409013.37,107326.31,26.24,22722.97
CUST04597,Rahul Nair,13,34,408895.22,81002.15,19.81,31453.48
CUST04551,Priya Patil,13,44,408703.82,121192.54,29.65,31438.76
CUST01740,Meera Kumar,16,45,408264.9,90842.92,22.25,25516.56
CUST04736,Rahul Deshmukh,23,54,408097.11,105858.84,25.94,17743.35
CUST00244,Isha Shah,15,43,407927.16,110110.35,26.99,27195.14
CUST01163,Aditya Verma,13,43,406487.56,111556.96,27.44,31268.27
CUST05180,Ananya Verma,18,45,406453.11,111513.78,27.44,22580.73
CUST03125,Amit Patil,16,50,406227.77,113918.37,28.04,25389.24
CUST01353,Priya Nair,18,41,406157.98,99989.35,24.62,22564.33
CUST02113,Aditya Gupta,16,46,406038.35,122738.19,30.23,25377.4
CUST04997,Ananya Sharma,21,46,406013.46,98439.99,24.25,19333.97
CUST00591,Amit Mehta,18,45,405707.65,97233.81,23.97,22539.31
CUST00959,Priya Mhaske,17,52,405447.85,101040.5,24.92,23849.87
CUST03106,Aditya Joshi,16,41,404921.92,85561.15,21.13,25307.62
CUST05651,Ananya Deshmukh,22,50,404840.03,103035.1,25.45,18401.82
CUST03343,Amit Singh,15,41,404662.69,94937.84,23.46,26977.51
CUST02724,Amit Nair,21,62,404468.81,87521.48,21.64,19260.42
CUST00354,Neha Nair,18,47,403952.78,105479.65,26.11,22441.82
CUST00053,Vivaan Nair,19,46,403703.38,93549.98,23.17,21247.55
CUST02956,Priya Gupta,14,42,403165.88,74091.98,18.38,28797.56
CUST02749,Priya Joshi,17,46,402796.11,86227.62,21.41,23693.89
CUST00077,Pooja Kumar,21,53,402727.07,108328.92,26.9,19177.48
CUST01386,Isha Deshmukh,13,39,402535.52,111772.77,27.77,30964.27
CUST04112,Neha Sharma,14,46,401898.15,76186.12,18.96,28707.01
CUST03159,Pooja Verma,17,43,401884.87,86161.05,21.44,23640.29
CUST03052,Pooja Singh,11,37,401220.67,98316.72,24.5,36474.61
CUST05949,Isha Sharma,18,42,400684.6,88365.45,22.05,22260.26
CUST05889,Kavya Deshmukh,17,54,400298.86,88433.4,22.09,23546.99
CUST02021,Arjun Kumar,15,36,399578.46,80693.76,20.19,26638.56
CUST03506,Kavya Sharma,21,53,399260.5,104940.31,26.28,19012.4
CUST00080,Pooja Verma,19,40,399209.45,112269.48,28.12,21011.02
CUST00545,Rahul Gupta,16,41,398920.82,95223.83,23.87,24932.55
CUST02975,Pooja Verma,22,58,398605.43,78271.0,19.64,18118.43
CUST04995,Amit Sharma,20,51,398477.59,112792.3,28.31,19923.88
CUST01448,Priya Mhaske,17,41,398359.7,111416.7,27.97,23432.92
CUST05323,Rohan Deshmukh,19,43,398149.73,83165.75,20.89,20955.25
CUST00257,Isha Sharma,15,46,398043.41,113143.3,28.42,26536.23
CUST02499,Pooja Gupta,14,38,397903.08,114417.48,28.76,28421.65
CUST00785,Rahul Patil,16,57,397513.36,82027.6,20.64,24844.58
CUST00154,Kavya Nair,17,48,396573.4,115333.15,29.08,23327.85
CUST05914,Sneha Verma,15,44,396540.79,96489.44,24.33,26436.05
CUST02217,Aditya Verma,23,54,396475.16,101931.15,25.71,17238.05
CUST03761,Pooja Mhaske,15,42,396362.39,91557.75,23.1,26424.16
CUST04322,Arjun Nair,12,36,396267.28,92592.51,23.37,33022.27
CUST03056,Sneha Sharma,18,55,396095.04,82906.28,20.93,22005.28
CUST04430,Isha Gupta,11,37,395988.9,125964.52,31.81,35998.99
CUST05823,Kavya Verma,13,40,395976.55,84964.71,21.46,30459.73
CUST04839,Amit Singh,13,37,395759.66,119809.35,30.27,30443.05
CUST03697,Pooja Mehta,13,44,395555.99,90729.51,22.94,30427.38
CUST05925,Aditya Gupta,16,42,395479.25,87245.79,22.06,24717.45
CUST00429,Sneha Verma,13,43,395419.71,83093.94,21.01,30416.9
CUST01402,Sneha Joshi,13,38,395233.35,96666.88,24.46,30402.57
CUST02662,Priya Patil,20,57,395143.26,103483.33,26.19,19757.16
CUST05666,Rohan Deshmukh,21,50,395120.82,91748.02,23.22,18815.28
CUST05198,Vivaan Sharma,15,43,395093.45,115530.53,29.24,26339.56
CUST01125,Kavya Deshmukh,17,40,394868.4,96067.05,24.33,23227.55
CUST04346,Sneha Sharma,14,39,394808.93,99944.16,25.31,28200.64
CUST03934,Vivaan Patil,14,37,394460.28,88686.94,22.48,28175.73
CUST05837,Ananya Patil,21,48,394185.19,103436.13,26.24,18770.72
CUST02704,Rohan Deshmukh,14,44,394028.1,88907.93,22.56,28144.86
CUST04602,Arjun Deshmukh,13,40,393966.52,116389.96,29.54,30305.12
CUST03485,Isha Gupta,15,35,393599.06,96925.26,24.63,26239.94
CUST04864,Rohan Sharma,22,56,393562.85,120017.97,30.5,17889.22
CUST05125,Sneha Mhaske,14,44,393376.16,81331.47,20.68,28098.3
CUST05785,Sneha Mehta,18,50,393165.49,96727.48,24.6,21842.53
CUST05775,Karan Sharma,16,38,392955.97,91170.12,23.2,24559.75
CUST00485,Aditya Mehta,18,53,392757.71,98400.07,25.05,21819.87
CUST05883,Vivaan Kumar,15,41,392330.3,107689.02,27.45,26155.35
CUST04522,Meera Patil,15,42,392216.46,99058.32,25.26,26147.76
CUST05807,Isha Sharma,13,39,391822.37,101307.98,25.86,30140.18
CUST00821,Aarav Joshi,17,50,391812.58,107264.31,27.38,23047.8
CUST04665,Karan Mhaske,18,43,391766.16,119441.4,30.49,21764.79
CUST02935,Arjun Singh,12,33,391707.59,117615.68,30.03,32642.3
CUST01800,Ananya Deshmukh,19,49,391338.31,77907.79,19.91,20596.75
CUST01357,Priya Gupta,18,43,391229.58,83172.56,21.26,21734.98
CUST03310,Rohan Mehta,16,40,391002.45,112883.57,28.87,24437.65
CUST05116,Ananya Kumar,16,49,390987.49,100330.21,25.66,24436.72
CUST04750,Amit Verma,18,41,390981.86,81644.07,20.88,21721.21
CUST01297,Meera Joshi,22,58,390736.29,105943.56,27.11,17760.74
CUST02361,Aditya Patil,18,49,390525.63,113487.57,29.06,21695.87
CUST04238,Isha Gupta,18,40,390520.81,94021.87,24.08,21695.6
CUST02588,Sneha Patil,15,46,390171.25,91641.1,23.49,26011.42
CUST03073,Neha Shah,13,37,389488.84,80348.96,20.63,29960.68
CUST01575,Sneha Kumar,22,50,389460.19,94503.9,24.27,17702.74
CUST03505,Rahul Sharma,16,42,389009.26,87630.65,22.53,24313.08
CUST05614,Rohan Patil,16,46,388990.71,83797.61,21.54,24311.92
CUST00456,Meera Nair,14,34,388918.14,92412.81,23.76,27779.87
CUST01187,Aditya Sharma,15,46,388828.69,75333.8,19.37,25921.91
CUST04521,Rahul Kumar,15,49,388190.7,101154.83,26.06,25879.38
CUST00727,Arjun Joshi,21,51,387874.49,90967.78,23.45,18470.21
CUST02381,Isha Deshmukh,26,59,387858.95,99703.08,25.71,14917.65
CUST00926,Karan Patil,16,40,387760.62,116597.47,30.07,24235.04
CUST03046,Aarav Mhaske,22,53,387696.79,85856.07,22.15,17622.58
CUST05589,Kavya Joshi,20,43,387655.65,96454.81,24.88,19382.78
CUST01611,Aditya Mehta,12,40,387120.95,115011.41,29.71,32260.08
CUST02666,Amit Kumar,19,44,387019.32,118448.17,30.61,20369.44
CUST03644,Kavya Nair,14,40,387016.43,94550.2,24.43,27644.03
CUST02396,Rahul Joshi,19,54,386986.39,108784.29,28.11,20367.7
CUST04089,Vivaan Nair,14,32,386884.75,97127.57,25.11,27634.63
CUST04673,Kavya Mhaske,16,43,386852.92,101009.23,26.11,24178.31
CUST00134,Meera Gupta,17,40,386708.39,90781.63,23.48,22747.55
CUST05930,Aarav Joshi,17,43,386505.09,105779.23,27.37,22735.59
CUST04874,Arjun Joshi,15,44,386498.87,102758.51,26.59,25766.59
CUST01728,Karan Nair,14,44,386428.35,92423.87,23.92,27602.03
CUST05196,Neha Kumar,15,44,386215.45,97899.55,25.35,25747.7
CUST01933,Rahul Deshmukh,25,56,385891.75,95007.82,24.62,15435.67
CUST05391,Rohan Nair,18,41,385796.89,101380.36,26.28,21433.16
CUST00881,Rahul Mhaske,14,39,385720.69,99824.43,25.88,27551.48
CUST04362,Neha Verma,13,35,385666.47,101435.32,26.3,29666.65
CUST00657,Priya Mehta,14,42,385494.34,79763.11,20.69,27535.31
CUST04520,Aditya Kumar,15,40,385470.23,105235.49,27.3,25698.02
CUST05484,Rohan Nair,19,46,385277.83,92608.95,24.04,20277.78
CUST00403,Aarav Shah,20,50,385265.74,88044.65,22.85,19263.29
CUST01814,Priya Gupta,18,45,385250.36,93600.53,24.3,21402.8
CUST05698,Kavya Deshmukh,14,39,385088.4,128106.4,33.27,27506.31
CUST05029,Meera Singh,11,33,385067.9,84898.18,22.05,35006.17
CUST02641,Pooja Patil,15,42,384955.29,111947.47,29.08,25663.69
CUST01582,Ananya Gupta,14,40,384851.18,108802.02,28.27,27489.37
CUST03918,Vivaan Kumar,19,57,384839.18,69909.81,18.17,20254.69
CUST00774,Aarav Singh,12,41,384838.23,78140.25,20.3,32069.85
CUST00366,Rohan Shah,19,45,384445.54,81422.89,21.18,20233.98
CUST05629,Rahul Singh,15,38,384282.87,114277.9,29.74,25618.86
CUST03031,Sneha Deshmukh,17,47,384256.12,99380.91,25.86,22603.3
CUST04761,Priya Patil,16,42,384251.44,92875.89,24.17,24015.72
CUST04391,Amit Verma,15,35,384090.71,118706.5,30.91,25606.05
CUST01183,Rohan Mhaske,11,32,384065.25,112227.87,29.22,34915.02
CUST03722,Aarav Mhaske,17,39,383974.59,78410.81,20.42,22586.74
CUST05006,Pooja Shah,22,51,383770.65,89917.04,23.43,17444.12
CUST04617,Amit Kumar,13,42,383638.4,85078.88,22.18,29510.65
CUST05237,Neha Gupta,18,49,383280.03,100568.3,26.24,21293.33
CUST02620,Amit Joshi,22,52,383219.43,120484.72,31.44,17419.06
CUST02810,Rohan Deshmukh,15,40,383124.12,83327.36,21.75,25541.61
CUST01725,Vivaan Shah,18,50,383019.33,84360.53,22.03,21278.85
CUST03045,Kavya Joshi,17,41,382931.96,100681.45,26.29,22525.41
CUST03867,Priya Singh,17,48,382641.98,98955.42,25.86,22508.35
CUST04371,Kavya Nair,14,42,382468.94,100563.46,26.29,27319.21
CUST05704,Aarav Nair,14,37,382277.39,84700.35,22.16,27305.53
CUST00131,Vivaan Gupta,16,48,382252.71,87388.55,22.86,23890.79
CUST04959,Meera Singh,21,51,382047.79,99191.68,25.96,18192.75
CUST04944,Aditya Patil,14,42,381816.12,70588.0,18.49,27272.58
CUST01114,Priya Singh,15,39,381793.45,84463.36,22.12,25452.9
CUST03129,Amit Mhaske,14,38,381057.0,88566.19,23.24,27218.36
CUST04752,Pooja Joshi,18,46,381053.55,109239.03,28.67,21169.64
CUST03411,Sneha Mhaske,17,47,380999.93,81444.03,21.38,22411.76
CUST02946,Neha Mehta,20,57,380975.55,92875.58,24.38,19048.78
CUST01080,Arjun Mehta,20,51,380464.64,76217.22,20.03,19023.23
CUST02517,Karan Mehta,14,41,380380.95,104465.6,27.46,27170.07
CUST05201,Aarav Shah,21,42,380319.22,105356.28,27.7,18110.44
CUST02125,Karan Joshi,14,41,380173.33,92609.5,24.36,27155.24
CUST01393,Rahul Kumar,22,47,380131.21,100376.56,26.41,17278.69
CUST00306,Rohan Kumar,13,45,380120.01,86520.11,22.76,29240.0
CUST03518,Arjun Mhaske,23,50,379553.6,106285.2,28.0,16502.33
CUST01508,Karan Shah,20,46,379441.23,102047.36,26.89,18972.06
CUST05609,Ananya Nair,18,50,379341.83,96614.18,25.47,21074.55
CUST00577,Meera Mehta,15,51,379316.04,85631.69,22.58,25287.74
CUST00267,Rahul Joshi,17,49,379311.63,82777.84,21.82,22312.45
CUST04447,Vivaan Sharma,19,42,379304.89,126347.78,33.31,19963.42
CUST03815,Arjun Nair,15,36,379141.13,106191.69,28.01,25276.08
CUST00894,Kavya Nair,18,36,378932.78,105854.85,27.93,21051.82
CUST03636,Vivaan Shah,14,36,378695.87,89890.15,23.74,27049.7
CUST04580,Neha Gupta,15,42,378599.95,114838.44,30.33,25240.0
CUST01308,Isha Patil,14,41,378560.62,84840.34,22.41,27040.04
CUST00875,Karan Patil,18,45,378472.14,107644.31,28.44,21026.23
CUST02211,Amit Shah,20,48,378328.58,91557.72,24.2,18916.43
CUST03718,Priya Gupta,15,48,378116.19,95254.75,25.19,25207.75
CUST03512,Rohan Gupta,20,51,377702.82,100091.47,26.5,18885.14
CUST02365,Rahul Verma,20,43,377518.11,97591.03,25.85,18875.91
CUST04624,Arjun Nair,15,35,377365.68,110683.49,29.33,25157.71
CUST03001,Aarav Nair,14,32,377286.07,91345.71,24.21,26949.01
CUST00687,Sneha Shah,17,45,377285.54,96886.84,25.68,22193.27
CUST00877,Aarav Singh,13,39,377188.97,107570.25,28.52,29014.54
CUST04443,Arjun Mehta,16,43,377009.41,86079.57,22.83,23563.09
CUST00098,Amit Patil,17,53,376981.15,112108.54,29.74,22175.36
CUST00871,Karan Shah,18,46,376578.54,87194.19,23.15,20921.03
CUST01932,Arjun Mehta,21,47,376460.61,77647.73,20.63,17926.7
CUST05487,Rahul Deshmukh,16,38,375960.07,101757.28,27.07,23497.5
CUST02566,Neha Deshmukh,17,41,375588.93,88128.34,23.46,22093.47
CUST02089,Pooja Gupta,22,46,375359.36,88003.83,23.45,17061.79
CUST03357,Karan Kumar,22,61,375359.22,77674.84,20.69,17061.78
CUST01087,Isha Patil,19,50,375342.45,89705.97,23.9,19754.87
CUST05768,Rohan Sharma,19,44,375243.57,87639.28,23.36,19749.66
CUST03650,Sneha Kumar,17,44,374813.41,95703.68,25.53,22047.85
CUST01606,Sneha Joshi,15,37,374790.94,109672.15,29.26,24986.06
CUST02025,Rahul Sharma,17,44,374335.6,81009.61,21.64,22019.74
CUST04232,Rohan Deshmukh,14,42,374273.85,91577.06,24.47,26733.85
CUST02229,Amit Deshmukh,20,51,373774.58,91138.2,24.38,18688.73
CUST00537,Aditya Shah,17,42,373661.2,97582.04,26.12,21980.07
CUST05578,Amit Mhaske,16,48,373628.36,85701.03,22.94,23351.77
CUST03552,Ananya Mhaske,13,35,373188.75,105808.09,28.35,28706.83
CUST04850,Priya Singh,18,44,373170.56,89761.58,24.05,20731.7
CUST02156,Meera Singh,17,47,373140.11,84730.39,22.71,21949.42
CUST05105,Vivaan Mehta,19,46,373128.94,97105.99,26.02,19638.37
CUST01035,Priya Nair,20,49,373103.04,105892.42,28.38,18655.15
CUST04344,Arjun Patil,18,53,373101.97,76578.92,20.52,20727.89
CUST04506,Priya Verma,18,44,372849.58,89753.48,24.07,20713.87
CUST04030,Priya Nair,22,41,372692.94,89667.56,24.06,16940.59
CUST00586,Vivaan Verma,17,39,372680.16,84504.27,22.67,21922.36
CUST01097,Priya Shah,17,35,372561.83,78829.73,21.16,21915.4
CUST04563,Aditya Mehta,16,44,372394.21,98216.72,26.37,23274.64
CUST05562,Neha Nair,17,42,372303.62,95220.63,25.58,21900.21
CUST02104,Pooja Gupta,20,50,372225.6,75536.93,20.29,18611.28
CUST02249,Ananya Sharma,12,41,372005.33,77272.14,20.77,31000.44
CUST00279,Amit Verma,19,41,371911.12,83848.08,22.55,19574.27
CUST01235,Pooja Kumar,15,33,371752.31,103991.65,27.97,24783.49
CUST01911,Kavya Patil,17,41,371626.04,76560.25,20.6,21860.36
CUST00738,Pooja Patil,19,45,371100.74,77013.67,20.75,19531.62
CUST04436,Sneha Singh,15,40,370766.31,98495.54,26.57,24717.75
CUST04011,Isha Shah,22,51,370731.76,81978.66,22.11,16851.44
CUST01594,Ananya Verma,17,45,370557.01,92306.09,24.91,21797.47
CUST00152,Isha Joshi,18,39,370521.62,77405.51,20.89,20584.53
CUST01234,Arjun Deshmukh,14,37,370476.8,98545.84,26.6,26462.63
CUST01668,Vivaan Kumar,20,49,370120.45,102121.32,27.59,18506.02
CUST03541,Kavya Nair,21,55,370051.52,103822.47,28.06,17621.5
CUST04699,Amit Verma,11,40,369992.53,93923.42,25.39,33635.68
CUST00598,Pooja Gupta,19,42,369843.59,90049.0,24.35,19465.45
CUST00140,Pooja Kumar,16,43,369722.99,106545.99,28.82,23107.69
CUST02600,Kavya Gupta,13,37,369707.61,86737.76,23.46,28439.05
CUST00031,Aditya Deshmukh,20,49,369592.95,84127.38,22.76,18479.65
CUST05563,Isha Shah,16,47,369461.17,93576.81,25.33,23091.32
CUST02957,Rahul Sharma,15,36,369447.94,88660.87,24.0,24629.86
CUST00074,Rohan Gupta,20,39,369434.19,86478.49,23.41,18471.71
CUST04213,Aditya Deshmukh,9,34,369241.93,96427.46,26.11,41026.88
CUST02306,Rahul Sharma,14,42,368901.41,111614.83,30.26,26350.1
CUST02721,Aarav Gupta,19,44,368645.43,99090.95,26.88,19402.39
CUST03033,Rahul Singh,22,55,368536.56,92800.86,25.18,16751.66
CUST01294,Priya Gupta,13,45,368417.07,104807.79,28.45,28339.77
CUST05441,Priya Sharma,14,41,368171.65,99975.09,27.15,26297.98
CUST00435,Aarav Gupta,16,41,368115.52,102581.36,27.87,23007.22
CUST02998,Amit Deshmukh,12,41,367914.03,102313.38,27.81,30659.5
CUST03999,Meera Kumar,15,41,367828.32,90944.16,24.72,24521.89
CUST04887,Ananya Patil,16,42,367614.22,73145.87,19.9,22975.89
CUST00467,Sneha Patil,16,50,367437.69,111836.75,30.44,22964.86
CUST00427,Neha Singh,15,37,367304.44,90908.65,24.75,24486.96
CUST05597,Isha Gupta,15,32,367242.68,86952.81,23.68,24482.85
CUST05001,Isha Gupta,14,40,367117.5,86732.51,23.63,26222.68
CUST05117,Priya Joshi,16,53,366984.94,94116.58,25.65,22936.56
CUST03203,Sneha Sharma,16,38,366212.51,84142.52,22.98,22888.28
CUST05681,Sneha Kumar,16,49,365797.21,73633.64,20.13,22862.33
CUST00186,Amit Kumar,14,33,365623.0,85134.24,23.28,26115.93
CUST00879,Priya Patil,14,36,365466.6,101693.15,27.83,26104.76
CUST00595,Isha Mehta,13,32,365071.7,96689.84,26.49,28082.44
CUST03168,Sneha Sharma,20,46,364943.78,82389.75,22.58,18247.19
CUST04376,Sneha Kumar,18,47,364743.05,82215.46,22.54,20263.5
CUST04469,Ananya Patil,15,44,364544.32,65693.63,18.02,24302.95
CUST01916,Sneha Patil,14,36,364479.84,82066.52,22.52,26034.27
CUST03574,Priya Mhaske,15,34,364295.95,85215.16,23.39,24286.4
CUST02637,Sneha Shah,13,41,364265.23,94855.27,26.04,28020.4
CUST02813,Neha Nair,16,50,364155.78,76776.18,21.08,22759.74
CUST02939,Karan Patil,15,39,363979.22,105207.57,28.9,24265.28
CUST01988,Priya Mhaske,14,43,363592.25,99070.48,27.25,25970.88
CUST02122,Rahul Mhaske,14,42,363495.7,95214.37,26.19,25963.98
CUST03302,Rahul Gupta,17,43,363450.03,94887.68,26.11,21379.41
CUST01723,Rohan Nair,16,42,363414.33,105057.74,28.91,22713.4
CUST04880,Meera Joshi,17,42,363389.22,96810.5,26.64,21375.84
CUST00465,Ananya Nair,19,41,363268.53,106237.77,29.24,19119.4
CUST00228,Kavya Shah,19,47,362984.07,87899.18,24.22,19104.42
CUST05587,Vivaan Singh,14,39,362554.65,87800.42,24.22,25896.76
CUST02547,Aditya Verma,21,55,362445.55,85699.09,23.64,17259.31
CUST01634,Pooja Singh,22,52,362161.67,86655.25,23.93,16461.89
CUST02891,Isha Singh,19,47,362027.47,75267.78,20.79,19054.08
CUST00223,Vivaan Mehta,13,33,361864.0,116200.39,32.11,27835.69
CUST01471,Karan Mhaske,17,46,361560.24,106832.13,29.55,21268.25
CUST05908,Vivaan Sharma,19,48,361008.51,85030.7,23.55,19000.45
CUST04861,Aditya Shah,19,55,360926.84,94891.13,26.29,18996.15
CUST04285,Rahul Gupta,19,53,360835.05,82401.68,22.84,18991.32
CUST05264,Rohan Gupta,14,45,360818.38,98987.92,27.43,25772.74
CUST01687,Ananya Mehta,14,47,360486.27,78942.93,21.9,25749.02
CUST00642,Pooja Verma,18,46,360241.97,103216.49,28.65,20013.44
CUST05085,Priya Singh,14,40,360150.91,76444.64,21.23,25725.06
CUST00520,Rahul Mehta,17,40,360118.8,105513.62,29.3,21183.46
CUST04866,Karan Joshi,19,42,360108.98,112674.79,31.29,18953.1
CUST01072,Isha Kumar,17,34,359963.8,98387.26,27.33,21174.34
CUST03917,Sneha Nair,18,42,359806.87,88607.48,24.63,19989.27
CUST05937,Vivaan Singh,11,36,359726.17,96050.43,26.7,32702.38
CUST03282,Rahul Joshi,12,41,359660.68,87939.4,24.45,29971.72
CUST04431,Arjun Sharma,16,45,359563.36,77880.39,21.66,22472.71
CUST00386,Rahul Patil,20,44,359380.43,94056.21,26.17,17969.02
CUST04498,Neha Gupta,17,43,359292.68,88591.6,24.66,21134.86
CUST03295,Rahul Gupta,18,52,359260.48,74249.03,20.67,19958.92
CUST04304,Aarav Gupta,16,47,359073.65,100389.09,27.96,22442.1
CUST02612,Karan Shah,14,34,358817.97,97546.45,27.19,25629.85
CUST03392,Karan Gupta,19,56,358793.37,62264.43,17.35,18883.86
CUST00295,Meera Kumar,13,29,358777.42,80941.32,22.56,27598.26
CUST01154,Arjun Kumar,18,44,358678.91,105759.45,29.49,19926.61
CUST05631,Aarav Mhaske,14,35,358566.74,111656.98,31.14,25611.91
CUST04198,Aditya Nair,18,41,358512.23,77108.72,21.51,19917.35
CUST01598,Kavya Gupta,17,50,358417.24,87579.32,24.44,21083.37
CUST04820,Karan Singh,12,35,358379.16,102327.77,28.55,29864.93
CUST02206,Ananya Gupta,19,50,358272.99,104883.76,29.27,18856.47
CUST03511,Rohan Gupta,14,35,358263.86,93364.99,26.06,25590.28
CUST03713,Rohan Shah,19,44,358227.27,83865.15,23.41,18854.07
CUST01768,Priya Kumar,17,48,358180.44,81174.54,22.66,21069.44
CUST04554,Isha Mhaske,16,45,358033.53,76296.83,21.31,22377.1
CUST05080,Pooja Shah,14,36,357992.16,105798.62,29.55,25570.87
CUST04811,Aditya Verma,13,36,357779.46,81955.48,22.91,27521.5
CUST04409,Rahul Joshi,17,47,357626.49,95695.58,26.76,21036.85
CUST03611,Karan Deshmukh,21,54,357556.53,81102.0,22.68,17026.5
CUST02750,Aditya Mhaske,15,44,357283.43,74378.91,20.82,23818.9
CUST01214,Pooja Sharma,15,44,357226.95,68654.8,19.22,23815.13
CUST01211,Amit Deshmukh,14,39,357159.8,95597.71,26.77,25511.41
CUST04832,Aditya Kumar,18,45,356995.45,79575.9,22.29,19833.08
CUST01839,Rohan Gupta,15,50,356780.45,84546.98,23.7,23785.36
CUST00162,Neha Sharma,16,47,356746.48,85825.31,24.06,22296.65
CUST04916,Isha Verma,17,43,356732.21,101400.03,28.42,20984.25
CUST00203,Amit Patil,15,38,356180.65,108603.65,30.49,23745.38
CUST01396,Karan Nair,18,50,356024.4,98757.94,27.74,19779.13
CUST01240,Karan Joshi,9,38,355455.83,100012.36,28.14,39495.09
CUST04908,Sneha Joshi,20,54,355371.35,92686.61,26.08,17768.57
CUST04209,Rohan Sharma,14,35,355225.57,92310.13,25.99,25373.26
CUST05572,Kavya Deshmukh,13,31,355175.72,81379.39,22.91,27321.21
CUST02900,Aarav Joshi,17,42,354930.01,102201.78,28.79,20878.24
CUST04282,Vivaan Shah,14,39,354739.68,84412.09,23.8,25338.55
CUST01500,Rohan Kumar,12,39,354587.84,107626.38,30.35,29548.99
CUST01257,Vivaan Nair,16,44,354444.49,100091.94,28.24,22152.78
CUST00385,Kavya Deshmukh,16,36,354035.52,95304.44,26.92,22127.22
CUST03735,Ananya Mhaske,19,57,353991.01,82475.41,23.3,18631.11
CUST00739,Rahul Sharma,11,32,353943.37,84712.06,23.93,32176.67
CUST04459,Aditya Sharma,19,43,353867.46,87933.69,24.85,18624.6
CUST04732,Vivaan Mehta,10,31,353640.04,98524.91,27.86,35364.0
CUST05101,Priya Shah,16,49,353636.62,82241.51,23.26,22102.29
CUST00466,Ananya Gupta,17,41,353589.96,64291.36,18.18,20799.41
CUST05537,Arjun Kumar,16,38,353540.39,93110.08,26.34,22096.27
CUST04562,Rahul Deshmukh,14,46,353287.88,80736.36,22.85,25234.85
CUST03027,Kavya Kumar,20,50,353244.14,76068.37,21.53,17662.21
CUST04935,Ananya Gupta,16,44,353138.83,92607.44,26.22,22071.18
CUST02016,Pooja Singh,16,43,353137.47,89984.35,25.48,22071.09
CUST01998,Priya Gupta,12,37,352803.56,93304.97,26.45,29400.3
CUST00275,Pooja Mhaske,14,42,352751.71,60442.74,17.13,25196.55
CUST05213,Rahul Singh,18,48,352749.56,91834.89,26.03,19597.2
CUST04069,Neha Singh,11,36,352664.32,88644.6,25.14,32060.39
CUST01540,Aarav Mhaske,16,40,352534.32,103126.76,29.25,22033.4
CUST05514,Priya Gupta,21,50,352077.99,90612.82,25.74,16765.62
CUST02214,Aditya Joshi,14,42,351785.32,101382.09,28.82,25127.52
CUST01672,Sneha Deshmukh,18,35,351578.31,73106.91,20.79,19532.13
CUST01492,Isha Verma,9,35,351565.85,81048.94,23.05,39062.87
CUST03914,Aditya Mhaske,16,45,351318.63,93747.72,26.68,21957.41
CUST04983,Meera Verma,15,40,351222.23,95725.69,27.26,23414.82
CUST04948,Meera Gupta,15,42,351207.8,79393.43,22.61,23413.85
CUST00311,Aditya Joshi,12,36,350565.08,108686.68,31.0,29213.76
CUST03780,Amit Sharma,17,48,350499.71,76672.42,21.88,20617.63
CUST03677,Amit Singh,17,41,350230.3,92057.21,26.28,20601.78
CUST02496,Ananya Deshmukh,12,35,350228.35,118020.08,33.7,29185.7
CUST05763,Priya Verma,19,54,350185.86,86033.52,24.57,18430.83
CUST02921,Vivaan Mhaske,15,37,350078.04,83554.96,23.87,23338.54
CUST02781,Aarav Gupta,18,35,350075.76,96790.7,27.65,19448.65
CUST01513,Rohan Patil,18,42,349851.89,95946.84,27.42,19436.22
CUST04774,Aarav Verma,17,40,349786.29,97747.93,27.95,20575.66
CUST03038,Vivaan Kumar,13,37,349736.4,82991.84,23.73,26902.8
CUST01507,Vivaan Kumar,14,48,349672.51,83900.85,23.99,24976.61
CUST05900,Karan Patil,19,44,349583.94,82459.07,23.59,18399.15
CUST03813,Meera Sharma,16,43,349326.2,106892.74,30.6,21832.89
CUST00806,Aditya Gupta,21,58,349282.11,76999.92,22.05,16632.48
CUST01348,Isha Sharma,16,41,349241.11,77430.99,22.17,21827.57
CUST00479,Priya Verma,13,39,348548.88,95361.87,27.36,26811.45
CUST01138,Priya Shah,12,29,348525.31,83536.22,23.97,29043.78
CUST00232,Isha Sharma,19,42,348432.92,82574.26,23.7,18338.57
CUST02424,Vivaan Sharma,13,38,348249.5,65455.13,18.8,26788.42
CUST04083,Karan Kumar,12,34,348210.18,105124.23,30.19,29017.51
CUST02805,Aarav Patil,18,48,348155.22,91227.21,26.2,19341.96
CUST03317,Aditya Mhaske,15,41,348060.49,78788.17,22.64,23204.03
CUST05810,Aditya Mehta,19,51,347905.81,86402.21,24.83,18310.83
CUST05800,Aditya Mhaske,16,44,347885.38,82539.0,23.73,21742.84
CUST05745,Sneha Nair,17,46,347861.02,100831.59,28.99,20462.41
CUST04790,Kavya Joshi,20,55,347721.94,78477.87,22.57,17386.1
CUST00581,Kavya Kumar,16,43,347684.53,71293.47,20.51,21730.28
CUST04385,Neha Verma,14,39,347567.0,111301.25,32.02,24826.21
CUST00784,Isha Deshmukh,20,44,347507.76,81644.93,23.49,17375.39
CUST05716,Vivaan Verma,16,41,347494.28,98060.61,28.22,21718.39
CUST00521,Vivaan Nair,18,47,347426.27,68734.52,19.78,19301.46
CUST02544,Priya Deshmukh,17,41,347242.58,87515.13,25.2,20426.03
CUST03656,Amit Mehta,14,42,346726.78,69430.05,20.02,24766.2
CUST00845,Priya Singh,15,40,346696.84,100506.86,28.99,23113.12
CUST05301,Karan Patil,20,48,346648.36,81470.45,23.5,17332.42
CUST04307,Rahul Gupta,13,36,346540.56,91726.36,26.47,26656.97
CUST02774,Isha Shah,16,34,346455.38,95794.33,27.65,21653.46
CUST00554,Priya Shah,15,34,346375.81,84117.97,24.29,23091.72
CUST03584,Priya Nair,14,46,346286.23,99869.3,28.84,24734.73
CUST04724,Neha Shah,18,50,346171.42,82563.05,23.85,19231.75
CUST02831,Rohan Verma,14,39,345798.37,68554.5,19.82,24699.88
CUST02000,Isha Mehta,17,35,345513.01,73851.17,21.37,20324.29
CUST01670,Meera Gupta,15,40,345483.32,99073.71,28.68,23032.22
CUST02279,Sneha Nair,14,31,345462.88,94133.99,27.25,24675.92
CUST03888,Vivaan Kumar,17,45,345436.72,92366.63,26.74,20319.81
CUST01618,Rohan Patil,14,38,345436.16,109457.43,31.69,24674.01
CUST02246,Vivaan Mhaske,17,39,345421.02,97432.91,28.21,20318.88
CUST05385,Ananya Mhaske,18,37,345388.09,84999.19,24.61,19188.23
CUST01506,Meera Singh,14,33,345290.76,114841.46,33.26,24663.63
CUST02069,Karan Singh,19,49,345266.81,78830.17,22.83,18171.94
CUST01981,Amit Kumar,16,40,344916.68,111229.37,32.25,21557.29
CUST01179,Kavya Joshi,17,41,344830.33,98542.54,28.58,20284.14
CUST00197,Aarav Mehta,17,46,344709.55,77987.21,22.62,20277.03
CUST00900,Pooja Kumar,16,42,344496.71,78163.17,22.69,21531.04
CUST03429,Kavya Verma,18,40,344350.35,83199.57,24.16,19130.57
CUST03004,Kavya Gupta,15,36,344238.43,91650.65,26.62,22949.23
CUST02330,Isha Kumar,16,45,344120.65,71453.16,20.76,21507.54
CUST05660,Neha Patil,15,36,344105.28,88240.07,25.64,22940.35
CUST01365,Priya Joshi,12,37,343830.67,63670.99,18.52,28652.56
CUST02593,Rahul Gupta,14,31,343651.71,90646.82,26.38,24546.55
CUST03296,Karan Verma,19,44,343590.5,84682.38,24.65,18083.71
CUST02690,Pooja Patil,13,32,343571.32,91104.8,26.52,26428.56
CUST05266,Vivaan Mhaske,13,36,343560.19,94578.28,27.53,26427.71
CUST04567,Sneha Gupta,23,58,343509.7,76036.23,22.14,14935.2
CUST05809,Rohan Mhaske,15,31,343465.95,87274.31,25.41,22897.73
CUST04784,Karan Shah,20,50,343465.8,70563.09,20.54,17173.29
CUST01350,Arjun Mhaske,20,61,343406.64,73545.02,21.42,17170.33
CUST00458,Neha Mehta,18,51,343352.15,92972.12,27.08,19075.12
CUST05422,Rahul Deshmukh,13,32,343300.68,80542.57,23.46,26407.74
CUST03622,Aditya Shah,15,47,343281.36,70075.96,20.41,22885.42
CUST05603,Arjun Gupta,17,51,343230.93,86297.64,25.14,20190.05
CUST05126,Kavya Gupta,15,37,343224.54,84228.94,24.54,22881.64
CUST04584,Rahul Gupta,16,39,343163.91,85061.2,24.79,21447.74
CUST00153,Vivaan Mhaske,17,38,342996.84,71190.88,20.76,20176.28
CUST03639,Ananya Gupta,15,42,342840.38,86895.49,25.35,22856.03
CUST01580,Aditya Mhaske,16,43,342812.57,75794.53,22.11,21425.79
CUST05581,Aditya Kumar,15,31,342763.08,68650.33,20.03,22850.87
CUST03210,Neha Verma,13,36,342606.59,76310.76,22.27,26354.35
CUST00527,Priya Verma,13,34,342489.2,99832.48,29.15,26345.32
CUST01586,Karan Patil,15,41,342260.33,105295.48,30.76,22817.36
CUST01591,Neha Joshi,12,41,342230.55,82459.76,24.09,28519.21
CUST03613,Rahul Deshmukh,13,35,341857.91,60548.45,17.71,26296.76
CUST01175,Karan Shah,21,46,341689.63,92295.78,27.01,16270.93
CUST02489,Priya Sharma,16,36,341689.6,94716.21,27.72,21355.6
CUST00668,Amit Nair,14,35,341667.16,82155.94,24.05,24404.8
CUST03968,Vivaan Kumar,19,44,341315.35,76788.42,22.5,17963.97
CUST04882,Aarav Sharma,18,47,341296.76,75790.72,22.21,18960.93
CUST02319,Vivaan Deshmukh,19,50,341212.29,70567.57,20.68,17958.54
CUST03912,Vivaan Deshmukh,15,39,341181.55,108327.21,31.75,22745.44
CUST01374,Kavya Singh,18,47,341147.03,82067.88,24.06,18952.61
CUST02878,Arjun Mehta,17,40,341078.26,81278.2,23.83,20063.43
CUST04823,Rahul Nair,16,45,341030.06,88682.81,26.0,21314.38
CUST03595,Aarav Mehta,17,48,340982.77,60808.69,17.83,20057.81
CUST03227,Meera Shah,13,39,340889.82,84127.33,24.68,26222.29
CUST04261,Amit Deshmukh,13,39,340888.57,83190.52,24.4,26222.2
CUST05376,Rohan Gupta,17,43,340622.45,75602.37,22.2,20036.61
CUST02261,Aarav Nair,13,34,340342.11,80924.56,23.78,26180.16
CUST00566,Sneha Singh,19,35,340307.45,95882.1,28.18,17910.92
CUST05265,Isha Mehta,16,37,340231.09,77793.96,22.87,21264.44
CUST02073,Ananya Mhaske,15,35,340204.15,94139.93,27.67,22680.28
CUST00413,Kavya Mhaske,16,42,340194.75,82647.46,24.29,21262.17
CUST00205,Meera Patil,15,40,340132.2,78876.02,23.19,22675.48
CUST02829,Vivaan Singh,18,46,340050.71,83477.82,24.55,18891.71
CUST00240,Sneha Verma,14,46,340044.74,89490.26,26.32,24288.91
CUST04247,Sneha Gupta,18,37,339906.91,99752.16,29.35,18883.72
CUST00725,Amit Mhaske,19,42,339847.77,84749.59,24.94,17886.72
CUST01059,Vivaan Sharma,15,40,339804.98,83258.64,24.5,22653.67
CUST05645,Kavya Shah,13,34,339778.35,84034.35,24.73,26136.8
CUST02913,Rahul Mhaske,20,50,339765.8,90306.44,26.58,16988.29
CUST01607,Ananya Patil,17,39,339679.52,73277.98,21.57,19981.15
CUST05342,Kavya Gupta,19,42,339550.52,77695.25,22.88,17871.08
CUST00328,Rohan Patil,18,41,339453.94,93612.49,27.58,18858.55
CUST00235,Rohan Shah,13,35,339418.17,94953.12,27.98,26109.09
CUST03147,Sneha Verma,17,41,339407.63,87513.84,25.78,19965.15
CUST01795,Kavya Verma,15,40,339332.13,99538.65,29.33,22622.14
CUST03440,Ananya Nair,16,40,339327.08,80761.09,23.8,21207.94
CUST00899,Neha Mhaske,18,43,339313.9,73920.93,21.79,18850.77
CUST00069,Aarav Gupta,16,38,339072.74,67868.95,20.02,21192.05
CUST01472,Ananya Sharma,16,43,339062.7,89064.46,26.27,21191.42
CUST04144,Arjun Deshmukh,16,36,338970.39,96871.92,28.58,21185.65
CUST05732,Aarav Mehta,16,39,338566.03,100269.15,29.62,21160.38
CUST05588,Ananya Sharma,14,32,338559.48,73938.83,21.84,24182.82
CUST00991,Kavya Nair,19,43,338445.96,65374.3,19.32,17812.95
CUST05217,Isha Sharma,13,37,338295.81,63496.44,18.77,26022.75
CUST04326,Meera Patil,15,39,338291.96,62584.37,18.5,22552.8
CUST03496,Ananya Patil,16,41,338160.79,71213.12,21.06,21135.05
CUST05881,Amit Verma,18,44,338129.58,75439.57,22.31,18784.98
CUST02287,Rohan Mhaske,16,43,338089.93,76059.5,22.5,21130.62
CUST00277,Aditya Mhaske,14,36,338054.22,71899.23,21.27,24146.73
CUST05418,Ananya Mhaske,13,43,338009.49,90775.85,26.86,26000.73
CUST00724,Neha Deshmukh,15,36,337990.33,87949.49,26.02,22532.69
CUST02809,Sneha Patil,16,41,337739.83,74831.98,22.16,21108.74
CUST05561,Aditya Deshmukh,14,34,337736.12,88087.44,26.08,24124.01
CUST00117,Meera Singh,11,34,337724.18,101275.44,29.99,30702.2
CUST01229,Sneha Joshi,15,38,337716.22,95845.15,28.38,22514.41
CUST00195,Meera Deshmukh,18,43,337674.81,73753.86,21.84,18759.71
CUST04166,Meera Nair,12,41,337519.73,83971.89,24.88,28126.64
CUST01387,Vivaan Mhaske,15,43,337491.89,70169.43,20.79,22499.46
CUST04974,Ananya Deshmukh,13,32,337174.44,75511.57,22.4,25936.5
CUST00940,Arjun Deshmukh,15,40,337058.75,76037.83,22.56,22470.58
CUST03156,Rahul Verma,15,37,336998.68,92658.12,27.5,22466.58
CUST01381,Rohan Joshi,21,44,336967.8,75510.68,22.41,16046.09
CUST00096,Sneha Kumar,16,37,336925.98,89225.2,26.48,21057.87
CUST04170,Arjun Deshmukh,13,37,336866.98,100192.33,29.74,25912.84
CUST01510,Neha Kumar,17,39,336727.47,102635.12,30.48,19807.5
CUST03606,Aarav Nair,16,45,336611.48,97256.98,28.89,21038.22
CUST02796,Rahul Gupta,17,37,336434.55,95861.82,28.49,19790.27
CUST02332,Neha Shah,14,35,336384.29,70009.03,20.81,24027.45
CUST05634,Pooja Gupta,15,37,336323.67,90763.14,26.99,22421.58
CUST04727,Ananya Sharma,17,39,336315.09,72558.57,21.57,19783.24
CUST05291,Sneha Nair,14,36,336110.84,96447.42,28.7,24007.92
CUST04042,Rahul Sharma,18,37,336101.88,93678.3,27.87,18672.33
CUST01474,Kavya Patil,13,39,335785.03,70202.43,20.91,25829.62
CUST05009,Arjun Sharma,13,39,335770.13,103284.51,30.76,25828.47
CUST03153,Isha Kumar,19,48,335715.06,75329.69,22.44,17669.21
CUST04080,Amit Shah,18,42,335649.73,86555.35,25.79,18647.21
CUST05390,Arjun Mhaske,19,39,335640.07,78666.57,23.44,17665.27
CUST04100,Aditya Kumar,15,34,335502.19,84786.78,25.27,22366.81
CUST05843,Pooja Kumar,13,41,335457.17,83832.44,24.99,25804.4
CUST00281,Priya Shah,17,40,335452.95,84773.23,25.27,19732.53
CUST04449,Ananya Mehta,12,34,335432.4,88207.74,26.3,27952.7
CUST01698,Pooja Patil,12,34,335331.41,84041.96,25.06,27944.28
CUST01274,Priya Nair,18,48,335324.85,66990.0,19.98,18629.16
CUST04547,Neha Mehta,12,29,335271.75,103064.1,30.74,27939.31
CUST01460,Neha Gupta,17,46,335249.08,101834.85,30.38,19720.53
CUST01417,Priya Verma,13,39,335216.74,94225.28,28.11,25785.9
CUST01419,Vivaan Kumar,17,39,335113.81,75613.88,22.56,19712.58
CUST01959,Rohan Shah,11,37,335104.58,71452.58,21.32,30464.05
CUST04914,Neha Verma,17,37,335005.33,85970.13,25.66,19706.2
CUST00161,Isha Mehta,13,30,334958.09,96498.65,28.81,25766.01
CUST03054,Amit Joshi,15,36,334867.95,69922.79,20.88,22324.53
CUST05952,Vivaan Deshmukh,15,35,334684.06,74597.08,22.29,22312.27
CUST03658,Aarav Mehta,18,39,334656.29,96810.33,28.93,18592.02
CUST04894,Aditya Deshmukh,14,35,334559.46,75664.83,22.62,23897.1
CUST05384,Amit Mhaske,16,43,334550.11,76466.43,22.86,20909.38
CUST01149,Ananya Patil,20,46,334466.77,68031.65,20.34,16723.34
CUST02940,Aditya Verma,13,29,334273.73,109906.93,32.88,25713.36
CUST04071,Karan Joshi,16,41,333848.9,68527.13,20.53,20865.56
CUST00105,Meera Joshi,16,37,333655.63,88823.42,26.62,20853.48
CUST04718,Vivaan Shah,14,43,333559.14,83232.7,24.95,23825.65
CUST03642,Isha Singh,17,51,333244.98,70910.59,21.28,19602.65
CUST04337,Aarav Deshmukh,13,36,333201.39,100866.67,30.27,25630.88
CUST03686,Rohan Mhaske,15,39,333133.38,90792.88,27.25,22208.89
CUST02502,Rahul Deshmukh,14,31,333058.56,91860.64,27.58,23789.9
CUST04999,Isha Gupta,16,46,333034.08,62134.87,18.66,20814.63
CUST03857,Arjun Singh,19,45,332932.08,85237.89,25.6,17522.74
CUST03215,Sneha Mehta,20,53,332920.34,77330.36,23.23,16646.02
CUST04221,Rahul Nair,18,41,332767.95,73837.58,22.19,18487.11
CUST03869,Ananya Verma,16,42,332357.41,72437.1,21.79,20772.34
CUST05849,Meera Patil,17,39,332292.0,64655.01,19.46,19546.59
CUST03142,Vivaan Mhaske,19,39,332057.93,81519.28,24.55,17476.73
CUST05457,Meera Verma,14,39,332001.18,81510.92,24.55,23714.37
CUST00190,Neha Nair,18,43,331973.74,85661.35,25.8,18442.99
CUST02290,Aarav Sharma,11,35,331939.18,89395.69,26.93,30176.29
CUST03334,Aditya Gupta,20,46,331905.79,82304.28,24.8,16595.29
CUST05882,Aarav Gupta,18,49,331605.23,87924.57,26.51,18422.51
CUST01997,Kavya Joshi,17,44,331588.49,93294.33,28.14,19505.21
CUST05470,Meera Joshi,11,33,331586.85,82348.44,24.83,30144.26
CUST04017,Aarav Shah,16,46,331499.47,99705.52,30.08,20718.72
CUST05461,Vivaan Kumar,18,40,331398.79,67012.18,20.22,18411.04
CUST04283,Kavya Singh,10,31,331363.43,79203.16,23.9,33136.34
CUST03906,Amit Singh,20,41,331268.18,80067.13,24.17,16563.41
CUST04559,Pooja Mhaske,17,47,331183.85,93748.67,28.31,19481.4
CUST04067,Vivaan Mehta,14,44,330880.0,77314.88,23.37,23634.29
CUST00906,Pooja Deshmukh,12,34,330856.6,83444.15,25.22,27571.38
CUST03293,Isha Mehta,16,39,330652.81,98173.88,29.69,20665.8
CUST05962,Rahul Kumar,19,41,330575.22,82433.97,24.94,17398.7
CUST02627,Meera Patil,19,52,330417.42,71853.77,21.75,17390.39
CUST00843,Isha Mhaske,9,27,330349.93,67858.15,20.54,36705.55
CUST03020,Isha Patil,16,36,330295.9,79157.07,23.97,20643.49
CUST02982,Meera Deshmukh,12,30,330257.51,89177.81,27.0,27521.46
CUST04679,Aditya Sharma,17,41,330096.25,87733.68,26.58,19417.43
CUST03179,Aarav Gupta,13,38,330089.7,81923.91,24.82,25391.52
CUST01619,Karan Verma,15,38,330086.28,104710.44,31.72,22005.75
CUST02441,Priya Mehta,20,42,329920.78,68015.81,20.62,16496.04
CUST04762,Karan Deshmukh,13,39,329903.25,95562.35,28.97,25377.17
CUST02615,Rohan Mhaske,15,40,329846.84,78450.89,23.78,21989.79
CUST01648,Kavya Patil,18,49,329730.71,98616.46,29.91,18318.37
CUST05113,Amit Mehta,18,42,329701.68,57452.44,17.43,18316.76
CUST01548,Vivaan Mehta,13,34,329674.66,64953.75,19.7,25359.59
CUST05248,Meera Verma,14,35,329492.33,92864.2,28.18,23535.17
CUST00107,Aarav Sharma,18,44,329399.46,73899.37,22.43,18299.97
CUST03987,Isha Shah,11,33,329246.36,61253.34,18.6,29931.49
CUST04719,Sneha Singh,11,34,329229.32,62530.5,18.99,29929.94
CUST01831,Priya Patil,14,34,329179.22,106212.05,32.27,23512.8
CUST00378,Vivaan Kumar,10,25,328686.77,97930.64,29.79,32868.68
CUST01669,Pooja Gupta,13,33,328624.12,82147.32,25.0,25278.78
CUST03187,Priya Gupta,18,47,328541.17,63496.3,19.33,18252.29
CUST05539,Aditya Joshi,14,35,328519.69,89105.97,27.12,23465.69
CUST00970,Priya Verma,15,52,328367.77,64450.15,19.63,21891.18
CUST01272,Vivaan Mhaske,11,32,328359.89,92646.45,28.21,29850.9
CUST02970,Rohan Patil,17,43,328204.11,75152.43,22.9,19306.12
CUST00213,Aditya Singh,15,42,328160.95,79386.27,24.19,21877.4
CUST02469,Sneha Mhaske,17,38,328082.82,89604.08,27.31,19298.99
CUST01890,Isha Patil,14,31,328056.12,93103.07,28.38,23432.58
CUST00462,Priya Kumar,13,37,327980.77,85998.15,26.22,25229.29
CUST00823,Rahul Joshi,16,32,327892.91,88589.57,27.02,20493.31
CUST00278,Aditya Nair,17,34,327815.58,93160.37,28.42,19283.27
CUST02106,Vivaan Deshmukh,23,57,327789.22,71982.14,21.96,14251.71
CUST04075,Sneha Joshi,14,31,327631.42,87565.06,26.73,23402.24
CUST04292,Kavya Joshi,20,42,327530.84,82168.88,25.09,16376.54
CUST04423,Priya Mehta,13,36,327266.15,93870.13,28.68,25174.32
CUST02785,Ananya Nair,17,44,327192.5,72210.4,22.07,19246.62
CUST03874,Rahul Kumar,19,46,327144.39,82090.34,25.09,17218.13
CUST05973,Karan Deshmukh,16,37,327139.12,78745.03,24.07,20446.19
CUST02157,Rahul Nair,19,39,327135.94,93029.93,28.44,17217.68
CUST05032,Isha Shah,15,30,327115.26,73859.02,22.58,21807.68
CUST00583,Karan Mehta,17,39,327056.54,83387.28,25.5,19238.62
CUST04073,Pooja Mehta,18,50,327004.05,91437.78,27.96,18166.89
CUST04349,Karan Verma,12,27,326948.54,92801.26,28.38,27245.71
CUST03938,Neha Kumar,15,31,326752.23,82829.65,25.35,21783.48
CUST00475,Ananya Kumar,11,29,326714.58,82090.24,25.13,29701.33
CUST05469,Meera Gupta,18,47,326637.77,100382.45,30.73,18146.54
CUST05911,Amit Mehta,17,42,326590.65,86162.71,26.38,19211.21
CUST05854,Priya Sharma,20,44,326480.17,80631.92,24.7,16324.01
CUST02606,Arjun Gupta,17,41,326372.91,66680.7,20.43,19198.41
CUST02516,Meera Patil,18,42,326357.24,92600.02,28.37,18130.96
CUST01198,Meera Nair,14,42,326355.8,62604.2,19.18,23311.13
CUST05967,Karan Mhaske,14,37,326280.57,89797.18,27.52,23305.76
CUST01036,Neha Verma,17,46,326271.12,63527.5,19.47,19192.42
CUST03451,Sneha Deshmukh,17,44,326268.08,86956.16,26.65,19192.24
CUST05869,Kavya Kumar,13,39,326253.75,81964.34,25.12,25096.44
CUST00543,Ananya Shah,16,46,326223.65,80680.98,24.73,20388.98
CUST05630,Rohan Verma,13,38,326176.0,59066.33,18.11,25090.46
CUST04352,Aditya Singh,19,44,326162.5,76517.07,23.46,17166.45
CUST01790,Ananya Deshmukh,13,40,325916.73,93145.01,28.58,25070.52
CUST03374,Aditya Kumar,22,37,325771.89,85563.13,26.26,14807.81
CUST05547,Pooja Nair,18,39,325705.08,72086.17,22.13,18094.73
CUST03983,Aditya Mhaske,16,49,325696.18,68760.3,21.11,20356.01
CUST02124,Kavya Sharma,14,43,325607.23,68093.81,20.91,23257.66
CUST03422,Pooja Nair,15,38,325489.36,74179.15,22.79,21699.29
CUST05921,Sneha Singh,14,41,325373.81,79583.28,24.46,23240.99
CUST04158,Aarav Mhaske,16,44,325290.67,88926.19,27.34,20330.67
CUST02834,Kavya Mehta,15,38,325204.22,60842.62,18.71,21680.28
CUST03217,Isha Sharma,12,36,325059.09,78559.24,24.17,27088.26
CUST00816,Priya Patil,20,43,325044.17,83763.75,25.77,16252.21
CUST05771,Neha Kumar,21,48,325032.68,68298.78,21.01,15477.75
CUST01675,Arjun Shah,20,46,325031.02,76821.61,23.64,16251.55
CUST02926,Priya Sharma,15,35,324857.75,93497.98,28.78,21657.18
CUST03410,Arjun Patil,15,40,324851.76,64464.65,19.84,21656.78
CUST04828,Arjun Singh,15,36,324750.27,71813.73,22.11,21650.02
CUST03260,Pooja Patil,17,39,324706.45,89602.84,27.6,19100.38
CUST01688,Kavya Deshmukh,12,31,324639.56,86049.73,26.51,27053.3
CUST03660,Rohan Deshmukh,12,29,324546.79,94810.92,29.21,27045.57
CUST01287,Rahul Gupta,17,35,324417.27,87095.88,26.85,19083.37
CUST02435,Arjun Nair,15,35,324405.51,59710.93,18.41,21627.03
CUST03172,Aarav Mehta,19,46,324300.75,73494.31,22.66,17068.46
CUST00597,Rahul Gupta,17,40,324268.57,96081.62,29.63,19074.62
CUST01206,Amit Patil,16,39,324260.35,71823.69,22.15,20266.27
CUST04572,Neha Singh,9,30,324247.58,87447.51,26.97,36027.51
CUST00824,Aarav Kumar,19,39,324021.79,92224.33,28.46,17053.78
CUST02080,Neha Nair,14,42,323982.91,85248.06,26.31,23141.64
CUST02674,Meera Verma,14,47,323891.17,86330.65,26.65,23135.08
CUST01422,Meera Verma,21,51,323797.16,76759.92,23.71,15418.91
CUST03278,Neha Shah,12,36,323701.49,80598.74,24.9,26975.12
CUST00560,Priya Kumar,10,32,323454.74,84121.0,26.01,32345.47
CUST00641,Vivaan Joshi,15,44,323375.78,53656.67,16.59,21558.39
CUST05633,Arjun Verma,15,44,323337.36,89540.84,27.69,21555.82
CUST04827,Rohan Sharma,15,44,323283.37,62743.34,19.41,21552.22
CUST01067,Pooja Deshmukh,13,33,323247.72,77084.79,23.85,24865.21
CUST03436,Pooja Patil,18,37,323109.97,73051.12,22.61,17950.55
CUST01720,Vivaan Kumar,15,34,322971.99,72397.8,22.42,21531.47
CUST00787,Arjun Mehta,17,40,322704.01,89936.0,27.87,18982.59
CUST01384,Pooja Singh,14,43,322664.55,77063.35,23.88,23047.47
CUST05218,Priya Joshi,15,48,322661.63,81664.49,25.31,21510.78
CUST03273,Pooja Shah,16,40,322660.41,79279.39,24.57,20166.28
CUST00863,Priya Mhaske,17,40,322648.36,81516.8,25.26,18979.32
CUST00335,Rahul Kumar,14,36,322645.29,74337.27,23.04,23046.09
CUST03631,Kavya Shah,15,38,322613.0,86227.03,26.73,21507.53
CUST02743,Arjun Verma,16,37,322362.72,97262.45,30.17,20147.67
CUST02556,Amit Shah,16,38,322166.29,93599.44,29.05,20135.39
CUST05549,Rohan Deshmukh,18,43,322143.51,80337.06,24.94,17896.86
CUST00266,Neha Shah,13,37,321973.83,76584.55,23.79,24767.22
CUST03101,Priya Kumar,13,31,321963.89,77597.67,24.1,24766.45
CUST00112,Rohan Singh,16,42,321870.98,87286.26,27.12,20116.94
CUST01495,Arjun Gupta,15,34,321831.62,88920.35,27.63,21455.44
CUST04176,Amit Kumar,14,42,321798.18,102397.47,31.82,22985.58
CUST03954,Arjun Sharma,16,40,321716.42,71980.65,22.37,20107.28
CUST05060,Vivaan Nair,10,29,321688.57,82337.47,25.6,32168.86
CUST02121,Rohan Sharma,13,36,321602.97,88923.04,27.65,24738.69
CUST04646,Aarav Gupta,18,41,321585.44,86755.28,26.98,17865.86
CUST03765,Sneha Verma,9,28,321579.61,86110.4,26.78,35731.07
CUST05895,Vivaan Mehta,18,41,321541.27,70906.39,22.05,17863.4
CUST02334,Sneha Gupta,14,35,321484.83,66880.19,20.8,22963.2
CUST01103,Vivaan Gupta,17,49,321406.56,80409.96,25.02,18906.27
CUST01269,Amit Mehta,19,52,321378.26,67176.47,20.9,16914.65
CUST02972,Vivaan Sharma,17,43,321349.89,82415.33,25.65,18902.93
CUST04708,Arjun Sharma,17,43,321341.38,74764.48,23.27,18902.43
CUST04361,Priya Nair,11,33,321239.28,103204.13,32.13,29203.57
CUST02345,Sneha Verma,11,31,321207.94,83213.06,25.91,29200.72
CUST03136,Neha Patil,18,49,321130.46,92460.09,28.79,17840.58
CUST03086,Isha Gupta,16,43,321098.87,82076.01,25.56,20068.68
CUST02563,Rahul Shah,19,49,321022.05,71933.83,22.41,16895.9
CUST03479,Aarav Gupta,12,32,320964.14,92462.41,28.81,26747.01
CUST05751,Isha Deshmukh,12,39,320941.32,80073.43,24.95,26745.11
CUST04309,Karan Deshmukh,19,39,320898.23,88359.47,27.54,16889.38
CUST05793,Vivaan Deshmukh,15,39,320822.75,74530.31,23.23,21388.18
CUST03488,Aditya Nair,13,42,320777.85,81640.87,25.45,24675.22
CUST00064,Arjun Mehta,18,47,320751.74,69026.57,21.52,17819.54
CUST05806,Kavya Gupta,20,47,320676.36,78304.47,24.42,16033.82
CUST04321,Priya Singh,20,45,320602.74,91660.21,28.59,16030.14
CUST02885,Aarav Patil,17,39,320569.95,89928.01,28.05,18857.06
CUST04847,Aditya Deshmukh,18,41,320483.98,85126.19,26.56,17804.67
CUST02760,Rahul Nair,15,35,320410.78,96161.2,30.01,21360.72
CUST05251,Rohan Gupta,14,44,320367.06,63815.26,19.92,22883.36
CUST05506,Isha Nair,12,29,320315.33,80042.26,24.99,26692.94
CUST04776,Kavya Shah,14,41,320254.36,71579.46,22.35,22875.31
CUST04013,Meera Patil,15,38,320185.75,71761.03,22.41,21345.72
CUST04035,Neha Patil,13,43,320116.7,81533.07,25.47,24624.36
CUST03764,Aarav Joshi,17,43,320115.8,80810.95,25.24,18830.34
CUST02146,Rahul Patil,17,44,319973.95,70347.49,21.99,18822.0
CUST00087,Aditya Mehta,13,32,319871.56,97379.19,30.44,24605.5
CUST02358,Karan Mhaske,12,38,319835.04,67604.02,21.14,26652.92
CUST04575,Kavya Verma,15,31,319699.34,72575.41,22.7,21313.29
CUST01133,Kavya Shah,12,30,319592.64,97028.86,30.36,26632.72
CUST02247,Aarav Verma,10,32,319510.88,82960.85,25.96,31951.09
CUST01199,Sneha Deshmukh,13,28,319451.29,82419.3,25.8,24573.18
CUST05782,Rahul Verma,19,43,319435.66,60460.84,18.93,16812.4
CUST00946,Isha Patil,19,41,319378.03,74840.92,23.43,16809.37
CUST00656,Aarav Patil,19,46,319372.22,52772.24,16.52,16809.06
CUST00442,Isha Mhaske,18,47,319140.77,78068.96,24.46,17730.04
CUST03281,Rahul Patil,18,40,319026.41,65599.81,20.56,17723.69
CUST04788,Kavya Mhaske,13,35,318825.72,93709.13,29.39,24525.06
CUST00660,Arjun Mehta,14,41,318816.8,83872.11,26.31,22772.63
CUST02167,Priya Mehta,18,48,318760.71,84422.82,26.48,17708.93
CUST00412,Rahul Mehta,14,33,318758.14,75305.83,23.62,22768.44
CUST01089,Rohan Mehta,17,39,318583.6,83103.28,26.09,18740.21
CUST01873,Meera Sharma,11,37,318579.7,82213.48,25.81,28961.79
CUST05970,Meera Joshi,15,37,318505.58,85165.11,26.74,21233.71
CUST03986,Vivaan Patil,19,44,318347.37,64881.76,20.38,16755.12
CUST01855,Kavya Patil,10,27,318343.48,72926.15,22.91,31834.35
CUST00794,Vivaan Sharma,14,29,318329.47,71651.37,22.51,22737.82
CUST02315,Aditya Joshi,19,48,318316.06,75260.34,23.64,16753.48
CUST05942,Karan Joshi,20,44,318296.66,103843.93,32.62,15914.83
CUST02159,Vivaan Joshi,16,34,318136.03,52732.99,16.58,19883.5
CUST04952,Amit Mhaske,18,46,318134.2,56908.68,17.89,17674.12
CUST04328,Aarav Shah,17,33,318101.44,70136.01,22.05,18711.85
CUST01238,Amit Mehta,15,38,318068.65,83152.79,26.14,21204.58
CUST00975,Isha Verma,13,29,318023.77,87197.17,27.42,24463.37
CUST04015,Priya Singh,16,35,317980.87,69360.6,21.81,19873.8
CUST04972,Amit Kumar,20,48,317929.26,70109.78,22.05,15896.46
CUST00490,Rahul Mehta,16,41,317924.48,85600.97,26.92,19870.28
CUST04276,Vivaan Joshi,14,36,317818.57,68127.8,21.44,22701.33
CUST03151,Karan Sharma,21,41,317755.33,75184.56,23.66,15131.21
CUST01796,Isha Nair,14,44,317639.5,82372.6,25.93,22688.54
CUST02393,Arjun Shah,13,34,317594.74,74810.96,23.56,24430.36
CUST05699,Aarav Mehta,13,35,317525.73,84013.07,26.46,24425.06
CUST04576,Isha Singh,15,48,317350.48,64575.96,20.35,21156.7
CUST01172,Neha Patil,21,53,317317.56,72340.06,22.8,15110.36
CUST04659,Ananya Deshmukh,14,41,317254.94,94890.61,29.91,22661.07
CUST00535,Meera Patil,21,44,317199.39,80934.9,25.52,15104.73
CUST00496,Karan Deshmukh,15,34,316978.57,92905.36,29.31,21131.9
CUST05421,Rohan Mhaske,13,37,316950.31,80761.8,25.48,24380.79
CUST02232,Rohan Sharma,11,30,316846.03,88715.53,28.0,28804.18
CUST01650,Kavya Joshi,10,37,316765.56,67626.18,21.35,31676.56
CUST02457,Neha Deshmukh,11,27,316704.64,72867.33,23.01,28791.33
CUST05474,Aditya Mehta,17,46,316656.02,77803.87,24.57,18626.82
CUST03434,Priya Kumar,15,36,316591.92,62961.62,19.89,21106.13
CUST01717,Karan Singh,13,37,316569.12,80412.02,25.4,24351.47
CUST05341,Rohan Kumar,13,34,316547.88,57301.98,18.1,24349.84
CUST05023,Karan Deshmukh,12,35,316451.51,96795.41,30.59,26370.96
CUST02752,Arjun Singh,14,36,316227.54,82448.17,26.07,22587.68
CUST03993,Vivaan Kumar,9,29,315878.77,80693.56,25.55,35097.64
CUST01901,Arjun Verma,15,41,315731.78,81718.23,25.88,21048.79
CUST04803,Rohan Mehta,16,44,315638.08,76963.84,24.38,19727.38
CUST02509,Kavya Deshmukh,16,37,315621.5,64478.18,20.43,19726.34
CUST04981,Ananya Mhaske,13,37,315621.45,89052.07,28.21,24278.57
CUST04256,Rohan Verma,16,37,315613.38,70121.86,22.22,19725.84
CUST04917,Kavya Mehta,15,35,315588.56,86864.63,27.52,21039.24
CUST00109,Rahul Verma,15,33,315423.8,82543.6,26.17,21028.25
CUST00449,Pooja Mehta,12,36,315213.07,53945.64,17.11,26267.76
CUST04178,Rohan Shah,14,28,315205.11,92226.11,29.26,22514.65
CUST04635,Rohan Singh,17,40,315022.23,70563.95,22.4,18530.72
CUST05179,Neha Singh,12,35,314997.24,80429.55,25.53,26249.77
CUST03314,Vivaan Singh,16,41,314897.96,60114.24,19.09,19681.12
CUST05043,Isha Kumar,9,31,314850.39,67255.18,21.36,34983.38
CUST00609,Sneha Sharma,15,35,314846.82,93188.56,29.6,20989.79
CUST05948,Pooja Kumar,17,40,314820.87,59146.78,18.79,18518.87
CUST01520,Neha Deshmukh,12,37,314778.2,85831.04,27.27,26231.52
CUST05599,Vivaan Shah,13,36,314736.75,80812.89,25.68,24210.52
CUST00516,Arjun Sharma,14,39,314567.24,75886.62,24.12,22469.09
CUST04988,Neha Gupta,15,34,314296.75,68679.06,21.85,20953.12
CUST00908,Rahul Patil,13,32,314218.62,80168.06,25.51,24170.66
CUST05584,Priya Deshmukh,19,35,314205.0,79929.37,25.44,16537.11
CUST00948,Pooja Verma,10,26,314148.14,94085.97,29.95,31414.81
CUST04454,Karan Nair,17,42,314070.32,71062.24,22.63,18474.72
CUST01641,Pooja Verma,15,30,314002.46,72101.82,22.96,20933.5
CUST03704,Rahul Deshmukh,13,32,313929.96,61715.72,19.66,24148.46
CUST02446,Aditya Verma,18,40,313921.16,60454.34,19.26,17440.06
CUST05053,Meera Deshmukh,17,37,313894.63,78222.9,24.92,18464.39
CUST02337,Pooja Shah,15,42,313861.13,56293.82,17.94,20924.08
CUST05156,Isha Deshmukh,16,36,313769.59,89180.41,28.42,19610.6
CUST04892,Isha Joshi,14,33,313762.5,63404.42,20.21,22411.61
CUST01482,Karan Verma,16,29,313761.38,98292.85,31.33,19610.09
CUST02076,Meera Shah,21,46,313596.56,89881.3,28.66,14933.17
CUST00327,Neha Joshi,20,43,313492.0,58932.62,18.8,15674.6
CUST05845,Sneha Joshi,14,35,313430.83,91102.07,29.07,22387.92
CUST05327,Rohan Verma,20,45,313324.19,65113.69,20.78,15666.21
CUST02849,Meera Gupta,16,34,313323.03,69998.92,22.34,19582.69
CUST00562,Aarav Mehta,13,38,313320.64,85690.05,27.35,24101.59
CUST00396,Sneha Gupta,17,42,313217.6,66426.65,21.21,18424.56
CUST00559,Meera Shah,16,38,313128.17,63691.18,20.34,19570.51
CUST03472,Karan Joshi,19,38,313083.97,85229.2,27.22,16478.1
CUST02508,Karan Sharma,13,37,313046.55,75608.39,24.15,24080.5
CUST02419,Amit Verma,18,45,313039.63,78493.68,25.07,17391.09
CUST03055,Sneha Deshmukh,15,31,312933.19,91443.43,29.22,20862.21
CUST00111,Amit Kumar,13,38,312933.08,68229.9,21.8,24071.78
CUST04143,Pooja Deshmukh,14,47,312836.33,78823.88,25.2,22345.45
CUST01921,Aditya Joshi,9,28,312833.24,97149.69,31.05,34759.25
CUST05139,Isha Shah,15,36,312753.51,70587.28,22.57,20850.23
CUST05803,Arjun Nair,18,38,312751.02,90657.01,28.99,17375.06
CUST01874,Amit Nair,14,31,312687.73,79214.61,25.33,22334.84
CUST02727,Vivaan Sharma,16,44,312601.04,85543.68,27.37,19537.56
CUST02213,Aditya Nair,11,27,312515.57,81657.84,26.13,28410.51
CUST03332,Meera Verma,17,37,312408.81,90323.85,28.91,18376.99
CUST04996,Meera Sharma,14,37,312361.4,78665.92,25.18,22311.53
CUST00750,Priya Verma,14,38,312299.59,85688.41,27.44,22307.11
CUST03418,Kavya Sharma,15,37,312266.32,80168.95,25.67,20817.75
CUST03859,Amit Mehta,14,26,312251.26,81469.78,26.09,22303.66
CUST04868,Karan Deshmukh,12,34,312233.17,86703.77,27.77,26019.43
CUST05767,Aarav Mehta,15,35,312231.88,50488.74,16.17,20815.46
CUST05358,Isha Kumar,10,32,311995.97,76392.45,24.49,31199.6
CUST04795,Aditya Sharma,14,41,311905.2,62526.16,20.05,22278.94
CUST04844,Vivaan Nair,13,38,311829.77,88919.35,28.52,23986.91
CUST02094,Vivaan Kumar,13,29,311770.21,57025.91,18.29,23982.32
CUST05493,Arjun Patil,14,34,311725.77,81680.77,26.2,22266.13
CUST00866,Aditya Shah,16,41,311692.53,84074.05,26.97,19480.78
CUST03612,Sneha Joshi,16,42,311648.63,80879.12,25.95,19478.04
CUST04477,Amit Deshmukh,14,41,311614.58,65634.54,21.06,22258.18
CUST00549,Pooja Shah,20,48,311523.55,65758.89,21.11,15576.18
CUST03356,Ananya Mhaske,12,28,311471.58,74221.41,23.83,25955.97
CUST02352,Rohan Gupta,14,39,311289.45,94118.19,30.23,22234.96
CUST05098,Aditya Nair,14,37,311208.67,59556.52,19.14,22229.19
CUST03241,Amit Deshmukh,19,47,311176.5,69563.45,22.35,16377.71
CUST03380,Kavya Deshmukh,16,36,311105.74,54548.58,17.53,19444.11
CUST02784,Neha Kumar,13,32,311080.18,74581.5,23.98,23929.24
CUST00662,Neha Mhaske,15,41,311078.59,75603.88,24.3,20738.57
CUST00655,Ananya Sharma,21,44,311014.45,81339.09,26.15,14810.21
CUST01055,Aarav Kumar,13,35,311001.16,68923.0,22.16,23923.17
CUST03245,Rohan Verma,17,45,310924.36,78440.83,25.23,18289.67
CUST02285,Vivaan Verma,18,40,310922.07,86562.8,27.84,17273.45
CUST04274,Aditya Joshi,15,37,310921.17,62882.95,20.22,20728.08
CUST05417,Vivaan Joshi,10,34,310817.59,70004.24,22.52,31081.76
CUST05977,Vivaan Nair,15,33,310813.01,66242.25,21.31,20720.87
CUST02825,Isha Singh,15,38,310808.59,64655.5,20.8,20720.57
CUST04192,Vivaan Sharma,17,46,310782.11,82384.51,26.51,18281.3
CUST02839,Rahul Mhaske,17,38,310763.61,64366.72,20.71,18280.21
CUST05430,Pooja Mhaske,14,32,310691.83,69397.81,22.34,22192.27
CUST05083,Priya Patil,14,34,310641.37,81404.24,26.21,22188.67
CUST04534,Priya Deshmukh,13,29,310640.44,77759.51,25.03,23895.42
CUST05236,Rohan Kumar,15,35,310637.4,73869.71,23.78,20709.16
CUST00676,Karan Nair,16,36,310562.21,71885.54,23.15,19410.14
CUST00512,Isha Singh,14,33,310552.87,88159.46,28.39,22182.35
CUST00207,Karan Kumar,11,31,310489.82,94096.18,30.31,28226.35
CUST00102,Neha Kumar,15,40,310431.1,97132.76,31.29,20695.41
CUST01192,Pooja Singh,15,46,310365.01,68725.6,22.14,20691.0
CUST04946,Vivaan Gupta,16,40,310158.37,67626.62,21.8,19384.9
CUST00453,Ananya Mhaske,17,32,310155.7,83725.18,26.99,18244.45
CUST00765,Isha Patil,17,38,310118.37,74414.34,24.0,18242.26
CUST00099,Rohan Kumar,19,43,310105.77,83242.77,26.84,16321.36
CUST03799,Vivaan Gupta,19,41,310100.65,76224.11,24.58,16321.09
CUST00314,Meera Kumar,15,41,310081.86,70316.22,22.68,20672.12
CUST00960,Amit Joshi,15,34,309999.71,68482.27,22.09,20666.65
CUST02479,Aditya Patil,15,37,309975.06,77652.24,25.05,20665.0
CUST02036,Aarav Nair,13,30,309965.95,84552.11,27.28,23843.53
CUST01084,Isha Joshi,13,33,309907.5,66678.81,21.52,23839.04
CUST02568,Priya Deshmukh,21,45,309900.48,68466.98,22.09,14757.17
CUST01783,Neha Kumar,16,38,309736.48,85208.58,27.51,19358.53
CUST00814,Karan Kumar,14,30,309677.12,95265.05,30.76,22119.79
CUST03955,Pooja Mehta,14,41,309522.26,69717.88,22.52,22108.73
CUST04942,Sneha Singh,23,51,309511.93,75769.74,24.48,13457.04
CUST04012,Rahul Sharma,19,41,309496.84,64375.63,20.8,16289.31
CUST00933,Sneha Gupta,16,39,309470.99,73936.84,23.89,19341.94
CUST05707,Ananya Singh,18,49,309419.43,75323.96,24.34,17189.97
CUST03832,Ananya Mhaske,14,31,309341.87,66144.02,21.38,22095.85
CUST05714,Isha Gupta,16,34,309177.48,86407.06,27.95,19323.59
CUST04526,Pooja Sharma,17,37,309098.06,61659.93,19.95,18182.24
CUST02928,Rohan Verma,17,39,309064.6,86720.58,28.06,18180.27
CUST04601,Aarav Verma,16,40,309019.1,69539.82,22.5,19313.69
CUST00477,Amit Nair,13,27,309014.52,82351.05,26.65,23770.35
CUST04172,Rahul Mehta,18,44,308991.27,77873.18,25.2,17166.18
CUST04279,Priya Deshmukh,15,38,308664.34,57924.35,18.77,20577.62
CUST02626,Neha Sharma,14,42,308646.71,80102.85,25.95,22046.19
CUST04561,Priya Mhaske,14,39,308620.62,81925.09,26.55,22044.33
CUST03137,Amit Shah,11,31,308593.05,81064.68,26.27,28053.91
CUST02648,Pooja Deshmukh,18,38,308415.08,69536.02,22.55,17134.17
CUST02277,Arjun Mhaske,17,37,308292.82,95813.62,31.08,18134.87
CUST03230,Kavya Patil,18,51,308182.73,69537.62,22.56,17121.26
CUST01524,Amit Kumar,11,30,308149.21,104266.48,33.84,28013.56
CUST00340,Kavya Gupta,20,43,308080.13,86653.8,28.13,15404.01
CUST00325,Meera Nair,12,28,308007.73,53050.75,17.22,25667.31
CUST00681,Pooja Joshi,18,33,307990.19,70016.17,22.73,17110.57
CUST05471,Meera Singh,13,37,307743.83,57851.82,18.8,23672.6
CUST04120,Pooja Patil,16,34,307721.34,78793.13,25.61,19232.58
CUST00317,Isha Nair,13,31,307709.48,91214.76,29.64,23669.96
CUST00932,Karan Joshi,17,35,307564.25,91192.26,29.65,18092.01
CUST00432,Priya Joshi,17,36,307556.07,65504.04,21.3,18091.53
CUST03353,Aarav Verma,16,42,307547.45,89324.53,29.04,19221.72
CUST00402,Aditya Mehta,15,40,307424.19,85485.42,27.81,20494.95
CUST00004,Rohan Sharma,15,35,307336.54,75498.53,24.57,20489.1
CUST01184,Amit Joshi,13,34,307268.67,86319.2,28.09,23636.05
CUST04833,Aarav Verma,13,32,307268.38,95232.02,30.99,23636.03
CUST05968,Ananya Shah,15,34,307222.15,64684.78,21.05,20481.48
CUST01099,Kavya Joshi,11,35,307196.96,82354.97,26.81,27927.0
CUST00398,Rohan Patil,19,43,307159.07,78489.61,25.55,16166.27
CUST03121,Rohan Nair,15,36,307118.5,102104.77,33.25,20474.57
CUST02066,Rahul Mhaske,15,34,307111.9,81972.4,26.69,20474.13
CUST00584,Sneha Shah,16,37,306881.0,74253.1,24.2,19180.06
CUST01048,Pooja Deshmukh,19,46,306851.05,71068.1,23.16,16150.06
CUST02923,Vivaan Verma,13,31,306841.2,51746.7,16.86,23603.17
CUST04291,Karan Patil,12,35,306799.48,90069.07,29.36,25566.62
CUST04621,Aarav Deshmukh,11,32,306793.92,97589.9,31.81,27890.36
CUST00051,Aditya Deshmukh,17,43,306756.8,86156.82,28.09,18044.52
CUST04934,Pooja Patil,16,37,306737.26,78758.14,25.68,19171.08
CUST05915,Priya Patil,9,27,306652.18,81035.38,26.43,34072.46
CUST03743,Meera Mehta,11,32,306634.61,82324.08,26.85,27875.87
CUST01631,Aarav Gupta,17,47,306555.17,70611.52,23.03,18032.66
CUST00219,Aarav Joshi,16,30,306523.39,73831.88,24.09,19157.71
CUST02565,Priya Nair,16,42,306407.53,83192.08,27.15,19150.47
CUST04056,Vivaan Mehta,18,46,306368.23,50028.63,16.33,17020.46
CUST03015,Kavya Joshi,13,36,306230.01,56822.09,18.56,23556.15
CUST03531,Aarav Gupta,16,38,306189.99,74821.86,24.44,19136.87
CUST05404,Pooja Verma,14,33,306144.93,74414.7,24.31,21867.49
CUST04658,Priya Gupta,12,30,306081.04,84728.14,27.68,25506.75
CUST03768,Isha Kumar,20,48,306076.35,60119.17,19.64,15303.82
CUST02202,Aditya Nair,15,37,305971.67,91235.71,29.82,20398.11
CUST01697,Aarav Gupta,13,45,305964.38,69837.41,22.83,23535.72
CUST04862,Ananya Verma,17,37,305952.13,71137.22,23.25,17997.18
CUST02875,Pooja Joshi,15,31,305927.28,85434.17,27.93,20395.15
CUST04587,Vivaan Joshi,16,41,305860.09,68727.96,22.47,19116.26
CUST01681,Vivaan Singh,16,37,305850.63,91833.08,30.03,19115.66
CUST00996,Vivaan Nair,12,34,305728.8,63957.38,20.92,25477.4
CUST03720,Amit Sharma,12,35,305703.16,54742.05,17.91,25475.26
CUST00888,Priya Nair,12,27,305692.81,64755.12,21.18,25474.4
CUST02042,Amit Singh,17,38,305680.56,63998.12,20.94,17981.21
CUST01635,Arjun Mhaske,13,33,305652.78,90338.91,29.56,23511.75
CUST01991,Ananya Joshi,13,33,305649.58,79460.85,26.0,23511.51
CUST00585,Aditya Shah,16,29,305636.46,76767.36,25.12,19102.28
CUST04226,Rohan Mehta,15,40,305625.83,75254.99,24.62,20375.06
CUST05203,Ananya Deshmukh,13,39,305587.74,73730.11,24.13,23506.75
CUST01973,Kavya Shah,14,36,305571.24,73771.76,24.14,21826.52
CUST01218,Neha Patil,14,38,305349.61,72998.84,23.91,21810.69
CUST03913,Arjun Singh,12,32,305346.25,92247.87,30.21,25445.52
CUST02521,Pooja Nair,16,44,305339.33,59404.57,19.46,19083.71
CUST00721,Isha Mhaske,17,45,305337.31,73248.99,23.99,17961.02
CUST00718,Neha Deshmukh,15,50,305234.39,65677.93,21.52,20348.96
CUST00114,Karan Joshi,13,37,305214.24,71096.54,23.29,23478.02
CUST05783,Rahul Mehta,11,38,305212.75,64913.57,21.27,27746.61
CUST02887,Aditya Patil,16,41,305030.27,76629.8,25.12,19064.39
CUST02293,Vivaan Singh,18,52,304808.91,73398.14,24.08,16933.83
CUST05371,Aarav Deshmukh,12,31,304582.14,81496.41,26.76,25381.85
CUST01559,Rohan Deshmukh,15,34,304500.03,52542.9,17.26,20300.0
CUST05567,Rahul Kumar,13,32,304454.87,83309.75,27.36,23419.61
CUST00836,Karan Singh,13,38,304334.29,82695.31,27.17,23410.33
CUST01954,Pooja Mehta,15,35,304272.3,78071.09,25.66,20284.82
CUST03643,Sneha Deshmukh,22,39,304238.1,68782.91,22.61,13829.0
CUST04629,Aditya Mehta,14,34,304085.48,87474.73,28.77,21720.39
CUST05663,Rahul Sharma,11,38,304046.26,79605.91,26.18,27640.57
CUST00622,Rohan Joshi,11,36,304033.97,62213.49,20.46,27639.45
CUST03205,Pooja Shah,17,35,303987.09,75747.26,24.92,17881.59
CUST05483,Sneha Patil,16,37,303740.91,89284.41,29.39,18983.81
CUST03445,Ananya Mhaske,18,34,303512.78,76758.56,25.29,16861.82
CUST04331,Pooja Nair,16,42,303512.68,66863.02,22.03,18969.54
CUST01221,Ananya Gupta,13,31,303478.52,86864.95,28.62,23344.5
CUST01638,Neha Singh,17,38,303276.95,80912.66,26.68,17839.82
CUST01642,Arjun Patil,12,35,303251.21,73815.62,24.34,25270.93
CUST04937,Isha Gupta,18,45,303209.58,61497.67,20.28,16844.98
CUST02155,Neha Nair,11,33,303188.94,97835.01,32.27,27562.63
CUST00558,Rohan Mhaske,14,36,303188.01,70825.98,23.36,21656.29
CUST03120,Kavya Patil,15,30,303180.53,79709.0,26.29,20212.04
CUST00984,Arjun Sharma,15,39,303120.69,76010.24,25.08,20208.05
CUST00122,Pooja Patil,13,32,303108.04,79058.6,26.08,23316.0
CUST02682,Arjun Joshi,12,32,303014.56,64346.52,21.24,25251.21
CUST01098,Ananya Patil,20,46,302998.44,73773.65,24.35,15149.92
CUST01900,Priya Joshi,17,41,302949.68,64834.1,21.4,17820.57
CUST04305,Meera Singh,13,29,302864.13,93976.65,31.03,23297.24
CUST03250,Amit Singh,13,39,302783.37,70570.97,23.31,23291.03
CUST04912,Kavya Shah,12,31,302517.88,90772.96,30.01,25209.82
CUST00499,Aarav Verma,17,32,302427.69,71369.01,23.6,17789.86
CUST04294,Kavya Kumar,17,39,302421.93,93796.84,31.02,17789.53
CUST05979,Priya Shah,16,43,302341.14,74563.09,24.66,18896.32
CUST01987,Sneha Sharma,17,38,302077.88,67429.85,22.32,17769.29
CUST00769,Arjun Singh,11,30,302003.18,86058.62,28.5,27454.83
CUST05412,Ananya Singh,9,34,301968.83,68289.71,22.61,33552.09
CUST00629,Sneha Mehta,11,32,301845.14,74621.14,24.72,27440.47
CUST02581,Kavya Patil,15,31,301806.05,71021.13,23.53,20120.4
CUST00371,Arjun Gupta,13,36,301802.58,66950.28,22.18,23215.58
CUST02147,Karan Patil,15,37,301688.31,66680.92,22.1,20112.55
CUST04510,Vivaan Nair,15,39,301684.29,74337.7,24.64,20112.29
CUST04452,Sneha Shah,14,34,301499.37,60273.14,19.99,21535.67
CUST05990,Karan Sharma,18,37,301450.15,71394.33,23.68,16747.23
CUST05137,Aditya Singh,12,37,301395.4,85906.17,28.5,25116.28
CUST05824,Isha Patil,18,44,301325.55,82939.09,27.52,16740.31
CUST03801,Rohan Verma,14,32,301321.74,76356.6,25.34,21522.98
CUST00715,Isha Nair,14,31,301316.21,70298.01,23.33,21522.59
CUST02937,Rahul Sharma,12,34,301278.56,68579.55,22.76,25106.55
CUST02177,Isha Shah,13,35,301244.36,79035.9,26.24,23172.64
CUST03977,Rahul Patil,13,29,301058.69,80988.44,26.9,23158.36
CUST01666,Rohan Singh,14,34,301025.03,73072.12,24.27,21501.79
CUST04048,Priya Deshmukh,16,36,300922.46,78711.85,26.16,18807.65
CUST04257,Pooja Mehta,14,38,300738.5,66946.9,22.26,21481.32
CUST02205,Amit Nair,14,30,300732.39,78815.73,26.21,21480.89
CUST04696,Pooja Joshi,12,37,300694.8,75042.16,24.96,25057.9
CUST01871,Meera Patil,13,35,300649.28,73475.57,24.44,23126.87
CUST03305,Amit Kumar,12,33,300599.73,75526.32,25.13,25049.98
CUST05309,Vivaan Verma,20,42,300532.34,66548.74,22.14,15026.62
CUST05904,Amit Kumar,15,44,300479.99,71435.45,23.77,20032.0
CUST00395,Neha Sharma,15,40,300427.43,73609.58,24.5,20028.5
CUST00411,Arjun Mhaske,14,39,300286.88,85752.74,28.56,21449.06
CUST01558,Arjun Mhaske,15,39,300154.34,68958.08,22.97,20010.29
CUST05097,Neha Sharma,15,41,300139.78,72407.44,24.12,20009.32
CUST00289,Neha Verma,14,40,300121.71,72912.06,24.29,21437.27
CUST03837,Amit Gupta,13,43,300066.02,66871.77,22.29,23082.0
CUST03363,Amit Kumar,14,30,299931.09,78619.29,26.21,21423.65
CUST01137,Pooja Mehta,14,43,299898.92,74637.65,24.89,21421.35
CUST05367,Kavya Nair,10,34,299820.48,80488.9,26.85,29982.05
CUST04243,Pooja Patil,15,32,299801.97,83403.13,27.82,19986.8
CUST01058,Aditya Nair,20,37,299754.05,73494.37,24.52,14987.7
CUST04008,Kavya Deshmukh,17,42,299740.27,90601.96,30.23,17631.78
CUST00525,Rohan Shah,16,39,299712.96,86408.1,28.83,18732.06
CUST02633,Aditya Kumar,16,39,299685.37,78645.95,26.24,18730.34
CUST03461,Aditya Patil,14,36,299646.1,53740.42,17.93,21403.29
CUST04792,Aarav Mhaske,12,36,299637.28,70930.58,23.67,24969.77
CUST03680,Kavya Singh,13,34,299597.77,98108.56,32.75,23045.98
CUST04440,Meera Nair,12,37,299489.7,94314.17,31.49,24957.48
CUST03826,Priya Sharma,14,36,299481.67,63192.88,21.1,21391.55
CUST00030,Sneha Nair,15,40,299438.15,74342.12,24.83,19962.54
CUST05580,Rahul Verma,14,40,299345.78,54585.32,18.23,21381.84
CUST04494,Aarav Gupta,14,33,299313.55,52797.87,17.64,21379.54
CUST00418,Rohan Mehta,12,38,299219.32,54063.72,18.07,24934.94
CUST01100,Neha Gupta,19,48,299195.34,60130.96,20.1,15747.12
CUST01857,Pooja Gupta,14,33,299175.45,85936.39,28.72,21369.67
CUST03632,Arjun Kumar,12,41,299156.36,83900.33,28.05,24929.7
CUST02694,Amit Joshi,14,36,299110.41,75711.8,25.31,21365.03
CUST01412,Vivaan Singh,14,40,298961.0,87781.33,29.36,21354.36
CUST03189,Amit Gupta,16,39,298957.66,68879.5,23.04,18684.85
CUST04046,Rahul Shah,14,29,298926.29,74323.0,24.86,21351.88
CUST02027,Aarav Patil,19,45,298916.31,91346.34,30.56,15732.44
CUST03219,Priya Nair,15,31,298860.5,75807.0,25.37,19924.03
CUST03072,Amit Kumar,14,39,298715.2,84166.18,28.18,21336.8
CUST05521,Amit Gupta,15,34,298675.63,72304.42,24.21,19911.71
CUST02189,Ananya Gupta,13,32,298558.24,84599.04,28.34,22966.02
CUST01888,Arjun Sharma,10,26,298462.84,84685.25,28.37,29846.28
CUST00637,Rahul Verma,16,30,298436.35,52743.2,17.67,18652.27
CUST03292,Rahul Deshmukh,14,35,298434.16,74940.15,25.11,21316.73
CUST03150,Kavya Patil,18,39,298390.92,80145.35,26.86,16577.27
CUST02757,Rahul Mehta,13,38,298342.33,85855.4,28.78,22949.41
CUST02657,Aarav Verma,14,43,298136.84,75469.46,25.31,21295.49
CUST01667,Meera Nair,12,33,298120.07,72542.49,24.33,24843.34
CUST04155,Neha Mehta,15,38,298078.53,86758.17,29.11,19871.9
CUST04334,Amit Sharma,14,34,298027.08,56882.66,19.09,21287.65
CUST04508,Rohan Shah,11,33,297957.91,88414.63,29.67,27087.08
CUST04817,Amit Mhaske,11,29,297930.05,76634.34,25.72,27084.55
CUST03600,Aarav Mehta,14,35,297884.96,63594.41,21.35,21277.5
CUST01176,Kavya Singh,9,30,297805.09,52279.59,17.55,33089.45
CUST05268,Aarav Joshi,11,34,297749.33,75169.84,25.25,27068.12
CUST03191,Aditya Nair,19,38,297610.85,79809.15,26.82,15663.73
CUST03109,Kavya Patil,14,41,297467.28,83281.46,28.0,21247.66
CUST02908,Pooja Deshmukh,15,36,297436.65,73100.52,24.58,19829.11
CUST00017,Karan Gupta,16,44,297433.89,86212.95,28.99,18589.62
CUST00818,Rohan Patil,16,41,297415.06,75645.04,25.43,18588.44
CUST02404,Aarav Sharma,15,36,297321.25,73425.7,24.7,19821.42
CUST05654,Priya Sharma,13,36,297218.34,78690.84,26.48,22862.95
CUST00878,Meera Kumar,13,32,297195.45,68822.78,23.16,22861.19
CUST05987,Karan Sharma,14,39,297050.75,85569.4,28.81,21217.91
CUST03957,Vivaan Deshmukh,12,27,297040.7,80059.07,26.95,24753.39
CUST02323,Amit Deshmukh,15,36,296876.73,91635.72,30.87,19791.78
CUST01227,Vivaan Kumar,15,34,296844.21,71039.12,23.93,19789.61
CUST02200,Rahul Mhaske,13,27,296751.3,78714.82,26.53,22827.02
CUST05220,Meera Kumar,14,35,296452.76,75378.12,25.43,21175.2
CUST00532,Isha Shah,15,35,296435.88,84719.03,28.58,19762.39
CUST02079,Rahul Nair,13,40,296408.94,76076.58,25.67,22800.69
CUST03214,Rahul Patil,18,42,296257.4,80092.92,27.03,16458.74
CUST03006,Ananya Kumar,13,37,296146.58,65920.14,22.26,22780.51
CUST00788,Amit Mehta,12,28,296129.96,96413.36,32.56,24677.5
CUST01409,Pooja Patil,14,45,296112.68,67702.35,22.86,21150.91
CUST05244,Kavya Mehta,16,40,295909.0,67115.75,22.68,18494.31
CUST01807,Karan Shah,15,39,295842.6,83396.86,28.19,19722.84
CUST05124,Pooja Joshi,17,49,295793.25,69035.95,23.34,17399.6
CUST01296,Karan Shah,12,32,295773.88,64725.71,21.88,24647.82
CUST01014,Neha Mhaske,15,34,295758.16,90288.97,30.53,19717.21
CUST01863,Meera Singh,11,33,295723.45,71477.66,24.17,26883.95
CUST03358,Rohan Deshmukh,15,40,295704.5,68631.54,23.21,19713.63
CUST02768,Kavya Kumar,14,31,295568.63,72570.34,24.55,21112.05
CUST01521,Kavya Gupta,17,41,295498.36,76222.1,25.79,17382.26
CUST03152,Neha Deshmukh,14,34,295495.83,62051.82,21.0,21106.85
CUST03360,Aarav Kumar,20,49,295440.88,61238.07,20.73,14772.04
CUST05416,Ananya Mhaske,13,36,295436.46,61772.71,20.91,22725.88
CUST03470,Aarav Mehta,11,27,295218.35,59684.52,20.22,26838.03
CUST04140,Arjun Mhaske,15,34,295129.92,80899.19,27.41,19675.33
CUST05443,Aarav Sharma,18,41,295096.99,70235.37,23.8,16394.28
CUST00955,Pooja Kumar,13,32,295042.45,72574.73,24.6,22695.57
CUST00495,Pooja Gupta,19,48,295028.11,76001.25,25.76,15527.8
CUST02165,Pooja Mhaske,13,35,294918.32,86138.9,29.21,22686.02
CUST02108,Rohan Joshi,22,52,294916.08,64521.5,21.88,13405.28
CUST01106,Karan Verma,15,42,294886.85,56389.2,19.12,19659.12
CUST00615,Rohan Nair,18,41,294756.66,62435.22,21.18,16375.37
CUST05008,Karan Mhaske,15,35,294621.75,83349.08,28.29,19641.45
CUST03118,Isha Joshi,15,43,294609.64,82649.48,28.05,19640.64
CUST03822,Arjun Verma,17,45,294549.65,64054.2,21.75,17326.45
CUST00989,Pooja Verma,16,38,294526.02,70424.75,23.91,18407.88
CUST01352,Neha Mehta,17,40,294443.38,60097.97,20.41,17320.2
CUST02005,Sneha Mhaske,15,34,294285.95,77363.97,26.29,19619.06
CUST03524,Ananya Kumar,16,44,294218.55,71668.73,24.36,18388.66
CUST00460,Arjun Nair,16,39,294155.75,82031.42,27.89,18384.73
CUST00209,Karan Sharma,12,33,294153.75,60679.45,20.63,24512.81
CUST00424,Neha Verma,16,42,294091.6,70920.32,24.12,18380.72
CUST05848,Neha Singh,14,35,293984.98,88662.41,30.16,20998.93
CUST02898,Isha Kumar,21,54,293946.85,75350.11,25.63,13997.47
CUST03028,Sneha Sharma,17,47,293930.58,60370.75,20.54,17290.03
CUST03807,Rohan Joshi,16,40,293845.7,86583.15,29.47,18365.36
CUST02049,Vivaan Verma,12,31,293837.16,86108.24,29.3,24486.43
CUST01280,Meera Deshmukh,13,32,293737.09,77664.97,26.44,22595.16
CUST05672,Arjun Shah,15,39,293699.62,64409.63,21.93,19579.97
CUST00924,Rahul Verma,15,36,293686.17,86027.4,29.29,19579.08
CUST01519,Isha Singh,15,34,293681.99,79687.81,27.13,19578.8
CUST01733,Arjun Patil,18,35,293629.73,83795.48,28.54,16312.76
CUST02685,Kavya Mehta,15,33,293461.8,61238.11,20.87,19564.12
CUST00587,Kavya Sharma,19,45,293338.98,76388.01,26.04,15438.89
CUST04000,Isha Singh,12,37,293245.61,73086.94,24.92,24437.13
CUST02093,Aarav Singh,17,34,293166.58,66172.57,22.57,17245.09
CUST05616,Rohan Sharma,16,36,293147.98,63438.93,21.64,18321.75
CUST04711,Sneha Singh,15,36,293099.9,85398.21,29.14,19539.99
CUST05765,Meera Kumar,12,29,293094.79,71833.11,24.51,24424.57
CUST02137,Aditya Mehta,14,36,292990.53,77165.23,26.34,20927.9
CUST01083,Priya Mehta,7,22,292914.24,81606.15,27.86,41844.89
CUST04493,Ananya Nair,14,34,292877.85,73560.92,25.12,20919.85
CUST00357,Amit Mhaske,12,36,292765.15,80266.11,27.42,24397.1
CUST01403,Priya Mehta,21,44,292715.84,58176.48,19.87,13938.85
CUST04289,Ananya Shah,13,26,292658.63,77944.94,26.63,22512.2
CUST02265,Kavya Shah,13,35,292634.19,84769.88,28.97,22510.32
CUST03316,Rahul Sharma,13,27,292559.02,61900.9,21.16,22504.54
CUST02357,Aarav Kumar,17,43,292541.65,66938.18,22.88,17208.33
CUST03275,Isha Mhaske,16,33,292475.11,74669.25,25.53,18279.69
CUST05743,Arjun Nair,15,36,292354.96,82380.29,28.18,19490.33
CUST01276,Rohan Kumar,9,38,292339.82,60597.91,20.73,32482.2
CUST02033,Karan Gupta,13,36,292332.3,67939.47,23.24,22487.1
CUST00212,Sneha Deshmukh,13,35,292077.68,83301.17,28.52,22467.51
CUST05780,Aarav Sharma,10,29,292071.36,86482.14,29.61,29207.14
CUST00292,Aarav Singh,15,34,291939.51,68401.68,23.43,19462.63
CUST04437,Sneha Joshi,10,28,291918.35,78255.34,26.81,29191.83
CUST02532,Sneha Patil,16,37,291746.17,63461.36,21.75,18234.14
CUST02062,Isha Mhaske,19,36,291712.85,68575.94,23.51,15353.31
CUST00261,Isha Sharma,14,43,291673.03,87462.5,29.99,20833.79
CUST04921,Karan Kumar,11,30,291669.7,90544.23,31.04,26515.43
CUST01929,Vivaan Gupta,12,28,291578.49,82663.79,28.35,24298.21
CUST02039,Kavya Patil,13,32,291571.12,79529.73,27.28,22428.55
CUST04208,Karan Deshmukh,14,33,291555.15,72948.59,25.02,20825.37
CUST00401,Aarav Nair,12,35,291551.83,61970.1,21.26,24295.99
CUST03570,Aarav Joshi,11,30,291441.18,88649.23,30.42,26494.65
CUST02312,Kavya Singh,11,26,291430.03,87799.29,30.13,26493.64
CUST05570,Arjun Nair,13,37,291362.08,77251.85,26.51,22412.47
CUST02736,Priya Patil,18,40,291358.24,57955.22,19.89,16186.57
CUST05463,Amit Mhaske,18,43,291267.04,69054.11,23.71,16181.5
CUST03049,Aarav Joshi,10,25,291264.73,67529.94,23.19,29126.47
CUST01788,Neha Singh,16,30,291255.14,77479.9,26.6,18203.45
CUST03364,Neha Nair,17,41,291204.14,60325.74,20.72,17129.66
CUST05927,Sneha Verma,10,33,291199.99,70644.47,24.26,29120.0
CUST04881,Arjun Nair,12,30,291186.25,83905.68,28.82,24265.52
CUST02271,Aditya Sharma,18,40,291172.54,66891.58,22.97,16176.25
CUST03890,Aarav Verma,15,37,291078.99,59238.02,20.35,19405.27
CUST03596,Kavya Mehta,15,33,291059.48,66652.02,22.9,19403.97
CUST03866,Neha Nair,14,36,291034.96,67334.54,23.14,20788.21
CUST00380,Priya Mehta,14,30,291019.57,77054.6,26.48,20787.11
CUST00762,Meera Singh,18,38,290985.18,70941.63,24.38,16165.84
CUST04700,Isha Verma,15,38,290957.35,57019.62,19.6,19397.16
CUST03736,Rohan Singh,12,34,290860.16,71030.81,24.42,24238.35
CUST02559,Neha Patil,14,29,290774.31,74430.93,25.6,20769.59
CUST03009,Sneha Gupta,12,34,290697.95,87149.0,29.98,24224.83
CUST05208,Rahul Shah,16,42,290665.84,70977.36,24.42,18166.62
CUST04549,Amit Shah,9,34,290576.24,53230.87,18.32,32286.25
CUST05894,Meera Shah,10,30,290410.27,77486.81,26.68,29041.03
CUST03839,Pooja Singh,15,37,290406.42,63359.5,21.82,19360.43
CUST00363,Sneha Patil,16,42,290398.95,60350.68,20.78,18149.93
CUST01450,Aarav Mhaske,16,32,290344.74,74549.0,25.68,18146.55
CUST05366,Arjun Sharma,13,35,290131.02,74174.05,25.57,22317.77
CUST03635,Kavya Nair,14,31,290031.6,61514.57,21.21,20716.54
CUST00075,Meera Mehta,12,32,289943.7,60602.45,20.9,24161.98
CUST05295,Vivaan Kumar,10,27,289907.41,67196.81,23.18,28990.74
CUST01371,Amit Verma,15,33,289862.14,61966.89,21.38,19324.14
CUST01752,Priya Mehta,19,42,289855.56,79005.66,27.26,15255.56
CUST04258,Priya Mehta,16,40,289748.33,58105.07,20.05,18109.27
CUST04570,Aarav Deshmukh,15,37,289730.06,76396.47,26.37,19315.34
CUST04264,Pooja Joshi,12,32,289729.99,79280.88,27.36,24144.17
CUST00355,Amit Patil,10,34,289709.87,72146.76,24.9,28970.99
CUST04947,Kavya Nair,12,40,289693.5,76408.27,26.38,24141.13
CUST00620,Isha Mhaske,14,34,289678.53,65865.55,22.74,20691.32
CUST02895,Sneha Verma,9,26,289619.47,88784.38,30.66,32179.94
CUST02070,Amit Deshmukh,15,34,289498.25,78233.5,27.02,19299.88
CUST03543,Rohan Patil,16,34,289462.6,73518.62,25.4,18091.41
CUST01414,Amit Singh,16,44,289365.54,71090.43,24.57,18085.35
CUST03786,Priya Kumar,17,45,289333.18,45984.97,15.89,17019.6
CUST05868,Meera Joshi,14,31,289293.29,77976.33,26.95,20663.81
CUST04842,Karan Sharma,20,47,289171.9,62637.26,21.66,14458.6
CUST05207,Amit Verma,21,43,289051.52,67177.36,23.24,13764.36
CUST04310,Isha Mhaske,14,37,288978.08,85591.2,29.62,20641.29
CUST04114,Vivaan Kumar,13,42,288908.71,68557.5,23.73,22223.75
CUST03359,Sneha Mehta,12,31,288739.66,74450.23,25.78,24061.64
CUST04616,Aarav Patil,16,33,288651.72,67287.3,23.31,18040.73
CUST04052,Ananya Verma,14,29,288640.91,49627.58,17.19,20617.21
CUST02723,Sneha Deshmukh,10,32,288577.02,79017.63,27.38,28857.7
CUST03100,Rahul Gupta,16,34,288543.92,72291.47,25.05,18033.99
CUST04889,Amit Nair,13,36,288370.76,77016.13,26.71,22182.37
CUST05079,Amit Patil,16,35,288236.37,80338.52,27.87,18014.77
CUST02545,Pooja Nair,13,34,288152.6,60329.27,20.94,22165.58
CUST02876,Pooja Shah,15,34,288150.37,61820.61,21.45,19210.02
CUST00448,Isha Nair,18,35,288143.76,82738.92,28.71,16007.99
CUST03991,Pooja Verma,14,38,288046.67,61135.0,21.22,20574.76
CUST02812,Isha Gupta,19,42,288026.56,66251.26,23.0,15159.29
CUST03690,Priya Verma,9,27,287987.29,79567.07,27.63,31998.59
CUST02617,Karan Sharma,17,37,287920.18,71288.31,24.76,16936.48
CUST05277,Isha Verma,11,34,287684.91,86090.31,29.93,26153.17
CUST05014,Rohan Joshi,13,35,287416.37,57560.96,20.03,22108.95
CUST00233,Rahul Deshmukh,13,30,287391.31,77381.13,26.93,22107.02
CUST01843,Vivaan Deshmukh,18,43,287385.49,66348.82,23.09,15965.86
CUST00666,Rahul Kumar,13,38,287333.11,65063.72,22.64,22102.55
CUST02282,Kavya Kumar,14,35,287329.59,82005.79,28.54,20523.54
CUST04614,Rahul Nair,11,27,287294.8,91026.86,31.68,26117.71
CUST00156,Rahul Joshi,16,39,287290.22,71186.64,24.78,17955.64
CUST00594,Meera Mhaske,18,35,287276.04,83527.53,29.08,15959.78
CUST04270,Isha Deshmukh,17,36,287243.03,72501.39,25.24,16896.65
CUST05899,Karan Kumar,13,33,287218.33,87119.64,30.33,22093.72
CUST01832,Arjun Patil,16,35,287218.18,88438.9,30.79,17951.14
CUST04910,Vivaan Shah,12,29,287196.72,78466.0,27.32,23933.06
CUST04940,Aditya Mhaske,14,41,287146.07,80193.33,27.93,20510.43
CUST00683,Karan Verma,13,29,287129.78,77645.64,27.04,22086.91
CUST03862,Rohan Shah,17,39,287099.22,68140.84,23.73,16888.19
CUST01302,Kavya Kumar,16,36,287084.87,70945.55,24.71,17942.8
CUST04475,Kavya Singh,17,40,287065.79,64095.24,22.33,16886.22
CUST05020,Vivaan Patil,15,36,286978.42,76072.3,26.51,19131.89
CUST02596,Isha Nair,16,36,286944.35,69119.26,24.09,17934.02
CUST03814,Karan Mhaske,14,29,286941.64,94690.68,33.0,20495.83
CUST00263,Rohan Sharma,15,39,286882.39,80340.89,28.0,19125.49
CUST01876,Rahul Gupta,21,46,286425.57,73581.18,25.69,13639.31
CUST04422,Karan Gupta,18,44,286342.49,83623.35,29.2,15907.92
CUST01583,Pooja Gupta,15,38,286337.87,86543.24,30.22,19089.19
CUST02513,Amit Patil,15,37,286317.19,73980.28,25.84,19087.81
CUST04063,Isha Shah,14,37,286292.87,67442.27,23.56,20449.49
CUST01708,Arjun Joshi,10,32,286267.39,64929.05,22.68,28626.74
CUST04087,Kavya Kumar,15,40,286207.27,73404.27,25.65,19080.48
CUST03194,Aditya Shah,16,41,286199.38,68872.19,24.06,17887.46
CUST05548,Pooja Shah,14,34,285850.01,71739.47,25.1,20417.86
CUST04268,Rohan Mehta,19,35,285835.6,61747.37,21.6,15043.98
CUST05061,Sneha Nair,15,39,285819.51,70128.62,24.54,19054.63
CUST03094,Rahul Kumar,11,30,285763.62,72904.45,25.51,25978.51
CUST04095,Priya Kumar,13,34,285705.1,76588.72,26.81,21977.32
CUST04712,Amit Mehta,17,36,285693.9,81689.55,28.59,16805.52
CUST04620,Isha Kumar,9,30,285677.96,67569.74,23.65,31742.0
CUST01734,Aditya Sharma,15,31,285665.67,75332.5,26.37,19044.38
CUST02586,Vivaan Verma,17,37,285650.43,71279.86,24.95,16802.97
CUST02706,Kavya Mehta,11,37,285634.14,81206.24,28.43,25966.74
CUST01077,Vivaan Deshmukh,12,31,285603.01,56675.72,19.84,23800.25
CUST01549,Aditya Verma,13,33,285520.7,72388.0,25.35,21963.13
CUST01290,Aditya Patil,14,41,285423.06,34922.35,12.24,20387.36
CUST04552,Pooja Singh,13,35,285260.9,63135.12,22.13,21943.15
CUST05531,Arjun Kumar,11,37,285245.31,68908.08,24.16,25931.39
CUST04427,Karan Sharma,16,33,285206.38,79616.01,27.92,17825.4
CUST02607,Rahul Gupta,12,26,285093.02,76298.59,26.76,23757.75
CUST03873,Meera Nair,16,40,285087.7,77841.14,27.3,17817.98
CUST05923,Arjun Deshmukh,14,28,285081.54,92053.63,32.29,20362.97
CUST05847,Isha Deshmukh,15,36,285066.83,70784.37,24.83,19004.46
CUST05103,Rohan Mhaske,15,33,284983.62,72119.63,25.31,18998.91
CUST04835,Arjun Patil,14,44,284965.1,68811.17,24.15,20354.65
CUST04625,Meera Mehta,14,35,284882.33,71234.63,25.0,20348.74
CUST02128,Priya Verma,17,38,284882.06,54317.52,19.07,16757.77
CUST05778,Neha Mehta,19,37,284759.82,63470.67,22.29,14987.36
CUST01011,Isha Kumar,13,40,284735.22,62523.6,21.96,21902.71
CUST02799,Ananya Gupta,15,31,284732.15,75516.43,26.52,18982.14
CUST00589,Neha Joshi,15,36,284676.09,69778.96,24.51,18978.41
CUST01842,Rahul Gupta,14,40,284578.1,79342.25,27.88,20327.01
CUST04441,Aarav Singh,15,40,284520.21,62090.44,21.82,18968.01
CUST04884,Vivaan Singh,14,39,284454.25,71300.1,25.07,20318.16
CUST03432,Aditya Deshmukh,12,35,284408.88,56464.96,19.85,23700.74
CUST01343,Pooja Shah,17,45,284268.39,68003.94,23.92,16721.67
CUST04182,Aditya Shah,12,35,284155.27,71374.21,25.12,23679.61
CUST00226,Priya Joshi,17,46,284102.83,69191.97,24.35,16711.93
CUST05313,Isha Deshmukh,16,29,283878.35,70006.02,24.66,17742.4
CUST01530,Pooja Patil,14,32,283853.17,66916.88,23.57,20275.23
CUST03589,Kavya Patil,13,33,283611.16,79065.5,27.88,21816.24
CUST03315,Isha Joshi,14,31,283609.41,56002.83,19.75,20257.82
CUST00768,Ananya Singh,13,33,283495.23,58304.28,20.57,21807.33
CUST04284,Pooja Sharma,10,31,283369.95,83081.46,29.32,28337.0
CUST00493,Rahul Joshi,20,38,283353.79,77804.83,27.46,14167.69
CUST02836,Neha Deshmukh,21,41,283313.62,64626.71,22.81,13491.12
CUST05871,Aditya Patil,13,44,283308.42,52049.22,18.37,21792.96
CUST01351,Sneha Gupta,12,35,283302.61,68334.77,24.12,23608.55
CUST02904,Aditya Nair,13,31,283118.95,64521.95,22.79,21778.38
CUST04789,Amit Singh,13,28,283074.49,79326.68,28.02,21774.96
CUST05433,Ananya Mhaske,14,32,282976.35,74717.62,26.4,20212.6
CUST03863,Amit Verma,16,39,282790.83,66070.16,23.36,17674.43
CUST03819,Vivaan Shah,15,41,282692.5,76175.11,26.95,18846.17
CUST05065,Isha Kumar,16,32,282527.15,67971.98,24.06,17657.95
CUST01705,Meera Deshmukh,20,51,282526.42,54192.93,19.18,14126.32
CUST01934,Ananya Joshi,18,43,282404.96,69748.62,24.7,15689.16
CUST05690,Karan Mhaske,14,35,282384.34,64938.61,23.0,20170.31
CUST03679,Pooja Deshmukh,17,35,282382.41,69394.94,24.57,16610.73
CUST02775,Meera Gupta,15,36,282350.92,72301.96,25.61,18823.39
CUST05995,Arjun Deshmukh,9,23,282333.6,73797.35,26.14,31370.4
CUST03892,Kavya Sharma,13,32,282235.58,62000.55,21.97,21710.43
CUST05070,Pooja Deshmukh,11,29,282228.64,89897.23,31.85,25657.15
CUST00865,Arjun Verma,18,43,282211.44,69831.02,24.74,15678.41
CUST02814,Isha Joshi,13,31,282207.67,80662.28,28.58,21708.28
CUST05150,Pooja Deshmukh,17,40,282121.53,72492.77,25.7,16595.38
CUST04647,Isha Verma,19,40,282003.85,51164.36,18.14,14842.31
CUST01432,Amit Kumar,13,32,281864.95,72193.96,25.61,21681.92
CUST00274,Rohan Sharma,15,31,281855.82,81023.19,28.75,18790.39
CUST04807,Neha Patil,14,34,281798.0,74716.2,26.51,20128.43
CUST00990,Priya Gupta,15,40,281780.13,61285.22,21.75,18785.34
CUST01787,Aarav Gupta,11,31,281766.92,49083.44,17.42,25615.17
CUST02791,Aditya Verma,15,37,281662.31,50995.0,18.11,18777.49
CUST00513,Rohan Mhaske,17,48,281646.43,60553.39,21.5,16567.44
CUST03778,Aarav Singh,14,32,281645.9,68593.59,24.35,20117.56
CUST05912,Priya Mhaske,14,35,281520.51,59193.64,21.03,20108.61
CUST01542,Ananya Gupta,15,32,281437.08,62214.27,22.11,18762.47
CUST05965,Pooja Patil,18,45,281409.16,65999.2,23.45,15633.84
CUST00188,Priya Kumar,17,32,281368.98,75621.93,26.88,16551.12
CUST03098,Arjun Deshmukh,16,47,281332.28,60407.88,21.47,17583.27
CUST04078,Meera Patil,16,30,281326.48,54232.02,19.28,17582.9
CUST02336,Priya Sharma,17,32,281235.05,72833.69,25.9,16543.24
CUST04888,Karan Deshmukh,14,30,281184.15,70995.21,25.25,20084.58
CUST01092,Sneha Gupta,15,37,281149.09,57897.2,20.59,18743.27
CUST01608,Aarav Nair,16,37,281112.9,66890.35,23.79,17569.56
CUST04609,Priya Nair,12,33,280879.27,64197.96,22.86,23406.61
CUST05450,Arjun Patil,10,34,280862.44,85742.34,30.53,28086.24
CUST00533,Arjun Patil,17,32,280809.07,65763.48,23.42,16518.18
CUST05142,Pooja Sharma,18,40,280804.95,60699.39,21.62,15600.28
CUST00807,Vivaan Patil,13,31,280753.58,76894.67,27.39,21596.43
CUST03042,Neha Verma,18,50,280747.91,49986.5,17.8,15597.11
CUST02634,Amit Deshmukh,16,35,280732.62,64269.53,22.89,17545.79
CUST00463,Ananya Kumar,14,29,280618.37,77579.24,27.65,20044.17
CUST03563,Ananya Joshi,17,35,280510.77,64261.0,22.91,16500.63
CUST04260,Vivaan Mehta,16,39,280485.48,65462.8,23.34,17530.34
CUST05678,Kavya Sharma,15,37,280480.2,75923.58,27.07,18698.68
CUST01420,Pooja Mehta,9,24,280384.5,52721.51,18.8,31153.83
CUST00920,Neha Patil,14,33,280357.29,54373.92,19.39,20025.52
CUST02580,Kavya Joshi,15,41,280352.79,61188.37,21.83,18690.19
CUST04763,Amit Kumar,13,26,280286.12,86547.59,30.88,21560.47
CUST00531,Karan Shah,14,37,280285.64,58636.29,20.92,20020.4
CUST00259,Priya Gupta,16,43,280276.73,64528.59,23.02,17517.3
CUST04855,Meera Gupta,15,29,280259.23,72774.66,25.97,18683.95
CUST05403,Aarav Mehta,12,30,280247.05,90596.46,32.33,23353.92
CUST00931,Amit Patil,11,30,280228.25,52031.22,18.57,25475.3
CUST04857,Karan Gupta,16,37,280149.56,79242.96,28.29,17509.35
CUST02855,Vivaan Sharma,18,37,280144.61,64792.66,23.13,15563.59
CUST01726,Pooja Joshi,13,32,280117.23,72093.82,25.74,21547.48
CUST00968,Amit Nair,13,42,279974.3,67277.05,24.03,21536.48
CUST05172,Neha Kumar,17,36,279915.39,79511.9,28.41,16465.61
CUST00491,Pooja Patil,19,45,279904.14,89774.92,32.07,14731.8
CUST00936,Rahul Nair,15,31,279889.69,76331.32,27.27,18659.31
CUST05530,Neha Verma,14,31,279756.46,69197.98,24.74,19982.6
CUST01123,Meera Shah,11,29,279722.85,73581.69,26.31,25429.35
CUST02594,Arjun Nair,14,37,279670.96,62441.43,22.33,19976.5
CUST01936,Aarav Patil,20,36,279415.72,72587.9,25.98,13970.79
CUST02858,Kavya Gupta,13,39,279353.83,61521.85,22.02,21488.76
CUST04249,Isha Deshmukh,14,32,279328.03,64765.83,23.19,19952.0
CUST03138,Aarav Mhaske,15,32,279315.6,48652.14,17.42,18621.04
CUST05154,Rahul Patil,13,31,279307.71,59479.39,21.3,21485.21
CUST04023,Amit Singh,14,32,279306.69,60663.33,21.72,19950.48
CUST02608,Vivaan Gupta,17,36,279237.14,72342.66,25.91,16425.71
CUST01467,Karan Kumar,17,40,279101.09,79701.31,28.56,16417.71
CUST00713,Rohan Gupta,15,29,279077.14,70382.01,25.22,18605.14
CUST03995,Ananya Mehta,13,32,278914.79,62424.33,22.38,21454.98
CUST01367,Arjun Deshmukh,16,38,278715.42,89684.44,32.18,17419.71
CUST02630,Arjun Joshi,12,35,278699.3,72882.84,26.15,23224.94
CUST00040,Amit Nair,16,47,278680.67,58218.31,20.89,17417.54
CUST03076,Vivaan Mhaske,13,31,278666.46,59612.5,21.39,21435.88
CUST00110,Amit Mhaske,12,35,278658.39,77446.73,27.79,23221.53
CUST03186,Aditya Mhaske,13,32,278654.11,78694.69,28.24,21434.93
CUST04109,Vivaan Deshmukh,16,36,278617.61,65493.89,23.51,17413.6
CUST01664,Priya Sharma,14,33,278534.71,83748.8,30.07,19895.34
CUST00478,Isha Mhaske,13,34,278501.16,62966.62,22.61,21423.17
CUST04455,Priya Kumar,11,35,278318.04,70618.67,25.37,25301.64
CUST02270,Ananya Verma,14,34,278317.52,65202.37,23.43,19879.82
CUST04612,Isha Sharma,13,39,278173.92,66402.93,23.87,21397.99
CUST01663,Kavya Joshi,12,26,278155.54,80923.39,29.09,23179.63
CUST01945,Neha Shah,12,32,278042.59,74710.89,26.87,23170.22
CUST01427,Neha Mhaske,17,42,277982.04,67412.5,24.25,16351.88
CUST02520,Rohan Sharma,19,44,277959.3,60631.46,21.81,14629.44
CUST04444,Isha Sharma,15,42,277943.52,63811.76,22.96,18529.57
CUST03646,Rohan Nair,17,45,277917.39,66429.14,23.9,16348.08
CUST01336,Vivaan Gupta,18,36,277915.77,65618.41,23.61,15439.77
CUST01620,Rahul Kumar,11,31,277894.21,59493.95,21.41,25263.11
CUST04663,Kavya Mehta,14,40,277882.99,59368.64,21.36,19848.78
CUST03164,Neha Nair,13,34,277712.28,78174.85,28.15,21362.48
CUST03583,Aarav Sharma,12,31,277704.05,73994.33,26.65,23142.0
CUST00745,Karan Sharma,15,34,277698.89,80478.51,28.98,18513.26
CUST04703,Priya Mehta,17,40,277683.65,81640.94,29.4,16334.33
CUST04161,Rahul Sharma,15,33,277683.51,57947.45,20.87,18512.23
CUST04342,Sneha Joshi,12,35,277623.15,67021.61,24.14,23135.26
CUST04425,Meera Shah,13,31,277588.0,60118.21,21.66,21352.92
CUST02471,Priya Deshmukh,20,43,277478.37,71384.52,25.73,13873.92
CUST03337,Isha Shah,15,37,277477.99,76549.1,27.59,18498.53
CUST03753,Sneha Patil,11,28,277400.49,77934.95,28.09,25218.23
CUST02340,Karan Sharma,13,32,277354.7,68785.13,24.8,21334.98
CUST03146,Neha Verma,12,34,277275.27,71120.04,25.65,23106.27
CUST03388,Karan Patil,17,43,277178.31,71802.89,25.9,16304.61
CUST00680,Kavya Sharma,15,35,277170.36,73560.31,26.54,18478.02
CUST00126,Karan Gupta,14,41,277050.01,78405.51,28.3,19789.29
CUST05694,Neha Kumar,13,32,277038.08,70173.59,25.33,21310.62
CUST05926,Rahul Nair,9,25,276942.08,62849.27,22.69,30771.34
CUST01185,Arjun Patil,14,38,276918.79,60554.07,21.87,19779.91
CUST05991,Rohan Mhaske,13,27,276773.86,71611.84,25.87,21290.3
CUST01960,Aditya Sharma,12,30,276741.24,72313.58,26.13,23061.77
CUST03135,Neha Nair,10,32,276679.86,74204.27,26.82,27667.99
CUST04758,Kavya Kumar,15,43,276611.01,59997.07,21.69,18440.73
CUST05380,Rohan Patil,13,35,276566.95,83482.25,30.19,21274.38
CUST03678,Ananya Kumar,19,37,276525.83,53276.65,19.27,14553.99
CUST05051,Aditya Sharma,13,32,276502.82,83799.11,30.31,21269.45
CUST00884,Ananya Nair,14,31,276501.09,77089.73,27.88,19750.08
CUST01905,Amit Kumar,15,27,276460.98,74363.34,26.9,18430.73
CUST02414,Vivaan Patil,18,37,276379.04,61210.63,22.15,15354.39
CUST02611,Arjun Deshmukh,16,39,276374.39,77267.63,27.96,17273.4
CUST02266,Ananya Mehta,12,28,276196.6,57808.64,20.93,23016.38
CUST01250,Karan Kumar,13,31,276177.42,68202.16,24.7,21244.42
CUST00500,Rohan Verma,14,40,276138.54,73605.1,26.66,19724.18
CUST02746,Ananya Kumar,19,39,276129.09,58288.16,21.11,14533.11
CUST04180,Meera Mhaske,20,40,276020.99,69455.6,25.16,13801.05
CUST05426,Amit Singh,14,34,275958.85,54425.39,19.72,19711.35
CUST01339,Priya Patil,13,33,275925.04,75125.05,27.23,21225.0
CUST01258,Aditya Singh,11,30,275910.73,46895.4,17.0,25082.79
CUST01075,Rohan Patil,12,42,275845.99,64606.55,23.42,22987.17
CUST04302,Ananya Patil,16,37,275826.12,75774.75,27.47,17239.13
CUST00938,Arjun Deshmukh,14,34,275795.06,47557.93,17.24,19699.65
CUST02359,Isha Joshi,12,31,275696.36,71227.58,25.84,22974.7
CUST01074,Rahul Verma,13,37,275678.78,60225.38,21.85,21206.06
CUST05512,Sneha Singh,17,33,275620.77,69479.52,25.21,16212.99
CUST04188,Rohan Verma,16,40,275604.3,63982.13,23.22,17225.27
CUST04586,Aarav Kumar,13,30,275561.84,72430.38,26.28,21197.06
CUST00672,Aditya Sharma,13,38,275554.29,67862.53,24.63,21196.48
CUST02748,Rahul Nair,18,40,275553.35,75552.86,27.42,15308.52
CUST01685,Rahul Shah,15,42,275537.51,51449.88,18.67,18369.17
CUST03345,Karan Nair,13,30,275500.45,79679.35,28.92,21192.34
CUST04327,Aditya Singh,12,34,275464.49,78276.89,28.42,22955.37
CUST03000,Aarav Singh,21,57,275337.55,64232.44,23.33,13111.31
CUST03566,Kavya Singh,10,27,275325.18,66680.86,24.22,27532.52
CUST00200,Pooja Nair,14,31,275276.87,85020.49,30.89,19662.63
CUST04926,Amit Nair,14,35,275160.48,82940.62,30.14,19654.32
CUST03419,Arjun Singh,12,34,275143.96,73339.22,26.65,22928.66
CUST00488,Meera Mhaske,16,41,275101.87,64306.3,23.38,17193.87
CUST01584,Rohan Gupta,10,27,275059.81,58676.54,21.33,27505.98
CUST04515,Aditya Mehta,12,26,275002.09,65446.42,23.8,22916.84
CUST03594,Neha Patil,15,33,274995.99,67873.27,24.68,18333.07
CUST03805,Isha Kumar,11,35,274915.98,66559.64,24.21,24992.36
CUST05591,Arjun Deshmukh,12,28,274876.26,66836.76,24.32,22906.35
CUST02163,Meera Gupta,16,41,274832.63,59286.67,21.57,17177.04
CUST05284,Neha Kumar,12,35,274769.25,67627.2,24.61,22897.44
CUST00569,Ananya Joshi,15,40,274767.65,47088.58,17.14,18317.84
CUST02223,Vivaan Verma,12,33,274756.39,74973.13,27.29,22896.37
CUST02950,Ananya Nair,19,45,274686.42,60380.67,21.98,14457.18
CUST01038,Sneha Gupta,16,42,274685.51,66690.17,24.28,17167.84
CUST02493,Neha Shah,15,32,274681.49,67896.07,24.72,18312.1
CUST02269,Meera Nair,14,33,274546.49,62689.7,22.83,19610.46
CUST02071,Kavya Singh,14,31,274503.33,74630.02,27.19,19607.38
CUST03885,Priya Patil,14,30,274486.17,54008.29,19.68,19606.15
CUST01082,Arjun Shah,12,30,274463.01,63563.61,23.16,22871.92
CUST04667,Karan Mehta,11,31,274458.97,69162.64,25.2,24950.82
CUST03195,Vivaan Sharma,17,35,274456.02,66313.06,24.16,16144.47
CUST02729,Neha Nair,12,32,274391.32,67790.42,24.71,22865.94
CUST02954,Priya Mehta,16,44,274193.95,66169.28,24.13,17137.12
CUST02788,Meera Shah,16,43,274124.72,60462.11,22.06,17132.8
CUST05243,Pooja Shah,11,37,274121.16,58089.6,21.19,24920.11
CUST02567,Amit Nair,14,39,274115.69,56759.99,20.71,19579.69
CUST01196,Meera Kumar,16,42,273997.51,53341.07,19.47,17124.84
CUST00997,Amit Deshmukh,11,29,273992.23,59414.36,21.68,24908.38
CUST05310,Kavya Sharma,12,33,273975.87,86631.83,31.62,22831.32
CUST02354,Rohan Mhaske,14,38,273970.2,76540.96,27.94,19569.3
CUST02659,Amit Shah,17,32,273944.4,69195.08,25.26,16114.38
CUST05813,Aarav Joshi,13,43,273866.4,64383.59,23.51,21066.65
CUST02254,Vivaan Patil,12,37,273798.38,78419.8,28.64,22816.53
CUST04184,Sneha Shah,12,35,273698.39,49988.14,18.26,22808.2
CUST05675,Amit Kumar,13,30,273687.4,52360.66,19.13,21052.88
CUST00070,Kavya Joshi,18,40,273675.03,66704.05,24.37,15204.17
CUST03924,Vivaan Verma,12,22,273610.38,82800.44,30.26,22800.87
CUST02821,Neha Joshi,17,40,273574.21,77974.72,28.5,16092.6
CUST00697,Pooja Singh,12,31,273530.58,82023.72,29.99,22794.22
CUST02635,Meera Mhaske,18,36,273499.21,79404.78,29.03,15194.4
CUST02318,Karan Kumar,14,40,273485.31,51697.16,18.9,19534.67
CUST04863,Rahul Deshmukh,13,37,273478.89,50170.13,18.35,21036.84
CUST04207,Aarav Kumar,16,38,273447.72,64570.5,23.61,17090.48
CUST02171,Isha Kumar,17,37,273445.76,57410.03,21.0,16085.04
CUST05344,Rohan Nair,15,35,273328.88,66666.66,24.39,18221.93
CUST03035,Sneha Verma,12,31,273321.75,79777.92,29.19,22776.81
CUST00916,Neha Gupta,13,28,273296.13,70266.44,25.71,21022.78
CUST03318,Sneha Verma,14,36,273282.7,49930.72,18.27,19520.19
CUST02497,Rahul Mhaske,11,28,273261.03,62340.69,22.81,24841.91
CUST05131,Priya Deshmukh,9,25,273231.49,78242.56,28.64,30359.05
CUST02560,Vivaan Mehta,12,27,273202.44,77255.39,28.28,22766.87
CUST01982,Kavya Mhaske,11,32,273151.72,47513.59,17.39,24831.97
CUST03462,Sneha Mhaske,12,35,273059.34,57990.49,21.24,22754.95
CUST01516,Neha Mehta,12,29,273052.6,75388.92,27.61,22754.38
CUST05532,Amit Joshi,11,29,273035.9,68215.04,24.98,24821.45
CUST03662,Karan Gupta,15,33,272963.24,80745.96,29.58,18197.55
CUST04277,Priya Kumar,10,29,272954.82,58860.59,21.56,27295.48
CUST03163,Vivaan Mehta,15,28,272898.49,68343.37,25.04,18193.23
CUST00654,Kavya Gupta,11,34,272871.41,55266.13,20.25,24806.49
CUST01180,Aditya Gupta,12,36,272796.13,58847.82,21.57,22733.01
CUST04211,Kavya Gupta,11,28,272736.72,59782.32,21.92,24794.25
CUST03417,Kavya Singh,14,31,272615.74,78536.07,28.81,19472.55
CUST04968,Rahul Sharma,14,29,272576.85,56989.11,20.91,19469.77
CUST00464,Rohan Verma,18,37,272541.57,54292.22,19.92,15141.2
CUST05087,Rahul Joshi,15,36,272482.11,65399.98,24.0,18165.47
CUST05241,Amit Verma,14,33,272457.8,83254.13,30.56,19461.27
CUST03247,Ananya Singh,14,29,272436.6,76186.84,27.96,19459.76
CUST05333,Arjun Sharma,8,23,272418.37,65321.3,23.98,34052.3
CUST03350,Priya Deshmukh,11,25,272364.3,69930.6,25.68,24760.39
CUST02943,Rahul Kumar,12,23,272355.98,74322.44,27.29,22696.33
CUST05884,Arjun Sharma,14,25,272300.74,81574.75,29.96,19450.05
CUST02584,Karan Joshi,15,36,272279.62,74570.58,27.39,18151.97
CUST05143,Meera Shah,10,30,272265.06,83325.39,30.6,27226.51
CUST03854,Aditya Gupta,12,33,272221.37,51641.12,18.97,22685.11
CUST02442,Kavya Nair,9,31,272204.0,44293.48,16.27,30244.89
CUST03939,Aarav Joshi,14,33,272178.38,74882.88,27.51,19441.31
CUST02296,Sneha Nair,13,38,272177.11,57653.81,21.18,20936.7
CUST01145,Sneha Shah,14,32,272151.11,70737.09,25.99,19439.36
CUST05758,Pooja Nair,15,29,272139.57,68123.03,25.03,18142.64
CUST01490,Pooja Gupta,16,35,272114.36,83599.1,30.72,17007.15
CUST05499,Pooja Patil,15,33,272063.23,83590.82,30.72,18137.55
CUST05381,Karan Nair,17,36,271970.12,71576.6,26.32,15998.24
CUST05076,Karan Gupta,13,27,271963.69,77322.98,28.43,20920.28
CUST03085,Priya Mehta,13,34,271908.54,69498.47,25.56,20916.04
CUST01481,Arjun Verma,19,39,271874.65,62637.28,23.04,14309.19
CUST00125,Isha Gupta,13,29,271693.1,68591.08,25.25,20899.47
CUST01311,Rahul Kumar,17,34,271683.18,63365.29,23.32,15981.36
CUST02351,Meera Verma,11,31,271613.95,74826.95,27.55,24692.18
CUST05057,Amit Kumar,13,30,271596.42,82080.4,30.22,20892.03
CUST04537,Priya Shah,12,31,271543.89,64187.7,23.64,22628.66
CUST04019,Sneha Mehta,16,41,271534.38,75316.25,27.74,16970.9
CUST04836,Vivaan Verma,13,24,271523.52,65418.0,24.09,20886.42
CUST02445,Meera Gupta,16,38,271513.37,59233.99,21.82,16969.59
CUST03386,Karan Sharma,13,41,271490.92,72198.41,26.59,20883.92
CUST01538,Meera Verma,16,34,271489.01,48048.35,17.7,16968.06
CUST05805,Isha Kumar,17,34,271442.33,50646.37,18.66,15967.2
CUST04057,Kavya Deshmukh,16,31,271437.54,73107.13,26.93,16964.85
CUST05168,Kavya Gupta,11,25,271420.26,72228.75,26.61,24674.57
CUST05476,Aditya Patil,16,43,271397.17,61461.95,22.65,16962.32
CUST00389,Sneha Patil,18,35,271381.18,78266.7,28.84,15076.73
CUST04411,Neha Gupta,9,28,271325.57,71332.5,26.29,30147.29
CUST04955,Neha Sharma,15,30,271306.4,74604.96,27.5,18087.09
CUST01700,Neha Joshi,11,36,271292.55,79165.52,29.18,24662.96
CUST01833,Aditya Verma,14,43,271290.42,47781.8,17.61,19377.89
CUST04231,Kavya Kumar,11,31,271238.79,68776.52,25.36,24658.07
CUST02587,Aditya Sharma,19,36,271209.91,69365.42,25.58,14274.21
CUST03554,Pooja Mehta,13,32,271174.05,88934.09,32.8,20859.54
CUST04919,Rahul Mhaske,13,33,271131.32,83898.66,30.94,20856.26
CUST02916,Aarav Verma,15,28,271076.26,83318.74,30.74,18071.75
CUST01415,Priya Deshmukh,12,27,271022.8,86073.68,31.76,22585.23
CUST04951,Kavya Verma,13,31,270934.99,82588.24,30.48,20841.15
CUST01095,Isha Gupta,16,32,270916.88,64374.31,23.76,16932.31
CUST05160,Karan Joshi,14,32,270916.7,63856.35,23.57,19351.19
CUST00141,Amit Gupta,15,33,270830.71,68978.36,25.47,18055.38
CUST00963,Neha Verma,12,28,270789.18,64801.11,23.93,22565.76
CUST01759,Vivaan Nair,15,33,270774.06,52416.3,19.36,18051.6
CUST05706,Kavya Deshmukh,10,28,270710.24,77500.53,28.63,27071.02
CUST04544,Vivaan Gupta,9,25,270678.55,69774.31,25.78,30075.39
CUST00012,Neha Sharma,13,26,270665.96,64901.94,23.98,20820.46
CUST05917,Aditya Gupta,14,36,270612.11,62628.87,23.14,19329.44
CUST02824,Ananya Patil,18,40,270591.41,60956.79,22.53,15032.86
CUST00882,Arjun Joshi,13,31,270580.95,75664.05,27.96,20813.92
CUST04701,Aarav Shah,13,30,270580.59,60342.37,22.3,20813.89
CUST03207,Amit Patil,11,32,270565.91,61832.65,22.85,24596.9
CUST02689,Amit Mehta,16,39,270526.39,69352.72,25.64,16907.9
CUST02164,Vivaan Kumar,14,37,270297.74,52895.99,19.57,19306.98
CUST03591,Karan Patil,14,31,270283.81,78225.71,28.94,19305.99
CUST01191,Kavya Singh,11,32,270173.28,77310.03,28.61,24561.21
CUST02848,Karan Patil,15,37,270090.32,72216.46,26.74,18006.02
CUST05529,Rohan Mhaske,12,28,270061.68,85898.99,31.81,22505.14
CUST03398,Kavya Verma,18,44,269955.92,64883.21,24.03,14997.55
CUST03851,Meera Verma,16,31,269907.44,64788.57,24.0,16869.22
CUST05501,Priya Joshi,14,41,269900.56,52249.94,19.36,19278.61
CUST00081,Arjun Mehta,15,32,269886.74,60653.51,22.47,17992.45
CUST02562,Pooja Verma,12,36,269817.98,69358.82,25.71,22484.83
CUST02557,Aarav Mhaske,13,32,269769.33,69110.18,25.62,20751.49
CUST05684,Sneha Joshi,11,26,269759.69,76584.87,28.39,24523.61
CUST01615,Neha Singh,14,28,269744.88,66729.1,24.74,19267.49
CUST03235,Aditya Singh,13,31,269598.56,65483.98,24.29,20738.35
CUST05410,Arjun Mehta,13,31,269535.46,67279.53,24.96,20733.5
CUST04028,Vivaan Kumar,17,34,269525.01,73126.86,27.13,15854.41
CUST02480,Kavya Verma,16,39,269453.88,56693.88,21.04,16840.87
CUST05710,Rohan Kumar,17,36,269438.57,77554.54,28.78,15849.33
CUST03782,Aditya Kumar,14,37,269410.18,70274.89,26.08,19243.58
CUST00059,Karan Deshmukh,11,25,269386.97,59606.02,22.13,24489.72
CUST01127,Aditya Nair,13,29,269382.75,71625.0,26.59,20721.75
CUST01480,Arjun Sharma,11,30,269225.68,77869.9,28.92,24475.06
CUST02135,Priya Kumar,12,28,269180.09,66571.1,24.73,22431.67
CUST03605,Arjun Patil,18,50,269161.63,68063.19,25.29,14953.42
CUST05656,Vivaan Sharma,10,25,269160.0,75218.92,27.95,26916.0
CUST03759,Aditya Mehta,20,40,269123.71,70368.92,26.15,13456.19
CUST00208,Isha Kumar,11,27,269054.61,65003.79,24.16,24459.51
CUST03258,Vivaan Mhaske,17,37,269028.95,86623.91,32.2,15825.23
CUST01019,Priya Shah,17,32,268993.02,65106.68,24.2,15823.12
CUST01194,Vivaan Verma,14,31,268963.69,57503.46,21.38,19211.69
CUST04945,Isha Patil,11,31,268916.99,61502.98,22.87,24447.0
CUST03548,Rohan Nair,13,36,268766.97,64169.3,23.88,20674.38
CUST04118,Karan Shah,14,29,268741.32,53443.85,19.89,19195.81
CUST01392,Meera Sharma,13,30,268626.52,80407.34,29.93,20663.58
CUST02886,Ananya Nair,15,35,268608.16,69574.45,25.9,17907.21
CUST01928,Ananya Joshi,14,27,268472.19,70497.83,26.26,19176.58
CUST01771,Sneha Nair,17,35,268448.57,65911.46,24.55,15791.09
CUST01820,Meera Singh,12,33,268427.94,74636.5,27.81,22368.99
CUST01202,Kavya Sharma,15,41,268423.27,70325.42,26.2,17894.88
CUST05791,Sneha Patil,16,35,268393.16,75473.33,28.12,16774.57
CUST05283,Arjun Verma,14,32,268319.48,65292.17,24.33,19165.68
CUST01909,Isha Nair,15,37,268219.16,72463.25,27.02,17881.28
CUST05543,Kavya Patil,16,39,268203.22,61484.21,22.92,16762.7
CUST02432,Isha Patil,13,33,268188.64,62413.6,23.27,20629.9
CUST04920,Meera Mehta,13,37,268170.36,63209.63,23.57,20628.49
CUST00369,Amit Verma,12,30,268166.25,51088.05,19.05,22347.19
CUST00934,Sneha Shah,18,36,268080.55,55883.62,20.85,14893.36
CUST03378,Sneha Gupta,14,32,268070.91,58815.89,21.94,19147.92
CUST03804,Meera Shah,13,32,268034.2,56899.88,21.23,20618.02
CUST04340,Karan Kumar,10,26,268025.26,68217.79,25.45,26802.53
CUST02917,Priya Gupta,12,33,267927.4,60717.17,22.66,22327.28
CUST04417,Ananya Mhaske,14,28,267885.37,68861.77,25.71,19134.67
CUST02064,Karan Verma,15,30,267819.2,66646.6,24.88,17854.61
CUST04556,Sneha Mehta,11,32,267793.9,87334.38,32.61,24344.9
CUST01395,Karan Patil,10,29,267792.72,48708.14,18.19,26779.27
CUST04104,Meera Sharma,15,43,267783.26,62983.88,23.52,17852.22
CUST05144,Vivaan Kumar,14,29,267777.17,72390.55,27.03,19126.94
CUST03790,Vivaan Deshmukh,12,31,267774.41,56419.11,21.07,22314.53
CUST03483,Aarav Verma,15,29,267488.11,70097.73,26.21,17832.54
CUST04982,Karan Gupta,13,28,267421.77,62051.55,23.2,20570.91
CUST02888,Karan Singh,16,42,267382.21,71940.88,26.91,16711.39
CUST00915,Aarav Deshmukh,16,37,267372.02,79169.68,29.61,16710.75
CUST00573,Sneha Nair,16,40,267220.78,66705.57,24.96,16701.3
CUST03225,Rohan Nair,14,40,267218.75,67675.77,25.33,19087.05
CUST04720,Neha Nair,15,32,267176.79,78140.3,29.25,17811.79
CUST02228,Ananya Patil,16,33,267149.29,64603.43,24.18,16696.83
CUST02542,Sneha Gupta,14,33,267057.83,73775.31,27.63,19075.56
CUST05559,Neha Joshi,14,34,266891.46,75400.04,28.25,19063.68
CUST03539,Pooja Verma,13,35,266876.82,65658.77,24.6,20528.99
CUST03088,Priya Mhaske,17,43,266690.97,60683.91,22.75,15687.7
CUST00297,Vivaan Patil,11,36,266570.13,60099.3,22.55,24233.65
CUST03708,Meera Gupta,12,24,266512.17,72276.5,27.12,22209.35
CUST03791,Kavya Sharma,12,37,266387.31,57267.84,21.5,22198.94
CUST01805,Rohan Deshmukh,13,34,266365.05,55260.13,20.75,20489.62
CUST03439,Karan Shah,14,39,266299.6,56409.92,21.18,19021.4
CUST00137,Isha Joshi,12,28,266281.61,85832.57,32.23,22190.13
CUST04369,Aditya Gupta,14,32,266226.9,64902.48,24.38,19016.21
CUST02274,Rahul Singh,16,35,266216.19,60360.85,22.67,16638.51
CUST04517,Kavya Sharma,15,46,266162.73,63734.98,23.95,17744.18
CUST03192,Arjun Nair,10,31,266156.66,51532.58,19.36,26615.67
CUST04710,Kavya Sharma,13,36,266019.28,83922.73,31.55,20463.02
CUST05294,Priya Patil,13,32,266016.54,67308.9,25.3,20462.81
CUST02585,Aarav Patil,10,24,265932.78,58039.67,21.82,26593.28
CUST03174,Aarav Deshmukh,13,34,265928.49,67377.3,25.34,20456.04
CUST03283,Amit Verma,13,35,265859.48,84710.97,31.86,20450.73
CUST03499,Pooja Joshi,16,36,265841.2,57429.95,21.6,16615.08
CUST02649,Aarav Verma,13,39,265828.15,67063.46,25.23,20448.32
CUST01159,Ananya Shah,18,37,265809.89,68119.0,25.63,14767.22
CUST03716,Vivaan Joshi,14,37,265726.97,80409.38,30.26,18980.5
CUST03897,Amit Singh,13,36,265722.82,71005.17,26.72,20440.22
CUST05460,Rohan Mhaske,15,35,265701.58,58396.34,21.98,17713.44
CUST05725,Amit Joshi,18,44,265678.83,58590.62,22.05,14759.94
CUST04583,Kavya Singh,11,32,265653.45,68367.45,25.74,24150.31
CUST04365,Isha Patil,14,33,265596.48,74655.4,28.11,18971.18
CUST00604,Rohan Sharma,13,24,265483.68,63282.57,23.84,20421.82
CUST05932,Meera Verma,14,31,265477.48,69252.96,26.09,18962.68
CUST05112,Aarav Joshi,14,34,265416.24,69635.33,26.24,18958.3
CUST00356,Isha Nair,12,31,265357.23,75664.18,28.51,22113.1
CUST02861,Sneha Nair,14,35,265318.48,62004.08,23.37,18951.32
CUST05797,Kavya Deshmukh,12,36,265219.25,65713.13,24.78,22101.6
CUST00047,Isha Mhaske,10,29,265192.15,59058.34,22.27,26519.22
CUST05269,Pooja Mhaske,11,34,265094.26,63395.13,23.91,24099.48
CUST04171,Rahul Singh,16,38,265058.72,59328.76,22.38,16566.17
CUST05961,Neha Deshmukh,10,32,264977.49,55390.13,20.9,26497.75
CUST04239,Ananya Singh,18,29,264939.98,60987.22,23.02,14718.89
CUST00029,Aarav Nair,15,33,264915.73,72878.44,27.51,17661.05
CUST04246,Pooja Kumar,16,50,264883.86,66848.07,25.24,16555.24
CUST01069,Meera Sharma,11,28,264842.89,73247.21,27.66,24076.63
CUST00837,Aarav Mehta,12,30,264803.0,64851.06,24.49,22066.92
CUST02909,Rohan Singh,11,29,264743.47,58823.96,22.22,24067.59
CUST02531,Arjun Deshmukh,18,41,264742.96,62448.88,23.59,14707.94
CUST04688,Priya Deshmukh,16,39,264739.45,76427.37,28.87,16546.22
CUST03988,Ananya Gupta,16,38,264738.37,55270.69,20.88,16546.15
CUST02455,Arjun Kumar,11,28,264738.33,62102.67,23.46,24067.12
CUST04047,Ananya Gupta,11,24,264600.16,67741.15,25.6,24054.56
CUST02947,Vivaan Kumar,11,24,264376.51,64030.37,24.22,24034.23
CUST02764,Neha Verma,16,40,264371.81,53445.41,20.22,16523.24
CUST05728,Kavya Mehta,12,30,264369.92,54646.39,20.67,22030.83
CUST00550,Arjun Kumar,14,34,264364.99,56435.89,21.35,18883.21
CUST00138,Aarav Deshmukh,13,28,264232.18,54576.32,20.65,20325.55
CUST05300,Ananya Joshi,17,31,264196.81,70478.43,26.68,15540.99
CUST04791,Amit Mehta,10,29,264178.02,56550.87,21.41,26417.8
CUST02467,Aarav Kumar,15,29,264141.69,57552.4,21.79,17609.45
CUST02652,Rahul Kumar,16,37,264082.28,73697.86,27.91,16505.14
CUST03183,Aarav Shah,9,24,264062.81,68579.01,25.97,29340.31
CUST05772,Neha Mehta,10,28,264038.25,76528.4,28.98,26403.83
CUST05928,Sneha Singh,14,33,263886.16,68881.89,26.1,18849.01
CUST05459,Arjun Verma,12,38,263885.12,61793.36,23.42,21990.43
CUST05619,Amit Deshmukh,10,30,263769.03,67235.12,25.49,26376.9
CUST05401,Vivaan Singh,14,31,263761.05,66656.55,25.27,18840.08
CUST05017,Rahul Kumar,13,31,263733.07,68457.17,25.96,20287.16
CUST03616,Meera Kumar,11,28,263627.31,69330.45,26.3,23966.12
CUST04966,Meera Joshi,12,35,263568.57,64505.96,24.47,21964.05
CUST05389,Aditya Mhaske,9,27,263562.86,52616.65,19.96,29284.76
CUST03427,Neha Patil,15,28,263497.03,75358.71,28.6,17566.47
CUST01405,Kavya Verma,17,42,263450.18,56367.17,21.4,15497.07
CUST04113,Sneha Singh,14,35,263399.04,69883.06,26.53,18814.22
CUST05685,Amit Mehta,18,38,263353.29,73795.54,28.02,14630.74
CUST00761,Pooja Gupta,12,35,263268.23,54180.2,20.58,21939.02
CUST01563,Rahul Deshmukh,15,32,263229.62,67432.04,25.62,17548.64
CUST04973,Aditya Sharma,12,38,263209.09,61024.9,23.18,21934.09
CUST03233,Rahul Shah,14,28,263194.59,65993.3,25.07,18799.61
CUST04681,Priya Gupta,10,31,263179.46,60992.5,23.18,26317.95
CUST00999,Rahul Nair,12,29,263138.99,80333.1,30.53,21928.25
CUST00849,Pooja Shah,13,44,263093.59,68296.22,25.96,20237.97
CUST01476,Rohan Shah,13,32,263005.55,60833.38,23.13,20231.2
CUST03864,Priya Shah,13,33,263003.15,67081.7,25.51,20231.01
CUST01758,Neha Gupta,14,26,262994.18,62957.7,23.94,18785.3
CUST00180,Vivaan Mhaske,17,41,262819.76,72259.63,27.49,15459.99
CUST00967,Rahul Joshi,12,28,262813.74,59315.28,22.57,21901.15
CUST03556,Neha Verma,16,30,262805.35,60138.57,22.88,16425.33
CUST00578,Meera Nair,19,40,262750.8,57039.7,21.71,13828.99
CUST03446,Isha Sharma,15,35,262717.29,71123.83,27.07,17514.49
CUST03796,Sneha Joshi,12,26,262523.96,69406.91,26.44,21877.0
CUST03171,Meera Kumar,12,33,262513.98,66472.25,25.32,21876.16
CUST03294,Ananya Verma,11,31,262481.34,50717.15,19.32,23861.94
CUST04932,Karan Patil,16,35,262464.63,65342.97,24.9,16404.04
CUST00645,Vivaan Gupta,13,34,262444.62,64855.03,24.71,20188.05
CUST02726,Aarav Sharma,13,33,262382.58,68927.35,26.27,20183.28
CUST05228,Aditya Nair,16,30,262371.89,62374.25,23.77,16398.24
CUST05538,Neha Nair,14,32,262358.36,70741.4,26.96,18739.88
CUST01653,Rahul Gupta,16,35,262300.65,52319.25,19.95,16393.79
CUST05683,Rohan Sharma,10,27,262225.89,72004.9,27.46,26222.59
CUST05490,Rohan Shah,12,23,262205.49,67460.16,25.73,21850.46
CUST04989,Isha Singh,13,32,262153.59,63430.14,24.2,20165.66
CUST05673,Priya Gupta,14,28,262088.04,70986.72,27.09,18720.57
CUST05467,Kavya Shah,13,27,262020.45,52832.13,20.16,20155.42
CUST05413,Karan Sharma,14,29,262017.82,73987.28,28.24,18715.56
CUST04539,Vivaan Joshi,14,38,262002.19,69704.09,26.6,18714.44
CUST03209,Rahul Mehta,14,27,261998.85,62637.01,23.91,18714.2
CUST04634,Arjun Kumar,17,38,261985.59,68423.21,26.12,15410.92
CUST04001,Priya Kumar,14,35,261876.95,54445.22,20.79,18705.5
CUST00592,Amit Verma,14,23,261823.55,78991.26,30.17,18701.68
CUST01079,Aditya Mehta,13,32,261757.22,68438.8,26.15,20135.17
CUST04826,Rohan Joshi,10,30,261747.06,73141.33,27.94,26174.71
CUST05452,Meera Deshmukh,14,32,261685.73,48216.11,18.43,18691.84
CUST04329,Vivaan Mehta,12,34,261683.46,56509.43,21.59,21806.95
CUST05774,Arjun Nair,14,31,261650.69,40302.0,15.4,18689.33
CUST01217,Kavya Shah,12,28,261534.11,54089.82,20.68,21794.51
CUST04689,Pooja Gupta,15,34,261528.92,47906.56,18.32,17435.26
CUST02482,Ananya Kumar,14,36,261515.38,73387.56,28.06,18679.67
CUST05258,Aditya Singh,10,32,261437.28,68373.72,26.15,26143.73
CUST03029,Karan Sharma,17,41,261367.34,72424.31,27.71,15374.55
CUST00903,Kavya Deshmukh,14,31,261343.09,73248.44,28.03,18667.36
CUST00108,Sneha Verma,13,30,261341.45,51284.28,19.62,20103.19
CUST05343,Kavya Mhaske,14,39,261335.99,64708.18,24.76,18666.86
CUST00621,Vivaan Singh,15,27,261331.13,63534.28,24.31,17422.08
CUST04769,Ananya Mhaske,13,33,261319.68,60397.88,23.11,20101.51
CUST02574,Arjun Joshi,13,41,261318.16,61557.14,23.56,20101.4
CUST04871,Pooja Deshmukh,14,38,261279.37,56604.29,21.66,18662.81
CUST02112,Kavya Patil,13,36,261268.07,52533.45,20.11,20097.54
CUST01108,Rohan Joshi,16,31,261259.77,74491.47,28.51,16328.74
CUST04044,Rohan Gupta,15,30,261163.19,54559.46,20.89,17410.88
CUST04794,Aarav Gupta,17,35,261161.3,64583.39,24.73,15362.43
CUST00776,Pooja Mehta,10,28,261067.63,80971.88,31.02,26106.76
CUST05135,Aarav Shah,19,39,261032.1,61421.12,23.53,13738.53
CUST00037,Meera Kumar,15,33,261023.8,65147.77,24.96,17401.59
CUST00025,Rahul Deshmukh,15,26,261016.04,70489.47,27.01,17401.07
CUST04051,Rahul Patil,12,36,261007.16,68898.56,26.4,21750.6
CUST02820,Aditya Gupta,12,32,260980.25,67567.13,25.89,21748.35
CUST04632,Sneha Shah,14,32,260977.79,74383.97,28.5,18641.27
CUST03099,Meera Verma,10,25,260808.46,62912.43,24.12,26080.85
CUST04593,Vivaan Kumar,15,27,260767.66,56717.89,21.75,17384.51
CUST04682,Meera Kumar,11,24,260750.18,63730.54,24.44,23704.56
CUST00911,Sneha Mhaske,18,42,260475.2,66003.76,25.34,14470.84
CUST03724,Arjun Patil,19,47,260408.37,64173.89,24.64,13705.7
CUST02912,Aditya Patil,14,34,260392.42,59612.3,22.89,18599.46
CUST04805,Kavya Nair,12,30,260350.96,69359.48,26.64,21695.91
CUST05383,Arjun Shah,11,29,260311.08,55079.76,21.16,23664.64
CUST02833,Rahul Sharma,16,31,260294.49,73033.7,28.06,16268.41
CUST01989,Kavya Shah,12,29,260267.34,75323.61,28.94,21688.94
CUST01692,Kavya Mehta,12,32,260256.63,73186.91,28.12,21688.05
CUST02871,Rahul Kumar,12,30,260240.14,55323.17,21.26,21686.68
CUST02450,Amit Deshmukh,10,22,260221.05,60743.83,23.34,26022.1
CUST03507,Aditya Shah,13,37,260219.78,80679.84,31.0,20016.91
CUST01292,Aditya Kumar,16,33,260206.3,72289.13,27.78,16262.89
CUST02451,Isha Verma,15,38,260205.6,62827.0,24.15,17347.04
CUST02353,Meera Shah,11,32,260112.63,67514.19,25.96,23646.6
CUST00020,Priya Gupta,17,47,260109.15,57593.27,22.14,15300.54
CUST04726,Aarav Nair,11,28,259944.3,35115.57,13.51,23631.3
CUST04382,Arjun Mehta,10,22,259901.65,67033.92,25.79,25990.17
CUST03887,Ananya Mehta,11,37,259871.91,68699.9,26.44,23624.72
CUST03005,Meera Mehta,13,37,259809.25,62717.87,24.14,19985.33
CUST05738,Priya Patil,14,36,259798.04,52203.91,20.09,18557.0
CUST02618,Rahul Singh,14,40,259682.85,63967.85,24.63,18548.78
CUST05438,Karan Gupta,14,30,259667.59,56261.66,21.67,18547.69
CUST02055,Rohan Verma,13,34,259558.6,63562.91,24.49,19966.05
CUST01827,Amit Shah,13,34,259545.26,65915.75,25.4,19965.02
CUST03748,Ananya Nair,13,33,259540.69,77335.24,29.8,19964.67
CUST00014,Rahul Shah,15,32,259465.24,69624.97,26.83,17297.68
CUST02843,Vivaan Deshmukh,14,33,259416.93,67493.82,26.02,18529.78
CUST00781,Amit Kumar,11,29,259320.84,67686.69,26.1,23574.62
CUST01745,Priya Kumar,15,35,259272.08,53392.7,20.59,17284.81
CUST01861,Rohan Verma,13,27,259248.67,51907.05,20.02,19942.21
CUST05670,Priya Singh,10,28,259224.06,66506.29,25.66,25922.41
CUST00044,Kavya Nair,13,25,259173.29,67820.91,26.17,19936.41
CUST01907,Isha Shah,15,35,259172.7,58807.83,22.69,17278.18
CUST04568,Ananya Mehta,14,33,258988.23,61237.9,23.65,18499.16
CUST02245,Karan Deshmukh,12,33,258869.99,68355.35,26.41,21572.5
CUST05838,Meera Singh,14,35,258846.68,70371.85,27.19,18489.05
CUST01231,Neha Joshi,10,32,258817.99,52223.2,20.18,25881.8
CUST01775,Priya Mehta,17,34,258761.26,60181.09,23.26,15221.25
CUST05959,Neha Singh,15,34,258675.95,58985.0,22.8,17245.06
CUST02010,Amit Mhaske,11,25,258652.35,54636.93,21.12,23513.85
CUST04893,Rahul Gupta,13,32,258628.37,62861.86,24.31,19894.49
CUST05307,Amit Patil,15,37,258532.27,59880.1,23.16,17235.48
CUST02161,Isha Shah,16,45,258462.7,61157.43,23.66,16153.92
CUST03369,Priya Verma,11,29,258372.9,60269.33,23.33,23488.45
CUST04630,Ananya Mhaske,18,37,258307.13,69642.53,26.96,14350.4
CUST04206,Isha Singh,15,29,258298.83,65755.68,25.46,17219.92
CUST05326,Pooja Patil,13,35,258254.83,58421.06,22.62,19865.76
CUST05749,Aarav Mhaske,12,30,258249.05,69802.84,27.03,21520.75
CUST05963,Amit Shah,14,30,258216.69,47636.34,18.45,18444.05
CUST03607,Aditya Verma,13,37,258177.2,76950.48,29.81,19859.78
CUST05702,Arjun Verma,13,27,258165.03,58670.9,22.73,19858.85
CUST04402,Kavya Sharma,10,30,258117.74,73097.82,28.32,25811.77
CUST03059,Arjun Verma,15,43,258087.74,66455.03,25.75,17205.85
CUST05015,Rohan Kumar,17,33,258021.03,65801.94,25.5,15177.71
CUST03538,Meera Sharma,13,35,257959.29,56701.06,21.98,19843.02
CUST04744,Isha Joshi,17,38,257946.55,69092.95,26.79,15173.33
CUST05662,Neha Sharma,11,28,257778.91,53142.2,20.62,23434.45
CUST04627,Rohan Joshi,12,36,257721.63,47834.59,18.56,21476.8
CUST00293,Isha Nair,13,29,257672.52,55172.05,21.41,19820.96
CUST03781,Aarav Mehta,12,36,257518.32,65257.04,25.34,21459.86
CUST02444,Vivaan Deshmukh,11,27,257513.24,60242.49,23.39,23410.29
CUST01952,Rahul Verma,18,39,257433.56,54252.83,21.07,14301.86
CUST01442,Rohan Deshmukh,12,29,257414.68,77061.83,29.94,21451.22
CUST02838,Vivaan Verma,15,35,257330.53,65481.37,25.45,17155.37
CUST03997,Vivaan Patil,8,24,257280.61,74243.27,28.86,32160.08
CUST01148,Isha Sharma,16,49,257210.61,56720.57,22.05,16075.66
CUST05462,Vivaan Kumar,14,31,257204.29,64104.45,24.92,18371.74
CUST02383,Isha Mehta,12,27,257161.36,86011.61,33.45,21430.11
CUST04319,Isha Sharma,11,36,257139.3,65099.04,25.32,23376.3
CUST01730,Amit Nair,15,36,257056.05,47175.61,18.35,17137.07
CUST02553,Neha Sharma,13,32,256993.91,81844.49,31.85,19768.76
CUST02060,Aarav Joshi,12,34,256974.54,55062.51,21.43,21414.55
CUST04897,Aditya Mehta,16,40,256927.76,64839.4,25.24,16057.99
CUST03816,Rahul Sharma,12,30,256907.51,54178.01,21.09,21408.96
CUST02977,Rahul Verma,15,36,256794.87,51594.73,20.09,17119.66
CUST04152,Neha Singh,12,30,256753.04,71641.88,27.9,21396.09
CUST00886,Vivaan Gupta,14,36,256731.86,50289.86,19.59,18337.99
CUST00918,Amit Deshmukh,12,32,256715.88,67073.87,26.13,21392.99
CUST02881,Rohan Gupta,18,32,256698.37,73486.77,28.63,14261.02
CUST03111,Kavya Gupta,14,30,256648.56,63608.64,24.78,18332.04
CUST04497,Aditya Gupta,19,38,256456.34,65653.13,25.6,13497.7
CUST02981,Karan Kumar,12,29,256403.44,72171.45,28.15,21366.95
CUST04412,Amit Shah,15,38,256371.72,48391.64,18.88,17091.45
CUST01132,Vivaan Shah,14,33,256318.1,57876.23,22.58,18308.44
CUST01356,Aditya Gupta,14,30,256308.05,52484.98,20.48,18307.72
CUST02591,Neha Joshi,10,24,256301.99,65580.1,25.59,25630.2
CUST01748,Kavya Patil,19,37,256300.16,66599.32,25.98,13489.48
CUST05109,Vivaan Mehta,10,31,256271.11,71305.67,27.82,25627.11
CUST03452,Neha Mhaske,13,33,256255.89,68267.03,26.64,19711.99
CUST01433,Aditya Joshi,14,29,256203.62,49687.27,19.39,18300.26
CUST05497,Meera Joshi,15,34,256189.76,76330.36,29.79,17079.32
CUST05100,Rohan Mehta,12,26,256172.04,72469.46,28.29,21347.67
CUST04698,Aditya Kumar,7,26,256150.72,76613.11,29.91,36592.96
CUST02014,Sneha Nair,17,41,256138.04,69175.48,27.01,15066.94
CUST04189,Karan Patil,12,30,256071.71,61119.33,23.87,21339.31
CUST04472,Rohan Gupta,14,33,255997.06,68789.91,26.87,18285.5
CUST04985,Rohan Gupta,13,32,255763.66,66393.54,25.96,19674.13
CUST02067,Kavya Verma,14,35,255747.79,51714.92,20.22,18267.7
CUST05314,Isha Nair,11,33,255735.18,67844.9,26.53,23248.65
CUST04977,Pooja Patil,14,33,255720.97,66610.67,26.05,18265.78
CUST00850,Amit Verma,14,35,255705.58,46546.96,18.2,18264.68
CUST05770,Kavya Patil,12,26,255643.71,51555.14,20.17,21303.64
CUST00548,Vivaan Singh,11,31,255625.08,50927.82,19.92,23238.64
CUST00067,Rahul Gupta,13,30,255595.7,69676.47,27.26,19661.21
CUST05146,Kavya Mehta,14,33,255571.2,63698.8,24.92,18255.09
CUST02664,Aarav Sharma,11,22,255561.42,69320.69,27.12,23232.86
CUST01389,Sneha Nair,13,34,255540.17,83465.79,32.66,19656.94
CUST05924,Rohan Gupta,12,27,255537.56,67750.38,26.51,21294.8
CUST00196,Rohan Shah,12,29,255524.8,56947.59,22.29,21293.73
CUST01595,Aarav Verma,9,22,255396.77,67075.97,26.26,28377.42
CUST02322,Priya Gupta,12,24,255347.74,59067.98,23.13,21278.98
CUST01477,Vivaan Kumar,13,38,255287.17,73675.64,28.86,19637.47
CUST03668,Kavya Sharma,16,25,255278.86,69267.07,27.13,15954.93
CUST04034,Priya Nair,18,37,255263.74,69009.16,27.03,14181.32
CUST01597,Priya Mhaske,17,37,255257.45,58911.1,23.08,15015.14
CUST00230,Priya Gupta,17,38,255242.7,82635.58,32.38,15014.28
CUST00334,Meera Mhaske,14,34,255236.34,62646.26,24.54,18231.17
CUST04162,Sneha Patil,14,24,255235.35,61394.22,24.05,18231.1
CUST03143,Rohan Mehta,10,25,255198.62,68805.22,26.96,25519.86
CUST03661,Kavya Gupta,14,34,255153.23,57755.47,22.64,18225.23
CUST04381,Priya Nair,13,33,255142.48,68709.31,26.93,19626.34
CUST03204,Amit Mehta,11,29,255140.37,76245.11,29.88,23194.58
CUST00553,Karan Mhaske,14,39,255100.87,59710.96,23.41,18221.49
CUST00187,Karan Singh,11,24,255096.01,68383.95,26.81,23190.55
CUST04316,Vivaan Shah,15,34,255053.3,55895.89,21.92,17003.55
CUST01045,Amit Sharma,14,41,255049.66,59047.15,23.15,18217.83
CUST01056,Aarav Deshmukh,14,35,254980.04,75911.63,29.77,18212.86
CUST04870,Neha Sharma,14,41,254974.29,57144.6,22.41,18212.45
CUST00851,Vivaan Joshi,14,28,254880.9,59418.92,23.31,18205.78
CUST01304,Pooja Joshi,11,26,254784.97,45489.61,17.85,23162.27
CUST01644,Karan Mehta,13,32,254780.06,57556.0,22.59,19598.47
CUST05682,Meera Singh,14,26,254777.49,56799.18,22.29,18198.39
CUST02284,Amit Mehta,13,33,254759.0,67940.04,26.67,19596.85
CUST04943,Sneha Mehta,13,32,254719.55,53635.97,21.06,19593.81
CUST00809,Priya Mhaske,16,30,254697.83,66436.25,26.08,15918.61
CUST02209,Meera Nair,11,28,254640.97,69356.73,27.24,23149.18
CUST04608,Pooja Mehta,21,41,254611.47,70201.37,27.57,12124.36
CUST05657,Rohan Nair,11,28,254539.15,80280.81,31.54,23139.92
CUST01439,Rohan Nair,14,38,254504.92,76806.21,30.18,18178.92
CUST03039,Arjun Mehta,12,26,254490.24,57010.29,22.4,21207.52
CUST04045,Vivaan Deshmukh,17,34,254430.9,73278.72,28.8,14966.52
CUST04721,Aditya Shah,14,42,254423.7,61723.67,24.26,18173.12
CUST04401,Sneha Mhaske,12,25,254417.36,64462.47,25.34,21201.45
CUST04267,Vivaan Nair,15,41,254348.29,50003.98,19.66,16956.55
CUST05833,Sneha Singh,16,40,254343.68,53350.93,20.98,15896.48
CUST04429,Kavya Shah,12,27,254324.97,62454.73,24.56,21193.75
CUST01452,Meera Singh,11,32,254309.95,53944.98,21.21,23119.09
CUST01141,Karan Joshi,13,35,254296.75,56320.09,22.15,19561.29
CUST05069,Aarav Kumar,13,25,254291.52,60060.33,23.62,19560.89
CUST03925,Sneha Singh,11,28,254284.11,69566.11,27.36,23116.74
CUST01081,Sneha Kumar,16,36,254266.31,56028.95,22.04,15891.64
CUST02002,Vivaan Joshi,15,43,254237.75,71785.53,28.24,16949.18
CUST02342,Ananya Verma,10,25,254189.24,75483.86,29.7,25418.92
CUST05945,Neha Gupta,12,33,254177.22,69404.2,27.31,21181.44
CUST00236,Amit Sharma,13,41,254155.16,64058.89,25.2,19550.4
CUST03161,Aarav Gupta,8,26,254141.85,71718.03,28.22,31767.73
CUST04230,Karan Nair,9,30,254126.74,72809.75,28.65,28236.3
CUST00961,Priya Verma,19,46,254122.64,59411.88,23.38,13374.88
CUST05455,Pooja Kumar,15,30,254120.19,80850.71,31.82,16941.35
CUST01765,Aditya Sharma,13,32,254097.09,39155.68,15.41,19545.93
CUST00410,Aarav Gupta,18,39,254067.24,70404.35,27.71,14114.85
CUST00253,Meera Verma,17,32,254051.32,65336.12,25.72,14944.2
CUST03529,Isha Patil,8,29,254034.08,56616.85,22.29,31754.26
CUST04280,Aarav Nair,16,35,254023.8,67886.08,26.72,15876.49
CUST02719,Rahul Mehta,10,28,253998.09,76062.53,29.95,25399.81
CUST00673,Neha Patil,13,35,253984.74,39079.68,15.39,19537.29
CUST05372,Aarav Mhaske,13,32,253971.56,61913.82,24.38,19536.27
CUST02088,Rahul Shah,12,36,253941.71,69835.36,27.5,21161.81
CUST02667,Isha Verma,12,31,253862.21,41365.19,16.29,21155.18
CUST03828,Priya Patil,13,30,253847.81,63737.82,25.11,19526.75
CUST00451,Aarav Kumar,10,24,253831.83,68382.49,26.94,25383.18
CUST02994,Isha Joshi,18,35,253827.94,66193.86,26.08,14101.55
CUST03879,Aarav Verma,20,51,253800.18,51608.48,20.33,12690.01
CUST03884,Rahul Patil,12,31,253798.79,45850.94,18.07,21149.9
CUST03760,Sneha Shah,11,29,253783.04,65326.58,25.74,23071.19
CUST05259,Rahul Sharma,12,26,253742.71,67371.8,26.55,21145.23
CUST05365,Rohan Shah,15,38,253741.95,53876.89,21.23,16916.13
CUST00159,Ananya Mehta,12,27,253734.1,75165.9,29.62,21144.51
CUST00400,Pooja Kumar,16,34,253704.04,61534.89,24.25,15856.5
CUST04764,Amit Shah,12,27,253604.62,58642.87,23.12,21133.72
CUST00362,Karan Joshi,12,32,253538.59,67467.73,26.61,21128.22
CUST00028,Vivaan Nair,9,27,253536.02,76497.0,30.17,28170.67
CUST03444,Rohan Sharma,12,26,253496.57,71092.62,28.04,21124.71
CUST03640,Rohan Nair,14,34,253443.29,63440.53,25.03,18103.09
CUST03550,Sneha Mhaske,12,33,253390.04,50971.95,20.12,21115.84
CUST03516,Isha Shah,11,28,253388.7,66601.57,26.28,23035.34
CUST03717,Aarav Joshi,13,28,253377.02,62988.48,24.86,19490.54
CUST05731,Amit Joshi,13,34,253335.54,70531.29,27.84,19487.35
CUST05197,Karan Mhaske,15,34,253229.78,59442.31,23.47,16881.99
CUST02872,Vivaan Mhaske,11,36,253195.46,58853.47,23.24,23017.77
CUST00723,Aditya Shah,12,35,253181.95,58129.07,22.96,21098.5
CUST00167,Kavya Verma,12,22,253146.39,78596.84,31.05,21095.53
CUST05491,Arjun Mehta,15,28,253099.26,56553.65,22.34,16873.28
CUST04931,Isha Singh,15,34,253000.75,51787.33,20.47,16866.72
CUST02460,Rohan Verma,13,36,252948.13,51900.32,20.52,19457.55
CUST00552,Neha Deshmukh,16,32,252916.64,48369.16,19.12,15807.29
CUST02835,Aditya Kumar,16,34,252914.59,69002.08,27.28,15807.16
CUST05296,Rohan Nair,9,27,252871.21,70521.66,27.89,28096.8
CUST00346,Rohan Nair,20,39,252824.02,75794.75,29.98,12641.2
CUST04086,Kavya Gupta,18,35,252730.32,70024.75,27.71,14040.57
CUST03178,Kavya Kumar,13,35,252720.97,70106.08,27.74,19440.07
CUST03237,Priya Singh,15,28,252668.7,76395.2,30.24,16844.58
CUST01160,Pooja Kumar,16,39,252621.18,56347.37,22.31,15788.82
CUST01627,Karan Deshmukh,14,31,252621.05,49423.18,19.56,18044.36
CUST01277,Amit Verma,10,25,252518.5,56805.71,22.5,25251.85
CUST05518,Aditya Nair,17,44,252474.09,63131.82,25.01,14851.42
CUST02653,Sneha Sharma,17,40,252466.9,57047.01,22.6,14850.99
CUST05396,Aarav Joshi,15,46,252452.72,76789.35,30.42,16830.18
CUST03091,Ananya Patil,15,37,252443.43,55509.37,21.99,16829.56
CUST03836,Aditya Mhaske,13,28,252435.53,64401.56,25.51,19418.12
CUST03784,Isha Verma,15,34,252434.85,55764.28,22.09,16828.99
CUST02681,Rohan Shah,17,40,252402.8,57710.68,22.86,14847.22
CUST03994,Ananya Patil,14,39,252400.48,61075.31,24.2,18028.61
CUST03744,Kavya Verma,10,30,252392.28,75274.66,29.82,25239.23
CUST04849,Meera Verma,10,22,252321.21,70652.62,28.0,25232.12
CUST04918,Isha Singh,13,35,252317.85,46104.5,18.27,19409.07
CUST01574,Isha Mehta,13,31,252308.67,58033.53,23.0,19408.36
CUST03546,Amit Nair,15,37,252291.15,60023.78,23.79,16819.41
CUST01706,Ananya Kumar,12,32,252279.07,53464.85,21.19,21023.26
CUST03729,Karan Gupta,13,33,252163.69,64763.75,25.68,19397.21
CUST01537,Aditya Shah,12,38,252104.81,58321.06,23.13,21008.73
CUST04978,Arjun Patil,12,26,252096.62,57144.04,22.67,21008.05
CUST00015,Meera Singh,13,31,252059.25,56286.43,22.33,19389.17
CUST03242,Pooja Shah,12,25,252003.3,77038.35,30.57,21000.27
CUST05508,Pooja Deshmukh,15,31,251944.2,68789.83,27.3,16796.28
CUST04245,Vivaan Sharma,12,31,251932.63,65330.95,25.93,20994.39
CUST00786,Arjun Mhaske,10,27,251928.29,64476.91,25.59,25192.83
CUST02192,Rohan Sharma,12,28,251909.52,57399.53,22.79,20992.46
CUST05356,Aarav Joshi,16,39,251908.5,61658.1,24.48,15744.28
CUST03024,Rohan Patil,14,32,251833.95,57892.68,22.99,17988.14
CUST05617,Sneha Patil,10,23,251823.99,76565.38,30.4,25182.4
CUST03754,Arjun Patil,12,27,251822.51,61811.0,24.55,20985.21
CUST01018,Neha Nair,13,23,251785.22,60338.54,23.96,19368.09
CUST05280,Karan Sharma,12,30,251763.21,57684.28,22.91,20980.27
CUST03180,Kavya Patil,15,38,251740.69,62220.53,24.72,16782.71
CUST01617,Priya Shah,13,36,251712.35,47252.41,18.77,19362.49
CUST05369,Rahul Kumar,10,26,251619.1,67031.77,26.64,25161.91
CUST01716,Isha Joshi,20,43,251597.77,40507.58,16.1,12579.89
CUST05879,Rahul Mehta,11,33,251574.81,51545.5,20.49,22870.44
CUST02628,Rohan Singh,17,41,251488.51,64897.72,25.81,14793.44
CUST03536,Ananya Mehta,13,30,251436.47,71107.39,28.28,19341.27
CUST01562,Neha Kumar,16,36,251369.55,65669.12,26.12,15710.6
CUST03769,Vivaan Deshmukh,17,40,251333.02,64534.59,25.68,14784.3
CUST02507,Meera Joshi,11,37,251289.62,61173.68,24.34,22844.51
CUST01694,Isha Mehta,12,32,251262.97,48319.89,19.23,20938.58
CUST00741,Pooja Mehta,12,25,251240.5,58695.91,23.36,20936.71
CUST02925,Aditya Gupta,13,37,251183.79,75398.61,30.02,19321.83
CUST04733,Aarav Deshmukh,10,22,251152.98,57106.84,22.74,25115.3
CUST04565,Neha Sharma,13,28,251141.66,41433.82,16.5,19318.59
CUST02183,Rohan Mhaske,15,33,251098.82,62758.01,24.99,16739.92
CUST01243,Pooja Nair,14,33,251089.8,57515.09,22.91,17934.99
CUST03016,Pooja Mehta,13,31,251080.34,61530.97,24.51,19313.87
CUST03581,Ananya Shah,14,27,251075.14,72998.04,29.07,17933.94
CUST01418,Meera Sharma,14,30,251068.89,68095.82,27.12,17933.49
CUST05592,Priya Sharma,10,27,251004.69,72165.1,28.75,25100.47
CUST01424,Arjun Shah,16,38,251000.41,65690.61,26.17,15687.53
CUST05929,Aditya Mehta,9,24,250988.8,63533.26,25.31,27887.64
CUST00722,Ananya Sharma,14,35,250973.0,56928.98,22.68,17926.64
CUST05715,Karan Mehta,13,32,250969.91,78198.43,31.16,19305.38
CUST00457,Ananya Deshmukh,13,31,250954.81,70662.57,28.16,19304.22
CUST03456,Priya Patil,13,33,250954.13,72338.08,28.83,19304.16
CUST00822,Isha Gupta,11,30,250938.73,62051.11,24.73,22812.61
CUST01040,Meera Singh,16,39,250933.07,63432.3,25.28,15683.32
CUST03212,Karan Kumar,15,32,250900.7,79626.16,31.74,16726.71
CUST04735,Karan Shah,16,38,250874.97,61289.18,24.43,15679.69
CUST00155,Kavya Patil,10,32,250770.16,64830.17,25.85,25077.02
CUST04399,Karan Deshmukh,12,32,250767.37,71428.42,28.48,20897.28
CUST02431,Rohan Kumar,16,35,250618.02,48869.95,19.5,15663.63
CUST04286,Kavya Verma,11,31,250579.62,74527.62,29.74,22779.97
CUST01884,Meera Verma,11,25,250574.58,73692.29,29.41,22779.51
CUST03395,Aditya Nair,11,22,250549.01,79300.91,31.65,22777.18
CUST03075,Meera Mhaske,15,34,250534.46,54345.93,21.69,16702.3
CUST04886,Ananya Gupta,17,29,250534.15,66088.72,26.38,14737.3
CUST04024,Meera Sharma,12,39,250469.6,62350.75,24.89,20872.47
CUST01493,Ananya Shah,14,38,250466.66,45814.9,18.29,17890.48
CUST00510,Meera Singh,17,39,250455.3,66094.28,26.39,14732.66
CUST00872,Ananya Singh,14,36,250437.4,62474.27,24.95,17888.39
CUST05338,Arjun Deshmukh,16,46,250334.64,53559.57,21.4,15645.92
CUST05263,Aditya Kumar,13,24,250280.25,79794.65,31.88,19252.33
CUST03390,Priya Nair,12,35,250266.07,65763.7,26.28,20855.51
CUST05938,Aditya Gupta,12,34,250249.07,63659.92,25.44,20854.09
CUST02063,Kavya Mhaske,12,28,250142.67,68503.35,27.39,20845.22
CUST02709,Karan Nair,16,25,250142.07,61316.69,24.51,15633.88
CUST05445,Arjun Nair,13,35,250082.06,75262.25,30.1,19237.08
CUST05709,Ananya Nair,12,26,250058.07,64249.68,25.69,20838.17
CUST05513,Kavya Patil,11,27,250054.31,58801.96,23.52,22732.21
CUST05822,Priya Deshmukh,14,29,250041.14,59834.05,23.93,17860.08
CUST04846,Ananya Mehta,14,31,249962.64,58900.92,23.56,17854.47
CUST02230,Neha Sharma,14,41,249928.37,53034.13,21.22,17852.03
CUST05351,Rahul Singh,12,31,249868.46,70211.8,28.1,20822.37
CUST00238,Rohan Verma,11,22,249843.55,69459.2,27.8,22713.05
CUST05850,Meera Kumar,15,33,249812.62,64143.55,25.68,16654.17
CUST02048,Pooja Verma,11,28,249770.57,72664.03,29.09,22706.42
CUST04535,Priya Kumar,9,22,249712.51,73029.0,29.25,27745.83
CUST02986,Kavya Joshi,13,32,249602.81,57752.44,23.14,19200.22
CUST04038,Sneha Mhaske,10,29,249596.53,63468.93,25.43,24959.65
CUST01680,Sneha Singh,16,28,249553.6,56764.58,22.75,15597.1
CUST04173,Sneha Shah,15,40,249511.87,67580.61,27.09,16634.12
CUST05661,Kavya Patil,16,35,249508.53,58591.52,23.48,15594.28
CUST04107,Neha Joshi,17,36,249492.63,60208.04,24.13,14676.04
CUST01883,Arjun Singh,14,40,249473.01,49995.19,20.04,17819.5
CUST02677,Neha Gupta,13,26,249421.69,61882.26,24.81,19186.28
CUST00838,Isha Nair,14,30,249410.8,53709.9,21.53,17815.06
CUST04734,Rohan Singh,7,26,249409.28,45170.06,18.11,35629.9
CUST02840,Isha Shah,13,38,249356.15,50848.31,20.39,19181.24
CUST00169,Pooja Patil,13,36,249303.77,64339.15,25.81,19177.21
CUST02570,Sneha Kumar,16,40,249298.81,59301.83,23.79,15581.18
CUST01376,Rohan Patil,11,29,249261.51,76542.72,30.71,22660.14
CUST03335,Karan Kumar,11,26,249231.21,71882.15,28.84,22657.38
CUST00764,Ananya Gupta,16,35,249183.56,48636.54,19.52,15573.97
CUST05242,Isha Verma,13,31,249116.92,61199.31,24.57,19162.84
CUST02115,Isha Verma,10,29,249103.98,65383.94,26.25,24910.4
CUST05047,Arjun Patil,11,25,249079.32,78928.61,31.69,22643.57
CUST02654,Arjun Nair,12,38,249078.47,59199.42,23.77,20756.54
CUST02453,Neha Gupta,18,31,249059.62,57049.09,22.91,13836.65
CUST00183,Sneha Deshmukh,15,36,249000.48,69384.84,27.87,16600.03
CUST00176,Amit Nair,12,33,248986.79,71971.88,28.91,20748.9
CUST03413,Pooja Kumar,12,32,248939.31,59590.92,23.94,20744.94
CUST03442,Kavya Joshi,18,33,248928.22,77057.78,30.96,13829.35
CUST05551,Pooja Kumar,11,37,248893.7,56888.34,22.86,22626.7
CUST04066,Isha Mhaske,8,27,248891.54,73332.87,29.46,31111.44
CUST05311,Rahul Sharma,16,39,248847.6,58712.34,23.59,15552.98
CUST04233,Aditya Singh,9,28,248829.72,60936.28,24.49,27647.75
CUST05773,Isha Verma,13,31,248810.01,67080.48,26.96,19139.23
CUST05153,Pooja Patil,15,27,248809.23,64730.07,26.02,16587.28
CUST05960,Pooja Sharma,14,26,248752.75,63187.19,25.4,17768.05
CUST01117,Neha Patil,11,26,248703.38,67274.47,27.05,22609.4
CUST04649,Rohan Sharma,13,29,248686.73,74758.55,30.06,19129.75
CUST05558,Arjun Deshmukh,15,30,248654.06,62226.44,25.03,16576.94
CUST00522,Rohan Sharma,11,26,248632.56,69104.91,27.79,22602.96
CUST00847,Karan Patil,17,47,248583.35,53291.15,21.44,14622.55
CUST05641,Isha Patil,11,36,248581.92,53929.1,21.69,22598.36
CUST05984,Karan Deshmukh,13,31,248549.78,70383.55,28.32,19119.21
CUST04661,Pooja Mhaske,16,38,248535.16,58301.34,23.46,15533.45
CUST02933,Ananya Mehta,10,26,248510.45,55209.19,22.22,24851.05
CUST00813,Vivaan Mhaske,14,36,248461.22,52783.29,21.24,17747.23
CUST01195,Aditya Sharma,15,32,248431.77,58573.85,23.58,16562.12
CUST04115,Rahul Mhaske,16,35,248414.03,45459.34,18.3,15525.88
CUST01225,Rohan Kumar,14,30,248295.05,68072.68,27.42,17735.36
CUST03362,Arjun Gupta,15,40,248274.07,64118.36,25.83,16551.6
CUST03060,Isha Nair,13,41,248220.33,49332.54,19.87,19093.87
CUST02911,Priya Joshi,14,30,248215.01,71023.3,28.61,17729.64
CUST03344,Meera Joshi,12,27,248205.3,70821.16,28.53,20683.77
CUST05841,Rohan Kumar,15,33,248138.27,49966.88,20.14,16542.55
CUST05458,Pooja Patil,13,30,248131.81,59076.05,23.81,19087.06
CUST01596,Neha Sharma,13,30,247944.85,58890.94,23.75,19072.68
CUST01425,Pooja Kumar,13,31,247857.73,60343.91,24.35,19065.98
CUST02716,Karan Shah,14,35,247850.48,74730.15,30.15,17703.61
CUST02449,Karan Joshi,14,33,247798.7,61502.42,24.82,17699.91
CUST04986,Sneha Shah,13,26,247797.04,59372.2,23.96,19061.31
CUST00473,Isha Gupta,13,34,247790.56,55069.35,22.22,19060.81
CUST01702,Karan Singh,18,41,247769.23,41228.3,16.64,13764.96
CUST06000,Isha Sharma,15,39,247661.91,66135.15,26.7,16510.79
CUST01646,Pooja Sharma,15,32,247560.09,60460.84,24.42,16504.01
CUST02740,Amit Deshmukh,14,31,247523.12,52585.73,21.24,17680.22
CUST00350,Meera Patil,10,28,247495.43,61407.43,24.81,24749.54
CUST04290,Rohan Joshi,16,30,247422.24,62668.9,25.33,15463.89
CUST02902,Pooja Patil,13,36,247395.78,65216.27,26.36,19030.44
CUST03290,Kavya Joshi,12,33,247318.42,61318.37,24.79,20609.87
CUST01029,Pooja Kumar,9,24,247309.35,74777.17,30.24,27478.82
CUST04081,Meera Kumar,15,40,247297.66,43593.45,17.63,16486.51
CUST05026,Meera Verma,12,31,247235.85,59877.46,24.22,20602.99
CUST03276,Priya Kumar,15,33,247219.89,66849.35,27.04,16481.33
CUST01856,Isha Deshmukh,17,34,247219.21,54724.36,22.14,14542.31
CUST01625,Arjun Sharma,13,27,247145.93,64307.77,26.02,19011.23
CUST04476,Pooja Mehta,15,38,247116.92,38644.72,15.64,16474.46
CUST00447,Karan Singh,20,40,247116.65,55278.34,22.37,12355.83
CUST04435,Sneha Mhaske,11,26,247080.33,54999.75,22.26,22461.85
CUST01695,Pooja Mehta,13,27,247072.89,60835.49,24.62,19005.61
CUST01557,Ananya Sharma,10,26,246995.42,61395.44,24.86,24699.54
CUST00284,Rohan Joshi,11,30,246988.58,51450.4,20.83,22453.51
CUST04502,Arjun Deshmukh,16,33,246973.32,59650.85,24.15,15435.83
CUST05719,Meera Deshmukh,15,37,246864.01,64646.86,26.19,16457.6
CUST02007,Vivaan Verma,17,35,246759.47,49803.9,20.18,14515.26
CUST01517,Pooja Mehta,17,33,246651.24,50162.67,20.34,14508.9
CUST05855,Sneha Nair,12,28,246553.27,49114.48,19.92,20546.11
CUST05802,Kavya Deshmukh,16,42,246550.23,39618.62,16.07,15409.39
CUST03454,Priya Patil,9,28,246485.2,78992.11,32.05,27387.24
CUST05885,Priya Joshi,16,31,246432.95,52170.34,21.17,15402.06
CUST00331,Isha Gupta,13,27,246420.1,63479.75,25.76,18955.39
CUST04154,Aditya Sharma,15,36,246419.63,52712.25,21.39,16427.98
CUST01128,Arjun Deshmukh,14,35,246377.78,56134.11,22.78,17598.41
CUST04215,Isha Mhaske,14,31,246360.48,78875.37,32.02,17597.18
CUST00270,Neha Mhaske,13,34,246329.83,41346.23,16.78,18948.45
CUST01915,Sneha Patil,16,39,246275.99,56500.48,22.94,15392.25
CUST00342,Sneha Deshmukh,10,26,246228.37,62181.05,25.25,24622.84
CUST01168,Arjun Patil,12,27,246190.52,53313.47,21.66,20515.88
CUST01242,Isha Verma,11,27,246141.41,46024.57,18.7,22376.49
CUST05473,Isha Deshmukh,13,29,246099.27,57717.11,23.45,18930.71
CUST05155,Meera Gupta,15,39,246072.39,44715.58,18.17,16404.83
CUST01178,Vivaan Mhaske,14,31,245928.89,68503.13,27.85,17566.35
CUST02391,Kavya Verma,14,42,245915.25,58767.62,23.9,17565.38
CUST04796,Vivaan Mehta,8,19,245865.97,71991.13,29.28,30733.25
CUST04876,Arjun Deshmukh,15,32,245834.58,63576.39,25.86,16388.97
CUST05498,Aarav Kumar,18,35,245808.81,52580.93,21.39,13656.05
CUST03463,Vivaan Kumar,14,25,245790.24,69253.48,28.18,17556.45
CUST01825,Aditya Singh,13,27,245727.41,55664.18,22.65,18902.11
CUST00737,Vivaan Patil,11,31,245705.43,61078.32,24.86,22336.86
CUST01334,Isha Deshmukh,15,33,245674.58,54004.76,21.98,16378.31
CUST02999,Priya Singh,10,26,245596.2,46422.34,18.9,24559.62
CUST00271,Aarav Sharma,12,30,245485.14,74058.59,30.17,20457.09
CUST03166,Vivaan Kumar,16,36,245342.84,49532.3,20.19,15333.93
CUST02823,Amit Gupta,15,28,245277.95,47469.63,19.35,16351.86
CUST02817,Rohan Gupta,12,31,245230.21,68625.28,27.98,20435.85
CUST00913,Sneha Mhaske,14,26,245204.51,56068.05,22.87,17514.61
CUST00094,Aarav Mehta,12,36,245197.45,43498.91,17.74,20433.12
CUST01674,Ananya Deshmukh,11,36,245176.37,52022.56,21.22,22288.76
CUST04669,Arjun Mehta,16,42,245148.76,49355.07,20.13,15321.8
CUST00650,Meera Shah,15,40,245112.31,60908.13,24.85,16340.82
CUST01744,Vivaan Deshmukh,13,32,245005.04,63372.54,25.87,18846.54
CUST02766,Kavya Sharma,12,25,244978.23,67405.11,27.51,20414.85
CUST02603,Priya Sharma,10,33,244974.82,59144.48,24.14,24497.48
CUST04692,Arjun Verma,11,27,244973.59,64165.83,26.19,22270.33
CUST01735,Aarav Joshi,13,32,244970.98,68115.53,27.81,18843.92
CUST04922,Amit Mhaske,16,40,244952.15,53234.08,21.73,15309.51
CUST02978,Neha Singh,11,29,244951.08,55551.63,22.68,22268.28
CUST00373,Pooja Verma,9,32,244913.84,57722.14,23.57,27212.65
CUST05003,Pooja Singh,10,29,244901.02,62610.1,25.57,24490.1
CUST00377,Vivaan Shah,16,41,244861.23,60372.08,24.66,15303.83
CUST05013,Vivaan Nair,13,30,244828.97,60352.01,24.65,18833.0
CUST02850,Isha Nair,18,40,244809.33,58210.99,23.78,13600.52
CUST02278,Ananya Kumar,12,32,244742.66,67795.79,27.7,20395.22
CUST03575,Ananya Kumar,10,29,244672.02,52180.9,21.33,24467.2
CUST05249,Amit Gupta,11,29,244664.35,53768.76,21.98,22242.21
CUST01939,Aditya Mehta,14,33,244632.65,64283.32,26.28,17473.76
CUST01406,Rahul Patil,10,25,244612.41,45675.51,18.67,24461.24
CUST02892,Aditya Joshi,15,37,244575.92,65163.9,26.64,16305.06
CUST01301,Aarav Singh,10,24,244555.13,68437.39,27.98,24455.51
CUST00844,Isha Shah,14,38,244525.97,62080.15,25.39,17466.14
CUST02092,Priya Singh,14,28,244521.08,57227.94,23.4,17465.79
CUST01119,Isha Kumar,9,25,244496.45,75514.33,30.89,27166.27
CUST00361,Aditya Shah,10,30,244490.83,60873.75,24.9,24449.08
CUST00353,Rohan Gupta,15,29,244431.84,66594.97,27.24,16295.46
CUST00541,Vivaan Singh,9,27,244391.93,73325.43,30.0,27154.66
CUST01811,Amit Nair,10,30,244372.95,55644.72,22.77,24437.3
CUST00636,Meera Singh,11,25,244330.5,71873.6,29.42,22211.86
CUST01621,Pooja Shah,23,45,244251.87,37742.79,15.45,10619.65
CUST05231,Sneha Gupta,16,26,244144.79,45398.48,18.59,15259.05
CUST03067,Neha Gupta,12,33,244144.56,54550.53,22.34,20345.38
CUST05826,Neha Nair,13,30,244133.08,64809.13,26.55,18779.47
CUST01671,Vivaan Verma,12,26,244128.08,64761.29,26.53,20344.01
CUST05140,Karan Mehta,14,29,243888.53,49651.61,20.36,17420.61
CUST01299,Isha Gupta,16,31,243858.96,51872.05,21.27,15241.18
CUST01958,Amit Sharma,15,30,243820.04,49553.47,20.32,16254.67
CUST01453,Neha Shah,16,32,243776.24,49191.89,20.18,15236.02
CUST02061,Neha Nair,11,24,243634.17,71299.68,29.27,22148.56
CUST02117,Meera Joshi,13,34,243605.94,53507.59,21.96,18738.92
CUST03865,Neha Deshmukh,12,35,243565.92,51851.78,21.29,20297.16
CUST01303,Amit Patil,11,32,243416.54,55668.57,22.87,22128.78
CUST03803,Isha Mhaske,15,36,243412.57,58169.65,23.9,16227.5
CUST02866,Ananya Mhaske,12,37,243314.44,70439.98,28.95,20276.2
CUST04244,Sneha Mhaske,16,39,243283.0,51338.57,21.1,15205.19
CUST05130,Priya Nair,17,38,243280.52,59748.84,24.56,14310.62
CUST03128,Karan Gupta,14,28,243232.6,70790.77,29.1,17373.76
CUST04379,Pooja Deshmukh,15,34,243231.8,45488.34,18.7,16215.45
CUST01603,Aditya Joshi,10,23,243213.83,59524.36,24.47,24321.38
CUST02868,Arjun Sharma,14,27,243169.62,50712.1,20.85,17369.26
CUST05281,Karan Deshmukh,16,35,243098.08,67891.66,27.93,15193.63
CUST05825,Ananya Deshmukh,12,36,242972.14,46345.49,19.07,20247.68
CUST03403,Arjun Singh,11,32,242943.21,70037.88,28.83,22085.75
CUST05607,Sneha Deshmukh,14,34,242933.92,52344.01,21.55,17352.42
CUST01155,Rohan Sharma,16,29,242885.15,66566.33,27.41,15180.32
CUST01268,Rahul Patil,9,24,242881.13,65660.95,27.03,26986.79
CUST01964,Pooja Shah,13,27,242867.43,70447.17,29.01,18682.11
CUST01197,Amit Verma,14,31,242865.7,59576.2,24.53,17347.55
CUST01652,Ananya Deshmukh,13,38,242849.99,54136.49,22.29,18680.77
CUST02751,Aditya Nair,13,32,242789.23,65439.46,26.95,18676.09
CUST00674,Isha Mehta,18,43,242675.43,54437.49,22.43,13481.97
CUST02960,Meera Sharma,14,34,242665.66,74015.23,30.5,17333.26
CUST02952,Vivaan Mhaske,10,27,242648.56,45343.5,18.69,24264.86
CUST00147,Pooja Singh,15,33,242633.96,64548.33,26.6,16175.6
CUST04706,Ananya Mhaske,16,32,242599.5,58350.24,24.05,15162.47
CUST02024,Neha Nair,13,30,242531.91,67599.83,27.87,18656.3
CUST03280,Ananya Joshi,9,19,242502.91,63212.46,26.07,26944.77
CUST02722,Priya Kumar,13,32,242472.32,45007.97,18.56,18651.72
CUST00648,Karan Kumar,12,31,242463.59,62957.69,25.97,20205.3
CUST05035,Pooja Shah,19,41,242460.06,40590.42,16.74,12761.06
CUST05324,Priya Patil,13,24,242450.25,60669.52,25.02,18650.02
CUST03365,Sneha Singh,9,25,242280.51,81894.6,33.8,26920.06
CUST04485,Rahul Shah,12,31,242233.42,49816.64,20.57,20186.12
CUST00405,Aarav Gupta,9,24,242218.81,76942.75,31.77,26913.2
CUST04311,Pooja Mhaske,14,27,242213.77,54501.38,22.5,17300.98
CUST00113,Meera Kumar,15,29,242196.21,65598.85,27.09,16146.41
CUST05039,Aditya Mehta,14,29,242182.7,64006.96,26.43,17298.76
CUST04269,Priya Nair,8,25,241946.71,43889.84,18.14,30243.34
CUST02759,Ananya Shah,12,29,241912.34,59955.41,24.78,20159.36
CUST04585,Pooja Deshmukh,11,25,241892.0,67956.85,28.09,21990.18
CUST02378,Meera Shah,16,29,241858.04,54721.52,22.63,15116.13
CUST05173,Aarav Kumar,14,33,241853.41,67723.56,28.0,17275.24
CUST01815,Rohan Shah,8,22,241846.09,62359.5,25.78,30230.76
CUST02527,Karan Shah,13,37,241827.44,57308.97,23.7,18602.11
CUST03197,Isha Deshmukh,12,35,241765.72,43963.42,18.18,20147.14
CUST05260,Rahul Joshi,14,32,241684.21,56901.82,23.54,17263.16
CUST04751,Priya Mhaske,12,26,241677.48,53089.26,21.97,20139.79
CUST05554,Karan Singh,13,34,241665.89,66808.77,27.65,18589.68
CUST03414,Rahul Gupta,19,40,241603.57,68638.88,28.41,12715.98
CUST02714,Pooja Sharma,12,28,241573.83,57118.82,23.64,20131.15
CUST00360,Pooja Nair,16,28,241518.01,70409.19,29.15,15094.88
CUST05456,Karan Verma,13,28,241506.04,53451.22,22.13,18577.39
CUST00428,Ananya Kumar,11,27,241498.7,60521.57,25.06,21954.43
CUST00601,Karan Singh,15,31,241469.38,54974.66,22.77,16097.96
CUST05722,Amit Mhaske,11,28,241396.45,60352.42,25.0,21945.13
CUST05205,Kavya Verma,14,35,241392.74,59072.68,24.47,17242.34
CUST00260,Vivaan Nair,17,32,241380.75,55238.73,22.88,14198.87
CUST01193,Pooja Sharma,11,28,241296.47,69244.86,28.7,21936.04
CUST02783,Arjun Joshi,12,36,241263.31,49493.89,20.51,20105.28
CUST03537,Rohan Joshi,13,31,241200.41,63099.98,26.16,18553.88
CUST04504,Arjun Nair,15,46,241098.18,58108.04,24.1,16073.21
CUST00264,Meera Sharma,15,34,240985.89,61138.31,25.37,16065.73
CUST01054,Meera Gupta,10,23,240985.71,72634.78,30.14,24098.57
CUST02673,Amit Nair,11,30,240982.45,64124.24,26.61,21907.5
CUST04150,Rohan Joshi,15,27,240981.19,58019.36,24.08,16065.41
CUST05359,Meera Mehta,11,33,240964.51,62682.94,26.01,21905.86
CUST04693,Ananya Kumar,14,30,240936.28,59719.32,24.79,17209.73
CUST05573,Amit Mehta,14,37,240917.81,63164.79,26.22,17208.42
CUST05448,Meera Joshi,12,23,240896.73,63562.65,26.39,20074.73
CUST04216,Ananya Patil,13,31,240883.69,63678.59,26.44,18529.51
CUST02773,Karan Joshi,9,24,240874.92,80202.61,33.3,26763.88
CUST05834,Rohan Joshi,19,38,240808.53,66964.02,27.81,12674.13
CUST05510,Karan Kumar,19,34,240721.8,52721.07,21.9,12669.57
CUST01536,Rohan Nair,12,30,240662.57,55969.46,23.26,20055.21
CUST05594,Meera Mhaske,9,24,240599.42,60889.66,25.31,26733.27
CUST03346,Aarav Kumar,13,30,240539.96,62889.49,26.15,18503.07
CUST05440,Vivaan Kumar,16,37,240525.42,50371.76,20.94,15032.84
CUST00752,Ananya Patil,12,36,240476.42,50908.26,21.17,20039.7
CUST03847,Ananya Deshmukh,12,29,240462.96,46130.79,19.18,20038.58
CUST00720,Priya Verma,17,39,240441.12,55468.82,23.07,14143.6
CUST01327,Amit Nair,14,32,240428.0,50451.03,20.98,17173.43
CUST02238,Neha Mehta,15,34,240347.36,62956.29,26.19,16023.16
CUST04650,Pooja Sharma,12,26,240246.13,74933.09,31.19,20020.51
CUST03351,Karan Mhaske,16,44,240194.61,41784.8,17.4,15012.16
CUST04003,Isha Mehta,9,25,240185.67,56275.2,23.43,26687.3
CUST00912,Arjun Singh,14,29,240173.73,46522.03,19.37,17155.27
CUST03428,Arjun Deshmukh,13,35,240169.65,48812.73,20.32,18474.59
CUST03825,Amit Mhaske,13,35,240157.31,59683.99,24.85,18473.64
CUST05737,Rohan Deshmukh,10,33,240082.85,63904.5,26.62,24008.28
CUST00748,Sneha Mehta,17,35,240066.86,39304.55,16.37,14121.58
CUST05209,Neha Joshi,12,33,240021.78,63074.04,26.28,20001.81
CUST05184,Pooja Verma,13,32,239931.94,66839.44,27.86,18456.3
CUST01312,Isha Kumar,17,35,239930.84,50805.95,21.18,14113.58
CUST05414,Karan Joshi,14,34,239901.17,61837.4,25.78,17135.8
CUST00789,Karan Sharma,14,35,239704.87,69526.68,29.01,17121.78
CUST02339,Vivaan Joshi,14,33,239605.26,70085.92,29.25,17114.66
CUST05182,Aditya Joshi,14,35,239602.93,59270.4,24.74,17114.49
CUST01252,Meera Nair,17,40,239601.31,53504.91,22.33,14094.19
CUST03093,Sneha Kumar,14,36,239552.8,65798.81,27.47,17110.91
CUST02577,Sneha Mhaske,13,31,239513.81,50252.4,20.98,18424.14
CUST05019,Neha Kumar,11,28,239464.96,60027.59,25.07,21769.54
CUST02478,Kavya Gupta,13,28,239428.25,51739.43,21.61,18417.56
CUST04410,Ananya Mehta,14,36,239390.86,62558.63,26.13,17099.35
CUST04149,Ananya Gupta,13,32,239387.69,58474.94,24.43,18414.44
CUST04512,Rohan Patil,14,34,239286.56,51160.09,21.38,17091.9
CUST02974,Pooja Nair,12,33,239226.68,37082.34,15.5,19935.56
CUST04043,Aarav Gupta,17,37,239162.81,57581.01,24.08,14068.4
CUST03145,Priya Shah,15,38,239161.65,44539.99,18.62,15944.11
CUST00241,Sneha Singh,12,26,239139.02,55468.26,23.19,19928.25
CUST04810,Pooja Verma,11,27,239045.74,56532.46,23.65,21731.43
CUST05695,Isha Mhaske,10,27,238948.1,64710.79,27.08,23894.81
CUST01320,Rahul Kumar,10,24,238945.73,67076.39,28.07,23894.57
CUST03394,Kavya Patil,10,28,238933.68,42078.5,17.61,23893.37
CUST05123,Pooja Mhaske,16,36,238905.28,70219.65,29.39,14931.58
CUST03200,Isha Shah,11,32,238899.25,45776.35,19.16,21718.11
CUST01204,Arjun Sharma,13,37,238891.4,60211.68,25.2,18376.26
CUST02985,Aditya Mehta,9,25,238891.21,66445.32,27.81,26543.47
CUST01676,Aarav Patil,17,40,238881.67,66778.91,27.95,14051.86
CUST00127,Aarav Deshmukh,12,25,238820.73,52172.71,21.85,19901.73
CUST03261,Vivaan Singh,15,28,238798.55,64320.15,26.93,15919.9
CUST00628,Ananya Gupta,15,35,238724.38,64357.02,26.96,15914.96
CUST05947,Sneha Sharma,13,29,238646.28,59520.81,24.94,18357.41
CUST01247,Rahul Patil,12,28,238634.61,62656.86,26.26,19886.22
CUST00855,Sneha Mhaske,14,29,238592.34,38203.73,16.01,17042.31
CUST02020,Ananya Mehta,14,31,238586.07,55259.8,23.16,17041.86
CUST00709,Pooja Verma,18,29,238567.69,47397.92,19.87,13253.76
CUST01858,Ananya Kumar,13,26,238557.42,58172.9,24.39,18350.57
CUST03492,Ananya Joshi,15,38,238538.0,57659.55,24.17,15902.53
CUST04690,Karan Joshi,14,29,238508.18,61496.23,25.78,17036.3
CUST03750,Aarav Kumar,12,29,238507.67,52886.72,22.17,19875.64
CUST03019,Neha Mehta,12,31,238418.8,71554.52,30.01,19868.23
CUST04183,Meera Joshi,11,22,238352.8,58979.15,24.74,21668.44
CUST04300,Ananya Shah,14,31,238317.28,47818.2,20.06,17022.66
CUST05835,Sneha Deshmukh,14,30,238234.27,62705.98,26.32,17016.73
CUST03464,Rahul Mhaske,11,28,238214.76,62674.07,26.31,21655.89
CUST03580,Kavya Joshi,10,24,238197.43,72398.75,30.39,23819.74
CUST01004,Rahul Deshmukh,13,35,238186.14,54611.23,22.93,18322.01
CUST02301,Sneha Patil,15,35,238180.37,48382.08,20.31,15878.69
CUST04825,Aarav Mhaske,14,33,238171.82,49026.37,20.58,17012.27
CUST04465,Rohan Verma,12,28,238160.36,53933.87,22.65,19846.7
CUST03232,Isha Shah,10,27,238136.16,59656.03,25.05,23813.62
CUST05556,Amit Shah,14,30,238048.07,56491.09,23.73,17003.43
CUST01285,Meera Gupta,14,31,238042.42,65677.39,27.59,17003.03
CUST03361,Rohan Sharma,11,26,237990.35,60383.32,25.37,21635.49
CUST01378,Amit Verma,9,19,237976.81,51720.92,21.73,26441.87
CUST00944,Aarav Deshmukh,12,28,237973.1,62069.12,26.08,19831.09
CUST05897,Priya Mhaske,15,34,237940.26,60704.15,25.51,15862.68
CUST01456,Rahul Gupta,15,30,237925.42,58801.04,24.71,15861.69
CUST01764,Ananya Verma,7,23,237919.28,54833.31,23.05,33988.47
CUST00523,Amit Shah,12,25,237913.7,69605.2,29.26,19826.14
CUST03941,Meera Mehta,20,39,237910.53,56837.03,23.89,11895.53
CUST02221,Priya Joshi,11,30,237907.74,61888.19,26.01,21627.98
CUST02222,Arjun Patil,11,36,237863.25,65053.07,27.35,21623.93
CUST00298,Meera Nair,13,31,237739.11,42246.83,17.77,18287.62
CUST00751,Karan Sharma,14,29,237735.44,57784.68,24.31,16981.1
CUST01590,Aditya Patil,12,31,237683.44,54690.75,23.01,19806.95
CUST05151,Priya Joshi,12,29,237658.47,66062.63,27.8,19804.87
CUST00754,Amit Patil,13,27,237642.86,68078.73,28.65,18280.22
CUST01333,Rahul Shah,18,45,237598.61,47535.69,20.01,13199.92
CUST05898,Priya Patil,14,32,237591.75,51505.85,21.68,16970.84
CUST00630,Arjun Patil,11,25,237552.25,62009.84,26.1,21595.66
CUST03709,Pooja Mehta,11,28,237527.79,57760.61,24.32,21593.44
CUST04885,Sneha Mehta,10,28,237509.07,38164.19,16.07,23750.91
CUST00450,Aditya Verma,11,25,237422.4,60567.55,25.51,21583.85
CUST01867,Aarav Mehta,14,35,237411.55,46983.7,19.79,16957.97
CUST02309,Pooja Patil,14,29,237304.18,59839.31,25.22,16950.3
CUST04685,Arjun Joshi,13,35,237205.63,49822.8,21.0,18246.59
CUST02754,Karan Nair,9,25,237196.8,55716.97,23.49,26355.2
CUST04312,Aarav Mehta,15,40,237140.84,53676.35,22.63,15809.39
CUST00130,Vivaan Verma,12,37,237111.32,62529.48,26.37,19759.28
CUST00033,Karan Kumar,11,31,237109.79,47992.27,20.24,21555.44
CUST04588,Rohan Mehta,12,39,237108.45,80376.3,33.9,19759.04
CUST01587,Arjun Singh,11,23,237022.84,65480.38,27.63,21547.53
CUST03731,Kavya Deshmukh,13,24,236993.76,52025.34,21.95,18230.29
CUST03579,Rahul Mhaske,13,33,236882.91,38852.55,16.4,18221.76
CUST04993,Ananya Gupta,12,30,236820.04,59843.84,25.27,19735.0
CUST00174,Karan Sharma,10,22,236813.99,72369.89,30.56,23681.4
CUST05546,Kavya Gupta,17,42,236764.43,64532.35,27.26,13927.32
CUST05230,Neha Nair,11,30,236730.97,55428.48,23.41,21521.0
CUST00854,Pooja Verma,15,39,236723.69,53827.45,22.74,15781.58
CUST01042,Neha Singh,14,31,236715.84,54903.95,23.19,16908.27
CUST03770,Isha Kumar,15,32,236704.76,64114.91,27.09,15780.32
CUST04564,Pooja Mehta,13,32,236695.99,56074.68,23.69,18207.38
CUST00885,Pooja Mehta,14,34,236622.37,72556.07,30.66,16901.6
CUST01050,Pooja Singh,10,24,236576.05,57681.42,24.38,23657.6
CUST03500,Amit Gupta,13,37,236573.53,64559.51,27.29,18197.96
CUST05270,Amit Nair,15,34,236572.94,56258.62,23.78,15771.53
CUST00869,Amit Gupta,18,37,236567.12,52919.63,22.37,13142.62
CUST03144,Neha Kumar,13,30,236499.27,68574.29,29.0,18192.25
CUST02646,Priya Singh,12,22,236497.19,51378.19,21.72,19708.1
CUST00178,Isha Shah,9,31,236480.78,57184.66,24.18,26275.64
CUST00294,Priya Sharma,14,35,236455.54,59016.74,24.96,16889.68
CUST00006,Amit Nair,9,27,236402.48,62021.76,26.24,26266.94
CUST04501,Ananya Sharma,12,38,236374.83,59263.32,25.07,19697.9
CUST01458,Meera Joshi,16,39,236374.05,56267.31,23.8,14773.38
CUST01588,Sneha Gupta,12,29,236341.73,49590.53,20.98,19695.14
CUST03481,Isha Kumar,14,36,236341.03,54917.39,23.24,16881.5
CUST05844,Isha Verma,15,33,236339.4,59067.48,24.99,15755.96
CUST00638,Meera Nair,15,33,236309.43,56252.82,23.8,15753.96
CUST02801,Kavya Nair,12,45,236289.22,35880.28,15.18,19690.77
CUST04487,Aarav Gupta,14,34,236235.48,48799.23,20.66,16873.96
CUST04090,Meera Verma,15,29,236222.35,53188.04,22.52,15748.16
CUST04323,Meera Kumar,11,23,236199.07,52822.52,22.36,21472.64
CUST00397,Vivaan Deshmukh,9,32,235943.91,71833.34,30.45,26215.99
CUST03480,Arjun Mehta,14,25,235943.28,60971.66,25.84,16853.09
CUST04219,Aarav Verma,11,28,235844.47,55590.36,23.57,21440.41
CUST04037,Amit Singh,15,38,235814.13,36222.71,15.36,15720.94
CUST03021,Priya Mehta,16,39,235791.62,66274.01,28.11,14736.98
CUST01421,Karan Patil,16,34,235710.85,55183.9,23.41,14731.93
CUST03931,Meera Kumar,15,29,235673.58,61171.01,25.96,15711.57
CUST04177,Meera Verma,12,27,235638.57,58405.35,24.79,19636.55
CUST02734,Arjun Verma,9,23,235611.99,58198.9,24.7,26179.11
CUST05011,Kavya Nair,9,32,235586.66,65399.1,27.76,26176.3
CUST05790,Ananya Deshmukh,12,34,235555.72,53249.54,22.61,19629.64
CUST02710,Ananya Singh,14,37,235554.17,53220.1,22.59,16825.3
CUST05368,Neha Shah,10,29,235486.18,42523.31,18.06,23548.62
CUST03992,Rahul Joshi,12,29,235477.12,47268.96,20.07,19623.09
CUST02142,Rahul Kumar,13,27,235409.33,67072.99,28.49,18108.41
CUST02407,Kavya Singh,12,27,235382.49,45808.34,19.46,19615.21
CUST02151,Rohan Patil,9,26,235381.85,62601.21,26.6,26153.54
CUST04903,Sneha Mhaske,8,29,235285.99,56312.6,23.93,29410.75
CUST04577,Arjun Sharma,14,40,235161.64,51747.59,22.01,16797.26
CUST02518,Meera Joshi,19,42,235151.9,54933.48,23.36,12376.42
CUST05195,Rahul Sharma,14,31,235147.97,53284.17,22.66,16796.28
CUST02692,Vivaan Mehta,12,24,235085.91,76409.93,32.5,19590.49
CUST04005,Kavya Deshmukh,17,35,235051.24,50572.93,21.52,13826.54
CUST00760,Aditya Mehta,9,29,235006.95,63800.16,27.15,26111.88
CUST00352,Isha Sharma,14,27,234975.43,59880.71,25.48,16783.96
CUST04778,Neha Sharma,15,30,234911.88,56697.02,24.14,15660.79
CUST02962,Neha Singh,13,32,234909.25,53814.54,22.91,18069.94
CUST05734,Karan Mhaske,9,26,234842.52,68296.98,29.08,26093.61
CUST04509,Rahul Gupta,12,33,234834.83,54599.31,23.25,19569.57
CUST01826,Rahul Singh,15,29,234756.37,49114.02,20.92,15650.42
CUST01429,Rohan Mehta,14,36,234621.65,44134.41,18.81,16758.69
CUST00665,Meera Singh,18,35,234566.71,38825.87,16.55,13031.48
CUST03789,Priya Mhaske,13,31,234537.88,51689.21,22.04,18041.38
CUST01686,Vivaan Joshi,19,39,234528.01,58635.75,25.0,12343.58
CUST01665,Meera Singh,18,35,234475.74,61861.79,26.38,13026.43
CUST02411,Neha Shah,10,30,234473.88,57699.51,24.61,23447.39
CUST04467,Rahul Gupta,12,28,234463.64,59056.47,25.19,19538.64
CUST04518,Isha Shah,11,20,234362.52,66721.42,28.47,21305.68
CUST05119,Rohan Nair,13,29,234277.17,59843.55,25.54,18021.32
CUST02291,Rahul Sharma,17,37,234273.07,62704.52,26.77,13780.77
CUST01169,Priya Singh,13,28,234177.4,69555.04,29.7,18013.65
CUST04642,Rahul Verma,11,21,234175.74,58731.53,25.08,21288.7
CUST02075,Vivaan Sharma,9,28,234109.7,63201.29,27.0,26012.19
CUST03647,Kavya Nair,10,30,234082.55,60142.33,25.69,23408.25
CUST05830,Aarav Verma,15,28,233957.87,59277.05,25.34,15597.19
CUST03620,Meera Mehta,15,29,233950.01,68710.19,29.37,15596.67
CUST01643,Priya Verma,13,31,233947.03,68129.82,29.12,17995.93
CUST05479,Aarav Singh,16,30,233924.92,33715.0,14.41,14620.31
CUST04652,Priya Singh,15,30,233844.31,55568.31,23.76,15589.62
CUST01286,Ananya Verma,12,26,233810.54,43330.67,18.53,19484.21
CUST02188,Isha Singh,11,28,233791.73,64852.28,27.74,21253.79
CUST05442,Priya Deshmukh,13,31,233742.11,49269.13,21.08,17980.16
CUST05916,Aditya Gupta,15,34,233727.92,45641.65,19.53,15581.86
CUST01291,Aditya Shah,16,33,233655.84,58659.65,25.11,14603.49
CUST01599,Amit Deshmukh,12,28,233625.53,61875.02,26.48,19468.79
CUST05624,Aarav Mehta,14,34,233602.78,58148.84,24.89,16685.91
CUST00009,Aarav Nair,8,24,233592.86,65672.89,28.11,29199.11
CUST04536,Sneha Singh,11,30,233536.71,55993.73,23.98,21230.61
CUST04167,Isha Mhaske,13,25,233534.92,47408.84,20.3,17964.22
CUST02057,Aditya Patil,17,26,233473.51,54680.22,23.42,13733.74
CUST00536,Rahul Patil,7,24,233444.29,52217.39,22.37,33349.18
CUST03792,Pooja Joshi,14,29,233393.67,70775.24,30.32,16670.98
CUST05540,Sneha Mehta,17,34,233383.54,59559.58,25.52,13728.44
CUST01578,Arjun Shah,17,36,233376.25,61635.27,26.41,13728.01
CUST05278,Arjun Mehta,14,35,233363.1,56311.29,24.13,16668.79
CUST02235,Vivaan Kumar,14,36,233311.62,58618.78,25.12,16665.12
CUST01978,Karan Deshmukh,15,35,233091.95,62272.4,26.72,15539.46
CUST03841,Karan Mehta,13,33,233027.57,48037.18,20.61,17925.2
CUST02991,Priya Gupta,12,27,232982.18,73303.96,31.46,19415.18
CUST05754,Meera Shah,9,26,232981.59,59833.15,25.68,25886.84
CUST03979,Rohan Kumar,10,30,232976.6,57571.65,24.71,23297.66
CUST03682,Vivaan Deshmukh,14,34,232892.06,54129.38,23.24,16635.15
CUST04834,Karan Mehta,15,36,232816.07,61764.96,26.53,15521.07
CUST01623,Pooja Nair,14,30,232799.15,60202.94,25.86,16628.51
CUST03409,Neha Gupta,13,28,232734.06,44545.04,19.14,17902.62
CUST03271,Kavya Patil,10,31,232671.52,65900.1,28.32,23267.15
CUST02697,Isha Deshmukh,15,34,232645.4,55849.25,24.01,15509.69
CUST03671,Rahul Singh,17,32,232603.29,57958.61,24.92,13682.55
CUST02741,Aarav Gupta,13,27,232598.37,52943.88,22.76,17892.18
CUST04453,Vivaan Gupta,11,26,232589.1,68003.3,29.24,21144.46
CUST05316,Kavya Kumar,12,32,232520.9,49154.39,21.14,19376.74
CUST02237,Meera Verma,14,33,232477.5,46039.57,19.8,16605.54
CUST02343,Isha Gupta,12,32,232474.57,46151.84,19.85,19372.88
CUST03730,Sneha Sharma,13,34,232424.89,59886.52,25.77,17878.84
CUST01589,Aarav Deshmukh,14,42,232419.37,55578.65,23.91,16601.38
CUST01955,Vivaan Singh,10,28,232373.57,64837.11,27.9,23237.36
CUST04129,Kavya Shah,14,31,232325.81,56210.96,24.19,16594.7
CUST03947,Pooja Verma,8,23,232286.52,44990.0,19.37,29035.81
CUST04404,Aditya Joshi,13,27,232256.73,62721.12,27.01,17865.9
CUST04061,Rahul Gupta,11,20,232251.89,60162.07,25.9,21113.81
CUST05786,Rohan Sharma,11,25,232167.36,73521.99,31.67,21106.12
CUST00121,Ananya Singh,15,24,232133.08,48253.16,20.79,15475.54
CUST01753,Ananya Kumar,14,37,232117.15,51377.75,22.13,16579.8
CUST00993,Rahul Sharma,16,36,232115.37,58504.35,25.2,14507.21
CUST00580,Karan Mehta,13,30,232041.85,56696.54,24.43,17849.37
CUST00431,Pooja Sharma,12,37,232016.97,53465.96,23.04,19334.75
CUST05345,Pooja Patil,18,32,232003.92,50756.22,21.88,12889.11
CUST04511,Aditya Shah,14,25,231998.78,41162.21,17.74,16571.34
CUST05620,Priya Gupta,14,30,231977.52,42583.2,18.36,16569.82
CUST04392,Pooja Sharma,12,30,231873.34,75226.35,32.44,19322.78
CUST02174,Kavya Mehta,9,23,231870.32,68873.53,29.7,25763.37
CUST00874,Aarav Mehta,8,22,231859.37,74625.06,32.19,28982.42
CUST02476,Pooja Mehta,13,31,231831.66,42340.84,18.26,17833.2
CUST03405,Aarav Mehta,11,27,231812.01,52174.03,22.51,21073.82
CUST00387,Vivaan Joshi,11,24,231780.53,74842.42,32.29,21070.96
CUST00779,Isha Nair,16,28,231740.51,52626.37,22.71,14483.78
CUST05720,Isha Mhaske,13,25,231637.87,40810.64,17.62,17818.3
CUST04142,Aditya Nair,14,33,231633.81,56680.44,24.47,16545.27
CUST05739,Meera Patil,12,24,231620.87,50180.98,21.67,19301.74
CUST03270,Sneha Gupta,8,20,231620.77,57486.2,24.82,28952.6
CUST00962,Vivaan Shah,8,20,231572.79,57982.54,25.04,28946.6
CUST03894,Pooja Sharma,16,41,231559.48,46675.99,20.16,14472.47
CUST02233,Vivaan Verma,11,36,231485.72,45611.53,19.7,21044.16
CUST05121,Karan Patil,13,30,231430.2,55811.49,24.12,17802.32
CUST04716,Isha Deshmukh,19,41,231367.56,53870.98,23.28,12177.24
CUST03637,Meera Nair,11,28,231348.33,61178.3,26.44,21031.67
CUST03602,Sneha Singh,18,36,231335.06,55827.01,24.13,12851.95
CUST01779,Rahul Mhaske,12,34,231290.97,68439.47,29.59,19274.25
CUST04295,Pooja Shah,11,33,231252.74,60631.52,26.22,21022.98
CUST01144,Isha Joshi,14,31,231228.04,46286.11,20.02,16516.29
CUST02144,Rohan Verma,13,31,231204.19,53327.95,23.07,17784.94
CUST03062,Priya Patil,14,25,231143.11,52725.83,22.81,16510.22
CUST03627,Vivaan Joshi,13,24,231078.44,64549.07,27.93,17775.26
CUST00958,Arjun Deshmukh,12,25,230882.14,72983.92,31.61,19240.18
CUST03402,Isha Singh,14,27,230811.08,47865.98,20.74,16486.51
CUST01222,Karan Nair,12,30,230748.63,44835.49,19.43,19229.05
CUST05163,Aarav Deshmukh,13,32,230637.9,65688.13,28.48,17741.38
CUST01862,Kavya Mhaske,18,32,230582.69,50016.67,21.69,12810.15
CUST05200,Isha Mehta,16,32,230541.12,54889.97,23.81,14408.82
CUST03895,Vivaan Kumar,13,28,230512.16,59714.63,25.91,17731.7
CUST02436,Vivaan Joshi,12,31,230499.78,58384.1,25.33,19208.31
CUST01052,Sneha Shah,11,24,230438.66,58702.75,25.47,20948.97
CUST02529,Priya Joshi,19,38,230434.48,46412.91,20.14,12128.13
CUST03466,Ananya Kumar,11,25,230421.94,44628.32,19.37,20947.45
CUST01882,Vivaan Mhaske,10,21,230374.48,74429.03,32.31,23037.45
CUST01245,Karan Deshmukh,7,20,230331.27,62527.15,27.15,32904.47
CUST00129,Arjun Deshmukh,16,29,230309.74,63241.84,27.46,14394.36
CUST04550,Amit Kumar,12,32,230260.85,47224.62,20.51,19188.4
CUST01712,Sneha Joshi,12,27,230110.22,53420.9,23.22,19175.85
CUST00461,Amit Mhaske,12,25,230049.7,58673.99,25.5,19170.81
CUST03435,Aarav Mehta,12,24,229908.74,48564.24,21.12,19159.06
CUST01609,Kavya Patil,15,27,229887.94,52720.21,22.93,15325.86
CUST01852,Arjun Joshi,13,42,229841.55,62669.99,27.27,17680.12
CUST04053,Ananya Shah,14,38,229821.37,44028.55,19.16,16415.81
CUST01784,Meera Sharma,10,29,229774.66,49775.08,21.66,22977.47
CUST02522,Neha Singh,11,21,229745.75,59880.62,26.06,20885.98
CUST01246,Arjun Verma,15,40,229527.47,65280.53,28.44,15301.83
CUST05522,Rohan Kumar,14,29,229445.93,56199.2,24.49,16388.99
CUST03521,Aarav Gupta,17,37,229403.77,54176.21,23.62,13494.34
CUST01002,Karan Joshi,15,32,229387.26,60728.52,26.47,15292.48
CUST02216,Pooja Patil,15,35,229338.07,56650.62,24.7,15289.2
CUST02756,Ananya Nair,14,31,229331.84,67879.11,29.6,16380.85
CUST01624,Meera Singh,16,40,229266.36,49344.06,21.52,14329.15
CUST01804,Rahul Mehta,14,34,229142.75,55186.09,24.08,16367.34
CUST01124,Ananya Mhaske,12,27,229087.95,50125.81,21.88,19090.66
CUST01938,Vivaan Shah,13,26,229080.11,58104.67,25.36,17621.55
CUST03628,Sneha Verma,13,33,229053.16,57875.09,25.27,17619.47
CUST00717,Vivaan Gupta,13,33,228993.23,49569.85,21.65,17614.86
CUST02882,Aditya Patil,10,23,228988.38,55917.62,24.42,22898.84
CUST00372,Sneha Joshi,10,24,228975.52,59218.84,25.86,22897.55
CUST04242,Sneha Nair,16,33,228930.73,70784.57,30.92,14308.17
CUST00925,Amit Mhaske,13,32,228909.33,50889.45,22.23,17608.41
CUST02578,Aarav Joshi,11,23,228890.41,66129.69,28.89,20808.22
CUST04133,Meera Verma,18,46,228826.94,46638.18,20.38,12712.61
CUST02498,Rohan Mhaske,14,29,228793.64,56509.27,24.7,16342.4
CUST05648,Arjun Mhaske,13,30,228717.85,39972.88,17.48,17593.68
CUST03157,Aarav Deshmukh,16,46,228496.97,63856.72,27.95,14281.06
CUST05405,Meera Mehta,16,29,228474.8,38011.55,16.64,14279.67
CUST05524,Isha Patil,15,31,228463.71,62531.34,27.37,15230.91
CUST00214,Amit Kumar,12,24,228445.22,61884.45,27.09,19037.1
CUST05288,Aditya Verma,10,33,228419.81,58654.2,25.68,22841.98
CUST00972,Kavya Mehta,15,29,228388.94,55057.83,24.11,15225.93
CUST01577,Ananya Singh,11,28,228380.65,66074.04,28.93,20761.88
CUST01879,Aditya Singh,11,29,228298.8,45030.28,19.72,20754.44
CUST04821,Amit Mehta,12,29,228289.51,59637.73,26.12,19024.13
CUST01560,Neha Joshi,12,26,228235.57,63086.78,27.64,19019.63
CUST03972,Priya Sharma,11,30,228226.36,69491.08,30.45,20747.85
CUST02317,Neha Joshi,11,22,228219.14,66736.85,29.24,20747.19
CUST04722,Rohan Mhaske,11,26,228191.62,55154.12,24.17,20744.69
CUST01126,Rohan Sharma,9,22,228162.43,55793.06,24.45,25351.38
CUST03652,Rohan Singh,13,27,228159.77,57211.1,25.08,17550.75
CUST03110,Neha Kumar,12,28,228133.22,49869.79,21.86,19011.1
CUST00039,Karan Deshmukh,7,20,228081.84,68757.65,30.15,32583.12
CUST00068,Pooja Deshmukh,11,24,228071.78,72639.72,31.85,20733.8
CUST00987,Meera Mhaske,14,29,227884.27,59147.53,25.96,16277.45
CUST00795,Rahul Singh,14,38,227867.81,36171.45,15.87,16276.27
CUST00575,Kavya Patil,14,30,227847.44,69874.57,30.67,16274.82
CUST04838,Meera Patil,10,25,227832.28,57172.97,25.09,22783.23
CUST01509,Amit Shah,17,37,227785.06,56384.7,24.75,13399.12
CUST02663,Priya Verma,14,26,227709.85,64363.43,28.27,16264.99
CUST00054,Rahul Singh,8,18,227572.21,70158.24,30.83,28446.53
CUST03170,Arjun Verma,10,25,227545.98,62645.38,27.53,22754.6
CUST03876,Vivaan Mehta,14,33,227511.67,57732.69,25.38,16250.83
CUST05274,Sneha Shah,11,34,227493.05,44662.53,19.63,20681.19
CUST04029,Amit Deshmukh,16,34,227451.94,49775.96,21.88,14215.75
CUST03407,Kavya Gupta,10,34,227436.86,49904.95,21.94,22743.69
CUST05496,Aarav Kumar,11,27,227427.99,59539.23,26.18,20675.27
CUST01501,Karan Shah,9,20,227381.91,56107.32,24.68,25264.66
CUST00974,Meera Mhaske,13,32,227358.99,54691.8,24.06,17489.15
CUST04363,Neha Patil,12,35,227352.76,45090.68,19.83,18946.06
CUST05304,Pooja Gupta,14,24,227350.76,59275.84,26.07,16239.34
CUST04902,Isha Nair,14,26,227327.42,64355.79,28.31,16237.67
CUST04006,Vivaan Sharma,12,30,227315.09,60455.29,26.6,18942.92
CUST04514,Vivaan Deshmukh,13,25,227309.0,51583.65,22.69,17485.31
CUST04499,Neha Mehta,15,34,227235.1,53026.6,23.34,15149.01
CUST02219,Isha Kumar,11,26,227177.22,52192.69,22.97,20652.47
CUST03654,Sneha Nair,11,24,227168.29,50327.46,22.15,20651.66
CUST00149,Pooja Gupta,9,30,227136.89,52767.76,23.23,25237.43
CUST03309,Kavya Mehta,13,25,227121.09,75493.1,33.24,17470.85
CUST04775,Amit Shah,8,20,227101.25,51500.06,22.68,28387.66
CUST03032,Aditya Verma,11,30,227089.06,50661.83,22.31,20644.46
CUST02934,Pooja Shah,12,21,227064.88,56762.93,25.0,18922.07
CUST05408,Isha Shah,16,32,227053.29,56300.0,24.8,14190.83
CUST05024,Rohan Sharma,7,24,227010.75,46096.24,20.31,32430.11
CUST00480,Rohan Mhaske,15,29,226983.1,61770.18,27.21,15132.21
CUST01523,Neha Kumar,10,23,226911.47,49718.25,21.91,22691.15
CUST04676,Vivaan Mhaske,12,32,226895.55,62658.29,27.62,18907.96
CUST00487,Meera Sharma,12,26,226895.07,50130.5,22.09,18907.92
CUST01801,Rohan Mehta,16,36,226885.03,52037.4,22.94,14180.31
CUST03715,Meera Mehta,14,29,226864.28,53293.85,23.49,16204.59
CUST02632,Isha Shah,14,26,226758.54,59952.76,26.44,16197.04
CUST03698,Rohan Mhaske,11,23,226738.01,56261.06,24.81,20612.55
CUST04370,Neha Singh,13,32,226720.68,53930.02,23.79,17440.05
CUST01434,Aditya Kumar,13,27,226719.76,37409.76,16.5,17439.98
CUST03328,Priya Gupta,15,43,226705.74,56240.85,24.81,15113.72
CUST02461,Ananya Mehta,10,34,226677.6,35790.84,15.79,22667.76
CUST04530,Kavya Verma,12,27,226618.75,47943.59,21.16,18884.9
CUST02138,Rohan Joshi,12,30,226566.63,46333.79,20.45,18880.55
CUST01715,Neha Shah,10,25,226558.98,66502.55,29.35,22655.9
CUST03920,Kavya Kumar,16,32,226557.81,52603.08,23.22,14159.86
CUST04591,Arjun Joshi,11,31,226410.58,44512.83,19.66,20582.78
CUST02503,Meera Mhaske,14,32,226382.72,60070.6,26.53,16170.19
CUST01773,Rahul Deshmukh,7,18,226371.02,57990.17,25.62,32338.72
CUST02997,Amit Gupta,8,26,226366.57,47600.53,21.03,28295.82
CUST00459,Aditya Mhaske,15,38,226269.15,40543.01,17.92,15084.61
CUST00041,Vivaan Deshmukh,15,27,226233.72,63014.31,27.85,15082.25
CUST02942,Rahul Mhaske,8,25,226231.48,52092.49,23.03,28278.94
CUST01373,Amit Shah,15,34,226199.31,53713.21,23.75,15079.95
CUST00639,Rohan Singh,12,32,226184.28,62063.28,27.44,18848.69
CUST00045,Aditya Joshi,10,29,226104.42,43846.38,19.39,22610.44
CUST04548,Kavya Deshmukh,13,34,226082.7,59768.09,26.44,17390.98
CUST01962,Meera Mehta,11,21,226075.01,53044.44,23.46,20552.27
CUST01762,Neha Mhaske,13,27,225985.11,58434.71,25.86,17383.47
CUST00555,Ananya Verma,18,32,225972.38,58742.66,26.0,12554.02
CUST03003,Meera Gupta,15,36,225834.19,69858.3,30.93,15055.61
CUST05045,Sneha Shah,13,32,225794.92,53776.59,23.82,17368.84
CUST03811,Meera Mehta,12,28,225776.41,69637.95,30.84,18814.7
CUST00782,Isha Singh,11,27,225732.27,65351.37,28.95,20521.12
CUST05335,Pooja Gupta,11,25,225673.38,62994.61,27.91,20515.76
CUST00696,Aarav Gupta,17,34,225565.46,45074.66,19.98,13268.56
CUST00399,Pooja Mhaske,12,39,225525.03,50930.65,22.58,18793.75
CUST00173,Neha Deshmukh,14,29,225423.78,62687.67,27.81,16101.7
CUST01990,Kavya Mehta,10,23,225392.89,55015.67,24.41,22539.29
CUST02058,Aditya Nair,10,29,225319.94,53210.71,23.62,22531.99
CUST02158,Arjun Patil,13,28,225200.22,60415.52,26.83,17323.09
CUST01400,Pooja Sharma,15,31,225082.85,58147.5,25.83,15005.52
CUST00703,Isha Patil,14,30,225078.91,43299.2,19.24,16077.07
CUST02658,Pooja Mhaske,17,42,224996.84,42796.42,19.02,13235.11
CUST00065,Ananya Singh,12,32,224937.92,59786.46,26.58,18744.83
CUST03063,Kavya Patil,12,28,224910.75,58725.29,26.11,18742.56
CUST02474,Rohan Mhaske,10,27,224892.01,60137.73,26.74,22489.2
CUST05419,Aarav Mehta,13,41,224891.78,53105.17,23.61,17299.37
CUST00091,Arjun Kumar,16,36,224867.36,50788.59,22.59,14054.21
CUST00802,Aditya Mhaske,11,23,224864.98,47049.2,20.92,20442.27
CUST00833,Neha Mehta,13,31,224830.0,55636.57,24.75,17294.62
CUST00590,Amit Sharma,14,31,224783.65,73820.23,32.84,16055.98
CUST00062,Pooja Nair,14,27,224712.36,55015.09,24.48,16050.88
CUST03850,Aarav Deshmukh,12,32,224654.81,51501.85,22.92,18721.23
CUST03465,Rahul Shah,13,35,224645.07,57254.38,25.49,17280.39
CUST05733,Rahul Kumar,13,29,224642.17,53453.14,23.79,17280.17
CUST03833,Isha Kumar,15,32,224614.16,49990.49,22.26,14974.28
CUST02965,Amit Joshi,11,29,224601.56,46643.41,20.77,20418.32
CUST03572,Isha Kumar,14,32,224508.4,42206.79,18.8,16036.31
CUST03974,Isha Kumar,16,33,224502.32,51342.04,22.87,14031.4
CUST00755,Aarav Nair,11,24,224470.7,59035.52,26.3,20406.43
CUST02487,Meera Verma,13,30,224441.81,50173.94,22.35,17264.75
CUST02867,Pooja Shah,18,34,224405.24,55065.0,24.54,12466.96
CUST04797,Rahul Shah,15,28,224398.28,61341.85,27.34,14959.89
CUST00600,Neha Shah,12,34,224395.97,49520.27,22.07,18699.66
CUST00731,Amit Joshi,15,41,224393.76,53253.47,23.73,14959.58
CUST00828,Kavya Mehta,12,32,224379.36,38487.27,17.15,18698.28
CUST01525,Rohan Mhaske,18,35,224341.97,43671.93,19.47,12463.44
CUST00073,Meera Joshi,14,36,224309.45,44372.39,19.78,16022.1
CUST04490,Amit Verma,15,31,224307.83,54288.77,24.2,14953.86
CUST00326,Amit Sharma,11,23,224300.34,67339.88,30.02,20390.94
CUST02333,Aditya Mehta,12,30,224299.16,63840.54,28.46,18691.6
CUST00783,Vivaan Joshi,12,24,224290.34,52077.98,23.22,18690.86
CUST04824,Amit Deshmukh,13,26,224250.01,54484.38,24.3,17250.0
CUST00010,Neha Mehta,12,29,224230.93,59961.03,26.74,18685.91
CUST05717,Isha Shah,11,25,224180.18,59865.68,26.7,20380.02
CUST00747,Rahul Shah,11,31,224134.37,56598.74,25.25,20375.85
CUST05099,Arjun Joshi,14,26,224111.3,57574.26,25.69,16007.95
CUST01288,Rahul Shah,15,33,224109.84,50362.07,22.47,14940.66
CUST05325,Rohan Mhaske,12,25,224056.32,52038.61,23.23,18671.36
CUST03880,Karan Mhaske,9,25,224011.86,68245.11,30.46,24890.21
CUST03102,Rohan Mehta,9,18,223853.52,49230.1,21.99,24872.61
CUST05018,Priya Mehta,16,26,223853.41,65155.65,29.11,13990.84
CUST00247,Ananya Nair,9,26,223835.03,43822.82,19.58,24870.56
CUST01310,Priya Mhaske,12,35,223819.75,44399.85,19.84,18651.65
CUST02191,Pooja Singh,12,32,223810.08,57271.04,25.59,18650.84
CUST03878,Karan Mhaske,12,26,223760.67,69654.56,31.13,18646.72
CUST00596,Vivaan Joshi,15,27,223693.3,53594.94,23.96,14912.89
CUST04033,Amit Sharma,10,29,223649.13,61135.47,27.34,22364.91
CUST03495,Rohan Singh,14,31,223633.45,44749.27,20.01,15973.82
CUST04072,Rahul Patil,16,40,223627.85,49022.64,21.92,13976.74
CUST00123,Kavya Joshi,13,22,223589.89,76919.95,34.4,17199.22
CUST03846,Rohan Shah,11,25,223557.17,60346.13,26.99,20323.38
CUST00565,Sneha Shah,9,27,223544.64,60129.55,26.9,24838.29
CUST00853,Arjun Deshmukh,17,29,223533.08,56490.55,25.27,13149.0
CUST00998,Rohan Mehta,9,23,223492.88,74127.15,33.17,24832.54
CUST05077,Rohan Nair,14,39,223486.9,46030.94,20.6,15963.35
CUST03675,Aarav Patil,14,29,223465.3,58946.09,26.38,15961.81
CUST02827,Karan Singh,12,26,223409.1,64103.27,28.69,18617.42
CUST02268,Sneha Singh,11,29,223389.46,54096.02,24.22,20308.13
CUST04528,Rahul Nair,14,39,223384.12,45140.79,20.21,15956.01
CUST01281,Neha Patil,13,27,223348.73,57770.34,25.87,17180.67
CUST02172,Aditya Singh,11,21,223284.98,63336.5,28.37,20298.63
CUST02504,Rohan Kumar,18,40,223234.07,48666.01,21.8,12401.89
CUST00444,Meera Singh,13,24,223222.76,57128.46,25.59,17170.98
CUST00483,Arjun Joshi,16,32,223218.56,47126.29,21.11,13951.16
CUST03263,Arjun Patil,11,36,223088.9,41219.21,18.48,20280.81
CUST01486,Ananya Singh,15,30,223079.63,45776.17,20.52,14871.98
CUST05133,Aarav Sharma,12,22,223039.76,52378.51,23.48,18586.65
CUST05643,Vivaan Sharma,11,24,222972.75,51116.22,22.92,20270.25
CUST00966,Meera Mehta,11,26,222964.88,57451.18,25.77,20269.53
CUST03727,Ananya Verma,15,32,222895.28,64368.74,28.88,14859.69
CUST03625,Rohan Singh,13,22,222863.09,66413.47,29.8,17143.31
CUST03569,Ananya Shah,11,29,222769.53,62727.29,28.16,20251.78
CUST00702,Sneha Shah,13,32,222694.05,55761.19,25.04,17130.31
CUST00002,Vivaan Shah,14,28,222656.85,45271.33,20.33,15904.06
CUST04967,Vivaan Kumar,14,33,222651.1,42410.3,19.05,15903.65
CUST04082,Arjun Sharma,12,26,222611.83,57098.99,25.65,18550.99
CUST03515,Rohan Sharma,10,27,222593.17,61500.55,27.63,22259.32
CUST00701,Aditya Gupta,12,31,222557.95,54212.11,24.36,18546.5
CUST00753,Aarav Shah,11,27,222432.62,49795.33,22.39,20221.15
CUST05186,Pooja Deshmukh,11,27,222421.72,59245.33,26.64,20220.16
CUST04313,Isha Singh,16,40,222416.92,61036.93,27.44,13901.06
CUST05436,Aarav Singh,11,27,222383.68,54494.06,24.5,20216.7
CUST03041,Meera Deshmukh,13,34,222379.9,43839.91,19.71,17106.15
CUST05668,Karan Nair,14,32,222371.32,45324.18,20.38,15883.67
CUST01722,Karan Nair,10,28,222369.26,67508.88,30.36,22236.93
CUST04368,Vivaan Patil,11,24,222362.14,66050.88,29.7,20214.74
CUST04513,Kavya Verma,13,30,222336.6,65479.05,29.45,17102.82
CUST00797,Karan Joshi,14,40,222282.04,71101.05,31.99,15877.29
CUST03966,Aditya Shah,13,33,222268.69,47089.55,21.19,17097.59
CUST04545,Isha Mehta,15,29,222266.44,50498.92,22.72,14817.76
CUST04418,Ananya Gupta,8,24,222260.68,42913.94,19.31,27782.58
CUST02255,Aditya Joshi,12,24,222149.25,72025.96,32.42,18512.44
CUST03023,Rohan Deshmukh,12,40,222146.37,56777.66,25.56,18512.2
CUST00061,Kavya Gupta,16,32,222146.32,40604.38,18.28,13884.15
CUST03188,Aditya Shah,10,29,222120.95,42823.11,19.28,22212.1
CUST01259,Ananya Kumar,14,30,221991.11,31415.52,14.15,15856.51
CUST01637,Priya Deshmukh,11,21,221988.16,56491.55,25.45,20180.74
CUST03818,Priya Singh,12,23,221970.69,51331.21,23.13,18497.56
CUST02765,Pooja Mehta,11,32,221919.01,63272.03,28.51,20174.46
CUST01837,Arjun Deshmukh,12,32,221902.08,47051.12,21.2,18491.84
CUST04457,Neha Mhaske,16,34,221892.05,49968.06,22.52,13868.25
CUST01037,Neha Mhaske,14,31,221848.86,62449.68,28.15,15846.35
CUST00085,Priya Mhaske,12,31,221828.51,38428.97,17.32,18485.71
CUST03944,Karan Singh,17,39,221753.2,59925.24,27.02,13044.31
CUST01552,Aditya Shah,14,29,221693.73,70348.35,31.73,15835.27
CUST02231,Amit Deshmukh,11,25,221672.07,59967.65,27.05,20152.01
CUST01166,Amit Gupta,13,31,221602.16,42388.08,19.13,17046.32
CUST02512,Amit Mehta,13,30,221562.36,52451.18,23.67,17043.26
CUST02420,Isha Joshi,17,30,221481.43,60571.3,27.35,13028.32
CUST04395,Pooja Sharma,15,38,221471.82,44346.18,20.02,14764.79
CUST01569,Kavya Joshi,15,27,221466.65,60888.36,27.49,14764.44
CUST02599,Vivaan Gupta,14,35,221463.88,67203.15,30.34,15818.85
CUST00606,Amit Mhaske,11,31,221431.17,58053.12,26.22,20130.11
CUST04648,Rohan Sharma,9,25,221420.88,68977.5,31.15,24602.32
CUST04314,Arjun Shah,12,29,221410.1,48561.19,21.93,18450.84
CUST00771,Isha Mehta,9,18,221275.32,73223.36,33.09,24586.15
CUST04670,Kavya Deshmukh,13,35,221251.79,55602.12,25.13,17019.37
CUST03116,Meera Joshi,10,22,221239.71,56994.16,25.76,22123.97
CUST02979,Rohan Patil,14,29,221103.46,60222.21,27.24,15793.1
CUST01986,Aditya Deshmukh,10,19,221058.47,62537.14,28.29,22105.85
CUST03074,Karan Joshi,13,34,221041.77,60204.58,27.24,17003.21
CUST01983,Kavya Gupta,13,25,221030.24,65123.42,29.46,17002.33
CUST01917,Pooja Patil,11,31,221005.88,46523.76,21.05,20091.44
CUST02789,Meera Mhaske,14,28,221004.79,46827.03,21.19,15786.06
CUST01358,Neha Shah,10,23,220997.88,55594.55,25.16,22099.79
CUST03701,Neha Gupta,14,27,220933.0,64726.87,29.3,15780.93
CUST04754,Sneha Mehta,12,25,220865.24,57388.04,25.98,18405.44
CUST02003,Kavya Verma,12,28,220782.88,54061.1,24.49,18398.57
CUST04660,Ananya Singh,11,28,220746.75,56427.67,25.56,20067.89
CUST03547,Isha Mhaske,10,29,220674.75,40292.35,18.26,22067.47
CUST05972,Aditya Kumar,15,27,220521.56,66484.85,30.15,14701.44
CUST04704,Arjun Shah,14,39,220487.95,46820.6,21.23,15749.14
CUST03473,Rohan Verma,17,35,220461.5,54847.27,24.88,12968.32
CUST04146,Rahul Joshi,14,30,220368.68,56435.03,25.61,15740.62
CUST03385,Vivaan Verma,11,26,220263.25,52717.6,23.93,20023.93
CUST04200,Aarav Deshmukh,11,25,220155.83,58044.54,26.37,20014.17
CUST05320,Rahul Mehta,13,31,220091.89,69547.43,31.6,16930.15
CUST03122,Aarav Joshi,12,26,220073.48,63950.76,29.06,18339.46
CUST03080,Arjun Mehta,14,32,220063.9,70568.65,32.07,15718.85
CUST04058,Priya Singh,10,31,220061.65,53827.31,24.46,22006.17
CUST03252,Arjun Verma,11,22,220051.98,64080.12,29.12,20004.73
CUST00192,Sneha Deshmukh,9,24,220046.58,47886.47,21.76,24449.62
CUST05817,Neha Joshi,14,28,219990.14,62364.92,28.35,15713.58
CUST05664,Amit Deshmukh,10,25,219989.19,62999.05,28.64,21998.92
CUST03486,Rahul Nair,15,38,219937.23,44623.6,20.29,14662.48
CUST05034,Isha Singh,9,23,219807.33,42904.39,19.52,24423.04
CUST05740,Rohan Mhaske,10,22,219759.89,58975.92,26.84,21975.99
CUST00856,Priya Mehta,9,29,219705.57,44473.17,20.24,24411.73
CUST02932,Karan Kumar,12,27,219704.83,61695.79,28.08,18308.74
CUST04179,Sneha Mehta,16,37,219700.51,52684.61,23.98,13731.28
CUST04124,Rohan Patil,15,32,219699.05,48883.43,22.25,14646.6
CUST01746,Pooja Deshmukh,11,25,219612.34,51305.46,23.36,19964.76
CUST04923,Pooja Sharma,13,29,219605.18,67514.25,30.74,16892.71
CUST01504,Amit Mehta,14,30,219602.08,49792.53,22.67,15685.86
CUST03958,Amit Deshmukh,12,30,219563.11,59592.12,27.14,18296.93
CUST02201,Karan Sharma,11,28,219551.3,51900.25,23.64,19959.21
CUST00008,Sneha Mhaske,12,44,219523.44,41308.02,18.82,18293.62
CUST05206,Amit Shah,15,30,219512.24,57668.59,26.27,14634.15
CUST02257,Aarav Singh,11,22,219476.82,49168.86,22.4,19952.44
CUST01802,Priya Deshmukh,13,35,219445.55,47691.59,21.73,16880.43
CUST01461,Vivaan Gupta,12,22,219430.39,52680.91,24.01,18285.87
CUST00320,Aarav Shah,17,38,219370.4,46751.76,21.31,12904.14
CUST05204,Isha Nair,13,27,219301.69,59171.82,26.98,16869.36
CUST00857,Vivaan Mhaske,11,22,219268.83,48280.5,22.02,19933.53
CUST00736,Aditya Shah,12,27,219267.6,49929.72,22.77,18272.3
CUST05693,Rahul Mhaske,15,36,219245.83,51686.97,23.57,14616.39
CUST02101,Amit Mehta,8,26,219213.3,32367.25,14.77,27401.66
CUST05432,Vivaan Verma,12,26,219198.29,61931.85,28.25,18266.52
CUST03845,Aditya Nair,15,30,219102.69,48065.89,21.94,14606.85
CUST00623,Rahul Kumar,9,23,219091.52,48248.55,22.02,24343.5
CUST03568,Kavya Joshi,13,27,219068.04,41712.21,19.04,16851.39
CUST01426,Neha Nair,12,30,219061.85,62325.35,28.45,18255.15
CUST01306,Isha Gupta,9,22,219053.72,54037.5,24.67,24339.3
CUST02763,Amit Gupta,13,32,218970.49,29550.52,13.5,16843.88
CUST01854,Vivaan Patil,12,33,218963.76,47000.49,21.46,18246.98
CUST00952,Kavya Mhaske,15,31,218953.52,53086.9,24.25,14596.9
CUST04757,Sneha Mhaske,9,25,218937.74,45288.47,20.69,24326.42
CUST00905,Meera Singh,12,23,218893.24,62743.67,28.66,18241.1
CUST03013,Vivaan Mhaske,14,31,218751.66,52925.55,24.19,15625.12
CUST04618,Sneha Mhaske,14,37,218727.65,47912.23,21.9,15623.4
CUST04021,Vivaan Patil,10,22,218690.7,57872.99,26.46,21869.07
CUST03126,Amit Mhaske,11,30,218665.59,66124.44,30.24,19878.69
CUST00867,Aarav Kumar,13,28,218641.92,55842.62,25.54,16818.61
CUST04055,Priya Nair,12,31,218599.47,54875.98,25.1,18216.62
CUST04224,Aarav Shah,13,28,218593.83,62560.15,28.62,16814.91
CUST01404,Aarav Deshmukh,8,24,218581.08,61740.03,28.25,27322.64
CUST01289,Aditya Joshi,12,33,218554.07,60388.78,27.63,18212.84
CUST03114,Meera Kumar,9,21,218474.16,61918.65,28.34,24274.91
CUST03218,Kavya Deshmukh,11,26,218468.61,39242.0,17.96,19860.78
CUST05042,Arjun Shah,17,33,218428.19,63258.01,28.96,12848.72
CUST05974,Karan Mhaske,14,35,218342.03,54550.37,24.98,15595.86
CUST00276,Amit Mehta,11,28,218291.81,58001.22,26.57,19844.71
CUST00249,Sneha Patil,13,30,218191.12,52460.2,24.04,16783.93
CUST02851,Ananya Singh,17,47,218154.13,43565.42,19.97,12832.6
CUST02009,Aarav Singh,15,41,218123.04,53127.21,24.36,14541.54
CUST02490,Pooja Singh,14,34,218080.99,52116.83,23.9,15577.21
CUST02807,Arjun Mhaske,12,30,217989.87,49855.99,22.87,18165.82
CUST03672,Rohan Sharma,12,28,217867.07,59702.05,27.4,18155.59
CUST02012,Amit Mhaske,10,20,217822.05,60350.21,27.71,21782.2
CUST01859,Rahul Shah,10,31,217735.09,58788.32,27.0,21773.51
CUST03843,Isha Singh,15,39,217696.05,49350.04,22.67,14513.07
CUST01822,Arjun Gupta,10,25,217606.06,54587.58,25.09,21760.61
CUST03592,Pooja Deshmukh,13,30,217582.15,55662.42,25.58,16737.09
CUST04900,Pooja Mehta,13,32,217560.66,38859.48,17.86,16735.44
CUST04397,Amit Shah,15,31,217549.49,57782.52,26.56,14503.3
CUST02642,Meera Mhaske,11,27,217522.44,57505.55,26.44,19774.77
CUST00643,Isha Nair,8,20,217449.95,60273.39,27.72,27181.24
CUST03140,Priya Patil,14,26,217412.4,48200.19,22.17,15529.46
CUST01360,Ananya Verma,15,38,217408.51,53788.37,24.74,14493.9
CUST03542,Pooja Mehta,9,28,217389.44,46030.85,21.17,24154.38
CUST04026,Aditya Deshmukh,14,35,217335.24,58539.35,26.94,15523.95
CUST00168,Karan Verma,14,27,217294.83,52710.0,24.26,15521.06
CUST01924,Aditya Verma,9,26,217270.62,67120.4,30.89,24141.18
CUST05489,Isha Mehta,10,35,217255.43,43892.42,20.2,21725.54
CUST05821,Sneha Kumar,15,33,217189.44,40569.81,18.68,14479.3
CUST02408,Rohan Mehta,14,25,217112.28,56155.44,25.86,15508.02
CUST00216,Aditya Singh,15,27,217065.27,41302.99,19.03,14471.02
CUST02640,Rahul Mehta,9,21,217013.47,63815.35,29.41,24112.61
CUST05842,Rohan Mehta,11,27,216944.43,61059.68,28.15,19722.22
CUST04237,Ananya Mehta,17,36,216794.19,52377.0,24.16,12752.6
CUST03196,Aarav Patil,11,26,216720.12,53833.72,24.84,19701.83
CUST01535,Priya Sharma,15,27,216658.92,51546.19,23.79,14443.93
CUST03034,Neha Shah,14,31,216603.91,51617.43,23.83,15471.71
CUST05997,Sneha Verma,11,27,216506.81,51636.08,23.85,19682.44
CUST02162,Aarav Sharma,11,22,216491.46,67183.65,31.03,19681.04
CUST04306,Arjun Verma,12,23,216437.57,60638.7,28.02,18036.46
CUST05788,Arjun Singh,14,26,216354.82,67184.75,31.05,15453.92
CUST03160,Aditya Singh,10,29,216213.84,45402.21,21.0,21621.38
CUST01996,Vivaan Deshmukh,10,24,216211.53,41644.15,19.26,21621.15
CUST03249,Kavya Patil,17,33,216146.89,58373.83,27.01,12714.52
CUST05814,Pooja Shah,12,22,216120.11,69733.81,32.27,18010.01
CUST03096,Rohan Nair,10,28,216001.22,45467.72,21.05,21600.12
CUST01941,Ananya Nair,16,36,215932.08,40694.75,18.85,13495.75
CUST04298,Aarav Shah,13,32,215906.02,66605.58,30.85,16608.16
CUST05623,Ananya Shah,10,23,215848.71,52965.18,24.54,21584.87
CUST01008,Neha Gupta,13,26,215818.98,43954.88,20.37,16601.46
CUST02131,Kavya Mhaske,13,27,215759.09,50875.21,23.58,16596.85
CUST00286,Vivaan Verma,14,36,215721.74,34627.76,16.05,15408.7
CUST05055,Ananya Joshi,9,22,215576.09,61746.94,28.64,23952.9
CUST00705,Aarav Shah,13,33,215550.35,43574.61,20.22,16580.8
CUST05902,Ananya Joshi,12,30,215535.73,57609.07,26.73,17961.31
CUST04383,Aditya Patil,14,29,215535.17,54901.51,25.47,15395.37
CUST02114,Ananya Patil,11,20,215489.06,60333.85,28.0,19589.91
CUST04491,Aarav Shah,17,39,215481.0,52472.05,24.35,12675.35
CUST05360,Sneha Patil,13,36,215480.65,53669.61,24.91,16575.43
CUST05975,Rohan Deshmukh,12,28,215344.04,53661.62,24.92,17945.34
CUST04373,Priya Gupta,9,22,215305.32,68188.55,31.67,23922.81
CUST03131,Kavya Shah,13,27,215270.36,59231.61,27.51,16559.26
CUST04500,Karan Joshi,12,28,215216.23,46759.6,21.73,17934.69
CUST02256,Ananya Mhaske,10,25,215213.92,51122.99,23.75,21521.39
CUST01347,Meera Sharma,10,22,215213.53,52658.82,24.47,21521.35
CUST02707,Arjun Patil,8,22,215206.72,61078.46,28.38,26900.84
CUST01271,Rohan Kumar,12,22,215154.57,61011.96,28.36,17929.55
CUST05136,Priya Nair,12,25,215153.26,39377.24,18.3,17929.44
CUST01754,Vivaan Nair,14,37,215131.74,49130.85,22.84,15366.55
CUST04615,Meera Kumar,15,34,215092.5,62067.82,28.86,14339.5
CUST05256,Rahul Deshmukh,13,35,215033.85,42424.9,19.73,16541.07
CUST01906,Rahul Gupta,14,35,215021.21,60115.08,27.96,15358.66
CUST02841,Aarav Singh,12,30,214973.84,44154.96,20.54,17914.49
CUST05082,Karan Gupta,14,22,214959.77,50445.27,23.47,15354.27
CUST05247,Karan Sharma,14,39,214944.05,45440.22,21.14,15353.15
CUST01265,Neha Deshmukh,15,33,214872.71,42809.83,19.92,14324.85
CUST01777,Isha Sharma,11,25,214848.81,48327.13,22.49,19531.71
CUST01808,Aarav Gupta,15,36,214820.74,52082.16,24.24,14321.38
CUST00675,Kavya Mhaske,14,26,214819.72,36324.69,16.91,15344.27
CUST02684,Isha Gupta,10,22,214751.03,55507.74,25.85,21475.1
CUST03971,Aditya Kumar,8,20,214709.2,53757.45,25.04,26838.65
CUST00023,Amit Sharma,7,27,214692.0,47312.66,22.04,30670.29
CUST02276,Priya Sharma,18,36,214660.32,48301.72,22.5,11925.57
CUST04317,Vivaan Joshi,11,33,214628.73,49911.89,23.25,19511.7
CUST05425,Arjun Shah,9,24,214606.19,47652.56,22.2,23845.13
CUST03911,Aditya Kumar,12,22,214568.66,53326.99,24.85,17880.72
CUST03959,Isha Patil,12,28,214564.4,64598.17,30.11,17880.37
CUST05318,Karan Joshi,11,29,214398.47,47760.76,22.28,19490.77
CUST05864,Pooja Mehta,15,34,214317.85,37103.35,17.31,14287.86
CUST01068,Isha Joshi,12,29,214306.26,41574.34,19.4,17858.85
CUST05876,Ananya Patil,11,22,214285.65,53480.82,24.96,19480.51
CUST03222,Karan Patil,12,22,214276.59,48827.39,22.79,17856.38
CUST00013,Rohan Nair,10,29,214240.39,50940.74,23.78,21424.04
CUST04853,Kavya Nair,13,28,214237.35,71417.33,33.34,16479.8
CUST03872,Kavya Sharma,10,23,214195.6,51878.13,24.22,21419.56
CUST02701,Meera Kumar,12,28,214165.45,51640.36,24.11,17847.12
CUST05628,Karan Sharma,17,34,214158.96,43925.7,20.51,12597.59
CUST03691,Arjun Mehta,11,26,214134.52,43561.42,20.34,19466.77
CUST01526,Amit Kumar,14,41,214106.76,43733.3,20.43,15293.34
CUST03585,Sneha Shah,14,29,214040.49,45857.6,21.42,15288.61
CUST04016,Ananya Nair,14,34,214035.07,57792.37,27.0,15288.22
CUST04662,Ananya Gupta,12,32,213959.37,46444.79,21.71,17829.95
CUST02548,Arjun Sharma,11,27,213924.14,54280.17,25.37,19447.65
CUST02347,Isha Patil,10,21,213867.65,34348.4,16.06,21386.76
CUST02119,Aditya Mehta,12,29,213839.83,52557.04,24.58,17819.99
CUST05971,Meera Shah,10,33,213781.4,60330.89,28.22,21378.14
CUST01203,Aarav Sharma,11,21,213720.44,64918.08,30.38,19429.13
CUST01232,Arjun Deshmukh,12,36,213719.14,53281.44,24.93,17809.93
CUST02399,Priya Deshmukh,10,26,213681.43,57333.9,26.83,21368.14
CUST01345,Aarav Verma,10,24,213659.54,29203.71,13.67,21365.95
CUST03738,Sneha Nair,15,23,213637.94,46522.37,21.78,14242.53
CUST00612,Pooja Sharma,15,31,213612.9,43594.75,20.41,14240.86
CUST01868,Sneha Deshmukh,13,30,213581.45,58379.33,27.33,16429.34
CUST00042,Ananya Kumar,14,31,213578.83,48329.54,22.63,15255.63
CUST00367,Priya Shah,12,37,213576.34,63197.36,29.59,17798.03
CUST03489,Arjun Sharma,13,37,213542.38,47624.51,22.3,16426.34
CUST01142,Vivaan Shah,14,24,213529.63,61466.44,28.79,15252.12
CUST03476,Arjun Mhaske,11,32,213422.42,57437.14,26.91,19402.04
CUST01278,Aditya Mhaske,14,25,213399.27,53586.66,25.11,15242.8
CUST02227,Karan Gupta,15,34,213364.02,51649.45,24.21,14224.27
CUST05976,Aarav Mhaske,12,27,213318.02,46417.0,21.76,17776.5
CUST05334,Aarav Gupta,10,22,213272.77,50741.4,23.79,21327.28
CUST05420,Isha Mhaske,10,31,213266.04,46272.65,21.7,21326.6
CUST05818,Neha Deshmukh,12,23,213100.81,42167.64,19.79,17758.4
CUST01031,Sneha Patil,12,32,213095.4,54081.13,25.38,17757.95
CUST02385,Isha Sharma,9,25,213072.94,40210.15,18.87,23674.77
CUST04840,Meera Shah,18,34,213069.39,45702.69,21.45,11837.19
CUST05347,Karan Kumar,10,23,213060.07,64620.15,30.33,21306.01
CUST05253,Ananya Shah,18,35,213051.0,51005.44,23.94,11836.17
CUST05349,Sneha Kumar,13,28,213034.69,55994.35,26.28,16387.28
CUST04377,Meera Mhaske,10,24,213031.25,47273.26,22.19,21303.13
CUST01937,Aditya Shah,12,26,212988.27,50489.27,23.71,17749.02
CUST04367,Rohan Patil,17,34,212979.4,52483.68,24.64,12528.2
CUST04240,Meera Shah,11,30,212959.45,59603.81,27.99,19359.95
CUST03301,Pooja Mehta,14,31,212835.01,56406.37,26.5,15202.5
CUST01545,Priya Kumar,14,35,212805.94,44078.08,20.71,15200.42
CUST03618,Neha Nair,13,32,212803.64,55451.18,26.06,16369.51
CUST05726,Sneha Sharma,15,30,212769.17,49834.52,23.42,14184.61
CUST00088,Rahul Sharma,14,28,212725.52,51605.81,24.26,15194.68
CUST05605,Arjun Gupta,12,31,212697.69,58162.92,27.35,17724.81
CUST05804,Pooja Joshi,9,30,212684.92,50987.82,23.97,23631.66
CUST05748,Meera Sharma,8,20,212575.82,60227.6,28.33,26571.98
CUST01604,Ananya Shah,14,25,212439.9,56255.76,26.48,15174.28
CUST03501,Karan Mehta,10,28,212334.59,53823.53,25.35,21233.46
CUST01006,Rohan Verma,14,34,212325.17,50030.55,23.56,15166.08
CUST02321,Arjun Gupta,10,27,212324.61,63837.79,30.07,21232.46
CUST02530,Amit Mehta,18,48,212302.98,49375.55,23.26,11794.61
CUST02175,Ananya Sharma,11,29,212262.44,60006.85,28.27,19296.59
CUST02602,Kavya Shah,10,22,212235.79,32949.51,15.52,21223.58
CUST03433,Meera Shah,12,22,212130.77,60312.82,28.43,17677.56
CUST02897,Karan Deshmukh,9,19,212120.01,62156.72,29.3,23568.89
CUST00222,Rahul Verma,8,23,212107.71,54756.21,25.82,26513.46
CUST04925,Rohan Shah,13,27,211931.21,41644.81,19.65,16302.4
CUST04096,Aarav Gupta,13,32,211919.44,44462.08,20.98,16301.5
CUST02434,Rohan Mehta,15,40,211890.22,53869.58,25.42,14126.01
CUST05212,Kavya Deshmukh,12,26,211883.27,50531.46,23.85,17656.94
CUST02463,Sneha Joshi,11,23,211796.64,56792.31,26.81,19254.24
CUST02575,Ananya Shah,9,24,211784.56,42273.13,19.96,23531.62
CUST01489,Arjun Mehta,12,29,211741.75,47639.37,22.5,17645.15
CUST03040,Amit Verma,12,31,211738.69,61905.99,29.24,17644.89
CUST04875,Sneha Joshi,11,23,211702.07,61638.31,29.12,19245.64
CUST02613,Sneha Mhaske,16,26,211666.19,55011.72,25.99,13229.14
CUST02703,Kavya Mhaske,14,27,211501.12,48396.13,22.88,15107.22
CUST01658,Meera Patil,13,25,211484.78,48418.67,22.89,16268.06
CUST03331,Kavya Nair,10,26,211483.03,49806.75,23.55,21148.3
CUST04484,Vivaan Shah,10,24,211472.42,58382.42,27.61,21147.24
CUST00605,Arjun Kumar,13,24,211422.37,45466.94,21.51,16263.26
CUST05626,Rahul Joshi,14,31,211377.91,59328.14,28.07,15098.42
CUST04831,Amit Shah,10,33,211352.95,48528.81,22.96,21135.29
CUST04372,Pooja Deshmukh,12,40,211333.23,59437.28,28.12,17611.1
CUST05747,Arjun Patil,10,24,211327.43,52207.4,24.7,21132.74
CUST02889,Amit Sharma,8,18,211314.62,61184.88,28.95,26414.33
CUST03901,Karan Kumar,14,28,211259.8,60933.31,28.84,15089.99
CUST04687,Neha Nair,14,23,211220.82,52182.43,24.71,15087.2
CUST05302,Vivaan Sharma,13,30,211118.13,53809.33,25.49,16239.86
CUST00799,Pooja Mhaske,12,31,211065.61,42814.87,20.29,17588.8
CUST05005,Rahul Verma,15,30,211033.53,55261.06,26.19,14068.9
CUST03657,Kavya Kumar,14,33,210954.82,44893.1,21.28,15068.2
CUST05387,Aarav Gupta,16,32,210897.59,59396.08,28.16,13181.1
CUST02624,Rahul Sharma,11,27,210880.6,52322.7,24.81,19170.96
CUST03852,Kavya Patil,12,27,210880.58,41728.5,19.79,17573.38
CUST05992,Rohan Mhaske,13,27,210804.0,45539.26,21.6,16215.69
CUST04755,Aditya Mehta,7,17,210796.14,50110.9,23.77,30113.73
CUST04793,Meera Mehta,12,30,210784.15,40674.76,19.3,17565.35
CUST00759,Pooja Mehta,11,28,210776.81,38584.09,18.31,19161.53
CUST04210,Aditya Sharma,13,27,210747.51,57376.48,27.23,16211.35
CUST03942,Rahul Mehta,9,21,210738.47,53236.97,25.26,23415.39
CUST02409,Pooja Singh,12,31,210681.88,52758.73,25.04,17556.82
CUST03231,Pooja Mhaske,11,27,210671.89,47796.25,22.69,19151.99
CUST05388,Aarav Sharma,8,22,210661.41,40901.77,19.42,26332.68
CUST03284,Aarav Singh,13,33,210622.96,39465.46,18.74,16201.77
CUST00707,Isha Patil,12,32,210575.96,58103.5,27.59,17548.0
CUST05727,Priya Joshi,10,25,210560.48,59939.63,28.47,21056.05
CUST00941,Arjun Gupta,14,26,210372.28,52711.04,25.06,15026.59
CUST01601,Isha Joshi,17,30,210234.3,47001.53,22.36,12366.72
CUST00889,Karan Kumar,11,32,210132.46,52997.67,25.22,19102.95
CUST04039,Aarav Nair,13,27,210091.24,39984.3,19.03,16160.86
CUST04315,Kavya Kumar,15,24,210079.91,44465.29,21.17,14005.33
CUST04169,Karan Mehta,9,23,210073.63,46055.72,21.92,23341.51
CUST01743,Rohan Patil,14,28,210073.51,50029.37,23.82,15005.25
CUST03633,Aarav Deshmukh,10,22,210046.97,48584.23,23.13,21004.7
CUST01237,Kavya Kumar,12,26,210003.72,49665.4,23.65,17500.31
CUST02595,Priya Mehta,13,33,209968.68,45822.77,21.82,16151.44
CUST00083,Kavya Kumar,13,26,209958.15,50352.71,23.98,16150.63
CUST00319,Neha Patil,11,22,209940.21,48775.82,23.23,19085.47
CUST03397,Isha Mehta,15,33,209922.66,55371.93,26.38,13994.84
CUST05606,Priya Deshmukh,8,16,209832.97,61187.94,29.16,26229.12
CUST02438,Karan Joshi,13,35,209808.66,46719.25,22.27,16139.13
CUST01898,Neha Mhaske,15,26,209651.24,50950.29,24.3,13976.75
CUST02702,Aditya Verma,16,33,209635.68,41387.68,19.74,13102.23
CUST01210,Kavya Verma,15,28,209633.81,52194.5,24.9,13975.59
CUST04064,Karan Patil,14,36,209621.01,44807.15,21.38,14972.93
CUST01349,Ananya Singh,17,39,209542.09,48600.29,23.19,12326.01
CUST05766,Priya Kumar,11,19,209540.56,48296.95,23.05,19049.14
CUST02150,Pooja Sharma,9,22,209502.75,50516.31,24.11,23278.08
CUST00097,Rohan Nair,12,34,209453.43,40243.77,19.21,17454.45
CUST00221,Amit Singh,13,36,209447.53,49724.22,23.74,16111.35
CUST02804,Priya Sharma,13,31,209355.08,54082.7,25.83,16104.24
CUST03763,Rohan Singh,10,31,209354.09,45983.74,21.96,20935.41
CUST04065,Rohan Deshmukh,15,34,209295.23,56022.95,26.77,13953.02
CUST05886,Sneha Shah,17,40,209212.1,56017.97,26.78,12306.59
CUST02488,Ananya Patil,11,26,209149.2,44920.68,21.48,19013.56
CUST01781,Aarav Kumar,13,33,209137.3,45809.73,21.9,16087.48
CUST03504,Arjun Gupta,13,26,209131.64,56787.91,27.15,16087.05
CUST03827,Rahul Mehta,10,24,209125.3,53517.42,25.59,20912.53
CUST05138,Pooja Shah,16,29,209027.95,55059.38,26.34,13064.25
CUST03071,Pooja Sharma,15,23,208985.54,55202.53,26.41,13932.37
CUST04641,Ananya Mhaske,14,30,208966.06,53845.78,25.77,14926.15
CUST02668,Rohan Mhaske,7,18,208939.15,57978.13,27.75,29848.45
CUST02083,Meera Gupta,13,28,208909.22,39794.26,19.05,16069.94
CUST00700,Aarav Singh,11,22,208890.9,57642.62,27.59,18990.08
CUST02166,Aarav Patil,11,25,208823.85,44265.04,21.2,18983.99
CUST03693,Amit Patil,13,34,208777.95,37296.48,17.86,16059.84
CUST03619,Neha Mehta,10,24,208666.15,44641.46,21.39,20866.61
CUST01550,Aarav Verma,11,32,208662.13,54864.7,26.29,18969.28
CUST01919,Meera Verma,11,30,208571.84,52263.36,25.06,18961.08
CUST01445,Kavya Mhaske,12,27,208563.05,51402.09,24.65,17380.25
CUST00529,Ananya Kumar,13,31,208549.57,52127.99,25.0,16042.27
CUST00895,Meera Gupta,14,36,208435.16,57020.72,27.36,14888.23
CUST00820,Karan Mhaske,12,28,208408.63,42362.84,20.33,17367.39
CUST04442,Neha Mehta,14,26,208400.06,38350.81,18.4,14885.72
CUST01622,Karan Nair,12,20,208313.48,55461.05,26.62,17359.46
CUST03420,Meera Shah,10,22,208274.79,42956.71,20.63,20827.48
CUST04582,Aarav Joshi,15,31,208266.2,45924.76,22.05,13884.41
CUST00954,Pooja Deshmukh,7,17,208179.56,53440.5,25.67,29739.94
CUST00443,Aditya Shah,12,38,208146.44,44887.64,21.57,17345.54
CUST05434,Amit Patil,16,31,208117.76,41191.98,19.79,13007.36
CUST00651,Karan Nair,8,24,208080.42,68742.34,33.04,26010.05
CUST01714,Rohan Deshmukh,11,34,208049.72,59038.94,28.38,18913.61
CUST05352,Amit Mhaske,12,27,208019.23,46156.16,22.19,17334.94
CUST01186,Ananya Joshi,15,31,207996.5,43699.42,21.01,13866.43
CUST05762,Ananya Mhaske,12,31,207991.88,47832.96,23.0,17332.66
CUST00344,Rohan Verma,9,23,207958.68,68660.65,33.02,23106.52
CUST02558,Vivaan Kumar,9,23,207935.27,48206.66,23.18,23103.92
CUST05575,Sneha Verma,11,24,207928.71,45607.72,21.93,18902.61
CUST05286,Sneha Joshi,15,33,207926.25,46983.76,22.6,13861.75
CUST03211,Meera Nair,13,26,207880.36,44794.22,21.55,15990.8
CUST04772,Rohan Nair,12,24,207846.32,55368.07,26.64,17320.53
CUST00714,Priya Nair,11,22,207832.95,55340.97,26.63,18893.9
CUST00699,Pooja Patil,11,25,207828.49,34360.47,16.53,18893.5
CUST02355,Rahul Patil,12,26,207815.9,43139.18,20.76,17317.99
CUST02017,Pooja Nair,12,22,207777.48,56008.18,26.96,17314.79
CUST00492,Priya Kumar,13,34,207773.69,63015.12,30.33,15982.59
CUST05102,Aarav Verma,13,24,207770.35,55568.16,26.74,15982.33
CUST04227,Amit Joshi,9,23,207651.74,64375.39,31.0,23072.42
CUST04991,Isha Nair,9,18,207635.09,47337.21,22.8,23070.57
CUST01007,Priya Joshi,12,31,207633.64,53522.25,25.78,17302.8
CUST04848,Ananya Sharma,9,20,207631.47,62875.3,30.28,23070.16
CUST04878,Sneha Kumar,11,26,207599.25,53409.17,25.73,18872.66
CUST04626,Aditya Verma,12,26,207516.14,62101.98,29.93,17293.01
CUST00057,Priya Mhaske,8,23,207494.49,50772.93,24.47,25936.81
CUST01654,Ananya Nair,8,20,207404.26,45978.4,22.17,25925.53
CUST02465,Pooja Mehta,15,28,207298.67,60859.3,29.36,13819.91
CUST05402,Arjun Kumar,13,27,207202.31,58755.72,28.36,15938.64
CUST03297,Arjun Joshi,12,22,207131.41,64406.7,31.09,17260.95
CUST02524,Aarav Sharma,13,27,207116.74,60751.18,29.33,15932.06
CUST04470,Aarav Patil,14,41,206998.67,62744.67,30.31,14785.62
CUST03421,Rohan Shah,12,21,206967.52,50634.59,24.46,17247.29
CUST04252,Isha Mehta,11,29,206945.25,59536.93,28.77,18813.2
CUST04496,Aarav Deshmukh,8,20,206908.53,49735.02,24.04,25863.57
CUST00280,Arjun Mhaske,9,19,206877.9,58148.44,28.11,22986.43
CUST05516,Kavya Mehta,13,26,206847.18,37880.86,18.31,15911.32
CUST03459,Amit Joshi,13,30,206842.15,50279.67,24.31,15910.93
CUST05159,Pooja Gupta,8,25,206838.7,55448.94,26.81,25854.84
CUST05466,Isha Kumar,13,27,206776.97,45343.1,21.93,15905.92
CUST05691,Pooja Sharma,12,25,206768.89,47578.33,23.01,17230.74
CUST03342,Vivaan Deshmukh,7,21,206767.95,59132.79,28.6,29538.28
CUST00928,Vivaan Deshmukh,12,31,206756.59,52221.28,25.26,17229.72
CUST00101,Rohan Gupta,14,23,206710.27,56944.26,27.55,14765.02
CUST03372,Rahul Deshmukh,10,29,206674.06,47228.92,22.85,20667.41
CUST03269,Pooja Joshi,13,24,206670.31,71742.95,34.71,15897.72
CUST01024,Rahul Kumar,12,29,206563.6,41338.33,20.01,17213.63
CUST01090,Vivaan Kumar,11,24,206543.54,53006.03,25.66,18776.69
CUST04507,Kavya Mhaske,13,25,206382.88,44203.07,21.42,15875.61
CUST05379,Sneha Mehta,13,27,206371.69,53328.9,25.84,15874.75
CUST00229,Neha Shah,13,30,206366.08,58930.48,28.56,15874.31
CUST00669,Rohan Shah,11,27,206238.14,43429.8,21.06,18748.92
CUST03712,Vivaan Shah,13,26,206236.35,54564.68,26.46,15864.33
CUST05273,Priya Deshmukh,12,26,206227.73,64521.03,31.29,17185.64
CUST02738,Karan Mhaske,10,26,206223.71,50086.72,24.29,20622.37
CUST03534,Pooja Verma,15,31,206214.42,58460.24,28.35,13747.63
CUST05757,Pooja Verma,12,28,206158.87,54702.97,26.53,17179.91
CUST04936,Rahul Joshi,15,30,206155.6,42444.79,20.59,13743.71
CUST03255,Vivaan Mhaske,14,27,206129.62,55705.92,27.02,14723.54
CUST00250,Rahul Sharma,8,19,206115.41,56004.67,27.17,25764.43
CUST03095,Ananya Shah,15,26,206106.03,44844.43,21.76,13740.4
CUST02880,Rohan Mehta,8,23,206030.33,39996.31,19.41,25753.79
CUST03401,Karan Shah,10,21,206010.22,55388.85,26.89,20601.02
CUST05880,Neha Singh,10,25,205997.11,59110.17,28.69,20599.71
CUST00056,Ananya Singh,12,31,205969.95,37198.38,18.06,17164.16
CUST05267,Sneha Patil,12,31,205927.54,48043.65,23.33,17160.63
CUST04320,Amit Joshi,11,31,205916.63,43685.33,21.22,18719.69
CUST05787,Vivaan Mhaske,12,26,205914.24,40905.46,19.87,17159.52
CUST05423,Amit Patil,11,25,205912.65,47070.37,22.86,18719.33
CUST03751,Neha Sharma,12,27,205904.07,63173.7,30.68,17158.67
CUST00408,Karan Nair,7,20,205870.79,50123.32,24.35,29410.11
CUST01556,Karan Joshi,9,22,205819.35,44367.24,21.56,22868.82
CUST02180,Kavya Shah,12,26,205791.82,58207.6,28.28,17149.32
CUST03593,Kavya Nair,10,24,205783.57,50437.03,24.51,20578.36
CUST02059,Amit Kumar,11,29,205711.9,43952.22,21.37,18701.08
CUST02288,Kavya Mhaske,11,30,205700.03,44346.95,21.56,18700.0
CUST02195,Karan Joshi,13,25,205664.6,59471.38,28.92,15820.35
CUST04962,Neha Gupta,12,29,205565.88,41305.02,20.09,17130.49
CUST00007,Karan Verma,10,22,205518.04,53651.95,26.11,20551.8
CUST02400,Sneha Mhaske,8,22,205513.31,34917.9,16.99,25689.16
CUST05285,Priya Mehta,12,26,205495.93,40915.2,19.91,17124.66
CUST03599,Aarav Shah,13,30,205475.32,49247.86,23.97,15805.79
CUST03373,Rahul Singh,14,38,205464.37,41511.39,20.2,14676.03
CUST00939,Sneha Patil,12,31,205405.15,50753.4,24.71,17117.1
CUST03629,Pooja Mhaske,11,28,205385.07,48806.35,23.76,18671.37
CUST02731,Amit Shah,8,18,205362.76,44626.54,21.73,25670.35
CUST02859,Ananya Singh,11,29,205234.56,48550.14,23.66,18657.69
CUST02696,Pooja Patil,11,22,205229.96,49309.54,24.03,18657.27
CUST04350,Aditya Sharma,11,31,205209.57,36098.78,17.59,18655.42
CUST01115,Sneha Sharma,13,27,205196.51,48854.13,23.81,15784.35
CUST01107,Amit Nair,8,26,205098.81,55709.54,27.16,25637.35
CUST00625,Kavya Sharma,12,24,205082.31,47145.76,22.99,17090.19
CUST01354,Pooja Nair,14,31,204977.52,40597.62,19.81,14641.25
CUST00678,Isha Mhaske,11,33,204956.83,54510.59,26.6,18632.44
CUST02769,Amit Kumar,11,29,204940.51,37153.52,18.13,18630.96
CUST03475,Kavya Sharma,15,28,204907.49,53106.95,25.92,13660.5
CUST03868,Vivaan Patil,11,36,204905.48,56267.88,27.46,18627.77
CUST03030,Neha Deshmukh,9,24,204857.51,60787.87,29.67,22761.95
CUST05700,Aditya Gupta,9,28,204849.82,65213.06,31.83,22761.09
CUST01655,Arjun Deshmukh,18,43,204845.63,43746.56,21.36,11380.31
CUST01554,Meera Patil,14,30,204844.09,55496.58,27.09,14631.72
CUST00133,Vivaan Deshmukh,14,33,204727.69,51628.21,25.22,14623.41
CUST03352,Aarav Sharma,11,28,204715.01,53731.67,26.25,18610.46
CUST04529,Rohan Mhaske,11,26,204706.93,34613.27,16.91,18609.72
CUST04808,Pooja Kumar,14,28,204689.58,45144.33,22.06,14620.68
CUST03458,Karan Mhaske,10,20,204639.15,61561.85,30.08,20463.92
CUST02865,Amit Shah,13,29,204619.34,49795.83,24.34,15739.95
CUST02295,Rahul Mehta,16,31,204607.64,49773.02,24.33,12787.98
CUST01661,Priya Kumar,12,28,204566.04,48436.32,23.68,17047.17
CUST05177,Neha Gupta,14,36,204565.62,47734.05,23.33,14611.83
CUST02286,Kavya Shah,11,26,204558.94,54217.01,26.5,18596.27
CUST01032,Meera Verma,12,29,204549.09,40118.19,19.61,17045.76
CUST02551,Isha Deshmukh,13,30,204545.52,44254.91,21.64,15734.27
CUST01957,Priya Singh,11,27,204539.32,33387.09,16.32,18594.48
CUST05174,Sneha Shah,11,25,204515.72,66733.04,32.63,18592.34
CUST04202,Rohan Shah,13,32,204465.86,47590.92,23.28,15728.14
CUST01947,Aarav Shah,11,20,204379.15,46519.58,22.76,18579.92
CUST05625,Pooja Sharma,12,25,204359.58,50441.18,24.68,17029.97
CUST00128,Arjun Patil,9,26,204338.55,53785.7,26.32,22704.28
CUST03889,Karan Sharma,11,32,204272.54,58662.23,28.72,18570.23
CUST01156,Sneha Sharma,16,37,204241.49,39231.52,19.21,12765.09
CUST00602,Amit Deshmukh,11,27,204206.16,57224.37,28.02,18564.2
CUST00220,Karan Patil,13,24,204200.5,43675.1,21.39,15707.73
CUST04890,Pooja Nair,16,28,204168.97,37414.98,18.33,12760.56
CUST00840,Sneha Singh,12,26,204106.05,47790.2,23.41,17008.84
CUST05509,Meera Shah,8,25,204101.98,55831.49,27.35,25512.75
CUST03962,Ananya Deshmukh,12,24,204094.96,39975.4,19.59,17007.91
CUST00572,Karan Kumar,8,20,204088.01,72315.34,35.43,25511.0
CUST04434,Rohan Mhaske,12,27,204065.57,37243.05,18.25,17005.46
CUST03327,Karan Mhaske,10,27,204052.84,42873.98,21.01,20405.28
CUST04905,Karan Kumar,14,32,204045.01,56944.76,27.91,14574.64
CUST02275,Rahul Sharma,10,19,204022.21,45882.4,22.49,20402.22
CUST04816,Vivaan Verma,13,35,204015.98,45863.02,22.48,15693.54
CUST03304,Kavya Verma,12,28,203976.64,37665.5,18.47,16998.05
CUST02536,Isha Verma,15,40,203950.81,44492.23,21.82,13596.72
CUST05149,Isha Verma,10,26,203949.4,59884.63,29.36,20394.94
CUST00242,Isha Joshi,7,22,203811.37,35177.0,17.26,29115.91
CUST01918,Kavya Nair,9,25,203802.17,59222.63,29.06,22644.69
CUST04396,Aarav Mehta,10,40,203746.48,46047.22,22.6,20374.65
CUST00728,Amit Nair,12,22,203722.13,55262.84,27.13,16976.84
CUST05934,Vivaan Sharma,13,23,203654.59,53061.18,26.05,15665.74
CUST03306,Sneha Deshmukh,13,30,203604.99,35101.36,17.24,15661.92
CUST03667,Pooja Joshi,13,24,203551.02,50899.76,25.01,15657.77
CUST03165,Kavya Singh,12,26,203488.3,41690.89,20.49,16957.36
CUST02929,Amit Joshi,8,29,203470.99,48666.71,23.92,25433.87
CUST04147,Pooja Gupta,13,23,203436.14,51417.7,25.27,15648.93
CUST00484,Isha Shah,12,27,203416.4,63744.61,31.34,16951.37
CUST05819,Sneha Shah,14,37,203415.45,40119.31,19.72,14529.68
CUST01755,Ananya Kumar,10,20,203406.83,57334.27,28.19,20340.68
CUST03243,Isha Patil,12,32,203382.23,44138.77,21.7,16948.52
CUST05552,Meera Verma,14,33,203364.64,59007.71,29.02,14526.05
CUST05611,Rohan Mehta,13,27,203252.75,36888.08,18.15,15634.83
CUST05799,Vivaan Kumar,15,34,203239.84,49367.27,24.29,13549.32
CUST05276,Karan Mhaske,11,27,203236.26,52336.22,25.75,18476.02
CUST02102,Rohan Joshi,10,30,203200.73,33657.78,16.56,20320.07
CUST04773,Amit Sharma,13,29,203179.8,51716.95,25.45,15629.22
CUST01209,Arjun Singh,16,34,203142.45,35504.67,17.48,12696.4
CUST01544,Ananya Kumar,10,22,203069.59,53380.41,26.29,20306.96
CUST01321,Ananya Shah,11,24,203050.13,52750.78,25.98,18459.1
CUST03540,Sneha Deshmukh,9,28,203003.9,40697.92,20.05,22555.99
CUST02552,Ananya Sharma,12,35,202995.81,52426.66,25.83,16916.32
CUST05239,Vivaan Patil,13,33,202994.8,40793.52,20.1,15614.98
CUST01896,Meera Patil,16,29,202966.26,36711.86,18.09,12685.39
CUST00698,Kavya Joshi,11,25,202954.0,56202.39,27.69,18450.36
CUST02132,Kavya Deshmukh,13,23,202947.56,48960.82,24.12,15611.35
CUST02989,Rahul Singh,17,30,202882.16,47330.23,23.33,11934.24
CUST01369,Neha Kumar,9,27,202878.85,47115.31,23.22,22542.09
CUST03087,Meera Mehta,10,26,202828.84,51253.22,25.27,20282.88
CUST03115,Arjun Mhaske,16,30,202781.57,34456.54,16.99,12673.85
CUST00982,Rahul Mehta,11,26,202673.68,56261.28,27.76,18424.88
CUST03354,Pooja Singh,11,26,202642.12,43184.79,21.31,18422.01
CUST04387,Rahul Kumar,10,30,202553.7,65478.02,32.33,20255.37
CUST02040,Vivaan Deshmukh,11,28,202449.63,46866.91,23.15,18404.51
CUST04002,Meera Joshi,8,19,202336.67,55113.15,27.24,25292.08
CUST04278,Karan Kumar,10,30,202322.28,51065.36,25.24,20232.23
CUST03919,Meera Deshmukh,7,20,202268.18,60780.68,30.05,28895.45
CUST03018,Aditya Kumar,14,35,202245.69,51480.88,25.45,14446.12
CUST02035,Aarav Joshi,8,27,202218.47,56976.99,28.18,25277.31
CUST03287,Arjun Patil,12,30,202216.05,50752.25,25.1,16851.34
CUST00021,Aditya Mehta,15,33,202116.65,43883.02,21.71,13474.44
CUST05132,Rohan Gupta,13,29,202068.82,43536.91,21.55,15543.76
CUST02074,Sneha Mehta,18,28,202050.93,55474.75,27.46,11225.05
CUST02169,Sneha Kumar,12,25,202020.52,43152.72,21.36,16835.04
CUST04519,Pooja Mehta,10,25,201997.51,50397.53,24.95,20199.75
CUST02348,Aarav Deshmukh,15,29,201841.86,38795.92,19.22,13456.12
CUST05374,Ananya Sharma,11,27,201835.14,50176.69,24.86,18348.65
CUST01984,Aditya Joshi,16,31,201833.34,58773.97,29.12,12614.58
CUST02152,Pooja Gupta,16,33,201781.84,62490.5,30.97,12611.36
CUST04898,Amit Deshmukh,9,29,201772.91,42682.53,21.15,22419.21
CUST02085,Rahul Nair,15,36,201719.31,42646.47,21.14,13447.95
CUST00409,Pooja Shah,14,37,201710.07,46834.7,23.22,14407.86
CUST04117,Amit Deshmukh,13,23,201709.74,45956.49,22.78,15516.13
CUST00910,Aditya Mehta,16,28,201686.31,47651.6,23.63,12605.39
CUST03338,Isha Kumar,11,26,201683.75,41011.64,20.33,18334.89
CUST04814,Isha Verma,12,25,201675.85,54212.7,26.88,16806.32
CUST00313,Karan Nair,11,28,201675.42,51432.4,25.5,18334.13
CUST05092,Isha Gupta,10,23,201569.14,58205.67,28.88,20156.91
CUST03313,Ananya Mhaske,14,28,201554.64,49417.29,24.52,14396.76
CUST03891,Vivaan Nair,15,33,201462.64,50181.66,24.91,13430.84
CUST02491,Amit Gupta,9,19,201452.86,60066.37,29.82,22383.65
CUST05550,Neha Mhaske,15,35,201435.03,51573.48,25.6,13429.0
CUST05134,Neha Verma,12,30,201431.46,29240.81,14.52,16785.95
CUST03404,Isha Shah,11,34,201415.59,51334.57,25.49,18310.51
CUST05451,Karan Patil,9,29,201349.41,53910.31,26.77,22372.16
CUST01078,Kavya Mehta,9,24,201291.15,73484.69,36.51,22365.68
CUST00704,Kavya Sharma,11,30,201288.02,30299.05,15.05,18298.91
CUST00907,Amit Nair,13,23,201269.01,46872.81,23.29,15482.23
CUST00539,Meera Singh,9,29,201257.84,58057.5,28.85,22361.98
CUST03133,Aarav Shah,12,26,201169.52,51605.11,25.65,16764.13
CUST03936,Aditya Joshi,14,29,201159.94,39447.56,19.61,14368.57
CUST04841,Aditya Kumar,13,26,201104.67,52223.19,25.97,15469.59
CUST05216,Vivaan Kumar,8,26,201098.35,27754.97,13.8,25137.29
CUST00890,Neha Mehta,12,28,201008.06,61534.99,30.61,16750.67
CUST02980,Rohan Joshi,16,31,200929.96,48553.52,24.16,12558.12
CUST05655,Arjun Mhaske,15,32,200916.3,48040.07,23.91,13394.42
CUST03812,Neha Joshi,13,28,200813.89,51676.22,25.73,15447.22
CUST00534,Ananya Singh,12,23,200783.23,45890.42,22.86,16731.94
CUST03022,Aarav Deshmukh,13,32,200776.76,52172.64,25.99,15444.37
CUST04971,Aarav Joshi,14,34,200769.76,51489.05,25.65,14340.7
CUST05891,Meera Shah,14,29,200748.01,33709.56,16.79,14339.14
CUST04745,Amit Verma,11,26,200726.92,49311.81,24.57,18247.9
CUST02779,Rohan Nair,13,26,200719.24,41342.12,20.6,15439.94
CUST00166,Sneha Deshmukh,11,31,200649.55,61918.91,30.86,18240.87
CUST04187,Vivaan Nair,14,28,200615.91,48489.44,24.17,14329.71
CUST02356,Amit Mhaske,9,31,200615.46,16375.52,8.16,22290.61
CUST02543,Sneha Shah,15,33,200606.94,44903.66,22.38,13373.8
CUST05541,Neha Sharma,16,29,200599.54,45171.83,22.52,12537.47
CUST02218,Meera Singh,12,28,200587.46,51164.66,25.51,16715.62
CUST03468,Pooja Sharma,9,25,200571.82,44347.83,22.11,22285.76
CUST03068,Kavya Verma,9,28,200470.78,31290.88,15.61,22274.53
CUST00322,Ananya Singh,12,29,200459.65,39831.26,19.87,16704.97
CUST02693,Amit Mehta,12,23,200446.94,49299.26,24.59,16703.91
CUST03162,Meera Joshi,12,22,200423.75,51380.11,25.64,16701.98
CUST02421,Rahul Sharma,11,24,200365.87,62402.69,31.14,18215.08
CUST04040,Rahul Mehta,9,24,200274.15,42922.87,21.43,22252.68
CUST00546,Isha Nair,11,27,200271.87,51079.56,25.51,18206.53
CUST03802,Rohan Joshi,13,25,200238.01,41965.29,20.96,15402.92
CUST03699,Ananya Deshmukh,15,26,200164.39,43251.18,21.61,13344.29
CUST00777,Rahul Mehta,14,29,200036.45,43455.51,21.72,14288.32
CUST00441,Neha Sharma,9,26,200021.15,49550.03,24.77,22224.57
CUST04110,Rahul Joshi,13,32,200003.21,52153.93,26.08,15384.86
CUST04010,Vivaan Singh,11,21,199935.4,58042.0,29.03,18175.95
CUST04664,Karan Deshmukh,11,21,199917.95,43298.33,21.66,18174.36
CUST00468,Isha Singh,10,29,199804.52,50606.7,25.33,19980.45
CUST01824,Neha Mhaske,16,28,199768.33,52454.83,26.26,12485.52
CUST04741,Meera Verma,13,25,199758.73,51721.15,25.89,15366.06
CUST03820,Priya Singh,18,34,199731.68,38676.58,19.36,11096.2
CUST01112,Neha Mhaske,11,22,199725.81,43411.0,21.74,18156.89
CUST01865,Aarav Nair,14,28,199724.2,44153.64,22.11,14266.01
CUST05861,Vivaan Gupta,10,23,199672.01,59458.1,29.78,19967.2
CUST02605,Vivaan Joshi,15,30,199660.61,44599.92,22.34,13310.71
CUST04740,Aditya Mehta,13,35,199638.37,45631.68,22.86,15356.8
CUST05689,Kavya Sharma,12,28,199577.8,49828.25,24.97,16631.48
CUST00505,Isha Verma,15,29,199569.96,47960.54,24.03,13304.66
CUST04343,Isha Sharma,16,23,199565.1,44262.02,22.18,12472.82
CUST01727,Rahul Gupta,12,22,199537.15,57838.04,28.99,16628.1
CUST04333,Meera Mehta,12,24,199461.02,40794.48,20.45,16621.75
CUST00688,Pooja Gupta,12,24,199400.93,39760.04,19.94,16616.74
CUST03559,Aarav Gupta,10,26,199396.69,46739.63,23.44,19939.67
CUST02665,Sneha Kumar,11,31,199395.69,53545.56,26.85,18126.88
CUST03721,Neha Joshi,14,31,199376.9,56234.52,28.21,14241.21
CUST01468,Meera Kumar,8,20,199363.46,54963.81,27.57,24920.43
CUST03238,Aarav Mhaske,15,26,199322.89,42647.36,21.4,13288.19
CUST01177,Arjun Verma,10,24,199318.43,47243.64,23.7,19931.84
CUST00957,Pooja Deshmukh,13,25,199285.65,49368.67,24.77,15329.67
CUST02082,Sneha Deshmukh,11,29,199254.59,42246.86,21.2,18114.05
CUST04799,Neha Singh,12,29,199247.38,37439.49,18.79,16603.95
CUST05665,Rohan Patil,14,28,199221.45,49878.36,25.04,14230.1
CUST02533,Ananya Deshmukh,8,18,199218.08,46843.93,23.51,24902.26
CUST04364,Amit Nair,11,29,199215.45,38679.61,19.42,18110.5
CUST00732,Rohan Mehta,13,25,199167.81,48786.38,24.5,15320.6
CUST00368,Priya Kumar,10,23,199163.44,38262.16,19.21,19916.34
CUST00486,Kavya Kumar,10,26,199159.96,41866.23,21.02,19916.0
CUST01656,Karan Nair,12,30,199144.68,50326.84,25.27,16595.39
CUST03923,Ananya Mehta,13,30,199136.05,38039.39,19.1,15318.16
CUST01885,Karan Mhaske,14,27,199092.67,46675.09,23.44,14220.91
CUST02190,Rahul Shah,13,27,199090.95,49300.58,24.76,15314.69
CUST04121,Vivaan Shah,9,25,199061.74,54338.12,27.3,22117.97
CUST01616,Meera Patil,14,29,198986.45,40379.66,20.29,14213.32
CUST02044,Aarav Gupta,9,26,198975.72,56046.97,28.17,22108.41
CUST04851,Kavya Deshmukh,11,31,198956.32,48355.66,24.3,18086.94
CUST04553,Rahul Gupta,11,23,198937.9,48949.02,24.61,18085.26
CUST03835,Rohan Gupta,12,37,198846.28,62077.97,31.22,16570.52
CUST05038,Arjun Sharma,12,26,198784.98,46451.28,23.37,16565.42
CUST01399,Rahul Sharma,9,17,198734.02,57668.97,29.02,22081.56
CUST01260,Kavya Sharma,13,29,198701.76,50350.65,25.34,15284.75
CUST02267,Priya Kumar,11,24,198691.63,49665.7,25.0,18062.88
CUST03514,Isha Mhaske,12,21,198655.79,39261.02,19.76,16554.65
CUST02647,Sneha Joshi,15,34,198618.74,45777.47,23.05,13241.25
CUST00624,Amit Patil,16,34,198605.14,48499.76,24.42,12412.82
CUST04815,Pooja Gupta,13,34,198601.58,57808.74,29.11,15277.04
CUST00978,Neha Sharma,9,26,198569.36,44447.96,22.38,22063.26
CUST04448,Aditya Joshi,17,41,198557.79,42580.01,21.44,11679.87
CUST03048,Aditya Sharma,13,30,198544.52,43236.21,21.78,15272.66
CUST02264,Ananya Patil,15,44,198526.78,50869.05,25.62,13235.12
CUST02087,Sneha Mhaske,12,26,198506.99,55901.7,28.16,16542.25
CUST02196,Amit Gupta,10,23,198271.7,33821.16,17.06,19827.17
CUST03097,Vivaan Shah,12,26,198257.11,59287.26,29.9,16521.43
CUST02864,Vivaan Gupta,13,22,198233.69,47229.31,23.83,15248.75
CUST02572,Neha Joshi,8,26,198207.5,52696.07,26.59,24775.94
CUST01908,Amit Shah,9,20,198168.53,51567.16,26.02,22018.73
CUST05511,Aarav Gupta,9,21,198161.41,53599.01,27.05,22017.93
CUST01568,Aarav Deshmukh,12,26,198112.56,49427.22,24.95,16509.38
CUST03487,Arjun Kumar,13,19,198062.36,52433.24,26.47,15235.57
CUST02372,Meera Deshmukh,16,33,197834.11,42211.75,21.34,12364.63
CUST04460,Pooja Shah,13,28,197767.95,52967.98,26.78,15212.92
CUST01972,Karan Verma,12,27,197715.49,47700.29,24.13,16476.29
CUST03502,Rohan Gupta,9,27,197614.92,51186.03,25.9,21957.21
CUST01763,Isha Kumar,13,32,197583.8,38026.09,19.25,15198.75
CUST01370,Rahul Singh,6,19,197558.84,46673.08,23.62,32926.47
CUST04463,Aarav Mhaske,12,24,197540.59,60632.92,30.69,16461.72
CUST00323,Aditya Kumar,10,25,197540.0,40616.71,20.56,19754.0
CUST05398,Pooja Kumar,12,22,197514.16,43865.0,22.21,16459.51
CUST04128,Pooja Deshmukh,10,28,197434.58,41324.35,20.93,19743.46
CUST05279,Pooja Nair,12,25,197431.48,25821.81,13.08,16452.62
CUST02096,Priya Singh,6,19,197412.29,67840.3,34.36,32902.05
CUST03562,Sneha Sharma,14,27,197404.6,51369.8,26.02,14100.33
CUST05576,Karan Singh,12,28,197401.25,48942.31,24.79,16450.1
CUST02178,Isha Mhaske,15,42,197339.84,47227.94,23.93,13155.99
CUST00780,Neha Verma,10,21,197274.86,51888.04,26.3,19727.49
CUST03882,Vivaan Joshi,11,32,197270.06,48645.78,24.66,17933.64
CUST05582,Arjun Kumar,13,27,197264.7,48178.67,24.42,15174.21
CUST01205,Vivaan Verma,11,24,197176.04,34018.53,17.25,17925.09
CUST04622,Sneha Patil,9,19,197134.82,52237.97,26.5,21903.87
CUST01581,Pooja Nair,13,28,197121.29,38779.25,19.67,15163.18
CUST04858,Amit Singh,11,24,197120.76,60727.41,30.81,17920.07
CUST04723,Aditya Verma,16,28,197115.24,38353.09,19.46,12319.7
CUST03737,Priya Mhaske,16,36,197090.91,27811.69,14.11,12318.18
CUST00667,Meera Sharma,15,29,197066.07,39114.73,19.85,13137.74
CUST02745,Amit Mehta,13,30,197062.87,43933.89,22.29,15158.68
CUST03688,Aarav Patil,16,36,196990.09,47830.61,24.28,12311.88
CUST02310,Aditya Gupta,11,29,196979.14,38981.86,19.79,17907.19
CUST02842,Pooja Mehta,10,30,196961.18,44731.45,22.71,19696.12
CUST00646,Pooja Verma,13,30,196944.1,63223.11,32.1,15149.55
CUST05377,Ananya Singh,12,25,196892.39,43922.8,22.31,16407.7
CUST01025,Aditya Mehta,16,27,196892.14,47903.33,24.33,12305.76
CUST05887,Vivaan Mhaske,13,31,196857.39,49429.69,25.11,15142.88
CUST05169,Pooja Joshi,13,33,196846.57,53884.67,27.37,15142.04
CUST04606,Aarav Kumar,11,29,196813.55,58624.01,29.79,17892.14
CUST02008,Aarav Deshmukh,10,29,196775.92,39856.46,20.25,19677.59
CUST05120,Arjun Shah,12,28,196748.77,52543.57,26.71,16395.73
CUST00251,Aditya Sharma,12,27,196735.19,46733.93,23.75,16394.6
CUST01305,Isha Singh,13,30,196700.72,36370.28,18.49,15130.82
CUST05840,Rahul Joshi,13,30,196650.49,45156.64,22.96,15126.96
CUST03749,Karan Gupta,15,32,196639.05,44971.26,22.87,13109.27
CUST00893,Ananya Mhaske,11,23,196580.74,41705.03,21.22,17870.98
CUST00118,Karan Sharma,13,30,196570.94,46794.12,23.81,15120.84
CUST02272,Ananya Mhaske,9,27,196559.91,49032.12,24.95,21839.99
CUST01446,Pooja Patil,12,30,196548.27,37278.27,18.97,16379.02
CUST03447,Sneha Mehta,14,33,196498.88,41171.17,20.95,14035.63
CUST04523,Amit Deshmukh,8,29,196487.52,53168.43,27.06,24560.94
CUST01913,Sneha Patil,13,29,196406.09,43560.31,22.18,15108.16
CUST00767,Sneha Kumar,14,32,196314.06,44518.96,22.68,14022.43
CUST02936,Ananya Singh,9,28,196269.81,43567.94,22.2,21807.76
CUST05600,Kavya Shah,11,25,196249.56,42897.47,21.86,17840.87
CUST00627,Rahul Nair,9,26,196239.0,49947.85,25.45,21804.33
CUST03870,Neha Mhaske,14,32,196192.1,43994.12,22.42,14013.72
CUST03493,Aarav Shah,13,35,196163.57,43554.6,22.2,15089.51
CUST02631,Rohan Shah,13,38,196127.48,43731.52,22.3,15086.73
CUST01626,Sneha Joshi,11,30,196121.04,38724.2,19.75,17829.19
CUST04994,Arjun Gupta,11,26,196106.77,45149.66,23.02,17827.89
CUST01116,Aarav Kumar,12,34,195974.97,48012.08,24.5,16331.25
CUST04420,Priya Kumar,13,37,195958.4,44184.15,22.55,15073.72
CUST01974,Priya Deshmukh,14,29,195945.18,41673.4,21.27,13996.08
CUST02116,Aarav Verma,10,24,195916.2,47467.66,24.23,19591.62
CUST00735,Kavya Sharma,14,35,195896.89,43052.81,21.98,13992.64
CUST01774,Meera Singh,4,14,195856.39,63194.62,32.27,48964.1
CUST03175,Priya Nair,10,28,195810.01,60318.56,30.8,19581.0
CUST05888,Pooja Deshmukh,10,30,195736.87,47940.48,24.49,19573.69
CUST03399,Vivaan Mhaske,15,23,195716.78,50214.46,25.66,13047.79
CUST04739,Rohan Deshmukh,11,25,195675.0,62727.91,32.06,17788.64
CUST05118,Amit Shah,13,31,195674.53,38136.04,19.49,15051.89
CUST00439,Sneha Singh,15,29,195657.24,45818.78,23.42,13043.82
CUST01903,Arjun Gupta,13,37,195653.63,58103.24,29.7,15050.28
CUST01364,Meera Mehta,10,20,195652.87,58912.89,30.11,19565.29
CUST03779,Aditya Mhaske,10,19,195634.41,44056.35,22.52,19563.44
CUST03026,Aditya Sharma,10,23,195632.73,58255.19,29.78,19563.27
CUST03623,Sneha Mhaske,11,19,195627.57,50024.26,25.57,17784.32
CUST02239,Aarav Kumar,12,29,195615.74,46768.06,23.91,16301.31
CUST02234,Pooja Verma,11,24,195546.67,55380.88,28.32,17776.97
CUST03916,Isha Mehta,10,26,195526.67,54802.21,28.03,19552.67
CUST00330,Kavya Mehta,16,28,195499.78,52447.66,26.83,12218.74
CUST01158,Kavya Kumar,12,30,195459.11,46933.6,24.01,16288.26
CUST01950,Arjun Patil,7,19,195433.49,49302.39,25.23,27919.07
CUST03798,Karan Patil,9,26,195428.34,41358.4,21.16,21714.26
CUST04837,Kavya Verma,9,23,195380.23,49493.0,25.33,21708.91
CUST00842,Aditya Singh,9,16,195367.62,63215.14,32.36,21707.51
CUST03696,Karan Mehta,10,32,195345.14,54916.73,28.11,19534.51
CUST03043,Isha Kumar,14,33,195325.04,48779.25,24.97,13951.79
CUST00568,Aarav Mehta,12,23,195264.55,46281.89,23.7,16272.05
CUST04930,Pooja Patil,14,27,195186.75,51024.74,26.14,13941.91
CUST03123,Aditya Nair,15,26,195133.15,46120.11,23.64,13008.88
CUST00063,Kavya Deshmukh,13,24,195131.44,45219.18,23.17,15010.11
CUST04975,Aarav Shah,13,28,195127.68,31265.04,16.02,15009.82
CUST02425,Vivaan Mehta,10,19,195122.42,45232.82,23.18,19512.24
CUST00164,Priya Kumar,13,30,195112.92,48020.53,24.61,15008.69
CUST02576,Pooja Gupta,8,25,195042.63,48157.56,24.69,24380.33
CUST02958,Aditya Gupta,12,23,195001.67,39788.88,20.4,16250.14
CUST04125,Arjun Mhaske,13,23,194981.28,54550.66,27.98,14998.56
CUST03767,Sneha Mhaske,11,21,194980.85,54696.04,28.05,17725.53
CUST05998,Karan Kumar,16,36,194970.47,44390.89,22.77,12185.65
CUST01447,Isha Verma,10,28,194948.35,41719.88,21.4,19494.83
CUST05639,Neha Verma,11,21,194929.16,62970.01,32.3,17720.83
CUST01875,Vivaan Mehta,11,25,194905.34,56632.99,29.06,17718.67
CUST00547,Rahul Singh,17,40,194791.63,47110.29,24.18,11458.33
CUST01793,Kavya Nair,11,26,194785.7,44985.94,23.1,17707.79
CUST03226,Isha Patil,10,24,194735.72,54119.6,27.79,19473.57
CUST04694,Rohan Deshmukh,12,31,194626.52,51757.82,26.59,16218.88
CUST04637,Aditya Singh,14,29,194617.36,33768.16,17.35,13901.24
CUST05261,Neha Nair,11,25,194585.76,32067.83,16.48,17689.61
CUST01315,Neha Sharma,11,30,194572.64,56611.51,29.1,17688.42
CUST01511,Pooja Deshmukh,14,31,194482.91,50516.61,25.97,13891.64
CUST04421,Ananya Joshi,15,25,194464.28,45847.45,23.58,12964.29
CUST00988,Kavya Mehta,13,23,194445.41,37102.02,19.08,14957.34
CUST00935,Arjun Sharma,10,24,194419.81,56445.55,29.03,19441.98
CUST05969,Rohan Singh,12,30,194413.65,46960.65,24.16,16201.14
CUST02655,Meera Nair,10,17,194407.12,51880.42,26.69,19440.71
CUST02890,Rohan Patil,10,20,194398.76,54855.24,28.22,19439.88
CUST03308,Kavya Verma,11,25,194375.77,53289.2,27.42,17670.52
CUST03325,Aditya Deshmukh,12,23,194371.36,48483.56,24.94,16197.61
CUST00506,Sneha Kumar,12,29,194326.37,42891.94,22.07,16193.86
CUST05031,Kavya Sharma,16,39,194311.9,45774.92,23.56,12144.49
CUST02130,Rohan Deshmukh,11,32,194213.4,59485.09,30.63,17655.76
CUST04877,Isha Mhaske,11,19,194152.1,57094.59,29.41,17650.19
CUST05222,Pooja Shah,8,21,194109.22,34699.41,17.88,24263.65
CUST03963,Priya Mehta,11,20,194104.54,38293.26,19.73,17645.87
CUST05303,Arjun Singh,11,26,194084.24,48899.54,25.2,17644.02
CUST04590,Isha Mhaske,17,33,194040.41,48317.61,24.9,11414.14
CUST01969,Rahul Nair,14,24,194027.77,46452.63,23.94,13859.13
CUST02924,Pooja Sharma,11,29,193993.13,30172.78,15.55,17635.74
CUST05777,Sneha Joshi,7,20,193991.43,42254.03,21.78,27713.06
CUST00046,Pooja Patil,13,30,193989.06,38571.99,19.88,14922.24
CUST05504,Priya Shah,11,23,193748.11,55757.85,28.78,17613.46
CUST05988,Priya Singh,11,32,193744.45,51457.44,26.56,17613.13
CUST04271,Aditya Mehta,8,17,193630.71,43341.37,22.38,24203.84
CUST05167,Ananya Kumar,12,29,193624.03,58917.78,30.43,16135.34
CUST00706,Arjun Mehta,14,34,193612.49,48814.33,25.21,13829.46
CUST04607,Karan Mhaske,7,21,193525.37,51119.44,26.41,27646.48
CUST00969,Neha Mhaske,14,22,193519.39,40323.2,20.84,13822.81
CUST05696,Vivaan Kumar,17,32,193478.47,40671.72,21.02,11381.09
CUST05839,Meera Verma,10,24,193388.97,49295.71,25.49,19338.9
CUST02622,Arjun Nair,11,29,193380.89,49571.03,25.63,17580.08
CUST01165,Aditya Gupta,11,28,193345.47,54747.84,28.32,17576.86
CUST04241,Arjun Patil,13,23,193252.0,49236.37,25.48,14865.54
CUST01682,Neha Nair,12,23,193195.67,38154.92,19.75,16099.64
CUST05141,Vivaan Kumar,15,33,193108.14,41247.09,21.36,12873.88
CUST05382,Rohan Verma,12,23,193099.21,52951.39,27.42,16091.6
CUST04214,Ananya Kumar,10,20,193022.92,49406.84,25.6,19302.29
CUST03450,Rahul Verma,11,26,192967.77,48387.71,25.08,17542.52
CUST04074,Priya Gupta,10,28,192918.94,40127.92,20.8,19291.89
CUST05428,Aditya Nair,9,19,192910.75,63381.88,32.86,21434.53
CUST03482,Vivaan Kumar,11,22,192788.99,46376.91,24.06,17526.27
CUST03809,Kavya Verma,11,25,192781.7,48846.47,25.34,17525.61
CUST02597,Aditya Verma,11,29,192747.69,49673.25,25.77,17522.52
CUST04644,Karan Joshi,10,22,192737.45,45089.73,23.39,19273.75
CUST02253,Neha Deshmukh,10,20,192733.42,50347.4,26.12,19273.34
CUST02259,Pooja Verma,12,27,192726.28,55550.36,28.82,16060.52
CUST00663,Isha Verma,10,25,192710.29,42988.9,22.31,19271.03
CUST00791,Rahul Nair,10,29,192680.68,49384.41,25.63,19268.07
CUST03396,Aditya Deshmukh,15,25,192620.39,31838.17,16.53,12841.36
CUST05328,Rahul Gupta,13,29,192612.5,40306.43,20.93,14816.35
CUST03558,Meera Kumar,13,26,192517.34,55062.17,28.6,14809.03
CUST04127,Rahul Joshi,13,29,192501.14,35396.74,18.39,14807.78
CUST00268,Aarav Singh,16,32,192454.28,48779.61,25.35,12028.39
CUST00864,Aditya Kumar,8,23,192382.1,48546.51,25.23,24047.76
CUST04164,Neha Shah,15,38,192376.62,45280.45,23.54,12825.11
CUST01897,Aditya Joshi,12,21,192312.0,43459.2,22.6,16026.0
CUST03641,Priya Kumar,9,22,192295.01,35496.08,18.46,21366.11
CUST04956,Neha Gupta,11,27,192292.37,45554.79,23.69,17481.12
CUST05194,Aditya Mhaske,8,20,192270.72,42943.06,22.33,24033.84
CUST00517,Kavya Gupta,9,25,192270.36,50295.91,26.16,21363.37
CUST01699,Meera Shah,10,25,192263.23,43884.18,22.83,19226.32
CUST02364,Amit Deshmukh,14,27,192236.42,48918.14,25.45,13731.17
CUST05536,Kavya Joshi,13,38,192203.13,35420.59,18.43,14784.86
CUST05569,Priya Mehta,9,19,192178.81,54232.71,28.22,21353.2
CUST01201,Aarav Mehta,12,30,192167.73,51690.42,26.9,16013.98
CUST02679,Meera Verma,8,21,192153.4,43535.45,22.66,24019.17
CUST01914,Priya Joshi,12,22,192085.5,43206.47,22.49,16007.13
CUST01881,Isha Mhaske,14,28,191792.9,40759.87,21.25,13699.49
CUST05955,Aarav Mehta,13,26,191788.2,49085.1,25.59,14752.94
CUST01423,Aarav Joshi,9,21,191665.58,45035.82,23.5,21296.18
CUST03930,Pooja Kumar,14,35,191597.81,54349.71,28.37,13685.56
CUST02860,Meera Shah,9,21,191495.51,49802.1,26.01,21277.28
CUST04101,Kavya Mhaske,14,33,191412.5,40208.6,21.01,13672.32
CUST04432,Ananya Mehta,13,29,191410.58,38172.08,19.94,14723.89
CUST04702,Amit Sharma,15,36,191255.55,45544.03,23.81,12750.37
CUST02422,Priya Verma,13,25,191237.23,54345.89,28.42,14710.56
CUST01679,Meera Mehta,14,29,191222.17,52133.44,27.26,13658.73
CUST04464,Neha Gupta,11,26,191221.51,49885.32,26.09,17383.77
CUST05989,Vivaan Mhaske,16,36,191196.85,43343.39,22.67,11949.8
CUST02448,Aarav Joshi,11,28,191051.22,43018.02,22.52,17368.29
CUST04596,Rohan Kumar,12,25,191024.16,31496.55,16.49,15918.68
CUST05062,Arjun Verma,11,28,191006.36,48256.89,25.26,17364.21
CUST01215,Isha Mhaske,13,26,190972.93,56192.44,29.42,14690.23
CUST00579,Meera Joshi,13,26,190869.21,48111.14,25.21,14682.25
CUST02555,Vivaan Singh,13,35,190826.09,49580.56,25.98,14678.93
CUST04843,Aditya Gupta,10,26,190820.62,59932.11,31.41,19082.06
CUST04953,Rahul Shah,8,19,190801.1,39040.05,20.46,23850.14
CUST03681,Amit Verma,12,30,190770.96,32339.5,16.95,15897.58
CUST01323,Sneha Nair,12,26,190763.45,40908.2,21.44,15896.95
CUST00392,Isha Nair,11,29,190761.87,54281.91,28.46,17341.99
CUST03674,Arjun Mhaske,14,25,190662.62,47730.03,25.03,13618.76
CUST02311,Sneha Mehta,9,25,190631.61,51754.08,27.15,21181.29
CUST02398,Rahul Shah,14,28,190526.0,40550.36,21.28,13609.0
CUST01741,Vivaan Joshi,12,22,190514.86,52026.13,27.31,15876.24
CUST04656,Rohan Verma,11,26,190503.95,42918.46,22.53,17318.54
CUST01794,Aditya Singh,12,19,190370.09,40728.0,21.39,15864.17
CUST01483,Arjun Patil,11,27,190245.44,44488.62,23.38,17295.04
CUST04386,Isha Nair,7,23,190231.59,55530.42,29.19,27175.94
CUST02126,Amit Nair,13,35,190165.7,47184.77,24.81,14628.13
CUST04725,Isha Kumar,9,21,190163.3,46360.43,24.38,21129.26
CUST04174,Amit Joshi,12,31,190141.48,46013.52,24.2,15845.12
CUST02207,Rohan Joshi,10,26,190126.14,46145.49,24.27,19012.61
CUST01912,Aditya Nair,18,32,190083.28,45594.87,23.99,10560.18
CUST00652,Isha Nair,13,31,190053.2,40928.71,21.54,14619.48
CUST02139,Neha Mehta,11,18,190021.93,55589.62,29.25,17274.72
CUST01633,Sneha Joshi,10,23,189994.05,51471.53,27.09,18999.4
CUST01440,Rahul Nair,10,28,189968.86,46878.95,24.68,18996.89
CUST04359,Aarav Gupta,13,25,189891.71,49856.44,26.26,14607.05
CUST00664,Rahul Joshi,11,20,189878.39,48184.12,25.38,17261.67
CUST04600,Karan Patil,12,28,189824.91,56258.07,29.64,15818.74
CUST02338,Arjun Singh,14,29,189816.62,49120.08,25.88,13558.33
CUST01593,Rohan Nair,13,30,189800.2,39167.23,20.64,14600.02
CUST00090,Priya Verma,9,20,189712.98,50352.19,26.54,21079.22
CUST02485,Karan Sharma,10,25,189691.13,53941.14,28.44,18969.11
CUST05245,Aditya Shah,9,21,189685.43,44430.03,23.42,21076.16
CUST02185,Neha Nair,13,32,189643.95,47468.08,25.03,14588.0
CUST04531,Rahul Mhaske,12,23,189635.88,56640.7,29.87,15802.99
CUST03416,Meera Joshi,10,31,189616.07,48299.26,25.47,18961.61
CUST05829,Pooja Mhaske,14,30,189606.49,32272.85,17.02,13543.32
CUST01096,Vivaan Shah,11,36,189578.66,42913.59,22.64,17234.42
CUST02129,Isha Shah,11,24,189573.19,53919.59,28.44,17233.93
CUST00193,Kavya Shah,17,31,189553.06,32509.87,17.15,11150.18
CUST00079,Kavya Mehta,8,24,189493.31,45468.36,23.99,23686.66
CUST04631,Pooja Gupta,13,31,189484.14,34896.55,18.42,14575.7
CUST02776,Arjun Mehta,10,23,189481.48,44893.86,23.69,18948.15
CUST02481,Pooja Verma,10,22,189454.62,52467.04,27.69,18945.46
CUST03588,Sneha Sharma,14,25,189438.59,42748.77,22.57,13531.33
CUST02483,Karan Gupta,12,24,189411.42,57045.58,30.12,15784.29
CUST02236,Vivaan Mhaske,10,21,189315.32,41793.36,22.08,18931.53
CUST05941,Rahul Sharma,10,29,189308.85,62437.7,32.98,18930.89
CUST02179,Aditya Gupta,11,33,189271.52,47832.46,25.27,17206.5
CUST02777,Priya Mehta,13,31,189270.44,44297.4,23.4,14559.26
CUST04756,Neha Kumar,8,18,189258.75,65213.43,34.46,23657.34
CUST03875,Priya Mehta,10,26,189218.53,54441.95,28.77,18921.85
CUST05875,Sneha Nair,10,23,189139.18,21195.43,11.21,18913.92
CUST05999,Karan Verma,15,28,189093.65,41255.65,21.82,12606.24
CUST01224,Aarav Joshi,7,26,189036.49,53654.91,28.38,27005.21
CUST04557,Isha Mehta,10,26,189030.17,49527.9,26.2,18903.02
CUST02210,Amit Joshi,14,27,188984.73,46214.72,24.45,13498.91
CUST01309,Kavya Joshi,12,26,188978.74,51303.49,27.15,15748.23
CUST04068,Rahul Shah,10,20,188916.19,48620.48,25.74,18891.62
CUST03645,Neha Deshmukh,11,25,188849.33,51821.0,27.44,17168.12
CUST05978,Karan Singh,15,31,188834.29,46831.14,24.8,12588.95
CUST04099,Rohan Patil,12,27,188819.13,43336.65,22.95,15734.93
CUST03655,Aarav Shah,12,25,188762.14,47629.82,25.23,15730.18
CUST02651,Sneha Deshmukh,14,32,188601.57,50714.96,26.89,13471.54
CUST02015,Rohan Nair,11,26,188594.12,49159.21,26.07,17144.92
CUST02127,Priya Mehta,12,32,188549.36,52003.69,27.58,15712.45
CUST03664,Pooja Patil,13,30,188548.68,47751.77,25.33,14503.74
CUST00551,Isha Shah,13,21,188539.68,43725.14,23.19,14503.05
CUST01233,Arjun Nair,13,24,188505.52,46777.05,24.81,14500.42
CUST04558,Amit Sharma,13,34,188467.06,40543.94,21.51,14497.47
CUST00860,Aditya Mhaske,12,37,188460.27,36029.88,19.12,15705.02
CUST00994,Neha Joshi,9,23,188345.62,43915.8,23.32,20927.29
CUST01314,Isha Patil,11,25,188332.79,35201.87,18.69,17121.16
CUST02224,Rohan Mhaske,6,18,188320.37,35784.38,19.0,31386.73
CUST00019,Sneha Patil,11,25,188315.38,38677.26,20.54,17119.58
CUST03755,Vivaan Mehta,12,30,188212.99,47038.81,24.99,15684.42
CUST03634,Pooja Joshi,12,21,188166.1,46480.76,24.7,15680.51
CUST03223,Arjun Patil,11,20,188122.96,42531.49,22.61,17102.09
CUST01776,Priya Verma,13,28,188109.86,33528.36,17.82,14469.99
CUST03520,Aarav Kumar,8,23,188087.85,58397.5,31.05,23510.98
CUST04674,Aarav Verma,13,27,188085.95,47787.26,25.41,14468.15
CUST04471,Isha Mehta,11,33,188083.31,55134.55,29.31,17098.48
CUST02051,Amit Shah,13,22,188034.88,48951.7,26.03,14464.22
CUST02523,Sneha Mehta,14,28,188018.13,35916.91,19.1,13429.87
CUST03830,Isha Patil,10,26,187897.9,33344.73,17.75,18789.79
CUST02983,Priya Shah,13,27,187887.13,30741.44,16.36,14452.86
CUST00171,Meera Nair,13,23,187783.93,46021.11,24.51,14444.92
CUST02362,Isha Mehta,13,29,187759.72,51720.39,27.55,14443.06
CUST00686,Isha Singh,10,18,187733.13,57048.02,30.39,18773.31
CUST00658,Rahul Verma,11,24,187723.74,49252.6,26.24,17065.79
CUST02514,Meera Sharma,9,27,187696.19,52961.6,28.22,20855.13
CUST03945,Rohan Sharma,12,23,187673.31,47585.75,25.36,15639.44
CUST00692,Rohan Gupta,9,21,187575.97,34106.7,18.18,20841.77
CUST03084,Aarav Shah,7,21,187562.65,47057.62,25.09,26794.66
CUST05040,Neha Singh,12,33,187545.42,38610.68,20.59,15628.78
CUST04595,Amit Sharma,7,19,187456.13,55688.65,29.71,26779.45
CUST04963,Rahul Deshmukh,11,32,187377.68,42600.54,22.74,17034.33
CUST05956,Amit Shah,13,26,187291.37,52173.99,27.86,14407.03
CUST04275,Vivaan Gupta,14,24,187273.98,45376.44,24.23,13376.71
CUST02771,Neha Sharma,11,26,187268.31,35728.16,19.08,17024.39
CUST05346,Sneha Nair,9,25,187234.84,37592.11,20.08,20803.87
CUST02797,Ananya Joshi,9,35,187223.3,34211.09,18.27,20802.59
CUST02492,Meera Kumar,12,23,187181.38,40588.12,21.68,15598.45
CUST05447,Meera Nair,13,29,187122.01,41404.53,22.13,14394.0
CUST02045,Arjun Nair,11,24,187078.15,54636.9,29.21,17007.1
CUST05652,Sneha Joshi,11,27,187002.39,54512.37,29.15,17000.22
CUST01724,Priya Patil,12,21,186976.73,44103.23,23.59,15581.39
CUST02623,Isha Verma,9,28,186963.5,51406.95,27.5,20773.72
CUST01016,Vivaan Nair,13,28,186962.23,45620.02,24.4,14381.71
CUST02725,Ananya Sharma,12,28,186935.35,39024.45,20.88,15577.95
CUST02650,Meera Nair,18,34,186935.03,47551.91,25.44,10385.28
CUST05564,Meera Verma,7,17,186890.77,40609.59,21.73,26698.68
CUST00921,Ananya Shah,12,22,186694.38,45296.39,24.26,15557.86
CUST02302,Vivaan Shah,15,34,186693.75,40765.87,21.84,12446.25
CUST02540,Rahul Deshmukh,17,32,186691.66,36350.79,19.47,10981.86
CUST02252,Kavya Gupta,8,22,186673.71,54640.0,29.27,23334.21
CUST05210,Meera Joshi,15,37,186667.42,49307.79,26.41,12444.49
CUST04458,Karan Patil,9,27,186649.1,50092.63,26.84,20738.79
CUST00001,Aarav Nair,14,29,186635.79,42471.56,22.76,13331.13
CUST05446,Amit Gupta,12,27,186617.82,31170.67,16.7,15551.49
CUST03687,Aarav Verma,14,27,186421.48,32009.77,17.17,13315.82
CUST00494,Kavya Joshi,12,19,186400.48,56430.08,30.27,15533.37
CUST01640,Rohan Nair,7,17,186370.36,54197.31,29.08,26624.34
CUST01689,Amit Nair,11,23,186289.86,44142.8,23.7,16935.44
CUST05415,Aarav Deshmukh,13,29,186276.77,36023.94,19.34,14328.98
CUST00979,Meera Patil,12,23,186269.37,46024.88,24.71,15522.45
CUST03412,Rohan Kumar,9,24,186224.95,31151.96,16.73,20691.66
CUST01851,Rahul Singh,12,28,186190.52,48356.88,25.97,15515.88
CUST02047,Priya Patil,9,23,186092.22,40578.1,21.81,20676.91
CUST02054,Neha Joshi,11,35,186074.98,40722.26,21.88,16915.91
CUST03453,Rahul Mhaske,12,25,186074.02,36011.56,19.35,15506.17
CUST01366,Aarav Mehta,13,32,185940.51,48808.25,26.25,14303.12
CUST01729,Meera Nair,12,25,185895.26,39503.18,21.25,15491.27
CUST02984,Isha Nair,10,24,185858.88,42737.11,22.99,18585.89
CUST05400,Vivaan Patil,9,22,185810.58,53675.65,28.89,20645.62
CUST01878,Isha Nair,13,25,185804.81,44492.21,23.95,14292.68
CUST05252,Aditya Shah,11,21,185793.91,49412.78,26.6,16890.36
CUST03982,Priya Kumar,10,26,185686.03,51741.5,27.87,18568.6
CUST03228,Arjun Verma,12,34,185563.4,38364.78,20.67,15463.62
CUST02046,Aditya Patil,8,19,185557.2,54851.41,29.56,23194.65
CUST01064,Amit Nair,12,27,185544.4,53218.99,28.68,15462.03
CUST00861,Isha Patil,11,28,185512.09,41770.94,22.52,16864.74
CUST01251,Sneha Gupta,14,32,185510.56,43984.73,23.71,13250.75
CUST02941,Pooja Shah,15,29,185422.15,51119.12,27.57,12361.48
CUST04204,Isha Shah,10,22,185401.76,51102.23,27.56,18540.18
CUST02803,Aarav Gupta,13,33,185398.42,50829.11,27.42,14261.42
CUST04541,Aarav Singh,10,19,185394.08,48553.83,26.19,18539.41
CUST03793,Arjun Patil,13,35,185382.93,37760.19,20.37,14260.23
CUST04347,Ananya Shah,10,22,185265.4,39486.92,21.31,18526.54
CUST05692,Vivaan Singh,16,33,185257.39,57826.33,31.21,11578.59
CUST01101,Amit Verma,13,25,185217.87,40063.0,21.63,14247.53
CUST04439,Priya Singh,13,22,185186.04,35300.45,19.06,14245.08
CUST01710,Amit Nair,11,32,185179.33,48635.91,26.26,16834.48
CUST05191,Kavya Sharma,13,34,185107.92,38410.66,20.75,14239.07
CUST05067,Sneha Nair,10,23,184905.28,43775.87,23.67,18490.53
CUST05166,Arjun Nair,12,29,184898.12,44134.91,23.87,15408.18
CUST01443,Kavya Nair,13,25,184860.18,47948.79,25.94,14220.01
CUST00302,Arjun Mehta,9,21,184844.79,40574.95,21.95,20538.31
CUST03956,Karan Mhaske,9,31,184800.56,41167.92,22.28,20533.4
CUST01459,Rahul Joshi,8,18,184719.1,49837.6,26.98,23089.89
CUST02462,Aditya Sharma,13,28,184676.22,36006.54,19.5,14205.86
CUST00985,Meera Joshi,8,29,184672.65,42610.9,23.07,23084.08
CUST02856,Pooja Kumar,9,24,184664.93,39950.71,21.63,20518.33
CUST02427,Ananya Kumar,7,22,184631.21,44908.88,24.32,26375.89
CUST03234,Karan Singh,13,24,184628.07,36922.46,20.0,14202.16
CUST00734,Karan Mhaske,12,22,184606.57,41823.71,22.66,15383.88
CUST04098,Arjun Patil,13,24,184563.29,56290.65,30.5,14197.18
CUST05059,Priya Shah,11,27,184533.03,43484.82,23.56,16775.73
CUST00116,Priya Shah,11,24,184521.66,48090.13,26.06,16774.7
CUST05033,Vivaan Patil,11,27,184455.23,49246.5,26.7,16768.66
CUST03061,Aarav Sharma,13,29,184412.88,30740.49,16.67,14185.61
CUST00973,Rahul Singh,9,18,184371.09,48756.8,26.44,20485.68
CUST03935,Aditya Kumar,9,22,184341.51,47107.77,25.55,20482.39
CUST04730,Amit Deshmukh,9,20,184298.03,45416.29,24.64,20477.56
CUST03312,Neha Shah,13,30,184213.69,43897.97,23.83,14170.28
CUST04671,Aditya Mhaske,12,27,184184.59,52974.02,28.76,15348.72
CUST01408,Priya Kumar,11,28,184157.17,36787.75,19.98,16741.56
CUST02454,Vivaan Gupta,11,24,184120.16,39619.66,21.52,16738.2
CUST01512,Kavya Deshmukh,14,32,184083.43,49565.82,26.93,13148.82
CUST00481,Ananya Deshmukh,10,22,184025.68,48297.21,26.24,18402.57
CUST01131,Karan Shah,11,25,183994.2,45414.9,24.68,16726.75
CUST05340,Rahul Gupta,9,20,183985.64,51821.47,28.17,20442.85
CUST01465,Neha Deshmukh,13,25,183807.76,52341.91,28.48,14139.06
CUST01437,Priya Deshmukh,13,26,183795.18,51090.18,27.8,14138.09
CUST04438,Karan Gupta,11,22,183762.28,45723.05,24.88,16705.66
CUST00524,Arjun Gupta,17,29,183634.89,37507.55,20.43,10802.05
CUST04353,Priya Kumar,14,36,183623.25,35274.73,19.21,13115.95
CUST05148,Rahul Kumar,10,22,183609.99,47380.98,25.81,18361.0
CUST01143,Kavya Deshmukh,13,29,183559.19,45010.79,24.52,14119.94
CUST04351,Vivaan Mhaske,13,23,183437.86,49858.43,27.18,14110.6
CUST03239,Amit Verma,14,32,183388.33,41031.1,22.37,13099.17
CUST05635,Isha Shah,7,20,183354.65,41201.55,22.47,26193.52
CUST00971,Priya Verma,11,29,183327.44,42406.45,23.13,16666.13
CUST03785,Neha Verma,7,23,183303.5,33341.75,18.19,26186.21
CUST00914,Priya Sharma,13,29,183266.51,53155.13,29.0,14097.42
CUST01994,Ananya Verma,13,29,183260.94,49292.9,26.9,14097.0
CUST00337,Vivaan Gupta,8,24,183238.69,44101.01,24.07,22904.84
CUST03576,Karan Verma,14,37,183173.23,39639.21,21.64,13083.8
CUST04223,Amit Deshmukh,13,37,183124.2,43329.74,23.66,14086.48
CUST05632,Priya Verma,8,27,183107.81,27210.95,14.86,22888.48
CUST03927,Isha Deshmukh,10,21,183069.14,49734.7,27.17,18306.91
CUST00470,Sneha Gupta,12,28,182974.09,52809.89,28.86,15247.84
CUST01769,Karan Kumar,9,27,182948.32,44395.47,24.27,20327.59
CUST04405,Meera Gupta,8,17,182925.09,55411.25,30.29,22865.64
CUST00749,Aarav Mehta,14,34,182883.97,39573.87,21.64,13063.14
CUST01485,Amit Verma,11,25,182862.37,40943.58,22.39,16623.85
CUST00338,Rohan Mehta,11,22,182854.95,38160.21,20.87,16623.18
CUST02747,Ananya Mehta,11,25,182700.52,44206.02,24.2,16609.14
CUST05193,Arjun Patil,7,23,182656.35,41866.89,22.92,26093.76
CUST04398,Neha Mhaske,17,29,182624.47,47350.25,25.93,10742.62
CUST01835,Neha Mehta,14,31,182575.99,47061.94,25.78,13041.14
CUST05903,Sneha Gupta,12,31,182575.49,40774.5,22.33,15214.62
CUST01390,Vivaan Deshmukh,12,26,182526.89,46007.33,25.21,15210.57
CUST00557,Neha Gupta,9,26,182481.22,35199.09,19.29,20275.69
CUST01295,Arjun Deshmukh,16,29,182452.5,40852.58,22.39,11403.28
CUST00904,Rahul Mehta,13,25,182435.13,38960.64,21.36,14033.47
CUST00501,Rohan Gupta,14,28,182426.3,56633.47,31.04,13030.45
CUST05229,Arjun Nair,14,34,182406.11,41238.98,22.61,13029.01
CUST05750,Rohan Joshi,13,28,182404.85,44067.26,24.16,14031.14
CUST04102,Vivaan Singh,9,20,182236.19,29740.18,16.32,20248.47
CUST00937,Neha Mehta,12,27,182234.98,37839.48,20.76,15186.25
CUST01044,Meera Kumar,10,25,182234.43,40827.59,22.4,18223.44
CUST00179,Arjun Verma,13,40,182191.06,32556.66,17.87,14014.7
CUST03964,Arjun Mehta,11,29,182175.83,41212.87,22.62,16561.44
CUST02793,Priya Verma,8,26,182135.58,56223.05,30.87,22766.95
CUST01693,Karan Mehta,12,25,182128.16,32695.57,17.95,15177.35
CUST02691,Pooja Mehta,12,22,182112.93,34948.66,19.19,15176.08
CUST02589,Meera Shah,8,18,182105.2,39826.83,21.87,22763.15
CUST03617,Rohan Verma,14,29,182096.2,31811.2,17.47,13006.87
CUST03467,Amit Singh,12,26,182072.58,46290.54,25.42,15172.71
CUST03079,Amit Nair,9,32,182053.02,46976.22,25.8,20228.11
CUST04819,Meera Kumar,9,24,182020.42,46529.34,25.56,20224.49
CUST02976,Isha Singh,8,19,182018.59,53969.09,29.65,22752.32
CUST04228,Karan Mehta,13,23,181977.17,41185.75,22.63,13998.24
CUST03349,Arjun Verma,13,33,181958.46,44598.09,24.51,13996.8
CUST00290,Priya Patil,11,22,181831.17,40101.52,22.05,16530.11
CUST03949,Isha Shah,9,19,181754.55,47107.98,25.92,20194.95
CUST02477,Amit Joshi,13,29,181671.31,36083.77,19.86,13974.72
CUST04961,Aditya Shah,10,22,181600.75,27092.13,14.92,18160.08
CUST02772,Meera Kumar,14,28,181593.76,55093.13,30.34,12970.98
CUST01886,Sneha Mhaske,12,30,181575.1,37896.58,20.87,15131.26
CUST03083,Pooja Mhaske,15,35,181548.38,29593.46,16.3,12103.23
CUST01076,Sneha Patil,9,19,181524.02,48082.0,26.49,20169.34
CUST05764,Vivaan Shah,14,22,181513.55,27411.91,15.1,12965.25
CUST01188,Vivaan Mehta,11,28,181496.91,44784.5,24.68,16499.72
CUST05004,Vivaan Mhaske,9,23,181486.69,34638.04,19.09,20165.19
CUST05392,Kavya Verma,12,26,181467.09,52653.2,29.02,15122.26
CUST04119,Arjun Patil,8,20,181444.0,49026.66,27.02,22680.5
CUST00287,Priya Mehta,12,36,181435.96,39368.5,21.7,15119.66
CUST05272,Aarav Gupta,10,35,181370.89,35806.79,19.74,18137.09
CUST04201,Arjun Singh,13,29,181338.31,46807.73,25.81,13949.1
CUST04014,Vivaan Mehta,11,19,181333.17,43502.6,23.99,16484.83
CUST04830,Kavya Verma,13,33,181316.22,44818.95,24.72,13947.4
CUST03513,Amit Sharma,13,33,181297.16,51989.43,28.68,13945.94
CUST02212,Isha Joshi,19,32,181291.85,41130.71,22.69,9541.68
CUST03246,Aarav Deshmukh,11,23,181263.33,44718.07,24.67,16478.48
CUST03829,Sneha Mehta,13,24,181122.96,27670.7,15.28,13932.54
CUST04891,Neha Verma,14,28,181077.38,53634.29,29.62,12934.1
CUST03139,Rohan Deshmukh,8,18,181063.35,45326.25,25.03,22632.92
CUST00308,Rahul Patil,8,19,181046.04,41444.85,22.89,22630.76
CUST05756,Karan Deshmukh,12,33,180843.69,31009.67,17.15,15070.31
CUST02541,Kavya Nair,11,26,180829.89,46035.93,25.46,16439.08
CUST02564,Neha Singh,9,22,180794.01,45043.59,24.91,20088.22
CUST03257,Isha Gupta,14,33,180746.66,31430.12,17.39,12910.48
CUST02966,Rohan Shah,14,26,180641.46,31991.46,17.71,12902.96
CUST00224,Rohan Gupta,11,25,180625.01,39464.11,21.85,16420.46
CUST04970,Rahul Kumar,13,30,180609.84,47966.17,26.56,13893.06
CUST02951,Priya Sharma,13,28,180540.23,46366.9,25.68,13887.71
CUST00469,Aditya Singh,10,26,180538.64,50476.12,27.96,18053.86
CUST05164,Isha Gupta,15,31,180440.18,39305.31,21.78,12029.35
CUST03940,Amit Kumar,12,32,180439.26,36572.9,20.27,15036.61
CUST00071,Ananya Singh,11,29,180405.2,37249.31,20.65,16400.47
CUST01902,Arjun Singh,11,24,180378.02,48931.53,27.13,16398.0
CUST04360,Ananya Sharma,12,26,180285.28,39707.41,22.02,15023.77
CUST02031,Priya Verma,8,16,180275.38,46455.09,25.77,22534.42
CUST01522,Pooja Gupta,9,23,180264.0,56345.42,31.26,20029.33
CUST02671,Arjun Singh,14,29,180200.01,39181.63,21.74,12871.43
CUST02853,Vivaan Shah,10,26,180136.86,51699.23,28.7,18013.69
CUST05542,Vivaan Joshi,13,23,180105.14,47492.87,26.37,13854.24
CUST00384,Aditya Kumar,10,24,180086.34,34323.51,19.06,18008.63
CUST00307,Amit Sharma,8,26,180050.5,61404.18,34.1,22506.31
CUST02758,Vivaan Nair,11,26,180000.25,30037.09,16.69,16363.66
CUST00383,Karan Singh,14,29,179938.7,38903.72,21.62,12852.76
CUST01001,Rahul Patil,10,25,179889.19,48766.59,27.11,17988.92
CUST01094,Amit Patil,12,25,179888.76,44159.89,24.55,14990.73
CUST01394,Karan Shah,12,29,179865.8,37683.57,20.95,14988.82
CUST01853,Amit Patil,15,31,179841.33,41202.21,22.91,11989.42
CUST02289,Kavya Singh,8,22,179823.41,53338.13,29.66,22477.93
CUST02695,Rahul Sharma,13,30,179820.1,48369.57,26.9,13832.32
CUST03773,Isha Verma,12,30,179795.29,30054.65,16.72,14982.94
CUST05811,Aarav Kumar,8,19,179786.61,46545.4,25.89,22473.33
CUST04801,Kavya Kumar,14,28,179687.82,38351.22,21.34,12834.84
CUST01785,Aditya Nair,12,27,179559.9,43220.14,24.07,14963.32
CUST01039,Priya Deshmukh,14,28,179538.81,39416.08,21.95,12824.2
CUST04960,Karan Patil,11,28,179534.73,34636.8,19.29,16321.34
CUST00929,Rahul Shah,10,18,179253.78,35852.16,20.0,17925.38
CUST01153,Rahul Sharma,15,30,179225.13,36895.76,20.59,11948.34
CUST04375,Rohan Mehta,13,28,179220.12,39950.86,22.29,13786.16
CUST03455,Aarav Nair,14,27,179215.98,31741.23,17.71,12801.14
CUST01841,Kavya Mhaske,13,32,179065.93,40971.27,22.88,13774.3
CUST05477,Meera Nair,14,35,179001.34,36262.04,20.26,12785.81
CUST02170,Amit Mehta,10,21,178950.33,47561.87,26.58,17895.03
CUST03291,Neha Verma,16,33,178928.58,46193.28,25.82,11183.04
CUST05429,Rahul Mhaske,11,20,178918.27,40260.06,22.5,16265.3
CUST05289,Kavya Deshmukh,10,22,178903.04,50981.56,28.5,17890.3
CUST04619,Ananya Nair,11,22,178890.68,55615.0,31.09,16262.79
CUST03535,Aarav Singh,11,30,178881.79,49137.95,27.47,16261.98
CUST00089,Meera Singh,8,20,178808.35,39308.3,21.98,22351.04
CUST03788,Amit Joshi,12,24,178794.44,43716.87,24.45,14899.54
CUST00035,Ananya Shah,14,27,178716.43,49734.84,27.83,12765.46
CUST00986,Neha Singh,9,24,178712.53,42466.6,23.76,19856.95
CUST03533,Amit Gupta,7,16,178704.91,50550.48,28.29,25529.27
CUST00538,Rohan Sharma,14,32,178329.24,34068.01,19.1,12737.8
CUST01757,Arjun Joshi,9,24,178281.12,38189.21,21.42,19809.01
CUST03666,Pooja Mhaske,13,26,178175.48,46332.55,26.0,13705.81
CUST00172,Amit Verma,9,20,178138.52,49965.7,28.05,19793.17
CUST03960,Meera Deshmukh,14,34,178083.65,40133.16,22.54,12720.26
CUST01212,Aditya Mhaske,9,20,178029.82,48552.81,27.27,19781.09
CUST02308,Neha Verma,11,23,177954.45,32605.54,18.32,16177.68
CUST02186,Meera Mhaske,10,26,177908.06,47690.98,26.81,17790.81
CUST01331,Neha Deshmukh,14,32,177857.66,50271.71,28.27,12704.12
CUST03952,Meera Gupta,9,21,177714.29,54743.48,30.8,19746.03
CUST02018,Arjun Nair,11,22,177701.46,33041.58,18.59,16154.68
CUST04197,Rohan Nair,8,18,177699.23,44461.75,25.02,22212.4
CUST01739,Aditya Sharma,11,25,177621.41,46796.89,26.35,16147.4
CUST03240,Sneha Verma,12,27,177578.74,31649.68,17.82,14798.23
CUST01170,Vivaan Mhaske,13,29,177419.72,41735.34,23.52,13647.67
CUST04777,Karan Mehta,8,18,177381.94,54905.74,30.95,22172.74
CUST02466,Kavya Joshi,8,27,177265.52,49650.07,28.01,22158.19
CUST04798,Aditya Singh,14,22,177242.81,32171.41,18.15,12660.2
CUST05321,Rohan Nair,12,32,177235.57,48662.17,27.46,14769.63
CUST01869,Vivaan Mhaske,13,34,177220.81,40695.44,22.96,13632.37
CUST02350,Meera Patil,11,24,177176.2,46170.15,26.06,16106.93
CUST02405,Ananya Verma,11,23,177169.43,38541.01,21.75,16106.31
CUST00571,Rohan Gupta,9,21,177135.97,39395.8,22.24,19681.77
CUST00599,Kavya Joshi,8,20,177132.56,42592.33,24.05,22141.57
CUST04212,Aditya Patil,15,26,177127.98,46200.11,26.08,11808.53
CUST01313,Rohan Gupta,12,28,177106.42,31449.79,17.76,14758.87
CUST01565,Rahul Kumar,11,27,177029.31,43314.6,24.47,16093.57
CUST03886,Pooja Deshmukh,13,30,177012.66,41566.32,23.48,13616.36
CUST00120,Sneha Kumar,11,25,176941.18,48080.53,27.17,16085.56
CUST02816,Ananya Kumar,12,29,176926.21,48929.0,27.66,14743.85
CUST02735,Aarav Singh,10,29,176894.27,34821.3,19.68,17689.43
CUST04524,Amit Mhaske,8,22,176882.32,39985.38,22.61,22110.29
CUST02800,Karan Nair,9,19,176847.51,41217.38,23.31,19649.72
CUST05468,Meera Nair,13,20,176776.82,47549.62,26.9,13598.22
CUST00980,Karan Joshi,10,25,176695.02,41539.83,23.51,17669.5
CUST05735,Aditya Joshi,10,20,176543.29,34756.29,19.69,17654.33
CUST01553,Kavya Mehta,7,27,176355.68,40230.75,22.81,25193.67
CUST05238,Aarav Sharma,11,24,176304.4,40357.73,22.89,16027.67
CUST01527,Kavya Kumar,12,30,176268.93,44934.31,25.49,14689.08
CUST02331,Ananya Joshi,10,18,176268.54,45793.91,25.98,17626.85
CUST02818,Isha Nair,9,22,176161.43,43591.98,24.75,19573.49
CUST01088,Aarav Shah,14,36,176137.52,40075.99,22.75,12581.25
CUST05674,Karan Joshi,16,34,176131.96,51858.45,29.44,11008.25
CUST05980,Meera Shah,10,30,176108.56,37210.97,21.13,17610.86
CUST04686,Rohan Mhaske,10,30,176084.15,41956.31,23.83,17608.42
CUST05312,Meera Verma,12,22,176080.09,46459.19,26.39,14673.34
CUST02029,Rahul Patil,7,18,176029.48,40097.84,22.78,25147.07
CUST03154,Ananya Gupta,12,28,175940.34,49782.89,28.3,14661.69
CUST05862,Amit Deshmukh,12,34,175910.06,39444.11,22.42,14659.17
CUST00883,Arjun Deshmukh,9,15,175835.85,41209.25,23.44,19537.32
CUST01927,Karan Kumar,11,24,175809.02,33548.58,19.08,15982.64
CUST03425,Priya Singh,10,18,175793.44,43948.66,25.0,17579.34
CUST04419,Kavya Kumar,14,28,175676.86,36079.29,20.54,12548.35
CUST02030,Meera Mehta,11,30,175518.69,33353.15,19.0,15956.24
CUST01435,Aarav Sharma,11,26,175478.1,42355.39,24.14,15952.55
CUST05464,Rohan Singh,18,33,175452.96,41182.15,23.47,9747.39
CUST05330,Arjun Mhaske,9,27,175450.04,41097.96,23.42,19494.45
CUST05306,Priya Joshi,9,20,175444.54,34660.42,19.76,19493.84
CUST01864,Vivaan Kumar,11,26,175380.13,40546.18,23.12,15943.65
CUST02109,Neha Gupta,12,24,175378.36,49631.21,28.3,14614.86
CUST00417,Kavya Deshmukh,11,18,175360.47,35506.49,20.25,15941.86
CUST05608,Pooja Singh,14,33,175352.39,54167.08,30.89,12525.17
CUST03289,Pooja Gupta,12,25,175268.08,28821.32,16.44,14605.67
CUST03734,Priya Kumar,8,25,175256.22,41025.24,23.41,21907.03
CUST03254,Karan Joshi,11,27,175252.39,34954.2,19.95,15932.04
CUST02297,Arjun Sharma,9,22,175098.6,41531.46,23.72,19455.4
CUST02601,Rahul Shah,9,26,175026.85,35302.15,20.17,19447.43
CUST05901,Kavya Deshmukh,11,25,175024.31,47756.93,27.29,15911.3
CUST04731,Aditya Mhaske,14,30,175022.17,37856.39,21.63,12501.58
CUST00618,Aarav Sharma,14,24,175008.65,35811.05,20.46,12500.62
CUST02325,Arjun Mehta,10,28,175006.07,31790.93,18.17,17500.61
CUST03011,Amit Joshi,12,31,174982.03,42963.19,24.55,14581.84
CUST02298,Pooja Mhaske,12,25,174961.22,41306.8,23.61,14580.1
CUST01709,Ananya Kumar,12,18,174899.3,41819.64,23.91,14574.94
CUST01677,Isha Sharma,14,28,174871.6,42011.79,24.02,12490.83
CUST04653,Meera Singh,13,37,174839.31,36392.33,20.81,13449.18
CUST00333,Rahul Nair,8,19,174688.76,31758.42,18.18,21836.1
CUST01363,Rohan Nair,12,34,174646.39,34564.73,19.79,14553.87
CUST00951,Neha Gupta,9,31,174638.91,41356.49,23.68,19404.32
CUST01383,Karan Mhaske,11,22,174586.34,42321.89,24.24,15871.49
CUST01965,Arjun Verma,13,27,174585.81,33942.84,19.44,13429.68
CUST02154,Ananya Kumar,11,22,174559.94,42638.15,24.43,15869.09
CUST02808,Ananya Sharma,10,20,174528.29,28777.15,16.49,17452.83
CUST04394,Neha Sharma,13,30,174500.18,45797.93,26.25,13423.09
CUST04638,Priya Shah,10,26,174478.33,36914.28,21.16,17447.83
CUST00404,Ananya Kumar,8,19,174467.08,29265.39,16.77,21808.38
CUST04186,Karan Mhaske,9,23,174333.35,33700.64,19.33,19370.37
CUST04571,Priya Mehta,10,28,174294.72,51294.99,29.43,17429.47
CUST02828,Karan Joshi,14,27,174274.19,43862.92,25.17,12448.16
CUST00165,Rohan Singh,10,23,174256.6,34880.91,20.02,17425.66
CUST00640,Meera Singh,6,16,174253.7,43695.45,25.08,29042.28
CUST05801,Neha Deshmukh,11,23,174216.12,47578.79,27.31,15837.83
CUST05708,Ananya Sharma,14,32,174161.38,32848.57,18.86,12440.1
CUST00561,Kavya Joshi,11,22,174143.53,42207.94,24.24,15831.23
CUST05161,Rohan Patil,12,28,174135.84,41012.42,23.55,14511.32
CUST04984,Rahul Singh,15,26,174124.99,50177.62,28.82,11608.33
CUST03893,Neha Mhaske,11,25,174100.03,38236.29,21.96,15827.28
CUST05481,Rohan Patil,12,21,174094.7,41800.6,24.01,14507.89
CUST02006,Rahul Gupta,9,18,174085.68,41805.97,24.01,19342.85
CUST02437,Arjun Kumar,9,24,174079.08,48981.2,28.14,19342.12
CUST03379,Pooja Mehta,14,23,174056.65,49339.48,28.35,12432.62
CUST01823,Ananya Mehta,13,25,174052.9,38769.68,22.27,13388.68
CUST00619,Priya Joshi,13,30,174030.03,54659.97,31.41,13386.93
CUST05579,Ananya Joshi,12,18,173949.01,39118.19,22.49,14495.75
CUST02384,Arjun Kumar,14,24,173937.77,46894.09,26.96,12424.13
CUST03103,Amit Singh,10,20,173926.27,37527.41,21.58,17392.63
CUST00177,Neha Patil,12,24,173876.43,39639.0,22.8,14489.7
CUST01328,Priya Nair,12,29,173875.03,40924.94,23.54,14489.59
CUST01491,Neha Singh,15,30,173865.32,46959.33,27.01,11591.02
CUST01230,Vivaan Kumar,12,21,173851.97,48952.9,28.16,14487.66
CUST02472,Isha Patil,9,19,173763.16,43360.75,24.95,19307.02
CUST02992,Aarav Mhaske,9,23,173726.92,43080.38,24.8,19302.99
CUST02742,Sneha Mhaske,11,25,173598.77,42535.98,24.5,15781.71
CUST03844,Rohan Sharma,9,22,173590.31,52110.16,30.02,19287.81
CUST04018,Isha Verma,9,22,173554.67,53543.15,30.85,19283.85
CUST05063,Isha Shah,11,24,173523.37,34715.71,20.01,15774.85
CUST03108,Rahul Joshi,11,26,173483.45,50549.0,29.14,15771.22
CUST02901,Aarav Joshi,16,52,173468.79,42036.58,24.23,10841.8
CUST04990,Arjun Mhaske,12,25,173445.82,47337.16,27.29,14453.82
CUST01046,Meera Singh,12,18,173402.66,43052.56,24.83,14450.22
CUST03676,Aditya Verma,9,18,173400.85,52998.56,30.56,19266.76
CUST01979,Kavya Verma,10,24,173395.85,41884.3,24.16,17339.58
CUST01628,Vivaan Sharma,8,19,173379.14,39760.83,22.93,21672.39
CUST05158,Amit Joshi,11,29,173377.62,39650.99,22.87,15761.6
CUST04141,Meera Nair,8,17,173370.92,40498.15,23.36,21671.36
CUST01789,Priya Patil,12,28,173367.66,45314.38,26.14,14447.31
CUST03522,Priya Kumar,8,23,173336.04,47384.57,27.34,21667.01
CUST04032,Arjun Verma,11,21,173162.09,52293.51,30.2,15742.01
CUST01120,Amit Joshi,12,24,173157.43,32629.27,18.84,14429.79
CUST03937,Priya Mehta,15,28,173149.57,50846.21,29.37,11543.3
CUST05494,Priya Mhaske,10,26,173147.48,39610.12,22.88,17314.75
CUST05993,Ananya Shah,13,28,173113.76,38216.65,22.08,13316.44
CUST05407,Neha Gupta,11,20,173106.97,40399.59,23.34,15737.0
CUST01228,Rohan Deshmukh,10,21,173095.62,51692.7,29.86,17309.56
CUST04357,Amit Deshmukh,7,25,173088.41,47946.42,27.7,24726.92
CUST03107,Isha Mehta,13,30,173006.51,35689.2,20.63,13308.19
CUST03610,Pooja Mehta,8,16,172979.63,33092.48,19.13,21622.45
CUST02639,Aarav Shah,12,25,172911.45,34042.26,19.69,14409.29
CUST05867,Ananya Singh,10,21,172851.94,45150.08,26.12,17285.19
CUST01208,Neha Singh,10,22,172845.66,43909.93,25.4,17284.57
CUST05907,Isha Singh,12,29,172842.83,41467.01,23.99,14403.57
CUST02415,Rohan Joshi,10,27,172816.95,45698.75,26.44,17281.69
CUST03124,Aarav Kumar,14,32,172724.19,38337.3,22.2,12337.44
CUST01926,Amit Mhaske,12,34,172660.42,46457.71,26.91,14388.37
CUST00542,Karan Sharma,9,19,172629.26,37205.42,21.55,19181.03
CUST03900,Amit Verma,13,31,172554.5,44241.82,25.64,13273.42
CUST05593,Ananya Verma,11,23,172500.07,38604.37,22.38,15681.82
CUST00248,Sneha Mhaske,11,25,172430.97,36248.69,21.02,15675.54
CUST01267,Pooja Mhaske,7,20,172420.95,42786.22,24.81,24631.56
CUST00086,Kavya Gupta,10,21,172383.27,34894.66,20.24,17238.33
CUST03141,Amit Verma,10,18,172378.52,28576.02,16.58,17237.85
CUST01436,Pooja Singh,12,23,172308.02,39720.55,23.05,14359.0
CUST02081,Isha Kumar,8,19,172303.21,44724.48,25.96,21537.9
CUST00201,Ananya Nair,11,21,172238.97,49125.06,28.52,15658.09
CUST02949,Rohan Shah,13,31,172233.88,39174.25,22.74,13248.76
CUST04654,Rohan Kumar,11,27,172227.56,46104.88,26.77,15657.05
CUST01248,Amit Gupta,18,35,172154.22,45594.93,26.48,9564.12
CUST02043,Vivaan Shah,12,29,172132.24,30370.9,17.64,14344.35
CUST00902,Sneha Nair,13,21,172121.28,37361.67,21.71,13240.1
CUST01985,Rohan Shah,10,20,172099.18,42931.36,24.95,17209.92
CUST03638,Rohan Kumar,7,15,172089.41,48603.24,28.24,24584.2
CUST03347,Aditya Mhaske,11,16,172047.73,28714.3,16.69,15640.7
CUST03795,Karan Joshi,10,24,172036.59,41881.95,24.34,17203.66
CUST05795,Rohan Patil,12,26,171923.64,42765.07,24.87,14326.97
CUST03333,Rohan Mhaske,10,25,171897.6,38175.99,22.21,17189.76
CUST01455,Meera Gupta,8,18,171856.38,32427.35,18.87,21482.05
CUST04462,Meera Verma,10,21,171825.69,55240.49,32.15,17182.57
CUST01738,Pooja Patil,11,27,171819.22,45516.38,26.49,15619.93
CUST00800,Meera Deshmukh,15,29,171815.15,43773.25,25.48,11454.34
CUST01956,Amit Nair,8,19,171701.23,41795.73,24.34,21462.65
CUST00305,Ananya Patil,10,20,171626.57,48121.07,28.04,17162.66
CUST04236,Isha Mehta,8,16,171452.76,28240.12,16.47,21431.59
CUST04728,Amit Mhaske,11,25,171441.6,49304.81,28.76,15585.6
CUST03007,Karan Sharma,11,28,171435.6,41169.92,24.01,15585.05
CUST04927,Rahul Verma,11,20,171403.1,36500.52,21.3,15582.1
CUST02153,Kavya Singh,9,20,171386.34,33620.52,19.62,19042.93
CUST05221,Arjun Singh,13,26,171383.47,42139.28,24.59,13183.34
CUST02187,Sneha Shah,13,25,171344.12,47033.96,27.45,13180.32
CUST02428,Karan Sharma,8,16,171330.68,37072.36,21.64,21416.33
CUST02644,Pooja Gupta,13,27,171312.51,28557.66,16.67,13177.89
CUST01977,Aditya Shah,8,18,171296.55,46774.65,27.31,21412.07
CUST00050,Aditya Gupta,10,21,171235.6,34574.2,20.19,17123.56
CUST04217,Rahul Nair,14,24,171222.23,44041.98,25.72,12230.16
CUST04896,Rahul Singh,10,19,171205.02,40844.21,23.86,17120.5
CUST01798,Meera Mhaske,12,22,171156.99,37614.38,21.98,14263.08
CUST05350,Neha Gupta,14,26,171129.35,42637.33,24.92,12223.52
CUST03714,Sneha Patil,10,17,171102.36,44504.58,26.01,17110.24
CUST03113,Karan Joshi,8,19,170932.67,50107.62,29.31,21366.58
CUST00093,Kavya Patil,10,25,170909.5,36795.76,21.53,17090.95
CUST03544,Arjun Singh,14,33,170875.83,41895.64,24.52,12205.42
CUST05453,Rahul Deshmukh,10,38,170857.04,45471.03,26.61,17085.7
CUST05271,Amit Kumar,12,25,170792.35,36700.1,21.49,14232.7
CUST04566,Rohan Deshmukh,14,31,170778.24,40529.7,23.73,12198.45
CUST01264,Vivaan Mhaske,14,29,170733.81,37211.68,21.8,12195.27
CUST02730,Arjun Verma,10,20,170725.01,48764.1,28.56,17072.5
CUST01834,Arjun Mehta,11,30,170720.71,46555.28,27.27,15520.06
CUST05187,Priya Joshi,10,20,170703.67,32671.19,19.14,17070.37
CUST01766,Rahul Shah,12,23,170703.48,46363.45,27.16,14225.29
CUST05049,Aarav Kumar,6,21,170629.82,28656.61,16.79,28438.3
CUST02038,Kavya Gupta,13,28,170528.26,37617.86,22.06,13117.56
CUST04084,Aditya Mhaske,8,23,170497.51,48544.45,28.47,21312.19
CUST02660,Aditya Sharma,10,24,170469.67,43524.38,25.53,17046.97
CUST05958,Arjun Shah,9,18,170399.68,44198.15,25.94,18933.3
CUST03299,Rohan Singh,10,26,170318.33,42790.39,25.12,17031.83
CUST02874,Arjun Deshmukh,12,31,170193.73,26517.19,15.58,14182.81
CUST04474,Sneha Nair,10,22,170056.77,41536.75,24.43,17005.68
CUST02948,Aarav Shah,8,19,170017.9,43483.56,25.58,21252.24
CUST00695,Rohan Nair,13,31,169979.73,31702.21,18.65,13075.36
CUST05331,Amit Sharma,9,23,169979.5,46671.74,27.46,18886.61
CUST03929,Rahul Verma,13,24,169892.97,31547.7,18.57,13068.69
CUST01561,Kavya Nair,10,26,169888.04,44411.11,26.14,16988.8
CUST00544,Isha Deshmukh,9,21,169738.84,54682.43,32.22,18859.87
CUST02386,Amit Nair,12,23,169735.87,48166.74,28.38,14144.66
CUST00880,Rahul Singh,9,24,169716.42,44194.32,26.04,18857.38
CUST02906,Rahul Gupta,12,26,169615.18,44386.06,26.17,14134.6
CUST02148,Arjun Nair,12,27,169571.08,36257.47,21.38,14130.92
CUST02688,Rohan Joshi,10,20,169530.01,36115.04,21.3,16953.0
CUST01021,Vivaan Sharma,11,21,169493.31,45331.12,26.75,15408.48
CUST02884,Aditya Mhaske,11,30,169474.5,42183.15,24.89,15406.77
CUST04446,Neha Verma,11,22,169406.9,23654.94,13.96,15400.63
CUST05718,Pooja Mehta,8,19,169395.68,27584.63,16.28,21174.46
CUST01660,Arjun Joshi,12,24,169364.7,36760.78,21.71,14113.73
CUST04599,Kavya Gupta,17,26,169353.74,40581.77,23.96,9961.98
CUST04358,Rahul Shah,14,27,169275.02,30453.43,17.99,12091.07
CUST00832,Rohan Gupta,8,24,169206.22,37073.68,21.91,21150.78
CUST05147,Vivaan Deshmukh,10,21,169142.13,44385.07,26.24,16914.21
CUST00515,Arjun Sharma,13,27,169101.75,40230.4,23.79,13007.83
CUST03184,Vivaan Patil,12,21,169003.75,37714.94,22.32,14083.65
CUST03408,Vivaan Singh,13,31,168849.18,38902.01,23.04,12988.4
CUST03817,Kavya Singh,13,27,168756.07,34408.02,20.39,12981.24
CUST00011,Rohan Singh,12,27,168682.39,46501.24,27.57,14056.87
CUST00388,Aarav Mehta,14,28,168644.02,22473.48,13.33,12046.0
CUST05820,Aarav Singh,14,27,168563.95,46137.57,27.37,12040.28
CUST01904,Neha Nair,10,23,168556.42,43881.12,26.03,16855.64
CUST03069,Kavya Shah,16,30,168509.86,36020.75,21.38,10531.87
CUST05723,Aarav Patil,11,30,168493.14,36533.92,21.68,15317.56
CUST01967,Arjun Singh,11,17,168447.29,46442.65,27.57,15313.39
CUST01479,Kavya Joshi,11,26,168444.68,27367.45,16.25,15313.15
CUST02052,Kavya Nair,14,30,168441.35,40316.74,23.94,12031.52
CUST02416,Aditya Verma,12,24,168409.18,37504.94,22.27,14034.1
CUST05297,Sneha Nair,12,20,168408.44,41869.8,24.86,14034.04
CUST05994,Karan Gupta,10,28,168392.21,33133.04,19.68,16839.22
CUST00198,Amit Singh,10,23,168379.25,42556.65,25.27,16837.92
CUST05836,Arjun Gupta,12,28,168366.22,47214.07,28.04,14030.52
CUST04636,Aarav Singh,12,21,168362.61,34965.23,20.77,14030.22
CUST00310,Amit Joshi,14,27,168327.14,45418.69,26.98,12023.37
CUST01062,Aarav Joshi,8,19,168204.01,41746.46,24.82,21025.5
CUST02698,Karan Kumar,9,31,168195.89,33206.12,19.74,18688.43
CUST04160,Vivaan Kumar,14,34,168168.93,31326.23,18.63,12012.07
CUST02103,Sneha Sharma,11,23,168161.92,34910.55,20.76,15287.45
CUST01659,Neha Mhaske,10,27,168131.4,36570.52,21.75,16813.14
CUST04684,Amit Nair,17,34,168060.27,37281.59,22.18,9885.9
CUST05373,Karan Nair,9,23,168039.16,40748.92,24.25,18671.02
CUST05028,Kavya Nair,10,23,168015.61,39554.98,23.54,16801.56
CUST01318,Sneha Verma,9,19,167994.33,46225.12,27.52,18666.04
CUST02592,Vivaan Patil,8,24,167986.95,28712.05,17.09,20998.37
CUST00757,Rohan Mehta,10,20,167951.19,46719.28,27.82,16795.12
CUST04194,Neha Deshmukh,15,28,167895.49,36594.45,21.8,11193.03
CUST03946,Isha Singh,15,33,167861.51,31213.39,18.59,11190.77
CUST03898,Isha Sharma,13,23,167825.05,46587.93,27.76,12909.62
CUST04273,Aarav Patil,12,28,167797.78,50390.94,30.03,13983.15
CUST03702,Aditya Verma,8,19,167781.4,50892.73,30.33,20972.67
CUST02645,Arjun Gupta,9,19,167717.4,44594.62,26.59,18635.27
CUST04145,Sneha Mehta,11,27,167614.35,33962.95,20.26,15237.67
CUST04924,Rahul Sharma,14,30,167533.6,37560.69,22.42,11966.69
CUST05305,Arjun Verma,8,17,167527.73,40054.9,23.91,20940.97
CUST04094,Neha Joshi,7,20,167505.66,33805.21,20.18,23929.38
CUST04628,Rahul Patil,10,21,167504.52,39404.02,23.52,16750.45
CUST05482,Aarav Mhaske,10,25,167488.96,48087.94,28.71,16748.9
CUST01844,Kavya Joshi,12,23,167416.76,29616.63,17.69,13951.4
CUST03849,Isha Singh,9,27,167405.35,36758.08,21.96,18600.59
CUST04822,Ananya Patil,9,23,167381.48,43677.2,26.09,18597.94
CUST05601,Vivaan Deshmukh,13,23,167296.4,45087.79,26.95,12868.95
CUST00182,Pooja Kumar,10,22,167279.24,34553.83,20.66,16727.92
CUST01200,Ananya Verma,10,18,167277.52,35266.94,21.08,16727.75
CUST05215,Ananya Nair,14,29,167274.54,36335.6,21.72,11948.18
CUST02053,Aditya Kumar,9,18,167244.65,31696.92,18.95,18582.74
CUST03551,Pooja Patil,10,18,167188.86,37796.74,22.61,16718.89
CUST04869,Amit Shah,9,23,167159.57,41135.77,24.61,18573.29
CUST04697,Amit Verma,6,19,167153.8,40054.78,23.96,27858.97
CUST03253,Meera Mhaske,12,26,167150.23,43514.85,26.03,13929.19
CUST01151,Priya Nair,12,22,167149.69,35323.05,21.13,13929.14
CUST03375,Priya Shah,13,29,167140.91,34443.85,20.61,12856.99
CUST01401,Rohan Mehta,11,23,167117.94,32799.16,19.63,15192.54
CUST00981,Sneha Sharma,12,35,167096.96,43358.29,25.95,13924.75
CUST01086,Arjun Mhaske,8,22,166930.75,43585.7,26.11,20866.34
CUST00436,Pooja Patil,13,26,166912.97,43188.04,25.87,12839.46
CUST04254,Ananya Shah,10,19,166896.9,30836.16,18.48,16689.69
CUST03266,Pooja Nair,8,17,166832.83,32708.46,19.61,20854.1
CUST01454,Rahul Mhaske,8,20,166824.82,47678.22,28.58,20853.1
CUST05214,Aditya Sharma,11,22,166805.32,33529.63,20.1,15164.12
CUST04933,Neha Joshi,12,26,166743.58,45526.89,27.3,13895.3
CUST03426,Sneha Deshmukh,12,26,166709.45,52526.0,31.51,13892.45
CUST00923,Meera Singh,9,15,166646.3,46258.48,27.76,18516.26
CUST05724,Ananya Mehta,14,22,166640.06,46689.86,28.02,11902.86
CUST03002,Arjun Kumar,13,25,166631.72,35623.27,21.38,12817.82
CUST02316,Arjun Kumar,8,20,166629.66,27737.31,16.65,20828.71
CUST01704,Amit Joshi,11,29,166616.03,51645.45,31.0,15146.91
CUST02582,Isha Nair,12,23,166594.89,41206.45,24.73,13882.91
CUST03564,Sneha Sharma,13,21,166542.33,32042.49,19.24,12810.95
CUST02456,Meera Gupta,9,21,166523.43,25052.35,15.04,18502.6
CUST02204,Pooja Verma,12,23,166523.26,34289.4,20.59,13876.94
CUST04108,Pooja Gupta,11,24,166426.46,27922.48,16.78,15129.68
CUST00841,Isha Mhaske,15,29,166356.03,43503.75,26.15,11090.4
CUST05021,Sneha Mhaske,15,28,166282.05,31857.9,19.16,11085.47
CUST03130,Aarav Sharma,13,19,166190.71,42435.21,25.53,12783.9
CUST03808,Meera Shah,15,28,166135.92,35930.56,21.63,11075.73
CUST05084,Aditya Singh,9,20,166028.63,33195.6,19.99,18447.63
CUST05454,Kavya Deshmukh,8,21,165960.23,53549.07,32.27,20745.03
CUST00184,Rohan Mehta,10,23,165944.47,38932.04,23.46,16594.45
CUST03545,Arjun Mehta,11,26,165937.15,43915.6,26.47,15085.2
CUST00528,Karan Gupta,13,28,165911.82,46239.51,27.87,12762.45
CUST04157,Rahul Joshi,8,21,165867.86,32922.03,19.85,20733.48
CUST03530,Amit Verma,8,19,165822.19,49053.07,29.58,20727.77
CUST03871,Rohan Patil,13,26,165759.84,51528.8,31.09,12750.76
CUST04480,Amit Patil,7,19,165723.18,38151.25,23.02,23674.74
CUST05234,Priya Kumar,14,29,165715.51,50794.34,30.65,11836.82
CUST00684,Kavya Verma,9,24,165702.71,52122.9,31.46,18411.41
CUST02964,Rahul Joshi,11,19,165679.99,40269.53,24.31,15061.82
CUST03393,Aarav Verma,13,27,165647.65,26648.9,16.09,12742.13
CUST05846,Aditya Sharma,12,20,165641.15,40379.28,24.38,13803.43
CUST03685,Priya Shah,13,28,165635.58,38553.49,23.28,12741.2
CUST05202,Rahul Deshmukh,11,28,165631.13,29841.31,18.02,15057.38
CUST03700,Priya Kumar,13,24,165627.7,41849.7,25.27,12740.59
CUST05050,Pooja Kumar,13,28,165588.03,33593.88,20.29,12737.54
CUST02969,Amit Patil,11,22,165525.72,46895.31,28.33,15047.79
CUST03265,Neha Gupta,9,18,165491.66,38620.21,23.34,18387.96
CUST05680,Rohan Mehta,7,26,165489.8,46861.62,28.32,23641.4
CUST00452,Arjun Singh,11,22,165462.36,44131.16,26.67,15042.03
CUST05226,Sneha Nair,11,23,165395.97,30753.58,18.59,15036.0
CUST01809,Priya Sharma,14,27,165116.51,37514.82,22.72,11794.04
CUST03975,Meera Deshmukh,10,18,165102.71,27806.67,16.84,16510.27
CUST04301,Arjun Patil,6,20,165036.96,45910.04,27.82,27506.16
CUST05533,Priya Joshi,13,22,164981.81,39626.04,24.02,12690.91
CUST02406,Sneha Verma,10,20,164956.31,50541.64,30.64,16495.63
CUST02090,Rohan Deshmukh,14,32,164949.78,31134.15,18.87,11782.13
CUST04913,Vivaan Shah,10,20,164933.11,30664.0,18.59,16493.31
CUST01848,Karan Sharma,8,20,164897.51,31743.84,19.25,20612.19
CUST03553,Isha Nair,9,21,164892.0,39130.46,23.73,18321.33
CUST02755,Isha Gupta,9,22,164803.56,49965.98,30.32,18311.51
CUST02854,Rohan Mhaske,11,27,164791.75,33179.79,20.13,14981.07
CUST02273,Sneha Deshmukh,9,22,164776.71,36056.43,21.88,18308.52
CUST01063,Meera Patil,11,33,164602.8,48809.61,29.65,14963.89
CUST03527,Ananya Singh,15,38,164512.47,38500.3,23.4,10967.5
CUST01529,Aditya Patil,10,24,164501.78,37476.33,22.78,16450.18
CUST03051,Meera Singh,10,26,164480.02,43493.14,26.44,16448.0
CUST04407,Rahul Mhaske,9,17,164477.53,46751.33,28.42,18275.28
CUST03985,Meera Verma,13,32,164449.55,33749.43,20.52,12649.97
CUST03448,Sneha Deshmukh,13,26,164421.58,39002.36,23.72,12647.81
CUST02241,Amit Kumar,7,27,164420.81,44095.61,26.82,23488.69
CUST01368,Isha Sharma,9,23,164388.25,26830.63,16.32,18265.36
CUST04555,Aditya Singh,9,23,164233.82,40701.18,24.78,18248.2
CUST03117,Vivaan Gupta,8,21,164227.06,38001.07,23.14,20528.38
CUST00194,Rahul Deshmukh,12,32,164125.73,45292.85,27.6,13677.14
CUST03320,Rohan Gupta,9,20,164017.23,33784.62,20.6,18224.14
CUST03190,Arjun Nair,14,33,164015.47,48253.0,29.42,11715.39
CUST02263,Karan Patil,10,27,163948.69,45056.2,27.48,16394.87
CUST00058,Arjun Singh,9,17,163943.7,48794.51,29.76,18215.97
CUST05527,Arjun Mhaske,11,21,163906.66,38678.35,23.6,14900.61
CUST05411,Amit Sharma,12,28,163883.22,37852.22,23.1,13656.93
CUST00055,Aarav Nair,11,20,163881.1,40188.48,24.52,14898.28
CUST02930,Rohan Deshmukh,13,33,163864.04,35618.84,21.74,12604.93
CUST01000,Amit Singh,9,23,163818.69,42675.62,26.05,18202.08
CUST01091,Rohan Nair,8,20,163812.19,45119.08,27.54,20476.52
CUST04196,Ananya Joshi,10,18,163807.34,51892.17,31.68,16380.73
CUST01610,Arjun Kumar,12,29,163734.53,47177.05,28.81,13644.54
CUST03797,Rahul Mehta,14,27,163700.14,37080.04,22.65,11692.87
CUST05354,Ananya Mehta,15,28,163497.3,36690.23,22.44,10899.82
CUST01630,Priya Nair,12,21,163494.9,32383.41,19.81,13624.57
CUST01614,Neha Verma,11,25,163471.24,33849.86,20.71,14861.02
CUST03725,Meera Sharma,10,29,163432.4,37189.78,22.76,16343.24
CUST03710,Vivaan Shah,11,22,163432.38,45618.64,27.91,14857.49
CUST05500,Karan Mhaske,11,31,163343.04,34020.83,20.83,14849.37
CUST00336,Meera Nair,12,24,163317.7,35140.86,21.52,13609.81
CUST02314,Amit Mehta,14,22,163259.28,42151.68,25.82,11661.38
CUST04748,Sneha Deshmukh,12,19,163222.53,44328.29,27.16,13601.88
CUST01377,Rahul Mhaske,12,28,163211.79,46811.46,28.68,13600.98
CUST00634,Neha Shah,12,23,163137.68,35127.59,21.53,13594.81
CUST01778,Aarav Mehta,11,21,163107.19,51179.12,31.38,14827.93
CUST01134,Karan Singh,9,17,163087.1,40726.69,24.97,18120.79
CUST01976,Rohan Gupta,8,18,163068.99,30479.05,18.69,20383.62
CUST05519,Neha Sharma,13,20,163038.56,45115.36,27.67,12541.43
CUST02792,Rohan Gupta,12,21,162976.79,41190.79,25.27,13581.4
CUST02806,Vivaan Deshmukh,14,26,162964.45,36701.34,22.52,11640.32
CUST00391,Aarav Verma,6,18,162955.06,28608.97,17.56,27159.18
CUST00425,Arjun Verma,7,16,162904.96,27637.61,16.97,23272.14
CUST04743,Karan Singh,11,23,162893.06,36006.76,22.1,14808.46
CUST02294,Priya Mehta,7,21,162876.44,45588.16,27.99,23268.06
CUST05287,Meera Nair,14,24,162854.49,31263.09,19.2,11632.46
CUST05319,Pooja Verma,12,21,162817.66,34226.76,21.02,13568.14
CUST04738,Rahul Patil,9,26,162808.24,43693.25,26.84,18089.8
CUST02475,Sneha Mehta,6,15,162802.78,45491.71,27.94,27133.8
CUST04262,Isha Gupta,11,19,162800.37,32548.36,19.99,14800.03
CUST03806,Amit Sharma,9,26,162787.09,38691.66,23.77,18087.45
CUST03590,Vivaan Verma,11,22,162785.29,43645.21,26.81,14798.66
CUST00437,Aditya Singh,12,28,162759.95,31059.36,19.08,13563.33
CUST02324,Amit Deshmukh,12,24,162757.53,33322.78,20.47,13563.13
CUST00733,Priya Nair,10,24,162731.7,42800.35,26.3,16273.17
CUST01920,Aarav Patil,9,22,162699.13,47049.05,28.92,18077.68
CUST01262,Vivaan Kumar,10,19,162687.64,36242.88,22.28,16268.76
CUST01701,Meera Mehta,10,18,162676.26,44356.54,27.27,16267.63
CUST04079,Amit Singh,11,23,162664.91,35907.39,22.07,14787.72
CUST03970,Kavya Joshi,9,22,162639.64,28711.74,17.65,18071.07
CUST01041,Aditya Mehta,9,23,162603.86,39392.48,24.23,18067.1
CUST05355,Rahul Verma,10,24,162597.93,29280.95,18.01,16259.79
CUST02225,Rohan Gupta,10,23,162580.59,48755.18,29.99,16258.06
CUST00300,Rohan Mehta,11,23,162571.31,43253.19,26.61,14779.21
CUST04332,Aarav Mhaske,10,23,162564.24,40033.44,24.63,16256.42
CUST00304,Priya Joshi,12,33,162493.43,45204.91,27.82,13541.12
CUST04806,Neha Gupta,11,17,162491.75,45259.16,27.85,14771.98
CUST01219,Amit Sharma,17,31,162478.11,40031.94,24.64,9557.54
CUST05933,Neha Nair,10,20,162413.23,48524.55,29.88,16241.32
CUST02922,Kavya Nair,10,23,162407.26,42794.92,26.35,16240.73
CUST02798,Aarav Verma,10,20,162405.35,38502.07,23.71,16240.53
CUST02173,Isha Joshi,11,25,162355.77,35960.4,22.15,14759.62
CUST05111,Arjun Verma,11,22,162336.01,35046.8,21.59,14757.82
CUST05025,Pooja Nair,7,18,162233.3,39312.73,24.23,23176.19
CUST03980,Neha Deshmukh,13,22,162179.06,44419.38,27.39,12475.31
CUST04062,Rohan Sharma,10,21,162089.88,39959.65,24.65,16208.99
CUST05086,Karan Gupta,11,21,162014.17,37401.69,23.09,14728.56
CUST03707,Kavya Verma,8,19,161987.88,43768.21,27.02,20248.49
CUST05644,Meera Mhaske,6,22,161983.56,41449.81,25.59,26997.26
CUST01236,Arjun Kumar,12,26,161948.82,41757.14,25.78,13495.74
CUST01207,Karan Joshi,11,26,161899.58,30559.58,18.88,14718.14
CUST02770,Vivaan Mhaske,12,26,161844.6,29843.03,18.44,13487.05
CUST03441,Pooja Singh,12,31,161815.82,31768.47,19.63,13484.65
CUST01070,Sneha Kumar,8,17,161802.81,37637.31,23.26,20225.35
CUST05492,Pooja Sharma,14,28,161775.8,36688.87,22.68,11555.41
CUST05293,Pooja Nair,11,22,161771.74,37854.8,23.4,14706.52
CUST04911,Meera Mhaske,10,24,161752.19,40392.03,24.97,16175.22
CUST03298,Ananya Gupta,8,21,161740.37,33739.01,20.86,20217.55
CUST00649,Rohan Singh,10,20,161724.9,35265.9,21.81,16172.49
CUST05951,Karan Kumar,13,32,161685.22,46334.47,28.66,12437.32
CUST00160,Kavya Sharma,14,28,161623.29,35083.09,21.71,11544.52
CUST01010,Karan Joshi,9,18,161537.79,40254.15,24.92,17948.64
CUST02619,Kavya Patil,10,21,161533.96,33309.01,20.62,16153.4
CUST05223,Aditya Joshi,13,26,161529.94,36329.85,22.49,12425.38
CUST05370,Amit Kumar,9,30,161456.33,29411.58,18.22,17939.59
CUST01322,Aditya Singh,6,17,161408.19,33168.05,20.55,26901.37
CUST00892,Arjun Nair,8,21,161333.34,37714.72,23.38,20166.67
CUST02907,Priya Gupta,9,18,161309.11,40816.25,25.3,17923.23
CUST04225,Priya Verma,9,30,161197.6,39183.68,24.31,17910.84
CUST00502,Meera Deshmukh,9,23,161166.88,45939.0,28.5,17907.43
CUST03324,Karan Kumar,10,27,161163.63,37956.62,23.55,16116.36
CUST01515,Aditya Joshi,9,20,161142.44,45071.89,27.97,17904.72
CUST00811,Rohan Mehta,9,20,161061.88,31107.67,19.31,17895.76
CUST03169,Aarav Nair,13,36,161008.51,41083.94,25.52,12385.27
CUST01951,Vivaan Mhaske,12,23,160883.35,31477.33,19.57,13406.95
CUST05282,Neha Gupta,9,19,160854.25,37013.66,23.01,17872.69
CUST05865,Arjun Mhaske,9,24,160847.29,38820.15,24.13,17871.92
CUST04992,Rohan Shah,9,22,160808.28,31165.91,19.38,17867.59
CUST01300,Arjun Joshi,9,23,160794.04,44028.32,27.38,17866.0
CUST03838,Sneha Singh,10,21,160727.71,44902.6,27.94,16072.77
CUST01104,Rohan Joshi,9,22,160669.89,28920.75,18.0,17852.21
CUST03443,Priya Mehta,9,22,160658.87,46221.4,28.77,17850.99
CUST04976,Rohan Deshmukh,16,31,160614.81,29775.32,18.54,10038.43
CUST02086,Aditya Gupta,12,31,160584.5,41044.64,25.56,13382.04
CUST01828,Meera Mhaske,10,17,160478.23,26416.78,16.46,16047.82
CUST05679,Priya Singh,12,30,160392.56,40237.73,25.09,13366.05
CUST00092,Vivaan Verma,11,29,160347.7,36825.39,22.97,14577.06
CUST02484,Isha Singh,10,22,160335.65,34909.44,21.77,16033.56
CUST05066,Meera Mhaske,12,21,160335.3,35612.26,22.21,13361.27
CUST05986,Aditya Patil,10,21,160329.91,44403.72,27.7,16032.99
CUST02098,Rahul Patil,13,21,160323.67,46357.34,28.91,12332.59
CUST03800,Kavya Sharma,12,26,160302.13,39666.21,24.74,13358.51
CUST03525,Isha Singh,13,24,160186.79,50637.49,31.61,12322.06
CUST05853,Aditya Sharma,12,21,160174.97,37536.93,23.43,13347.91
CUST03567,Kavya Singh,9,16,160111.89,40849.2,25.51,17790.21
CUST00076,Rahul Deshmukh,9,22,160085.73,35145.65,21.95,17787.3
CUST02464,Kavya Gupta,9,28,160064.55,24896.3,15.55,17784.95
CUST02794,Isha Patil,15,36,160049.96,44826.84,28.01,10670.0
CUST05114,Ananya Mehta,12,22,160011.45,39815.69,24.88,13334.29
CUST01629,Arjun Gupta,4,14,159944.74,56267.92,35.18,39986.18
CUST03774,Vivaan Patil,12,24,159922.05,44109.36,27.58,13326.84
CUST03193,Vivaan Sharma,10,30,159779.01,36683.87,22.96,15977.9
CUST01761,Vivaan Deshmukh,13,28,159761.69,37480.46,23.46,12289.36
CUST05096,Sneha Mehta,10,19,159751.39,46254.98,28.95,15975.14
CUST00215,Isha Joshi,13,30,159688.01,35877.38,22.47,12283.69
CUST00514,Meera Nair,8,23,159659.36,35321.6,22.12,19957.42
CUST01721,Aarav Patil,12,28,159655.65,33010.07,20.68,13304.64
CUST02862,Aditya Joshi,13,26,159618.48,31989.16,20.04,12278.34
CUST01410,Aditya Nair,12,22,159545.95,41291.78,25.88,13295.5
CUST04136,Meera Mehta,10,26,159440.49,31012.46,19.45,15944.05
CUST00790,Isha Kumar,8,14,159427.54,38064.6,23.88,19928.44
CUST05233,Arjun Verma,12,25,159418.65,42397.34,26.59,13284.89
CUST03683,Neha Verma,11,23,159418.2,47013.54,29.49,14492.56
CUST02993,Aditya Sharma,15,21,159354.0,33852.33,21.24,10623.6
CUST05290,Pooja Kumar,11,24,159350.9,32056.37,20.12,14486.45
CUST05713,Aarav Kumar,12,34,159289.99,30698.34,19.27,13274.17
CUST01167,Arjun Kumar,5,15,159287.19,35176.46,22.08,31857.44
CUST04800,Vivaan Patil,8,19,159239.96,45151.39,28.35,19904.99
CUST00626,Isha Deshmukh,12,30,159183.16,43169.95,27.12,13265.26
CUST00185,Vivaan Patil,10,28,159132.72,31329.5,19.69,15913.27
CUST05526,Isha Mhaske,12,29,159125.69,44764.38,28.13,13260.47
CUST05568,Priya Verma,14,30,159070.94,42277.03,26.58,11362.21
CUST05621,Priya Patil,8,22,159042.94,38373.22,24.13,19880.37
CUST03877,Neha Nair,7,19,159036.4,27583.31,17.34,22719.49
CUST03014,Arjun Sharma,7,16,159024.41,34043.48,21.41,22717.77
CUST05044,Priya Joshi,7,14,159000.22,33187.49,20.87,22714.32
CUST00868,Kavya Sharma,4,13,158958.48,40091.01,25.22,39739.62
CUST04250,Karan Verma,13,22,158904.97,36170.26,22.76,12223.46
CUST04915,Vivaan Mhaske,16,31,158806.81,44128.16,27.79,9925.43
CUST01140,Karan Nair,14,30,158782.24,35994.28,22.67,11341.59
CUST01335,Meera Patil,9,20,158603.84,34480.28,21.74,17622.65
CUST00693,Karan Gupta,11,29,158547.78,49119.36,30.98,14413.43
CUST04950,Vivaan Patil,12,17,158542.81,39027.6,24.62,13211.9
CUST00426,Priya Nair,10,21,158536.37,35745.5,22.55,15853.64
CUST01015,Rohan Singh,11,22,158492.64,44183.61,27.88,14408.42
CUST05435,Aarav Mehta,14,25,158448.86,28650.24,18.08,11317.78
CUST03615,Neha Mehta,12,18,158421.72,38607.05,24.37,13201.81
CUST05742,Pooja Joshi,9,19,158354.19,54028.88,34.12,17594.91
CUST02963,Aarav Kumar,13,30,158320.22,27945.22,17.65,12178.48
CUST03368,Aditya Verma,9,21,158272.42,44188.64,27.92,17585.82
CUST05507,Kavya Sharma,15,23,158103.15,38997.27,24.67,10540.21
CUST01532,Neha Mhaske,12,25,158099.87,32503.54,20.56,13174.99
CUST01813,Aarav Singh,11,24,158093.1,33469.27,21.17,14372.1
CUST04185,Sneha Shah,14,25,158060.78,44713.05,28.29,11290.06
CUST05165,Priya Mehta,14,30,157980.83,39498.82,25.0,11284.34
CUST04655,Arjun Mhaske,14,36,157971.5,39693.0,25.13,11283.68
CUST01118,Neha Gupta,17,30,157963.99,35485.34,22.46,9292.0
CUST02528,Pooja Kumar,14,26,157840.0,31907.53,20.22,11274.29
CUST03077,Arjun Verma,8,15,157721.84,53304.97,33.8,19715.23
CUST00873,Meera Nair,14,21,157711.46,37785.71,23.96,11265.1
CUST05480,Ananya Singh,13,24,157690.48,33670.48,21.35,12130.04
CUST04613,Pooja Sharma,10,30,157677.26,34081.49,21.61,15767.73
CUST02363,Meera Joshi,12,25,157670.88,29445.75,18.68,13139.24
CUST05760,Isha Deshmukh,13,25,157657.04,36886.33,23.4,12127.46
CUST01065,Kavya Joshi,12,25,157619.95,36060.04,22.88,13135.0
CUST02786,Karan Gupta,10,19,157594.57,47682.32,30.26,15759.46
CUST00291,Meera Singh,10,22,157581.57,43224.27,27.43,15758.16
CUST03329,Aditya Gupta,10,24,157570.22,26472.41,16.8,15757.02
CUST00815,Aarav Kumar,7,22,157561.39,32074.74,20.36,22508.77
CUST01546,Priya Nair,12,22,157531.44,46690.9,29.64,13127.62
CUST03739,Kavya Nair,13,25,157517.87,36658.83,23.27,12116.76
CUST03058,Aditya Joshi,9,19,157495.87,21629.47,13.73,17499.54
CUST01992,Aditya Mhaske,11,24,157483.35,29282.26,18.59,14316.67
CUST04413,Neha Sharma,10,24,157434.04,51288.12,32.58,15743.4
CUST05688,Arjun Deshmukh,14,35,157397.36,40471.15,25.71,11242.67
CUST03509,Sneha Patil,10,21,157334.75,33536.32,21.32,15733.48
CUST02001,Isha Joshi,9,15,157274.34,34105.6,21.69,17474.93
CUST00489,Ananya Gupta,12,25,157269.93,35058.75,22.29,13105.83
CUST01944,Arjun Nair,8,22,157252.62,24074.68,15.31,19656.58
CUST02382,Kavya Nair,7,17,157248.02,37542.02,23.87,22464.0
CUST00930,Karan Mhaske,11,20,157216.65,39749.85,25.28,14292.42
CUST03614,Karan Mehta,8,21,157129.7,32707.62,20.82,19641.21
CUST01157,Aditya Mehta,9,21,157070.69,46113.62,29.36,17452.3
CUST05583,Priya Mhaske,11,25,157021.08,39184.26,24.95,14274.64
CUST04229,Karan Kumar,13,20,157003.86,39354.31,25.07,12077.22
CUST00082,Rahul Mhaske,9,19,156987.49,34562.43,22.02,17443.05
CUST02123,Meera Mehta,8,23,156961.25,46010.57,29.31,19620.16
CUST05936,Amit Deshmukh,8,18,156921.47,32962.0,21.01,19615.18
CUST04299,Rohan Kumar,9,22,156916.32,41628.81,26.53,17435.15
CUST01298,Kavya Kumar,10,19,156889.81,36168.76,23.05,15688.98
CUST00231,Neha Deshmukh,8,20,156852.53,31596.92,20.14,19606.57
CUST01254,Aarav Deshmukh,10,20,156850.8,33990.4,21.67,15685.08
CUST04742,Priya Shah,15,26,156819.5,32690.02,20.85,10454.63
CUST02675,Karan Joshi,13,30,156785.89,44231.44,28.21,12060.45
CUST04813,Priya Kumar,13,26,156764.71,37186.88,23.72,12058.82
CUST01683,Aditya Deshmukh,9,32,156691.38,35352.26,22.56,17410.15
CUST03259,Karan Verma,13,30,156605.47,38343.79,24.48,12046.57
CUST04195,Meera Shah,9,20,156589.15,37629.46,24.03,17398.79
CUST04845,Sneha Gupta,10,20,156572.63,38203.01,24.4,15657.26
CUST03728,Neha Kumar,12,23,156566.01,28554.45,18.24,13047.17
CUST03752,Karan Mehta,8,23,156554.71,24343.63,15.55,19569.34
CUST00316,Vivaan Singh,14,34,156466.6,32379.08,20.69,11176.19
CUST00770,Karan Kumar,12,25,156432.26,44976.68,28.75,13036.02
CUST04579,Pooja Kumar,14,23,156402.76,34263.9,21.91,11171.63
CUST02604,Rohan Shah,10,22,156361.96,41686.51,26.66,15636.2
CUST05647,Arjun Sharma,9,20,156329.88,29216.49,18.69,17369.99
CUST00611,Aarav Singh,11,26,156289.76,38364.09,24.55,14208.16
CUST03383,Neha Deshmukh,10,21,156268.26,37895.7,24.25,15626.83
CUST05054,Kavya Sharma,9,15,156233.25,37575.88,24.05,17359.25
CUST00670,Meera Gupta,11,31,156230.08,34517.42,22.09,14202.73
CUST02525,Meera Kumar,10,24,156060.34,28791.91,18.45,15606.03
CUST05078,Meera Joshi,9,24,156014.39,32453.23,20.8,17334.93
CUST03651,Ananya Verma,10,21,156004.9,37001.59,23.72,15600.49
CUST04393,Amit Nair,11,29,155986.44,34620.55,22.19,14180.59
CUST02136,Karan Kumar,13,32,155909.87,32311.14,20.72,11993.07
CUST04812,Arjun Mehta,10,20,155870.79,38958.5,24.99,15587.08
CUST00419,Aarav Kumar,12,27,155856.82,42586.79,27.32,12988.07
CUST03202,Priya Gupta,15,24,155775.82,31271.69,20.07,10385.05
CUST00826,Kavya Gupta,9,19,155770.46,45149.23,28.98,17307.83
CUST00422,Aditya Gupta,9,18,155758.13,51322.47,32.95,17306.46
CUST01239,Isha Singh,14,23,155751.18,42446.56,27.25,11125.08
CUST02110,Meera Verma,8,21,155726.45,37700.65,24.21,19465.81
CUST03132,Vivaan Kumar,11,29,155725.89,34938.62,22.44,14156.9
CUST04287,Ananya Gupta,10,19,155722.09,40532.91,26.03,15572.21
CUST02120,Karan Singh,12,26,155665.19,30918.3,19.86,12972.1
CUST02243,Meera Kumar,6,16,155639.21,51140.59,32.86,25939.87
CUST01632,Rohan Mhaske,10,24,155542.16,46113.14,29.65,15554.22
CUST00423,Neha Sharma,16,36,155474.42,32833.49,21.12,9717.15
CUST01449,Sneha Patil,12,26,155451.16,33898.73,21.81,12954.26
CUST01226,Ananya Kumar,14,27,155364.39,43841.05,28.22,11097.46
CUST03406,Karan Sharma,10,22,155254.9,22317.55,14.37,15525.49
CUST02341,Isha Verma,12,25,155217.97,20784.55,13.39,12934.83
CUST01060,Neha Verma,8,15,155206.89,44972.32,28.98,19400.86
CUST01475,Amit Nair,9,14,155088.94,51470.78,33.19,17232.1
CUST03705,Neha Mhaske,9,15,154983.48,33866.19,21.85,17220.39
CUST04479,Rohan Deshmukh,9,19,154920.18,41247.46,26.62,17213.35
CUST01061,Sneha Sharma,16,28,154891.33,41165.49,26.58,9680.71
CUST03112,Vivaan Singh,13,29,154858.04,35377.68,22.85,11912.16
CUST03367,Arjun Kumar,9,17,154831.3,34859.19,22.51,17203.48
CUST04126,Ananya Verma,11,26,154771.67,35929.98,23.21,14070.15
CUST05565,Ananya Sharma,14,39,154764.5,28572.68,18.46,11054.61
CUST00189,Pooja Sharma,6,21,154752.09,25422.95,16.43,25792.01
CUST03756,Aditya Kumar,8,16,154730.76,37060.38,23.95,19341.35
CUST02938,Aditya Joshi,14,24,154609.98,30170.04,19.51,11043.57
CUST02423,Amit Patil,14,24,154596.15,37324.56,24.14,11042.58
CUST05721,Rohan Shah,10,23,154594.04,35173.91,22.75,15459.4
CUST01430,Karan Singh,10,21,154515.66,34416.39,22.27,15451.57
CUST05232,Rohan Sharma,11,21,154505.42,36457.94,23.6,14045.95
CUST00043,Isha Gupta,10,19,154492.85,39286.64,25.43,15449.28
CUST02327,Arjun Singh,10,20,154479.9,44287.41,28.67,15447.99
CUST03604,Ananya Patil,11,27,154342.45,46370.1,30.04,14031.13
CUST00239,Aarav Deshmukh,8,19,154284.1,42642.05,27.64,19285.51
CUST05827,Karan Mhaske,11,20,154201.33,44133.15,28.62,14018.3
CUST04904,Rohan Nair,12,28,154200.31,25541.65,16.56,12850.03
CUST05815,Neha Singh,9,21,154079.89,26155.69,16.98,17119.99
CUST04374,Meera Shah,11,20,154030.08,39652.38,25.74,14002.73
CUST01150,Isha Sharma,10,24,154021.84,23978.93,15.57,15402.18
CUST03366,Priya Deshmukh,13,28,154019.46,31795.45,20.64,11847.65
CUST01819,Aditya Nair,10,25,153973.93,42612.7,27.68,15397.39
CUST02519,Karan Shah,8,17,153954.82,31666.41,20.57,19244.35
CUST01821,Aditya Patil,11,30,153948.32,40743.47,26.47,13995.3
CUST03503,Arjun Joshi,12,26,153924.45,38596.36,25.07,12827.04
CUST04533,Rahul Patil,14,21,153865.92,36866.49,23.96,10990.42
CUST05676,Priya Mhaske,10,19,153757.58,42177.78,27.43,15375.76
CUST02459,Kavya Singh,9,18,153655.28,48418.78,31.51,17072.81
CUST01968,Pooja Deshmukh,11,21,153641.95,22553.96,14.68,13967.45
CUST00497,Arjun Verma,16,32,153640.93,41456.79,26.98,9602.56
CUST01444,Aditya Shah,11,22,153620.7,28790.79,18.74,13965.52
CUST05227,Karan Patil,11,22,153509.87,38051.42,24.79,13955.44
CUST03948,Arjun Patil,11,17,153463.25,44214.98,28.81,13951.2
CUST04783,Vivaan Patil,9,22,153452.65,37857.47,24.67,17050.29
CUST02893,Aditya Deshmukh,11,23,153445.64,31918.28,20.8,13949.6
CUST00104,Meera Joshi,5,12,153412.23,43548.58,28.39,30682.45
CUST03285,Isha Mhaske,11,24,153354.66,41157.24,26.84,13941.33
CUST05074,Meera Singh,10,20,153328.99,42514.84,27.73,15332.9
CUST02733,Aarav Sharma,11,21,153312.31,42794.41,27.91,13937.48
CUST04190,Arjun Patil,8,19,153287.76,39792.57,25.96,19160.97
CUST02349,Aarav Singh,14,29,153286.78,36097.31,23.55,10949.06
CUST02328,Karan Deshmukh,11,24,153139.56,35038.38,22.88,13921.78
CUST00370,Aarav Sharma,10,32,153138.99,42132.22,27.51,15313.9
CUST04296,Pooja Verma,12,23,153044.61,42826.96,27.98,12753.72
CUST05427,Amit Verma,8,16,152936.88,37023.85,24.21,19117.11
CUST05571,Pooja Deshmukh,12,23,152888.41,40995.56,26.81,12740.7
CUST04895,Isha Mehta,8,23,152884.21,47198.89,30.87,19110.53
CUST04495,Kavya Kumar,14,34,152789.05,43387.52,28.4,10913.5
CUST00142,Aditya Nair,11,19,152744.63,38998.79,25.53,13885.88
CUST05089,Meera Deshmukh,14,24,152726.15,42752.34,27.99,10909.01
CUST00796,Priya Deshmukh,10,27,152687.74,38369.4,25.13,15268.77
CUST04998,Vivaan Deshmukh,11,26,152617.8,34762.54,22.78,13874.35
CUST02896,Karan Patil,10,19,152511.47,29446.41,19.31,15251.15
CUST00608,Ananya Mhaske,10,21,152478.28,39469.44,25.89,15247.83
CUST00124,Meera Joshi,8,18,152434.31,43606.66,28.61,19054.29
CUST00034,Priya Nair,8,25,152401.81,39379.97,25.84,19050.23
CUST00766,Priya Singh,12,22,152383.92,38209.89,25.07,12698.66
CUST00032,Aarav Verma,14,32,152376.05,36833.65,24.17,10884.0
CUST03274,Isha Singh,13,33,152327.39,42053.19,27.61,11717.49
CUST00048,Sneha Deshmukh,12,19,152323.52,15388.65,10.1,12693.63
CUST04818,Pooja Sharma,12,27,152320.99,31267.35,20.53,12693.42
CUST02573,Amit Mhaske,13,30,152306.55,38569.31,25.32,11715.89
CUST05037,Rahul Singh,9,19,152275.72,34135.12,22.42,16919.52
CUST03772,Isha Mhaske,13,31,152170.02,39522.76,25.97,11705.39
CUST05515,Rohan Deshmukh,6,17,152147.08,39331.24,25.85,25357.85
CUST03081,Rohan Deshmukh,8,23,152145.46,47422.35,31.17,19018.18
CUST01782,Rahul Gupta,10,24,152112.99,32952.56,21.66,15211.3
CUST05627,Neha Deshmukh,9,21,152081.67,40794.21,26.82,16897.96
CUST03526,Ananya Singh,14,30,152076.26,31149.05,20.48,10862.59
CUST05257,Karan Singh,10,24,152021.66,42382.69,27.88,15202.17
CUST00170,Ananya Kumar,11,25,151981.35,31055.53,20.43,13816.49
CUST04426,Isha Singh,10,20,151978.71,43901.67,28.89,15197.87
CUST00744,Kavya Verma,7,15,151953.82,32217.52,21.2,21707.69
CUST01005,Aarav Deshmukh,7,16,151952.53,45607.23,30.01,21707.5
CUST03831,Pooja Joshi,10,29,151940.02,32049.74,21.09,15194.0
CUST02329,Aarav Sharma,10,23,151893.9,30815.91,20.29,15189.39
CUST03090,Kavya Sharma,12,21,151888.76,26698.74,17.58,12657.4
CUST00358,Meera Sharma,8,21,151826.23,39558.75,26.06,18978.28
CUST00677,Priya Deshmukh,9,16,151812.27,35602.94,23.45,16868.03
CUST01751,Isha Verma,12,22,151806.79,41702.41,27.47,12650.57
CUST00038,Meera Verma,14,29,151779.91,29963.2,19.74,10841.42
CUST00603,Pooja Shah,11,21,151630.35,24687.8,16.28,13784.58
CUST04695,Pooja Mehta,8,19,151611.21,35805.07,23.62,18951.4
CUST05779,Amit Patil,10,27,151569.18,25544.54,16.85,15156.92
CUST00746,Kavya Nair,11,24,151518.1,30364.92,20.04,13774.37
CUST01870,Vivaan Kumar,15,26,151454.47,37581.5,24.81,10096.96
CUST02134,Amit Singh,14,35,151448.69,32001.27,21.13,10817.76
CUST05056,Rohan Joshi,7,20,151422.63,35723.04,23.59,21631.8
CUST05068,Aditya Patil,7,14,151412.13,40354.1,26.65,21630.3
CUST04860,Meera Patil,6,17,151402.47,43677.53,28.85,25233.74
CUST01846,Rahul Verma,9,22,151376.71,30387.94,20.07,16819.63
CUST05000,Pooja Deshmukh,12,27,151330.3,30195.53,19.95,12610.86
CUST03989,Arjun Sharma,10,20,151328.98,27765.19,18.35,15132.9
CUST02550,Isha Sharma,9,24,151325.51,28684.32,18.96,16813.95
CUST04400,Aditya Nair,10,27,151294.16,34671.29,22.92,15129.42
CUST03017,Aditya Mhaske,14,27,151199.45,39081.02,25.85,10799.96
CUST01946,Aditya Nair,13,22,151170.95,24546.96,16.24,11628.53
CUST01464,Priya Mhaske,7,21,151114.6,31240.67,20.67,21587.8
CUST05064,Priya Nair,13,21,151102.77,34149.03,22.6,11623.29
CUST04473,Meera Gupta,9,17,151096.65,42779.28,28.31,16788.52
CUST03586,Kavya Gupta,9,20,151002.98,31975.08,21.18,16778.11
CUST04324,Sneha Shah,9,16,150993.51,43701.46,28.94,16777.06
CUST01494,Amit Patil,11,21,150982.75,42783.51,28.34,13725.7
CUST04691,Neha Joshi,13,33,150963.63,29507.68,19.55,11612.59
CUST01275,Aarav Joshi,8,18,150963.48,42537.41,28.18,18870.44
CUST02616,Arjun Sharma,9,20,150925.48,43565.84,28.87,16769.5
CUST01860,Rahul Sharma,9,17,150894.63,50512.45,33.48,16766.07
CUST00901,Rohan Verma,12,27,150866.22,34535.44,22.89,12572.18
CUST01502,Amit Mehta,11,21,150819.59,34429.73,22.83,13710.87
CUST02811,Rahul Verma,10,23,150805.54,43401.3,28.78,15080.55
CUST02990,Aditya Gupta,7,16,150805.07,33396.72,22.15,21543.58
CUST00049,Arjun Verma,11,19,150644.42,47843.77,31.76,13694.95
CUST02181,Rohan Patil,9,30,150637.56,39224.29,26.04,16737.51
CUST05776,Karan Joshi,15,31,150612.76,35365.2,23.48,10040.85
CUST00556,Meera Sharma,11,22,150546.71,42413.65,28.17,13686.06
CUST00454,Ananya Nair,11,24,150510.42,35814.05,23.8,13682.77
CUST02778,Pooja Mehta,11,19,150483.36,42634.47,28.33,13680.31
CUST05590,Kavya Gupta,10,18,150390.16,38272.43,25.45,15039.02
CUST05503,Rahul Shah,8,19,150363.57,42725.34,28.41,18795.45
CUST00150,Kavya Kumar,13,22,150231.13,35169.44,23.41,11556.24
CUST03582,Neha Deshmukh,17,28,150206.92,38103.0,25.37,8835.7
CUST04668,Neha Joshi,11,17,150155.2,35158.53,23.41,13650.47
CUST04251,Karan Nair,11,24,150153.78,33856.06,22.55,13650.34
CUST00712,Meera Shah,8,18,150126.81,41191.01,27.44,18765.85
CUST02918,Vivaan Nair,8,19,150119.36,39317.14,26.19,18764.92
CUST01531,Pooja Kumar,12,20,150070.2,32952.04,21.96,12505.85
CUST02468,Aditya Joshi,11,20,150005.17,43346.29,28.9,13636.83
CUST00359,Ananya Kumar,9,23,149991.11,33084.2,22.06,16665.68
CUST01324,Aditya Patil,18,28,149925.85,35062.98,23.39,8329.21
CUST01566,Kavya Joshi,8,18,149914.51,31328.73,20.9,18739.31
CUST01602,Kavya Verma,11,18,149887.49,34629.1,23.1,13626.14
CUST04259,Ananya Nair,10,25,149822.8,32640.52,21.79,14982.28
CUST03926,Ananya Gupta,10,21,149799.98,34274.47,22.88,14980.0
CUST05798,Sneha Kumar,10,23,149771.77,37337.27,24.93,14977.18
CUST02526,Rohan Kumar,12,27,149710.0,37612.7,25.12,12475.83
CUST05744,Vivaan Shah,12,25,149708.8,31953.35,21.34,12475.73
CUST05946,Amit Verma,15,27,149601.5,39170.71,26.18,9973.43
CUST04390,Rohan Nair,10,19,149591.73,37535.79,25.09,14959.17
CUST04542,Amit Deshmukh,8,25,149571.84,31093.65,20.79,18696.48
CUST00922,Karan Joshi,12,21,149561.72,38933.05,26.03,12463.48
CUST04345,Priya Mhaske,8,18,149541.66,29463.53,19.7,18692.71
CUST01279,Kavya Verma,6,21,149486.15,37951.74,25.39,24914.36
CUST04503,Priya Kumar,10,29,149481.27,45991.31,30.77,14948.13
CUST01463,Arjun Patil,10,21,149460.88,36573.73,24.47,14946.09
CUST00588,Aditya Shah,10,21,149325.07,28042.84,18.78,14932.51
CUST00018,Vivaan Nair,12,24,149285.45,35396.62,23.71,12440.45
CUST00364,Isha Sharma,12,19,149234.84,32144.76,21.54,12436.24
CUST02099,Priya Mehta,8,15,149230.59,38445.8,25.76,18653.82
CUST04234,Rahul Kumar,9,18,149119.69,38929.03,26.11,16568.85
CUST04022,Kavya Joshi,12,21,149117.88,40212.64,26.97,12426.49
CUST02561,Kavya Deshmukh,12,22,149092.48,39195.08,26.29,12424.37
CUST02197,Aarav Deshmukh,11,28,149088.03,31907.26,21.4,13553.46
CUST00472,Kavya Nair,13,22,149084.89,32888.98,22.06,11468.07
CUST03471,Pooja Kumar,14,28,149070.04,34124.5,22.89,10647.86
CUST04461,Rohan Joshi,13,25,149064.96,37455.91,25.13,11466.54
CUST02182,Meera Mhaske,16,33,149046.8,27971.39,18.77,9315.43
CUST02700,Rohan Deshmukh,13,23,149015.65,30968.13,20.78,11462.74
CUST02534,Priya Mhaske,10,19,148895.32,28627.64,19.23,14889.53
CUST02041,Rahul Gupta,7,21,148888.69,23584.21,15.84,21269.81
CUST02968,Sneha Patil,9,23,148882.41,40766.59,27.38,16542.49
CUST03167,Karan Sharma,13,34,148881.89,29811.26,20.02,11452.45
CUST01539,Neha Mhaske,9,17,148770.73,25909.73,17.42,16530.08
CUST04281,Aarav Mehta,11,26,148768.8,36912.66,24.81,13524.44
CUST03053,Pooja Verma,12,20,148760.03,24560.03,16.51,12396.67
CUST02959,Neha Mehta,6,16,148721.66,36256.07,24.38,24786.94
CUST01922,Priya Sharma,11,17,148702.53,35735.35,24.03,13518.41
CUST01551,Meera Gupta,12,28,148663.9,32969.86,22.18,12388.66
CUST02118,Kavya Nair,12,25,148654.41,39052.9,26.27,12387.87
CUST04594,Ananya Deshmukh,11,22,148649.28,43766.78,29.44,13513.57
CUST05857,Arjun Joshi,11,27,148648.31,46700.5,31.42,13513.48
CUST05577,Meera Mhaske,11,26,148581.16,34196.17,23.02,13507.38
CUST02215,Pooja Patil,9,19,148505.26,39639.54,26.69,16500.58
CUST05339,Arjun Joshi,6,14,148472.26,40793.48,27.48,24745.38
CUST03339,Aditya Mehta,10,25,148454.0,32933.8,22.18,14845.4
CUST04765,Priya Verma,13,26,148417.98,37461.79,25.24,11416.77
CUST01270,Ananya Kumar,10,17,148398.9,42058.79,28.34,14839.89
CUST03277,Aditya Gupta,10,23,148276.67,32379.89,21.84,14827.67
CUST01027,Amit Joshi,12,22,148107.8,28113.74,18.98,12342.32
CUST01316,Ananya Patil,11,22,148068.75,35576.1,24.03,13460.8
CUST05108,Kavya Mehta,10,17,148062.16,47983.54,32.41,14806.22
CUST03208,Rahul Verma,13,23,148001.87,28560.93,19.3,11384.76
CUST00858,Aarav Mehta,11,26,147938.76,34517.88,23.33,13448.98
CUST01152,Aditya Shah,10,24,147892.07,39041.91,26.4,14789.21
CUST02931,Vivaan Mehta,9,25,147837.92,33250.32,22.49,16426.44
CUST02373,Sneha Mehta,12,25,147769.23,36026.17,24.38,12314.1
CUST04366,Sneha Verma,8,21,147748.71,41208.37,27.89,18468.59
CUST01673,Neha Singh,8,19,147698.28,20746.13,14.05,18462.28
CUST02300,Arjun Patil,11,28,147649.27,39652.76,26.86,13422.66
CUST01592,Rahul Nair,17,29,147600.21,28578.93,19.36,8682.37
CUST01499,Isha Patil,11,20,147592.14,32222.18,21.83,13417.47
CUST02844,Aarav Shah,7,22,147565.58,27072.95,18.35,21080.8
CUST00145,Ananya Mehta,10,28,147457.94,31941.87,21.66,14745.79
CUST03560,Aarav Joshi,9,24,147455.62,35095.7,23.8,16383.96
CUST01146,Kavya Singh,10,21,147430.28,35826.94,24.3,14743.03
CUST04859,Pooja Mehta,8,20,147428.16,39346.15,26.69,18428.52
CUST03953,Meera Gupta,10,22,147408.87,30675.48,20.81,14740.89
CUST03840,Neha Sharma,11,16,147362.06,30139.4,20.45,13396.55
CUST02870,Neha Mehta,14,23,147285.92,45319.84,30.77,10520.42
CUST03321,Aarav Singh,9,20,147261.09,33922.52,23.04,16362.34
CUST05649,Neha Sharma,8,22,147243.29,41805.73,28.39,18405.41
CUST05701,Vivaan Mhaske,10,26,147237.37,32211.46,21.88,14723.74
CUST03484,Aditya Gupta,10,21,147200.45,39551.42,26.87,14720.05
CUST05254,Neha Mhaske,9,20,147189.76,34317.68,23.32,16354.42
CUST02705,Kavya Kumar,10,25,147185.35,38906.27,26.43,14718.53
CUST00283,Arjun Kumar,11,25,147173.27,34519.39,23.45,13379.39
CUST02486,Rahul Verma,12,28,147150.88,28863.58,19.61,12262.57
CUST01372,Pooja Singh,9,30,147147.37,40554.64,27.56,16349.71
CUST00909,Arjun Patil,5,12,147117.76,32733.79,22.25,29423.55
CUST05794,Amit Deshmukh,9,16,147098.48,32042.75,21.78,16344.28
CUST04780,Aditya Joshi,10,23,147097.4,33066.35,22.48,14709.74
CUST05486,Priya Mehta,8,18,147084.0,33475.8,22.76,18385.5
CUST00211,Kavya Verma,9,15,147048.28,36608.16,24.9,16338.7
CUST05650,Pooja Kumar,9,16,147017.08,43246.05,29.42,16335.23
CUST02430,Priya Verma,13,15,147001.8,40383.83,27.47,11307.83
CUST05769,Rohan Joshi,8,29,147000.55,44591.98,30.33,18375.07
CUST01337,Aarav Kumar,9,19,146953.41,28941.92,19.69,16328.16
CUST05659,Neha Nair,10,25,146925.22,36682.52,24.97,14692.52
CUST03050,Rahul Sharma,10,21,146893.22,38502.82,26.21,14689.32
CUST05918,Meera Verma,9,23,146863.22,47137.11,32.1,16318.14
CUST01135,Karan Singh,9,20,146851.13,19365.37,13.19,16316.79
CUST03783,Aarav Mehta,13,27,146815.48,29803.35,20.3,11293.5
CUST03340,Kavya Mehta,12,26,146677.66,43231.69,29.47,12223.14
CUST03082,Pooja Singh,13,23,146676.86,43933.44,29.95,11282.84
CUST04263,Karan Gupta,10,23,146609.91,25624.53,17.48,14660.99
CUST00245,Neha Deshmukh,10,22,146547.29,44858.93,30.61,14654.73
CUST04468,Meera Singh,10,19,146544.35,38299.26,26.13,14654.44
CUST00103,Vivaan Nair,13,23,146516.15,31576.23,21.55,11270.47
CUST02744,Ananya Nair,10,26,146510.79,38271.48,26.12,14651.08
CUST03431,Sneha Mhaske,9,19,146447.49,22579.49,15.42,16271.94
CUST00312,Kavya Gupta,11,17,146425.24,25360.3,17.32,13311.39
CUST05874,Aditya Deshmukh,8,16,146404.33,36570.44,24.98,18300.54
CUST02107,Sneha Mhaske,11,30,146289.73,31562.19,21.58,13299.07
CUST00897,Vivaan Joshi,10,17,146246.65,34781.0,23.78,14624.66
CUST03578,Isha Shah,8,19,146230.47,20121.3,13.76,18278.81
CUST03182,Aditya Joshi,9,14,146212.17,33846.52,23.15,16245.8
CUST02412,Amit Joshi,8,22,146187.73,34435.43,23.56,18273.47
CUST05712,Rahul Sharma,14,21,146174.38,34742.93,23.77,10441.03
CUST05828,Rahul Patil,9,14,146161.11,37597.63,25.72,16240.12
CUST04406,Priya Kumar,8,14,146148.78,42966.51,29.4,18268.6
CUST01071,Karan Verma,10,29,146115.84,34145.73,23.37,14611.58
CUST02374,Kavya Sharma,16,24,146097.22,30357.18,20.78,9131.08
CUST01963,Karan Mehta,9,27,146079.79,28956.15,19.82,16231.09
CUST04939,Pooja Deshmukh,9,18,146073.01,31582.0,21.62,16230.33
CUST00332,Neha Singh,8,13,146048.74,38108.6,26.09,18256.09
CUST03608,Priya Gupta,11,20,146038.18,36324.7,24.87,13276.2
CUST00343,Ananya Joshi,13,34,145969.2,34546.79,23.67,11228.4
CUST02539,Priya Shah,12,33,145969.12,29329.63,20.09,12164.09
CUST03457,Karan Shah,13,26,145948.58,36440.07,24.97,11226.81
CUST01342,Karan Singh,11,20,145899.69,35203.3,24.13,13263.61
CUST05653,Aarav Verma,9,21,145860.12,31703.31,21.74,16206.68
CUST03823,Neha Singh,10,21,145841.85,31358.28,21.5,14584.19
CUST05171,Karan Mhaske,6,12,145764.04,37264.06,25.56,24294.01
CUST05730,Ananya Singh,12,24,145697.39,36491.25,25.05,12141.45
CUST05298,Isha Singh,11,26,145687.71,34270.11,23.52,13244.34
CUST00136,Aarav Singh,12,25,145540.14,31669.24,21.76,12128.35
CUST03523,Rohan Joshi,14,25,145501.23,29868.02,20.53,10392.95
CUST01022,Karan Patil,9,17,145349.54,32613.13,22.44,16149.95
CUST05211,Priya Joshi,8,24,145341.44,27763.33,19.1,18167.68
CUST01713,Karan Joshi,11,24,145328.09,40229.64,27.68,13211.64
CUST05107,Arjun Sharma,10,16,145302.95,28717.72,19.76,14530.3
CUST01836,Rohan Deshmukh,15,27,145273.81,32107.11,22.1,9684.92
CUST04954,Neha Gupta,15,33,145252.46,28242.23,19.44,9683.5
CUST02845,Neha Joshi,11,21,145185.58,27960.56,19.26,13198.69
CUST02832,Amit Mhaske,9,21,145181.78,40704.74,28.04,16131.31
CUST05275,Amit Sharma,10,23,145164.67,34270.5,23.61,14516.47
CUST03902,Amit Shah,9,16,145127.44,36578.94,25.2,16125.27
CUST00567,Karan Mehta,11,23,145058.97,40855.46,28.16,13187.18
CUST05225,Karan Joshi,9,20,144990.09,28335.75,19.54,16110.01
CUST03787,Amit Mhaske,10,23,144983.01,27322.11,18.85,14498.3
CUST01416,Pooja Deshmukh,13,19,144851.55,42132.11,29.09,11142.43
CUST03597,Neha Patil,10,20,144736.77,31098.19,21.49,14473.68
CUST04330,Kavya Patil,9,23,144661.13,24547.24,16.97,16073.46
CUST04050,Kavya Nair,11,22,144636.96,38521.17,26.63,13148.81
CUST05736,Kavya Verma,11,19,144615.26,27619.7,19.1,13146.84
CUST00694,Ananya Patil,11,21,144531.21,47852.71,33.11,13139.2
CUST05669,Amit Kumar,11,29,144347.22,28436.26,19.7,13122.47
CUST04785,Pooja Sharma,7,20,144342.39,37391.0,25.9,20620.34
CUST03932,Kavya Mhaske,7,14,144311.65,46441.92,32.18,20615.95
CUST01496,Arjun Verma,11,19,144307.57,35980.93,24.93,13118.87
CUST01572,Neha Nair,9,26,144296.94,42287.14,29.31,16032.99
CUST00859,Karan Sharma,10,19,144248.54,25752.35,17.85,14424.85
CUST00430,Meera Mhaske,9,20,144230.68,29692.37,20.59,16025.63
CUST03382,Amit Gupta,8,23,144201.09,39361.37,27.3,18025.14
CUST03387,Isha Gupta,8,21,144190.21,23203.76,16.09,18023.78
CUST02068,Pooja Verma,8,20,144161.05,37944.39,26.32,18020.13
CUST04488,Vivaan Joshi,8,21,144155.74,41731.26,28.95,18019.47
CUST03491,Kavya Patil,9,27,144153.88,26471.02,18.36,16017.1
CUST03474,Aarav Deshmukh,7,22,144149.63,40944.79,28.4,20592.8
CUST01948,Rahul Mehta,13,23,144135.74,39029.71,27.08,11087.36
CUST02244,Priya Shah,9,24,144092.59,29575.45,20.53,16010.29
CUST00036,Karan Mehta,6,17,144089.0,37320.74,25.9,24014.83
CUST01255,Neha Mhaske,7,16,144081.86,37178.44,25.8,20583.12
CUST02920,Pooja Kumar,12,23,143985.31,43844.63,30.45,11998.78
CUST04106,Rohan Mhaske,9,23,143984.49,32297.46,22.43,15998.28
CUST00060,Rohan Joshi,8,15,143897.79,31076.01,21.6,17987.22
CUST04611,Isha Verma,7,14,143887.02,38829.61,26.99,20555.29
CUST03984,Vivaan Sharma,10,22,143878.21,24059.86,16.72,14387.82
CUST03842,Isha Gupta,14,26,143834.9,44875.93,31.2,10273.92
CUST01109,Aarav Mhaske,8,27,143831.75,35231.34,24.49,17978.97
CUST02579,Rohan Mehta,11,25,143827.12,34858.01,24.24,13075.19
CUST03776,Rahul Sharma,8,19,143678.07,34673.84,24.13,17959.76
CUST02141,Kavya Verma,8,18,143648.0,42577.63,29.64,17956.0
CUST00265,Neha Verma,7,18,143626.99,33444.17,23.29,20518.14
CUST00379,Sneha Mehta,10,27,143493.48,33820.95,23.57,14349.35
CUST00803,Aditya Singh,12,18,143468.91,36820.18,25.66,11955.74
CUST02571,Priya Verma,13,25,143430.77,27927.58,19.47,11033.14
CUST01942,Pooja Nair,9,23,143394.59,37777.46,26.35,15932.73
CUST05870,Rahul Mhaske,13,28,143386.89,37169.44,25.92,11029.76
CUST05041,Vivaan Deshmukh,8,16,143306.85,26978.89,18.83,17913.36
CUST03766,Isha Shah,9,20,143299.14,43048.17,30.04,15922.13
CUST04445,Pooja Shah,6,21,143096.75,37345.79,26.1,23849.46
CUST05235,Karan Mehta,12,23,143073.62,32816.18,22.94,11922.8
CUST03745,Karan Deshmukh,10,20,143072.31,26389.51,18.44,14307.23
CUST05176,Rohan Mehta,11,24,143029.4,35457.94,24.79,13002.67
CUST05637,Neha Deshmukh,13,30,143026.55,33480.06,23.41,11002.04
CUST04175,Aarav Patil,8,18,142966.36,41049.32,28.71,17870.8
CUST05030,Kavya Kumar,13,26,142934.77,41236.99,28.85,10994.98
CUST01567,Neha Mehta,13,35,142870.63,30827.1,21.58,10990.05
CUST03741,Arjun Gupta,10,21,142861.8,38641.2,27.05,14286.18
CUST05088,Priya Gupta,11,29,142816.67,34993.77,24.5,12983.33
CUST04297,Pooja Deshmukh,9,17,142792.38,41798.76,29.27,15865.82
CUST04546,Aarav Singh,7,21,142687.77,33019.22,23.14,20383.97
CUST05602,Priya Mhaske,14,28,142552.75,28675.38,20.12,10182.34
CUST02184,Pooja Gupta,10,23,142509.52,45526.22,31.95,14250.95
CUST04482,Ananya Deshmukh,10,21,142503.74,36673.14,25.73,14250.37
CUST02392,Aditya Patil,15,33,142341.07,35694.57,25.08,9489.4
CUST01049,Priya Patil,11,23,142333.16,45079.65,31.67,12939.38
CUST01850,Aarav Mhaske,8,20,142286.66,39517.61,27.77,17785.83
CUST03267,Kavya Nair,11,25,142263.17,26887.24,18.9,12933.02
CUST03057,Rahul Mehta,8,18,142193.19,21499.71,15.12,17774.15
CUST04009,Aarav Joshi,10,22,142139.26,36858.6,25.93,14213.93
CUST00708,Aarav Singh,10,30,141996.01,22205.85,15.64,14199.6
CUST02753,Kavya Gupta,11,21,141994.69,30870.87,21.74,12908.61
CUST05449,Priya Joshi,7,15,141890.33,43932.87,30.96,20270.05
CUST00576,Pooja Gupta,7,15,141837.78,32978.45,23.25,20262.54
CUST02869,Meera Mhaske,9,21,141780.37,33898.43,23.91,15753.37
CUST01130,Arjun Sharma,9,28,141749.09,44373.27,31.3,15749.9
CUST05485,Rohan Gupta,10,19,141649.22,30382.95,21.45,14164.92
CUST01961,Karan Verma,9,19,141626.28,40974.99,28.93,15736.25
CUST04747,Meera Singh,10,22,141596.71,40737.17,28.77,14159.67
CUST02826,Meera Joshi,12,24,141589.26,35137.49,24.82,11799.11
CUST01993,Vivaan Deshmukh,9,26,141571.84,32931.64,23.26,15730.2
CUST05439,Rahul Nair,9,22,141521.88,31895.38,22.54,15724.65
CUST04633,Sneha Gupta,10,19,141493.65,36803.66,26.01,14149.36
CUST03065,Rohan Singh,10,23,141445.59,35517.33,25.11,14144.56
CUST03221,Rahul Joshi,10,21,141425.06,35730.58,25.26,14142.51
CUST00237,Arjun Sharma,14,20,141387.61,29511.19,20.87,10099.11
CUST05893,Aarav Patil,7,25,141330.44,36534.93,25.85,20190.06
CUST00808,Ananya Joshi,9,19,141249.68,37052.58,26.23,15694.41
CUST00530,Kavya Sharma,7,20,141214.14,22196.64,15.72,20173.45
CUST03319,Pooja Mehta,5,12,141199.78,34349.25,24.33,28239.96
CUST01514,Sneha Joshi,11,22,141194.55,41295.98,29.25,12835.87
CUST01533,Pooja Mhaske,10,15,141178.39,35106.34,24.87,14117.84
CUST01431,Rohan Verma,9,24,141143.3,31627.36,22.41,15682.59
CUST05353,Rahul Sharma,7,21,141098.51,28468.88,20.18,20156.93
CUST04969,Aditya Deshmukh,11,25,141056.51,29225.06,20.72,12823.32
CUST05170,Aditya Kumar,6,15,140983.68,37594.31,26.67,23497.28
CUST03517,Ananya Joshi,9,24,140939.1,38588.18,27.38,15659.9
CUST01872,Priya Patil,12,20,140850.09,27010.45,19.18,11737.51
CUST04581,Karan Sharma,11,28,140711.49,30326.68,21.55,12791.95
CUST01462,Karan Nair,11,20,140607.07,36492.02,25.95,12782.46
CUST01030,Vivaan Shah,9,28,140546.76,31888.3,22.69,15616.31
CUST03229,Pooja Sharma,8,18,140451.94,29404.98,20.94,17556.49
CUST00433,Arjun Kumar,8,14,140153.77,25025.61,17.86,17519.22
CUST01093,Isha Patil,10,20,140100.51,38120.79,27.21,14010.05
CUST01893,Meera Nair,11,18,140097.27,32544.59,23.23,12736.12
CUST00740,Priya Verma,11,21,140065.13,36310.49,25.92,12733.19
CUST02023,Amit Deshmukh,7,17,140059.21,32023.65,22.86,20008.46
CUST01923,Rohan Mhaske,10,23,140039.49,31668.69,22.61,14003.95
CUST01034,Isha Deshmukh,9,19,140027.68,30161.03,21.54,15558.63
CUST03922,Aditya Joshi,11,19,140020.65,42352.61,30.25,12729.15
CUST00315,Amit Singh,10,19,139923.39,44701.08,31.95,13992.34
CUST02678,Kavya Verma,10,16,139802.35,37690.43,26.96,13980.24
CUST02873,Amit Mehta,13,23,139630.57,35950.91,25.75,10740.81
CUST01792,Rahul Gupta,12,27,139603.44,37019.9,26.52,11633.62
CUST02078,Arjun Mhaske,12,25,139578.99,28383.65,20.34,11631.58
CUST01571,Rahul Kumar,8,22,139568.3,32701.65,23.43,17446.04
CUST02320,Rohan Shah,12,24,139554.06,41668.3,29.86,11629.5
CUST05378,Aditya Mehta,12,26,139484.68,33425.66,23.96,11623.72
CUST03384,Priya Mehta,7,13,139470.57,39134.69,28.06,19924.37
CUST00158,Ananya Shah,10,23,139438.91,40910.47,29.34,13943.89
CUST00151,Aditya Nair,10,21,139391.1,30735.34,22.05,13939.11
CUST03883,Arjun Singh,11,20,139377.35,34382.71,24.67,12670.67
CUST05250,Vivaan Sharma,12,30,139232.27,30121.71,21.63,11602.69
CUST02629,Vivaan Deshmukh,10,21,139187.94,35901.91,25.79,13918.79
CUST01613,Rohan Deshmukh,12,23,139183.79,28651.42,20.59,11598.65
CUST01362,Rahul Sharma,9,14,139148.98,36854.15,26.49,15461.0
CUST03855,Aarav Joshi,8,17,139135.83,26942.99,19.36,17391.98
CUST04159,Pooja Mhaske,11,20,139107.86,32474.84,23.35,12646.17
CUST02549,Aditya Mhaske,8,17,139058.24,36157.06,26.0,17382.28
CUST01023,Rohan Singh,9,17,139032.86,34713.9,24.97,15448.1
CUST01223,Ananya Patil,10,21,138992.77,29382.59,21.14,13899.28
CUST00801,Isha Gupta,10,25,138906.71,36282.5,26.12,13890.67
CUST03256,Priya Deshmukh,14,28,138855.11,27776.04,20.0,9918.22
CUST00817,Sneha Joshi,11,17,138839.84,26795.7,19.3,12621.8
CUST02013,Isha Mehta,11,22,138774.03,38208.15,27.53,12615.82
CUST04672,Vivaan Mehta,6,15,138723.27,33224.87,23.95,23120.55
CUST04746,Kavya Nair,11,22,138715.76,35372.83,25.5,12610.52
CUST00726,Isha Mhaske,7,16,138707.48,37477.93,27.02,19815.35
CUST01469,Aarav Singh,12,31,138661.55,39607.61,28.56,11555.13
CUST05058,Meera Kumar,9,20,138641.22,34297.39,24.74,15404.58
CUST03064,Aarav Kumar,9,21,138524.77,31438.59,22.7,15391.64
CUST03908,Kavya Verma,12,20,138522.82,38240.47,27.61,11543.57
CUST01810,Priya Singh,11,34,138471.94,34906.6,25.21,12588.36
CUST01534,Rohan Shah,9,19,138409.46,41063.99,29.67,15378.83
CUST01585,Sneha Singh,8,18,138337.02,26911.76,19.45,17292.13
CUST04318,Isha Gupta,8,14,138320.61,26404.83,19.09,17290.08
CUST01528,Aarav Joshi,8,24,138240.61,30018.21,21.71,17280.08
CUST03921,Kavya Mehta,11,21,138214.52,39607.15,28.66,12564.96
CUST04573,Ananya Deshmukh,13,27,138179.87,32152.17,23.27,10629.22
CUST05596,Amit Sharma,9,16,138162.23,34214.09,24.76,15351.36
CUST00100,Karan Verma,9,20,138132.19,40510.98,29.33,15348.02
CUST04766,Aarav Mhaske,5,12,138074.41,36552.68,26.47,27614.88
CUST02050,Aditya Deshmukh,9,16,138037.52,32863.86,23.81,15337.5
CUST04987,Sneha Singh,11,21,137995.62,30451.45,22.07,12545.06
CUST04070,Pooja Kumar,10,25,137973.95,21475.09,15.56,13797.4
CUST00446,Aditya Singh,14,23,137876.87,31721.39,23.01,9848.35
CUST05090,Rohan Joshi,10,16,137758.81,34313.51,24.91,13775.88
CUST03630,Karan Verma,10,24,137710.91,22193.34,16.12,13771.09
CUST03376,Meera Verma,13,25,137661.14,31557.96,22.92,10589.32
CUST01361,Aarav Mehta,9,17,137620.77,27410.97,19.92,15291.2
CUST01892,Rohan Kumar,10,22,137613.34,27715.62,20.14,13761.33
CUST05856,Ananya Sharma,12,23,137612.8,31709.45,23.04,11467.73
CUST02927,Meera Verma,10,27,137611.71,30468.91,22.14,13761.17
CUST04218,Sneha Nair,11,22,137511.55,29988.53,21.81,12501.05
CUST00593,Amit Kumar,9,20,137459.64,35175.59,25.59,15273.29
CUST04193,Arjun Patil,13,33,137156.31,29044.39,21.18,10550.49
CUST03624,Ananya Singh,7,18,137088.54,43106.58,31.44,19584.08
CUST05931,Amit Nair,11,21,137078.23,28368.89,20.7,12461.66
CUST00945,Neha Verma,9,19,137070.44,36233.97,26.43,15230.05
CUST05348,Kavya Mhaske,11,27,136979.77,27078.22,19.77,12452.71
CUST04856,Meera Shah,9,16,136949.8,43262.18,31.59,15216.64
CUST00834,Arjun Shah,11,24,136868.99,25813.94,18.86,12442.64
CUST00227,Rohan Nair,7,15,136796.84,23863.72,17.44,19542.41
CUST01684,Vivaan Shah,13,19,136773.49,31606.82,23.11,10521.04
CUST00309,Meera Singh,8,21,136662.18,23247.26,17.01,17082.77
CUST04729,Pooja Shah,9,22,136587.65,27013.21,19.78,15176.41
CUST04293,Rohan Deshmukh,10,19,136577.16,33305.62,24.39,13657.72
CUST05939,Sneha Deshmukh,11,22,136261.32,38669.81,28.38,12387.39
CUST03220,Aarav Nair,11,20,136152.39,36112.66,26.52,12377.49
CUST01866,Neha Kumar,8,15,136080.04,23472.64,17.25,17010.01
CUST04802,Ananya Kumar,11,23,136074.74,40542.18,29.79,12370.43
CUST01017,Isha Joshi,13,30,136045.83,34639.21,25.46,10465.06
CUST03670,Rohan Nair,10,18,135952.97,18473.7,13.59,13595.3
CUST05544,Amit Sharma,9,26,135952.77,35088.91,25.81,15105.86
CUST01645,Vivaan Deshmukh,6,20,135949.12,34004.7,25.01,22658.19
CUST03355,Arjun Shah,12,24,135874.37,35157.04,25.87,11322.86
CUST04076,Sneha Nair,6,16,135871.39,26150.79,19.25,22645.23
CUST03047,Karan Deshmukh,11,24,135851.86,38381.09,28.25,12350.17
CUST05375,Pooja Sharma,12,27,135833.32,31370.15,23.09,11319.44
CUST04872,Aditya Singh,10,28,135803.93,32071.17,23.62,13580.39
CUST00005,Priya Mhaske,10,17,135785.02,32472.5,23.91,13578.5
CUST00835,Aditya Deshmukh,9,15,135767.54,42395.94,31.23,15085.28
CUST01047,Karan Mhaske,9,20,135643.4,30443.71,22.44,15071.49
CUST00175,Amit Gupta,8,20,135530.65,30228.16,22.3,16941.33
CUST00375,Aarav Shah,10,23,135525.0,32158.13,23.73,13552.5
CUST01382,Kavya Shah,7,17,135514.83,43093.36,31.8,19359.26
CUST04116,Vivaan Kumar,10,23,135472.57,26728.35,19.73,13547.26
CUST05711,Meera Gupta,9,24,135375.91,29649.09,21.9,15041.77
CUST03861,Aditya Verma,10,14,135374.15,26199.89,19.35,13537.41
CUST04767,Amit Shah,10,18,135334.1,29591.93,21.87,13533.41
CUST05322,Meera Shah,10,24,135329.45,31097.84,22.98,13532.95
CUST04759,Sneha Verma,8,17,135252.36,32782.47,24.24,16906.55
CUST01731,Pooja Deshmukh,6,14,135228.14,40410.46,29.88,22538.02
CUST01261,Arjun Sharma,8,16,135226.32,38560.28,28.52,16903.29
CUST01555,Isha Singh,8,20,135028.92,38760.63,28.71,16878.62
CUST04717,Pooja Joshi,7,19,135012.6,31252.04,23.15,19287.51
CUST04025,Sneha Nair,6,16,134926.21,42641.25,31.6,22487.7
CUST02281,Kavya Joshi,7,17,134887.83,37299.15,27.65,19269.69
CUST02220,Meera Mehta,8,14,134884.27,38935.31,28.87,16860.53
CUST03565,Aditya Shah,11,21,134848.84,31271.52,23.19,12258.99
CUST03762,Vivaan Nair,8,17,134848.35,31274.03,23.19,16856.04
CUST00135,Priya Gupta,8,18,134817.65,26041.06,19.32,16852.21
CUST04272,Vivaan Shah,7,21,134805.44,20661.88,15.33,19257.92
CUST05545,Kavya Mhaske,9,18,134765.74,30027.24,22.28,14973.97
CUST05755,Sneha Mhaske,11,25,134712.04,34929.73,25.93,12246.55
CUST03201,Rohan Sharma,11,22,134607.59,26628.04,19.78,12237.05
CUST00616,Neha Singh,13,34,134568.61,31177.65,23.17,10351.43
CUST02368,Sneha Nair,10,25,134526.22,36080.77,26.82,13452.62
CUST00508,Vivaan Patil,7,12,134516.22,42697.95,31.74,19216.6
CUST04957,Karan Gupta,10,18,134491.2,24861.97,18.49,13449.12
CUST00329,Aditya Sharma,9,22,134461.11,45133.37,33.57,14940.12
CUST01770,Aditya Singh,7,17,134381.84,30980.88,23.05,19197.41
CUST03469,Priya Sharma,11,15,134380.09,24958.63,18.57,12216.37
CUST02250,Karan Patil,7,20,134342.58,37521.87,27.93,19191.8
CUST05525,Aditya Mhaske,9,16,134293.44,32079.82,23.89,14921.49
CUST05093,Pooja Shah,8,19,134272.57,22137.89,16.49,16784.07
CUST00347,Kavya Mhaske,9,19,134228.65,39728.47,29.6,14914.29
CUST04867,Rahul Mehta,8,15,134225.8,34927.07,26.02,16778.22
CUST02105,Amit Sharma,8,18,134220.23,35050.68,26.11,16777.53
CUST01473,Vivaan Shah,8,17,134160.35,31903.48,23.78,16770.04
CUST05181,Rohan Gupta,10,22,134153.67,31372.64,23.39,13415.37
CUST04059,Karan Deshmukh,9,17,134142.24,25321.33,18.88,14904.69
CUST00507,Priya Verma,8,16,134121.56,32465.41,24.21,16765.19
CUST03694,Aditya Verma,15,30,134001.6,35419.72,26.43,8933.44
CUST05832,Vivaan Mhaske,14,27,133966.65,25531.85,19.06,9569.05
CUST03719,Aarav Singh,11,20,133927.63,29764.86,22.22,12175.24
CUST00812,Aditya Kumar,8,19,133883.03,31860.11,23.8,16735.38
CUST00376,Priya Joshi,11,21,133779.5,25664.1,19.18,12161.77
CUST05892,Sneha Deshmukh,12,28,133697.32,29251.36,21.88,11141.44
CUST01543,Pooja Sharma,6,16,133664.68,44252.72,33.11,22277.45
CUST05406,Ananya Gupta,12,24,133662.89,35210.12,26.34,11138.57
CUST04131,Aditya Deshmukh,10,19,133486.42,19900.46,14.91,13348.64
CUST03155,Rahul Mhaske,14,21,133350.14,31818.55,23.86,9525.01
CUST03224,Arjun Singh,17,33,133297.67,32983.52,24.74,7841.04
CUST02802,Meera Kumar,12,22,133259.02,34192.36,25.66,11104.92
CUST02168,Amit Singh,12,21,132961.02,23867.77,17.95,11080.08
CUST04168,Sneha Nair,8,20,132958.43,31251.49,23.5,16619.8
CUST04093,Isha Nair,9,15,132772.15,42478.53,31.99,14752.46
CUST04354,Rohan Patil,5,15,132383.09,39981.18,30.2,26476.62
CUST05761,Vivaan Singh,6,13,132354.78,37824.5,28.58,22059.13
CUST05746,Karan Verma,7,20,132339.32,28810.58,21.77,18905.62
CUST05189,Pooja Deshmukh,12,18,132329.98,36454.64,27.55,11027.5
CUST03757,Arjun Joshi,7,13,132216.51,28184.65,21.32,18888.07
CUST02971,Priya Singh,9,15,132214.53,35994.94,27.22,14690.5
CUST00511,Neha Gupta,9,18,132122.92,22247.46,16.84,14680.32
CUST01980,Neha Deshmukh,8,26,132107.78,25250.02,19.11,16513.47
CUST04657,Vivaan Singh,8,20,132069.02,41212.67,31.21,16508.63
CUST03928,Priya Verma,9,16,131992.99,36255.05,27.47,14665.89
CUST05115,Priya Sharma,10,18,131867.21,20140.08,15.27,13186.72
CUST00420,Vivaan Deshmukh,13,29,131862.72,29929.35,22.7,10143.29
CUST02360,Neha Kumar,12,18,131842.74,29954.49,22.72,10986.89
CUST02390,Ananya Kumar,10,19,131817.94,34446.41,26.13,13181.79
CUST03915,Aditya Shah,10,14,131809.51,34324.91,26.04,13180.95
CUST00024,Sneha Nair,8,16,131584.59,32038.01,24.35,16448.07
CUST03323,Ananya Sharma,10,18,131553.02,32752.61,24.9,13155.3
CUST02344,Pooja Nair,13,22,131509.0,23544.46,17.9,10116.08
CUST01407,Pooja Nair,11,23,131426.36,23603.76,17.96,11947.85
CUST03653,Meera Gupta,8,17,131411.74,28226.11,21.48,16426.47
CUST01241,Rahul Nair,13,35,131409.26,37464.53,28.51,10108.4
CUST03519,Priya Deshmukh,8,20,131405.8,44895.45,34.17,16425.72
CUST05488,Pooja Gupta,9,17,131379.28,35333.4,26.89,14597.7
CUST01966,Sneha Mehta,8,19,131342.67,23558.62,17.94,16417.83
CUST02394,Priya Verma,8,17,131247.8,37550.23,28.61,16405.97
CUST05557,Kavya Shah,7,16,131220.91,33607.47,25.61,18745.84
CUST05332,Meera Singh,10,25,131162.1,34182.62,26.06,13116.21
CUST01344,Amit Shah,8,15,131103.27,37063.3,28.27,16387.91
CUST00504,Neha Verma,11,22,131064.68,29393.86,22.43,11914.97
CUST00106,Ananya Nair,11,22,131064.59,30573.48,23.33,11914.96
CUST00617,Neha Verma,9,23,131055.77,27056.79,20.65,14561.75
CUST03268,Ananya Shah,6,15,130926.92,30993.91,23.67,21821.15
CUST02292,Priya Kumar,11,25,130862.18,34204.33,26.14,11896.56
CUST02248,Kavya Gupta,11,29,130815.8,43069.58,32.92,11892.35
CUST05534,Priya Shah,11,21,130726.51,35732.27,27.33,11884.23
CUST03609,Rahul Joshi,7,20,130688.09,29965.33,22.93,18669.73
CUST00296,Rahul Singh,7,18,130673.56,24192.51,18.51,18667.65
CUST05954,Arjun Patil,11,21,130552.76,28127.05,21.54,11868.43
CUST00381,Rahul Mehta,10,17,130535.81,34712.38,26.59,13053.58
CUST01847,Karan Patil,9,16,130526.54,37069.63,28.4,14502.95
CUST00631,Rahul Patil,11,17,130476.23,34836.93,26.7,11861.48
CUST00891,Rohan Nair,10,21,130347.02,23299.93,17.88,13034.7
CUST01949,Priya Patil,10,22,130297.94,32967.43,25.3,13029.79
CUST03127,Kavya Deshmukh,7,20,130282.0,34596.78,26.56,18611.71
CUST01216,Pooja Joshi,6,11,130280.48,29013.17,22.27,21713.41
CUST05437,Aditya Joshi,11,16,130184.35,26932.83,20.69,11834.94
CUST00255,Meera Nair,11,21,130160.59,35355.89,27.16,11832.78
CUST04949,Meera Sharma,7,17,130150.93,39100.85,30.04,18592.99
CUST01338,Rahul Nair,9,21,130136.22,33809.98,25.98,14459.58
CUST02830,Neha Nair,11,19,130115.25,40884.38,31.42,11828.66
CUST04466,Aarav Gupta,7,20,130113.91,31240.35,24.01,18587.7
CUST05022,Amit Deshmukh,12,21,130078.98,27997.82,21.52,10839.91
CUST03070,Rohan Kumar,12,22,130026.77,33481.85,25.75,10835.56
CUST01319,Arjun Gupta,14,23,129995.23,32249.48,24.81,9285.37
CUST05796,Karan Mehta,8,21,129958.33,28749.43,22.12,16244.79
CUST02511,Kavya Mehta,11,17,129896.52,23623.05,18.19,11808.77
CUST03824,Karan Kumar,6,13,129746.03,37022.65,28.53,21624.34
CUST04103,Pooja Mhaske,6,16,129709.88,28639.42,22.08,21618.31
CUST03561,Rahul Patil,12,29,129708.13,30071.28,23.18,10809.01
CUST04675,Karan Gupta,12,23,129596.56,32111.88,24.78,10799.71
CUST01173,Sneha Joshi,9,18,129581.6,33111.68,25.55,14397.96
CUST05010,Vivaan Deshmukh,13,22,129580.86,38430.72,29.66,9967.76
CUST01849,Meera Mehta,14,25,129560.28,26794.1,20.68,9254.31
CUST03199,Neha Kumar,8,17,129493.52,31566.72,24.38,16186.69
CUST01111,Meera Joshi,12,28,129303.68,21445.04,16.59,10775.31
CUST00210,Vivaan Nair,10,15,129269.08,33672.86,26.05,12926.91
CUST03603,Meera Nair,8,20,129254.39,29328.37,22.69,16156.8
CUST04384,Kavya Verma,9,19,129209.77,32533.48,25.18,14356.64
CUST03508,Aditya Patil,10,16,129198.25,39997.3,30.96,12919.83
CUST02495,Ananya Verma,9,19,129155.56,27976.76,21.66,14350.62
CUST02032,Aarav Joshi,9,15,129153.09,33910.88,26.26,14350.34
CUST05397,Aarav Deshmukh,10,19,129059.87,37159.23,28.79,12905.99
CUST01840,Aditya Gupta,9,22,129037.07,28084.85,21.76,14337.45
CUST02299,Isha Nair,11,25,128921.32,29391.45,22.8,11720.12
CUST02226,Rahul Patil,10,16,128825.19,38536.23,29.91,12882.52
CUST04135,Priya Singh,11,17,128738.5,35410.82,27.51,11703.5
CUST01003,Rohan Gupta,7,16,128711.44,33982.81,26.4,18387.35
CUST00144,Pooja Joshi,9,16,128647.74,39775.41,30.92,14294.19
CUST00299,Neha Mhaske,7,13,128597.95,34476.19,26.81,18371.14
CUST00445,Karan Mhaske,14,27,128561.25,28068.5,21.83,9182.95
CUST02260,Isha Sharma,10,15,128510.08,29046.35,22.6,12851.01
CUST04137,Isha Deshmukh,12,23,128425.68,30068.79,23.41,10702.14
CUST03695,Arjun Mehta,7,16,128400.4,22029.48,17.16,18342.91
CUST04255,Amit Sharma,11,27,128312.18,28035.38,21.85,11664.74
CUST02669,Ananya Kumar,10,21,128307.52,30886.33,24.07,12830.75
CUST02535,Pooja Patil,10,18,128284.55,34578.79,26.95,12828.45
CUST01190,Sneha Kumar,7,16,128245.48,21425.96,16.71,18320.78
CUST05386,Rohan Deshmukh,11,22,128039.15,36999.69,28.9,11639.92
CUST01466,Karan Kumar,8,19,127975.16,38377.32,29.99,15996.9
CUST02095,Ananya Mhaske,11,17,127953.42,33759.74,26.38,11632.13
CUST05752,Rahul Deshmukh,12,25,127887.28,23557.73,18.42,10657.27
CUST01266,Isha Singh,8,15,127793.83,30154.84,23.6,15974.23
CUST02403,Meera Gupta,12,22,127746.87,31327.6,24.52,10645.57
CUST03377,Arjun Shah,11,20,127637.52,31423.23,24.62,11603.41
CUST02996,Arjun Deshmukh,9,18,127563.01,25979.38,20.37,14173.67
CUST00710,Priya Nair,10,18,127562.37,38290.76,30.02,12756.24
CUST00273,Rohan Shah,9,18,127450.35,40357.11,31.66,14161.15
CUST03010,Karan Sharma,8,20,127448.96,28305.56,22.21,15931.12
CUST00829,Rahul Nair,8,17,127444.22,28463.32,22.33,15930.53
CUST03066,Priya Mehta,6,22,127339.92,28155.03,22.11,21223.32
CUST03981,Karan Nair,8,16,127294.1,23842.16,18.73,15911.76
CUST04516,Priya Singh,9,20,127201.43,24261.21,19.07,14133.49
CUST02143,Aarav Nair,7,18,127181.93,24758.13,19.47,18168.85
CUST01026,Kavya Verma,10,21,127177.05,34174.3,26.87,12717.7
CUST02418,Aditya Joshi,10,22,127041.55,27666.54,21.78,12704.16
CUST01838,Ananya Deshmukh,8,24,127039.99,27614.08,21.74,15880.0
CUST01413,Sneha Verma,7,19,126986.35,24514.35,19.3,18140.91
CUST00084,Amit Gupta,6,13,126958.32,34971.15,27.55,21159.72
CUST05219,Rahul Singh,12,18,126945.54,26580.75,20.94,10578.8
CUST03978,Ananya Deshmukh,5,12,126919.6,34619.35,27.28,25383.92
CUST05873,Sneha Kumar,10,18,126892.15,19436.87,15.32,12689.22
CUST00148,Sneha Shah,11,18,126875.66,30543.15,24.07,11534.15
CUST05255,Meera Patil,8,18,126817.04,34482.14,27.19,15852.13
CUST02473,Pooja Verma,10,28,126793.07,41613.76,32.82,12679.31
CUST00983,Rohan Gupta,11,25,126767.78,36339.43,28.67,11524.34
CUST03158,Kavya Mehta,10,22,126665.44,15207.01,12.01,12666.54
CUST03330,Meera Deshmukh,13,20,126573.96,31545.23,24.92,9736.46
CUST01799,Neha Shah,10,22,126511.38,30895.12,24.42,12651.14
CUST05393,Karan Sharma,9,21,126490.97,33133.3,26.19,14054.55
CUST01518,Vivaan Singh,14,30,126490.55,21390.64,16.91,9035.04
CUST05475,Amit Mehta,12,21,126472.63,32844.44,25.97,10539.39
CUST02676,Vivaan Kumar,9,17,126429.46,27297.12,21.59,14047.72
CUST03498,Priya Gupta,9,19,126416.86,30532.63,24.15,14046.32
CUST01767,Arjun Sharma,10,19,126371.54,29645.72,23.46,12637.15
CUST03213,Vivaan Singh,9,29,126266.27,34148.84,27.05,14029.59
CUST02443,Aarav Verma,8,16,126227.16,33929.13,26.88,15778.4
CUST03621,Neha Mehta,11,16,126215.28,25038.22,19.84,11474.12
CUST02011,Sneha Sharma,11,17,126178.39,34167.67,27.08,11470.76
CUST02401,Aarav Patil,8,18,126126.39,36901.12,29.26,15765.8
CUST04456,Aditya Patil,11,19,126008.17,33059.62,26.24,11455.29
CUST03706,Amit Singh,11,15,126007.24,30043.24,23.84,11455.2
CUST03216,Arjun Joshi,11,21,125821.06,27161.55,21.59,11438.28
CUST05598,Pooja Patil,10,17,125766.17,41684.6,33.14,12576.62
CUST02554,Meera Patil,9,20,125754.49,34785.54,27.66,13972.72
CUST01379,Aarav Nair,8,15,125697.73,24572.26,19.55,15712.22
CUST00792,Amit Shah,6,15,125536.5,21371.54,17.02,20922.75
CUST03134,Sneha Gupta,11,21,125372.68,28514.43,22.74,11397.52
CUST01696,Priya Mehta,9,20,125364.36,37853.82,30.2,13929.37
CUST01282,Rahul Sharma,9,16,125294.32,27836.47,22.22,13921.59
CUST03834,Neha Kumar,10,15,125270.87,26219.14,20.93,12527.09
CUST03794,Kavya Patil,15,24,125141.29,31897.06,25.49,8342.75
CUST03598,Karan Mhaske,12,25,125057.99,21804.63,17.44,10421.5
CUST03996,Rahul Nair,11,20,125018.31,23968.15,19.17,11365.3
CUST00647,Neha Verma,11,21,124997.18,33126.74,26.5,11363.38
CUST05190,Sneha Patil,8,19,124996.46,24521.08,19.62,15624.56
CUST00730,Sneha Gupta,4,11,124808.48,16473.44,13.2,31202.12
CUST04031,Kavya Nair,11,30,124722.17,25724.75,20.63,11338.38
CUST03933,Aarav Singh,9,15,124433.34,33872.19,27.22,13825.93
CUST01325,Karan Sharma,11,17,124311.98,38632.71,31.08,11301.09
CUST03430,Karan Mehta,11,21,124242.24,28390.11,22.85,11294.75
CUST03176,Neha Joshi,10,17,124174.93,32484.74,26.16,12417.49
CUST02583,Arjun Patil,12,22,124165.81,27260.34,21.95,10347.15
CUST04492,Kavya Mhaske,15,30,124140.66,27300.08,21.99,8276.04
CUST01887,Aditya Kumar,10,22,124090.0,14110.09,11.37,12409.0
CUST00793,Ananya Sharma,8,22,124027.48,18281.3,14.74,15503.43
CUST03733,Priya Gupta,11,22,123909.05,25514.44,20.59,11264.46
CUST05831,Rahul Nair,11,17,123861.71,32160.32,25.96,11260.16
CUST00729,Sneha Patil,9,16,123749.75,31317.43,25.31,13749.97
CUST01182,Rohan Verma,13,29,123636.6,24928.95,20.16,9510.51
CUST04979,Arjun Patil,15,28,123619.37,30804.24,24.92,8241.29
CUST00819,Rahul Joshi,8,15,123618.95,23439.99,18.96,15452.37
CUST01889,Vivaan Mehta,8,18,123576.32,26425.2,21.38,15447.04
CUST00919,Sneha Joshi,12,18,123465.02,38530.68,31.21,10288.75
CUST05816,Karan Kumar,10,23,123420.48,31141.41,25.23,12342.05
CUST02370,Arjun Joshi,10,24,123350.05,39376.34,31.92,12335.01
CUST02140,Priya Nair,8,21,123345.21,30352.93,24.61,15418.15
CUST03907,Vivaan Kumar,14,28,123327.9,35698.63,28.95,8809.14
CUST04941,Karan Mehta,13,33,123314.81,26879.9,21.8,9485.75
CUST01806,Isha Gupta,7,19,123272.8,33096.77,26.85,17610.4
CUST05812,Vivaan Nair,9,20,123236.67,32494.16,26.37,13692.96
CUST04604,Aditya Patil,9,19,123234.47,21370.75,17.34,13692.72
CUST00671,Meera Joshi,9,14,123118.16,28102.13,22.83,13679.8
CUST02397,Neha Patil,7,17,123090.95,29281.25,23.79,17584.42
CUST00653,Priya Deshmukh,9,17,123084.08,30155.54,24.5,13676.01
CUST01174,Rahul Patil,8,16,122930.21,24609.24,20.02,15366.28
CUST04786,Isha Joshi,10,23,122900.96,29871.28,24.31,12290.1
CUST01020,Aarav Kumar,8,17,122859.92,37109.25,30.2,15357.49
CUST02728,Arjun Mehta,10,24,122821.13,21267.41,17.32,12282.11
CUST04489,Karan Patil,9,24,122732.27,22618.76,18.43,13636.92
CUST03286,Ananya Gupta,12,22,122697.25,21951.89,17.89,10224.77
CUST04235,Arjun Verma,11,19,122667.09,31410.16,25.61,11151.55
CUST04341,Pooja Gupta,5,11,122609.28,26655.01,21.74,24521.86
CUST05851,Priya Singh,10,24,122493.02,30577.68,24.96,12249.3
CUST02967,Karan Deshmukh,9,15,122460.0,20425.05,16.68,13606.67
CUST02097,Rohan Verma,8,26,122387.19,32572.13,26.61,15298.4
CUST02837,Kavya Mehta,9,16,122275.36,26205.74,21.43,13586.15
CUST01647,Isha Patil,5,14,122211.88,31948.63,26.14,24442.38
CUST00163,Aarav Nair,8,14,122158.68,33512.79,27.43,15269.84
CUST02510,Arjun Kumar,10,18,122118.83,29516.98,24.17,12211.88
CUST01411,Kavya Deshmukh,10,21,121985.11,31598.19,25.9,12198.51
CUST05595,Rohan Gupta,12,16,121965.35,29522.21,24.21,10163.78
CUST02538,Isha Sharma,14,27,121941.58,32450.09,26.61,8710.11
CUST05705,Meera Deshmukh,10,16,121870.03,25084.1,20.58,12187.0
CUST01772,Amit Deshmukh,9,16,121776.45,29112.33,23.91,13530.72
CUST02037,Rohan Singh,9,18,121753.81,31266.66,25.68,13528.2
CUST01830,Karan Verma,10,21,121715.57,22072.13,18.13,12171.56
CUST00206,Pooja Verma,10,29,121533.26,28549.98,23.49,12153.33
CUST05127,Karan Verma,8,16,121518.95,22309.33,18.36,15189.87
CUST04899,Neha Mehta,8,16,121472.4,27983.05,23.04,15184.05
CUST00252,Isha Mhaske,12,24,121375.68,33226.22,27.37,10114.64
CUST01703,Neha Singh,7,19,121365.02,28136.92,23.18,17337.86
CUST00917,Neha Shah,11,23,121363.49,22607.74,18.63,11033.04
CUST02883,Aditya Deshmukh,11,23,121345.29,28641.25,23.6,11031.39
CUST04852,Aditya Mhaske,10,24,121329.6,20188.35,16.64,12132.96
CUST00218,Priya Verma,11,18,121293.55,27880.75,22.99,11026.69
CUST05560,Rahul Mhaske,10,24,121189.48,26419.71,21.8,12118.95
CUST05002,Kavya Joshi,7,13,121150.55,31045.78,25.63,17307.22
CUST01505,Rohan Shah,10,20,121048.06,15591.06,12.88,12104.81
CUST02919,Vivaan Sharma,8,19,121035.27,27574.07,22.78,15129.41
CUST04153,Vivaan Patil,12,22,120929.22,29492.84,24.39,10077.43
CUST05642,Priya Patil,10,16,120877.61,36686.32,30.35,12087.76
CUST04389,Ananya Mhaske,10,21,120853.69,20746.75,17.17,12085.37
CUST03494,Aditya Singh,6,13,120831.65,25730.69,21.29,20138.61
CUST02711,Pooja Kumar,9,16,120827.33,31303.41,25.91,13425.26
CUST02410,Aarav Mehta,9,17,120687.55,23979.5,19.87,13409.73
CUST02877,Sneha Sharma,9,19,120394.87,22410.14,18.61,13377.21
CUST05784,Priya Singh,9,19,120258.71,32040.67,26.64,13362.08
CUST01051,Sneha Sharma,10,21,120252.98,31038.27,25.81,12025.3
CUST04408,Neha Joshi,11,20,120239.71,26875.11,22.35,10930.88
CUST05753,Karan Sharma,9,15,120170.3,39616.09,32.97,13352.26
CUST00078,Pooja Nair,11,26,120114.95,22167.76,18.46,10919.54
CUST00416,Aarav Deshmukh,8,21,120112.86,29400.51,24.48,15014.11
CUST04191,Pooja Patil,9,27,119932.12,37686.64,31.42,13325.79
CUST05878,Rohan Sharma,10,17,119912.06,29452.77,24.56,11991.21
CUST00393,Ananya Mehta,12,24,119783.94,28214.9,23.55,9982.0
CUST04640,Vivaan Sharma,7,14,119729.28,33977.65,28.38,17104.18
CUST05896,Pooja Mhaske,9,23,119717.45,33572.93,28.04,13301.94
CUST04965,Pooja Verma,9,15,119638.09,32592.22,27.24,13293.12
CUST05188,Sneha Deshmukh,10,17,119517.0,27019.01,22.61,11951.7
CUST04928,Vivaan Gupta,17,23,119478.06,27811.39,23.28,7028.12
CUST01797,Priya Patil,7,16,119430.57,32797.74,27.46,17061.51
CUST03976,Priya Singh,7,19,119424.26,12304.02,10.3,17060.61
CUST05364,Rohan Gupta,8,18,119423.58,27469.09,23.0,14927.95
CUST01136,Rahul Gupta,9,21,119415.33,31826.69,26.65,13268.37
CUST00339,Karan Kumar,10,17,119383.42,29746.18,24.92,11938.34
CUST04415,Karan Mhaske,10,20,119335.78,30301.43,25.39,11933.58
CUST00438,Aditya Mhaske,9,19,119206.37,24165.47,20.27,13245.15
CUST00421,Pooja Kumar,9,26,119055.84,25172.13,21.14,13228.43
CUST03177,Meera Nair,14,22,118988.37,26783.57,22.51,8499.17
CUST01249,Rohan Verma,7,18,118980.91,30413.08,25.56,16997.27
CUST00026,Arjun Sharma,11,15,118871.62,26368.21,22.18,10806.51
CUST03044,Rohan Sharma,8,15,118806.78,42777.12,36.01,14850.85
CUST00690,Rohan Patil,11,33,118722.28,31245.32,26.32,10792.93
CUST03119,Aarav Verma,12,28,118718.56,34084.29,28.71,9893.21
CUST01943,Meera Deshmukh,9,17,118699.32,27665.65,23.31,13188.81
CUST05636,Neha Verma,8,13,118670.3,36507.93,30.76,14833.79
CUST00066,Rahul Sharma,10,16,118486.05,25290.79,21.34,11848.6
CUST01181,Priya Singh,10,19,118362.2,35633.11,30.11,11836.22
CUST03300,Sneha Singh,8,17,118349.46,32506.21,27.47,14793.68
CUST04643,Amit Verma,15,30,118270.12,24255.0,20.51,7884.67
CUST00003,Sneha Mehta,4,10,118194.66,30843.46,26.1,29548.67
CUST04560,Sneha Sharma,9,19,118089.89,26491.85,22.43,13121.1
CUST00839,Ananya Sharma,10,17,118026.93,29847.23,25.29,11802.69
CUST04380,Meera Singh,11,17,117880.29,33504.3,28.42,10716.39
CUST04403,Vivaan Joshi,12,30,117876.67,27959.93,23.72,9823.06
CUST00956,Arjun Patil,10,20,117815.06,20248.0,17.19,11781.51
CUST00016,Pooja Shah,10,21,117793.46,27973.36,23.75,11779.35
CUST04906,Meera Patil,8,13,117771.62,19531.51,16.58,14721.45
CUST01690,Rahul Verma,14,25,117754.94,34880.05,29.62,8411.07
CUST00471,Pooja Patil,7,15,117733.66,28135.05,23.9,16819.09
CUST04645,Priya Deshmukh,12,23,117613.7,25815.12,21.95,9801.14
CUST01487,Aditya Joshi,5,14,117482.21,27131.7,23.09,23496.44
CUST04148,Aarav Patil,12,27,117452.19,27243.73,23.2,9787.68
CUST04715,Ananya Mhaske,9,20,117429.44,30585.93,26.05,13047.72
CUST04666,Neha Mhaske,9,20,117369.05,19797.44,16.87,13041.01
CUST00258,Karan Verma,10,15,117241.9,22996.83,19.61,11724.19
CUST02149,Isha Gupta,10,20,117240.81,26794.24,22.85,11724.08
CUST02961,Karan Sharma,5,12,117175.37,21928.86,18.71,23435.07
CUST02326,Pooja Mehta,7,13,117069.92,24372.04,20.82,16724.27
CUST01707,Isha Sharma,8,19,117027.96,27017.15,23.09,14628.5
CUST02100,Karan Mehta,12,26,117004.34,24946.01,21.32,9750.36
CUST01451,Meera Mehta,9,22,116990.02,26053.43,22.27,12998.89
CUST00870,Arjun Verma,6,14,116825.32,30817.14,26.38,19470.89
CUST02944,Karan Patil,5,13,116812.75,32955.68,28.21,23362.55
CUST02440,Arjun Joshi,11,31,116799.15,34559.55,29.59,10618.1
CUST03663,Vivaan Verma,7,16,116615.42,39034.47,33.47,16659.35
CUST04007,Karan Mehta,10,14,116609.93,26118.22,22.4,11660.99
CUST01359,Sneha Mehta,7,16,116601.39,26439.49,22.68,16657.34
CUST02767,Pooja Kumar,5,11,116334.79,31465.23,27.05,23266.96
CUST01375,Ananya Nair,9,22,116296.52,31245.49,26.87,12921.84
CUST05950,Aditya Singh,8,15,116205.64,29235.43,25.16,14525.7
CUST02847,Vivaan Singh,4,11,116163.61,34043.65,29.31,29040.9
CUST04097,Neha Nair,7,12,116100.24,37337.97,32.16,16585.75
CUST03881,Priya Nair,8,19,115968.18,23899.9,20.61,14496.02
CUST02686,Karan Joshi,7,13,115939.58,22668.92,19.55,16562.8
CUST00321,Isha Gupta,8,15,115811.8,31047.65,26.81,14476.48
CUST01925,Isha Verma,9,13,115791.52,30646.98,26.47,12865.72
CUST03181,Meera Sharma,9,18,115771.23,27178.46,23.48,12863.47
CUST05622,Kavya Shah,11,20,115677.27,29611.27,25.6,10516.12
CUST01043,Arjun Verma,11,29,115636.91,27573.78,23.85,10512.45
CUST02004,Arjun Sharma,11,27,115626.28,29580.15,25.58,10511.48
CUST03185,Arjun Nair,7,12,115581.96,33694.41,29.15,16511.71
CUST01470,Sneha Deshmukh,8,17,115483.88,25952.52,22.47,14435.49
CUST01346,Isha Joshi,8,16,115481.93,20013.46,17.33,14435.24
CUST04156,Ananya Verma,11,26,115479.91,27682.51,23.97,10498.17
CUST04525,Amit Kumar,14,32,115333.01,27216.68,23.6,8238.07
CUST04041,Pooja Verma,14,26,115308.42,31679.66,27.47,8236.32
CUST03858,Kavya Sharma,11,24,115177.24,21386.49,18.57,10470.66
CUST05104,Kavya Patil,12,21,115150.52,23780.06,20.65,9595.88
CUST01147,Meera Deshmukh,11,19,115140.59,27401.83,23.8,10467.33
CUST00976,Aditya Patil,12,19,115088.59,22530.06,19.58,9590.72
CUST02145,Rahul Shah,10,21,115035.1,34104.38,29.65,11503.51
CUST01398,Amit Singh,8,17,114957.81,27395.79,23.83,14369.73
CUST00406,Arjun Joshi,8,11,114766.56,28061.02,24.45,14345.82
CUST01612,Kavya Singh,14,20,114697.97,25784.58,22.48,8192.71
CUST05007,Rohan Kumar,8,18,114697.24,25020.07,21.81,14337.16
CUST00659,Aarav Verma,9,16,114636.79,33519.8,29.24,12737.42
CUST04804,Amit Sharma,10,14,114526.55,29231.36,25.52,11452.66
CUST03659,Amit Verma,6,13,114359.3,33413.83,29.22,19059.88
CUST00191,Aarav Mhaske,10,26,114341.72,23856.22,20.86,11434.17
CUST00848,Kavya Nair,11,23,114257.84,25721.78,22.51,10387.08
CUST04543,Sneha Mhaske,8,22,114078.64,28064.77,24.6,14259.83
CUST01220,Vivaan Singh,10,16,114062.23,32018.32,28.07,11406.22
CUST01066,Kavya Mehta,10,20,114047.45,23438.88,20.55,11404.74
CUST02377,Priya Singh,9,14,113909.64,24700.49,21.68,12656.63
CUST02656,Neha Sharma,6,15,113811.85,25489.28,22.4,18968.64
CUST04737,Kavya Shah,7,14,113804.3,21662.05,19.03,16257.76
CUST03092,Aditya Mhaske,8,17,113775.46,24304.85,21.36,14221.93
CUST02670,Arjun Mhaske,9,18,113759.55,29986.59,26.36,12639.95
CUST00943,Meera Sharma,11,19,113726.2,21567.53,18.96,10338.75
CUST04336,Neha Patil,10,19,113696.46,17660.13,15.53,11369.65
CUST02569,Rahul Gupta,9,18,113476.87,22854.45,20.14,12608.54
CUST01803,Arjun Shah,9,16,113471.43,19933.84,17.57,12607.94
CUST05292,Aarav Mhaske,8,14,113443.04,22182.23,19.55,14180.38
CUST01330,Aditya Singh,10,22,113405.3,29284.57,25.82,11340.53
CUST03967,Neha Mhaske,11,16,113381.63,30908.64,27.26,10307.42
CUST00950,Aarav Nair,6,14,113358.47,41347.81,36.48,18893.08
CUST00953,Arjun Sharma,7,16,113329.2,24755.7,21.84,16189.89
CUST05859,Isha Gupta,10,20,113304.01,31562.25,27.86,11330.4
CUST03943,Neha Deshmukh,10,21,112993.36,30986.12,27.42,11299.34
CUST01657,Arjun Verma,9,24,112964.6,23927.55,21.18,12551.62
CUST02458,Aditya Mehta,7,19,112941.55,21371.84,18.92,16134.51
CUST05920,Priya Mhaske,11,18,112843.29,32269.05,28.6,10258.48
CUST03371,Rohan Sharma,7,16,112813.4,25026.93,22.18,16116.2
CUST01791,Meera Singh,7,16,112783.01,17188.89,15.24,16111.86
CUST05877,Priya Deshmukh,10,15,112763.04,22712.46,20.14,11276.3
CUST04027,Priya Sharma,8,26,112715.75,24981.19,22.16,14089.47
CUST04907,Rohan Joshi,8,15,112630.2,25964.13,23.05,14078.77
CUST01122,Vivaan Gupta,8,15,112518.72,37245.81,33.1,14064.84
CUST00052,Kavya Mhaske,8,15,112428.76,27709.03,24.65,14053.59
CUST05966,Priya Gupta,10,24,112411.35,18224.91,16.21,11241.13
CUST00887,Karan Gupta,9,13,112364.79,26345.2,23.45,12484.98
CUST05106,Sneha Nair,11,23,112356.49,31021.84,27.61,10214.23
CUST05983,Rohan Joshi,7,15,112271.93,17683.47,15.75,16038.85
CUST05935,Kavya Mhaske,10,18,112230.51,33031.9,29.43,11223.05
CUST04132,Priya Nair,8,13,112208.21,25291.87,22.54,14026.03
CUST04428,Rohan Singh,11,23,112171.19,20686.05,18.44,10197.38
CUST02815,Karan Verma,7,17,112107.5,22943.2,20.47,16015.36
CUST04958,Pooja Nair,8,13,111908.85,23897.75,21.35,13988.61
CUST05858,Amit Nair,5,15,111746.09,22431.65,20.07,22349.22
CUST05183,Aditya Patil,6,16,111627.73,25996.6,23.29,18604.62
CUST00896,Rohan Mhaske,10,19,111524.96,24661.43,22.11,11152.5
CUST05409,Aditya Shah,7,12,111489.51,25261.91,22.66,15927.07
CUST03264,Neha Verma,7,17,111369.82,23351.85,20.97,15909.97
CUST00772,Vivaan Kumar,11,25,111352.02,22225.31,19.96,10122.91
CUST01760,Amit Shah,10,19,111343.92,25502.26,22.9,11134.39
CUST01829,Kavya Gupta,8,13,111341.13,25586.3,22.98,13917.64
CUST01355,Ananya Mehta,9,21,111085.36,24155.16,21.74,12342.82
CUST03747,Vivaan Singh,7,13,111040.75,30934.9,27.86,15862.96
CUST03549,Arjun Mhaske,11,22,110964.29,23387.49,21.08,10087.66
CUST04248,Priya Sharma,9,15,110848.38,25735.58,23.22,12316.49
CUST00805,Arjun Kumar,8,18,110845.53,18295.82,16.51,13855.69
CUST00318,Kavya Shah,10,14,110749.32,27750.77,25.06,11074.93
CUST00635,Rohan Sharma,7,17,110649.02,16859.95,15.24,15807.0
CUST02621,Meera Sharma,5,12,110555.48,18707.88,16.92,22111.1
CUST00434,Meera Mhaske,9,15,110451.76,23497.93,21.27,12272.42
CUST04683,Rahul Kumar,9,21,110396.17,17828.24,16.15,12266.24
CUST02026,Rohan Kumar,9,17,110356.37,32637.04,29.57,12261.82
CUST03684,Sneha Mhaske,6,20,110300.6,14519.13,13.16,18383.43
CUST00743,Rahul Mehta,6,13,110269.99,26186.75,23.75,18378.33
CUST05128,Amit Joshi,9,15,109937.9,23594.36,21.46,12215.32
CUST02863,Vivaan Joshi,6,12,109908.96,30341.06,27.61,18318.16
CUST03173,Aditya Shah,11,19,109858.15,30780.01,28.02,9987.1
CUST04639,Isha Singh,7,13,109774.74,26218.97,23.88,15682.11
CUST01388,Sneha Mehta,12,25,109769.1,29848.53,27.19,9147.42
CUST00415,Isha Mhaske,8,19,109209.57,22958.26,21.02,13651.2
CUST03821,Karan Singh,11,24,109065.42,28012.3,25.68,9915.04
CUST05472,Ananya Joshi,10,20,108986.11,24198.19,22.2,10898.61
CUST05122,Amit Mhaske,9,14,108899.87,20380.2,18.71,12099.99
CUST04356,Aarav Sharma,8,13,108782.34,26766.54,24.61,13597.79
CUST02643,Karan Mehta,8,22,108589.19,36410.86,33.53,13573.65
CUST05953,Meera Verma,5,18,108542.82,23353.14,21.52,21708.56
CUST01213,Vivaan Sharma,5,15,108499.76,27211.7,25.08,21699.95
CUST05957,Priya Mhaske,13,28,108410.33,21296.78,19.64,8339.26
CUST02625,Aarav Joshi,10,16,108322.67,24775.22,22.87,10832.27
CUST01649,Ananya Singh,7,19,108256.38,27976.43,25.84,15465.2
CUST00691,Ananya Joshi,7,21,108161.24,19486.45,18.02,15451.61
CUST01057,Priya Shah,7,16,108062.7,16041.89,14.84,15437.53
CUST01891,Pooja Mhaske,11,20,108048.33,26589.96,24.61,9822.58
CUST05465,Priya Gupta,9,16,107873.75,18696.26,17.33,11985.97
CUST02687,Pooja Joshi,6,21,107832.27,21980.63,20.38,17972.05
CUST02111,Ananya Nair,9,17,107739.68,19856.03,18.43,11971.08
CUST02208,Kavya Mehta,8,17,107573.22,20065.75,18.65,13446.65
CUST01121,Meera Verma,5,12,107516.54,30989.77,28.82,21503.31
CUST00199,Neha Joshi,10,18,107488.36,19625.08,18.26,10748.84
CUST04151,Vivaan Mehta,9,22,107417.17,24900.48,23.18,11935.24
CUST00503,Meera Mehta,9,20,107299.26,31274.06,29.15,11922.14
CUST04771,Neha Nair,9,17,106951.11,25924.05,24.24,11883.46
CUST04111,Neha Verma,10,22,106947.61,17937.25,16.77,10694.76
CUST02091,Aarav Nair,11,23,106810.26,21455.13,20.09,9710.02
CUST02313,Amit Verma,7,14,106689.58,29519.3,27.67,15241.37
CUST04205,Priya Mhaske,10,23,106518.09,26192.81,24.59,10651.81
CUST04589,Vivaan Nair,8,16,106456.24,27683.33,26.0,13307.03
CUST02822,Sneha Verma,11,19,106399.06,19296.89,18.14,9672.64
CUST00852,Isha Sharma,9,22,106346.3,26466.01,24.89,11816.26
CUST03423,Sneha Mhaske,8,22,106318.46,14020.39,13.19,13289.81
CUST02699,Priya Sharma,11,21,106238.35,29724.42,27.98,9658.03
CUST01579,Rahul Patil,6,17,106063.28,23370.58,22.03,17677.21
CUST03951,Rahul Nair,11,22,105936.37,26820.61,25.32,9630.58
CUST01341,Vivaan Joshi,9,14,105783.74,26177.89,24.75,11753.75
CUST03903,Kavya Patil,7,13,105759.94,28858.93,27.29,15108.56
CUST01691,Sneha Verma,9,17,105610.32,20511.21,19.42,11734.48
CUST05523,Pooja Patil,8,17,105543.6,23395.94,22.17,13192.95
CUST03910,Pooja Mhaske,9,18,105467.48,20423.38,19.36,11718.61
CUST01284,Karan Verma,10,15,105232.61,27109.1,25.76,10523.26
CUST03438,Vivaan Mhaske,7,14,105168.37,30841.23,29.33,15024.05
CUST02955,Sneha Patil,11,27,105100.3,20856.13,19.84,9554.57
CUST01478,Kavya Deshmukh,12,21,104913.85,20837.5,19.86,8742.82
CUST03649,Rahul Patil,6,14,104908.07,33000.51,31.46,17484.68
CUST05759,Rohan Verma,10,16,104801.6,22011.86,21.0,10480.16
CUST01263,Rohan Deshmukh,8,18,104797.75,19529.81,18.64,13099.72
CUST00365,Amit Sharma,12,26,104775.85,18982.49,18.12,8731.32
CUST00143,Pooja Deshmukh,6,11,104647.02,30430.86,29.08,17441.17
CUST01930,Rohan Nair,8,16,104636.04,22070.27,21.09,13079.5
CUST03279,Rahul Joshi,5,11,104610.59,32013.41,30.6,20922.12
CUST02795,Sneha Shah,10,21,104608.66,25210.91,24.1,10460.87
CUST00202,Isha Verma,9,19,104588.39,32094.92,30.69,11620.93
CUST00719,Vivaan Joshi,8,19,104569.09,21855.81,20.9,13071.14
CUST05478,Amit Verma,10,19,104563.17,21366.37,20.43,10456.32
CUST01438,Sneha Verma,9,21,104549.38,21044.33,20.13,11616.6
CUST04879,Karan Verma,8,17,104522.6,17914.56,17.14,13065.32
CUST05919,Isha Shah,9,18,104476.54,20949.84,20.05,11608.5
CUST01749,Pooja Mehta,9,17,104420.88,25986.71,24.89,11602.32
CUST01317,Isha Sharma,11,19,104402.76,25480.74,24.41,9491.16
CUST00964,Karan Patil,5,18,104206.09,29510.74,28.32,20841.22
CUST05240,Rahul Joshi,5,13,104154.81,22090.37,21.21,20830.96
CUST05363,Neha Joshi,5,11,104149.72,30698.68,29.48,20829.94
CUST03307,Rahul Mhaske,6,11,104130.99,27677.15,26.58,17355.17
CUST04909,Aditya Deshmukh,7,13,104116.16,22150.31,21.27,14873.74
CUST01910,Karan Deshmukh,9,22,104092.1,26797.53,25.74,11565.79
CUST01750,Aarav Mehta,7,12,104089.86,21574.31,20.73,14869.98
CUST02072,Aditya Mhaske,8,19,104017.07,18029.61,17.33,13002.13
CUST05299,Arjun Sharma,4,11,103949.04,31346.72,30.16,25987.26
CUST00022,Aditya Kumar,14,27,103670.71,24892.8,24.01,7405.05
CUST02452,Pooja Joshi,10,18,103619.9,27536.64,26.57,10361.99
CUST03740,Amit Shah,9,15,103606.43,29364.73,28.34,11511.83
CUST05863,Rohan Nair,9,20,103472.77,22799.63,22.03,11496.97
CUST01845,Pooja Singh,9,16,103371.84,28086.07,27.17,11485.76
CUST00254,Amit Nair,10,17,103319.73,17682.19,17.11,10331.97
CUST05495,Amit Joshi,9,14,103257.21,22693.83,21.98,11473.02
CUST00474,Rahul Deshmukh,9,23,103182.63,16223.64,15.72,11464.74
CUST03389,Vivaan Kumar,9,21,103058.15,22951.4,22.27,11450.91
CUST02375,Rahul Joshi,12,23,102703.03,22984.05,22.38,8558.59
CUST02718,Amit Patil,11,21,102625.93,31389.23,30.59,9329.63
CUST01747,Arjun Verma,10,21,102447.41,21619.13,21.1,10244.74
CUST01488,Rohan Mhaske,10,23,102447.27,27570.0,26.91,10244.73
CUST00407,Pooja Gupta,9,13,102272.57,28641.27,28.0,11363.62
CUST02708,Isha Kumar,11,22,102101.31,21455.7,21.01,9281.94
CUST02028,Isha Sharma,10,21,101972.65,22861.47,22.42,10197.27
CUST05555,Arjun Patil,9,23,101956.64,24023.86,23.56,11328.52
CUST00519,Karan Kumar,7,16,101904.55,18757.45,18.41,14557.79
CUST01397,Rahul Sharma,7,12,101831.59,34604.33,33.98,14547.37
CUST03673,Rahul Deshmukh,8,14,101786.43,26539.22,26.07,12723.3
CUST03909,Neha Kumar,11,22,101677.69,27786.76,27.33,9243.43
CUST00476,Sneha Nair,8,14,101616.08,18374.56,18.08,12702.01
CUST04060,Kavya Kumar,8,19,101538.27,16932.87,16.68,12692.28
CUST00498,Meera Kumar,16,27,101222.34,23612.3,23.33,6326.4
CUST03726,Arjun Joshi,9,28,101135.88,13405.7,13.26,11237.32
CUST05048,Ananya Gupta,11,17,101007.56,30927.08,30.62,9182.51
CUST04901,Rahul Joshi,7,17,100875.7,22534.98,22.34,14410.81
CUST00825,Sneha Mehta,6,12,100874.9,25192.32,24.97,16812.48
CUST04782,Isha Kumar,8,15,100751.43,21070.7,20.91,12593.93
CUST02366,Karan Verma,8,15,100737.02,28911.75,28.7,12592.13
CUST04308,Meera Deshmukh,5,12,100517.4,17847.3,17.76,20103.48
CUST03573,Isha Gupta,9,19,100399.24,18159.31,18.09,11155.47
CUST03105,Meera Gupta,8,15,100399.13,27072.12,26.96,12549.89
CUST03089,Karan Mehta,9,23,100340.4,22333.43,22.26,11148.93
CUST04203,Aditya Verma,10,22,100212.71,25402.9,25.35,10021.27
CUST02426,Pooja Kumar,11,20,100209.14,15705.42,15.67,9109.92
CUST00095,Isha Mhaske,5,10,100104.77,25802.18,25.78,20020.95
CUST00830,Amit Mehta,12,33,100068.97,18447.88,18.44,8339.08
CUST05789,Sneha Nair,8,23,100054.33,18394.32,18.38,12506.79
CUST01816,Priya Joshi,9,19,100013.25,33762.63,33.76,11112.58
CUST03528,Rahul Kumar,12,25,99515.38,24662.14,24.78,8292.95
CUST05224,Vivaan Nair,7,13,99463.46,25251.75,25.39,14209.07
CUST05615,Neha Kumar,8,14,99310.61,20299.13,20.44,12413.83
CUST02852,Aditya Nair,12,24,99271.94,25312.95,25.5,8272.66
CUST05129,Vivaan Kumar,10,19,99264.42,19561.77,19.71,9926.44
CUST00942,Ananya Kumar,9,16,99163.62,18674.55,18.83,11018.18
CUST04569,Vivaan Gupta,5,8,99158.3,23236.81,23.43,19831.66
CUST02505,Amit Singh,9,16,99089.24,23404.82,23.62,11009.92
CUST00526,Aarav Deshmukh,11,23,99050.61,26709.91,26.97,9004.6
CUST03303,Neha Kumar,7,17,99048.91,22644.97,22.86,14149.84
CUST00246,Karan Mehta,8,22,99041.88,21621.59,21.83,12380.24
CUST00115,Rohan Singh,9,17,98983.39,30404.93,30.72,10998.15
CUST02515,Arjun Nair,11,18,98967.67,19686.08,19.89,8997.06
CUST03148,Kavya Deshmukh,12,22,98847.47,17133.32,17.33,8237.29
CUST00132,Aditya Mehta,4,9,98752.74,26824.53,27.16,24688.18
CUST01812,Pooja Gupta,7,19,98649.91,10859.65,11.01,14092.84
CUST00414,Meera Kumar,8,17,98642.12,21120.91,21.41,12330.26
CUST02198,Meera Shah,7,13,98379.13,15807.21,16.07,14054.16
CUST00540,Aditya Joshi,6,16,98321.53,31724.5,32.27,16386.92
CUST04134,Kavya Mhaske,8,16,98290.2,28404.52,28.9,12286.27
CUST02065,Pooja Kumar,6,17,98152.93,17850.54,18.19,16358.82
CUST02546,Priya Singh,11,19,98081.03,24101.08,24.57,8916.46
CUST02019,Ananya Singh,11,21,98070.61,25325.56,25.82,8915.51
CUST05909,Sneha Mhaske,8,14,97940.99,20536.76,20.97,12242.62
CUST02739,Meera Deshmukh,9,21,97745.36,26429.7,27.04,10860.6
CUST04088,Aarav Patil,6,12,97737.21,25999.91,26.6,16289.53
CUST05852,Amit Sharma,5,11,97415.66,23836.84,24.47,19483.13
CUST00661,Arjun Sharma,11,18,97367.3,22845.47,23.46,8851.57
CUST05246,Vivaan Mhaske,8,19,97323.37,20359.7,20.92,12165.42
CUST01484,Sneha Mehta,10,18,97003.5,28494.02,29.37,9700.35
CUST00570,Aditya Deshmukh,9,18,96796.01,24032.82,24.83,10755.11
CUST00927,Aarav Shah,7,22,96794.37,21194.17,21.9,13827.77
CUST03853,Aarav Mhaske,11,24,96661.8,20603.84,21.32,8787.44
CUST02537,Rahul Patil,6,19,96585.01,24695.8,25.57,16097.5
CUST02953,Neha Gupta,8,15,96558.09,25203.89,26.1,12069.76
CUST05872,Karan Sharma,7,14,96440.3,27442.9,28.46,13777.19
CUST05502,Isha Singh,4,13,96433.71,27953.04,28.99,24108.43
CUST02715,Meera Kumar,8,11,96341.35,26166.93,27.16,12042.67
CUST03950,Pooja Verma,8,16,96264.36,27996.29,29.08,12033.05
CUST01999,Amit Verma,10,19,96178.26,17483.18,18.18,9617.83
CUST04339,Rohan Gupta,10,17,96067.86,22879.39,23.82,9606.79
CUST03626,Rahul Gupta,12,23,95752.76,22172.91,23.16,7979.4
CUST02636,Aarav Patil,11,19,95751.51,28164.02,29.41,8704.68
CUST00482,Karan Singh,7,13,95725.6,15097.15,15.77,13675.09
CUST05444,Aarav Joshi,8,12,95667.42,19711.16,20.6,11958.43
CUST02160,Rahul Joshi,5,10,95614.96,26218.35,27.42,19122.99
CUST02380,Aditya Nair,7,16,95350.26,18849.83,19.77,13621.47
CUST04677,Aarav Patil,8,20,95300.7,17912.2,18.8,11912.59
CUST01786,Amit Sharma,10,23,95293.43,9738.94,10.22,9529.34
CUST03490,Amit Sharma,7,20,95289.27,22648.91,23.77,13612.75
CUST01636,Rahul Mhaske,6,10,95281.41,23106.8,24.25,15880.24
CUST05505,Vivaan Patil,7,14,95273.59,24555.87,25.77,13610.51
CUST04705,Pooja Mhaske,4,12,95249.68,19773.46,20.76,23812.42
CUST01033,Meera Mehta,8,17,95101.68,26647.47,28.02,11887.71
CUST01935,Vivaan Shah,12,20,95017.4,26218.28,27.59,7918.12
CUST04781,Aarav Deshmukh,9,23,94722.46,27288.87,28.81,10524.72
CUST03288,Sneha Joshi,10,18,94682.35,20512.61,21.66,9468.24
CUST02194,Rahul Sharma,7,13,94542.21,27645.48,29.24,13506.03
CUST05357,Kavya Sharma,8,25,94239.88,23722.46,25.17,11779.99
CUST02914,Rahul Deshmukh,9,16,94161.19,17579.91,18.67,10462.35
CUST02262,Vivaan Mehta,10,21,94075.86,25097.07,26.68,9407.59
CUST02387,Rohan Nair,9,14,93562.74,21412.41,22.89,10395.86
CUST03601,Vivaan Joshi,7,10,93529.5,23575.56,25.21,13361.36
CUST03251,Vivaan Patil,8,17,93527.59,20056.35,21.44,11690.95
CUST05395,Aarav Shah,7,19,93428.96,20854.52,22.32,13346.99
CUST02661,Sneha Shah,11,19,93291.61,22424.95,24.04,8481.06
CUST00827,Karan Mehta,11,21,93275.21,20823.15,22.32,8479.56
CUST05157,Vivaan Deshmukh,14,21,93232.9,22655.04,24.3,6659.49
CUST03341,Vivaan Mehta,5,10,93192.65,14660.59,15.73,18638.53
CUST01573,Rohan Nair,5,13,93104.64,20151.55,21.64,18620.93
CUST01970,Isha Mehta,8,17,93000.44,27242.92,29.29,11625.06
CUST04768,Ananya Joshi,7,18,92932.46,14800.26,15.93,13276.07
CUST01105,Aditya Verma,8,12,92892.5,23132.63,24.9,11611.56
CUST02402,Pooja Singh,5,14,92817.5,16844.32,18.15,18563.5
CUST02780,Meera Shah,7,13,92783.13,20271.61,21.85,13254.73
CUST00775,Isha Joshi,9,16,92773.79,21082.16,22.72,10308.2
CUST05192,Ananya Verma,8,22,92763.52,22434.65,24.18,11595.44
CUST00862,Pooja Gupta,7,13,92672.89,16553.22,17.86,13238.98
CUST02371,Sneha Deshmukh,9,19,92671.36,22054.76,23.8,10296.82
CUST04288,Sneha Sharma,12,21,92641.5,21518.69,23.23,7720.13
CUST01995,Priya Singh,10,22,92531.25,17810.82,19.25,9253.13
CUST01253,Rohan Mhaske,11,17,92416.89,19643.45,21.26,8401.54
CUST03326,Ananya Shah,14,22,92365.68,21061.48,22.8,6597.55
CUST03437,Aditya Shah,10,21,92189.7,26616.73,28.87,9218.97
CUST02470,Pooja Mhaske,9,20,92187.8,15018.21,16.29,10243.09
CUST04578,Amit Gupta,7,16,92120.4,22823.33,24.78,13160.06
CUST00204,Rohan Singh,6,17,92069.63,23555.15,25.58,15344.94
CUST01164,Neha Verma,9,16,91905.79,20743.75,22.57,10211.75
CUST02894,Aditya Joshi,9,18,91743.44,23920.41,26.07,10193.72
CUST00146,Priya Kumar,7,13,91639.43,30954.11,33.78,13091.35
CUST02905,Aditya Sharma,10,15,91616.94,22184.42,24.21,9161.69
CUST04605,Arjun Kumar,10,21,91503.4,24645.7,26.93,9150.34
CUST03104,Pooja Gupta,8,18,91338.39,23345.06,25.56,11417.3
CUST05094,Arjun Nair,8,17,91063.67,26281.69,28.86,11382.96
CUST03206,Karan Kumar,8,16,91054.65,10705.55,11.76,11381.83
CUST03746,Priya Gupta,7,17,91031.42,25551.24,28.07,13004.49
CUST04049,Aditya Gupta,10,19,90131.8,22353.21,24.8,9013.18
CUST00574,Aditya Patil,6,13,90128.9,27594.27,30.62,15021.48
CUST05964,Karan Deshmukh,9,17,90111.56,19558.12,21.7,10012.4
CUST03478,Rahul Verma,4,9,90042.89,24319.67,27.01,22510.72
CUST02367,Meera Verma,6,13,90024.12,24475.52,27.19,15004.02
CUST02609,Aditya Verma,8,20,89989.95,18903.73,21.01,11248.74
CUST02988,Karan Verma,8,10,89677.2,21500.43,23.98,11209.65
CUST02193,Ananya Deshmukh,8,13,89532.56,19831.31,22.15,11191.57
CUST05982,Vivaan Shah,9,25,89529.71,18853.01,21.06,9947.75
CUST03510,Rohan Sharma,6,14,89439.41,15519.66,17.35,14906.57
CUST00679,Rohan Joshi,3,7,89369.19,23573.23,26.38,29789.73
CUST03998,Arjun Verma,6,17,89348.74,25735.2,28.8,14891.46
CUST01737,Aditya Joshi,11,16,89276.79,18365.21,20.57,8116.07
CUST01931,Meera Mehta,7,14,89237.1,18861.69,21.14,12748.16
CUST02077,Priya Sharma,10,15,89138.43,18881.28,21.18,8913.84
CUST02084,Karan Verma,11,22,89016.42,16159.81,18.15,8092.4
CUST03336,Aditya Kumar,7,13,88724.94,14597.82,16.45,12674.99
CUST02494,Ananya Patil,9,15,88650.78,25462.53,28.72,9850.09
CUST01110,Rohan Mhaske,6,14,88564.82,20903.44,23.6,14760.8
CUST04355,Vivaan Joshi,10,18,88562.82,15586.12,17.6,8856.28
CUST05910,Ananya Gupta,8,11,88356.45,18296.11,20.71,11044.56
CUST00256,Rahul Gupta,7,18,88300.19,23357.08,26.45,12614.31
CUST02857,Aarav Nair,10,21,88296.38,25783.75,29.2,8829.64
CUST05943,Kavya Shah,6,11,88290.96,17553.52,19.88,14715.16
CUST03775,Arjun Singh,8,17,88095.24,21478.22,24.38,11011.91
CUST02500,Aditya Singh,6,11,87857.79,24157.09,27.5,14642.96
CUST01329,Ananya Verma,6,11,87789.79,24725.67,28.16,14631.63
CUST01102,Vivaan Mhaske,10,15,87506.18,12906.13,14.75,8750.62
CUST02203,Ananya Joshi,11,16,87406.51,21719.1,24.85,7946.05
CUST05262,Kavya Sharma,8,25,87327.77,15219.9,17.43,10915.97
CUST03381,Isha Kumar,7,16,87287.88,19727.42,22.6,12469.7
CUST04092,Sneha Shah,4,10,86691.75,17180.5,19.82,21672.94
CUST04707,Sneha Sharma,10,19,86656.01,15320.81,17.68,8665.6
CUST00810,Rahul Mhaske,9,17,86537.42,21541.69,24.89,9615.27
CUST01877,Aditya Mhaske,6,15,86187.17,20659.42,23.97,14364.53
CUST00394,Kavya Gupta,7,13,86029.89,28077.28,32.64,12289.98
CUST04714,Vivaan Verma,13,21,85832.21,24004.36,27.97,6602.48
CUST05399,Isha Sharma,7,19,85764.22,25573.15,29.82,12252.03
CUST01162,Amit Nair,8,18,85728.49,12091.46,14.1,10716.06
CUST00977,Priya Nair,6,12,85609.01,28641.07,33.46,14268.17
CUST05517,Aarav Mehta,10,18,85552.69,25170.36,29.42,8555.27
CUST03322,Pooja Deshmukh,8,16,85444.66,21192.71,24.8,10680.58
CUST02610,Isha Patil,5,10,85119.39,12044.33,14.15,17023.88
CUST04980,Sneha Sharma,5,14,84902.43,17178.17,20.23,16980.49
CUST00685,Karan Gupta,10,14,84580.15,19374.77,22.91,8458.01
CUST05792,Karan Deshmukh,8,12,84525.41,18250.42,21.59,10565.68
CUST05906,Rohan Deshmukh,7,17,84375.7,6198.01,7.35,12053.67
CUST02910,Aditya Gupta,9,11,84364.12,20316.34,24.08,9373.79
CUST01073,Arjun Kumar,6,11,84088.79,17277.31,20.55,14014.8
CUST04085,Rahul Mhaske,9,18,84080.57,16184.62,19.25,9342.29
CUST03460,Vivaan Deshmukh,8,15,84046.46,18429.98,21.93,10505.81
CUST04303,Meera Mehta,9,16,83974.5,16000.78,19.05,9330.5
CUST00262,Neha Patil,9,16,83856.57,22448.47,26.77,9317.4
CUST01756,Aarav Sharma,6,12,83324.13,21444.99,25.74,13887.36
CUST00965,Karan Shah,9,16,82931.68,23825.23,28.73,9214.63
CUST04130,Vivaan Kumar,5,9,82887.08,10655.04,12.85,16577.42
CUST01326,Neha Shah,5,11,82714.28,14185.88,17.15,16542.86
CUST04749,Aditya Kumar,8,15,82668.52,22614.02,27.36,10333.57
CUST05095,Kavya Kumar,6,15,82559.58,25738.05,31.18,13759.93
CUST05890,Vivaan Mhaske,4,15,82513.81,19711.52,23.89,20628.45
CUST02280,Amit Shah,8,17,82375.98,19254.27,23.37,10297.0
CUST05520,Aarav Sharma,5,11,82277.05,27258.95,33.13,16455.41
CUST01053,Kavya Patil,6,15,82185.68,16009.86,19.48,13697.61
CUST05027,Isha Singh,7,15,81998.23,24605.02,30.01,11714.03
CUST00243,Karan Nair,7,10,81917.3,20130.5,24.57,11702.47
CUST00518,Ananya Shah,8,15,81750.64,19165.08,23.44,10218.83
CUST02879,Ananya Singh,3,7,81732.99,8391.14,10.27,27244.33
CUST04592,Karan Shah,6,8,81644.6,28108.32,34.43,13607.43
CUST01380,Sneha Singh,5,14,81633.86,17915.7,21.95,16326.77
CUST05175,Kavya Verma,8,21,81516.51,14455.48,17.73,10189.56
CUST04388,Vivaan Nair,4,12,81287.48,10949.9,13.47,20321.87
CUST03742,Neha Singh,8,16,81016.58,18129.18,22.38,10127.07
CUST02447,Rohan Mehta,9,15,80970.66,19455.39,24.03,8996.74
CUST04163,Aarav Singh,7,15,80862.92,21600.1,26.71,11551.85
CUST03025,Aarav Kumar,9,19,80776.34,21264.35,26.32,8975.15
CUST02899,Rohan Mehta,7,11,80728.1,15300.43,18.95,11532.59
CUST00455,Ananya Singh,8,11,80693.8,19833.53,24.58,10086.73
CUST05199,Sneha Singh,6,12,80500.91,17653.05,21.93,13416.82
CUST04527,Isha Mhaske,9,15,80376.55,22719.09,28.27,8930.73
CUST03965,Aditya Singh,6,15,80343.27,17569.76,21.87,13390.55
CUST00773,Rohan Patil,7,12,80196.23,25745.18,32.1,11456.6
CUST04020,Ananya Gupta,7,12,80128.02,21112.55,26.35,11446.86
CUST04873,Karan Mhaske,8,13,80030.85,15647.05,19.55,10003.86
CUST00711,Kavya Joshi,8,25,79828.86,20301.39,25.43,9978.61
CUST00610,Kavya Mehta,7,11,79678.12,16040.8,20.13,11382.59
CUST00390,Priya Verma,8,17,79599.35,20454.29,25.7,9949.92
CUST01085,Rahul Deshmukh,7,10,79598.77,20174.51,25.35,11371.25
CUST03856,Isha Sharma,6,12,79412.43,23863.48,30.05,13235.4
CUST02395,Isha Mehta,8,18,79249.37,17782.61,22.44,9906.17
CUST05638,Aarav Gupta,10,18,79136.49,20562.79,25.98,7913.65
CUST01678,Karan Deshmukh,7,19,79020.37,21360.59,27.03,11288.62
CUST00269,Karan Sharma,7,14,78998.11,21515.72,27.24,11285.44
CUST04424,Ananya Nair,3,7,78856.75,15120.83,19.18,26285.58
CUST05981,Meera Kumar,7,11,78838.27,19802.0,25.12,11262.61
CUST03689,Aditya Kumar,7,12,78794.34,21770.07,27.63,11256.33
CUST02737,Ananya Gupta,7,10,78723.64,13687.13,17.39,11246.23
CUST04004,Arjun Patil,4,12,78400.3,15598.55,19.9,19600.08
CUST01895,Aarav Mehta,7,11,78287.19,17627.31,22.52,11183.88
CUST00217,Rahul Nair,5,7,78278.42,22600.87,28.87,15655.68
CUST02307,Karan Verma,9,19,78271.4,20616.3,26.34,8696.82
CUST01129,Ananya Singh,10,15,78225.47,14948.06,19.11,7822.55
CUST05618,Kavya Verma,8,17,77926.5,14736.64,18.91,9740.81
CUST03415,Priya Mhaske,8,19,77902.38,17152.32,22.02,9737.8
CUST05729,Ananya Singh,9,11,77765.25,14522.45,18.67,8640.58
CUST02846,Ananya Mehta,8,15,77501.52,17404.25,22.46,9687.69
CUST02973,Amit Mhaske,7,15,77237.71,19661.76,25.46,11033.96
CUST02388,Aarav Verma,5,10,77229.14,19625.99,25.41,15445.83
CUST01953,Vivaan Shah,8,12,76950.26,18580.81,24.15,9618.78
CUST03348,Rohan Verma,8,16,76804.79,18212.44,23.71,9600.6
CUST04787,Neha Nair,5,12,76714.27,21219.89,27.66,15342.85
CUST04532,Meera Verma,5,12,76359.43,11048.73,14.47,15271.89
CUST00898,Ananya Gupta,8,11,76355.08,17198.56,22.52,9544.39
CUST02433,Isha Mhaske,6,9,76234.56,12520.67,16.42,12705.76
CUST04220,Karan Sharma,6,11,75819.24,18133.05,23.92,12636.54
CUST00324,Amit Patil,8,18,75805.0,21542.77,28.42,9475.63
CUST00181,Meera Shah,5,8,75520.93,19694.36,26.08,15104.19
CUST03692,Meera Deshmukh,7,14,75475.88,18861.53,24.99,10782.27
CUST03571,Vivaan Singh,11,13,75395.98,15761.25,20.9,6854.18
CUST04574,Pooja Mhaske,8,22,74579.91,18097.76,24.27,9322.49
CUST05553,Amit Singh,7,12,74412.19,18462.39,24.81,10630.31
CUST02590,Neha Sharma,7,13,74306.96,19541.07,26.3,10615.28
CUST04929,Neha Verma,7,14,74013.33,16946.44,22.9,10573.33
CUST02283,Pooja Mehta,8,15,73732.87,18545.43,25.15,9216.61
CUST04538,Aditya Shah,8,11,73678.64,20411.13,27.7,9209.83
CUST01732,Arjun Mehta,7,17,73567.95,23190.75,31.52,10509.71
CUST03391,Neha Joshi,7,12,73285.22,18347.85,25.04,10469.32
CUST03961,Priya Deshmukh,5,11,72986.7,13072.0,17.91,14597.34
CUST04779,Arjun Verma,6,9,72783.28,25963.43,35.67,12130.55
CUST05145,Amit Gupta,7,11,72680.75,15656.61,21.54,10382.96
CUST00995,Aditya Deshmukh,6,13,72536.74,16326.23,22.51,12089.46
CUST03236,Amit Singh,11,17,72512.47,18360.4,25.32,6592.04
CUST02335,Aditya Gupta,8,16,72209.83,17746.07,24.58,9026.23
CUST04077,Amit Shah,6,10,71779.78,21631.09,30.14,11963.3
CUST00272,Isha Shah,9,17,71518.46,15716.02,21.97,7946.5
CUST03532,Aditya Verma,7,14,70773.09,12936.43,18.28,10110.44
CUST02133,Arjun Gupta,5,10,70436.67,24196.33,34.35,14087.33
CUST05178,Amit Sharma,11,31,70258.13,20536.66,29.23,6387.1
CUST05741,Aarav Patil,9,15,70131.43,16247.15,23.17,7792.38
CUST05781,Meera Joshi,6,11,70118.29,13637.06,19.45,11686.38
CUST00876,Rohan Deshmukh,3,12,70081.69,16000.3,22.83,23360.56
CUST05046,Aditya Kumar,10,16,69987.16,12817.56,18.31,6998.72
CUST05913,Neha Mehta,8,10,69792.32,20329.09,29.13,8724.04
CUST04760,Rohan Nair,9,14,69269.58,15617.41,22.55,7696.62
CUST02251,Aarav Patil,7,14,69238.3,16535.46,23.88,9891.19
CUST02680,Isha Verma,7,10,68667.11,13084.56,19.06,9809.59
CUST00351,Karan Sharma,5,9,67999.91,11748.94,17.28,13599.98
CUST01028,Meera Nair,5,9,67899.2,16020.84,23.6,13579.84
CUST01497,Ananya Deshmukh,5,10,67698.92,18956.1,28.0,13539.78
CUST04603,Aditya Verma,6,10,67295.74,13141.98,19.53,11215.96
CUST04450,Meera Patil,6,15,66678.33,12622.1,18.93,11113.06
CUST01012,Ananya Nair,4,9,66337.47,9300.29,14.02,16584.37
CUST03311,Ananya Gupta,8,14,65830.0,16847.51,25.59,8228.75
CUST04138,Amit Verma,5,9,65659.12,12999.54,19.8,13131.82
CUST04486,Vivaan Shah,7,11,65553.75,16961.63,25.87,9364.82
CUST00509,Aarav Gupta,7,16,65448.93,12596.77,19.25,9349.85
CUST00119,Rahul Mhaske,6,14,65135.09,18197.63,27.94,10855.85
CUST05361,Priya Nair,9,14,64611.34,15212.18,23.54,7179.04
CUST05610,Pooja Mhaske,7,12,64508.07,19389.11,30.06,9215.44
CUST01971,Pooja Kumar,6,16,64342.51,12794.01,19.88,10723.75
CUST01899,Karan Deshmukh,7,15,64107.73,13338.61,20.81,9158.25
CUST05091,Sneha Kumar,6,10,64022.38,16087.31,25.13,10670.4
CUST04451,Kavya Deshmukh,7,13,63841.89,16444.51,25.76,9120.27
CUST04222,Arjun Singh,8,16,63788.58,18193.79,28.52,7973.57
CUST02304,Vivaan Singh,5,12,63316.08,17026.14,26.89,12663.22
CUST00374,Priya Nair,5,10,63141.8,19011.54,30.11,12628.36
CUST02717,Arjun Kumar,6,10,63009.14,16041.96,25.46,10501.52
CUST05081,Sneha Sharma,7,14,62090.94,15188.8,24.46,8870.13
CUST05667,Aditya Deshmukh,5,7,61782.68,13944.8,22.57,12356.54
CUST05996,Kavya Gupta,6,14,61650.26,8649.87,14.03,10275.04
CUST01332,Arjun Mehta,6,11,61515.01,12101.93,19.67,10252.5
CUST04598,Kavya Patil,8,11,61389.0,13695.15,22.31,7673.63
CUST05308,Isha Joshi,4,9,61017.59,11550.12,18.93,15254.4
CUST02376,Isha Joshi,8,13,60998.41,12207.21,20.01,7624.8
CUST02305,Aditya Mehta,6,9,60926.87,12669.43,20.79,10154.48
CUST02598,Priya Verma,6,14,60848.08,14699.79,24.16,10141.35
CUST02787,Rohan Patil,7,13,60677.91,17383.59,28.65,8668.27
CUST01283,Arjun Patil,5,13,60630.89,14819.62,24.44,12126.18
CUST03723,Meera Gupta,7,11,60589.46,8532.68,14.08,8655.64
CUST01718,Aarav Sharma,7,14,60421.86,10081.52,16.69,8631.69
CUST03771,Meera Kumar,4,10,60244.12,14693.18,24.39,15061.03
CUST03848,Rohan Nair,6,12,60021.84,9337.17,15.56,10003.64
CUST04122,Sneha Singh,5,7,59979.6,9016.1,15.03,11995.92
CUST02915,Ananya Mehta,9,17,59727.76,14641.04,24.51,6636.42
CUST04753,Priya Deshmukh,6,11,59655.04,12984.72,21.77,9942.51
CUST01547,Priya Mehta,5,7,59490.5,12345.25,20.75,11898.1
CUST00633,Ananya Deshmukh,7,15,59242.27,18341.3,30.96,8463.18
CUST03555,Aarav Mhaske,7,18,58964.01,13620.24,23.1,8423.43
CUST05677,Aditya Patil,8,8,58933.48,11573.37,19.64,7366.68
CUST04266,Aditya Sharma,5,11,58823.09,10839.81,18.43,11764.62
CUST03904,Rohan Singh,6,11,58744.8,18458.3,31.42,9790.8
CUST01600,Rohan Mhaske,7,14,58720.57,11954.62,20.36,8388.65
CUST00157,Ananya Mehta,5,9,58561.1,16424.92,28.05,11712.22
CUST05686,Neha Nair,9,11,58461.63,15699.73,26.85,6495.74
CUST04623,Pooja Patil,3,7,57763.39,1303.81,2.26,19254.46
CUST00282,Neha Patil,8,10,57597.82,13940.84,24.2,7199.73
CUST02903,Karan Patil,6,11,57555.51,12629.68,21.94,9592.59
CUST05317,Rahul Joshi,5,8,56795.26,10160.36,17.89,11359.05
CUST03732,Vivaan Singh,7,10,56653.06,12596.28,22.23,8093.29
CUST02761,Amit Patil,7,15,56560.36,8844.18,15.64,8080.05
CUST04505,Meera Sharma,6,13,56422.23,12379.26,21.94,9403.7
CUST05336,Priya Joshi,11,21,55906.91,13805.05,24.69,5082.45
CUST02683,Amit Gupta,4,9,55701.32,12837.07,23.05,13925.33
CUST02614,Aarav Sharma,8,12,55688.31,13783.17,24.75,6961.04
CUST00804,Aarav Shah,8,16,54782.87,12102.34,22.09,6847.86
CUST01013,Priya Patil,7,11,54277.34,9822.52,18.1,7753.91
CUST04139,Aditya Mehta,5,11,53313.21,9706.18,18.21,10662.64
CUST04651,Karan Patil,8,12,53124.55,9808.27,18.46,6640.57
CUST01498,Pooja Shah,7,13,52967.61,4334.61,8.18,7566.8
CUST01711,Aditya Verma,8,15,52572.24,12436.49,23.66,6571.53
CUST05671,Aditya Joshi,6,7,52276.43,14237.96,27.24,8712.74
CUST00758,Vivaan Sharma,5,7,52131.21,10904.79,20.92,10426.24
CUST01457,Sneha Nair,7,11,51879.1,8141.76,15.69,7411.3
CUST02389,Sneha Gupta,4,10,51206.51,10043.38,19.61,12801.63
CUST05016,Neha Kumar,5,14,50899.37,8352.5,16.41,10179.87
CUST03198,Isha Gupta,5,18,50455.27,8068.14,15.99,10091.05
CUST00582,Isha Nair,4,6,50339.33,11087.34,22.03,12584.83
CUST03810,Pooja Patil,5,8,50290.81,13390.81,26.63,10058.16
CUST01605,Amit Verma,5,11,49562.02,10783.77,21.76,9912.4
CUST00345,Vivaan Kumar,6,18,48389.64,7647.27,15.8,8064.94
CUST00288,Rohan Mhaske,9,15,48173.42,9475.87,19.67,5352.6
CUST05072,Karan Gupta,4,6,46747.38,14402.95,30.81,11686.85
CUST05574,Karan Nair,4,10,46407.85,8401.23,18.1,11601.96
CUST01009,Pooja Gupta,6,10,45616.47,11036.53,24.19,7602.74
CUST01189,Meera Deshmukh,6,9,44085.98,9102.08,20.65,7347.66
CUST03703,Pooja Nair,4,11,44018.22,11249.62,25.56,11004.56
CUST03648,Neha Mhaske,5,13,43220.47,11488.56,26.58,8644.09
CUST00798,Sneha Gupta,7,9,42500.84,12198.31,28.7,6071.55
CUST04709,Pooja Kumar,4,9,40960.86,9320.61,22.75,10240.22
CUST01541,Amit Joshi,5,7,40004.95,12971.87,32.43,8000.99
CUST02713,Neha Patil,4,5,38365.61,9886.78,25.77,9591.4
CUST04713,Pooja Nair,6,9,37533.67,6497.4,17.31,6255.61
CUST01570,Aarav Sharma,4,4,35421.36,9707.06,27.4,8855.34
CUST02732,Neha Joshi,7,9,31041.34,7280.32,23.45,4434.48
CUST04054,Vivaan Gupta,3,4,29726.08,9306.96,31.31,9908.69
CUST03449,Isha Deshmukh,3,3,25823.6,5632.51,21.81,8607.87
CUST05075,Sneha Joshi,4,11,25491.51,4954.61,19.44,6372.88
CUST05613,Rohan Shah,4,6,21742.57,3605.18,16.58,5435.64
CUST01391,Aarav Gupta,3,3,18419.3,4408.29,23.93,6139.77
