Customer_ID,Customer_Name,Gender,Age,City,State,Region_ID,Customer_Segment,Acquisition_Channel,Signup_Date
CUST00001,Aarav Nair,Female,61,Jaipur,Rajasthan,R005,Standard,Referral,2026-01-31
CUST00002,Vivaan Shah,Male,54,Pune,Maharashtra,R002,Premium,Email,2025-05-10
CUST00003,Sneha Mehta,Female,48,Visakhapatnam,Andhra Pradesh,R023,Premium,Google Ads,2026-02-04
CUST00004,Rohan Sharma,Male,46,Mumbai,Maharashtra,R001,Standard,Google Ads,2025-12-31
CUST00005,Priya Mhaske,Male,58,Coimbatore,Tamil Nadu,R016,Corporate,Referral,2025-11-10
CUST00006,Amit Nair,Female,37,Visakhapatnam,Andhra Pradesh,R023,Standard,Google Ads,2023-05-02
CUST00007,Karan Verma,Male,20,Udaipur,Rajasthan,R006,Standard,Instagram,2024-04-11
CUST00008,Sneha Mhaske,Female,40,Visakhapatnam,Andhra Pradesh,R023,Premium,Organic,2026-05-23
CUST00009,Aarav Nair,Male,57,Coimbatore,Tamil Nadu,R016,Standard,Instagram,2023-11-27
CUST00010,Neha Mehta,Male,38,Patna,Bihar,R014,Standard,Organic,2023-03-29
CUST00011,Rohan Singh,Female,30,Ahmedabad,Gujarat,R003,Premium,Google Ads,2026-01-28
CUST00012,Neha Sharma,Male,25,Chennai,Tamil Nadu,R015,Corporate,Email,2025-05-21
CUST00013,Rohan Nair,Male,22,Ahmedabad,Gujarat,R003,Standard,Organic,2023-05-11
CUST00014,Rahul Shah,Female,42,Visakhapatnam,Andhra Pradesh,R023,Corporate,Instagram,2025-02-08
CUST00015,Meera Singh,Female,56,Pune,Maharashtra,R002,Standard,Instagram,2023-12-10
CUST00016,Pooja Shah,Female,54,Mumbai,Maharashtra,R001,Corporate,Instagram,2025-03-16
CUST00017,Karan Gupta,Male,58,Amritsar,Punjab,R009,Standard,Instagram,2024-01-21
CUST00018,Vivaan Nair,Male,22,Amritsar,Punjab,R009,Premium,Referral,2026-04-30
CUST00019,Sneha Patil,Male,25,Visakhapatnam,Andhra Pradesh,R023,Standard,Google Ads,2025-08-13
CUST00020,Priya Gupta,Male,61,New Delhi,Delhi,R007,Corporate,Email,2023-10-04
CUST00021,Aditya Mehta,Female,21,Ahmedabad,Gujarat,R003,Premium,Referral,2026-03-30
CUST00022,Aditya Kumar,Male,58,Mysuru,Karnataka,R018,Standard,Google Ads,2024-04-04
CUST00023,Amit Sharma,Male,39,Noida,Uttar Pradesh,R011,Standard,Organic,2023-01-22
CUST00024,Sneha Nair,Male,31,New Delhi,Delhi,R007,Premium,Referral,2023-09-10
CUST00025,Rahul Deshmukh,Female,36,Amritsar,Punjab,R009,Premium,Referral,2025-01-17
CUST00026,Arjun Sharma,Female,30,Mumbai,Maharashtra,R001,Standard,Referral,2025-05-06
CUST00027,Karan Gupta,Female,52,Patna,Bihar,R014,Standard,Referral,2024-04-19
CUST00028,Vivaan Nair,Male,21,Kochi,Kerala,R020,Premium,Organic,2025-12-18
CUST00029,Aarav Nair,Female,50,Udaipur,Rajasthan,R006,Standard,Instagram,2024-05-25
CUST00030,Sneha Nair,Female,39,New Delhi,Delhi,R007,Standard,Referral,2024-11-30
CUST00031,Aditya Deshmukh,Male,18,Lucknow,Uttar Pradesh,R010,Corporate,Google Ads,2025-09-02
CUST00032,Aarav Verma,Male,28,New Delhi,Delhi,R007,Standard,Instagram,2023-07-09
CUST00033,Karan Kumar,Male,33,Pune,Maharashtra,R002,Standard,Organic,2025-08-15
CUST00034,Priya Nair,Male,21,Surat,Gujarat,R004,Standard,Email,2024-11-17
CUST00035,Ananya Shah,Female,46,Thiruvananthapuram,Kerala,R021,Corporate,Organic,2025-08-15
CUST00036,Karan Mehta,Male,56,Bengaluru,Karnataka,R017,Standard,Email,2024-07-16
CUST00037,Meera Kumar,Male,61,Mumbai,Maharashtra,R001,Premium,Google Ads,2026-06-21
CUST00038,Meera Verma,Female,55,Lucknow,Uttar Pradesh,R010,Corporate,Email,2025-04-11
CUST00039,Karan Deshmukh,Female,41,Hyderabad,Telangana,R019,Standard,Referral,2026-02-28
CUST00040,Amit Nair,Female,26,Chennai,Tamil Nadu,R015,Premium,Instagram,2024-10-08
CUST00041,Vivaan Deshmukh,Male,25,Lucknow,Uttar Pradesh,R010,Standard,Instagram,2023-01-21
CUST00042,Ananya Kumar,Male,31,Hyderabad,Telangana,R019,Premium,Referral,2025-04-20
CUST00043,Isha Gupta,Male,32,Kolkata,West Bengal,R012,Standard,Instagram,2023-06-16
CUST00044,Kavya Nair,Male,39,Bhopal,Madhya Pradesh,R024,Premium,Organic,2024-01-23
CUST00045,Aditya Joshi,Male,54,Coimbatore,Tamil Nadu,R016,Standard,Referral,2024-08-23
CUST00046,Pooja Patil,Male,32,Amritsar,Punjab,R009,Standard,Referral,2023-11-12
CUST00047,Isha Mhaske,Male,23,Chennai,Tamil Nadu,R015,Corporate,Instagram,2023-01-14
CUST00048,Sneha Deshmukh,Male,18,Bengaluru,Karnataka,R017,Standard,Email,2023-08-30
CUST00049,Arjun Verma,Male,37,Patna,Bihar,R014,Premium,Google Ads,2025-02-15
CUST00050,Aditya Gupta,Female,58,Mysuru,Karnataka,R018,Standard,Email,2024-07-18
CUST00051,Aditya Deshmukh,Female,53,Pune,Maharashtra,R002,Standard,Organic,2025-06-16
CUST00052,Kavya Mhaske,Male,19,Surat,Gujarat,R004,Premium,Referral,2023-04-02
CUST00053,Vivaan Nair,Male,23,Mysuru,Karnataka,R018,Standard,Referral,2025-08-13
CUST00054,Rahul Singh,Male,19,New Delhi,Delhi,R007,Premium,Organic,2024-05-23
CUST00055,Aarav Nair,Male,20,Bhubaneswar,Odisha,R013,Standard,Google Ads,2025-02-14
CUST00056,Ananya Singh,Male,24,Chennai,Tamil Nadu,R015,Standard,Referral,2023-02-04
CUST00057,Priya Mhaske,Female,37,Indore,Madhya Pradesh,R025,Premium,Email,2023-07-25
CUST00058,Arjun Singh,Female,58,Visakhapatnam,Andhra Pradesh,R023,Standard,Organic,2026-01-09
CUST00059,Karan Deshmukh,Female,58,Vijayawada,Andhra Pradesh,R022,Standard,Referral,2025-10-22
CUST00060,Rohan Joshi,Female,22,Mumbai,Maharashtra,R001,Premium,Email,2025-10-18
CUST00061,Kavya Gupta,Female,42,Noida,Uttar Pradesh,R011,Standard,Organic,2024-07-19
CUST00062,Pooja Nair,Male,55,Lucknow,Uttar Pradesh,R010,Standard,Organic,2026-02-03
CUST00063,Kavya Deshmukh,Female,35,Indore,Madhya Pradesh,R025,Premium,Organic,2024-12-03
CUST00064,Arjun Mehta,Male,18,Jaipur,Rajasthan,R005,Premium,Google Ads,2024-02-06
CUST00065,Ananya Singh,Female,42,Coimbatore,Tamil Nadu,R016,Standard,Organic,2024-12-30
CUST00066,Rahul Sharma,Male,34,Noida,Uttar Pradesh,R011,Standard,Instagram,2023-06-11
CUST00067,Rahul Gupta,Male,63,Thiruvananthapuram,Kerala,R021,Premium,Instagram,2023-07-21
CUST00068,Pooja Deshmukh,Female,32,Udaipur,Rajasthan,R006,Standard,Organic,2025-09-22
CUST00069,Aarav Gupta,Male,22,Amritsar,Punjab,R009,Standard,Referral,2023-09-27
CUST00070,Kavya Joshi,Male,34,Bhubaneswar,Odisha,R013,Corporate,Instagram,2025-03-26
CUST00071,Ananya Singh,Male,38,Bhopal,Madhya Pradesh,R024,Standard,Email,2024-03-31
CUST00072,Rohan Nair,Male,40,Ludhiana,Punjab,R008,Premium,Email,2026-06-29
CUST00073,Meera Joshi,Female,60,Patna,Bihar,R014,Corporate,Referral,2025-10-13
CUST00074,Rohan Gupta,Female,27,Bhopal,Madhya Pradesh,R024,Premium,Email,2023-10-23
CUST00075,Meera Mehta,Male,34,Mumbai,Maharashtra,R001,Corporate,Referral,2024-12-20
CUST00076,Rahul Deshmukh,Male,18,Bengaluru,Karnataka,R017,Standard,Email,2023-12-04
CUST00077,Pooja Kumar,Female,54,Bhopal,Madhya Pradesh,R024,Standard,Organic,2025-05-28
CUST00078,Pooja Nair,Male,65,Jaipur,Rajasthan,R005,Premium,Email,2025-12-12
CUST00079,Kavya Mehta,Male,24,Indore,Madhya Pradesh,R025,Standard,Organic,2025-03-02
CUST00080,Pooja Verma,Male,29,Pune,Maharashtra,R002,Premium,Email,2023-08-05
CUST00081,Arjun Mehta,Female,57,Indore,Madhya Pradesh,R025,Standard,Email,2025-02-02
CUST00082,Rahul Mhaske,Male,18,Bhopal,Madhya Pradesh,R024,Premium,Email,2023-07-07
CUST00083,Kavya Kumar,Male,37,Amritsar,Punjab,R009,Standard,Organic,2024-01-15
CUST00084,Amit Gupta,Male,61,Surat,Gujarat,R004,Standard,Email,2024-05-07
CUST00085,Priya Mhaske,Male,48,Bengaluru,Karnataka,R017,Standard,Email,2025-11-30
CUST00086,Kavya Gupta,Female,21,Bengaluru,Karnataka,R017,Premium,Google Ads,2026-03-26
CUST00087,Aditya Mehta,Male,43,Thiruvananthapuram,Kerala,R021,Standard,Organic,2023-01-15
CUST00088,Rahul Sharma,Male,29,Mysuru,Karnataka,R018,Premium,Instagram,2023-03-06
CUST00089,Meera Singh,Male,39,Coimbatore,Tamil Nadu,R016,Standard,Referral,2024-06-04
CUST00090,Priya Verma,Male,18,Ludhiana,Punjab,R008,Standard,Google Ads,2026-02-26
CUST00091,Arjun Kumar,Female,18,Noida,Uttar Pradesh,R011,Premium,Email,2024-10-09
CUST00092,Vivaan Verma,Female,20,Thiruvananthapuram,Kerala,R021,Standard,Instagram,2025-12-22
CUST00093,Kavya Patil,Male,29,Thiruvananthapuram,Kerala,R021,Standard,Instagram,2026-03-08
CUST00094,Aarav Mehta,Male,38,Mysuru,Karnataka,R018,Standard,Email,2024-08-15
CUST00095,Isha Mhaske,Male,30,Visakhapatnam,Andhra Pradesh,R023,Premium,Email,2024-01-27
CUST00096,Sneha Kumar,Female,30,Bhopal,Madhya Pradesh,R024,Corporate,Google Ads,2024-02-23
CUST00097,Rohan Nair,Female,58,Lucknow,Uttar Pradesh,R010,Standard,Organic,2023-10-16
CUST00098,Amit Patil,Male,35,Bhubaneswar,Odisha,R013,Standard,Google Ads,2024-01-14
CUST00099,Rohan Kumar,Female,50,Bengaluru,Karnataka,R017,Standard,Organic,2023-08-19
CUST00100,Karan Verma,Female,23,Mysuru,Karnataka,R018,Premium,Instagram,2025-10-14
CUST00101,Rohan Gupta,Female,42,Lucknow,Uttar Pradesh,R010,Standard,Referral,2023-02-10
CUST00102,Neha Kumar,Male,40,Coimbatore,Tamil Nadu,R016,Premium,Email,2025-11-17
CUST00103,Vivaan Nair,Male,41,Kochi,Kerala,R020,Standard,Google Ads,2023-05-15
CUST00104,Meera Joshi,Male,54,Jaipur,Rajasthan,R005,Premium,Instagram,2023-07-20
CUST00105,Meera Joshi,Female,43,Bhubaneswar,Odisha,R013,Standard,Google Ads,2025-02-18
CUST00106,Ananya Nair,Female,21,Mysuru,Karnataka,R018,Corporate,Organic,2025-07-18
CUST00107,Aarav Sharma,Female,55,Bengaluru,Karnataka,R017,Standard,Email,2025-11-22
CUST00108,Sneha Verma,Male,52,Amritsar,Punjab,R009,Standard,Organic,2025-12-07
CUST00109,Rahul Verma,Male,28,Patna,Bihar,R014,Premium,Organic,2024-05-17
CUST00110,Amit Mhaske,Male,53,Bengaluru,Karnataka,R017,Premium,Organic,2024-02-11
CUST00111,Amit Kumar,Female,42,Surat,Gujarat,R004,Standard,Instagram,2025-03-15
CUST00112,Rohan Singh,Male,37,Mysuru,Karnataka,R018,Corporate,Email,2023-04-09
CUST00113,Meera Kumar,Male,18,Kochi,Kerala,R020,Standard,Referral,2024-11-14
CUST00114,Karan Joshi,Female,47,Bhopal,Madhya Pradesh,R024,Standard,Google Ads,2024-12-26
CUST00115,Rohan Singh,Male,21,Bhopal,Madhya Pradesh,R024,Standard,Organic,2025-08-18
CUST00116,Priya Shah,Male,40,Chennai,Tamil Nadu,R015,Standard,Email,2024-09-04
CUST00117,Meera Singh,Male,52,Noida,Uttar Pradesh,R011,Premium,Google Ads,2024-10-04
CUST00118,Karan Sharma,Female,59,Kolkata,West Bengal,R012,Standard,Email,2025-10-25
CUST00119,Rahul Mhaske,Female,39,Amritsar,Punjab,R009,Standard,Google Ads,2026-05-26
CUST00120,Sneha Kumar,Female,48,Bhubaneswar,Odisha,R013,Standard,Email,2024-05-17
CUST00121,Ananya Singh,Male,18,Chennai,Tamil Nadu,R015,Standard,Referral,2025-02-05
CUST00122,Pooja Patil,Female,21,Chennai,Tamil Nadu,R015,Corporate,Email,2024-02-02
CUST00123,Kavya Joshi,Female,36,Jaipur,Rajasthan,R005,Premium,Email,2025-05-20
CUST00124,Meera Joshi,Female,47,Visakhapatnam,Andhra Pradesh,R023,Standard,Organic,2025-03-05
CUST00125,Isha Gupta,Female,18,Hyderabad,Telangana,R019,Standard,Organic,2024-01-28
CUST00126,Karan Gupta,Male,65,Kochi,Kerala,R020,Corporate,Organic,2023-07-26
CUST00127,Aarav Deshmukh,Male,36,Indore,Madhya Pradesh,R025,Standard,Email,2025-11-04
CUST00128,Arjun Patil,Male,38,Patna,Bihar,R014,Standard,Referral,2025-06-10
CUST00129,Arjun Deshmukh,Female,39,Bengaluru,Karnataka,R017,Standard,Google Ads,2025-05-13
CUST00130,Vivaan Verma,Female,19,Mysuru,Karnataka,R018,Standard,Organic,2025-01-12
CUST00131,Vivaan Gupta,Female,23,Thiruvananthapuram,Kerala,R021,Premium,Instagram,2026-06-18
CUST00132,Aditya Mehta,Male,38,Ahmedabad,Gujarat,R003,Standard,Email,2024-07-17
CUST00133,Vivaan Deshmukh,Male,50,Pune,Maharashtra,R002,Corporate,Referral,2025-10-17
CUST00134,Meera Gupta,Male,36,Mumbai,Maharashtra,R001,Standard,Referral,2023-04-06
CUST00135,Priya Gupta,Female,44,Lucknow,Uttar Pradesh,R010,Standard,Organic,2024-04-29
CUST00136,Aarav Singh,Male,54,Hyderabad,Telangana,R019,Corporate,Organic,2023-08-19
CUST00137,Isha Joshi,Female,46,Bengaluru,Karnataka,R017,Premium,Instagram,2025-01-18
CUST00138,Aarav Deshmukh,Male,45,Kolkata,West Bengal,R012,Premium,Instagram,2026-04-09
CUST00139,Karan Nair,Male,51,Mumbai,Maharashtra,R001,Standard,Organic,2024-06-24
CUST00140,Pooja Kumar,Female,18,Kolkata,West Bengal,R012,Premium,Google Ads,2025-11-25
CUST00141,Amit Gupta,Male,65,Bengaluru,Karnataka,R017,Standard,Organic,2024-06-08
CUST00142,Aditya Nair,Male,42,Bhopal,Madhya Pradesh,R024,Standard,Organic,2026-03-29
CUST00143,Pooja Deshmukh,Male,38,Ahmedabad,Gujarat,R003,Premium,Referral,2026-06-20
CUST00144,Pooja Joshi,Male,51,Noida,Uttar Pradesh,R011,Premium,Organic,2026-01-14
CUST00145,Ananya Mehta,Female,43,Bengaluru,Karnataka,R017,Premium,Organic,2024-07-31
CUST00146,Priya Kumar,Female,53,Visakhapatnam,Andhra Pradesh,R023,Premium,Organic,2024-11-12
CUST00147,Pooja Singh,Male,52,Ahmedabad,Gujarat,R003,Standard,Google Ads,2024-07-10
CUST00148,Sneha Shah,Female,40,Ludhiana,Punjab,R008,Standard,Referral,2025-10-09
CUST00149,Pooja Gupta,Male,34,Kochi,Kerala,R020,Premium,Email,2024-10-07
CUST00150,Kavya Kumar,Female,64,Surat,Gujarat,R004,Standard,Email,2025-03-06
CUST00151,Aditya Nair,Female,59,Thiruvananthapuram,Kerala,R021,Standard,Email,2025-11-17
CUST00152,Isha Joshi,Female,29,Vijayawada,Andhra Pradesh,R022,Standard,Email,2026-06-08
CUST00153,Vivaan Mhaske,Male,61,New Delhi,Delhi,R007,Standard,Referral,2023-07-09
CUST00154,Kavya Nair,Male,37,Patna,Bihar,R014,Corporate,Organic,2026-06-02
CUST00155,Kavya Patil,Male,56,Patna,Bihar,R014,Standard,Email,2024-09-24
CUST00156,Rahul Joshi,Female,44,Surat,Gujarat,R004,Standard,Organic,2024-09-19
CUST00157,Ananya Mehta,Male,59,Coimbatore,Tamil Nadu,R016,Premium,Email,2025-08-30
CUST00158,Ananya Shah,Male,54,Bhopal,Madhya Pradesh,R024,Standard,Google Ads,2024-12-10
CUST00159,Ananya Mehta,Female,37,Vijayawada,Andhra Pradesh,R022,Corporate,Organic,2024-10-10
CUST00160,Kavya Sharma,Male,28,Mumbai,Maharashtra,R001,Standard,Referral,2023-11-14
CUST00161,Isha Mehta,Male,45,Bengaluru,Karnataka,R017,Premium,Google Ads,2026-06-02
CUST00162,Neha Sharma,Male,19,Indore,Madhya Pradesh,R025,Standard,Google Ads,2026-06-11
CUST00163,Aarav Nair,Male,41,Lucknow,Uttar Pradesh,R010,Standard,Referral,2024-11-14
CUST00164,Priya Kumar,Male,33,Vijayawada,Andhra Pradesh,R022,Standard,Google Ads,2024-10-25
CUST00165,Rohan Singh,Male,29,Coimbatore,Tamil Nadu,R016,Standard,Organic,2026-06-10
CUST00166,Sneha Deshmukh,Male,33,Coimbatore,Tamil Nadu,R016,Premium,Instagram,2026-02-10
CUST00167,Kavya Verma,Male,53,Ludhiana,Punjab,R008,Standard,Instagram,2024-03-17
CUST00168,Karan Verma,Female,19,New Delhi,Delhi,R007,Premium,Email,2024-07-17
CUST00169,Pooja Patil,Male,42,Udaipur,Rajasthan,R006,Standard,Email,2026-02-10
CUST00170,Ananya Kumar,Female,46,Coimbatore,Tamil Nadu,R016,Premium,Organic,2025-08-09
CUST00171,Meera Nair,Male,45,Kochi,Kerala,R020,Premium,Referral,2026-01-09
CUST00172,Amit Verma,Male,27,Coimbatore,Tamil Nadu,R016,Standard,Organic,2024-11-29
CUST00173,Neha Deshmukh,Female,62,New Delhi,Delhi,R007,Standard,Email,2023-04-23
CUST00174,Karan Sharma,Male,40,Amritsar,Punjab,R009,Premium,Google Ads,2023-01-02
CUST00175,Amit Gupta,Male,49,Patna,Bihar,R014,Standard,Organic,2024-10-03
CUST00176,Amit Nair,Female,48,Noida,Uttar Pradesh,R011,Standard,Organic,2023-08-08
CUST00177,Neha Patil,Female,36,Patna,Bihar,R014,Premium,Referral,2025-05-04
CUST00178,Isha Shah,Male,32,New Delhi,Delhi,R007,Corporate,Email,2026-06-02
CUST00179,Arjun Verma,Male,50,Mumbai,Maharashtra,R001,Corporate,Organic,2024-01-20
CUST00180,Vivaan Mhaske,Female,34,Indore,Madhya Pradesh,R025,Premium,Google Ads,2026-02-27
CUST00181,Meera Shah,Female,53,Bhubaneswar,Odisha,R013,Standard,Google Ads,2025-12-12
CUST00182,Pooja Kumar,Male,37,Kochi,Kerala,R020,Corporate,Instagram,2024-12-30
CUST00183,Sneha Deshmukh,Male,26,Ahmedabad,Gujarat,R003,Standard,Email,2023-09-04
CUST00184,Rohan Mehta,Male,55,Kochi,Kerala,R020,Standard,Google Ads,2025-04-15
CUST00185,Vivaan Patil,Male,20,Surat,Gujarat,R004,Corporate,Referral,2023-07-22
CUST00186,Amit Kumar,Male,19,Noida,Uttar Pradesh,R011,Standard,Email,2026-04-22
CUST00187,Karan Singh,Male,35,Pune,Maharashtra,R002,Standard,Google Ads,2023-05-03
CUST00188,Priya Kumar,Male,40,Patna,Bihar,R014,Premium,Organic,2024-02-05
CUST00189,Pooja Sharma,Male,36,Kolkata,West Bengal,R012,Standard,Email,2025-02-05
CUST00190,Neha Nair,Female,24,Bengaluru,Karnataka,R017,Standard,Google Ads,2023-10-21
CUST00191,Aarav Mhaske,Male,52,Kolkata,West Bengal,R012,Standard,Organic,2023-10-07
CUST00192,Sneha Deshmukh,Male,37,Kolkata,West Bengal,R012,Standard,Instagram,2025-06-02
CUST00193,Kavya Shah,Male,37,Mumbai,Maharashtra,R001,Corporate,Email,2023-07-17
CUST00194,Rahul Deshmukh,Female,36,Bhubaneswar,Odisha,R013,Standard,Email,2025-09-08
CUST00195,Meera Deshmukh,Female,58,Patna,Bihar,R014,Standard,Google Ads,2025-01-21
CUST00196,Rohan Shah,Female,33,Bhopal,Madhya Pradesh,R024,Standard,Instagram,2023-05-24
CUST00197,Aarav Mehta,Male,55,Pune,Maharashtra,R002,Premium,Referral,2024-08-31
CUST00198,Amit Singh,Female,38,Kolkata,West Bengal,R012,Premium,Google Ads,2026-05-09
CUST00199,Neha Joshi,Male,46,Thiruvananthapuram,Kerala,R021,Standard,Google Ads,2026-02-21
CUST00200,Pooja Nair,Male,61,Coimbatore,Tamil Nadu,R016,Standard,Referral,2023-07-06
CUST00201,Ananya Nair,Female,55,Surat,Gujarat,R004,Premium,Referral,2024-04-08
CUST00202,Isha Verma,Female,62,Ludhiana,Punjab,R008,Standard,Referral,2024-10-21
CUST00203,Amit Patil,Female,41,Pune,Maharashtra,R002,Standard,Referral,2025-02-02
CUST00204,Rohan Singh,Female,54,Lucknow,Uttar Pradesh,R010,Standard,Referral,2025-08-12
CUST00205,Meera Patil,Female,46,Amritsar,Punjab,R009,Standard,Organic,2024-02-07
CUST00206,Pooja Verma,Male,48,Visakhapatnam,Andhra Pradesh,R023,Corporate,Organic,2023-05-27
CUST00207,Karan Kumar,Male,62,Chennai,Tamil Nadu,R015,Premium,Referral,2026-03-17
CUST00208,Isha Kumar,Male,56,Bhubaneswar,Odisha,R013,Premium,Instagram,2025-05-13
CUST00209,Karan Sharma,Female,29,Visakhapatnam,Andhra Pradesh,R023,Corporate,Instagram,2024-05-03
CUST00210,Vivaan Nair,Male,47,Bengaluru,Karnataka,R017,Premium,Referral,2025-07-17
CUST00211,Kavya Verma,Female,21,Coimbatore,Tamil Nadu,R016,Corporate,Organic,2024-07-04
CUST00212,Sneha Deshmukh,Male,47,Pune,Maharashtra,R002,Standard,Instagram,2023-12-04
CUST00213,Aditya Singh,Male,22,Kochi,Kerala,R020,Standard,Organic,2025-05-21
CUST00214,Amit Kumar,Male,33,Kochi,Kerala,R020,Premium,Google Ads,2024-10-02
CUST00215,Isha Joshi,Male,44,Patna,Bihar,R014,Premium,Organic,2024-04-17
CUST00216,Aditya Singh,Female,21,Ahmedabad,Gujarat,R003,Standard,Referral,2023-05-31
CUST00217,Rahul Nair,Male,25,Visakhapatnam,Andhra Pradesh,R023,Standard,Email,2023-09-20
CUST00218,Priya Verma,Male,65,Kolkata,West Bengal,R012,Standard,Referral,2023-05-24
CUST00219,Aarav Joshi,Male,25,Ludhiana,Punjab,R008,Standard,Google Ads,2023-12-12
CUST00220,Karan Patil,Male,34,Pune,Maharashtra,R002,Standard,Organic,2024-09-15
CUST00221,Amit Singh,Male,63,Surat,Gujarat,R004,Standard,Instagram,2025-10-13
CUST00222,Rahul Verma,Male,61,Patna,Bihar,R014,Premium,Referral,2025-05-30
CUST00223,Vivaan Mehta,Female,20,Coimbatore,Tamil Nadu,R016,Premium,Instagram,2023-01-02
CUST00224,Rohan Gupta,Male,44,Hyderabad,Telangana,R019,Premium,Organic,2025-06-15
CUST00225,Meera Patil,Male,51,Pune,Maharashtra,R002,Corporate,Google Ads,2023-09-11
CUST00226,Priya Joshi,Female,62,Kolkata,West Bengal,R012,Standard,Referral,2024-03-28
CUST00227,Rohan Nair,Male,38,Patna,Bihar,R014,Standard,Instagram,2025-11-26
CUST00228,Kavya Shah,Male,60,Udaipur,Rajasthan,R006,Standard,Referral,2026-03-29
CUST00229,Neha Shah,Male,41,Bhubaneswar,Odisha,R013,Corporate,Referral,2025-10-11
CUST00230,Priya Gupta,Male,61,Surat,Gujarat,R004,Standard,Instagram,2023-01-09
CUST00231,Neha Deshmukh,Female,58,Vijayawada,Andhra Pradesh,R022,Premium,Google Ads,2026-06-10
CUST00232,Isha Sharma,Male,46,Mysuru,Karnataka,R018,Standard,Referral,2026-01-27
CUST00233,Rahul Deshmukh,Female,56,Kolkata,West Bengal,R012,Corporate,Google Ads,2025-03-26
CUST00234,Amit Singh,Female,23,Kochi,Kerala,R020,Standard,Google Ads,2023-07-27
CUST00235,Rohan Shah,Male,31,Vijayawada,Andhra Pradesh,R022,Premium,Organic,2026-02-28
CUST00236,Amit Sharma,Male,31,Thiruvananthapuram,Kerala,R021,Standard,Instagram,2024-02-08
CUST00237,Arjun Sharma,Male,54,Hyderabad,Telangana,R019,Standard,Organic,2023-06-01
CUST00238,Rohan Verma,Male,41,Ludhiana,Punjab,R008,Premium,Email,2023-02-23
CUST00239,Aarav Deshmukh,Female,30,New Delhi,Delhi,R007,Corporate,Organic,2026-02-17
CUST00240,Sneha Verma,Female,18,Coimbatore,Tamil Nadu,R016,Standard,Referral,2024-09-19
CUST00241,Sneha Singh,Male,29,Hyderabad,Telangana,R019,Corporate,Referral,2024-08-09
CUST00242,Isha Joshi,Male,59,Udaipur,Rajasthan,R006,Premium,Referral,2023-04-14
CUST00243,Karan Nair,Male,41,Kochi,Kerala,R020,Premium,Email,2023-09-11
CUST00244,Isha Shah,Male,54,Thiruvananthapuram,Kerala,R021,Standard,Google Ads,2026-06-04
CUST00245,Neha Deshmukh,Female,37,Noida,Uttar Pradesh,R011,Standard,Referral,2026-02-09
CUST00246,Karan Mehta,Female,23,Jaipur,Rajasthan,R005,Standard,Organic,2024-05-24
CUST00247,Ananya Nair,Male,29,Coimbatore,Tamil Nadu,R016,Corporate,Google Ads,2023-04-09
CUST00248,Sneha Mhaske,Female,38,New Delhi,Delhi,R007,Corporate,Organic,2023-06-02
CUST00249,Sneha Patil,Male,20,Jaipur,Rajasthan,R005,Premium,Organic,2025-07-02
CUST00250,Rahul Sharma,Male,44,Noida,Uttar Pradesh,R011,Standard,Referral,2025-05-27
CUST00251,Aditya Sharma,Male,63,Chennai,Tamil Nadu,R015,Standard,Organic,2023-12-04
CUST00252,Isha Mhaske,Male,53,Ahmedabad,Gujarat,R003,Corporate,Email,2025-04-01
CUST00253,Meera Verma,Female,34,Jaipur,Rajasthan,R005,Standard,Google Ads,2026-04-01
CUST00254,Amit Nair,Female,63,Visakhapatnam,Andhra Pradesh,R023,Premium,Referral,2025-08-14
CUST00255,Meera Nair,Male,32,Thiruvananthapuram,Kerala,R021,Standard,Referral,2023-06-10
CUST00256,Rahul Gupta,Female,56,Jaipur,Rajasthan,R005,Standard,Organic,2025-03-11
CUST00257,Isha Sharma,Male,21,Amritsar,Punjab,R009,Premium,Organic,2024-02-02
CUST00258,Karan Verma,Female,34,Chennai,Tamil Nadu,R015,Standard,Instagram,2025-03-26
CUST00259,Priya Gupta,Female,55,Ahmedabad,Gujarat,R003,Standard,Instagram,2026-03-04
CUST00260,Vivaan Nair,Male,28,Udaipur,Rajasthan,R006,Corporate,Referral,2026-05-03
CUST00261,Isha Sharma,Female,29,Bengaluru,Karnataka,R017,Premium,Referral,2024-02-05
CUST00262,Neha Patil,Male,64,Thiruvananthapuram,Kerala,R021,Premium,Organic,2024-10-01
CUST00263,Rohan Sharma,Male,49,Ludhiana,Punjab,R008,Premium,Email,2025-11-22
CUST00264,Meera Sharma,Female,44,Thiruvananthapuram,Kerala,R021,Standard,Email,2024-11-18
CUST00265,Neha Verma,Female,61,Indore,Madhya Pradesh,R025,Standard,Organic,2024-04-04
CUST00266,Neha Shah,Female,60,Noida,Uttar Pradesh,R011,Standard,Instagram,2025-08-12
CUST00267,Rahul Joshi,Female,44,Udaipur,Rajasthan,R006,Standard,Instagram,2024-04-14
CUST00268,Aarav Singh,Male,57,Ludhiana,Punjab,R008,Standard,Email,2025-11-11
CUST00269,Karan Sharma,Male,61,Lucknow,Uttar Pradesh,R010,Premium,Referral,2025-01-19
CUST00270,Neha Mhaske,Female,46,Bhopal,Madhya Pradesh,R024,Standard,Organic,2023-02-07
CUST00271,Aarav Sharma,Male,26,Ahmedabad,Gujarat,R003,Premium,Referral,2023-08-18
CUST00272,Isha Shah,Female,60,Visakhapatnam,Andhra Pradesh,R023,Standard,Instagram,2024-07-16
CUST00273,Rohan Shah,Male,20,Patna,Bihar,R014,Standard,Email,2024-03-13
CUST00274,Rohan Sharma,Female,56,Visakhapatnam,Andhra Pradesh,R023,Standard,Referral,2023-01-27
CUST00275,Pooja Mhaske,Male,46,Patna,Bihar,R014,Premium,Instagram,2023-08-14
CUST00276,Amit Mehta,Female,38,Lucknow,Uttar Pradesh,R010,Standard,Instagram,2025-03-08
CUST00277,Aditya Mhaske,Female,52,Kolkata,West Bengal,R012,Standard,Instagram,2023-10-11
CUST00278,Aditya Nair,Female,65,Udaipur,Rajasthan,R006,Premium,Referral,2025-05-28
CUST00279,Amit Verma,Male,27,Kolkata,West Bengal,R012,Standard,Google Ads,2025-08-17
CUST00280,Arjun Mhaske,Female,40,Visakhapatnam,Andhra Pradesh,R023,Standard,Email,2024-03-28
CUST00281,Priya Shah,Female,56,Patna,Bihar,R014,Corporate,Instagram,2025-10-16
CUST00282,Neha Patil,Female,42,Pune,Maharashtra,R002,Standard,Referral,2025-03-26
CUST00283,Arjun Kumar,Female,41,Amritsar,Punjab,R009,Standard,Organic,2024-10-20
CUST00284,Rohan Joshi,Male,37,Lucknow,Uttar Pradesh,R010,Premium,Email,2024-06-30
CUST00285,Meera Joshi,Male,32,Bengaluru,Karnataka,R017,Premium,Organic,2026-04-30
CUST00286,Vivaan Verma,Male,38,Bengaluru,Karnataka,R017,Standard,Organic,2025-12-08
CUST00287,Priya Mehta,Male,59,Ahmedabad,Gujarat,R003,Standard,Referral,2023-01-17
CUST00288,Rohan Mhaske,Female,29,Hyderabad,Telangana,R019,Standard,Google Ads,2026-04-10
CUST00289,Neha Verma,Male,35,Mumbai,Maharashtra,R001,Standard,Referral,2026-05-28
CUST00290,Priya Patil,Male,40,Kolkata,West Bengal,R012,Standard,Referral,2023-06-07
CUST00291,Meera Singh,Male,58,New Delhi,Delhi,R007,Standard,Email,2024-04-21
CUST00292,Aarav Singh,Male,46,Surat,Gujarat,R004,Standard,Referral,2025-12-05
CUST00293,Isha Nair,Male,58,Lucknow,Uttar Pradesh,R010,Corporate,Email,2024-06-01
CUST00294,Priya Sharma,Male,53,Bhubaneswar,Odisha,R013,Premium,Instagram,2023-04-09
CUST00295,Meera Kumar,Male,22,Pune,Maharashtra,R002,Premium,Email,2025-11-26
CUST00296,Rahul Singh,Male,56,Lucknow,Uttar Pradesh,R010,Standard,Referral,2023-10-07
CUST00297,Vivaan Patil,Female,43,Thiruvananthapuram,Kerala,R021,Standard,Instagram,2024-05-11
CUST00298,Meera Nair,Male,56,Vijayawada,Andhra Pradesh,R022,Standard,Instagram,2023-10-29
CUST00299,Neha Mhaske,Male,28,Indore,Madhya Pradesh,R025,Premium,Google Ads,2023-06-30
CUST00300,Rohan Mehta,Female,59,Surat,Gujarat,R004,Standard,Referral,2024-08-29
CUST00301,Rahul Nair,Female,28,Mysuru,Karnataka,R018,Standard,Organic,2026-01-27
CUST00302,Arjun Mehta,Female,35,Jaipur,Rajasthan,R005,Standard,Referral,2024-11-30
CUST00303,Vivaan Kumar,Female,29,Hyderabad,Telangana,R019,Standard,Organic,2025-09-19
CUST00304,Priya Joshi,Male,33,Pune,Maharashtra,R002,Standard,Google Ads,2026-02-13
CUST00305,Ananya Patil,Female,44,Kolkata,West Bengal,R012,Standard,Referral,2023-07-10
CUST00306,Rohan Kumar,Male,53,Bengaluru,Karnataka,R017,Standard,Google Ads,2023-09-10
CUST00307,Amit Sharma,Male,34,Lucknow,Uttar Pradesh,R010,Premium,Organic,2025-09-07
CUST00308,Rahul Patil,Female,38,Pune,Maharashtra,R002,Standard,Email,2025-07-16
CUST00309,Meera Singh,Male,54,Udaipur,Rajasthan,R006,Premium,Referral,2026-03-30
CUST00310,Amit Joshi,Female,48,Ludhiana,Punjab,R008,Standard,Instagram,2023-05-08
CUST00311,Aditya Joshi,Female,62,Hyderabad,Telangana,R019,Standard,Instagram,2023-01-18
CUST00312,Kavya Gupta,Male,52,Noida,Uttar Pradesh,R011,Standard,Google Ads,2024-07-19
CUST00313,Karan Nair,Female,44,Indore,Madhya Pradesh,R025,Standard,Email,2024-07-23
CUST00314,Meera Kumar,Male,40,Kolkata,West Bengal,R012,Standard,Instagram,2024-11-16
CUST00315,Amit Singh,Male,49,Amritsar,Punjab,R009,Standard,Instagram,2024-09-17
CUST00316,Vivaan Singh,Female,34,Pune,Maharashtra,R002,Standard,Referral,2025-05-03
CUST00317,Isha Nair,Male,28,Ludhiana,Punjab,R008,Standard,Instagram,2025-08-19
CUST00318,Kavya Shah,Female,18,Noida,Uttar Pradesh,R011,Standard,Organic,2023-06-04
CUST00319,Neha Patil,Male,45,Thiruvananthapuram,Kerala,R021,Standard,Google Ads,2024-05-04
CUST00320,Aarav Shah,Male,35,Surat,Gujarat,R004,Standard,Instagram,2025-02-23
CUST00321,Isha Gupta,Female,58,Lucknow,Uttar Pradesh,R010,Standard,Referral,2026-02-01
CUST00322,Ananya Singh,Female,37,Thiruvananthapuram,Kerala,R021,Corporate,Organic,2023-09-03
CUST00323,Aditya Kumar,Male,24,Kochi,Kerala,R020,Standard,Instagram,2026-04-14
CUST00324,Amit Patil,Male,54,Coimbatore,Tamil Nadu,R016,Standard,Google Ads,2025-11-28
CUST00325,Meera Nair,Female,33,Ludhiana,Punjab,R008,Premium,Google Ads,2025-01-28
CUST00326,Amit Sharma,Male,56,Surat,Gujarat,R004,Premium,Google Ads,2024-06-21
CUST00327,Neha Joshi,Female,62,Lucknow,Uttar Pradesh,R010,Corporate,Instagram,2025-07-09
CUST00328,Rohan Patil,Male,62,Kolkata,West Bengal,R012,Premium,Organic,2024-02-12
CUST00329,Aditya Sharma,Female,64,Patna,Bihar,R014,Premium,Email,2024-06-08
CUST00330,Kavya Mehta,Female,40,Coimbatore,Tamil Nadu,R016,Corporate,Google Ads,2025-04-07
CUST00331,Isha Gupta,Male,49,Vijayawada,Andhra Pradesh,R022,Standard,Organic,2025-06-21
CUST00332,Neha Singh,Female,34,Mysuru,Karnataka,R018,Premium,Referral,2023-02-05
CUST00333,Rahul Nair,Female,36,Thiruvananthapuram,Kerala,R021,Corporate,Referral,2024-11-15
CUST00334,Meera Mhaske,Female,59,Vijayawada,Andhra Pradesh,R022,Premium,Organic,2023-01-20
CUST00335,Rahul Kumar,Male,51,Thiruvananthapuram,Kerala,R021,Corporate,Referral,2023-11-17
CUST00336,Meera Nair,Female,31,Kolkata,West Bengal,R012,Standard,Referral,2024-05-26
CUST00337,Vivaan Gupta,Female,20,Mysuru,Karnataka,R018,Standard,Google Ads,2024-02-04
CUST00338,Rohan Mehta,Female,56,New Delhi,Delhi,R007,Corporate,Instagram,2024-10-15
CUST00339,Karan Kumar,Female,42,Kochi,Kerala,R020,Standard,Instagram,2025-08-29
CUST00340,Kavya Gupta,Male,28,Bhopal,Madhya Pradesh,R024,Premium,Instagram,2024-04-15
CUST00341,Neha Verma,Female,32,Visakhapatnam,Andhra Pradesh,R023,Standard,Instagram,2026-03-12
CUST00342,Sneha Deshmukh,Male,36,New Delhi,Delhi,R007,Premium,Organic,2026-01-20
CUST00343,Ananya Joshi,Male,60,Amritsar,Punjab,R009,Corporate,Google Ads,2025-04-13
CUST00344,Rohan Verma,Male,32,Mumbai,Maharashtra,R001,Standard,Organic,2024-12-27
CUST00345,Vivaan Kumar,Male,32,Udaipur,Rajasthan,R006,Standard,Referral,2025-05-03
CUST00346,Rohan Nair,Male,55,Udaipur,Rajasthan,R006,Standard,Google Ads,2023-02-20
CUST00347,Kavya Mhaske,Male,32,Vijayawada,Andhra Pradesh,R022,Corporate,Email,2024-07-28
CUST00348,Amit Mehta,Male,26,Kolkata,West Bengal,R012,Premium,Instagram,2026-04-28
CUST00349,Amit Singh,Female,22,Vijayawada,Andhra Pradesh,R022,Standard,Referral,2026-02-22
CUST00350,Meera Patil,Male,36,Kolkata,West Bengal,R012,Standard,Instagram,2023-05-30
CUST00351,Karan Sharma,Male,41,Lucknow,Uttar Pradesh,R010,Premium,Instagram,2023-11-10
CUST00352,Isha Sharma,Male,46,Visakhapatnam,Andhra Pradesh,R023,Premium,Instagram,2024-07-23
CUST00353,Rohan Gupta,Male,22,Udaipur,Rajasthan,R006,Standard,Email,2023-11-01
CUST00354,Neha Nair,Male,39,Bengaluru,Karnataka,R017,Standard,Referral,2024-11-12
CUST00355,Amit Patil,Female,30,Hyderabad,Telangana,R019,Premium,Instagram,2025-04-17
CUST00356,Isha Nair,Female,64,Mysuru,Karnataka,R018,Standard,Instagram,2025-12-13
CUST00357,Amit Mhaske,Female,63,Udaipur,Rajasthan,R006,Corporate,Google Ads,2025-09-29
CUST00358,Meera Sharma,Female,46,Bhopal,Madhya Pradesh,R024,Standard,Instagram,2024-03-19
CUST00359,Ananya Kumar,Male,33,Hyderabad,Telangana,R019,Premium,Google Ads,2024-09-04
CUST00360,Pooja Nair,Male,53,Lucknow,Uttar Pradesh,R010,Standard,Referral,2025-09-19
CUST00361,Aditya Shah,Male,34,Bhopal,Madhya Pradesh,R024,Corporate,Referral,2023-09-21
CUST00362,Karan Joshi,Female,37,Ludhiana,Punjab,R008,Standard,Referral,2025-12-12
CUST00363,Sneha Patil,Male,31,Thiruvananthapuram,Kerala,R021,Standard,Google Ads,2025-09-30
CUST00364,Isha Sharma,Male,23,Bhopal,Madhya Pradesh,R024,Standard,Email,2023-01-05
CUST00365,Amit Sharma,Male,39,Udaipur,Rajasthan,R006,Premium,Email,2026-01-31
CUST00366,Rohan Shah,Male,57,Thiruvananthapuram,Kerala,R021,Standard,Instagram,2026-05-04
CUST00367,Priya Shah,Female,26,Indore,Madhya Pradesh,R025,Standard,Referral,2025-02-12
CUST00368,Priya Kumar,Female,49,New Delhi,Delhi,R007,Standard,Organic,2025-05-26
CUST00369,Amit Verma,Female,41,Bhopal,Madhya Pradesh,R024,Standard,Instagram,2025-09-18
CUST00370,Aarav Sharma,Female,50,Mumbai,Maharashtra,R001,Standard,Email,2025-06-02
CUST00371,Arjun Gupta,Female,30,Mysuru,Karnataka,R018,Standard,Email,2023-02-16
CUST00372,Sneha Joshi,Female,52,Bhopal,Madhya Pradesh,R024,Premium,Referral,2025-05-16
CUST00373,Pooja Verma,Female,23,Indore,Madhya Pradesh,R025,Premium,Google Ads,2025-04-02
CUST00374,Priya Nair,Male,57,Kochi,Kerala,R020,Premium,Instagram,2025-07-24
CUST00375,Aarav Shah,Female,47,Kolkata,West Bengal,R012,Corporate,Google Ads,2024-10-17
CUST00376,Priya Joshi,Female,55,Coimbatore,Tamil Nadu,R016,Standard,Email,2023-09-26
CUST00377,Vivaan Shah,Male,33,Lucknow,Uttar Pradesh,R010,Premium,Referral,2024-01-05
CUST00378,Vivaan Kumar,Female,18,Lucknow,Uttar Pradesh,R010,Standard,Email,2024-09-27
CUST00379,Sneha Mehta,Female,59,Patna,Bihar,R014,Standard,Referral,2026-02-03
CUST00380,Priya Mehta,Male,35,Indore,Madhya Pradesh,R025,Standard,Organic,2024-10-18
CUST00381,Rahul Mehta,Male,39,Kochi,Kerala,R020,Standard,Google Ads,2023-04-30
CUST00382,Vivaan Gupta,Male,43,Lucknow,Uttar Pradesh,R010,Standard,Instagram,2025-04-10
CUST00383,Karan Singh,Female,31,Lucknow,Uttar Pradesh,R010,Standard,Referral,2025-12-17
CUST00384,Aditya Kumar,Female,54,Indore,Madhya Pradesh,R025,Premium,Organic,2025-01-10
CUST00385,Kavya Deshmukh,Male,31,Noida,Uttar Pradesh,R011,Standard,Organic,2023-04-27
CUST00386,Rahul Patil,Male,43,Visakhapatnam,Andhra Pradesh,R023,Standard,Google Ads,2025-03-01
CUST00387,Vivaan Joshi,Male,53,Pune,Maharashtra,R002,Standard,Referral,2026-02-24
CUST00388,Aarav Mehta,Female,40,Indore,Madhya Pradesh,R025,Standard,Instagram,2025-10-09
CUST00389,Sneha Patil,Male,19,Kochi,Kerala,R020,Standard,Instagram,2025-12-17
CUST00390,Priya Verma,Male,56,Ludhiana,Punjab,R008,Standard,Instagram,2024-09-25
CUST00391,Aarav Verma,Female,24,Visakhapatnam,Andhra Pradesh,R023,Standard,Email,2024-05-27
CUST00392,Isha Nair,Male,56,New Delhi,Delhi,R007,Premium,Email,2025-03-12
CUST00393,Ananya Mehta,Male,62,Ludhiana,Punjab,R008,Premium,Referral,2026-01-24
CUST00394,Kavya Gupta,Male,39,Mumbai,Maharashtra,R001,Standard,Instagram,2026-02-15
CUST00395,Neha Sharma,Male,45,Thiruvananthapuram,Kerala,R021,Standard,Organic,2024-07-13
CUST00396,Sneha Gupta,Male,55,Pune,Maharashtra,R002,Premium,Instagram,2024-05-02
CUST00397,Vivaan Deshmukh,Female,37,Mysuru,Karnataka,R018,Standard,Referral,2026-06-14
CUST00398,Rohan Patil,Female,35,Chennai,Tamil Nadu,R015,Standard,Instagram,2025-06-15
CUST00399,Pooja Mhaske,Female,41,Mumbai,Maharashtra,R001,Standard,Google Ads,2026-04-27
CUST00400,Pooja Kumar,Female,50,Jaipur,Rajasthan,R005,Premium,Instagram,2024-12-04
CUST00401,Aarav Nair,Male,62,Pune,Maharashtra,R002,Premium,Organic,2024-08-03
CUST00402,Aditya Mehta,Male,43,Kochi,Kerala,R020,Premium,Referral,2025-02-28
CUST00403,Aarav Shah,Male,36,Ahmedabad,Gujarat,R003,Standard,Referral,2025-05-10
CUST00404,Ananya Kumar,Female,65,Hyderabad,Telangana,R019,Standard,Organic,2023-09-04
CUST00405,Aarav Gupta,Female,59,Mysuru,Karnataka,R018,Standard,Referral,2026-01-04
CUST00406,Arjun Joshi,Male,30,Vijayawada,Andhra Pradesh,R022,Premium,Instagram,2023-06-03
CUST00407,Pooja Gupta,Male,27,Mysuru,Karnataka,R018,Premium,Referral,2025-09-23
CUST00408,Karan Nair,Male,31,Patna,Bihar,R014,Standard,Instagram,2026-01-14
CUST00409,Pooja Shah,Male,26,Bhopal,Madhya Pradesh,R024,Standard,Referral,2024-11-27
CUST00410,Aarav Gupta,Female,28,Ludhiana,Punjab,R008,Standard,Instagram,2026-05-28
CUST00411,Arjun Mhaske,Male,20,Kolkata,West Bengal,R012,Standard,Instagram,2025-12-28
CUST00412,Rahul Mehta,Female,57,Thiruvananthapuram,Kerala,R021,Standard,Organic,2025-12-06
CUST00413,Kavya Mhaske,Male,29,Lucknow,Uttar Pradesh,R010,Standard,Organic,2025-10-05
CUST00414,Meera Kumar,Female,52,Visakhapatnam,Andhra Pradesh,R023,Corporate,Email,2023-04-04
CUST00415,Isha Mhaske,Female,56,Kochi,Kerala,R020,Standard,Organic,2025-08-15
CUST00416,Aarav Deshmukh,Female,63,Bengaluru,Karnataka,R017,Standard,Instagram,2025-10-08
CUST00417,Kavya Deshmukh,Male,56,Noida,Uttar Pradesh,R011,Standard,Instagram,2024-03-28
CUST00418,Rohan Mehta,Male,49,Pune,Maharashtra,R002,Standard,Referral,2026-05-12
CUST00419,Aarav Kumar,Male,56,Surat,Gujarat,R004,Standard,Referral,2025-06-30
CUST00420,Vivaan Deshmukh,Male,31,Mumbai,Maharashtra,R001,Premium,Email,2023-08-06
CUST00421,Pooja Kumar,Female,61,Chennai,Tamil Nadu,R015,Standard,Instagram,2024-04-18
CUST00422,Aditya Gupta,Female,18,Bhubaneswar,Odisha,R013,Corporate,Email,2024-03-07
CUST00423,Neha Sharma,Male,44,Ludhiana,Punjab,R008,Standard,Instagram,2023-12-07
CUST00424,Neha Verma,Male,54,Indore,Madhya Pradesh,R025,Standard,Organic,2024-07-04
CUST00425,Arjun Verma,Male,60,Surat,Gujarat,R004,Standard,Referral,2023-12-23
CUST00426,Priya Nair,Female,18,Lucknow,Uttar Pradesh,R010,Premium,Email,2023-01-23
CUST00427,Neha Singh,Female,62,Hyderabad,Telangana,R019,Standard,Google Ads,2024-06-05
CUST00428,Ananya Kumar,Male,46,Mysuru,Karnataka,R018,Standard,Instagram,2026-01-28
CUST00429,Sneha Verma,Male,41,Jaipur,Rajasthan,R005,Standard,Organic,2025-03-12
CUST00430,Meera Mhaske,Female,34,Hyderabad,Telangana,R019,Corporate,Google Ads,2026-04-18
CUST00431,Pooja Sharma,Female,52,Visakhapatnam,Andhra Pradesh,R023,Standard,Organic,2026-05-31
CUST00432,Priya Joshi,Male,48,Vijayawada,Andhra Pradesh,R022,Standard,Organic,2025-01-31
CUST00433,Arjun Kumar,Female,59,Coimbatore,Tamil Nadu,R016,Standard,Instagram,2024-03-17
CUST00434,Meera Mhaske,Female,49,Mumbai,Maharashtra,R001,Standard,Organic,2025-02-07
CUST00435,Aarav Gupta,Male,36,Kolkata,West Bengal,R012,Standard,Email,2025-10-12
CUST00436,Pooja Patil,Female,48,Bhopal,Madhya Pradesh,R024,Standard,Google Ads,2024-05-30
CUST00437,Aditya Singh,Male,56,Pune,Maharashtra,R002,Premium,Organic,2025-11-05
CUST00438,Aditya Mhaske,Female,37,Thiruvananthapuram,Kerala,R021,Standard,Organic,2025-03-02
CUST00439,Sneha Singh,Male,45,Indore,Madhya Pradesh,R025,Premium,Referral,2023-12-02
CUST00440,Rahul Mehta,Male,20,Ludhiana,Punjab,R008,Premium,Referral,2023-09-15
CUST00441,Neha Sharma,Male,49,Mysuru,Karnataka,R018,Standard,Email,2024-05-11
CUST00442,Isha Mhaske,Male,39,Indore,Madhya Pradesh,R025,Standard,Referral,2025-06-14
CUST00443,Aditya Shah,Male,61,Coimbatore,Tamil Nadu,R016,Premium,Organic,2023-06-09
CUST00444,Meera Singh,Male,59,Jaipur,Rajasthan,R005,Premium,Organic,2025-05-01
CUST00445,Karan Mhaske,Female,61,Vijayawada,Andhra Pradesh,R022,Premium,Google Ads,2024-11-20
CUST00446,Aditya Singh,Female,32,Bhubaneswar,Odisha,R013,Premium,Referral,2024-01-15
CUST00447,Karan Singh,Male,55,Hyderabad,Telangana,R019,Standard,Instagram,2025-08-14
CUST00448,Isha Nair,Male,36,Ahmedabad,Gujarat,R003,Premium,Referral,2024-11-21
CUST00449,Pooja Mehta,Female,48,Ludhiana,Punjab,R008,Standard,Organic,2026-04-06
CUST00450,Aditya Verma,Male,43,Kolkata,West Bengal,R012,Standard,Google Ads,2025-12-02
CUST00451,Aarav Kumar,Female,22,Pune,Maharashtra,R002,Standard,Referral,2023-10-12
CUST00452,Arjun Singh,Male,37,Noida,Uttar Pradesh,R011,Premium,Google Ads,2024-02-01
CUST00453,Ananya Mhaske,Female,19,Kolkata,West Bengal,R012,Standard,Referral,2023-01-12
CUST00454,Ananya Nair,Male,38,Mysuru,Karnataka,R018,Premium,Email,2026-06-30
CUST00455,Ananya Singh,Female,53,Bhubaneswar,Odisha,R013,Premium,Organic,2024-05-13
CUST00456,Meera Nair,Female,45,Jaipur,Rajasthan,R005,Corporate,Organic,2025-01-23
CUST00457,Ananya Deshmukh,Female,37,Vijayawada,Andhra Pradesh,R022,Premium,Instagram,2023-02-04
CUST00458,Neha Mehta,Female,54,Kolkata,West Bengal,R012,Standard,Organic,2024-12-27
CUST00459,Aditya Mhaske,Male,56,Pune,Maharashtra,R002,Premium,Instagram,2025-04-28
CUST00460,Arjun Nair,Female,53,Jaipur,Rajasthan,R005,Premium,Organic,2023-03-31
CUST00461,Amit Mhaske,Male,28,New Delhi,Delhi,R007,Premium,Referral,2025-02-14
CUST00462,Priya Kumar,Female,20,Bhopal,Madhya Pradesh,R024,Corporate,Referral,2024-08-27
CUST00463,Ananya Kumar,Male,54,Kolkata,West Bengal,R012,Standard,Email,2025-08-27
CUST00464,Rohan Verma,Female,37,Coimbatore,Tamil Nadu,R016,Standard,Referral,2025-10-18
CUST00465,Ananya Nair,Female,49,Visakhapatnam,Andhra Pradesh,R023,Standard,Google Ads,2024-02-22
CUST00466,Ananya Gupta,Male,64,Ludhiana,Punjab,R008,Premium,Referral,2023-04-25
CUST00467,Sneha Patil,Male,42,Amritsar,Punjab,R009,Standard,Instagram,2024-09-08
CUST00468,Isha Singh,Male,38,Chennai,Tamil Nadu,R015,Premium,Email,2026-05-04
CUST00469,Aditya Singh,Female,33,Jaipur,Rajasthan,R005,Standard,Google Ads,2025-04-05
CUST00470,Sneha Gupta,Male,65,Bhubaneswar,Odisha,R013,Premium,Google Ads,2026-01-03
CUST00471,Pooja Patil,Female,59,Jaipur,Rajasthan,R005,Premium,Organic,2024-02-17
CUST00472,Kavya Nair,Female,18,Noida,Uttar Pradesh,R011,Standard,Instagram,2024-12-29
CUST00473,Isha Gupta,Female,40,Lucknow,Uttar Pradesh,R010,Premium,Referral,2025-10-17
CUST00474,Rahul Deshmukh,Male,60,Kochi,Kerala,R020,Premium,Referral,2025-01-30
CUST00475,Ananya Kumar,Male,41,Bhubaneswar,Odisha,R013,Standard,Organic,2024-11-06
CUST00476,Sneha Nair,Female,64,Amritsar,Punjab,R009,Standard,Referral,2024-04-01
CUST00477,Amit Nair,Female,42,Thiruvananthapuram,Kerala,R021,Standard,Google Ads,2025-07-08
CUST00478,Isha Mhaske,Female,24,Patna,Bihar,R014,Premium,Referral,2023-07-11
CUST00479,Priya Verma,Male,55,Mysuru,Karnataka,R018,Standard,Referral,2025-01-08
CUST00480,Rohan Mhaske,Female,64,Chennai,Tamil Nadu,R015,Standard,Google Ads,2026-01-27
CUST00481,Ananya Deshmukh,Male,64,Lucknow,Uttar Pradesh,R010,Standard,Instagram,2025-09-04
CUST00482,Karan Singh,Female,56,Bhopal,Madhya Pradesh,R024,Standard,Instagram,2025-10-05
CUST00483,Arjun Joshi,Female,52,New Delhi,Delhi,R007,Premium,Google Ads,2023-04-06
CUST00484,Isha Shah,Female,31,Ludhiana,Punjab,R008,Premium,Google Ads,2024-10-24
CUST00485,Aditya Mehta,Female,26,Ahmedabad,Gujarat,R003,Standard,Email,2026-04-28
CUST00486,Kavya Kumar,Male,20,Chennai,Tamil Nadu,R015,Premium,Email,2023-02-06
CUST00487,Meera Sharma,Female,55,Coimbatore,Tamil Nadu,R016,Premium,Referral,2023-10-06
CUST00488,Meera Mhaske,Female,37,Surat,Gujarat,R004,Standard,Referral,2023-08-05
CUST00489,Ananya Gupta,Male,58,Thiruvananthapuram,Kerala,R021,Standard,Email,2025-05-16
CUST00490,Rahul Mehta,Female,50,Udaipur,Rajasthan,R006,Corporate,Referral,2025-05-22
CUST00491,Pooja Patil,Male,58,Mumbai,Maharashtra,R001,Premium,Instagram,2023-03-03
CUST00492,Priya Kumar,Female,61,Surat,Gujarat,R004,Premium,Instagram,2024-08-18
CUST00493,Rahul Joshi,Male,49,Noida,Uttar Pradesh,R011,Standard,Organic,2024-12-29
CUST00494,Kavya Joshi,Female,53,Kolkata,West Bengal,R012,Premium,Email,2024-02-01
CUST00495,Pooja Gupta,Male,43,Jaipur,Rajasthan,R005,Standard,Instagram,2024-11-29
CUST00496,Karan Deshmukh,Male,65,Visakhapatnam,Andhra Pradesh,R023,Premium,Organic,2025-11-08
CUST00497,Arjun Verma,Male,22,Thiruvananthapuram,Kerala,R021,Corporate,Google Ads,2023-06-26
CUST00498,Meera Kumar,Male,47,Coimbatore,Tamil Nadu,R016,Corporate,Instagram,2024-01-31
CUST00499,Aarav Verma,Female,34,Bhubaneswar,Odisha,R013,Premium,Organic,2024-03-20
CUST00500,Rohan Verma,Male,23,Bhubaneswar,Odisha,R013,Standard,Referral,2026-06-10
CUST00501,Rohan Gupta,Female,32,Bengaluru,Karnataka,R017,Corporate,Organic,2023-03-17
CUST00502,Meera Deshmukh,Female,18,New Delhi,Delhi,R007,Standard,Instagram,2023-09-22
CUST00503,Meera Mehta,Female,30,Ludhiana,Punjab,R008,Premium,Referral,2024-03-30
CUST00504,Neha Verma,Female,65,Bhubaneswar,Odisha,R013,Standard,Referral,2024-12-18
CUST00505,Isha Verma,Male,51,Visakhapatnam,Andhra Pradesh,R023,Premium,Organic,2025-01-04
CUST00506,Sneha Kumar,Male,47,Coimbatore,Tamil Nadu,R016,Standard,Organic,2025-04-30
CUST00507,Priya Verma,Male,36,Surat,Gujarat,R004,Premium,Instagram,2023-05-24
CUST00508,Vivaan Patil,Male,19,Ludhiana,Punjab,R008,Standard,Referral,2025-06-03
CUST00509,Aarav Gupta,Female,61,Coimbatore,Tamil Nadu,R016,Standard,Email,2025-12-28
CUST00510,Meera Singh,Male,29,Thiruvananthapuram,Kerala,R021,Premium,Organic,2026-01-27
CUST00511,Neha Gupta,Female,57,Lucknow,Uttar Pradesh,R010,Premium,Email,2024-01-31
CUST00512,Isha Singh,Male,61,Indore,Madhya Pradesh,R025,Standard,Email,2025-11-14
CUST00513,Rohan Mhaske,Female,41,Kolkata,West Bengal,R012,Standard,Referral,2025-08-05
CUST00514,Meera Nair,Male,28,Kolkata,West Bengal,R012,Standard,Instagram,2025-06-09
CUST00515,Arjun Sharma,Male,19,Jaipur,Rajasthan,R005,Premium,Email,2026-03-20
CUST00516,Arjun Sharma,Female,18,Coimbatore,Tamil Nadu,R016,Corporate,Instagram,2026-03-13
CUST00517,Kavya Gupta,Male,45,Mumbai,Maharashtra,R001,Premium,Organic,2024-07-22
CUST00518,Ananya Shah,Female,21,Amritsar,Punjab,R009,Standard,Referral,2025-11-28
CUST00519,Karan Kumar,Male,58,Kolkata,West Bengal,R012,Standard,Google Ads,2023-04-19
CUST00520,Rahul Mehta,Male,47,Jaipur,Rajasthan,R005,Corporate,Referral,2025-12-01
CUST00521,Vivaan Nair,Female,24,Vijayawada,Andhra Pradesh,R022,Standard,Google Ads,2026-04-24
CUST00522,Rohan Sharma,Male,39,Kochi,Kerala,R020,Standard,Organic,2025-07-23
CUST00523,Amit Shah,Female,43,Vijayawada,Andhra Pradesh,R022,Standard,Instagram,2024-02-02
CUST00524,Arjun Gupta,Male,46,Bhopal,Madhya Pradesh,R024,Premium,Organic,2026-05-31
CUST00525,Rohan Shah,Female,42,Ahmedabad,Gujarat,R003,Premium,Referral,2024-09-25
CUST00526,Aarav Deshmukh,Male,27,Jaipur,Rajasthan,R005,Standard,Google Ads,2026-03-02
CUST00527,Priya Verma,Male,37,Pune,Maharashtra,R002,Premium,Google Ads,2026-04-01
CUST00528,Karan Gupta,Male,31,Patna,Bihar,R014,Standard,Referral,2026-05-23
CUST00529,Ananya Kumar,Male,50,Pune,Maharashtra,R002,Standard,Referral,2025-01-02
CUST00530,Kavya Sharma,Male,22,Bhubaneswar,Odisha,R013,Standard,Organic,2023-08-23
CUST00531,Karan Shah,Female,62,New Delhi,Delhi,R007,Standard,Email,2024-10-19
CUST00532,Isha Shah,Female,23,Lucknow,Uttar Pradesh,R010,Standard,Google Ads,2025-01-20
CUST00533,Arjun Patil,Male,39,Bhubaneswar,Odisha,R013,Premium,Referral,2024-08-10
CUST00534,Ananya Singh,Male,34,Coimbatore,Tamil Nadu,R016,Standard,Organic,2025-10-29
CUST00535,Meera Patil,Male,32,Patna,Bihar,R014,Standard,Email,2026-01-02
CUST00536,Rahul Patil,Male,56,Noida,Uttar Pradesh,R011,Standard,Instagram,2025-08-11
CUST00537,Aditya Shah,Male,57,Lucknow,Uttar Pradesh,R010,Standard,Referral,2024-05-06
CUST00538,Rohan Sharma,Male,45,Udaipur,Rajasthan,R006,Standard,Email,2025-07-01
CUST00539,Meera Singh,Female,19,Surat,Gujarat,R004,Standard,Instagram,2026-06-30
CUST00540,Aditya Joshi,Female,35,Thiruvananthapuram,Kerala,R021,Premium,Instagram,2026-06-07
CUST00541,Vivaan Singh,Male,44,Mumbai,Maharashtra,R001,Corporate,Organic,2026-04-12
CUST00542,Karan Sharma,Male,38,New Delhi,Delhi,R007,Premium,Google Ads,2026-04-06
CUST00543,Ananya Shah,Female,40,Bhopal,Madhya Pradesh,R024,Standard,Referral,2023-06-19
CUST00544,Isha Deshmukh,Male,24,Amritsar,Punjab,R009,Corporate,Email,2025-08-03
CUST00545,Rahul Gupta,Female,65,Ludhiana,Punjab,R008,Standard,Instagram,2025-03-05
CUST00546,Isha Nair,Female,36,Jaipur,Rajasthan,R005,Standard,Google Ads,2024-09-25
CUST00547,Rahul Singh,Female,26,Hyderabad,Telangana,R019,Standard,Instagram,2026-05-02
CUST00548,Vivaan Singh,Male,29,Lucknow,Uttar Pradesh,R010,Standard,Referral,2023-01-29
CUST00549,Pooja Shah,Female,63,Noida,Uttar Pradesh,R011,Corporate,Referral,2026-04-03
CUST00550,Arjun Kumar,Female,47,Indore,Madhya Pradesh,R025,Standard,Organic,2023-12-05
CUST00551,Isha Shah,Female,24,Chennai,Tamil Nadu,R015,Standard,Referral,2024-05-14
CUST00552,Neha Deshmukh,Female,19,Udaipur,Rajasthan,R006,Standard,Referral,2024-05-25
CUST00553,Karan Mhaske,Male,34,Chennai,Tamil Nadu,R015,Premium,Referral,2023-08-05
CUST00554,Priya Shah,Male,28,Jaipur,Rajasthan,R005,Premium,Google Ads,2026-03-01
CUST00555,Ananya Verma,Female,29,Hyderabad,Telangana,R019,Standard,Email,2025-12-29
CUST00556,Meera Sharma,Female,20,Vijayawada,Andhra Pradesh,R022,Premium,Email,2026-06-29
CUST00557,Neha Gupta,Female,38,Hyderabad,Telangana,R019,Premium,Referral,2024-03-20
CUST00558,Rohan Mhaske,Female,31,Lucknow,Uttar Pradesh,R010,Standard,Email,2025-05-25
CUST00559,Meera Shah,Male,32,Kolkata,West Bengal,R012,Premium,Referral,2026-04-20
CUST00560,Priya Kumar,Male,59,Vijayawada,Andhra Pradesh,R022,Standard,Email,2023-06-16
CUST00561,Kavya Joshi,Male,58,Surat,Gujarat,R004,Standard,Email,2023-04-01
CUST00562,Aarav Mehta,Male,27,Mysuru,Karnataka,R018,Premium,Instagram,2024-12-14
CUST00563,Sneha Gupta,Female,53,Coimbatore,Tamil Nadu,R016,Standard,Google Ads,2023-02-08
CUST00564,Priya Deshmukh,Male,27,Ludhiana,Punjab,R008,Standard,Instagram,2026-02-23
CUST00565,Sneha Shah,Female,34,Surat,Gujarat,R004,Premium,Instagram,2023-06-22
CUST00566,Sneha Singh,Female,61,Indore,Madhya Pradesh,R025,Standard,Email,2024-10-14
CUST00567,Karan Mehta,Male,42,Visakhapatnam,Andhra Pradesh,R023,Standard,Organic,2025-01-23
CUST00568,Aarav Mehta,Male,44,Kolkata,West Bengal,R012,Standard,Organic,2026-05-28
CUST00569,Ananya Joshi,Female,50,Pune,Maharashtra,R002,Standard,Google Ads,2025-12-17
CUST00570,Aditya Deshmukh,Female,28,Surat,Gujarat,R004,Standard,Referral,2024-04-20
CUST00571,Rohan Gupta,Female,30,Jaipur,Rajasthan,R005,Corporate,Email,2024-03-31
CUST00572,Karan Kumar,Male,18,Ahmedabad,Gujarat,R003,Standard,Google Ads,2025-04-08
CUST00573,Sneha Nair,Male,48,Amritsar,Punjab,R009,Premium,Instagram,2025-06-13
CUST00574,Aditya Patil,Male,50,Thiruvananthapuram,Kerala,R021,Standard,Email,2025-10-21
CUST00575,Kavya Patil,Male,38,Mysuru,Karnataka,R018,Premium,Instagram,2024-01-22
CUST00576,Pooja Gupta,Female,33,Noida,Uttar Pradesh,R011,Corporate,Google Ads,2023-12-14
CUST00577,Meera Mehta,Female,56,Ahmedabad,Gujarat,R003,Standard,Organic,2023-07-09
CUST00578,Meera Nair,Male,40,Indore,Madhya Pradesh,R025,Premium,Google Ads,2024-05-19
CUST00579,Meera Joshi,Male,27,Visakhapatnam,Andhra Pradesh,R023,Corporate,Email,2026-04-29
CUST00580,Karan Mehta,Male,65,Pune,Maharashtra,R002,Premium,Email,2025-04-03
CUST00581,Kavya Kumar,Female,50,Amritsar,Punjab,R009,Standard,Referral,2025-07-17
CUST00582,Isha Nair,Male,39,Patna,Bihar,R014,Premium,Organic,2025-07-22
CUST00583,Karan Mehta,Female,58,Surat,Gujarat,R004,Premium,Email,2026-02-14
CUST00584,Sneha Shah,Male,23,Amritsar,Punjab,R009,Standard,Organic,2023-05-14
CUST00585,Aditya Shah,Female,64,Bhubaneswar,Odisha,R013,Standard,Email,2023-02-27
CUST00586,Vivaan Verma,Male,53,Mysuru,Karnataka,R018,Standard,Organic,2024-11-15
CUST00587,Kavya Sharma,Male,64,Chennai,Tamil Nadu,R015,Standard,Google Ads,2024-11-02
CUST00588,Aditya Shah,Female,27,Lucknow,Uttar Pradesh,R010,Premium,Organic,2023-06-22
CUST00589,Neha Joshi,Female,33,Coimbatore,Tamil Nadu,R016,Standard,Instagram,2025-03-25
CUST00590,Amit Sharma,Male,30,Kolkata,West Bengal,R012,Standard,Google Ads,2026-03-18
CUST00591,Amit Mehta,Male,37,Kochi,Kerala,R020,Premium,Email,2023-03-21
CUST00592,Amit Verma,Male,21,Jaipur,Rajasthan,R005,Standard,Email,2025-06-04
CUST00593,Amit Kumar,Male,37,Pune,Maharashtra,R002,Standard,Referral,2026-05-21
CUST00594,Meera Mhaske,Female,39,Lucknow,Uttar Pradesh,R010,Standard,Instagram,2023-07-22
CUST00595,Isha Mehta,Female,46,Mumbai,Maharashtra,R001,Standard,Referral,2025-02-02
CUST00596,Vivaan Joshi,Male,33,New Delhi,Delhi,R007,Standard,Google Ads,2026-06-06
CUST00597,Rahul Gupta,Male,60,Bengaluru,Karnataka,R017,Standard,Referral,2026-06-04
CUST00598,Pooja Gupta,Male,64,Coimbatore,Tamil Nadu,R016,Standard,Google Ads,2023-02-16
CUST00599,Kavya Joshi,Male,60,Bhopal,Madhya Pradesh,R024,Premium,Referral,2026-06-10
CUST00600,Neha Shah,Male,40,Ahmedabad,Gujarat,R003,Premium,Organic,2026-03-12
CUST00601,Karan Singh,Female,47,Patna,Bihar,R014,Standard,Google Ads,2024-10-17
CUST00602,Amit Deshmukh,Male,47,Lucknow,Uttar Pradesh,R010,Premium,Google Ads,2024-04-15
CUST00603,Pooja Shah,Female,60,Vijayawada,Andhra Pradesh,R022,Premium,Organic,2025-08-28
CUST00604,Rohan Sharma,Female,20,New Delhi,Delhi,R007,Standard,Organic,2025-11-01
CUST00605,Arjun Kumar,Female,41,Bengaluru,Karnataka,R017,Corporate,Instagram,2025-01-05
CUST00606,Amit Mhaske,Female,54,Udaipur,Rajasthan,R006,Corporate,Organic,2025-02-22
CUST00607,Priya Mhaske,Female,30,Visakhapatnam,Andhra Pradesh,R023,Standard,Referral,2025-08-25
CUST00608,Ananya Mhaske,Female,59,Vijayawada,Andhra Pradesh,R022,Standard,Organic,2023-12-24
CUST00609,Sneha Sharma,Male,49,Surat,Gujarat,R004,Standard,Organic,2025-08-29
CUST00610,Kavya Mehta,Male,54,Bengaluru,Karnataka,R017,Standard,Google Ads,2024-10-29
CUST00611,Aarav Singh,Male,29,Amritsar,Punjab,R009,Corporate,Google Ads,2024-01-08
CUST00612,Pooja Sharma,Female,25,Surat,Gujarat,R004,Corporate,Organic,2025-10-28
CUST00613,Rahul Verma,Female,41,New Delhi,Delhi,R007,Standard,Instagram,2026-02-19
CUST00614,Rahul Joshi,Male,61,Visakhapatnam,Andhra Pradesh,R023,Premium,Google Ads,2024-11-06
CUST00615,Rohan Nair,Female,33,Pune,Maharashtra,R002,Standard,Referral,2023-03-31
CUST00616,Neha Singh,Female,49,Bengaluru,Karnataka,R017,Standard,Referral,2024-11-28
CUST00617,Neha Verma,Female,51,Bhopal,Madhya Pradesh,R024,Premium,Organic,2026-04-16
CUST00618,Aarav Sharma,Female,52,Ludhiana,Punjab,R008,Corporate,Organic,2024-06-23
CUST00619,Priya Joshi,Female,49,Visakhapatnam,Andhra Pradesh,R023,Standard,Instagram,2025-01-01
CUST00620,Isha Mhaske,Male,34,Chennai,Tamil Nadu,R015,Standard,Organic,2025-05-18
CUST00621,Vivaan Singh,Male,19,Chennai,Tamil Nadu,R015,Standard,Email,2023-02-10
CUST00622,Rohan Joshi,Male,43,Ludhiana,Punjab,R008,Standard,Email,2025-01-09
CUST00623,Rahul Kumar,Male,61,Coimbatore,Tamil Nadu,R016,Standard,Organic,2024-05-16
CUST00624,Amit Patil,Male,34,Hyderabad,Telangana,R019,Standard,Email,2025-08-16
CUST00625,Kavya Sharma,Female,55,Noida,Uttar Pradesh,R011,Standard,Referral,2026-03-14
CUST00626,Isha Deshmukh,Female,19,Pune,Maharashtra,R002,Premium,Organic,2026-05-09
CUST00627,Rahul Nair,Female,25,Visakhapatnam,Andhra Pradesh,R023,Standard,Referral,2025-07-17
CUST00628,Ananya Gupta,Male,63,Bhopal,Madhya Pradesh,R024,Standard,Referral,2024-04-05
CUST00629,Sneha Mehta,Male,23,Bengaluru,Karnataka,R017,Premium,Email,2025-01-01
CUST00630,Arjun Patil,Male,26,Coimbatore,Tamil Nadu,R016,Premium,Instagram,2025-01-21
CUST00631,Rahul Patil,Male,18,Indore,Madhya Pradesh,R025,Standard,Referral,2025-07-13
CUST00632,Sneha Joshi,Female,22,Chennai,Tamil Nadu,R015,Standard,Email,2025-06-27
CUST00633,Ananya Deshmukh,Male,56,Bhubaneswar,Odisha,R013,Premium,Instagram,2026-06-30
CUST00634,Neha Shah,Male,26,Chennai,Tamil Nadu,R015,Standard,Email,2024-01-25
CUST00635,Rohan Sharma,Female,31,Surat,Gujarat,R004,Standard,Email,2025-06-01
CUST00636,Meera Singh,Male,44,Coimbatore,Tamil Nadu,R016,Standard,Organic,2023-09-13
CUST00637,Rahul Verma,Female,26,Kolkata,West Bengal,R012,Standard,Google Ads,2024-12-09
CUST00638,Meera Nair,Male,53,Surat,Gujarat,R004,Standard,Instagram,2024-03-25
CUST00639,Rohan Singh,Female,46,Ahmedabad,Gujarat,R003,Standard,Email,2023-01-10
CUST00640,Meera Singh,Male,37,Vijayawada,Andhra Pradesh,R022,Premium,Referral,2025-04-03
CUST00641,Vivaan Joshi,Female,32,Bengaluru,Karnataka,R017,Premium,Referral,2025-03-08
CUST00642,Pooja Verma,Male,53,Vijayawada,Andhra Pradesh,R022,Corporate,Google Ads,2026-06-19
CUST00643,Isha Nair,Female,20,Mysuru,Karnataka,R018,Standard,Instagram,2026-06-28
CUST00644,Neha Mehta,Male,40,Indore,Madhya Pradesh,R025,Standard,Organic,2025-05-26
CUST00645,Vivaan Gupta,Male,63,Mysuru,Karnataka,R018,Premium,Instagram,2025-10-25
CUST00646,Pooja Verma,Female,26,Visakhapatnam,Andhra Pradesh,R023,Standard,Referral,2026-02-16
CUST00647,Neha Verma,Male,47,Bengaluru,Karnataka,R017,Standard,Referral,2025-10-12
CUST00648,Karan Kumar,Male,36,Kolkata,West Bengal,R012,Standard,Organic,2024-01-09
CUST00649,Rohan Singh,Male,55,Visakhapatnam,Andhra Pradesh,R023,Standard,Organic,2025-12-24
CUST00650,Meera Shah,Female,20,Thiruvananthapuram,Kerala,R021,Standard,Referral,2023-05-26
CUST00651,Karan Nair,Male,65,Bhopal,Madhya Pradesh,R024,Standard,Email,2023-08-12
CUST00652,Isha Nair,Male,20,Surat,Gujarat,R004,Corporate,Email,2026-06-16
CUST00653,Priya Deshmukh,Male,51,Kolkata,West Bengal,R012,Standard,Organic,2023-06-26
CUST00654,Kavya Gupta,Female,19,Visakhapatnam,Andhra Pradesh,R023,Corporate,Email,2025-05-02
CUST00655,Ananya Sharma,Female,44,Vijayawada,Andhra Pradesh,R022,Premium,Organic,2023-03-04
CUST00656,Aarav Patil,Male,40,Thiruvananthapuram,Kerala,R021,Standard,Instagram,2026-05-25
CUST00657,Priya Mehta,Male,59,Kochi,Kerala,R020,Premium,Instagram,2025-04-06
CUST00658,Rahul Verma,Male,49,Chennai,Tamil Nadu,R015,Premium,Instagram,2025-03-05
CUST00659,Aarav Verma,Male,64,Visakhapatnam,Andhra Pradesh,R023,Standard,Organic,2024-11-19
CUST00660,Arjun Mehta,Male,52,Coimbatore,Tamil Nadu,R016,Standard,Organic,2023-04-15
CUST00661,Arjun Sharma,Male,57,Jaipur,Rajasthan,R005,Standard,Email,2026-01-27
CUST00662,Neha Mhaske,Male,35,Thiruvananthapuram,Kerala,R021,Premium,Email,2024-05-25
CUST00663,Isha Verma,Female,44,Chennai,Tamil Nadu,R015,Standard,Email,2024-01-20
CUST00664,Rahul Joshi,Male,28,Bengaluru,Karnataka,R017,Standard,Google Ads,2024-02-09
CUST00665,Meera Singh,Female,56,Mysuru,Karnataka,R018,Standard,Organic,2025-04-02
CUST00666,Rahul Kumar,Male,36,Jaipur,Rajasthan,R005,Standard,Instagram,2024-06-01
CUST00667,Meera Sharma,Male,42,Bhubaneswar,Odisha,R013,Standard,Instagram,2024-04-20
CUST00668,Amit Nair,Female,24,Hyderabad,Telangana,R019,Standard,Google Ads,2024-12-09
CUST00669,Rohan Shah,Male,48,Bhubaneswar,Odisha,R013,Corporate,Google Ads,2025-02-09
CUST00670,Meera Gupta,Male,19,Mysuru,Karnataka,R018,Premium,Instagram,2025-11-12
CUST00671,Meera Joshi,Female,55,Patna,Bihar,R014,Premium,Organic,2025-09-23
CUST00672,Aditya Sharma,Male,22,Surat,Gujarat,R004,Premium,Instagram,2024-11-07
CUST00673,Neha Patil,Male,31,Surat,Gujarat,R004,Premium,Instagram,2024-12-14
CUST00674,Isha Mehta,Male,35,Kochi,Kerala,R020,Standard,Google Ads,2023-03-24
CUST00675,Kavya Mhaske,Male,53,Kochi,Kerala,R020,Standard,Google Ads,2026-03-14
CUST00676,Karan Nair,Female,21,Hyderabad,Telangana,R019,Corporate,Email,2026-01-13
CUST00677,Priya Deshmukh,Male,41,Bhubaneswar,Odisha,R013,Standard,Google Ads,2026-01-06
CUST00678,Isha Mhaske,Male,30,Kolkata,West Bengal,R012,Standard,Instagram,2024-04-01
CUST00679,Rohan Joshi,Male,38,New Delhi,Delhi,R007,Standard,Email,2023-01-01
CUST00680,Kavya Sharma,Male,50,Indore,Madhya Pradesh,R025,Standard,Instagram,2023-02-20
CUST00681,Pooja Joshi,Female,37,Kolkata,West Bengal,R012,Premium,Organic,2024-11-15
CUST00682,Arjun Gupta,Male,22,Thiruvananthapuram,Kerala,R021,Standard,Organic,2024-12-17
CUST00683,Karan Verma,Female,41,Surat,Gujarat,R004,Premium,Google Ads,2024-03-24
CUST00684,Kavya Verma,Female,52,Pune,Maharashtra,R002,Standard,Email,2025-05-30
CUST00685,Karan Gupta,Female,47,Pune,Maharashtra,R002,Standard,Referral,2024-05-02
CUST00686,Isha Singh,Male,45,Jaipur,Rajasthan,R005,Standard,Organic,2023-02-03
CUST00687,Sneha Shah,Male,62,Visakhapatnam,Andhra Pradesh,R023,Premium,Organic,2023-04-05
CUST00688,Pooja Gupta,Female,24,Lucknow,Uttar Pradesh,R010,Premium,Organic,2025-12-31
CUST00689,Aarav Joshi,Female,59,Lucknow,Uttar Pradesh,R010,Standard,Organic,2023-06-03
CUST00690,Rohan Patil,Male,52,Amritsar,Punjab,R009,Standard,Google Ads,2023-09-07
CUST00691,Ananya Joshi,Male,47,Bhubaneswar,Odisha,R013,Corporate,Email,2024-11-04
CUST00692,Rohan Gupta,Male,51,New Delhi,Delhi,R007,Standard,Organic,2024-03-13
CUST00693,Karan Gupta,Female,56,Jaipur,Rajasthan,R005,Standard,Google Ads,2023-04-28
CUST00694,Ananya Patil,Male,26,Lucknow,Uttar Pradesh,R010,Standard,Email,2025-02-09
CUST00695,Rohan Nair,Female,29,Lucknow,Uttar Pradesh,R010,Standard,Email,2023-09-25
CUST00696,Aarav Gupta,Female,46,Udaipur,Rajasthan,R006,Standard,Referral,2025-12-13
CUST00697,Pooja Singh,Female,27,Hyderabad,Telangana,R019,Standard,Instagram,2023-08-24
CUST00698,Kavya Joshi,Female,44,Thiruvananthapuram,Kerala,R021,Premium,Organic,2024-01-24
CUST00699,Pooja Patil,Male,36,Ludhiana,Punjab,R008,Premium,Google Ads,2025-09-16
CUST00700,Aarav Singh,Female,30,Mumbai,Maharashtra,R001,Premium,Email,2025-02-01
CUST00701,Aditya Gupta,Female,59,Bengaluru,Karnataka,R017,Standard,Referral,2024-02-05
CUST00702,Sneha Shah,Female,54,New Delhi,Delhi,R007,Premium,Instagram,2024-09-15
CUST00703,Isha Patil,Male,49,Patna,Bihar,R014,Premium,Email,2025-02-05
CUST00704,Kavya Sharma,Female,32,Thiruvananthapuram,Kerala,R021,Corporate,Email,2025-07-07
CUST00705,Aarav Shah,Male,38,Thiruvananthapuram,Kerala,R021,Standard,Organic,2026-05-15
CUST00706,Arjun Mehta,Male,20,Bengaluru,Karnataka,R017,Standard,Instagram,2026-06-06
CUST00707,Isha Patil,Female,25,Amritsar,Punjab,R009,Premium,Instagram,2025-05-02
CUST00708,Aarav Singh,Male,23,Bengaluru,Karnataka,R017,Corporate,Google Ads,2024-07-31
CUST00709,Pooja Verma,Female,46,Jaipur,Rajasthan,R005,Corporate,Referral,2023-03-16
CUST00710,Priya Nair,Male,36,Indore,Madhya Pradesh,R025,Premium,Google Ads,2024-03-10
CUST00711,Kavya Joshi,Female,34,Kochi,Kerala,R020,Standard,Referral,2023-04-13
CUST00712,Meera Shah,Male,27,Ludhiana,Punjab,R008,Standard,Google Ads,2025-02-02
CUST00713,Rohan Gupta,Female,50,Udaipur,Rajasthan,R006,Corporate,Referral,2025-01-07
CUST00714,Priya Nair,Male,30,Noida,Uttar Pradesh,R011,Standard,Organic,2025-03-16
CUST00715,Isha Nair,Female,44,Hyderabad,Telangana,R019,Standard,Referral,2023-04-08
CUST00716,Sneha Nair,Female,59,Surat,Gujarat,R004,Corporate,Google Ads,2025-03-08
CUST00717,Vivaan Gupta,Male,29,Mysuru,Karnataka,R018,Standard,Instagram,2025-05-08
CUST00718,Neha Deshmukh,Male,19,Mumbai,Maharashtra,R001,Premium,Email,2024-03-10
CUST00719,Vivaan Joshi,Female,27,Bhubaneswar,Odisha,R013,Premium,Referral,2024-03-22
CUST00720,Priya Verma,Female,38,Patna,Bihar,R014,Standard,Referral,2023-09-06
CUST00721,Isha Mhaske,Female,40,Bhopal,Madhya Pradesh,R024,Standard,Instagram,2023-06-15
CUST00722,Ananya Sharma,Female,18,Mumbai,Maharashtra,R001,Standard,Organic,2025-09-10
CUST00723,Aditya Shah,Male,50,Noida,Uttar Pradesh,R011,Premium,Google Ads,2025-10-16
CUST00724,Neha Deshmukh,Male,43,Bengaluru,Karnataka,R017,Standard,Organic,2024-06-25
CUST00725,Amit Mhaske,Male,32,Surat,Gujarat,R004,Standard,Referral,2025-01-28
CUST00726,Isha Mhaske,Male,39,Kolkata,West Bengal,R012,Corporate,Referral,2026-02-03
CUST00727,Arjun Joshi,Female,42,Lucknow,Uttar Pradesh,R010,Standard,Organic,2023-03-22
CUST00728,Amit Nair,Male,18,Udaipur,Rajasthan,R006,Standard,Google Ads,2023-05-13
CUST00729,Sneha Patil,Female,43,Indore,Madhya Pradesh,R025,Standard,Referral,2025-03-07
CUST00730,Sneha Gupta,Female,38,Mumbai,Maharashtra,R001,Standard,Referral,2025-06-18
CUST00731,Amit Joshi,Female,58,New Delhi,Delhi,R007,Corporate,Organic,2023-05-18
CUST00732,Rohan Mehta,Female,41,Thiruvananthapuram,Kerala,R021,Standard,Email,2023-07-03
CUST00733,Priya Nair,Male,56,Coimbatore,Tamil Nadu,R016,Standard,Instagram,2025-02-23
CUST00734,Karan Mhaske,Female,33,Bhopal,Madhya Pradesh,R024,Premium,Referral,2025-09-10
CUST00735,Kavya Sharma,Male,49,Patna,Bihar,R014,Premium,Google Ads,2023-03-10
CUST00736,Aditya Shah,Male,33,Visakhapatnam,Andhra Pradesh,R023,Standard,Email,2024-06-29
CUST00737,Vivaan Patil,Female,30,Kochi,Kerala,R020,Corporate,Organic,2023-02-22
CUST00738,Pooja Patil,Male,59,Kochi,Kerala,R020,Premium,Organic,2023-07-24
CUST00739,Rahul Sharma,Female,49,Udaipur,Rajasthan,R006,Standard,Google Ads,2023-05-06
CUST00740,Priya Verma,Female,58,Vijayawada,Andhra Pradesh,R022,Premium,Email,2023-02-12
CUST00741,Pooja Mehta,Female,61,Indore,Madhya Pradesh,R025,Corporate,Google Ads,2023-04-21
CUST00742,Rahul Patil,Male,41,Jaipur,Rajasthan,R005,Standard,Referral,2025-01-30
CUST00743,Rahul Mehta,Female,30,Bhopal,Madhya Pradesh,R024,Premium,Email,2026-04-21
CUST00744,Kavya Verma,Male,28,Thiruvananthapuram,Kerala,R021,Corporate,Instagram,2025-04-27
CUST00745,Karan Sharma,Female,32,Mysuru,Karnataka,R018,Premium,Instagram,2023-04-05
CUST00746,Kavya Nair,Male,27,Chennai,Tamil Nadu,R015,Standard,Google Ads,2025-06-18
CUST00747,Rahul Shah,Female,59,Udaipur,Rajasthan,R006,Standard,Instagram,2023-12-26
CUST00748,Sneha Mehta,Male,58,Indore,Madhya Pradesh,R025,Premium,Google Ads,2025-06-18
CUST00749,Aarav Mehta,Male,20,Hyderabad,Telangana,R019,Standard,Referral,2023-10-08
CUST00750,Priya Verma,Male,33,Mumbai,Maharashtra,R001,Corporate,Referral,2026-05-03
CUST00751,Karan Sharma,Male,61,Mumbai,Maharashtra,R001,Standard,Google Ads,2026-05-03
CUST00752,Ananya Patil,Female,34,Bhubaneswar,Odisha,R013,Standard,Referral,2024-10-28
CUST00753,Aarav Shah,Male,42,Ahmedabad,Gujarat,R003,Premium,Instagram,2023-04-03
CUST00754,Amit Patil,Male,47,Lucknow,Uttar Pradesh,R010,Standard,Referral,2024-11-02
CUST00755,Aarav Nair,Female,64,Thiruvananthapuram,Kerala,R021,Standard,Instagram,2023-03-02
CUST00756,Meera Singh,Male,52,Ahmedabad,Gujarat,R003,Standard,Instagram,2024-09-25
CUST00757,Rohan Mehta,Male,54,Amritsar,Punjab,R009,Premium,Organic,2025-12-10
CUST00758,Vivaan Sharma,Female,30,Ludhiana,Punjab,R008,Premium,Referral,2025-10-25
CUST00759,Pooja Mehta,Male,41,Ahmedabad,Gujarat,R003,Premium,Referral,2024-08-26
CUST00760,Aditya Mehta,Male,55,Indore,Madhya Pradesh,R025,Standard,Google Ads,2024-11-12
CUST00761,Pooja Gupta,Male,43,Bhubaneswar,Odisha,R013,Standard,Google Ads,2024-06-17
CUST00762,Meera Singh,Male,26,Udaipur,Rajasthan,R006,Premium,Email,2025-04-17
CUST00763,Aditya Deshmukh,Male,36,Bhubaneswar,Odisha,R013,Corporate,Instagram,2024-10-06
CUST00764,Ananya Gupta,Male,45,Visakhapatnam,Andhra Pradesh,R023,Standard,Organic,2023-08-21
CUST00765,Isha Patil,Female,24,Kochi,Kerala,R020,Premium,Instagram,2024-06-07
CUST00766,Priya Singh,Male,62,Kochi,Kerala,R020,Standard,Referral,2023-12-12
CUST00767,Sneha Kumar,Male,39,Kolkata,West Bengal,R012,Standard,Email,2025-12-05
CUST00768,Ananya Singh,Male,47,Bhubaneswar,Odisha,R013,Premium,Instagram,2024-06-29
CUST00769,Arjun Singh,Female,54,Pune,Maharashtra,R002,Standard,Email,2026-01-06
CUST00770,Karan Kumar,Female,33,Thiruvananthapuram,Kerala,R021,Standard,Instagram,2026-01-01
CUST00771,Isha Mehta,Male,53,Bhopal,Madhya Pradesh,R024,Standard,Referral,2025-03-04
CUST00772,Vivaan Kumar,Female,22,Visakhapatnam,Andhra Pradesh,R023,Standard,Referral,2023-09-06
CUST00773,Rohan Patil,Male,46,Coimbatore,Tamil Nadu,R016,Premium,Instagram,2023-02-16
CUST00774,Aarav Singh,Male,40,Visakhapatnam,Andhra Pradesh,R023,Standard,Organic,2026-02-18
CUST00775,Isha Joshi,Male,23,Udaipur,Rajasthan,R006,Premium,Referral,2023-08-02
CUST00776,Pooja Mehta,Male,53,Hyderabad,Telangana,R019,Standard,Google Ads,2023-08-27
CUST00777,Rahul Mehta,Male,50,Thiruvananthapuram,Kerala,R021,Premium,Organic,2025-12-15
CUST00778,Karan Shah,Male,58,Bhubaneswar,Odisha,R013,Standard,Instagram,2023-12-16
CUST00779,Isha Nair,Male,33,Bengaluru,Karnataka,R017,Premium,Organic,2023-04-17
CUST00780,Neha Verma,Male,51,Visakhapatnam,Andhra Pradesh,R023,Premium,Google Ads,2025-04-10
CUST00781,Amit Kumar,Male,60,Amritsar,Punjab,R009,Corporate,Referral,2023-02-17
CUST00782,Isha Singh,Male,43,Bengaluru,Karnataka,R017,Corporate,Referral,2023-12-03
CUST00783,Vivaan Joshi,Female,54,Pune,Maharashtra,R002,Standard,Referral,2025-11-15
CUST00784,Isha Deshmukh,Male,30,Hyderabad,Telangana,R019,Standard,Google Ads,2025-03-14
CUST00785,Rahul Patil,Female,34,Hyderabad,Telangana,R019,Premium,Organic,2023-01-08
CUST00786,Arjun Mhaske,Female,49,Bhopal,Madhya Pradesh,R024,Premium,Instagram,2024-09-16
CUST00787,Arjun Mehta,Male,49,New Delhi,Delhi,R007,Standard,Instagram,2026-06-30
CUST00788,Amit Mehta,Male,45,Vijayawada,Andhra Pradesh,R022,Standard,Organic,2024-12-19
CUST00789,Karan Sharma,Male,46,Lucknow,Uttar Pradesh,R010,Premium,Referral,2023-10-30
CUST00790,Isha Kumar,Female,42,Lucknow,Uttar Pradesh,R010,Corporate,Instagram,2024-09-30
CUST00791,Rahul Nair,Male,64,Kochi,Kerala,R020,Corporate,Referral,2023-02-25
CUST00792,Amit Shah,Male,39,Amritsar,Punjab,R009,Standard,Email,2024-12-26
CUST00793,Ananya Sharma,Male,44,Bengaluru,Karnataka,R017,Standard,Email,2024-06-09
CUST00794,Vivaan Sharma,Female,61,Chennai,Tamil Nadu,R015,Standard,Instagram,2024-04-18
CUST00795,Rahul Singh,Male,55,Pune,Maharashtra,R002,Standard,Organic,2023-01-28
CUST00796,Priya Deshmukh,Female,37,Surat,Gujarat,R004,Premium,Organic,2023-03-19
CUST00797,Karan Joshi,Male,62,Hyderabad,Telangana,R019,Premium,Organic,2026-05-24
CUST00798,Sneha Gupta,Female,41,Bengaluru,Karnataka,R017,Standard,Referral,2023-12-31
CUST00799,Pooja Mhaske,Male,64,Jaipur,Rajasthan,R005,Standard,Email,2024-10-27
CUST00800,Meera Deshmukh,Male,64,New Delhi,Delhi,R007,Standard,Referral,2024-06-09
CUST00801,Isha Gupta,Female,25,Mysuru,Karnataka,R018,Corporate,Google Ads,2024-11-29
CUST00802,Aditya Mhaske,Female,31,Thiruvananthapuram,Kerala,R021,Standard,Google Ads,2025-06-01
CUST00803,Aditya Singh,Male,56,Vijayawada,Andhra Pradesh,R022,Standard,Instagram,2025-10-27
CUST00804,Aarav Shah,Male,31,New Delhi,Delhi,R007,Premium,Google Ads,2025-10-23
CUST00805,Arjun Kumar,Female,22,Bengaluru,Karnataka,R017,Premium,Organic,2025-07-07
CUST00806,Aditya Gupta,Female,64,New Delhi,Delhi,R007,Corporate,Instagram,2025-01-19
CUST00807,Vivaan Patil,Male,38,Surat,Gujarat,R004,Standard,Email,2023-12-29
CUST00808,Ananya Joshi,Male,32,Ludhiana,Punjab,R008,Standard,Email,2025-03-16
CUST00809,Priya Mhaske,Female,53,Bhubaneswar,Odisha,R013,Standard,Google Ads,2025-01-08
CUST00810,Rahul Mhaske,Male,50,Surat,Gujarat,R004,Corporate,Google Ads,2025-11-04
CUST00811,Rohan Mehta,Female,34,Udaipur,Rajasthan,R006,Premium,Email,2026-04-30
CUST00812,Aditya Kumar,Male,37,Indore,Madhya Pradesh,R025,Premium,Google Ads,2024-04-29
CUST00813,Vivaan Mhaske,Female,18,Jaipur,Rajasthan,R005,Standard,Google Ads,2023-01-28
CUST00814,Karan Kumar,Female,33,Kolkata,West Bengal,R012,Premium,Referral,2024-12-14
CUST00815,Aarav Kumar,Female,62,Surat,Gujarat,R004,Standard,Email,2025-11-28
CUST00816,Priya Patil,Male,35,Bhopal,Madhya Pradesh,R024,Standard,Email,2026-06-08
CUST00817,Sneha Joshi,Male,27,Amritsar,Punjab,R009,Standard,Google Ads,2023-03-27
CUST00818,Rohan Patil,Male,40,Surat,Gujarat,R004,Premium,Organic,2023-05-06
CUST00819,Rahul Joshi,Female,35,Hyderabad,Telangana,R019,Standard,Referral,2025-03-22
CUST00820,Karan Mhaske,Female,26,Bhopal,Madhya Pradesh,R024,Premium,Organic,2024-06-20
CUST00821,Aarav Joshi,Male,63,Patna,Bihar,R014,Premium,Google Ads,2023-05-25
CUST00822,Isha Gupta,Female,47,Jaipur,Rajasthan,R005,Standard,Email,2026-05-20
CUST00823,Rahul Joshi,Female,30,Mysuru,Karnataka,R018,Premium,Organic,2023-01-25
CUST00824,Aarav Kumar,Male,48,Lucknow,Uttar Pradesh,R010,Standard,Instagram,2023-03-08
CUST00825,Sneha Mehta,Male,63,Indore,Madhya Pradesh,R025,Standard,Organic,2023-08-21
CUST00826,Kavya Gupta,Female,60,Hyderabad,Telangana,R019,Premium,Email,2023-04-19
CUST00827,Karan Mehta,Male,30,Kolkata,West Bengal,R012,Premium,Google Ads,2026-03-15
CUST00828,Kavya Mehta,Female,49,Mysuru,Karnataka,R018,Standard,Organic,2023-04-21
CUST00829,Rahul Nair,Male,34,Bengaluru,Karnataka,R017,Premium,Google Ads,2023-08-16
CUST00830,Amit Mehta,Female,20,Bhopal,Madhya Pradesh,R024,Premium,Referral,2023-04-21
CUST00831,Aditya Patil,Male,18,Noida,Uttar Pradesh,R011,Standard,Instagram,2023-02-03
CUST00832,Rohan Gupta,Male,22,Ahmedabad,Gujarat,R003,Standard,Email,2024-09-14
CUST00833,Neha Mehta,Male,49,Visakhapatnam,Andhra Pradesh,R023,Premium,Email,2025-01-17
CUST00834,Arjun Shah,Male,42,Bengaluru,Karnataka,R017,Standard,Google Ads,2024-08-17
CUST00835,Aditya Deshmukh,Male,62,Mumbai,Maharashtra,R001,Corporate,Instagram,2024-02-29
CUST00836,Karan Singh,Male,22,Chennai,Tamil Nadu,R015,Premium,Email,2024-09-04
CUST00837,Aarav Mehta,Female,54,Amritsar,Punjab,R009,Standard,Organic,2024-11-22
CUST00838,Isha Nair,Female,40,Chennai,Tamil Nadu,R015,Corporate,Email,2023-11-11
CUST00839,Ananya Sharma,Male,29,Bhopal,Madhya Pradesh,R024,Standard,Organic,2025-05-26
CUST00840,Sneha Singh,Female,51,Ahmedabad,Gujarat,R003,Corporate,Email,2024-10-23
CUST00841,Isha Mhaske,Male,40,Vijayawada,Andhra Pradesh,R022,Standard,Organic,2023-10-04
CUST00842,Aditya Singh,Female,33,Hyderabad,Telangana,R019,Premium,Referral,2024-09-15
CUST00843,Isha Mhaske,Female,22,Bhubaneswar,Odisha,R013,Standard,Google Ads,2024-05-30
CUST00844,Isha Shah,Male,61,Kolkata,West Bengal,R012,Premium,Referral,2025-04-22
CUST00845,Priya Singh,Female,64,Kochi,Kerala,R020,Standard,Organic,2023-12-16
CUST00846,Rahul Verma,Female,45,Mumbai,Maharashtra,R001,Standard,Google Ads,2025-04-02
CUST00847,Karan Patil,Male,23,Thiruvananthapuram,Kerala,R021,Standard,Instagram,2026-03-06
CUST00848,Kavya Nair,Female,30,Bengaluru,Karnataka,R017,Premium,Organic,2025-01-28
CUST00849,Pooja Shah,Female,60,Bhubaneswar,Odisha,R013,Standard,Email,2025-06-17
CUST00850,Amit Verma,Male,47,Mumbai,Maharashtra,R001,Premium,Email,2023-08-31
CUST00851,Vivaan Joshi,Female,43,Lucknow,Uttar Pradesh,R010,Premium,Instagram,2024-06-26
CUST00852,Isha Sharma,Female,34,Chennai,Tamil Nadu,R015,Corporate,Referral,2025-11-29
CUST00853,Arjun Deshmukh,Male,26,New Delhi,Delhi,R007,Standard,Organic,2023-08-17
CUST00854,Pooja Verma,Male,33,Vijayawada,Andhra Pradesh,R022,Corporate,Email,2024-07-01
CUST00855,Sneha Mhaske,Male,35,Mysuru,Karnataka,R018,Standard,Google Ads,2025-07-08
CUST00856,Priya Mehta,Female,30,Coimbatore,Tamil Nadu,R016,Premium,Instagram,2026-05-31
CUST00857,Vivaan Mhaske,Female,46,Patna,Bihar,R014,Premium,Referral,2023-01-06
CUST00858,Aarav Mehta,Male,60,Mysuru,Karnataka,R018,Standard,Referral,2024-04-12
CUST00859,Karan Sharma,Female,62,New Delhi,Delhi,R007,Standard,Google Ads,2023-03-16
CUST00860,Aditya Mhaske,Female,41,Bengaluru,Karnataka,R017,Standard,Google Ads,2023-01-04
CUST00861,Isha Patil,Female,62,Mysuru,Karnataka,R018,Standard,Instagram,2024-10-07
CUST00862,Pooja Gupta,Male,61,Kolkata,West Bengal,R012,Corporate,Google Ads,2023-04-28
CUST00863,Priya Mhaske,Male,63,Ludhiana,Punjab,R008,Standard,Email,2025-05-30
CUST00864,Aditya Kumar,Female,30,Vijayawada,Andhra Pradesh,R022,Corporate,Referral,2024-05-18
CUST00865,Arjun Verma,Male,42,Pune,Maharashtra,R002,Standard,Google Ads,2025-08-04
CUST00866,Aditya Shah,Female,58,New Delhi,Delhi,R007,Corporate,Organic,2024-07-27
CUST00867,Aarav Kumar,Female,63,Surat,Gujarat,R004,Premium,Google Ads,2023-07-13
CUST00868,Kavya Sharma,Male,18,Mysuru,Karnataka,R018,Premium,Referral,2025-04-26
CUST00869,Amit Gupta,Female,26,Udaipur,Rajasthan,R006,Standard,Email,2024-12-15
CUST00870,Arjun Verma,Male,21,Amritsar,Punjab,R009,Premium,Google Ads,2025-11-15
CUST00871,Karan Shah,Male,45,Amritsar,Punjab,R009,Standard,Email,2023-06-22
CUST00872,Ananya Singh,Male,29,Patna,Bihar,R014,Standard,Organic,2023-11-22
CUST00873,Meera Nair,Male,41,Ludhiana,Punjab,R008,Premium,Referral,2026-02-15
CUST00874,Aarav Mehta,Male,63,Hyderabad,Telangana,R019,Premium,Instagram,2025-04-15
CUST00875,Karan Patil,Female,26,Ahmedabad,Gujarat,R003,Standard,Referral,2024-12-24
CUST00876,Rohan Deshmukh,Female,52,Mysuru,Karnataka,R018,Standard,Instagram,2023-08-13
CUST00877,Aarav Singh,Male,55,Jaipur,Rajasthan,R005,Standard,Instagram,2024-06-15
CUST00878,Meera Kumar,Female,52,Patna,Bihar,R014,Standard,Referral,2023-04-23
CUST00879,Priya Patil,Male,50,Surat,Gujarat,R004,Standard,Instagram,2023-05-20
CUST00880,Rahul Singh,Male,52,New Delhi,Delhi,R007,Premium,Email,2024-07-12
CUST00881,Rahul Mhaske,Female,63,Kochi,Kerala,R020,Standard,Organic,2023-01-01
CUST00882,Arjun Joshi,Female,37,Indore,Madhya Pradesh,R025,Premium,Google Ads,2023-03-31
CUST00883,Arjun Deshmukh,Female,19,Kolkata,West Bengal,R012,Standard,Instagram,2024-10-15
CUST00884,Ananya Nair,Male,61,Pune,Maharashtra,R002,Premium,Instagram,2023-11-16
CUST00885,Pooja Mehta,Female,43,Noida,Uttar Pradesh,R011,Standard,Referral,2023-05-19
CUST00886,Vivaan Gupta,Female,59,Patna,Bihar,R014,Premium,Email,2025-04-24
CUST00887,Karan Gupta,Female,30,Vijayawada,Andhra Pradesh,R022,Standard,Google Ads,2023-09-16
CUST00888,Priya Nair,Male,47,Visakhapatnam,Andhra Pradesh,R023,Standard,Instagram,2025-06-20
CUST00889,Karan Kumar,Male,49,Coimbatore,Tamil Nadu,R016,Standard,Email,2024-11-20
CUST00890,Neha Mehta,Female,53,Kochi,Kerala,R020,Premium,Google Ads,2023-01-10
CUST00891,Rohan Nair,Female,36,Udaipur,Rajasthan,R006,Premium,Referral,2023-09-18
CUST00892,Arjun Nair,Male,39,Visakhapatnam,Andhra Pradesh,R023,Standard,Instagram,2023-06-21
CUST00893,Ananya Mhaske,Male,18,Surat,Gujarat,R004,Standard,Referral,2025-06-16
CUST00894,Kavya Nair,Male,28,Chennai,Tamil Nadu,R015,Standard,Referral,2023-01-13
CUST00895,Meera Gupta,Male,43,Bhopal,Madhya Pradesh,R024,Standard,Instagram,2026-04-06
CUST00896,Rohan Mhaske,Male,65,Indore,Madhya Pradesh,R025,Premium,Email,2023-11-17
CUST00897,Vivaan Joshi,Male,36,Mumbai,Maharashtra,R001,Premium,Email,2023-11-25
CUST00898,Ananya Gupta,Female,36,New Delhi,Delhi,R007,Corporate,Referral,2025-02-23
CUST00899,Neha Mhaske,Male,29,Indore,Madhya Pradesh,R025,Corporate,Referral,2025-02-15
CUST00900,Pooja Kumar,Male,20,Kolkata,West Bengal,R012,Premium,Organic,2025-06-29
CUST00901,Rohan Verma,Male,35,Lucknow,Uttar Pradesh,R010,Standard,Google Ads,2026-01-23
CUST00902,Sneha Nair,Male,22,Jaipur,Rajasthan,R005,Standard,Referral,2023-11-14
CUST00903,Kavya Deshmukh,Female,65,Kolkata,West Bengal,R012,Standard,Referral,2023-08-24
CUST00904,Rahul Mehta,Female,41,Mysuru,Karnataka,R018,Standard,Google Ads,2023-11-30
CUST00905,Meera Singh,Female,31,Lucknow,Uttar Pradesh,R010,Premium,Instagram,2024-01-11
CUST00906,Pooja Deshmukh,Male,55,Udaipur,Rajasthan,R006,Corporate,Email,2026-03-06
CUST00907,Amit Nair,Female,20,Kolkata,West Bengal,R012,Corporate,Instagram,2024-08-10
CUST00908,Rahul Patil,Male,23,New Delhi,Delhi,R007,Standard,Google Ads,2024-05-27
CUST00909,Arjun Patil,Female,29,Mysuru,Karnataka,R018,Standard,Google Ads,2025-07-06
CUST00910,Aditya Mehta,Male,28,Pune,Maharashtra,R002,Premium,Organic,2025-05-22
CUST00911,Sneha Mhaske,Female,56,Lucknow,Uttar Pradesh,R010,Premium,Organic,2026-06-06
CUST00912,Arjun Singh,Female,43,Chennai,Tamil Nadu,R015,Standard,Email,2023-09-27
CUST00913,Sneha Mhaske,Male,18,Kolkata,West Bengal,R012,Premium,Referral,2025-03-08
CUST00914,Priya Sharma,Male,33,Bengaluru,Karnataka,R017,Premium,Google Ads,2024-12-25
CUST00915,Aarav Deshmukh,Female,65,Surat,Gujarat,R004,Standard,Organic,2026-04-03
CUST00916,Neha Gupta,Male,64,New Delhi,Delhi,R007,Standard,Instagram,2023-01-05
CUST00917,Neha Shah,Male,26,Amritsar,Punjab,R009,Corporate,Organic,2025-04-30
CUST00918,Amit Deshmukh,Male,22,Hyderabad,Telangana,R019,Premium,Instagram,2023-03-19
CUST00919,Sneha Joshi,Male,25,Visakhapatnam,Andhra Pradesh,R023,Standard,Organic,2024-07-27
CUST00920,Neha Patil,Female,38,New Delhi,Delhi,R007,Premium,Instagram,2023-05-12
CUST00921,Ananya Shah,Male,50,Visakhapatnam,Andhra Pradesh,R023,Premium,Organic,2024-08-23
CUST00922,Karan Joshi,Male,56,Pune,Maharashtra,R002,Corporate,Organic,2025-12-01
CUST00923,Meera Singh,Female,60,Udaipur,Rajasthan,R006,Standard,Email,2023-03-30
CUST00924,Rahul Verma,Female,37,Mysuru,Karnataka,R018,Corporate,Referral,2024-02-06
CUST00925,Amit Mhaske,Male,62,Udaipur,Rajasthan,R006,Standard,Google Ads,2023-10-23
CUST00926,Karan Patil,Female,39,Bhubaneswar,Odisha,R013,Premium,Referral,2024-09-07
CUST00927,Aarav Shah,Male,30,Hyderabad,Telangana,R019,Premium,Email,2025-03-10
CUST00928,Vivaan Deshmukh,Male,56,Pune,Maharashtra,R002,Standard,Instagram,2024-02-26
CUST00929,Rahul Shah,Female,28,Kolkata,West Bengal,R012,Standard,Referral,2025-11-12
CUST00930,Karan Mhaske,Female,35,Chennai,Tamil Nadu,R015,Corporate,Google Ads,2024-07-28
CUST00931,Amit Patil,Male,47,Patna,Bihar,R014,Premium,Google Ads,2023-05-23
CUST00932,Karan Joshi,Male,50,Udaipur,Rajasthan,R006,Standard,Instagram,2025-09-19
CUST00933,Sneha Gupta,Male,61,Mysuru,Karnataka,R018,Standard,Google Ads,2024-10-26
CUST00934,Sneha Shah,Male,20,Jaipur,Rajasthan,R005,Standard,Email,2023-05-25
CUST00935,Arjun Sharma,Male,18,Mysuru,Karnataka,R018,Standard,Referral,2026-06-02
CUST00936,Rahul Nair,Male,53,Ahmedabad,Gujarat,R003,Corporate,Google Ads,2025-10-03
CUST00937,Neha Mehta,Female,23,Ahmedabad,Gujarat,R003,Premium,Referral,2024-05-17
CUST00938,Arjun Deshmukh,Female,54,Vijayawada,Andhra Pradesh,R022,Corporate,Organic,2025-03-31
CUST00939,Sneha Patil,Male,46,Vijayawada,Andhra Pradesh,R022,Standard,Referral,2023-04-14
CUST00940,Arjun Deshmukh,Female,28,Lucknow,Uttar Pradesh,R010,Premium,Instagram,2025-11-28
CUST00941,Arjun Gupta,Male,30,Hyderabad,Telangana,R019,Standard,Email,2023-07-17
CUST00942,Ananya Kumar,Male,28,Ahmedabad,Gujarat,R003,Premium,Google Ads,2024-08-01
CUST00943,Meera Sharma,Male,55,Kolkata,West Bengal,R012,Standard,Email,2024-01-26
CUST00944,Aarav Deshmukh,Female,42,Coimbatore,Tamil Nadu,R016,Standard,Referral,2026-04-17
CUST00945,Neha Verma,Male,32,Bengaluru,Karnataka,R017,Standard,Google Ads,2024-07-07
CUST00946,Isha Patil,Female,30,New Delhi,Delhi,R007,Standard,Email,2025-11-04
CUST00947,Meera Deshmukh,Female,59,Bhubaneswar,Odisha,R013,Premium,Instagram,2024-04-22
CUST00948,Pooja Verma,Male,50,Bhopal,Madhya Pradesh,R024,Premium,Organic,2026-06-08
CUST00949,Rohan Nair,Male,30,Pune,Maharashtra,R002,Premium,Organic,2025-07-11
CUST00950,Aarav Nair,Female,55,Surat,Gujarat,R004,Corporate,Instagram,2024-02-24
CUST00951,Neha Gupta,Female,41,Lucknow,Uttar Pradesh,R010,Standard,Organic,2023-06-06
CUST00952,Kavya Mhaske,Female,37,New Delhi,Delhi,R007,Standard,Instagram,2024-07-03
CUST00953,Arjun Sharma,Male,61,Bhopal,Madhya Pradesh,R024,Premium,Referral,2026-01-25
CUST00954,Pooja Deshmukh,Female,34,Bengaluru,Karnataka,R017,Standard,Instagram,2025-10-17
CUST00955,Pooja Kumar,Male,41,Kochi,Kerala,R020,Standard,Organic,2025-09-23
CUST00956,Arjun Patil,Female,43,Udaipur,Rajasthan,R006,Premium,Referral,2025-08-08
CUST00957,Pooja Deshmukh,Female,57,Hyderabad,Telangana,R019,Standard,Instagram,2023-10-16
CUST00958,Arjun Deshmukh,Female,49,Jaipur,Rajasthan,R005,Standard,Instagram,2023-07-15
CUST00959,Priya Mhaske,Male,46,Lucknow,Uttar Pradesh,R010,Standard,Referral,2024-08-20
CUST00960,Amit Joshi,Female,31,Amritsar,Punjab,R009,Standard,Google Ads,2024-05-31
CUST00961,Priya Verma,Male,54,Bhubaneswar,Odisha,R013,Standard,Organic,2025-05-14
CUST00962,Vivaan Shah,Male,39,Hyderabad,Telangana,R019,Standard,Google Ads,2026-02-15
CUST00963,Neha Verma,Male,51,Thiruvananthapuram,Kerala,R021,Standard,Referral,2025-03-16
CUST00964,Karan Patil,Female,44,Bhopal,Madhya Pradesh,R024,Standard,Referral,2026-03-28
CUST00965,Karan Shah,Female,45,Udaipur,Rajasthan,R006,Standard,Email,2025-03-25
CUST00966,Meera Mehta,Male,39,Surat,Gujarat,R004,Premium,Email,2023-08-16
CUST00967,Rahul Joshi,Female,60,Bhopal,Madhya Pradesh,R024,Standard,Referral,2023-08-04
CUST00968,Amit Nair,Male,20,Ahmedabad,Gujarat,R003,Standard,Email,2025-08-05
CUST00969,Neha Mhaske,Male,39,Ahmedabad,Gujarat,R003,Standard,Instagram,2023-01-15
CUST00970,Priya Verma,Male,65,Surat,Gujarat,R004,Standard,Google Ads,2026-03-26
CUST00971,Priya Verma,Female,38,Indore,Madhya Pradesh,R025,Standard,Referral,2026-03-26
CUST00972,Kavya Mehta,Male,33,Jaipur,Rajasthan,R005,Standard,Instagram,2023-02-16
CUST00973,Rahul Singh,Male,26,Ludhiana,Punjab,R008,Premium,Organic,2023-11-20
CUST00974,Meera Mhaske,Female,30,Coimbatore,Tamil Nadu,R016,Premium,Organic,2025-04-23
CUST00975,Isha Verma,Male,27,Vijayawada,Andhra Pradesh,R022,Corporate,Email,2023-05-10
CUST00976,Aditya Patil,Female,38,Ahmedabad,Gujarat,R003,Standard,Email,2023-04-05
CUST00977,Priya Nair,Male,59,Bhopal,Madhya Pradesh,R024,Standard,Instagram,2024-09-18
CUST00978,Neha Sharma,Female,57,Kolkata,West Bengal,R012,Standard,Organic,2025-01-24
CUST00979,Meera Patil,Female,24,Indore,Madhya Pradesh,R025,Premium,Referral,2025-03-04
CUST00980,Karan Joshi,Female,63,Ludhiana,Punjab,R008,Standard,Google Ads,2023-03-10
CUST00981,Sneha Sharma,Male,39,Bhubaneswar,Odisha,R013,Standard,Email,2023-01-11
CUST00982,Rahul Mehta,Female,35,Surat,Gujarat,R004,Standard,Instagram,2025-05-21
CUST00983,Rohan Gupta,Male,38,Patna,Bihar,R014,Premium,Email,2024-07-03
CUST00984,Arjun Sharma,Female,31,Patna,Bihar,R014,Corporate,Instagram,2026-03-03
CUST00985,Meera Joshi,Male,27,Bhubaneswar,Odisha,R013,Corporate,Organic,2024-12-12
CUST00986,Neha Singh,Male,50,Udaipur,Rajasthan,R006,Standard,Email,2023-01-23
CUST00987,Meera Mhaske,Female,26,Bengaluru,Karnataka,R017,Standard,Instagram,2025-03-25
CUST00988,Kavya Mehta,Female,35,Surat,Gujarat,R004,Premium,Instagram,2023-12-12
CUST00989,Pooja Verma,Male,30,Ludhiana,Punjab,R008,Standard,Email,2023-10-29
CUST00990,Priya Gupta,Female,34,Bengaluru,Karnataka,R017,Standard,Google Ads,2023-12-29
CUST00991,Kavya Nair,Female,40,Ahmedabad,Gujarat,R003,Premium,Referral,2024-01-31
CUST00992,Sneha Sharma,Female,42,Bengaluru,Karnataka,R017,Premium,Organic,2023-08-06
CUST00993,Rahul Sharma,Male,33,Amritsar,Punjab,R009,Corporate,Email,2023-05-21
CUST00994,Neha Joshi,Female,41,Pune,Maharashtra,R002,Premium,Email,2025-08-15
CUST00995,Aditya Deshmukh,Male,48,Indore,Madhya Pradesh,R025,Standard,Google Ads,2026-05-18
CUST00996,Vivaan Nair,Male,28,Bhubaneswar,Odisha,R013,Standard,Organic,2025-09-11
CUST00997,Amit Deshmukh,Female,40,Kochi,Kerala,R020,Premium,Email,2025-09-19
CUST00998,Rohan Mehta,Female,58,Pune,Maharashtra,R002,Premium,Google Ads,2025-04-07
CUST00999,Rahul Nair,Female,56,Kochi,Kerala,R020,Premium,Referral,2024-11-13
CUST01000,Amit Singh,Male,39,Noida,Uttar Pradesh,R011,Corporate,Instagram,2025-09-30
CUST01001,Rahul Patil,Male,50,Vijayawada,Andhra Pradesh,R022,Premium,Referral,2023-12-22
CUST01002,Karan Joshi,Male,58,Chennai,Tamil Nadu,R015,Standard,Referral,2025-10-04
CUST01003,Rohan Gupta,Male,59,Noida,Uttar Pradesh,R011,Premium,Referral,2026-03-02
CUST01004,Rahul Deshmukh,Male,65,Visakhapatnam,Andhra Pradesh,R023,Premium,Referral,2025-06-06
CUST01005,Aarav Deshmukh,Male,35,Ahmedabad,Gujarat,R003,Standard,Instagram,2023-05-07
CUST01006,Rohan Verma,Female,31,Ahmedabad,Gujarat,R003,Standard,Organic,2026-02-03
CUST01007,Priya Joshi,Female,45,Kolkata,West Bengal,R012,Premium,Organic,2025-10-05
CUST01008,Neha Gupta,Female,28,Bhopal,Madhya Pradesh,R024,Standard,Google Ads,2024-08-26
CUST01009,Pooja Gupta,Female,41,Jaipur,Rajasthan,R005,Premium,Google Ads,2025-10-10
CUST01010,Karan Joshi,Male,53,Kochi,Kerala,R020,Standard,Email,2023-02-20
CUST01011,Isha Kumar,Male,36,New Delhi,Delhi,R007,Corporate,Referral,2025-11-18
CUST01012,Ananya Nair,Female,30,New Delhi,Delhi,R007,Standard,Referral,2025-02-17
CUST01013,Priya Patil,Male,50,Bhubaneswar,Odisha,R013,Standard,Instagram,2025-03-24
CUST01014,Neha Mhaske,Female,36,Amritsar,Punjab,R009,Standard,Referral,2024-02-24
CUST01015,Rohan Singh,Male,64,Indore,Madhya Pradesh,R025,Standard,Instagram,2026-04-20
CUST01016,Vivaan Nair,Male,49,Thiruvananthapuram,Kerala,R021,Standard,Email,2025-09-09
CUST01017,Isha Joshi,Female,32,Bhubaneswar,Odisha,R013,Standard,Google Ads,2025-04-04
CUST01018,Neha Nair,Female,28,Kolkata,West Bengal,R012,Premium,Google Ads,2025-10-21
CUST01019,Priya Shah,Female,40,Bhubaneswar,Odisha,R013,Standard,Email,2024-07-20
CUST01020,Aarav Kumar,Male,22,Bhopal,Madhya Pradesh,R024,Premium,Email,2024-01-06
CUST01021,Vivaan Sharma,Male,39,Lucknow,Uttar Pradesh,R010,Premium,Referral,2025-07-24
CUST01022,Karan Patil,Female,59,Mumbai,Maharashtra,R001,Premium,Google Ads,2024-10-22
CUST01023,Rohan Singh,Male,35,Indore,Madhya Pradesh,R025,Standard,Organic,2025-08-26
CUST01024,Rahul Kumar,Male,24,Ludhiana,Punjab,R008,Standard,Email,2026-03-06
CUST01025,Aditya Mehta,Female,50,Vijayawada,Andhra Pradesh,R022,Standard,Google Ads,2023-07-21
CUST01026,Kavya Verma,Female,20,Coimbatore,Tamil Nadu,R016,Premium,Google Ads,2023-11-09
CUST01027,Amit Joshi,Female,45,Bhubaneswar,Odisha,R013,Premium,Instagram,2023-04-27
CUST01028,Meera Nair,Male,18,Ahmedabad,Gujarat,R003,Standard,Google Ads,2025-07-25
CUST01029,Pooja Kumar,Male,64,Ahmedabad,Gujarat,R003,Standard,Email,2024-07-28
CUST01030,Vivaan Shah,Female,54,Bhopal,Madhya Pradesh,R024,Standard,Referral,2023-09-01
CUST01031,Sneha Patil,Male,39,Jaipur,Rajasthan,R005,Standard,Google Ads,2024-06-20
CUST01032,Meera Verma,Female,65,Noida,Uttar Pradesh,R011,Standard,Organic,2023-03-16
CUST01033,Meera Mehta,Male,61,New Delhi,Delhi,R007,Premium,Email,2024-01-21
CUST01034,Isha Deshmukh,Female,36,Thiruvananthapuram,Kerala,R021,Standard,Referral,2026-05-18
CUST01035,Priya Nair,Female,31,Bhopal,Madhya Pradesh,R024,Premium,Referral,2024-04-19
CUST01036,Neha Verma,Male,20,Lucknow,Uttar Pradesh,R010,Corporate,Email,2024-02-22
CUST01037,Neha Mhaske,Male,36,Lucknow,Uttar Pradesh,R010,Premium,Referral,2023-12-13
CUST01038,Sneha Gupta,Female,50,Kochi,Kerala,R020,Standard,Organic,2024-10-01
CUST01039,Priya Deshmukh,Female,38,Pune,Maharashtra,R002,Standard,Google Ads,2025-07-27
CUST01040,Meera Singh,Male,18,Ahmedabad,Gujarat,R003,Standard,Email,2025-08-12
CUST01041,Aditya Mehta,Female,43,Ludhiana,Punjab,R008,Premium,Google Ads,2025-05-25
CUST01042,Neha Singh,Male,27,Noida,Uttar Pradesh,R011,Standard,Google Ads,2025-02-01
CUST01043,Arjun Verma,Male,52,Bhubaneswar,Odisha,R013,Standard,Referral,2026-04-17
CUST01044,Meera Kumar,Male,30,New Delhi,Delhi,R007,Premium,Email,2026-04-20
CUST01045,Amit Sharma,Female,23,Bhubaneswar,Odisha,R013,Standard,Google Ads,2024-10-25
CUST01046,Meera Singh,Male,60,Pune,Maharashtra,R002,Premium,Instagram,2023-01-25
CUST01047,Karan Mhaske,Male,23,Udaipur,Rajasthan,R006,Standard,Organic,2026-04-18
CUST01048,Pooja Deshmukh,Female,52,Amritsar,Punjab,R009,Standard,Referral,2024-12-10
CUST01049,Priya Patil,Male,33,Kochi,Kerala,R020,Standard,Email,2026-03-30
CUST01050,Pooja Singh,Male,58,Indore,Madhya Pradesh,R025,Standard,Email,2023-06-26
CUST01051,Sneha Sharma,Male,25,Pune,Maharashtra,R002,Premium,Referral,2023-10-12
CUST01052,Sneha Shah,Female,20,Mysuru,Karnataka,R018,Standard,Google Ads,2023-03-04
CUST01053,Kavya Patil,Female,22,Coimbatore,Tamil Nadu,R016,Standard,Referral,2025-09-29
CUST01054,Meera Gupta,Female,38,Indore,Madhya Pradesh,R025,Premium,Email,2024-10-23
CUST01055,Aarav Kumar,Female,48,Kolkata,West Bengal,R012,Premium,Instagram,2024-10-27
CUST01056,Aarav Deshmukh,Female,31,New Delhi,Delhi,R007,Standard,Google Ads,2023-06-05
CUST01057,Priya Shah,Female,54,New Delhi,Delhi,R007,Standard,Referral,2025-12-08
CUST01058,Aditya Nair,Male,36,Bengaluru,Karnataka,R017,Standard,Email,2025-08-24
CUST01059,Vivaan Sharma,Male,54,Bhubaneswar,Odisha,R013,Standard,Email,2025-04-28
CUST01060,Neha Verma,Female,37,Noida,Uttar Pradesh,R011,Standard,Email,2026-01-12
CUST01061,Sneha Sharma,Female,19,Udaipur,Rajasthan,R006,Standard,Instagram,2024-11-19
CUST01062,Aarav Joshi,Male,24,Visakhapatnam,Andhra Pradesh,R023,Corporate,Google Ads,2023-05-28
CUST01063,Meera Patil,Male,50,Patna,Bihar,R014,Standard,Referral,2023-12-08
CUST01064,Amit Nair,Male,59,Udaipur,Rajasthan,R006,Premium,Google Ads,2024-04-20
CUST01065,Kavya Joshi,Male,23,Udaipur,Rajasthan,R006,Premium,Email,2025-12-22
CUST01066,Kavya Mehta,Male,24,Pune,Maharashtra,R002,Corporate,Instagram,2024-07-14
CUST01067,Pooja Deshmukh,Male,61,Vijayawada,Andhra Pradesh,R022,Standard,Instagram,2023-11-23
CUST01068,Isha Joshi,Male,35,Kochi,Kerala,R020,Premium,Email,2026-03-10
CUST01069,Meera Sharma,Female,60,Indore,Madhya Pradesh,R025,Corporate,Google Ads,2025-09-16
CUST01070,Sneha Kumar,Male,46,Chennai,Tamil Nadu,R015,Standard,Google Ads,2023-08-03
CUST01071,Karan Verma,Female,36,Bengaluru,Karnataka,R017,Standard,Instagram,2024-03-10
CUST01072,Isha Kumar,Female,42,Ludhiana,Punjab,R008,Standard,Organic,2025-08-09
CUST01073,Arjun Kumar,Female,21,Jaipur,Rajasthan,R005,Premium,Instagram,2024-12-23
CUST01074,Rahul Verma,Female,30,Bengaluru,Karnataka,R017,Premium,Instagram,2023-02-01
CUST01075,Rohan Patil,Male,49,Kochi,Kerala,R020,Standard,Referral,2024-10-31
CUST01076,Sneha Patil,Female,44,Mumbai,Maharashtra,R001,Premium,Instagram,2023-10-12
CUST01077,Vivaan Deshmukh,Female,51,Vijayawada,Andhra Pradesh,R022,Standard,Organic,2024-03-04
CUST01078,Kavya Mehta,Male,45,Mysuru,Karnataka,R018,Premium,Instagram,2023-10-13
CUST01079,Aditya Mehta,Male,26,Chennai,Tamil Nadu,R015,Standard,Google Ads,2026-03-13
CUST01080,Arjun Mehta,Male,25,Jaipur,Rajasthan,R005,Premium,Referral,2025-11-08
CUST01081,Sneha Kumar,Male,38,New Delhi,Delhi,R007,Standard,Referral,2023-01-18
CUST01082,Arjun Shah,Male,63,Mysuru,Karnataka,R018,Standard,Instagram,2025-02-07
CUST01083,Priya Mehta,Female,47,Udaipur,Rajasthan,R006,Premium,Referral,2024-08-12
CUST01084,Isha Joshi,Male,46,Vijayawada,Andhra Pradesh,R022,Standard,Referral,2026-04-13
CUST01085,Rahul Deshmukh,Female,26,Thiruvananthapuram,Kerala,R021,Standard,Instagram,2025-10-06
CUST01086,Arjun Mhaske,Female,30,Jaipur,Rajasthan,R005,Corporate,Organic,2023-07-13
CUST01087,Isha Patil,Female,35,Hyderabad,Telangana,R019,Standard,Instagram,2024-05-16
CUST01088,Aarav Shah,Female,55,Lucknow,Uttar Pradesh,R010,Premium,Google Ads,2025-09-14
CUST01089,Rohan Mehta,Female,39,Chennai,Tamil Nadu,R015,Standard,Email,2026-02-10
CUST01090,Vivaan Kumar,Male,48,Lucknow,Uttar Pradesh,R010,Standard,Organic,2023-04-24
CUST01091,Rohan Nair,Female,52,Coimbatore,Tamil Nadu,R016,Standard,Instagram,2026-05-30
CUST01092,Sneha Gupta,Female,59,Kolkata,West Bengal,R012,Corporate,Organic,2025-08-04
CUST01093,Isha Patil,Male,59,Mysuru,Karnataka,R018,Standard,Email,2025-04-10
CUST01094,Amit Patil,Female,27,Visakhapatnam,Andhra Pradesh,R023,Corporate,Referral,2025-07-13
CUST01095,Isha Gupta,Female,26,Mumbai,Maharashtra,R001,Corporate,Referral,2023-02-24
CUST01096,Vivaan Shah,Female,48,Coimbatore,Tamil Nadu,R016,Standard,Email,2025-03-10
CUST01097,Priya Shah,Male,61,Vijayawada,Andhra Pradesh,R022,Premium,Referral,2025-02-16
CUST01098,Ananya Patil,Female,57,Udaipur,Rajasthan,R006,Premium,Organic,2023-06-11
CUST01099,Kavya Joshi,Male,41,Ahmedabad,Gujarat,R003,Standard,Referral,2023-03-28
CUST01100,Neha Gupta,Male,58,Pune,Maharashtra,R002,Standard,Email,2023-02-24
CUST01101,Amit Verma,Male,25,Pune,Maharashtra,R002,Standard,Email,2026-04-16
CUST01102,Vivaan Mhaske,Male,37,Bhubaneswar,Odisha,R013,Premium,Email,2025-10-28
CUST01103,Vivaan Gupta,Female,34,Amritsar,Punjab,R009,Premium,Google Ads,2025-04-12
CUST01104,Rohan Joshi,Male,45,Coimbatore,Tamil Nadu,R016,Standard,Organic,2023-11-09
CUST01105,Aditya Verma,Male,23,Jaipur,Rajasthan,R005,Standard,Email,2025-01-28
CUST01106,Karan Verma,Male,59,Visakhapatnam,Andhra Pradesh,R023,Corporate,Organic,2024-03-18
CUST01107,Amit Nair,Male,50,Thiruvananthapuram,Kerala,R021,Standard,Google Ads,2023-11-24
CUST01108,Rohan Joshi,Male,45,New Delhi,Delhi,R007,Premium,Organic,2025-12-13
CUST01109,Aarav Mhaske,Male,18,Bhubaneswar,Odisha,R013,Standard,Instagram,2025-01-30
CUST01110,Rohan Mhaske,Female,58,Kochi,Kerala,R020,Premium,Google Ads,2026-06-16
CUST01111,Meera Joshi,Male,52,Bhopal,Madhya Pradesh,R024,Corporate,Google Ads,2026-06-06
CUST01112,Neha Mhaske,Male,41,Bhubaneswar,Odisha,R013,Standard,Referral,2024-08-01
CUST01113,Pooja Sharma,Male,23,New Delhi,Delhi,R007,Standard,Email,2025-12-10
CUST01114,Priya Singh,Female,24,Lucknow,Uttar Pradesh,R010,Standard,Google Ads,2025-10-03
CUST01115,Sneha Sharma,Male,26,Chennai,Tamil Nadu,R015,Standard,Organic,2023-04-06
CUST01116,Aarav Kumar,Female,54,Thiruvananthapuram,Kerala,R021,Standard,Instagram,2026-01-16
CUST01117,Neha Patil,Female,33,Udaipur,Rajasthan,R006,Premium,Organic,2026-01-06
CUST01118,Neha Gupta,Female,51,Jaipur,Rajasthan,R005,Standard,Organic,2026-02-17
CUST01119,Isha Kumar,Male,52,Visakhapatnam,Andhra Pradesh,R023,Standard,Instagram,2025-03-24
CUST01120,Amit Joshi,Female,52,Pune,Maharashtra,R002,Premium,Referral,2024-05-05
CUST01121,Meera Verma,Female,37,Thiruvananthapuram,Kerala,R021,Premium,Email,2024-03-27
CUST01122,Vivaan Gupta,Male,40,Chennai,Tamil Nadu,R015,Standard,Google Ads,2023-06-14
CUST01123,Meera Shah,Female,59,Coimbatore,Tamil Nadu,R016,Premium,Email,2023-07-01
CUST01124,Ananya Mhaske,Female,52,Hyderabad,Telangana,R019,Premium,Referral,2024-04-13
CUST01125,Kavya Deshmukh,Female,64,Amritsar,Punjab,R009,Premium,Instagram,2025-06-28
CUST01126,Rohan Sharma,Female,63,Vijayawada,Andhra Pradesh,R022,Standard,Email,2025-01-04
CUST01127,Aditya Nair,Female,40,Hyderabad,Telangana,R019,Standard,Organic,2025-04-02
CUST01128,Arjun Deshmukh,Female,21,New Delhi,Delhi,R007,Premium,Google Ads,2025-08-01
CUST01129,Ananya Singh,Female,27,Surat,Gujarat,R004,Premium,Google Ads,2023-01-07
CUST01130,Arjun Sharma,Female,60,Ahmedabad,Gujarat,R003,Premium,Referral,2023-11-26
CUST01131,Karan Shah,Female,28,Bhopal,Madhya Pradesh,R024,Standard,Referral,2025-02-13
CUST01132,Vivaan Shah,Male,57,Kochi,Kerala,R020,Premium,Instagram,2023-05-31
CUST01133,Kavya Shah,Male,26,Noida,Uttar Pradesh,R011,Premium,Referral,2026-01-13
CUST01134,Karan Singh,Female,57,Mumbai,Maharashtra,R001,Standard,Email,2023-05-27
CUST01135,Karan Singh,Male,29,Udaipur,Rajasthan,R006,Standard,Google Ads,2025-07-03
CUST01136,Rahul Gupta,Female,34,Noida,Uttar Pradesh,R011,Premium,Instagram,2024-11-30
CUST01137,Pooja Mehta,Female,49,Mumbai,Maharashtra,R001,Premium,Referral,2023-03-23
CUST01138,Priya Shah,Female,40,Thiruvananthapuram,Kerala,R021,Standard,Organic,2024-05-28
CUST01139,Karan Joshi,Female,32,New Delhi,Delhi,R007,Premium,Google Ads,2025-03-25
CUST01140,Karan Nair,Female,45,Udaipur,Rajasthan,R006,Premium,Instagram,2024-12-09
CUST01141,Karan Joshi,Male,55,Patna,Bihar,R014,Premium,Google Ads,2025-01-15
CUST01142,Vivaan Shah,Female,22,Pune,Maharashtra,R002,Premium,Email,2025-10-19
CUST01143,Kavya Deshmukh,Male,57,Surat,Gujarat,R004,Premium,Referral,2024-12-07
CUST01144,Isha Joshi,Male,35,Noida,Uttar Pradesh,R011,Standard,Referral,2024-04-15
CUST01145,Sneha Shah,Male,38,Chennai,Tamil Nadu,R015,Standard,Referral,2026-02-16
CUST01146,Kavya Singh,Male,32,Mysuru,Karnataka,R018,Premium,Organic,2024-01-31
CUST01147,Meera Deshmukh,Male,20,Mumbai,Maharashtra,R001,Standard,Email,2023-09-18
CUST01148,Isha Sharma,Male,63,Ahmedabad,Gujarat,R003,Premium,Organic,2025-03-15
CUST01149,Ananya Patil,Female,43,Ahmedabad,Gujarat,R003,Premium,Email,2025-07-22
CUST01150,Isha Sharma,Female,32,New Delhi,Delhi,R007,Standard,Email,2025-06-23
CUST01151,Priya Nair,Male,62,Mumbai,Maharashtra,R001,Premium,Email,2026-06-03
CUST01152,Aditya Shah,Male,37,Indore,Madhya Pradesh,R025,Standard,Referral,2025-12-12
CUST01153,Rahul Sharma,Female,38,Noida,Uttar Pradesh,R011,Standard,Referral,2025-07-28
CUST01154,Arjun Kumar,Female,43,Udaipur,Rajasthan,R006,Standard,Referral,2025-05-03
CUST01155,Rohan Sharma,Female,58,Kochi,Kerala,R020,Corporate,Organic,2024-08-15
CUST01156,Sneha Sharma,Male,40,Ahmedabad,Gujarat,R003,Standard,Instagram,2024-12-14
CUST01157,Aditya Mehta,Female,42,Hyderabad,Telangana,R019,Premium,Email,2026-03-27
CUST01158,Kavya Kumar,Male,21,Pune,Maharashtra,R002,Standard,Organic,2024-09-23
CUST01159,Ananya Shah,Female,27,Mysuru,Karnataka,R018,Standard,Referral,2023-02-28
CUST01160,Pooja Kumar,Male,39,Kolkata,West Bengal,R012,Standard,Referral,2023-05-08
CUST01161,Isha Mhaske,Male,20,Lucknow,Uttar Pradesh,R010,Premium,Instagram,2025-01-05
CUST01162,Amit Nair,Male,36,Jaipur,Rajasthan,R005,Standard,Referral,2024-12-21
CUST01163,Aditya Verma,Male,48,Amritsar,Punjab,R009,Standard,Email,2026-02-12
CUST01164,Neha Verma,Male,26,Pune,Maharashtra,R002,Premium,Google Ads,2026-05-17
CUST01165,Aditya Gupta,Female,46,Pune,Maharashtra,R002,Standard,Referral,2024-06-09
CUST01166,Amit Gupta,Female,54,Udaipur,Rajasthan,R006,Standard,Instagram,2024-06-04
CUST01167,Arjun Kumar,Female,63,Lucknow,Uttar Pradesh,R010,Standard,Google Ads,2024-07-05
CUST01168,Arjun Patil,Male,24,Mysuru,Karnataka,R018,Standard,Email,2023-08-25
CUST01169,Priya Singh,Male,55,Kolkata,West Bengal,R012,Premium,Email,2026-05-09
CUST01170,Vivaan Mhaske,Female,41,Surat,Gujarat,R004,Standard,Email,2026-06-12
CUST01171,Aarav Gupta,Female,25,Vijayawada,Andhra Pradesh,R022,Standard,Instagram,2024-05-08
CUST01172,Neha Patil,Male,51,Thiruvananthapuram,Kerala,R021,Premium,Google Ads,2023-01-04
CUST01173,Sneha Joshi,Male,43,Bengaluru,Karnataka,R017,Corporate,Email,2024-10-27
CUST01174,Rahul Patil,Female,45,Chennai,Tamil Nadu,R015,Premium,Referral,2024-03-17
CUST01175,Karan Shah,Male,45,Udaipur,Rajasthan,R006,Premium,Google Ads,2023-01-29
CUST01176,Kavya Singh,Male,63,Coimbatore,Tamil Nadu,R016,Standard,Email,2026-02-06
CUST01177,Arjun Verma,Female,24,Bengaluru,Karnataka,R017,Premium,Google Ads,2024-09-01
CUST01178,Vivaan Mhaske,Female,20,Ahmedabad,Gujarat,R003,Standard,Referral,2025-03-15
CUST01179,Kavya Joshi,Female,39,Lucknow,Uttar Pradesh,R010,Premium,Organic,2023-03-16
CUST01180,Aditya Gupta,Male,55,Jaipur,Rajasthan,R005,Standard,Email,2025-04-17
CUST01181,Priya Singh,Male,63,Patna,Bihar,R014,Standard,Referral,2026-03-15
CUST01182,Rohan Verma,Female,61,Thiruvananthapuram,Kerala,R021,Premium,Instagram,2023-05-08
CUST01183,Rohan Mhaske,Female,35,Bhubaneswar,Odisha,R013,Premium,Email,2023-02-11
CUST01184,Amit Joshi,Male,29,Udaipur,Rajasthan,R006,Premium,Organic,2023-02-10
CUST01185,Arjun Patil,Male,48,Kolkata,West Bengal,R012,Standard,Referral,2025-07-22
CUST01186,Ananya Joshi,Male,56,Ludhiana,Punjab,R008,Standard,Referral,2023-02-03
CUST01187,Aditya Sharma,Male,22,Jaipur,Rajasthan,R005,Standard,Google Ads,2025-11-06
CUST01188,Vivaan Mehta,Female,61,Chennai,Tamil Nadu,R015,Standard,Email,2026-03-22
CUST01189,Meera Deshmukh,Female,58,Coimbatore,Tamil Nadu,R016,Standard,Organic,2025-09-24
CUST01190,Sneha Kumar,Male,46,Mumbai,Maharashtra,R001,Standard,Instagram,2024-08-10
CUST01191,Kavya Singh,Male,60,Coimbatore,Tamil Nadu,R016,Standard,Google Ads,2023-12-08
CUST01192,Pooja Singh,Female,53,Jaipur,Rajasthan,R005,Standard,Email,2023-01-27
CUST01193,Pooja Sharma,Male,31,Ahmedabad,Gujarat,R003,Premium,Organic,2024-10-07
CUST01194,Vivaan Verma,Female,61,Kochi,Kerala,R020,Premium,Google Ads,2024-12-31
CUST01195,Aditya Sharma,Female,35,Chennai,Tamil Nadu,R015,Standard,Organic,2023-06-17
CUST01196,Meera Kumar,Female,24,Bhubaneswar,Odisha,R013,Standard,Organic,2024-09-01
CUST01197,Amit Verma,Male,40,Bhopal,Madhya Pradesh,R024,Standard,Google Ads,2023-09-25
CUST01198,Meera Nair,Male,50,Coimbatore,Tamil Nadu,R016,Standard,Google Ads,2025-03-31
CUST01199,Sneha Deshmukh,Male,62,Visakhapatnam,Andhra Pradesh,R023,Premium,Email,2024-03-30
CUST01200,Ananya Verma,Male,33,Noida,Uttar Pradesh,R011,Premium,Google Ads,2025-06-24
CUST01201,Aarav Mehta,Male,54,Thiruvananthapuram,Kerala,R021,Premium,Email,2025-07-10
CUST01202,Kavya Sharma,Female,42,Pune,Maharashtra,R002,Standard,Organic,2025-09-07
CUST01203,Aarav Sharma,Female,26,Vijayawada,Andhra Pradesh,R022,Premium,Google Ads,2024-12-02
CUST01204,Arjun Sharma,Female,45,Udaipur,Rajasthan,R006,Standard,Email,2024-09-25
CUST01205,Vivaan Verma,Male,26,Udaipur,Rajasthan,R006,Standard,Email,2023-05-10
CUST01206,Amit Patil,Female,29,Patna,Bihar,R014,Standard,Instagram,2025-10-16
CUST01207,Karan Joshi,Female,35,Indore,Madhya Pradesh,R025,Premium,Email,2025-03-29
CUST01208,Neha Singh,Male,44,Noida,Uttar Pradesh,R011,Standard,Email,2024-11-23
CUST01209,Arjun Singh,Female,43,Ludhiana,Punjab,R008,Standard,Instagram,2025-03-04
CUST01210,Kavya Verma,Male,43,Ludhiana,Punjab,R008,Premium,Referral,2023-01-29
CUST01211,Amit Deshmukh,Male,27,Mumbai,Maharashtra,R001,Standard,Google Ads,2023-05-29
CUST01212,Aditya Mhaske,Male,34,Thiruvananthapuram,Kerala,R021,Standard,Instagram,2023-01-11
CUST01213,Vivaan Sharma,Female,49,New Delhi,Delhi,R007,Standard,Email,2024-11-06
CUST01214,Pooja Sharma,Female,41,Udaipur,Rajasthan,R006,Standard,Email,2026-02-10
CUST01215,Isha Mhaske,Male,60,Thiruvananthapuram,Kerala,R021,Premium,Google Ads,2023-07-06
CUST01216,Pooja Joshi,Male,65,Ludhiana,Punjab,R008,Standard,Organic,2025-03-17
CUST01217,Kavya Shah,Male,25,Hyderabad,Telangana,R019,Standard,Instagram,2025-01-13
CUST01218,Neha Patil,Male,47,Vijayawada,Andhra Pradesh,R022,Standard,Referral,2026-06-04
CUST01219,Amit Sharma,Male,43,Thiruvananthapuram,Kerala,R021,Premium,Google Ads,2023-04-08
CUST01220,Vivaan Singh,Male,41,Bhopal,Madhya Pradesh,R024,Standard,Google Ads,2023-02-24
CUST01221,Ananya Gupta,Male,44,Kochi,Kerala,R020,Premium,Instagram,2024-09-14
CUST01222,Karan Nair,Female,32,Ludhiana,Punjab,R008,Standard,Email,2024-10-25
CUST01223,Ananya Patil,Male,45,Patna,Bihar,R014,Standard,Email,2025-01-27
CUST01224,Aarav Joshi,Female,28,Mysuru,Karnataka,R018,Corporate,Referral,2024-02-10
CUST01225,Rohan Kumar,Male,56,Indore,Madhya Pradesh,R025,Standard,Instagram,2023-03-10
CUST01226,Ananya Kumar,Male,19,Coimbatore,Tamil Nadu,R016,Standard,Google Ads,2025-01-20
CUST01227,Vivaan Kumar,Male,26,Amritsar,Punjab,R009,Standard,Instagram,2026-03-17
CUST01228,Rohan Deshmukh,Male,62,Chennai,Tamil Nadu,R015,Standard,Organic,2026-06-21
CUST01229,Sneha Joshi,Male,40,Lucknow,Uttar Pradesh,R010,Standard,Google Ads,2025-08-15
CUST01230,Vivaan Kumar,Female,50,Vijayawada,Andhra Pradesh,R022,Corporate,Referral,2023-12-31
CUST01231,Neha Joshi,Female,36,Coimbatore,Tamil Nadu,R016,Corporate,Referral,2024-04-26
CUST01232,Arjun Deshmukh,Male,30,Surat,Gujarat,R004,Standard,Google Ads,2023-07-20
CUST01233,Arjun Nair,Male,31,Kochi,Kerala,R020,Standard,Email,2023-06-03
CUST01234,Arjun Deshmukh,Female,49,Bhubaneswar,Odisha,R013,Premium,Google Ads,2023-03-14
CUST01235,Pooja Kumar,Male,39,Vijayawada,Andhra Pradesh,R022,Standard,Google Ads,2024-12-13
CUST01236,Arjun Kumar,Female,37,Jaipur,Rajasthan,R005,Premium,Organic,2023-10-23
CUST01237,Kavya Kumar,Female,50,Vijayawada,Andhra Pradesh,R022,Premium,Google Ads,2025-11-06
CUST01238,Amit Mehta,Female,22,New Delhi,Delhi,R007,Premium,Instagram,2026-05-25
CUST01239,Isha Singh,Male,37,Visakhapatnam,Andhra Pradesh,R023,Premium,Instagram,2023-03-02
CUST01240,Karan Joshi,Male,31,Amritsar,Punjab,R009,Premium,Referral,2025-07-27
CUST01241,Rahul Nair,Male,44,Ludhiana,Punjab,R008,Corporate,Email,2023-02-11
CUST01242,Isha Verma,Female,43,Coimbatore,Tamil Nadu,R016,Standard,Referral,2023-01-25
CUST01243,Pooja Nair,Female,49,Udaipur,Rajasthan,R006,Premium,Organic,2025-11-28
CUST01244,Vivaan Shah,Female,47,Coimbatore,Tamil Nadu,R016,Standard,Google Ads,2023-05-11
CUST01245,Karan Deshmukh,Female,44,Udaipur,Rajasthan,R006,Standard,Referral,2026-06-06
CUST01246,Arjun Verma,Female,43,Patna,Bihar,R014,Standard,Google Ads,2023-04-18
CUST01247,Rahul Patil,Female,35,Thiruvananthapuram,Kerala,R021,Premium,Referral,2023-06-21
CUST01248,Amit Gupta,Female,62,Mumbai,Maharashtra,R001,Standard,Google Ads,2023-04-12
CUST01249,Rohan Verma,Female,40,Indore,Madhya Pradesh,R025,Premium,Referral,2025-05-15
CUST01250,Karan Kumar,Male,61,Amritsar,Punjab,R009,Premium,Instagram,2024-06-07
CUST01251,Sneha Gupta,Male,64,Indore,Madhya Pradesh,R025,Standard,Organic,2023-10-02
CUST01252,Meera Nair,Female,41,Bhopal,Madhya Pradesh,R024,Premium,Referral,2025-12-03
CUST01253,Rohan Mhaske,Male,21,Bhubaneswar,Odisha,R013,Premium,Instagram,2025-03-27
CUST01254,Aarav Deshmukh,Male,58,Hyderabad,Telangana,R019,Premium,Email,2025-08-14
CUST01255,Neha Mhaske,Female,20,Bengaluru,Karnataka,R017,Standard,Referral,2025-11-06
CUST01256,Arjun Joshi,Female,60,Noida,Uttar Pradesh,R011,Premium,Google Ads,2023-11-26
CUST01257,Vivaan Nair,Female,47,Ludhiana,Punjab,R008,Premium,Organic,2023-01-12
CUST01258,Aditya Singh,Male,64,Visakhapatnam,Andhra Pradesh,R023,Standard,Instagram,2023-08-04
CUST01259,Ananya Kumar,Female,33,Jaipur,Rajasthan,R005,Standard,Instagram,2023-12-05
CUST01260,Kavya Sharma,Male,24,Lucknow,Uttar Pradesh,R010,Standard,Organic,2024-10-22
CUST01261,Arjun Sharma,Female,56,New Delhi,Delhi,R007,Premium,Referral,2026-01-09
CUST01262,Vivaan Kumar,Male,39,Lucknow,Uttar Pradesh,R010,Standard,Google Ads,2024-01-09
CUST01263,Rohan Deshmukh,Female,58,Surat,Gujarat,R004,Standard,Email,2025-09-02
CUST01264,Vivaan Mhaske,Female,48,Amritsar,Punjab,R009,Premium,Referral,2024-12-10
CUST01265,Neha Deshmukh,Male,30,Patna,Bihar,R014,Standard,Organic,2026-05-08
CUST01266,Isha Singh,Female,58,Pune,Maharashtra,R002,Corporate,Referral,2024-04-10
CUST01267,Pooja Mhaske,Female,58,Indore,Madhya Pradesh,R025,Standard,Referral,2026-01-17
CUST01268,Rahul Patil,Male,46,Amritsar,Punjab,R009,Standard,Organic,2024-05-03
CUST01269,Amit Mehta,Male,45,Thiruvananthapuram,Kerala,R021,Standard,Organic,2023-02-16
CUST01270,Ananya Kumar,Male,61,Mumbai,Maharashtra,R001,Corporate,Email,2025-02-16
CUST01271,Rohan Kumar,Male,36,Visakhapatnam,Andhra Pradesh,R023,Premium,Organic,2025-11-05
CUST01272,Vivaan Mhaske,Female,40,Lucknow,Uttar Pradesh,R010,Corporate,Organic,2024-12-11
CUST01273,Meera Joshi,Female,64,Lucknow,Uttar Pradesh,R010,Premium,Organic,2024-02-05
CUST01274,Priya Nair,Male,25,Kochi,Kerala,R020,Standard,Instagram,2025-09-07
CUST01275,Aarav Joshi,Male,42,Indore,Madhya Pradesh,R025,Standard,Organic,2026-01-14
CUST01276,Rohan Kumar,Male,55,Vijayawada,Andhra Pradesh,R022,Standard,Organic,2023-09-07
CUST01277,Amit Verma,Male,55,Ahmedabad,Gujarat,R003,Premium,Organic,2024-01-26
CUST01278,Aditya Mhaske,Male,52,Udaipur,Rajasthan,R006,Corporate,Email,2023-12-01
CUST01279,Kavya Verma,Male,43,Udaipur,Rajasthan,R006,Standard,Referral,2024-09-20
CUST01280,Meera Deshmukh,Male,20,Thiruvananthapuram,Kerala,R021,Premium,Organic,2023-05-17
CUST01281,Neha Patil,Female,19,Pune,Maharashtra,R002,Corporate,Organic,2025-06-01
CUST01282,Rahul Sharma,Female,22,Mysuru,Karnataka,R018,Standard,Email,2024-11-18
CUST01283,Arjun Patil,Male,37,Visakhapatnam,Andhra Pradesh,R023,Premium,Referral,2025-04-06
CUST01284,Karan Verma,Female,29,Pune,Maharashtra,R002,Standard,Email,2024-12-27
CUST01285,Meera Gupta,Female,55,Kolkata,West Bengal,R012,Premium,Google Ads,2024-08-16
CUST01286,Ananya Verma,Female,33,Vijayawada,Andhra Pradesh,R022,Standard,Google Ads,2026-05-31
CUST01287,Rahul Gupta,Male,54,Jaipur,Rajasthan,R005,Standard,Google Ads,2025-09-16
CUST01288,Rahul Shah,Female,55,Kochi,Kerala,R020,Standard,Organic,2024-01-07
CUST01289,Aditya Joshi,Female,53,New Delhi,Delhi,R007,Corporate,Email,2025-07-23
CUST01290,Aditya Patil,Male,63,Bhopal,Madhya Pradesh,R024,Premium,Organic,2025-09-21
CUST01291,Aditya Shah,Male,46,Coimbatore,Tamil Nadu,R016,Standard,Google Ads,2024-02-06
CUST01292,Aditya Kumar,Female,52,Kochi,Kerala,R020,Corporate,Referral,2024-09-06
CUST01293,Arjun Mhaske,Female,54,Mumbai,Maharashtra,R001,Premium,Referral,2026-03-28
CUST01294,Priya Gupta,Female,38,Mumbai,Maharashtra,R001,Premium,Email,2026-03-21
CUST01295,Arjun Deshmukh,Female,38,Bengaluru,Karnataka,R017,Standard,Referral,2025-09-21
CUST01296,Karan Shah,Female,45,Mumbai,Maharashtra,R001,Standard,Google Ads,2024-09-11
CUST01297,Meera Joshi,Male,23,Thiruvananthapuram,Kerala,R021,Premium,Email,2023-07-07
CUST01298,Kavya Kumar,Male,37,Kochi,Kerala,R020,Standard,Email,2026-01-26
CUST01299,Isha Gupta,Female,53,Bhubaneswar,Odisha,R013,Standard,Google Ads,2023-05-11
CUST01300,Arjun Joshi,Male,30,Amritsar,Punjab,R009,Standard,Google Ads,2025-03-15
CUST01301,Aarav Singh,Male,57,Chennai,Tamil Nadu,R015,Standard,Google Ads,2026-04-09
CUST01302,Kavya Kumar,Female,28,Ahmedabad,Gujarat,R003,Standard,Google Ads,2025-07-24
CUST01303,Amit Patil,Female,41,Patna,Bihar,R014,Corporate,Email,2025-09-12
CUST01304,Pooja Joshi,Male,36,Visakhapatnam,Andhra Pradesh,R023,Standard,Referral,2023-07-02
CUST01305,Isha Singh,Male,40,Noida,Uttar Pradesh,R011,Standard,Google Ads,2025-09-09
CUST01306,Isha Gupta,Male,48,Bhopal,Madhya Pradesh,R024,Standard,Instagram,2023-12-30
CUST01307,Arjun Sharma,Male,54,Vijayawada,Andhra Pradesh,R022,Premium,Email,2023-02-08
CUST01308,Isha Patil,Female,54,Kolkata,West Bengal,R012,Premium,Organic,2024-05-11
CUST01309,Kavya Joshi,Male,20,Bhubaneswar,Odisha,R013,Premium,Referral,2025-09-08
CUST01310,Priya Mhaske,Female,51,Bhubaneswar,Odisha,R013,Standard,Email,2025-07-09
CUST01311,Rahul Kumar,Female,46,Mumbai,Maharashtra,R001,Standard,Google Ads,2024-12-22
CUST01312,Isha Kumar,Female,20,Bhopal,Madhya Pradesh,R024,Premium,Instagram,2026-03-30
CUST01313,Rohan Gupta,Male,32,Lucknow,Uttar Pradesh,R010,Corporate,Organic,2023-01-16
CUST01314,Isha Patil,Male,24,Ahmedabad,Gujarat,R003,Premium,Referral,2024-05-07
CUST01315,Neha Sharma,Male,20,Bhopal,Madhya Pradesh,R024,Standard,Google Ads,2026-02-05
CUST01316,Ananya Patil,Male,64,Surat,Gujarat,R004,Standard,Email,2025-06-12
CUST01317,Isha Sharma,Female,60,Coimbatore,Tamil Nadu,R016,Standard,Email,2023-11-07
CUST01318,Sneha Verma,Male,33,Ludhiana,Punjab,R008,Premium,Referral,2025-01-08
CUST01319,Arjun Gupta,Female,62,Coimbatore,Tamil Nadu,R016,Standard,Instagram,2026-04-08
CUST01320,Rahul Kumar,Male,51,Bengaluru,Karnataka,R017,Standard,Google Ads,2024-06-29
CUST01321,Ananya Shah,Male,37,Hyderabad,Telangana,R019,Standard,Referral,2024-02-18
CUST01322,Aditya Singh,Female,61,Vijayawada,Andhra Pradesh,R022,Standard,Referral,2023-09-08
CUST01323,Sneha Nair,Female,56,Chennai,Tamil Nadu,R015,Standard,Email,2025-01-28
CUST01324,Aditya Patil,Male,50,Coimbatore,Tamil Nadu,R016,Standard,Referral,2026-03-10
CUST01325,Karan Sharma,Male,31,Chennai,Tamil Nadu,R015,Premium,Organic,2025-11-28
CUST01326,Neha Shah,Male,59,Indore,Madhya Pradesh,R025,Standard,Organic,2025-03-24
CUST01327,Amit Nair,Female,52,Pune,Maharashtra,R002,Standard,Google Ads,2023-01-29
CUST01328,Priya Nair,Male,28,Noida,Uttar Pradesh,R011,Standard,Referral,2025-08-15
CUST01329,Ananya Verma,Female,37,Mumbai,Maharashtra,R001,Standard,Email,2024-04-21
CUST01330,Aditya Singh,Female,47,Chennai,Tamil Nadu,R015,Premium,Google Ads,2023-11-14
CUST01331,Neha Deshmukh,Female,45,Hyderabad,Telangana,R019,Standard,Instagram,2023-09-02
CUST01332,Arjun Mehta,Male,32,Surat,Gujarat,R004,Premium,Email,2025-01-17
CUST01333,Rahul Shah,Male,55,Noida,Uttar Pradesh,R011,Standard,Instagram,2024-11-27
CUST01334,Isha Deshmukh,Female,30,Jaipur,Rajasthan,R005,Premium,Google Ads,2023-09-29
CUST01335,Meera Patil,Male,64,Ahmedabad,Gujarat,R003,Standard,Organic,2026-06-16
CUST01336,Vivaan Gupta,Male,52,Bhubaneswar,Odisha,R013,Standard,Email,2024-01-12
CUST01337,Aarav Kumar,Male,64,Lucknow,Uttar Pradesh,R010,Premium,Email,2023-09-23
CUST01338,Rahul Nair,Male,41,Noida,Uttar Pradesh,R011,Standard,Google Ads,2025-07-14
CUST01339,Priya Patil,Male,18,Mysuru,Karnataka,R018,Standard,Email,2025-07-09
CUST01340,Sneha Deshmukh,Male,59,Pune,Maharashtra,R002,Premium,Email,2023-12-06
CUST01341,Vivaan Joshi,Female,41,New Delhi,Delhi,R007,Standard,Google Ads,2024-01-24
CUST01342,Karan Singh,Female,44,Amritsar,Punjab,R009,Standard,Referral,2024-07-30
CUST01343,Pooja Shah,Male,35,Lucknow,Uttar Pradesh,R010,Premium,Google Ads,2023-01-03
CUST01344,Amit Shah,Male,43,Mysuru,Karnataka,R018,Corporate,Email,2026-03-11
CUST01345,Aarav Verma,Female,46,Visakhapatnam,Andhra Pradesh,R023,Premium,Google Ads,2024-01-11
CUST01346,Isha Joshi,Female,25,New Delhi,Delhi,R007,Standard,Email,2023-11-20
CUST01347,Meera Sharma,Male,61,New Delhi,Delhi,R007,Standard,Instagram,2023-05-26
CUST01348,Isha Sharma,Female,43,Ahmedabad,Gujarat,R003,Standard,Instagram,2023-10-20
CUST01349,Ananya Singh,Female,22,Kolkata,West Bengal,R012,Standard,Organic,2024-03-07
CUST01350,Arjun Mhaske,Male,50,New Delhi,Delhi,R007,Premium,Google Ads,2024-12-05
CUST01351,Sneha Gupta,Female,57,Bengaluru,Karnataka,R017,Standard,Google Ads,2025-08-06
CUST01352,Neha Mehta,Female,22,Mumbai,Maharashtra,R001,Standard,Instagram,2024-08-07
CUST01353,Priya Nair,Female,64,Jaipur,Rajasthan,R005,Corporate,Instagram,2024-02-03
CUST01354,Pooja Nair,Male,53,Coimbatore,Tamil Nadu,R016,Premium,Instagram,2025-03-27
CUST01355,Ananya Mehta,Male,30,Chennai,Tamil Nadu,R015,Premium,Organic,2025-08-21
CUST01356,Aditya Gupta,Female,34,Pune,Maharashtra,R002,Premium,Organic,2026-03-09
CUST01357,Priya Gupta,Male,30,Amritsar,Punjab,R009,Premium,Referral,2023-07-06
CUST01358,Neha Shah,Female,42,New Delhi,Delhi,R007,Standard,Google Ads,2023-03-02
CUST01359,Sneha Mehta,Male,19,Surat,Gujarat,R004,Standard,Organic,2025-07-27
CUST01360,Ananya Verma,Male,41,Kochi,Kerala,R020,Standard,Email,2024-12-10
CUST01361,Aarav Mehta,Male,53,Mysuru,Karnataka,R018,Standard,Google Ads,2025-03-17
CUST01362,Rahul Sharma,Female,42,Thiruvananthapuram,Kerala,R021,Premium,Referral,2023-01-11
CUST01363,Rohan Nair,Female,51,Surat,Gujarat,R004,Standard,Instagram,2025-12-21
CUST01364,Meera Mehta,Male,29,Bhubaneswar,Odisha,R013,Standard,Referral,2023-08-14
CUST01365,Priya Joshi,Female,36,Mumbai,Maharashtra,R001,Standard,Google Ads,2026-03-22
CUST01366,Aarav Mehta,Male,59,Bhopal,Madhya Pradesh,R024,Standard,Instagram,2024-07-17
CUST01367,Arjun Deshmukh,Female,47,Ahmedabad,Gujarat,R003,Corporate,Referral,2025-02-10
CUST01368,Isha Sharma,Female,54,Coimbatore,Tamil Nadu,R016,Premium,Referral,2025-06-03
CUST01369,Neha Kumar,Female,60,Vijayawada,Andhra Pradesh,R022,Standard,Google Ads,2026-06-20
CUST01370,Rahul Singh,Female,18,Surat,Gujarat,R004,Standard,Organic,2026-02-04
CUST01371,Amit Verma,Male,20,Indore,Madhya Pradesh,R025,Premium,Email,2023-08-14
CUST01372,Pooja Singh,Male,43,Visakhapatnam,Andhra Pradesh,R023,Premium,Referral,2025-04-04
CUST01373,Amit Shah,Female,32,Indore,Madhya Pradesh,R025,Standard,Email,2023-08-06
CUST01374,Kavya Singh,Male,63,Coimbatore,Tamil Nadu,R016,Corporate,Google Ads,2025-07-25
CUST01375,Ananya Nair,Female,64,Hyderabad,Telangana,R019,Corporate,Google Ads,2025-01-22
CUST01376,Rohan Patil,Female,65,Mumbai,Maharashtra,R001,Corporate,Organic,2024-05-20
CUST01377,Rahul Mhaske,Male,45,Jaipur,Rajasthan,R005,Premium,Instagram,2023-09-16
CUST01378,Amit Verma,Female,21,Hyderabad,Telangana,R019,Corporate,Email,2023-02-23
CUST01379,Aarav Nair,Female,36,Vijayawada,Andhra Pradesh,R022,Standard,Referral,2025-12-06
CUST01380,Sneha Singh,Female,41,Bhopal,Madhya Pradesh,R024,Premium,Instagram,2024-12-27
CUST01381,Rohan Joshi,Male,57,Noida,Uttar Pradesh,R011,Corporate,Email,2024-11-19
CUST01382,Kavya Shah,Male,23,Bhubaneswar,Odisha,R013,Corporate,Email,2026-01-27
CUST01383,Karan Mhaske,Male,33,Kochi,Kerala,R020,Premium,Instagram,2025-11-09
CUST01384,Pooja Singh,Female,49,Jaipur,Rajasthan,R005,Standard,Instagram,2024-02-23
CUST01385,Priya Patil,Female,47,Thiruvananthapuram,Kerala,R021,Standard,Organic,2024-11-20
CUST01386,Isha Deshmukh,Female,52,Surat,Gujarat,R004,Standard,Referral,2025-04-29
CUST01387,Vivaan Mhaske,Male,25,Surat,Gujarat,R004,Premium,Referral,2023-03-03
CUST01388,Sneha Mehta,Male,22,Surat,Gujarat,R004,Standard,Referral,2026-03-14
CUST01389,Sneha Nair,Female,54,Surat,Gujarat,R004,Standard,Instagram,2023-08-04
CUST01390,Vivaan Deshmukh,Female,29,Kochi,Kerala,R020,Standard,Organic,2023-01-03
CUST01391,Aarav Gupta,Female,42,Thiruvananthapuram,Kerala,R021,Premium,Google Ads,2023-06-09
CUST01392,Meera Sharma,Female,50,Mysuru,Karnataka,R018,Corporate,Organic,2025-02-19
CUST01393,Rahul Kumar,Female,56,Mysuru,Karnataka,R018,Premium,Instagram,2026-02-17
CUST01394,Karan Shah,Female,41,Coimbatore,Tamil Nadu,R016,Premium,Organic,2025-06-11
CUST01395,Karan Patil,Female,28,Amritsar,Punjab,R009,Premium,Instagram,2026-01-17
CUST01396,Karan Nair,Male,59,Mysuru,Karnataka,R018,Premium,Email,2023-11-25
CUST01397,Rahul Sharma,Female,52,Vijayawada,Andhra Pradesh,R022,Standard,Email,2024-08-02
CUST01398,Amit Singh,Female,57,Pune,Maharashtra,R002,Standard,Google Ads,2025-08-09
CUST01399,Rahul Sharma,Male,18,Thiruvananthapuram,Kerala,R021,Corporate,Email,2024-09-26
CUST01400,Pooja Sharma,Male,25,Surat,Gujarat,R004,Premium,Google Ads,2025-09-14
CUST01401,Rohan Mehta,Male,40,Kolkata,West Bengal,R012,Premium,Referral,2026-05-03
CUST01402,Sneha Joshi,Male,37,New Delhi,Delhi,R007,Standard,Instagram,2025-07-09
CUST01403,Priya Mehta,Male,49,Chennai,Tamil Nadu,R015,Standard,Referral,2025-01-07
CUST01404,Aarav Deshmukh,Male,28,New Delhi,Delhi,R007,Standard,Referral,2023-06-19
CUST01405,Kavya Verma,Male,24,Vijayawada,Andhra Pradesh,R022,Standard,Google Ads,2024-06-04
CUST01406,Rahul Patil,Male,47,Thiruvananthapuram,Kerala,R021,Standard,Instagram,2023-02-09
CUST01407,Pooja Nair,Female,65,Bengaluru,Karnataka,R017,Standard,Google Ads,2025-08-12
CUST01408,Priya Kumar,Male,56,Coimbatore,Tamil Nadu,R016,Standard,Organic,2026-06-03
CUST01409,Pooja Patil,Female,30,Hyderabad,Telangana,R019,Premium,Referral,2025-09-10
CUST01410,Aditya Nair,Male,59,Amritsar,Punjab,R009,Corporate,Instagram,2026-02-21
CUST01411,Kavya Deshmukh,Male,20,Patna,Bihar,R014,Premium,Referral,2025-09-01
CUST01412,Vivaan Singh,Male,24,Bengaluru,Karnataka,R017,Corporate,Organic,2023-02-07
CUST01413,Sneha Verma,Female,60,Jaipur,Rajasthan,R005,Standard,Organic,2023-11-24
CUST01414,Amit Singh,Female,30,Pune,Maharashtra,R002,Premium,Instagram,2026-06-28
CUST01415,Priya Deshmukh,Male,54,Kochi,Kerala,R020,Standard,Instagram,2026-04-14
CUST01416,Pooja Deshmukh,Female,42,Coimbatore,Tamil Nadu,R016,Standard,Organic,2025-07-02
CUST01417,Priya Verma,Male,40,Patna,Bihar,R014,Standard,Referral,2024-03-29
CUST01418,Meera Sharma,Female,64,Patna,Bihar,R014,Standard,Email,2023-02-06
CUST01419,Vivaan Kumar,Female,50,Mumbai,Maharashtra,R001,Premium,Referral,2025-08-30
CUST01420,Pooja Mehta,Female,22,Ahmedabad,Gujarat,R003,Standard,Email,2025-03-06
CUST01421,Karan Patil,Female,49,New Delhi,Delhi,R007,Corporate,Google Ads,2025-08-30
CUST01422,Meera Verma,Female,47,Chennai,Tamil Nadu,R015,Corporate,Instagram,2024-08-15
CUST01423,Aarav Joshi,Female,48,Hyderabad,Telangana,R019,Standard,Organic,2026-02-11
CUST01424,Arjun Shah,Female,30,Kochi,Kerala,R020,Standard,Google Ads,2025-11-29
CUST01425,Pooja Kumar,Female,59,Pune,Maharashtra,R002,Premium,Referral,2023-08-12
CUST01426,Neha Nair,Female,22,Hyderabad,Telangana,R019,Standard,Email,2023-11-14
CUST01427,Neha Mhaske,Female,40,Amritsar,Punjab,R009,Standard,Instagram,2023-12-15
CUST01428,Rahul Singh,Female,18,Hyderabad,Telangana,R019,Premium,Email,2023-04-25
CUST01429,Rohan Mehta,Female,27,Jaipur,Rajasthan,R005,Corporate,Referral,2024-11-28
CUST01430,Karan Singh,Female,44,Mysuru,Karnataka,R018,Premium,Referral,2025-11-29
CUST01431,Rohan Verma,Male,25,Coimbatore,Tamil Nadu,R016,Standard,Organic,2023-02-09
CUST01432,Amit Kumar,Male,20,Surat,Gujarat,R004,Standard,Google Ads,2023-08-04
CUST01433,Aditya Joshi,Male,36,Kolkata,West Bengal,R012,Standard,Instagram,2026-03-16
CUST01434,Aditya Kumar,Male,19,New Delhi,Delhi,R007,Standard,Organic,2023-12-02
CUST01435,Aarav Sharma,Male,48,Patna,Bihar,R014,Standard,Email,2026-04-06
CUST01436,Pooja Singh,Female,65,Visakhapatnam,Andhra Pradesh,R023,Standard,Google Ads,2023-04-02
CUST01437,Priya Deshmukh,Female,27,Kolkata,West Bengal,R012,Corporate,Instagram,2023-12-19
CUST01438,Sneha Verma,Female,33,Ahmedabad,Gujarat,R003,Premium,Email,2024-07-24
CUST01439,Rohan Nair,Male,54,Jaipur,Rajasthan,R005,Premium,Instagram,2025-03-26
CUST01440,Rahul Nair,Female,37,Bengaluru,Karnataka,R017,Corporate,Instagram,2025-02-19
CUST01441,Kavya Sharma,Female,20,Lucknow,Uttar Pradesh,R010,Standard,Google Ads,2023-12-29
CUST01442,Rohan Deshmukh,Female,52,Lucknow,Uttar Pradesh,R010,Standard,Email,2024-07-10
CUST01443,Kavya Nair,Male,51,Noida,Uttar Pradesh,R011,Premium,Organic,2026-04-08
CUST01444,Aditya Shah,Male,38,Bengaluru,Karnataka,R017,Corporate,Organic,2023-12-22
CUST01445,Kavya Mhaske,Female,53,Jaipur,Rajasthan,R005,Standard,Organic,2023-07-10
CUST01446,Pooja Patil,Female,49,Bhubaneswar,Odisha,R013,Standard,Instagram,2024-02-26
CUST01447,Isha Verma,Female,35,Lucknow,Uttar Pradesh,R010,Premium,Referral,2024-11-30
CUST01448,Priya Mhaske,Female,51,Amritsar,Punjab,R009,Standard,Google Ads,2023-01-07
CUST01449,Sneha Patil,Female,55,Bengaluru,Karnataka,R017,Standard,Organic,2023-05-13
CUST01450,Aarav Mhaske,Female,20,Mumbai,Maharashtra,R001,Standard,Google Ads,2024-07-10
CUST01451,Meera Mehta,Female,20,Surat,Gujarat,R004,Corporate,Instagram,2025-04-05
CUST01452,Meera Singh,Female,44,Surat,Gujarat,R004,Standard,Google Ads,2025-01-30
CUST01453,Neha Shah,Male,19,Mysuru,Karnataka,R018,Corporate,Organic,2025-11-20
CUST01454,Rahul Mhaske,Male,20,Amritsar,Punjab,R009,Standard,Organic,2024-06-18
CUST01455,Meera Gupta,Male,34,Indore,Madhya Pradesh,R025,Standard,Instagram,2024-03-01
CUST01456,Rahul Gupta,Male,63,Mysuru,Karnataka,R018,Corporate,Instagram,2024-11-02
CUST01457,Sneha Nair,Male,56,Patna,Bihar,R014,Standard,Email,2023-12-29
CUST01458,Meera Joshi,Male,55,Indore,Madhya Pradesh,R025,Standard,Instagram,2023-03-23
CUST01459,Rahul Joshi,Female,57,Chennai,Tamil Nadu,R015,Standard,Referral,2023-12-22
CUST01460,Neha Gupta,Male,36,Udaipur,Rajasthan,R006,Premium,Referral,2024-08-11
CUST01461,Vivaan Gupta,Male,36,Bhopal,Madhya Pradesh,R024,Standard,Organic,2023-10-22
CUST01462,Karan Nair,Female,61,Lucknow,Uttar Pradesh,R010,Standard,Instagram,2026-06-01
CUST01463,Arjun Patil,Female,22,Chennai,Tamil Nadu,R015,Premium,Referral,2025-12-05
CUST01464,Priya Mhaske,Female,22,Surat,Gujarat,R004,Standard,Referral,2026-02-10
CUST01465,Neha Deshmukh,Female,31,Mysuru,Karnataka,R018,Standard,Email,2026-06-10
CUST01466,Karan Kumar,Male,44,Mysuru,Karnataka,R018,Premium,Instagram,2023-01-17
CUST01467,Karan Kumar,Male,65,Indore,Madhya Pradesh,R025,Standard,Email,2023-12-26
CUST01468,Meera Kumar,Male,53,Bengaluru,Karnataka,R017,Standard,Google Ads,2026-05-31
CUST01469,Aarav Singh,Male,57,Kolkata,West Bengal,R012,Premium,Email,2025-05-15
CUST01470,Sneha Deshmukh,Male,52,New Delhi,Delhi,R007,Corporate,Google Ads,2024-11-30
CUST01471,Karan Mhaske,Female,38,Coimbatore,Tamil Nadu,R016,Standard,Google Ads,2024-03-23
CUST01472,Ananya Sharma,Male,22,Noida,Uttar Pradesh,R011,Premium,Instagram,2025-05-05
CUST01473,Vivaan Shah,Male,41,Patna,Bihar,R014,Premium,Google Ads,2023-12-31
CUST01474,Kavya Patil,Male,56,Ahmedabad,Gujarat,R003,Standard,Google Ads,2024-11-05
CUST01475,Amit Nair,Female,41,Hyderabad,Telangana,R019,Standard,Email,2025-10-04
CUST01476,Rohan Shah,Male,57,Mysuru,Karnataka,R018,Standard,Instagram,2024-04-11
CUST01477,Vivaan Kumar,Male,60,Lucknow,Uttar Pradesh,R010,Premium,Instagram,2024-02-18
CUST01478,Kavya Deshmukh,Male,63,Udaipur,Rajasthan,R006,Standard,Google Ads,2024-08-08
CUST01479,Kavya Joshi,Male,30,Bhubaneswar,Odisha,R013,Premium,Email,2026-06-10
CUST01480,Arjun Sharma,Male,55,Lucknow,Uttar Pradesh,R010,Premium,Email,2026-06-01
CUST01481,Arjun Verma,Male,62,Mysuru,Karnataka,R018,Standard,Email,2025-09-20
CUST01482,Karan Verma,Male,18,Kochi,Kerala,R020,Standard,Email,2024-07-25
CUST01483,Arjun Patil,Female,60,Coimbatore,Tamil Nadu,R016,Corporate,Organic,2023-12-01
CUST01484,Sneha Mehta,Female,56,Indore,Madhya Pradesh,R025,Standard,Google Ads,2026-05-30
CUST01485,Amit Verma,Female,27,Indore,Madhya Pradesh,R025,Standard,Google Ads,2023-02-06
CUST01486,Ananya Singh,Male,19,Udaipur,Rajasthan,R006,Premium,Google Ads,2025-09-15
CUST01487,Aditya Joshi,Male,33,Bhubaneswar,Odisha,R013,Standard,Instagram,2023-10-05
CUST01488,Rohan Mhaske,Male,54,Surat,Gujarat,R004,Standard,Instagram,2026-05-04
CUST01489,Arjun Mehta,Male,33,Visakhapatnam,Andhra Pradesh,R023,Standard,Email,2025-07-04
CUST01490,Pooja Gupta,Male,40,Patna,Bihar,R014,Standard,Instagram,2024-04-28
CUST01491,Neha Singh,Male,43,Mumbai,Maharashtra,R001,Standard,Referral,2026-06-19
CUST01492,Isha Verma,Female,33,Kochi,Kerala,R020,Premium,Google Ads,2024-12-31
CUST01493,Ananya Shah,Female,44,Jaipur,Rajasthan,R005,Corporate,Google Ads,2023-07-11
CUST01494,Amit Patil,Female,64,Ludhiana,Punjab,R008,Standard,Organic,2025-11-06
CUST01495,Arjun Gupta,Male,58,Kolkata,West Bengal,R012,Standard,Organic,2024-06-07
CUST01496,Arjun Verma,Female,47,Pune,Maharashtra,R002,Standard,Referral,2025-07-06
CUST01497,Ananya Deshmukh,Male,50,Kolkata,West Bengal,R012,Standard,Organic,2024-02-05
CUST01498,Pooja Shah,Female,49,Jaipur,Rajasthan,R005,Standard,Email,2025-06-04
CUST01499,Isha Patil,Male,26,Vijayawada,Andhra Pradesh,R022,Standard,Email,2024-12-05
CUST01500,Rohan Kumar,Male,28,Jaipur,Rajasthan,R005,Corporate,Google Ads,2023-01-22
CUST01501,Karan Shah,Female,54,Bhubaneswar,Odisha,R013,Standard,Email,2024-04-18
CUST01502,Amit Mehta,Female,23,Amritsar,Punjab,R009,Standard,Organic,2026-02-17
CUST01503,Ananya Verma,Male,47,Lucknow,Uttar Pradesh,R010,Standard,Referral,2023-07-29
CUST01504,Amit Mehta,Male,57,Mumbai,Maharashtra,R001,Standard,Email,2023-11-02
CUST01505,Rohan Shah,Male,32,Ahmedabad,Gujarat,R003,Corporate,Google Ads,2024-12-04
CUST01506,Meera Singh,Female,65,Mysuru,Karnataka,R018,Standard,Google Ads,2024-11-17
CUST01507,Vivaan Kumar,Female,47,Kolkata,West Bengal,R012,Corporate,Organic,2023-10-12
CUST01508,Karan Shah,Female,35,Ahmedabad,Gujarat,R003,Standard,Email,2024-12-16
CUST01509,Amit Shah,Male,29,Indore,Madhya Pradesh,R025,Premium,Organic,2025-02-01
CUST01510,Neha Kumar,Female,21,Amritsar,Punjab,R009,Corporate,Google Ads,2026-06-04
CUST01511,Pooja Deshmukh,Female,33,Pune,Maharashtra,R002,Standard,Referral,2025-08-05
CUST01512,Kavya Deshmukh,Male,40,Ahmedabad,Gujarat,R003,Standard,Email,2024-01-16
CUST01513,Rohan Patil,Male,28,Patna,Bihar,R014,Premium,Referral,2024-04-04
CUST01514,Sneha Joshi,Female,41,Surat,Gujarat,R004,Standard,Email,2025-10-27
CUST01515,Aditya Joshi,Female,39,Indore,Madhya Pradesh,R025,Premium,Google Ads,2023-01-29
CUST01516,Neha Mehta,Female,56,Hyderabad,Telangana,R019,Standard,Email,2025-06-25
CUST01517,Pooja Mehta,Female,32,Bhubaneswar,Odisha,R013,Standard,Google Ads,2025-11-22
CUST01518,Vivaan Singh,Female,32,New Delhi,Delhi,R007,Standard,Instagram,2025-05-28
CUST01519,Isha Singh,Female,27,Kolkata,West Bengal,R012,Corporate,Google Ads,2023-03-20
CUST01520,Neha Deshmukh,Male,45,Ahmedabad,Gujarat,R003,Standard,Google Ads,2025-08-04
CUST01521,Kavya Gupta,Male,53,Visakhapatnam,Andhra Pradesh,R023,Standard,Email,2024-04-03
CUST01522,Pooja Gupta,Female,34,Visakhapatnam,Andhra Pradesh,R023,Premium,Referral,2024-07-23
CUST01523,Neha Kumar,Female,53,Amritsar,Punjab,R009,Standard,Google Ads,2025-01-07
CUST01524,Amit Kumar,Male,39,Pune,Maharashtra,R002,Standard,Email,2024-05-30
CUST01525,Rohan Mhaske,Male,40,Vijayawada,Andhra Pradesh,R022,Standard,Google Ads,2026-01-27
CUST01526,Amit Kumar,Male,46,Amritsar,Punjab,R009,Premium,Organic,2024-02-01
CUST01527,Kavya Kumar,Male,39,Kolkata,West Bengal,R012,Premium,Organic,2023-02-08
CUST01528,Aarav Joshi,Male,28,Kolkata,West Bengal,R012,Standard,Organic,2025-06-05
CUST01529,Aditya Patil,Female,53,Chennai,Tamil Nadu,R015,Standard,Organic,2025-03-07
CUST01530,Pooja Patil,Male,61,Pune,Maharashtra,R002,Premium,Referral,2023-06-06
CUST01531,Pooja Kumar,Female,46,Mysuru,Karnataka,R018,Premium,Google Ads,2026-01-03
CUST01532,Neha Mhaske,Female,59,Bhubaneswar,Odisha,R013,Standard,Organic,2025-06-02
CUST01533,Pooja Mhaske,Female,49,Patna,Bihar,R014,Standard,Email,2026-02-27
CUST01534,Rohan Shah,Male,31,Jaipur,Rajasthan,R005,Standard,Organic,2025-08-31
CUST01535,Priya Sharma,Female,35,Lucknow,Uttar Pradesh,R010,Premium,Instagram,2026-01-12
CUST01536,Rohan Nair,Male,55,Kolkata,West Bengal,R012,Corporate,Instagram,2025-11-11
CUST01537,Aditya Shah,Male,54,Lucknow,Uttar Pradesh,R010,Standard,Referral,2025-04-28
CUST01538,Meera Verma,Female,51,Bhopal,Madhya Pradesh,R024,Standard,Instagram,2025-01-17
CUST01539,Neha Mhaske,Female,62,Noida,Uttar Pradesh,R011,Standard,Email,2025-09-15
CUST01540,Aarav Mhaske,Male,40,Indore,Madhya Pradesh,R025,Standard,Organic,2023-01-21
CUST01541,Amit Joshi,Female,49,Pune,Maharashtra,R002,Standard,Instagram,2023-10-30
CUST01542,Ananya Gupta,Female,63,Jaipur,Rajasthan,R005,Corporate,Instagram,2025-05-18
CUST01543,Pooja Sharma,Female,20,New Delhi,Delhi,R007,Standard,Referral,2023-03-25
CUST01544,Ananya Kumar,Female,60,Udaipur,Rajasthan,R006,Premium,Instagram,2024-07-23
CUST01545,Priya Kumar,Male,39,Vijayawada,Andhra Pradesh,R022,Standard,Organic,2025-07-22
CUST01546,Priya Nair,Female,40,Visakhapatnam,Andhra Pradesh,R023,Premium,Google Ads,2026-03-31
CUST01547,Priya Mehta,Male,21,Ahmedabad,Gujarat,R003,Standard,Organic,2026-04-01
CUST01548,Vivaan Mehta,Female,30,Bhubaneswar,Odisha,R013,Standard,Instagram,2025-10-05
CUST01549,Aditya Verma,Male,49,Ahmedabad,Gujarat,R003,Corporate,Instagram,2025-03-03
CUST01550,Aarav Verma,Male,46,Indore,Madhya Pradesh,R025,Standard,Instagram,2025-03-02
CUST01551,Meera Gupta,Male,57,Bhopal,Madhya Pradesh,R024,Premium,Referral,2024-05-06
CUST01552,Aditya Shah,Male,57,Thiruvananthapuram,Kerala,R021,Premium,Email,2023-07-27
CUST01553,Kavya Mehta,Male,62,Udaipur,Rajasthan,R006,Standard,Organic,2025-12-19
CUST01554,Meera Patil,Male,27,Noida,Uttar Pradesh,R011,Standard,Instagram,2024-03-05
CUST01555,Isha Singh,Female,30,Bengaluru,Karnataka,R017,Premium,Google Ads,2025-09-11
CUST01556,Karan Joshi,Male,62,Lucknow,Uttar Pradesh,R010,Corporate,Referral,2024-06-03
CUST01557,Ananya Sharma,Male,34,Kolkata,West Bengal,R012,Premium,Email,2024-08-13
CUST01558,Arjun Mhaske,Male,55,Bengaluru,Karnataka,R017,Standard,Instagram,2025-11-16
CUST01559,Rohan Deshmukh,Male,19,Surat,Gujarat,R004,Premium,Organic,2023-07-18
CUST01560,Neha Joshi,Male,34,Pune,Maharashtra,R002,Premium,Google Ads,2024-01-22
CUST01561,Kavya Nair,Female,61,Noida,Uttar Pradesh,R011,Premium,Referral,2023-12-15
CUST01562,Neha Kumar,Male,43,New Delhi,Delhi,R007,Premium,Organic,2025-08-17
CUST01563,Rahul Deshmukh,Male,55,Pune,Maharashtra,R002,Standard,Organic,2024-11-23
CUST01564,Pooja Joshi,Male,54,Mysuru,Karnataka,R018,Standard,Referral,2024-01-13
CUST01565,Rahul Kumar,Male,22,Thiruvananthapuram,Kerala,R021,Premium,Organic,2025-06-17
CUST01566,Kavya Joshi,Male,42,Surat,Gujarat,R004,Corporate,Google Ads,2025-07-04
CUST01567,Neha Mehta,Female,26,Ludhiana,Punjab,R008,Standard,Google Ads,2024-06-10
CUST01568,Aarav Deshmukh,Male,45,Kochi,Kerala,R020,Corporate,Organic,2026-03-22
CUST01569,Kavya Joshi,Male,39,Patna,Bihar,R014,Corporate,Instagram,2025-01-03
CUST01570,Aarav Sharma,Female,46,Kolkata,West Bengal,R012,Corporate,Organic,2023-07-25
CUST01571,Rahul Kumar,Male,52,Vijayawada,Andhra Pradesh,R022,Corporate,Instagram,2024-03-30
CUST01572,Neha Nair,Female,37,Thiruvananthapuram,Kerala,R021,Corporate,Organic,2026-06-13
CUST01573,Rohan Nair,Male,22,Mysuru,Karnataka,R018,Premium,Email,2024-06-04
CUST01574,Isha Mehta,Male,56,Noida,Uttar Pradesh,R011,Premium,Google Ads,2025-10-13
CUST01575,Sneha Kumar,Female,61,Ludhiana,Punjab,R008,Standard,Organic,2025-08-13
CUST01576,Kavya Singh,Male,49,Pune,Maharashtra,R002,Standard,Google Ads,2024-12-26
CUST01577,Ananya Singh,Female,56,Indore,Madhya Pradesh,R025,Standard,Referral,2025-10-10
CUST01578,Arjun Shah,Female,27,Chennai,Tamil Nadu,R015,Standard,Email,2024-05-15
CUST01579,Rahul Patil,Female,57,Amritsar,Punjab,R009,Standard,Instagram,2023-04-27
CUST01580,Aditya Mhaske,Female,34,Hyderabad,Telangana,R019,Corporate,Referral,2024-01-21
CUST01581,Pooja Nair,Female,54,Kochi,Kerala,R020,Premium,Email,2024-08-06
CUST01582,Ananya Gupta,Female,32,Ludhiana,Punjab,R008,Standard,Referral,2024-01-30
CUST01583,Pooja Gupta,Female,26,Indore,Madhya Pradesh,R025,Premium,Google Ads,2025-12-23
CUST01584,Rohan Gupta,Male,49,Hyderabad,Telangana,R019,Standard,Email,2024-12-21
CUST01585,Sneha Singh,Male,40,Jaipur,Rajasthan,R005,Standard,Referral,2023-03-13
CUST01586,Karan Patil,Male,28,Noida,Uttar Pradesh,R011,Corporate,Instagram,2023-10-01
CUST01587,Arjun Singh,Male,30,Chennai,Tamil Nadu,R015,Standard,Email,2023-12-04
CUST01588,Sneha Gupta,Female,35,Ludhiana,Punjab,R008,Premium,Email,2024-08-29
CUST01589,Aarav Deshmukh,Male,26,Hyderabad,Telangana,R019,Standard,Referral,2023-06-15
CUST01590,Aditya Patil,Male,59,Visakhapatnam,Andhra Pradesh,R023,Standard,Organic,2023-01-11
CUST01591,Neha Joshi,Female,22,Ludhiana,Punjab,R008,Premium,Instagram,2024-12-29
CUST01592,Rahul Nair,Male,60,Hyderabad,Telangana,R019,Standard,Instagram,2025-03-11
CUST01593,Rohan Nair,Male,39,Mysuru,Karnataka,R018,Corporate,Referral,2023-04-12
CUST01594,Ananya Verma,Female,49,Lucknow,Uttar Pradesh,R010,Standard,Google Ads,2025-02-17
CUST01595,Aarav Verma,Female,64,New Delhi,Delhi,R007,Standard,Google Ads,2023-08-02
CUST01596,Neha Sharma,Female,19,Amritsar,Punjab,R009,Corporate,Organic,2026-01-16
CUST01597,Priya Mhaske,Male,38,Mumbai,Maharashtra,R001,Corporate,Organic,2024-02-05
CUST01598,Kavya Gupta,Male,45,Hyderabad,Telangana,R019,Standard,Referral,2024-08-10
CUST01599,Amit Deshmukh,Female,41,Jaipur,Rajasthan,R005,Standard,Google Ads,2025-06-07
CUST01600,Rohan Mhaske,Male,41,Hyderabad,Telangana,R019,Premium,Instagram,2025-12-05
CUST01601,Isha Joshi,Female,31,Mumbai,Maharashtra,R001,Standard,Google Ads,2024-08-14
CUST01602,Kavya Verma,Female,54,Chennai,Tamil Nadu,R015,Standard,Referral,2026-01-14
CUST01603,Aditya Joshi,Male,44,Coimbatore,Tamil Nadu,R016,Premium,Google Ads,2023-04-02
CUST01604,Ananya Shah,Male,41,Visakhapatnam,Andhra Pradesh,R023,Standard,Email,2024-11-03
CUST01605,Amit Verma,Male,23,New Delhi,Delhi,R007,Standard,Referral,2024-12-14
CUST01606,Sneha Joshi,Female,43,Kolkata,West Bengal,R012,Standard,Email,2025-07-24
CUST01607,Ananya Patil,Male,32,Ludhiana,Punjab,R008,Corporate,Referral,2023-08-30
CUST01608,Aarav Nair,Male,46,Jaipur,Rajasthan,R005,Premium,Instagram,2023-01-02
CUST01609,Kavya Patil,Female,53,Lucknow,Uttar Pradesh,R010,Premium,Referral,2023-08-13
CUST01610,Arjun Kumar,Male,27,Thiruvananthapuram,Kerala,R021,Standard,Referral,2025-03-11
CUST01611,Aditya Mehta,Male,45,Jaipur,Rajasthan,R005,Standard,Referral,2024-08-11
CUST01612,Kavya Singh,Female,26,Bengaluru,Karnataka,R017,Standard,Referral,2023-04-26
CUST01613,Rohan Deshmukh,Male,38,Jaipur,Rajasthan,R005,Standard,Organic,2025-07-06
CUST01614,Neha Verma,Female,27,Vijayawada,Andhra Pradesh,R022,Standard,Email,2026-01-31
CUST01615,Neha Singh,Female,21,Chennai,Tamil Nadu,R015,Standard,Referral,2023-07-13
CUST01616,Meera Patil,Male,21,Bhubaneswar,Odisha,R013,Premium,Referral,2026-04-04
CUST01617,Priya Shah,Female,23,Mumbai,Maharashtra,R001,Premium,Organic,2025-05-20
CUST01618,Rohan Patil,Male,43,Noida,Uttar Pradesh,R011,Standard,Google Ads,2023-03-31
CUST01619,Karan Verma,Female,57,Visakhapatnam,Andhra Pradesh,R023,Premium,Organic,2023-05-02
CUST01620,Rahul Kumar,Male,33,Mumbai,Maharashtra,R001,Premium,Organic,2023-05-23
CUST01621,Pooja Shah,Male,25,Noida,Uttar Pradesh,R011,Standard,Organic,2025-09-20
CUST01622,Karan Nair,Male,45,Mysuru,Karnataka,R018,Standard,Referral,2023-04-16
CUST01623,Pooja Nair,Male,33,Mysuru,Karnataka,R018,Premium,Organic,2025-06-05
CUST01624,Meera Singh,Female,55,Thiruvananthapuram,Kerala,R021,Standard,Organic,2024-03-03
CUST01625,Arjun Sharma,Female,18,Coimbatore,Tamil Nadu,R016,Standard,Organic,2023-11-13
CUST01626,Sneha Joshi,Female,36,Bhubaneswar,Odisha,R013,Standard,Referral,2024-09-26
CUST01627,Karan Deshmukh,Male,34,New Delhi,Delhi,R007,Standard,Instagram,2023-01-09
CUST01628,Vivaan Sharma,Male,45,Mumbai,Maharashtra,R001,Corporate,Instagram,2025-02-12
CUST01629,Arjun Gupta,Female,61,Coimbatore,Tamil Nadu,R016,Premium,Google Ads,2026-01-01
CUST01630,Priya Nair,Male,29,Mumbai,Maharashtra,R001,Standard,Referral,2023-08-11
CUST01631,Aarav Gupta,Female,23,Bengaluru,Karnataka,R017,Corporate,Organic,2024-07-06
CUST01632,Rohan Mhaske,Female,24,Udaipur,Rajasthan,R006,Premium,Organic,2024-12-16
CUST01633,Sneha Joshi,Male,25,Pune,Maharashtra,R002,Premium,Organic,2026-01-12
CUST01634,Pooja Singh,Female,20,Bengaluru,Karnataka,R017,Standard,Instagram,2023-04-21
CUST01635,Arjun Mhaske,Female,38,Udaipur,Rajasthan,R006,Premium,Organic,2023-09-08
CUST01636,Rahul Mhaske,Female,25,Patna,Bihar,R014,Standard,Organic,2024-01-18
CUST01637,Priya Deshmukh,Male,45,Mysuru,Karnataka,R018,Standard,Instagram,2023-01-07
CUST01638,Neha Singh,Male,47,Udaipur,Rajasthan,R006,Standard,Organic,2024-04-03
CUST01639,Isha Shah,Male,49,Lucknow,Uttar Pradesh,R010,Standard,Google Ads,2026-01-12
CUST01640,Rohan Nair,Male,28,Bhopal,Madhya Pradesh,R024,Standard,Email,2023-07-27
CUST01641,Pooja Verma,Male,37,Mysuru,Karnataka,R018,Standard,Google Ads,2025-06-18
CUST01642,Arjun Patil,Female,33,Amritsar,Punjab,R009,Premium,Referral,2023-01-22
CUST01643,Priya Verma,Female,42,Ludhiana,Punjab,R008,Standard,Google Ads,2024-02-14
CUST01644,Karan Mehta,Female,62,Lucknow,Uttar Pradesh,R010,Premium,Google Ads,2025-06-13
CUST01645,Vivaan Deshmukh,Male,26,Bengaluru,Karnataka,R017,Premium,Instagram,2024-05-29
CUST01646,Pooja Sharma,Female,56,Visakhapatnam,Andhra Pradesh,R023,Standard,Referral,2026-02-24
CUST01647,Isha Patil,Male,57,Udaipur,Rajasthan,R006,Standard,Google Ads,2025-03-19
CUST01648,Kavya Patil,Female,57,Patna,Bihar,R014,Corporate,Email,2025-05-23
CUST01649,Ananya Singh,Female,20,Vijayawada,Andhra Pradesh,R022,Standard,Google Ads,2023-01-14
CUST01650,Kavya Joshi,Female,33,Vijayawada,Andhra Pradesh,R022,Premium,Organic,2025-08-28
CUST01651,Isha Mhaske,Female,29,Udaipur,Rajasthan,R006,Premium,Instagram,2025-09-04
CUST01652,Ananya Deshmukh,Female,32,New Delhi,Delhi,R007,Standard,Organic,2025-10-10
CUST01653,Rahul Gupta,Male,21,Kolkata,West Bengal,R012,Standard,Referral,2025-11-01
CUST01654,Ananya Nair,Male,40,Ahmedabad,Gujarat,R003,Standard,Referral,2023-03-28
CUST01655,Arjun Deshmukh,Male,44,Patna,Bihar,R014,Premium,Instagram,2025-06-27
CUST01656,Karan Nair,Male,56,Vijayawada,Andhra Pradesh,R022,Premium,Google Ads,2026-06-20
CUST01657,Arjun Verma,Female,60,Hyderabad,Telangana,R019,Corporate,Referral,2023-05-02
CUST01658,Meera Patil,Male,54,Visakhapatnam,Andhra Pradesh,R023,Standard,Email,2026-03-16
CUST01659,Neha Mhaske,Female,30,Coimbatore,Tamil Nadu,R016,Standard,Instagram,2025-01-19
CUST01660,Arjun Joshi,Male,60,New Delhi,Delhi,R007,Standard,Organic,2024-11-15
CUST01661,Priya Kumar,Male,54,Ludhiana,Punjab,R008,Corporate,Email,2023-11-05
CUST01662,Karan Verma,Female,57,Mysuru,Karnataka,R018,Standard,Instagram,2024-11-25
CUST01663,Kavya Joshi,Male,38,Indore,Madhya Pradesh,R025,Standard,Email,2023-10-15
CUST01664,Priya Sharma,Female,46,Bhubaneswar,Odisha,R013,Corporate,Instagram,2023-11-03
CUST01665,Meera Singh,Female,46,Thiruvananthapuram,Kerala,R021,Standard,Organic,2025-07-02
CUST01666,Rohan Singh,Male,28,Amritsar,Punjab,R009,Standard,Google Ads,2024-10-23
CUST01667,Meera Nair,Male,45,Lucknow,Uttar Pradesh,R010,Standard,Instagram,2024-07-02
CUST01668,Vivaan Kumar,Male,27,Thiruvananthapuram,Kerala,R021,Standard,Referral,2023-11-08
CUST01669,Pooja Gupta,Female,22,Visakhapatnam,Andhra Pradesh,R023,Corporate,Organic,2025-05-22
CUST01670,Meera Gupta,Female,42,Amritsar,Punjab,R009,Standard,Organic,2025-12-18
CUST01671,Vivaan Verma,Male,50,Chennai,Tamil Nadu,R015,Standard,Email,2025-07-12
CUST01672,Sneha Deshmukh,Female,34,Kochi,Kerala,R020,Standard,Referral,2025-01-24
CUST01673,Neha Singh,Male,50,Pune,Maharashtra,R002,Standard,Email,2023-02-04
CUST01674,Ananya Deshmukh,Female,42,Indore,Madhya Pradesh,R025,Standard,Organic,2024-03-20
CUST01675,Arjun Shah,Female,50,Bhubaneswar,Odisha,R013,Standard,Instagram,2023-04-03
CUST01676,Aarav Patil,Female,26,Pune,Maharashtra,R002,Premium,Referral,2026-05-15
CUST01677,Isha Sharma,Female,44,Hyderabad,Telangana,R019,Standard,Organic,2023-12-19
CUST01678,Karan Deshmukh,Male,42,Pune,Maharashtra,R002,Premium,Referral,2025-06-21
CUST01679,Meera Mehta,Female,21,Ahmedabad,Gujarat,R003,Standard,Instagram,2025-05-11
CUST01680,Sneha Singh,Male,26,Udaipur,Rajasthan,R006,Premium,Google Ads,2023-06-08
CUST01681,Vivaan Singh,Female,63,Ahmedabad,Gujarat,R003,Standard,Email,2025-08-14
CUST01682,Neha Nair,Male,32,Lucknow,Uttar Pradesh,R010,Standard,Email,2023-01-24
CUST01683,Aditya Deshmukh,Female,33,Bhopal,Madhya Pradesh,R024,Corporate,Organic,2024-02-08
CUST01684,Vivaan Shah,Female,33,Udaipur,Rajasthan,R006,Standard,Organic,2025-03-15
CUST01685,Rahul Shah,Female,30,Visakhapatnam,Andhra Pradesh,R023,Standard,Instagram,2024-05-30
CUST01686,Vivaan Joshi,Male,31,Coimbatore,Tamil Nadu,R016,Standard,Organic,2025-01-01
CUST01687,Ananya Mehta,Female,39,Bengaluru,Karnataka,R017,Standard,Organic,2024-06-15
CUST01688,Kavya Deshmukh,Female,38,Hyderabad,Telangana,R019,Standard,Organic,2025-08-13
CUST01689,Amit Nair,Female,26,Ahmedabad,Gujarat,R003,Standard,Referral,2023-06-01
CUST01690,Rahul Verma,Male,58,Mysuru,Karnataka,R018,Premium,Referral,2025-08-04
CUST01691,Sneha Verma,Male,21,New Delhi,Delhi,R007,Premium,Google Ads,2024-08-30
CUST01692,Kavya Mehta,Male,27,Amritsar,Punjab,R009,Premium,Referral,2024-02-24
CUST01693,Karan Mehta,Male,52,Kochi,Kerala,R020,Standard,Email,2026-06-27
CUST01694,Isha Mehta,Male,26,Kolkata,West Bengal,R012,Standard,Google Ads,2026-02-14
CUST01695,Pooja Mehta,Male,65,Jaipur,Rajasthan,R005,Premium,Organic,2025-05-15
CUST01696,Priya Mehta,Male,33,Ahmedabad,Gujarat,R003,Standard,Email,2024-07-31
CUST01697,Aarav Gupta,Male,35,Noida,Uttar Pradesh,R011,Premium,Google Ads,2023-12-01
CUST01698,Pooja Patil,Male,27,Indore,Madhya Pradesh,R025,Standard,Google Ads,2025-07-20
CUST01699,Meera Shah,Female,38,Surat,Gujarat,R004,Standard,Email,2023-10-22
CUST01700,Neha Joshi,Male,32,Jaipur,Rajasthan,R005,Premium,Google Ads,2025-01-24
CUST01701,Meera Mehta,Male,32,Mumbai,Maharashtra,R001,Premium,Email,2023-07-05
CUST01702,Karan Singh,Male,28,Mysuru,Karnataka,R018,Premium,Google Ads,2026-06-23
CUST01703,Neha Singh,Female,57,Kolkata,West Bengal,R012,Premium,Google Ads,2024-09-28
CUST01704,Amit Joshi,Female,65,Bhubaneswar,Odisha,R013,Premium,Google Ads,2026-06-14
CUST01705,Meera Deshmukh,Male,59,Amritsar,Punjab,R009,Standard,Email,2024-06-13
CUST01706,Ananya Kumar,Male,58,Pune,Maharashtra,R002,Corporate,Google Ads,2023-01-21
CUST01707,Isha Sharma,Female,64,Jaipur,Rajasthan,R005,Premium,Referral,2025-06-29
CUST01708,Arjun Joshi,Male,54,Bhubaneswar,Odisha,R013,Premium,Referral,2025-05-16
CUST01709,Ananya Kumar,Male,37,Coimbatore,Tamil Nadu,R016,Standard,Referral,2025-03-04
CUST01710,Amit Nair,Male,51,Coimbatore,Tamil Nadu,R016,Corporate,Referral,2023-04-10
CUST01711,Aditya Verma,Male,39,Bhopal,Madhya Pradesh,R024,Standard,Referral,2025-01-21
CUST01712,Sneha Joshi,Female,65,Ahmedabad,Gujarat,R003,Standard,Organic,2024-04-22
CUST01713,Karan Joshi,Male,35,Vijayawada,Andhra Pradesh,R022,Standard,Google Ads,2025-07-28
CUST01714,Rohan Deshmukh,Female,33,Surat,Gujarat,R004,Standard,Instagram,2024-06-09
CUST01715,Neha Shah,Female,22,Noida,Uttar Pradesh,R011,Standard,Organic,2023-11-30
CUST01716,Isha Joshi,Female,18,Visakhapatnam,Andhra Pradesh,R023,Premium,Email,2023-01-02
CUST01717,Karan Singh,Male,36,Patna,Bihar,R014,Premium,Organic,2024-01-10
CUST01718,Aarav Sharma,Male,27,Ahmedabad,Gujarat,R003,Standard,Instagram,2023-10-20
CUST01719,Meera Singh,Male,38,Coimbatore,Tamil Nadu,R016,Premium,Organic,2025-04-16
CUST01720,Vivaan Kumar,Male,30,Vijayawada,Andhra Pradesh,R022,Standard,Google Ads,2025-10-01
CUST01721,Aarav Patil,Female,41,Chennai,Tamil Nadu,R015,Standard,Referral,2024-07-06
CUST01722,Karan Nair,Male,40,Lucknow,Uttar Pradesh,R010,Standard,Google Ads,2023-11-14
CUST01723,Rohan Nair,Female,40,Amritsar,Punjab,R009,Premium,Organic,2024-01-16
CUST01724,Priya Patil,Male,28,Noida,Uttar Pradesh,R011,Standard,Instagram,2023-01-14
CUST01725,Vivaan Shah,Female,64,Coimbatore,Tamil Nadu,R016,Standard,Email,2024-05-18
CUST01726,Pooja Joshi,Female,19,Lucknow,Uttar Pradesh,R010,Standard,Google Ads,2023-08-19
CUST01727,Rahul Gupta,Male,23,Bengaluru,Karnataka,R017,Premium,Instagram,2026-01-12
CUST01728,Karan Nair,Male,28,Hyderabad,Telangana,R019,Premium,Email,2023-05-10
CUST01729,Meera Nair,Male,32,Pune,Maharashtra,R002,Standard,Referral,2025-04-17
CUST01730,Amit Nair,Male,26,Bhopal,Madhya Pradesh,R024,Standard,Google Ads,2026-03-14
CUST01731,Pooja Deshmukh,Male,29,Visakhapatnam,Andhra Pradesh,R023,Premium,Google Ads,2025-06-09
CUST01732,Arjun Mehta,Male,53,Pune,Maharashtra,R002,Premium,Referral,2023-01-28
CUST01733,Arjun Patil,Male,45,Udaipur,Rajasthan,R006,Standard,Referral,2023-03-07
CUST01734,Aditya Sharma,Female,40,Hyderabad,Telangana,R019,Premium,Organic,2026-04-01
CUST01735,Aarav Joshi,Male,44,Ludhiana,Punjab,R008,Corporate,Email,2026-06-06
CUST01736,Pooja Gupta,Male,41,Ahmedabad,Gujarat,R003,Standard,Instagram,2023-09-18
CUST01737,Aditya Joshi,Male,31,Patna,Bihar,R014,Standard,Referral,2024-04-04
CUST01738,Pooja Patil,Male,52,Indore,Madhya Pradesh,R025,Standard,Organic,2023-10-28
CUST01739,Aditya Sharma,Male,44,Coimbatore,Tamil Nadu,R016,Premium,Email,2025-07-07
CUST01740,Meera Kumar,Female,38,Mumbai,Maharashtra,R001,Standard,Email,2023-10-14
CUST01741,Vivaan Joshi,Male,30,Thiruvananthapuram,Kerala,R021,Standard,Google Ads,2025-10-30
CUST01742,Ananya Deshmukh,Male,25,Ahmedabad,Gujarat,R003,Premium,Organic,2024-09-21
CUST01743,Rohan Patil,Male,61,Vijayawada,Andhra Pradesh,R022,Premium,Organic,2023-09-27
CUST01744,Vivaan Deshmukh,Male,61,Mysuru,Karnataka,R018,Standard,Google Ads,2024-08-14
CUST01745,Priya Kumar,Male,61,Amritsar,Punjab,R009,Standard,Instagram,2025-04-23
CUST01746,Pooja Deshmukh,Female,51,Udaipur,Rajasthan,R006,Standard,Referral,2025-05-11
CUST01747,Arjun Verma,Male,59,Visakhapatnam,Andhra Pradesh,R023,Premium,Google Ads,2023-05-13
CUST01748,Kavya Patil,Male,40,Thiruvananthapuram,Kerala,R021,Premium,Referral,2025-08-29
CUST01749,Pooja Mehta,Female,26,Indore,Madhya Pradesh,R025,Standard,Organic,2024-05-27
CUST01750,Aarav Mehta,Male,18,Mumbai,Maharashtra,R001,Premium,Google Ads,2023-11-09
CUST01751,Isha Verma,Male,53,Thiruvananthapuram,Kerala,R021,Premium,Instagram,2024-07-29
CUST01752,Priya Mehta,Female,63,Lucknow,Uttar Pradesh,R010,Standard,Referral,2025-06-04
CUST01753,Ananya Kumar,Male,33,Udaipur,Rajasthan,R006,Premium,Referral,2026-02-18
CUST01754,Vivaan Nair,Female,42,Visakhapatnam,Andhra Pradesh,R023,Standard,Referral,2026-02-04
CUST01755,Ananya Kumar,Male,35,Kolkata,West Bengal,R012,Corporate,Organic,2024-11-17
CUST01756,Aarav Sharma,Male,51,Surat,Gujarat,R004,Standard,Referral,2026-05-12
CUST01757,Arjun Joshi,Male,55,Bhubaneswar,Odisha,R013,Standard,Email,2023-06-14
CUST01758,Neha Gupta,Male,20,Bengaluru,Karnataka,R017,Standard,Referral,2023-11-01
CUST01759,Vivaan Nair,Male,37,Ludhiana,Punjab,R008,Premium,Organic,2023-06-05
CUST01760,Amit Shah,Male,36,Kochi,Kerala,R020,Standard,Google Ads,2024-09-11
CUST01761,Vivaan Deshmukh,Female,30,Ahmedabad,Gujarat,R003,Standard,Referral,2026-06-28
CUST01762,Neha Mhaske,Female,34,Kolkata,West Bengal,R012,Corporate,Referral,2025-08-14
CUST01763,Isha Kumar,Male,31,New Delhi,Delhi,R007,Corporate,Google Ads,2023-11-30
CUST01764,Ananya Verma,Female,47,Kolkata,West Bengal,R012,Corporate,Email,2025-08-26
CUST01765,Aditya Sharma,Female,39,Pune,Maharashtra,R002,Standard,Organic,2024-05-25
CUST01766,Rahul Shah,Female,60,Bhopal,Madhya Pradesh,R024,Corporate,Google Ads,2025-11-09
CUST01767,Arjun Sharma,Male,65,Patna,Bihar,R014,Standard,Organic,2023-10-09
CUST01768,Priya Kumar,Female,60,Vijayawada,Andhra Pradesh,R022,Standard,Google Ads,2025-03-07
CUST01769,Karan Kumar,Male,46,Visakhapatnam,Andhra Pradesh,R023,Standard,Instagram,2025-10-21
CUST01770,Aditya Singh,Male,19,Jaipur,Rajasthan,R005,Standard,Email,2023-04-29
CUST01771,Sneha Nair,Male,25,Amritsar,Punjab,R009,Standard,Instagram,2025-11-24
CUST01772,Amit Deshmukh,Female,31,Thiruvananthapuram,Kerala,R021,Standard,Google Ads,2023-07-17
CUST01773,Rahul Deshmukh,Female,51,Noida,Uttar Pradesh,R011,Premium,Google Ads,2024-04-29
CUST01774,Meera Singh,Female,30,Jaipur,Rajasthan,R005,Standard,Organic,2025-12-18
CUST01775,Priya Mehta,Male,27,Ahmedabad,Gujarat,R003,Standard,Google Ads,2025-04-16
CUST01776,Priya Verma,Female,25,Bengaluru,Karnataka,R017,Standard,Organic,2026-03-30
CUST01777,Isha Sharma,Male,24,Pune,Maharashtra,R002,Corporate,Organic,2025-10-05
CUST01778,Aarav Mehta,Male,30,Bhopal,Madhya Pradesh,R024,Standard,Google Ads,2024-11-21
CUST01779,Rahul Mhaske,Male,43,Mumbai,Maharashtra,R001,Standard,Organic,2026-05-14
CUST01780,Rahul Gupta,Male,49,New Delhi,Delhi,R007,Standard,Email,2025-11-01
CUST01781,Aarav Kumar,Female,36,Patna,Bihar,R014,Corporate,Instagram,2024-05-04
CUST01782,Rahul Gupta,Male,32,Jaipur,Rajasthan,R005,Standard,Google Ads,2023-10-03
CUST01783,Neha Kumar,Female,19,Hyderabad,Telangana,R019,Standard,Organic,2024-11-23
CUST01784,Meera Sharma,Male,54,Noida,Uttar Pradesh,R011,Standard,Organic,2023-08-30
CUST01785,Aditya Nair,Male,36,Visakhapatnam,Andhra Pradesh,R023,Corporate,Organic,2026-05-24
CUST01786,Amit Sharma,Female,50,Indore,Madhya Pradesh,R025,Standard,Organic,2026-06-28
CUST01787,Aarav Gupta,Male,56,Pune,Maharashtra,R002,Premium,Email,2023-05-06
CUST01788,Neha Singh,Female,50,Ludhiana,Punjab,R008,Standard,Google Ads,2023-08-05
CUST01789,Priya Patil,Female,18,Amritsar,Punjab,R009,Corporate,Google Ads,2026-04-23
CUST01790,Ananya Deshmukh,Male,56,Ahmedabad,Gujarat,R003,Premium,Email,2025-11-28
CUST01791,Meera Singh,Female,45,Pune,Maharashtra,R002,Premium,Email,2026-05-31
CUST01792,Rahul Gupta,Male,34,New Delhi,Delhi,R007,Standard,Email,2026-04-22
CUST01793,Kavya Nair,Female,23,Jaipur,Rajasthan,R005,Standard,Google Ads,2024-05-09
CUST01794,Aditya Singh,Male,61,Thiruvananthapuram,Kerala,R021,Standard,Referral,2024-03-02
CUST01795,Kavya Verma,Male,37,Jaipur,Rajasthan,R005,Premium,Instagram,2026-04-16
CUST01796,Isha Nair,Male,64,Kochi,Kerala,R020,Corporate,Email,2025-07-07
CUST01797,Priya Patil,Male,30,Bhubaneswar,Odisha,R013,Standard,Email,2023-05-31
CUST01798,Meera Mhaske,Female,29,Thiruvananthapuram,Kerala,R021,Corporate,Google Ads,2024-01-19
CUST01799,Neha Shah,Female,47,Kochi,Kerala,R020,Standard,Google Ads,2023-11-04
CUST01800,Ananya Deshmukh,Female,38,Udaipur,Rajasthan,R006,Corporate,Instagram,2025-01-15
CUST01801,Rohan Mehta,Male,19,Kochi,Kerala,R020,Standard,Organic,2025-06-10
CUST01802,Priya Deshmukh,Female,35,Mysuru,Karnataka,R018,Standard,Google Ads,2024-01-10
CUST01803,Arjun Shah,Male,45,Indore,Madhya Pradesh,R025,Standard,Instagram,2025-10-28
CUST01804,Rahul Mehta,Female,21,Pune,Maharashtra,R002,Premium,Google Ads,2023-05-09
CUST01805,Rohan Deshmukh,Female,59,Indore,Madhya Pradesh,R025,Premium,Google Ads,2025-10-11
CUST01806,Isha Gupta,Male,60,Udaipur,Rajasthan,R006,Standard,Google Ads,2024-10-30
CUST01807,Karan Shah,Female,23,Amritsar,Punjab,R009,Standard,Referral,2024-05-31
CUST01808,Aarav Gupta,Male,55,Indore,Madhya Pradesh,R025,Standard,Referral,2023-03-27
CUST01809,Priya Sharma,Male,26,Ahmedabad,Gujarat,R003,Standard,Email,2026-04-13
CUST01810,Priya Singh,Female,37,Mumbai,Maharashtra,R001,Standard,Referral,2026-05-01
CUST01811,Amit Nair,Female,62,Mumbai,Maharashtra,R001,Standard,Instagram,2023-11-07
CUST01812,Pooja Gupta,Female,47,Hyderabad,Telangana,R019,Standard,Google Ads,2026-02-16
CUST01813,Aarav Singh,Male,54,Jaipur,Rajasthan,R005,Premium,Referral,2026-05-26
CUST01814,Priya Gupta,Female,55,Bhubaneswar,Odisha,R013,Premium,Google Ads,2024-03-02
CUST01815,Rohan Shah,Male,21,Hyderabad,Telangana,R019,Standard,Organic,2023-04-24
CUST01816,Priya Joshi,Male,55,Kolkata,West Bengal,R012,Premium,Email,2026-03-14
CUST01817,Amit Patil,Female,30,Coimbatore,Tamil Nadu,R016,Standard,Referral,2023-10-30
CUST01818,Kavya Nair,Female,52,Indore,Madhya Pradesh,R025,Premium,Google Ads,2025-01-13
CUST01819,Aditya Nair,Female,47,Indore,Madhya Pradesh,R025,Standard,Organic,2024-08-10
CUST01820,Meera Singh,Male,59,Hyderabad,Telangana,R019,Premium,Email,2025-09-13
CUST01821,Aditya Patil,Female,21,Ahmedabad,Gujarat,R003,Standard,Email,2023-12-11
CUST01822,Arjun Gupta,Female,42,Kolkata,West Bengal,R012,Standard,Organic,2025-03-24
CUST01823,Ananya Mehta,Male,48,Jaipur,Rajasthan,R005,Premium,Referral,2025-03-11
CUST01824,Neha Mhaske,Male,64,Pune,Maharashtra,R002,Standard,Referral,2025-10-21
CUST01825,Aditya Singh,Female,29,Vijayawada,Andhra Pradesh,R022,Standard,Google Ads,2026-03-16
CUST01826,Rahul Singh,Female,32,New Delhi,Delhi,R007,Premium,Instagram,2025-12-12
CUST01827,Amit Shah,Female,43,Bhubaneswar,Odisha,R013,Premium,Google Ads,2025-12-28
CUST01828,Meera Mhaske,Male,27,Indore,Madhya Pradesh,R025,Standard,Google Ads,2023-12-27
CUST01829,Kavya Gupta,Female,29,Chennai,Tamil Nadu,R015,Standard,Google Ads,2026-05-28
CUST01830,Karan Verma,Female,39,Vijayawada,Andhra Pradesh,R022,Standard,Organic,2025-10-06
CUST01831,Priya Patil,Male,57,Ahmedabad,Gujarat,R003,Premium,Email,2024-12-04
CUST01832,Arjun Patil,Female,38,Thiruvananthapuram,Kerala,R021,Standard,Email,2024-07-28
CUST01833,Aditya Verma,Male,52,Kochi,Kerala,R020,Premium,Instagram,2026-03-30
CUST01834,Arjun Mehta,Male,24,Jaipur,Rajasthan,R005,Standard,Referral,2026-01-17
CUST01835,Neha Mehta,Male,35,Bhopal,Madhya Pradesh,R024,Standard,Google Ads,2024-11-18
CUST01836,Rohan Deshmukh,Male,44,Ludhiana,Punjab,R008,Standard,Organic,2025-02-19
CUST01837,Arjun Deshmukh,Female,52,Vijayawada,Andhra Pradesh,R022,Standard,Organic,2024-08-07
CUST01838,Ananya Deshmukh,Female,64,Mumbai,Maharashtra,R001,Premium,Google Ads,2024-08-11
CUST01839,Rohan Gupta,Male,19,Ludhiana,Punjab,R008,Standard,Organic,2026-03-28
CUST01840,Aditya Gupta,Male,49,Bhopal,Madhya Pradesh,R024,Corporate,Organic,2024-05-03
CUST01841,Kavya Mhaske,Male,32,Mysuru,Karnataka,R018,Standard,Google Ads,2025-08-28
CUST01842,Rahul Gupta,Female,62,Kochi,Kerala,R020,Standard,Instagram,2026-01-30
CUST01843,Vivaan Deshmukh,Female,41,Coimbatore,Tamil Nadu,R016,Standard,Organic,2024-05-08
CUST01844,Kavya Joshi,Female,37,Mysuru,Karnataka,R018,Corporate,Email,2023-01-19
CUST01845,Pooja Singh,Female,27,Kochi,Kerala,R020,Premium,Email,2024-02-01
CUST01846,Rahul Verma,Male,41,Kolkata,West Bengal,R012,Standard,Email,2025-09-27
CUST01847,Karan Patil,Male,41,Bhubaneswar,Odisha,R013,Corporate,Google Ads,2025-04-30
CUST01848,Karan Sharma,Female,41,Bhubaneswar,Odisha,R013,Standard,Email,2025-04-01
CUST01849,Meera Mehta,Female,57,Lucknow,Uttar Pradesh,R010,Premium,Referral,2024-03-30
CUST01850,Aarav Mhaske,Female,65,New Delhi,Delhi,R007,Premium,Organic,2024-12-25
CUST01851,Rahul Singh,Female,65,Indore,Madhya Pradesh,R025,Premium,Instagram,2025-12-24
CUST01852,Arjun Joshi,Female,51,Patna,Bihar,R014,Corporate,Email,2026-01-04
CUST01853,Amit Patil,Female,58,Bhopal,Madhya Pradesh,R024,Premium,Google Ads,2024-12-11
CUST01854,Vivaan Patil,Female,57,Coimbatore,Tamil Nadu,R016,Corporate,Instagram,2023-05-23
CUST01855,Kavya Patil,Female,28,Chennai,Tamil Nadu,R015,Standard,Google Ads,2025-07-05
CUST01856,Isha Deshmukh,Female,43,Kolkata,West Bengal,R012,Standard,Instagram,2025-04-07
CUST01857,Pooja Gupta,Male,18,Amritsar,Punjab,R009,Premium,Instagram,2024-08-27
CUST01858,Ananya Kumar,Male,47,Ludhiana,Punjab,R008,Premium,Organic,2023-11-01
CUST01859,Rahul Shah,Female,60,Mysuru,Karnataka,R018,Standard,Instagram,2025-01-05
CUST01860,Rahul Sharma,Male,35,Visakhapatnam,Andhra Pradesh,R023,Standard,Referral,2023-10-18
CUST01861,Rohan Verma,Male,43,Mysuru,Karnataka,R018,Premium,Referral,2023-04-12
CUST01862,Kavya Mhaske,Male,64,Bhubaneswar,Odisha,R013,Corporate,Referral,2025-05-16
CUST01863,Meera Singh,Female,26,Mysuru,Karnataka,R018,Standard,Google Ads,2025-08-25
CUST01864,Vivaan Kumar,Male,26,Chennai,Tamil Nadu,R015,Standard,Organic,2025-08-31
CUST01865,Aarav Nair,Male,18,Surat,Gujarat,R004,Standard,Google Ads,2025-04-21
CUST01866,Neha Kumar,Male,24,Bengaluru,Karnataka,R017,Standard,Email,2025-08-19
CUST01867,Aarav Mehta,Female,61,Jaipur,Rajasthan,R005,Premium,Referral,2025-07-30
CUST01868,Sneha Deshmukh,Male,59,Vijayawada,Andhra Pradesh,R022,Corporate,Organic,2025-10-23
CUST01869,Vivaan Mhaske,Male,33,Coimbatore,Tamil Nadu,R016,Standard,Referral,2023-03-26
CUST01870,Vivaan Kumar,Female,55,Amritsar,Punjab,R009,Standard,Organic,2023-11-24
CUST01871,Meera Patil,Male,28,Lucknow,Uttar Pradesh,R010,Premium,Google Ads,2025-03-26
CUST01872,Priya Patil,Male,42,Bhopal,Madhya Pradesh,R024,Standard,Google Ads,2024-03-29
CUST01873,Meera Sharma,Female,46,Mysuru,Karnataka,R018,Standard,Referral,2024-09-20
CUST01874,Amit Nair,Male,36,Bengaluru,Karnataka,R017,Premium,Instagram,2026-05-29
CUST01875,Vivaan Mehta,Female,35,Mysuru,Karnataka,R018,Premium,Organic,2026-03-23
CUST01876,Rahul Gupta,Male,64,New Delhi,Delhi,R007,Standard,Email,2024-10-26
CUST01877,Aditya Mhaske,Male,46,Surat,Gujarat,R004,Premium,Instagram,2023-01-12
CUST01878,Isha Nair,Female,33,Jaipur,Rajasthan,R005,Standard,Google Ads,2026-03-02
CUST01879,Aditya Singh,Female,63,Visakhapatnam,Andhra Pradesh,R023,Standard,Organic,2023-10-31
CUST01880,Pooja Verma,Male,57,Coimbatore,Tamil Nadu,R016,Standard,Instagram,2025-09-01
CUST01881,Isha Mhaske,Male,25,Ahmedabad,Gujarat,R003,Standard,Email,2025-02-21
CUST01882,Vivaan Mhaske,Female,51,Mysuru,Karnataka,R018,Standard,Instagram,2023-02-12
CUST01883,Arjun Singh,Female,23,Visakhapatnam,Andhra Pradesh,R023,Standard,Email,2025-08-01
CUST01884,Meera Verma,Male,62,Thiruvananthapuram,Kerala,R021,Premium,Google Ads,2023-12-09
CUST01885,Karan Mhaske,Female,62,Patna,Bihar,R014,Premium,Organic,2024-05-12
CUST01886,Sneha Mhaske,Male,47,Chennai,Tamil Nadu,R015,Standard,Google Ads,2023-12-30
CUST01887,Aditya Kumar,Male,61,Bengaluru,Karnataka,R017,Standard,Organic,2025-06-09
CUST01888,Arjun Sharma,Male,51,Mumbai,Maharashtra,R001,Standard,Instagram,2024-03-02
CUST01889,Vivaan Mehta,Male,38,Indore,Madhya Pradesh,R025,Standard,Google Ads,2025-10-01
CUST01890,Isha Patil,Male,29,Thiruvananthapuram,Kerala,R021,Standard,Organic,2023-01-21
CUST01891,Pooja Mhaske,Male,23,Bengaluru,Karnataka,R017,Premium,Email,2024-02-11
CUST01892,Rohan Kumar,Male,56,Visakhapatnam,Andhra Pradesh,R023,Standard,Organic,2024-09-10
CUST01893,Meera Nair,Male,23,Indore,Madhya Pradesh,R025,Standard,Google Ads,2025-10-11
CUST01894,Aarav Deshmukh,Male,21,Noida,Uttar Pradesh,R011,Standard,Google Ads,2023-12-02
CUST01895,Aarav Mehta,Male,26,Bengaluru,Karnataka,R017,Standard,Instagram,2026-02-14
CUST01896,Meera Patil,Female,22,Patna,Bihar,R014,Corporate,Email,2026-02-21
CUST01897,Aditya Joshi,Male,27,Kochi,Kerala,R020,Standard,Organic,2024-02-03
CUST01898,Neha Mhaske,Female,64,Hyderabad,Telangana,R019,Standard,Google Ads,2025-03-03
CUST01899,Karan Deshmukh,Male,25,Thiruvananthapuram,Kerala,R021,Premium,Organic,2024-12-15
CUST01900,Priya Joshi,Male,40,New Delhi,Delhi,R007,Standard,Referral,2023-02-20
CUST01901,Arjun Verma,Female,21,Bhopal,Madhya Pradesh,R024,Standard,Email,2023-11-20
CUST01902,Arjun Singh,Female,54,Bhubaneswar,Odisha,R013,Premium,Email,2025-02-27
CUST01903,Arjun Gupta,Male,24,Mysuru,Karnataka,R018,Premium,Referral,2023-05-21
CUST01904,Neha Nair,Male,23,Visakhapatnam,Andhra Pradesh,R023,Standard,Email,2024-04-14
CUST01905,Amit Kumar,Female,62,Patna,Bihar,R014,Standard,Referral,2025-02-25
CUST01906,Rahul Gupta,Female,59,Mumbai,Maharashtra,R001,Premium,Organic,2025-08-21
CUST01907,Isha Shah,Female,32,New Delhi,Delhi,R007,Standard,Referral,2025-10-04
CUST01908,Amit Shah,Male,52,Ludhiana,Punjab,R008,Standard,Instagram,2024-01-08
CUST01909,Isha Nair,Male,49,Mysuru,Karnataka,R018,Standard,Referral,2024-05-08
CUST01910,Karan Deshmukh,Female,31,Amritsar,Punjab,R009,Standard,Organic,2025-01-20
CUST01911,Kavya Patil,Male,52,Mumbai,Maharashtra,R001,Standard,Email,2026-03-25
CUST01912,Aditya Nair,Female,28,Vijayawada,Andhra Pradesh,R022,Standard,Instagram,2023-10-18
CUST01913,Sneha Patil,Female,27,Bengaluru,Karnataka,R017,Premium,Referral,2026-03-13
CUST01914,Priya Joshi,Female,34,Hyderabad,Telangana,R019,Standard,Organic,2023-04-16
CUST01915,Sneha Patil,Male,30,Udaipur,Rajasthan,R006,Standard,Instagram,2024-10-31
CUST01916,Sneha Patil,Male,51,Ahmedabad,Gujarat,R003,Standard,Instagram,2023-01-02
CUST01917,Pooja Patil,Female,62,Bhopal,Madhya Pradesh,R024,Premium,Instagram,2024-08-11
CUST01918,Kavya Nair,Male,22,Jaipur,Rajasthan,R005,Standard,Referral,2024-10-05
CUST01919,Meera Verma,Male,65,Pune,Maharashtra,R002,Standard,Organic,2023-03-31
CUST01920,Aarav Patil,Male,27,Kochi,Kerala,R020,Standard,Organic,2023-12-16
CUST01921,Aditya Joshi,Male,49,Indore,Madhya Pradesh,R025,Standard,Organic,2026-02-05
CUST01922,Priya Sharma,Male,29,Surat,Gujarat,R004,Corporate,Google Ads,2025-11-28
CUST01923,Rohan Mhaske,Female,30,Lucknow,Uttar Pradesh,R010,Premium,Email,2025-06-27
CUST01924,Aditya Verma,Male,38,Lucknow,Uttar Pradesh,R010,Standard,Organic,2023-06-08
CUST01925,Isha Verma,Male,65,Bhopal,Madhya Pradesh,R024,Premium,Google Ads,2025-08-16
CUST01926,Amit Mhaske,Male,50,Thiruvananthapuram,Kerala,R021,Standard,Google Ads,2023-11-08
CUST01927,Karan Kumar,Male,58,Noida,Uttar Pradesh,R011,Standard,Instagram,2026-06-18
CUST01928,Ananya Joshi,Female,65,Coimbatore,Tamil Nadu,R016,Standard,Email,2024-03-20
CUST01929,Vivaan Gupta,Female,64,Bengaluru,Karnataka,R017,Premium,Instagram,2023-10-25
CUST01930,Rohan Nair,Male,49,Coimbatore,Tamil Nadu,R016,Standard,Email,2025-08-09
CUST01931,Meera Mehta,Female,29,New Delhi,Delhi,R007,Standard,Instagram,2023-02-05
CUST01932,Arjun Mehta,Male,63,Coimbatore,Tamil Nadu,R016,Standard,Referral,2026-01-12
CUST01933,Rahul Deshmukh,Female,52,Ahmedabad,Gujarat,R003,Standard,Email,2026-04-10
CUST01934,Ananya Joshi,Male,53,Coimbatore,Tamil Nadu,R016,Premium,Google Ads,2024-07-12
CUST01935,Vivaan Shah,Male,55,Ludhiana,Punjab,R008,Premium,Google Ads,2025-06-09
CUST01936,Aarav Patil,Female,65,Kolkata,West Bengal,R012,Premium,Email,2023-05-21
CUST01937,Aditya Shah,Female,45,Ahmedabad,Gujarat,R003,Premium,Instagram,2025-06-05
CUST01938,Vivaan Shah,Male,30,Bengaluru,Karnataka,R017,Corporate,Referral,2026-02-15
CUST01939,Aditya Mehta,Female,29,Thiruvananthapuram,Kerala,R021,Standard,Referral,2024-12-26
CUST01940,Kavya Shah,Male,39,Mysuru,Karnataka,R018,Standard,Organic,2026-05-28
CUST01941,Ananya Nair,Female,61,Noida,Uttar Pradesh,R011,Standard,Email,2025-11-15
CUST01942,Pooja Nair,Male,19,Surat,Gujarat,R004,Standard,Referral,2024-06-04
CUST01943,Meera Deshmukh,Female,46,Coimbatore,Tamil Nadu,R016,Standard,Instagram,2023-01-10
CUST01944,Arjun Nair,Male,30,Bengaluru,Karnataka,R017,Standard,Instagram,2025-09-10
CUST01945,Neha Shah,Male,52,Amritsar,Punjab,R009,Standard,Google Ads,2024-01-13
CUST01946,Aditya Nair,Female,30,Udaipur,Rajasthan,R006,Standard,Referral,2024-11-12
CUST01947,Aarav Shah,Female,51,Bhopal,Madhya Pradesh,R024,Corporate,Referral,2024-08-06
CUST01948,Rahul Mehta,Female,36,Kochi,Kerala,R020,Standard,Instagram,2023-06-01
CUST01949,Priya Patil,Male,26,Indore,Madhya Pradesh,R025,Standard,Google Ads,2024-12-20
CUST01950,Arjun Patil,Male,48,Pune,Maharashtra,R002,Premium,Referral,2025-12-08
CUST01951,Vivaan Mhaske,Male,50,Amritsar,Punjab,R009,Standard,Instagram,2026-03-23
CUST01952,Rahul Verma,Male,44,Thiruvananthapuram,Kerala,R021,Standard,Google Ads,2025-05-08
CUST01953,Vivaan Shah,Female,62,Udaipur,Rajasthan,R006,Standard,Google Ads,2023-02-19
CUST01954,Pooja Mehta,Male,19,Ahmedabad,Gujarat,R003,Premium,Instagram,2024-10-25
CUST01955,Vivaan Singh,Female,32,Kochi,Kerala,R020,Premium,Google Ads,2024-06-14
CUST01956,Amit Nair,Female,36,Udaipur,Rajasthan,R006,Premium,Google Ads,2025-12-19
CUST01957,Priya Singh,Male,48,New Delhi,Delhi,R007,Standard,Organic,2026-04-05
CUST01958,Amit Sharma,Female,33,Mumbai,Maharashtra,R001,Standard,Google Ads,2026-05-10
CUST01959,Rohan Shah,Female,60,Visakhapatnam,Andhra Pradesh,R023,Standard,Referral,2025-05-06
CUST01960,Aditya Sharma,Female,32,Mumbai,Maharashtra,R001,Corporate,Google Ads,2023-05-26
CUST01961,Karan Verma,Male,23,Jaipur,Rajasthan,R005,Premium,Referral,2025-07-03
CUST01962,Meera Mehta,Female,31,Udaipur,Rajasthan,R006,Standard,Instagram,2025-09-19
CUST01963,Karan Mehta,Male,44,Bhubaneswar,Odisha,R013,Premium,Google Ads,2023-08-30
CUST01964,Pooja Shah,Male,55,Pune,Maharashtra,R002,Standard,Instagram,2024-08-03
CUST01965,Arjun Verma,Female,36,Chennai,Tamil Nadu,R015,Corporate,Email,2024-11-17
CUST01966,Sneha Mehta,Female,54,Chennai,Tamil Nadu,R015,Premium,Google Ads,2024-04-27
CUST01967,Arjun Singh,Male,60,Bhubaneswar,Odisha,R013,Standard,Instagram,2026-02-05
CUST01968,Pooja Deshmukh,Female,21,Indore,Madhya Pradesh,R025,Premium,Email,2026-06-03
CUST01969,Rahul Nair,Female,43,Patna,Bihar,R014,Standard,Referral,2024-11-03
CUST01970,Isha Mehta,Male,26,Vijayawada,Andhra Pradesh,R022,Standard,Referral,2024-09-22
CUST01971,Pooja Kumar,Female,58,New Delhi,Delhi,R007,Premium,Referral,2024-10-22
CUST01972,Karan Verma,Female,57,Patna,Bihar,R014,Standard,Referral,2024-10-23
CUST01973,Kavya Shah,Female,32,Bhopal,Madhya Pradesh,R024,Standard,Referral,2025-03-15
CUST01974,Priya Deshmukh,Male,58,Lucknow,Uttar Pradesh,R010,Premium,Organic,2024-02-23
CUST01975,Neha Gupta,Male,54,Bengaluru,Karnataka,R017,Premium,Instagram,2025-09-14
CUST01976,Rohan Gupta,Female,21,Patna,Bihar,R014,Standard,Email,2026-03-29
CUST01977,Aditya Shah,Male,43,Ludhiana,Punjab,R008,Standard,Email,2024-10-11
CUST01978,Karan Deshmukh,Male,35,Surat,Gujarat,R004,Premium,Google Ads,2025-08-26
CUST01979,Kavya Verma,Female,58,Coimbatore,Tamil Nadu,R016,Standard,Instagram,2024-08-12
CUST01980,Neha Deshmukh,Male,52,Bhopal,Madhya Pradesh,R024,Premium,Organic,2026-01-05
CUST01981,Amit Kumar,Female,58,Bhubaneswar,Odisha,R013,Standard,Organic,2024-05-23
CUST01982,Kavya Mhaske,Female,58,Vijayawada,Andhra Pradesh,R022,Standard,Instagram,2024-03-16
CUST01983,Kavya Gupta,Female,46,Indore,Madhya Pradesh,R025,Standard,Referral,2025-07-09
CUST01984,Aditya Joshi,Female,41,Kochi,Kerala,R020,Standard,Referral,2025-02-08
CUST01985,Rohan Shah,Male,21,Mysuru,Karnataka,R018,Premium,Instagram,2023-09-20
CUST01986,Aditya Deshmukh,Male,38,Patna,Bihar,R014,Standard,Email,2024-09-28
CUST01987,Sneha Sharma,Female,56,Mysuru,Karnataka,R018,Standard,Referral,2026-04-05
CUST01988,Priya Mhaske,Male,24,Jaipur,Rajasthan,R005,Premium,Google Ads,2024-04-03
CUST01989,Kavya Shah,Female,40,Amritsar,Punjab,R009,Standard,Organic,2025-09-25
CUST01990,Kavya Mehta,Female,57,Ahmedabad,Gujarat,R003,Standard,Referral,2024-11-30
CUST01991,Ananya Joshi,Male,38,Ludhiana,Punjab,R008,Standard,Email,2023-10-29
CUST01992,Aditya Mhaske,Female,18,Kochi,Kerala,R020,Standard,Referral,2026-05-26
CUST01993,Vivaan Deshmukh,Male,58,Vijayawada,Andhra Pradesh,R022,Standard,Referral,2026-01-30
CUST01994,Ananya Verma,Male,42,Lucknow,Uttar Pradesh,R010,Standard,Organic,2024-07-07
CUST01995,Priya Singh,Female,48,Vijayawada,Andhra Pradesh,R022,Standard,Google Ads,2023-10-15
CUST01996,Vivaan Deshmukh,Female,61,Hyderabad,Telangana,R019,Premium,Google Ads,2026-04-05
CUST01997,Kavya Joshi,Male,55,Thiruvananthapuram,Kerala,R021,Standard,Email,2024-09-12
CUST01998,Priya Gupta,Male,62,Ahmedabad,Gujarat,R003,Premium,Instagram,2025-10-02
CUST01999,Amit Verma,Male,22,Noida,Uttar Pradesh,R011,Premium,Instagram,2023-02-05
CUST02000,Isha Mehta,Male,48,Noida,Uttar Pradesh,R011,Standard,Instagram,2025-01-13
CUST02001,Isha Joshi,Male,18,Bengaluru,Karnataka,R017,Standard,Email,2023-12-19
CUST02002,Vivaan Joshi,Male,47,Coimbatore,Tamil Nadu,R016,Standard,Referral,2023-03-14
CUST02003,Kavya Verma,Female,35,New Delhi,Delhi,R007,Standard,Google Ads,2024-10-09
CUST02004,Arjun Sharma,Female,25,Surat,Gujarat,R004,Corporate,Google Ads,2025-12-29
CUST02005,Sneha Mhaske,Male,43,Visakhapatnam,Andhra Pradesh,R023,Standard,Referral,2024-02-29
CUST02006,Rahul Gupta,Male,57,Hyderabad,Telangana,R019,Corporate,Google Ads,2025-09-25
CUST02007,Vivaan Verma,Female,32,Kolkata,West Bengal,R012,Premium,Google Ads,2024-12-08
CUST02008,Aarav Deshmukh,Female,36,Chennai,Tamil Nadu,R015,Standard,Instagram,2024-07-14
CUST02009,Aarav Singh,Female,27,Noida,Uttar Pradesh,R011,Standard,Instagram,2025-04-07
CUST02010,Amit Mhaske,Male,41,Jaipur,Rajasthan,R005,Standard,Organic,2025-08-13
CUST02011,Sneha Sharma,Male,33,Jaipur,Rajasthan,R005,Premium,Organic,2024-05-31
CUST02012,Amit Mhaske,Male,60,Chennai,Tamil Nadu,R015,Premium,Google Ads,2024-03-03
CUST02013,Isha Mehta,Female,48,Mysuru,Karnataka,R018,Standard,Instagram,2023-06-09
CUST02014,Sneha Nair,Male,61,Noida,Uttar Pradesh,R011,Standard,Organic,2023-05-29
CUST02015,Rohan Nair,Female,33,Kolkata,West Bengal,R012,Standard,Organic,2025-02-14
CUST02016,Pooja Singh,Male,33,Pune,Maharashtra,R002,Premium,Instagram,2026-06-07
CUST02017,Pooja Nair,Male,45,Kochi,Kerala,R020,Corporate,Organic,2023-03-08
CUST02018,Arjun Nair,Female,37,Chennai,Tamil Nadu,R015,Standard,Referral,2025-10-10
CUST02019,Ananya Singh,Male,52,Kochi,Kerala,R020,Standard,Referral,2024-01-16
CUST02020,Ananya Mehta,Female,26,Surat,Gujarat,R004,Standard,Instagram,2023-02-27
CUST02021,Arjun Kumar,Male,57,Vijayawada,Andhra Pradesh,R022,Standard,Instagram,2023-12-08
CUST02022,Neha Patil,Male,27,Mysuru,Karnataka,R018,Premium,Organic,2026-02-27
CUST02023,Amit Deshmukh,Male,62,Udaipur,Rajasthan,R006,Standard,Google Ads,2024-12-27
CUST02024,Neha Nair,Male,35,Visakhapatnam,Andhra Pradesh,R023,Premium,Email,2026-04-10
CUST02025,Rahul Sharma,Male,62,Hyderabad,Telangana,R019,Standard,Referral,2025-02-08
CUST02026,Rohan Kumar,Female,62,Noida,Uttar Pradesh,R011,Standard,Referral,2024-09-05
CUST02027,Aarav Patil,Female,32,Bhopal,Madhya Pradesh,R024,Standard,Instagram,2026-05-17
CUST02028,Isha Sharma,Male,62,Pune,Maharashtra,R002,Premium,Google Ads,2023-12-20
CUST02029,Rahul Patil,Male,47,Ludhiana,Punjab,R008,Premium,Instagram,2023-04-26
CUST02030,Meera Mehta,Female,65,Noida,Uttar Pradesh,R011,Standard,Organic,2024-10-23
CUST02031,Priya Verma,Male,49,Jaipur,Rajasthan,R005,Standard,Google Ads,2024-03-28
CUST02032,Aarav Joshi,Male,57,Mysuru,Karnataka,R018,Standard,Organic,2023-10-14
CUST02033,Karan Gupta,Male,44,Visakhapatnam,Andhra Pradesh,R023,Standard,Referral,2025-10-13
CUST02034,Vivaan Kumar,Female,44,Mysuru,Karnataka,R018,Premium,Instagram,2023-11-07
CUST02035,Aarav Joshi,Male,36,Patna,Bihar,R014,Standard,Instagram,2023-07-27
CUST02036,Aarav Nair,Female,27,Vijayawada,Andhra Pradesh,R022,Standard,Email,2024-09-09
CUST02037,Rohan Singh,Male,61,Lucknow,Uttar Pradesh,R010,Premium,Google Ads,2024-03-21
CUST02038,Kavya Gupta,Male,63,Ahmedabad,Gujarat,R003,Standard,Referral,2024-10-31
CUST02039,Kavya Patil,Male,23,Amritsar,Punjab,R009,Standard,Email,2024-09-24
CUST02040,Vivaan Deshmukh,Female,41,Ahmedabad,Gujarat,R003,Standard,Email,2023-02-24
CUST02041,Rahul Gupta,Female,26,Noida,Uttar Pradesh,R011,Premium,Instagram,2025-06-30
CUST02042,Amit Singh,Male,44,Kolkata,West Bengal,R012,Standard,Google Ads,2025-11-01
CUST02043,Vivaan Shah,Male,24,Kolkata,West Bengal,R012,Standard,Instagram,2024-10-18
CUST02044,Aarav Gupta,Female,23,Ahmedabad,Gujarat,R003,Premium,Google Ads,2025-09-06
CUST02045,Arjun Nair,Female,50,Thiruvananthapuram,Kerala,R021,Standard,Email,2024-05-29
CUST02046,Aditya Patil,Male,38,New Delhi,Delhi,R007,Premium,Organic,2023-08-25
CUST02047,Priya Patil,Female,63,Patna,Bihar,R014,Corporate,Referral,2023-12-14
CUST02048,Pooja Verma,Male,55,Bhopal,Madhya Pradesh,R024,Premium,Email,2024-09-18
CUST02049,Vivaan Verma,Male,61,Noida,Uttar Pradesh,R011,Premium,Instagram,2026-02-01
CUST02050,Aditya Deshmukh,Male,34,New Delhi,Delhi,R007,Standard,Referral,2024-09-21
CUST02051,Amit Shah,Female,48,Indore,Madhya Pradesh,R025,Standard,Email,2026-06-25
CUST02052,Kavya Nair,Male,54,Thiruvananthapuram,Kerala,R021,Premium,Google Ads,2023-12-30
CUST02053,Aditya Kumar,Female,28,Lucknow,Uttar Pradesh,R010,Standard,Instagram,2023-11-17
CUST02054,Neha Joshi,Female,45,Noida,Uttar Pradesh,R011,Premium,Email,2023-10-13
CUST02055,Rohan Verma,Female,22,Chennai,Tamil Nadu,R015,Corporate,Google Ads,2023-05-29
CUST02056,Rahul Kumar,Male,29,Hyderabad,Telangana,R019,Standard,Google Ads,2026-01-12
CUST02057,Aditya Patil,Male,20,Coimbatore,Tamil Nadu,R016,Standard,Google Ads,2024-02-10
CUST02058,Aditya Nair,Female,58,Vijayawada,Andhra Pradesh,R022,Premium,Referral,2025-09-04
CUST02059,Amit Kumar,Female,55,Thiruvananthapuram,Kerala,R021,Premium,Instagram,2024-03-31
CUST02060,Aarav Joshi,Female,19,Kochi,Kerala,R020,Premium,Google Ads,2025-03-10
CUST02061,Neha Nair,Male,43,Kolkata,West Bengal,R012,Premium,Email,2026-03-30
CUST02062,Isha Mhaske,Male,19,Mysuru,Karnataka,R018,Premium,Google Ads,2025-10-09
CUST02063,Kavya Mhaske,Female,29,Visakhapatnam,Andhra Pradesh,R023,Premium,Instagram,2025-02-22
CUST02064,Karan Verma,Male,57,Bhubaneswar,Odisha,R013,Standard,Referral,2024-04-04
CUST02065,Pooja Kumar,Female,19,Jaipur,Rajasthan,R005,Premium,Google Ads,2025-01-07
CUST02066,Rahul Mhaske,Male,58,Surat,Gujarat,R004,Standard,Email,2024-05-23
CUST02067,Kavya Verma,Male,33,Patna,Bihar,R014,Standard,Instagram,2024-04-25
CUST02068,Pooja Verma,Male,47,Ludhiana,Punjab,R008,Standard,Google Ads,2023-04-24
CUST02069,Karan Singh,Male,64,Amritsar,Punjab,R009,Standard,Referral,2025-01-18
CUST02070,Amit Deshmukh,Male,63,Indore,Madhya Pradesh,R025,Standard,Organic,2023-12-27
CUST02071,Kavya Singh,Female,53,Hyderabad,Telangana,R019,Standard,Email,2023-12-07
CUST02072,Aditya Mhaske,Male,21,Ahmedabad,Gujarat,R003,Standard,Google Ads,2025-02-08
CUST02073,Ananya Mhaske,Male,28,Jaipur,Rajasthan,R005,Standard,Google Ads,2025-01-30
CUST02074,Sneha Mehta,Female,41,Thiruvananthapuram,Kerala,R021,Standard,Organic,2025-08-26
CUST02075,Vivaan Sharma,Male,35,Mysuru,Karnataka,R018,Premium,Instagram,2024-03-24
CUST02076,Meera Shah,Male,44,Mumbai,Maharashtra,R001,Premium,Organic,2025-04-14
CUST02077,Priya Sharma,Female,54,Ludhiana,Punjab,R008,Premium,Instagram,2026-04-18
CUST02078,Arjun Mhaske,Female,19,Hyderabad,Telangana,R019,Standard,Google Ads,2026-05-04
CUST02079,Rahul Nair,Male,32,Bengaluru,Karnataka,R017,Premium,Organic,2023-11-07
CUST02080,Neha Nair,Male,28,Bengaluru,Karnataka,R017,Standard,Google Ads,2023-09-19
CUST02081,Isha Kumar,Female,44,Noida,Uttar Pradesh,R011,Standard,Organic,2024-02-10
CUST02082,Sneha Deshmukh,Male,65,Pune,Maharashtra,R002,Premium,Google Ads,2023-05-23
CUST02083,Meera Gupta,Female,64,Udaipur,Rajasthan,R006,Premium,Google Ads,2023-12-08
CUST02084,Karan Verma,Female,40,Vijayawada,Andhra Pradesh,R022,Premium,Google Ads,2026-01-29
CUST02085,Rahul Nair,Female,52,Patna,Bihar,R014,Premium,Referral,2023-09-01
CUST02086,Aditya Gupta,Male,47,Ahmedabad,Gujarat,R003,Standard,Organic,2024-05-04
CUST02087,Sneha Mhaske,Male,64,Kolkata,West Bengal,R012,Premium,Referral,2023-01-12
CUST02088,Rahul Shah,Female,41,Surat,Gujarat,R004,Premium,Google Ads,2026-06-16
CUST02089,Pooja Gupta,Male,36,Kolkata,West Bengal,R012,Premium,Email,2024-07-14
CUST02090,Rohan Deshmukh,Male,46,Bhubaneswar,Odisha,R013,Premium,Instagram,2023-02-11
CUST02091,Aarav Nair,Female,30,Pune,Maharashtra,R002,Standard,Organic,2024-11-08
CUST02092,Priya Singh,Male,65,Pune,Maharashtra,R002,Standard,Organic,2024-08-16
CUST02093,Aarav Singh,Male,40,Chennai,Tamil Nadu,R015,Standard,Instagram,2026-03-27
CUST02094,Vivaan Kumar,Female,29,Visakhapatnam,Andhra Pradesh,R023,Standard,Referral,2026-05-24
CUST02095,Ananya Mhaske,Male,65,Bengaluru,Karnataka,R017,Standard,Instagram,2023-05-14
CUST02096,Priya Singh,Male,58,New Delhi,Delhi,R007,Standard,Email,2025-12-26
CUST02097,Rohan Verma,Male,46,Patna,Bihar,R014,Corporate,Google Ads,2025-10-27
CUST02098,Rahul Patil,Female,23,Kolkata,West Bengal,R012,Premium,Instagram,2025-08-05
CUST02099,Priya Mehta,Male,40,Bengaluru,Karnataka,R017,Premium,Instagram,2023-03-14
CUST02100,Karan Mehta,Male,48,Patna,Bihar,R014,Standard,Google Ads,2024-02-03
CUST02101,Amit Mehta,Female,62,Udaipur,Rajasthan,R006,Standard,Organic,2024-07-31
CUST02102,Rohan Joshi,Female,38,Hyderabad,Telangana,R019,Premium,Email,2025-05-08
CUST02103,Sneha Sharma,Male,41,Bhopal,Madhya Pradesh,R024,Standard,Instagram,2023-05-10
CUST02104,Pooja Gupta,Female,25,Udaipur,Rajasthan,R006,Premium,Instagram,2025-07-19
CUST02105,Amit Sharma,Male,61,Mysuru,Karnataka,R018,Corporate,Organic,2026-05-14
CUST02106,Vivaan Deshmukh,Female,26,Bhopal,Madhya Pradesh,R024,Standard,Email,2023-09-23
CUST02107,Sneha Mhaske,Male,39,Jaipur,Rajasthan,R005,Premium,Google Ads,2025-03-03
CUST02108,Rohan Joshi,Male,21,Bhopal,Madhya Pradesh,R024,Standard,Google Ads,2023-09-10
CUST02109,Neha Gupta,Female,30,Bhopal,Madhya Pradesh,R024,Premium,Referral,2025-04-01
CUST02110,Meera Verma,Male,51,Udaipur,Rajasthan,R006,Standard,Email,2023-06-13
CUST02111,Ananya Nair,Male,20,Pune,Maharashtra,R002,Standard,Email,2023-04-05
CUST02112,Kavya Patil,Male,54,Ludhiana,Punjab,R008,Premium,Instagram,2025-04-12
CUST02113,Aditya Gupta,Female,45,Chennai,Tamil Nadu,R015,Premium,Referral,2026-02-07
CUST02114,Ananya Patil,Male,43,Chennai,Tamil Nadu,R015,Premium,Google Ads,2023-12-02
CUST02115,Isha Verma,Male,63,Noida,Uttar Pradesh,R011,Standard,Email,2025-04-01
CUST02116,Aarav Verma,Male,51,Vijayawada,Andhra Pradesh,R022,Premium,Email,2023-08-26
CUST02117,Meera Joshi,Male,32,Vijayawada,Andhra Pradesh,R022,Premium,Organic,2024-01-16
CUST02118,Kavya Nair,Male,25,Bhopal,Madhya Pradesh,R024,Corporate,Google Ads,2025-06-17
CUST02119,Aditya Mehta,Male,65,Mumbai,Maharashtra,R001,Corporate,Organic,2024-04-27
CUST02120,Karan Singh,Male,52,Mysuru,Karnataka,R018,Premium,Referral,2025-06-20
CUST02121,Rohan Sharma,Male,41,Kolkata,West Bengal,R012,Premium,Email,2025-11-14
CUST02122,Rahul Mhaske,Female,54,Kolkata,West Bengal,R012,Standard,Referral,2026-02-14
CUST02123,Meera Mehta,Female,21,Indore,Madhya Pradesh,R025,Standard,Organic,2024-04-26
CUST02124,Kavya Sharma,Female,29,Noida,Uttar Pradesh,R011,Standard,Google Ads,2025-07-05
CUST02125,Karan Joshi,Male,36,Ludhiana,Punjab,R008,Premium,Email,2025-09-20
CUST02126,Amit Nair,Female,32,New Delhi,Delhi,R007,Premium,Google Ads,2025-08-21
CUST02127,Priya Mehta,Male,47,Visakhapatnam,Andhra Pradesh,R023,Premium,Referral,2024-06-20
CUST02128,Priya Verma,Female,62,Thiruvananthapuram,Kerala,R021,Standard,Instagram,2026-01-07
CUST02129,Isha Shah,Male,54,Pune,Maharashtra,R002,Standard,Google Ads,2026-04-11
CUST02130,Rohan Deshmukh,Male,29,Noida,Uttar Pradesh,R011,Standard,Google Ads,2025-11-01
CUST02131,Kavya Mhaske,Male,36,Vijayawada,Andhra Pradesh,R022,Standard,Google Ads,2023-05-08
CUST02132,Kavya Deshmukh,Male,51,Lucknow,Uttar Pradesh,R010,Standard,Email,2023-04-02
CUST02133,Arjun Gupta,Female,24,Ahmedabad,Gujarat,R003,Corporate,Referral,2024-06-26
CUST02134,Amit Singh,Female,45,Kochi,Kerala,R020,Standard,Referral,2025-04-25
CUST02135,Priya Kumar,Female,45,Lucknow,Uttar Pradesh,R010,Standard,Email,2025-09-15
CUST02136,Karan Kumar,Female,46,Mysuru,Karnataka,R018,Standard,Google Ads,2024-03-22
CUST02137,Aditya Mehta,Male,54,Patna,Bihar,R014,Corporate,Google Ads,2024-01-25
CUST02138,Rohan Joshi,Male,37,Mysuru,Karnataka,R018,Premium,Instagram,2024-11-02
CUST02139,Neha Mehta,Female,28,Bhopal,Madhya Pradesh,R024,Standard,Google Ads,2023-02-12
CUST02140,Priya Nair,Male,56,Ludhiana,Punjab,R008,Corporate,Organic,2023-09-11
CUST02141,Kavya Verma,Female,59,Lucknow,Uttar Pradesh,R010,Standard,Google Ads,2026-02-27
CUST02142,Rahul Kumar,Male,40,Vijayawada,Andhra Pradesh,R022,Standard,Instagram,2025-12-19
CUST02143,Aarav Nair,Male,63,Bhubaneswar,Odisha,R013,Standard,Organic,2024-10-24
CUST02144,Rohan Verma,Female,37,Thiruvananthapuram,Kerala,R021,Standard,Instagram,2024-04-11
CUST02145,Rahul Shah,Male,37,Ludhiana,Punjab,R008,Premium,Instagram,2023-10-14
CUST02146,Rahul Patil,Male,28,Surat,Gujarat,R004,Corporate,Referral,2025-10-07
CUST02147,Karan Patil,Male,19,Surat,Gujarat,R004,Premium,Email,2025-02-16
CUST02148,Arjun Nair,Female,30,Jaipur,Rajasthan,R005,Standard,Instagram,2023-12-11
CUST02149,Isha Gupta,Male,30,Mumbai,Maharashtra,R001,Standard,Google Ads,2024-10-03
CUST02150,Pooja Sharma,Male,58,Bengaluru,Karnataka,R017,Standard,Referral,2024-01-17
CUST02151,Rohan Patil,Male,32,Pune,Maharashtra,R002,Standard,Organic,2024-11-20
CUST02152,Pooja Gupta,Male,48,Ludhiana,Punjab,R008,Standard,Email,2026-06-30
CUST02153,Kavya Singh,Male,40,New Delhi,Delhi,R007,Standard,Referral,2025-12-15
CUST02154,Ananya Kumar,Male,39,Chennai,Tamil Nadu,R015,Premium,Instagram,2024-04-01
CUST02155,Neha Nair,Female,33,Indore,Madhya Pradesh,R025,Premium,Referral,2025-09-09
CUST02156,Meera Singh,Female,59,Jaipur,Rajasthan,R005,Standard,Google Ads,2023-03-24
CUST02157,Rahul Nair,Male,46,Pune,Maharashtra,R002,Standard,Google Ads,2026-01-27
CUST02158,Arjun Patil,Female,37,New Delhi,Delhi,R007,Standard,Google Ads,2023-05-29
CUST02159,Vivaan Joshi,Female,45,Ludhiana,Punjab,R008,Standard,Email,2026-03-25
CUST02160,Rahul Joshi,Male,44,New Delhi,Delhi,R007,Standard,Referral,2023-07-09
CUST02161,Isha Shah,Male,61,New Delhi,Delhi,R007,Standard,Referral,2025-06-01
CUST02162,Aarav Sharma,Male,46,Patna,Bihar,R014,Premium,Instagram,2023-09-20
CUST02163,Meera Gupta,Male,22,Thiruvananthapuram,Kerala,R021,Corporate,Organic,2026-01-08
CUST02164,Vivaan Kumar,Male,59,Mysuru,Karnataka,R018,Standard,Google Ads,2024-02-04
CUST02165,Pooja Mhaske,Female,55,Udaipur,Rajasthan,R006,Premium,Organic,2025-02-02
CUST02166,Aarav Patil,Male,55,Surat,Gujarat,R004,Standard,Organic,2024-08-31
CUST02167,Priya Mehta,Female,61,Lucknow,Uttar Pradesh,R010,Corporate,Google Ads,2025-02-23
CUST02168,Amit Singh,Male,19,Mysuru,Karnataka,R018,Standard,Google Ads,2023-04-11
CUST02169,Sneha Kumar,Male,62,Kolkata,West Bengal,R012,Standard,Instagram,2025-03-30
CUST02170,Amit Mehta,Male,37,Coimbatore,Tamil Nadu,R016,Standard,Email,2026-05-29
CUST02171,Isha Kumar,Male,60,Indore,Madhya Pradesh,R025,Standard,Google Ads,2025-03-30
CUST02172,Aditya Singh,Female,64,New Delhi,Delhi,R007,Standard,Organic,2024-02-24
CUST02173,Isha Joshi,Female,30,Udaipur,Rajasthan,R006,Corporate,Instagram,2023-05-04
CUST02174,Kavya Mehta,Male,43,Jaipur,Rajasthan,R005,Premium,Referral,2024-02-26
CUST02175,Ananya Sharma,Female,52,Ahmedabad,Gujarat,R003,Standard,Instagram,2026-06-08
CUST02176,Aarav Joshi,Female,63,Kolkata,West Bengal,R012,Standard,Google Ads,2025-12-22
CUST02177,Isha Shah,Female,25,Chennai,Tamil Nadu,R015,Premium,Google Ads,2025-02-06
CUST02178,Isha Mhaske,Male,45,Lucknow,Uttar Pradesh,R010,Premium,Email,2024-04-27
CUST02179,Aditya Gupta,Female,58,Kochi,Kerala,R020,Premium,Instagram,2024-06-02
CUST02180,Kavya Shah,Male,32,Hyderabad,Telangana,R019,Standard,Google Ads,2023-06-04
CUST02181,Rohan Patil,Female,25,Coimbatore,Tamil Nadu,R016,Premium,Organic,2023-04-02
CUST02182,Meera Mhaske,Male,28,Noida,Uttar Pradesh,R011,Premium,Organic,2025-09-08
CUST02183,Rohan Mhaske,Male,46,Ludhiana,Punjab,R008,Standard,Instagram,2024-03-30
CUST02184,Pooja Gupta,Male,22,Ahmedabad,Gujarat,R003,Standard,Email,2024-08-20
CUST02185,Neha Nair,Male,64,Visakhapatnam,Andhra Pradesh,R023,Premium,Instagram,2024-05-24
CUST02186,Meera Mhaske,Female,64,New Delhi,Delhi,R007,Premium,Email,2026-04-21
CUST02187,Sneha Shah,Male,24,Visakhapatnam,Andhra Pradesh,R023,Standard,Organic,2024-01-21
CUST02188,Isha Singh,Male,35,New Delhi,Delhi,R007,Corporate,Google Ads,2024-02-09
CUST02189,Ananya Gupta,Female,45,Patna,Bihar,R014,Standard,Referral,2023-09-03
CUST02190,Rahul Shah,Male,29,Pune,Maharashtra,R002,Standard,Google Ads,2025-01-11
CUST02191,Pooja Singh,Male,29,Lucknow,Uttar Pradesh,R010,Standard,Organic,2024-10-22
CUST02192,Rohan Sharma,Female,53,Hyderabad,Telangana,R019,Corporate,Organic,2024-10-11
CUST02193,Ananya Deshmukh,Male,46,Amritsar,Punjab,R009,Standard,Google Ads,2025-06-19
CUST02194,Rahul Sharma,Male,28,Coimbatore,Tamil Nadu,R016,Standard,Google Ads,2023-03-06
CUST02195,Karan Joshi,Male,23,Hyderabad,Telangana,R019,Standard,Organic,2025-11-02
CUST02196,Amit Gupta,Female,38,Mysuru,Karnataka,R018,Standard,Google Ads,2023-08-01
CUST02197,Aarav Deshmukh,Female,27,Amritsar,Punjab,R009,Premium,Referral,2023-08-30
CUST02198,Meera Shah,Male,49,Coimbatore,Tamil Nadu,R016,Standard,Referral,2024-05-07
CUST02199,Neha Kumar,Male,64,Bhubaneswar,Odisha,R013,Premium,Instagram,2026-05-21
CUST02200,Rahul Mhaske,Male,50,Lucknow,Uttar Pradesh,R010,Corporate,Referral,2023-12-04
CUST02201,Karan Sharma,Female,34,Indore,Madhya Pradesh,R025,Standard,Organic,2023-06-22
CUST02202,Aditya Nair,Male,20,Kochi,Kerala,R020,Premium,Organic,2024-11-02
CUST02203,Ananya Joshi,Female,60,Patna,Bihar,R014,Standard,Instagram,2023-06-13
CUST02204,Pooja Verma,Male,35,Kolkata,West Bengal,R012,Standard,Email,2024-04-09
CUST02205,Amit Nair,Female,27,Indore,Madhya Pradesh,R025,Premium,Instagram,2025-09-21
CUST02206,Ananya Gupta,Female,58,Hyderabad,Telangana,R019,Premium,Email,2024-05-11
CUST02207,Rohan Joshi,Female,56,New Delhi,Delhi,R007,Standard,Email,2024-11-30
CUST02208,Kavya Mehta,Male,60,Visakhapatnam,Andhra Pradesh,R023,Standard,Google Ads,2024-01-30
CUST02209,Meera Nair,Female,25,Chennai,Tamil Nadu,R015,Corporate,Referral,2024-12-03
CUST02210,Amit Joshi,Male,51,Coimbatore,Tamil Nadu,R016,Premium,Email,2023-11-04
CUST02211,Amit Shah,Male,54,Ludhiana,Punjab,R008,Standard,Google Ads,2023-07-02
CUST02212,Isha Joshi,Male,58,Lucknow,Uttar Pradesh,R010,Standard,Instagram,2024-09-20
CUST02213,Aditya Nair,Female,50,Surat,Gujarat,R004,Standard,Instagram,2024-05-24
CUST02214,Aditya Joshi,Female,27,Hyderabad,Telangana,R019,Standard,Email,2024-06-29
CUST02215,Pooja Patil,Male,57,Hyderabad,Telangana,R019,Standard,Google Ads,2024-09-15
CUST02216,Pooja Patil,Female,35,Thiruvananthapuram,Kerala,R021,Standard,Organic,2024-08-16
CUST02217,Aditya Verma,Male,42,Chennai,Tamil Nadu,R015,Standard,Referral,2025-01-13
CUST02218,Meera Singh,Female,59,Patna,Bihar,R014,Premium,Email,2026-06-04
CUST02219,Isha Kumar,Female,58,Mumbai,Maharashtra,R001,Standard,Organic,2024-07-07
CUST02220,Meera Mehta,Female,53,Coimbatore,Tamil Nadu,R016,Premium,Referral,2023-01-21
CUST02221,Priya Joshi,Male,19,Lucknow,Uttar Pradesh,R010,Standard,Organic,2024-07-07
CUST02222,Arjun Patil,Female,36,Hyderabad,Telangana,R019,Standard,Google Ads,2024-02-01
CUST02223,Vivaan Verma,Female,27,Vijayawada,Andhra Pradesh,R022,Standard,Email,2024-09-16
CUST02224,Rohan Mhaske,Female,20,Ahmedabad,Gujarat,R003,Premium,Organic,2023-04-15
CUST02225,Rohan Gupta,Male,36,Jaipur,Rajasthan,R005,Standard,Organic,2023-07-11
CUST02226,Rahul Patil,Female,43,Amritsar,Punjab,R009,Standard,Organic,2023-01-17
CUST02227,Karan Gupta,Female,64,Mysuru,Karnataka,R018,Standard,Email,2026-02-17
CUST02228,Ananya Patil,Male,42,Noida,Uttar Pradesh,R011,Standard,Google Ads,2024-01-28
CUST02229,Amit Deshmukh,Male,34,Coimbatore,Tamil Nadu,R016,Standard,Google Ads,2024-02-29
CUST02230,Neha Sharma,Male,27,Pune,Maharashtra,R002,Premium,Organic,2023-05-09
CUST02231,Amit Deshmukh,Female,63,Kolkata,West Bengal,R012,Standard,Google Ads,2026-02-27
CUST02232,Rohan Sharma,Male,28,Vijayawada,Andhra Pradesh,R022,Premium,Referral,2024-07-25
CUST02233,Vivaan Verma,Male,28,Udaipur,Rajasthan,R006,Corporate,Google Ads,2023-01-29
CUST02234,Pooja Verma,Female,29,Noida,Uttar Pradesh,R011,Standard,Organic,2026-01-25
CUST02235,Vivaan Kumar,Male,57,Ludhiana,Punjab,R008,Premium,Referral,2025-10-30
CUST02236,Vivaan Mhaske,Male,65,Kolkata,West Bengal,R012,Premium,Email,2023-08-30
CUST02237,Meera Verma,Male,25,Pune,Maharashtra,R002,Corporate,Instagram,2023-08-20
CUST02238,Neha Mehta,Female,41,Amritsar,Punjab,R009,Standard,Google Ads,2025-02-27
CUST02239,Aarav Kumar,Female,31,Chennai,Tamil Nadu,R015,Premium,Referral,2024-12-15
CUST02240,Sneha Gupta,Male,40,Pune,Maharashtra,R002,Corporate,Instagram,2025-01-28
CUST02241,Amit Kumar,Female,53,Mumbai,Maharashtra,R001,Standard,Email,2025-03-12
CUST02242,Kavya Gupta,Male,34,Lucknow,Uttar Pradesh,R010,Standard,Instagram,2025-02-14
CUST02243,Meera Kumar,Female,62,Pune,Maharashtra,R002,Corporate,Email,2024-12-26
CUST02244,Priya Shah,Male,22,Kolkata,West Bengal,R012,Premium,Organic,2023-07-19
CUST02245,Karan Deshmukh,Male,20,Visakhapatnam,Andhra Pradesh,R023,Standard,Organic,2025-08-02
CUST02246,Vivaan Mhaske,Male,26,Ludhiana,Punjab,R008,Premium,Email,2023-03-20
CUST02247,Aarav Verma,Male,37,Jaipur,Rajasthan,R005,Standard,Instagram,2025-08-13
CUST02248,Kavya Gupta,Male,37,Vijayawada,Andhra Pradesh,R022,Standard,Google Ads,2025-05-05
CUST02249,Ananya Sharma,Female,36,Mumbai,Maharashtra,R001,Standard,Instagram,2026-04-11
CUST02250,Karan Patil,Female,38,Chennai,Tamil Nadu,R015,Standard,Instagram,2024-04-11
CUST02251,Aarav Patil,Male,33,Udaipur,Rajasthan,R006,Premium,Google Ads,2024-08-03
CUST02252,Kavya Gupta,Male,50,Kolkata,West Bengal,R012,Standard,Instagram,2025-07-28
CUST02253,Neha Deshmukh,Male,22,Ludhiana,Punjab,R008,Premium,Instagram,2024-03-24
CUST02254,Vivaan Patil,Male,41,Bhubaneswar,Odisha,R013,Standard,Referral,2023-03-28
CUST02255,Aditya Joshi,Female,32,Hyderabad,Telangana,R019,Standard,Email,2023-04-11
CUST02256,Ananya Mhaske,Male,43,Mumbai,Maharashtra,R001,Standard,Organic,2025-10-28
CUST02257,Aarav Singh,Female,61,Noida,Uttar Pradesh,R011,Standard,Email,2025-04-24
CUST02258,Aditya Sharma,Male,42,Kochi,Kerala,R020,Premium,Instagram,2026-05-08
CUST02259,Pooja Verma,Male,45,Mumbai,Maharashtra,R001,Standard,Google Ads,2023-03-28
CUST02260,Isha Sharma,Male,50,Ludhiana,Punjab,R008,Premium,Google Ads,2023-02-12
CUST02261,Aarav Nair,Male,63,Jaipur,Rajasthan,R005,Standard,Organic,2024-02-12
CUST02262,Vivaan Mehta,Male,35,Bengaluru,Karnataka,R017,Standard,Organic,2024-10-25
CUST02263,Karan Patil,Female,35,Ludhiana,Punjab,R008,Standard,Organic,2025-11-06
CUST02264,Ananya Patil,Male,55,Indore,Madhya Pradesh,R025,Premium,Google Ads,2023-05-28
CUST02265,Kavya Shah,Male,50,Lucknow,Uttar Pradesh,R010,Standard,Instagram,2023-10-04
CUST02266,Ananya Mehta,Female,44,Pune,Maharashtra,R002,Premium,Organic,2023-08-20
CUST02267,Priya Kumar,Male,32,Amritsar,Punjab,R009,Premium,Organic,2024-01-01
CUST02268,Sneha Singh,Female,61,Bhopal,Madhya Pradesh,R024,Standard,Google Ads,2026-06-05
CUST02269,Meera Nair,Male,30,Visakhapatnam,Andhra Pradesh,R023,Standard,Instagram,2024-03-11
CUST02270,Ananya Verma,Male,51,Ahmedabad,Gujarat,R003,Standard,Organic,2024-02-03
CUST02271,Aditya Sharma,Female,21,Mysuru,Karnataka,R018,Corporate,Instagram,2026-05-19
CUST02272,Ananya Mhaske,Female,52,New Delhi,Delhi,R007,Standard,Referral,2024-05-13
CUST02273,Sneha Deshmukh,Male,36,Chennai,Tamil Nadu,R015,Standard,Organic,2024-06-23
CUST02274,Rahul Singh,Male,48,Thiruvananthapuram,Kerala,R021,Standard,Organic,2024-07-16
CUST02275,Rahul Sharma,Female,42,Vijayawada,Andhra Pradesh,R022,Premium,Google Ads,2024-03-17
CUST02276,Priya Sharma,Male,57,Kochi,Kerala,R020,Premium,Referral,2025-02-11
CUST02277,Arjun Mhaske,Male,29,Mysuru,Karnataka,R018,Corporate,Referral,2023-12-16
CUST02278,Ananya Kumar,Female,29,Indore,Madhya Pradesh,R025,Corporate,Referral,2024-06-03
CUST02279,Sneha Nair,Female,59,Ahmedabad,Gujarat,R003,Standard,Email,2023-05-18
CUST02280,Amit Shah,Female,42,Visakhapatnam,Andhra Pradesh,R023,Standard,Google Ads,2025-09-18
CUST02281,Kavya Joshi,Female,50,Patna,Bihar,R014,Premium,Google Ads,2024-01-03
CUST02282,Kavya Kumar,Female,54,Bhopal,Madhya Pradesh,R024,Corporate,Organic,2026-05-28
CUST02283,Pooja Mehta,Female,45,Pune,Maharashtra,R002,Standard,Google Ads,2026-05-31
CUST02284,Amit Mehta,Female,60,Patna,Bihar,R014,Standard,Organic,2023-12-26
CUST02285,Vivaan Verma,Male,26,Vijayawada,Andhra Pradesh,R022,Corporate,Organic,2025-07-09
CUST02286,Kavya Shah,Male,31,Noida,Uttar Pradesh,R011,Standard,Email,2023-11-25
CUST02287,Rohan Mhaske,Female,20,Coimbatore,Tamil Nadu,R016,Standard,Google Ads,2025-08-19
CUST02288,Kavya Mhaske,Female,22,Ludhiana,Punjab,R008,Corporate,Google Ads,2024-04-07
CUST02289,Kavya Singh,Male,43,New Delhi,Delhi,R007,Premium,Email,2025-08-03
CUST02290,Aarav Sharma,Male,58,Noida,Uttar Pradesh,R011,Standard,Email,2025-08-20
CUST02291,Rahul Sharma,Female,35,Ahmedabad,Gujarat,R003,Standard,Google Ads,2025-04-15
CUST02292,Priya Kumar,Female,55,Bengaluru,Karnataka,R017,Standard,Google Ads,2023-06-18
CUST02293,Vivaan Singh,Male,38,Patna,Bihar,R014,Corporate,Organic,2023-08-05
CUST02294,Priya Mehta,Female,56,Udaipur,Rajasthan,R006,Corporate,Instagram,2024-01-13
CUST02295,Rahul Mehta,Female,33,Ludhiana,Punjab,R008,Premium,Organic,2023-04-29
CUST02296,Sneha Nair,Female,57,Vijayawada,Andhra Pradesh,R022,Standard,Referral,2023-07-09
CUST02297,Arjun Sharma,Female,40,Jaipur,Rajasthan,R005,Standard,Referral,2025-02-05
CUST02298,Pooja Mhaske,Male,46,Ludhiana,Punjab,R008,Premium,Instagram,2024-01-05
CUST02299,Isha Nair,Female,27,Pune,Maharashtra,R002,Standard,Email,2023-05-29
CUST02300,Arjun Patil,Male,22,Chennai,Tamil Nadu,R015,Premium,Referral,2024-10-13
CUST02301,Sneha Patil,Female,28,Kolkata,West Bengal,R012,Premium,Email,2025-02-08
CUST02302,Vivaan Shah,Male,46,Bengaluru,Karnataka,R017,Standard,Email,2024-01-09
CUST02303,Aarav Mehta,Male,62,Mumbai,Maharashtra,R001,Corporate,Organic,2025-02-19
CUST02304,Vivaan Singh,Male,44,Chennai,Tamil Nadu,R015,Standard,Email,2023-06-09
CUST02305,Aditya Mehta,Male,51,Patna,Bihar,R014,Premium,Instagram,2023-12-17
CUST02306,Rahul Sharma,Female,31,Kochi,Kerala,R020,Standard,Organic,2025-06-10
CUST02307,Karan Verma,Female,58,Vijayawada,Andhra Pradesh,R022,Premium,Instagram,2026-06-03
CUST02308,Neha Verma,Female,59,Coimbatore,Tamil Nadu,R016,Premium,Email,2024-06-06
CUST02309,Pooja Patil,Female,27,Amritsar,Punjab,R009,Standard,Referral,2024-06-05
CUST02310,Aditya Gupta,Male,59,Mumbai,Maharashtra,R001,Standard,Email,2025-02-21
CUST02311,Sneha Mehta,Female,28,Bengaluru,Karnataka,R017,Standard,Instagram,2023-09-30
CUST02312,Kavya Singh,Female,28,Bhubaneswar,Odisha,R013,Standard,Google Ads,2025-07-24
CUST02313,Amit Verma,Female,52,Thiruvananthapuram,Kerala,R021,Premium,Google Ads,2023-07-02
CUST02314,Amit Mehta,Male,36,Thiruvananthapuram,Kerala,R021,Standard,Referral,2024-05-02
CUST02315,Aditya Joshi,Female,41,Jaipur,Rajasthan,R005,Standard,Instagram,2025-04-25
CUST02316,Arjun Kumar,Female,18,Lucknow,Uttar Pradesh,R010,Standard,Referral,2023-05-04
CUST02317,Neha Joshi,Male,29,Udaipur,Rajasthan,R006,Premium,Organic,2025-09-11
CUST02318,Karan Kumar,Female,64,Bhopal,Madhya Pradesh,R024,Premium,Email,2025-02-28
CUST02319,Vivaan Deshmukh,Female,31,Hyderabad,Telangana,R019,Standard,Organic,2024-02-18
CUST02320,Rohan Shah,Male,20,Indore,Madhya Pradesh,R025,Premium,Google Ads,2026-04-10
CUST02321,Arjun Gupta,Female,62,Bhubaneswar,Odisha,R013,Premium,Email,2024-11-16
CUST02322,Priya Gupta,Female,49,Mumbai,Maharashtra,R001,Standard,Organic,2023-04-23
CUST02323,Amit Deshmukh,Female,33,Kochi,Kerala,R020,Premium,Google Ads,2025-06-06
CUST02324,Amit Deshmukh,Male,55,Indore,Madhya Pradesh,R025,Standard,Organic,2023-05-02
CUST02325,Arjun Mehta,Female,27,Chennai,Tamil Nadu,R015,Standard,Email,2026-05-30
CUST02326,Pooja Mehta,Male,34,Patna,Bihar,R014,Standard,Organic,2023-02-08
CUST02327,Arjun Singh,Male,57,Ludhiana,Punjab,R008,Standard,Email,2024-05-11
CUST02328,Karan Deshmukh,Female,21,Lucknow,Uttar Pradesh,R010,Premium,Organic,2025-02-18
CUST02329,Aarav Sharma,Female,32,Amritsar,Punjab,R009,Standard,Referral,2026-06-10
CUST02330,Isha Kumar,Female,50,Bengaluru,Karnataka,R017,Standard,Organic,2025-07-31
CUST02331,Ananya Joshi,Male,56,Amritsar,Punjab,R009,Standard,Organic,2023-05-29
CUST02332,Neha Shah,Male,27,Ahmedabad,Gujarat,R003,Premium,Referral,2025-10-18
CUST02333,Aditya Mehta,Female,24,Noida,Uttar Pradesh,R011,Premium,Google Ads,2024-10-22
CUST02334,Sneha Gupta,Male,50,Kolkata,West Bengal,R012,Standard,Email,2023-10-29
CUST02335,Aditya Gupta,Female,34,Lucknow,Uttar Pradesh,R010,Premium,Instagram,2023-08-26
CUST02336,Priya Sharma,Female,29,Indore,Madhya Pradesh,R025,Corporate,Google Ads,2024-10-08
CUST02337,Pooja Shah,Female,34,Bengaluru,Karnataka,R017,Standard,Email,2024-10-24
CUST02338,Arjun Singh,Male,64,Bengaluru,Karnataka,R017,Premium,Organic,2023-08-24
CUST02339,Vivaan Joshi,Female,33,Indore,Madhya Pradesh,R025,Standard,Google Ads,2023-07-22
CUST02340,Karan Sharma,Female,31,Noida,Uttar Pradesh,R011,Standard,Organic,2023-09-13
CUST02341,Isha Verma,Male,20,Vijayawada,Andhra Pradesh,R022,Standard,Google Ads,2024-08-20
CUST02342,Ananya Verma,Male,61,Surat,Gujarat,R004,Standard,Google Ads,2024-10-23
CUST02343,Isha Gupta,Male,47,New Delhi,Delhi,R007,Corporate,Instagram,2023-08-23
CUST02344,Pooja Nair,Male,63,Thiruvananthapuram,Kerala,R021,Standard,Referral,2024-06-17
CUST02345,Sneha Verma,Female,58,Patna,Bihar,R014,Premium,Google Ads,2025-05-09
CUST02346,Neha Joshi,Female,52,New Delhi,Delhi,R007,Standard,Organic,2025-02-08
CUST02347,Isha Patil,Female,43,Bhopal,Madhya Pradesh,R024,Premium,Instagram,2024-06-24
CUST02348,Aarav Deshmukh,Female,29,Ludhiana,Punjab,R008,Standard,Google Ads,2023-08-01
CUST02349,Aarav Singh,Female,48,Mumbai,Maharashtra,R001,Premium,Referral,2024-04-07
CUST02350,Meera Patil,Male,34,Bhopal,Madhya Pradesh,R024,Standard,Organic,2024-03-11
CUST02351,Meera Verma,Female,54,Vijayawada,Andhra Pradesh,R022,Corporate,Instagram,2023-10-10
CUST02352,Rohan Gupta,Female,25,Surat,Gujarat,R004,Premium,Email,2023-03-29
CUST02353,Meera Shah,Female,36,Kolkata,West Bengal,R012,Premium,Referral,2025-12-03
CUST02354,Rohan Mhaske,Female,43,Bhopal,Madhya Pradesh,R024,Standard,Email,2024-04-05
CUST02355,Rahul Patil,Female,21,Ahmedabad,Gujarat,R003,Standard,Email,2023-10-05
CUST02356,Amit Mhaske,Female,32,Bhubaneswar,Odisha,R013,Premium,Instagram,2024-02-25
CUST02357,Aarav Kumar,Female,64,Kochi,Kerala,R020,Standard,Instagram,2024-11-26
CUST02358,Karan Mhaske,Male,31,Udaipur,Rajasthan,R006,Standard,Instagram,2024-05-29
CUST02359,Isha Joshi,Female,47,Noida,Uttar Pradesh,R011,Standard,Email,2024-12-03
CUST02360,Neha Kumar,Female,65,Visakhapatnam,Andhra Pradesh,R023,Standard,Organic,2023-01-19
CUST02361,Aditya Patil,Male,59,Surat,Gujarat,R004,Standard,Instagram,2023-01-23
CUST02362,Isha Mehta,Male,41,Kochi,Kerala,R020,Standard,Referral,2024-02-17
CUST02363,Meera Joshi,Female,63,Coimbatore,Tamil Nadu,R016,Standard,Instagram,2025-11-19
CUST02364,Amit Deshmukh,Male,60,New Delhi,Delhi,R007,Standard,Instagram,2023-04-18
CUST02365,Rahul Verma,Male,51,Vijayawada,Andhra Pradesh,R022,Standard,Instagram,2026-02-25
CUST02366,Karan Verma,Female,36,Noida,Uttar Pradesh,R011,Standard,Email,2026-06-06
CUST02367,Meera Verma,Female,20,Bhopal,Madhya Pradesh,R024,Premium,Organic,2026-02-08
CUST02368,Sneha Nair,Female,21,Mumbai,Maharashtra,R001,Standard,Instagram,2023-05-16
CUST02369,Vivaan Sharma,Male,28,New Delhi,Delhi,R007,Premium,Email,2023-12-28
CUST02370,Arjun Joshi,Male,30,Kolkata,West Bengal,R012,Standard,Referral,2026-04-24
CUST02371,Sneha Deshmukh,Male,35,New Delhi,Delhi,R007,Standard,Organic,2023-05-09
CUST02372,Meera Deshmukh,Male,36,Visakhapatnam,Andhra Pradesh,R023,Standard,Email,2024-05-29
CUST02373,Sneha Mehta,Male,61,New Delhi,Delhi,R007,Standard,Google Ads,2024-03-24
CUST02374,Kavya Sharma,Female,50,Lucknow,Uttar Pradesh,R010,Premium,Referral,2026-02-01
CUST02375,Rahul Joshi,Female,55,Coimbatore,Tamil Nadu,R016,Standard,Referral,2026-06-01
CUST02376,Isha Joshi,Male,20,Ludhiana,Punjab,R008,Premium,Google Ads,2025-05-23
CUST02377,Priya Singh,Male,52,Amritsar,Punjab,R009,Corporate,Email,2024-04-17
CUST02378,Meera Shah,Male,18,Amritsar,Punjab,R009,Standard,Email,2025-10-30
CUST02379,Priya Verma,Male,52,Pune,Maharashtra,R002,Standard,Referral,2023-10-29
CUST02380,Aditya Nair,Male,53,Bhubaneswar,Odisha,R013,Standard,Email,2023-08-19
CUST02381,Isha Deshmukh,Female,55,Bhubaneswar,Odisha,R013,Corporate,Google Ads,2025-07-11
CUST02382,Kavya Nair,Male,56,Visakhapatnam,Andhra Pradesh,R023,Premium,Email,2025-12-25
CUST02383,Isha Mehta,Male,42,Visakhapatnam,Andhra Pradesh,R023,Premium,Referral,2025-07-25
CUST02384,Arjun Kumar,Male,57,Surat,Gujarat,R004,Standard,Email,2023-04-22
CUST02385,Isha Sharma,Female,30,Indore,Madhya Pradesh,R025,Premium,Organic,2025-11-02
CUST02386,Amit Nair,Male,21,Bhopal,Madhya Pradesh,R024,Premium,Google Ads,2024-05-14
CUST02387,Rohan Nair,Male,23,Kolkata,West Bengal,R012,Standard,Google Ads,2025-07-20
CUST02388,Aarav Verma,Male,28,Bengaluru,Karnataka,R017,Premium,Instagram,2024-08-20
CUST02389,Sneha Gupta,Female,18,Pune,Maharashtra,R002,Standard,Email,2023-08-22
CUST02390,Ananya Kumar,Male,25,Bhubaneswar,Odisha,R013,Standard,Google Ads,2024-08-24
CUST02391,Kavya Verma,Male,51,Mysuru,Karnataka,R018,Premium,Email,2023-11-10
CUST02392,Aditya Patil,Male,57,Chennai,Tamil Nadu,R015,Standard,Organic,2024-07-19
CUST02393,Arjun Shah,Male,26,Ludhiana,Punjab,R008,Standard,Referral,2025-11-01
CUST02394,Priya Verma,Male,53,Chennai,Tamil Nadu,R015,Standard,Referral,2023-07-28
CUST02395,Isha Mehta,Male,56,Mumbai,Maharashtra,R001,Standard,Instagram,2025-11-03
CUST02396,Rahul Joshi,Male,59,Kochi,Kerala,R020,Standard,Instagram,2025-11-09
CUST02397,Neha Patil,Male,54,Lucknow,Uttar Pradesh,R010,Corporate,Google Ads,2024-08-09
CUST02398,Rahul Shah,Male,59,Kolkata,West Bengal,R012,Standard,Google Ads,2025-10-11
CUST02399,Priya Deshmukh,Male,61,Jaipur,Rajasthan,R005,Standard,Google Ads,2025-12-29
CUST02400,Sneha Mhaske,Male,38,Amritsar,Punjab,R009,Premium,Organic,2026-05-19
CUST02401,Aarav Patil,Female,37,Visakhapatnam,Andhra Pradesh,R023,Standard,Instagram,2026-01-29
CUST02402,Pooja Singh,Female,55,Ludhiana,Punjab,R008,Standard,Instagram,2024-11-28
CUST02403,Meera Gupta,Female,18,Coimbatore,Tamil Nadu,R016,Standard,Referral,2023-05-12
CUST02404,Aarav Sharma,Female,52,Patna,Bihar,R014,Standard,Instagram,2026-03-01
CUST02405,Ananya Verma,Female,45,Indore,Madhya Pradesh,R025,Standard,Instagram,2025-11-09
CUST02406,Sneha Verma,Female,24,Bhubaneswar,Odisha,R013,Standard,Organic,2024-06-19
CUST02407,Kavya Singh,Female,60,Visakhapatnam,Andhra Pradesh,R023,Standard,Google Ads,2025-10-10
CUST02408,Rohan Mehta,Male,61,Thiruvananthapuram,Kerala,R021,Premium,Organic,2023-08-15
CUST02409,Pooja Singh,Male,26,Bhubaneswar,Odisha,R013,Standard,Email,2026-03-23
CUST02410,Aarav Mehta,Female,18,Jaipur,Rajasthan,R005,Corporate,Referral,2025-04-01
CUST02411,Neha Shah,Female,53,Coimbatore,Tamil Nadu,R016,Premium,Referral,2025-05-20
CUST02412,Amit Joshi,Male,51,Noida,Uttar Pradesh,R011,Standard,Referral,2024-02-09
CUST02413,Ananya Joshi,Female,51,Vijayawada,Andhra Pradesh,R022,Corporate,Google Ads,2023-07-21
CUST02414,Vivaan Patil,Male,34,Jaipur,Rajasthan,R005,Standard,Google Ads,2023-02-07
CUST02415,Rohan Joshi,Male,49,Bhubaneswar,Odisha,R013,Standard,Google Ads,2025-07-30
CUST02416,Aditya Verma,Male,19,Noida,Uttar Pradesh,R011,Standard,Referral,2023-07-07
CUST02417,Pooja Nair,Male,53,Indore,Madhya Pradesh,R025,Premium,Referral,2025-12-16
CUST02418,Aditya Joshi,Male,42,Hyderabad,Telangana,R019,Standard,Referral,2025-07-29
CUST02419,Amit Verma,Female,60,Ahmedabad,Gujarat,R003,Standard,Email,2025-11-09
CUST02420,Isha Joshi,Female,43,Chennai,Tamil Nadu,R015,Standard,Email,2023-09-30
CUST02421,Rahul Sharma,Female,62,New Delhi,Delhi,R007,Premium,Referral,2026-02-16
CUST02422,Priya Verma,Male,43,New Delhi,Delhi,R007,Standard,Google Ads,2024-08-05
CUST02423,Amit Patil,Female,38,Udaipur,Rajasthan,R006,Standard,Google Ads,2024-05-30
CUST02424,Vivaan Sharma,Male,35,Ahmedabad,Gujarat,R003,Standard,Email,2026-05-29
CUST02425,Vivaan Mehta,Male,46,Bhubaneswar,Odisha,R013,Premium,Email,2024-06-09
CUST02426,Pooja Kumar,Female,41,New Delhi,Delhi,R007,Standard,Referral,2023-12-02
CUST02427,Ananya Kumar,Male,64,Jaipur,Rajasthan,R005,Standard,Referral,2024-11-28
CUST02428,Karan Sharma,Male,45,Visakhapatnam,Andhra Pradesh,R023,Premium,Google Ads,2025-12-14
CUST02429,Aarav Nair,Male,29,Mysuru,Karnataka,R018,Standard,Instagram,2024-05-14
CUST02430,Priya Verma,Female,28,Vijayawada,Andhra Pradesh,R022,Premium,Google Ads,2025-06-18
CUST02431,Rohan Kumar,Male,44,Ludhiana,Punjab,R008,Corporate,Google Ads,2025-02-04
CUST02432,Isha Patil,Female,40,Bengaluru,Karnataka,R017,Premium,Referral,2024-06-19
CUST02433,Isha Mhaske,Female,50,Kochi,Kerala,R020,Standard,Instagram,2023-06-11
CUST02434,Rohan Mehta,Female,33,Mumbai,Maharashtra,R001,Standard,Instagram,2024-08-16
CUST02435,Arjun Nair,Female,45,Patna,Bihar,R014,Standard,Referral,2023-06-08
CUST02436,Vivaan Joshi,Male,45,Bengaluru,Karnataka,R017,Corporate,Organic,2026-04-26
CUST02437,Arjun Kumar,Male,62,Lucknow,Uttar Pradesh,R010,Corporate,Referral,2023-03-01
CUST02438,Karan Joshi,Male,55,Kolkata,West Bengal,R012,Standard,Email,2025-07-03
CUST02439,Priya Deshmukh,Male,23,Coimbatore,Tamil Nadu,R016,Premium,Instagram,2023-07-30
CUST02440,Arjun Joshi,Female,59,Patna,Bihar,R014,Premium,Referral,2024-02-10
CUST02441,Priya Mehta,Male,46,Coimbatore,Tamil Nadu,R016,Standard,Google Ads,2024-10-25
CUST02442,Kavya Nair,Male,51,Ludhiana,Punjab,R008,Standard,Google Ads,2026-02-06
CUST02443,Aarav Verma,Female,20,Visakhapatnam,Andhra Pradesh,R023,Standard,Google Ads,2026-01-04
CUST02444,Vivaan Deshmukh,Female,23,Lucknow,Uttar Pradesh,R010,Standard,Referral,2024-06-25
CUST02445,Meera Gupta,Female,65,Bengaluru,Karnataka,R017,Corporate,Organic,2025-09-24
CUST02446,Aditya Verma,Female,55,Mysuru,Karnataka,R018,Corporate,Email,2026-02-14
CUST02447,Rohan Mehta,Female,30,Kochi,Kerala,R020,Standard,Google Ads,2025-07-15
CUST02448,Aarav Joshi,Female,53,Coimbatore,Tamil Nadu,R016,Standard,Referral,2025-05-17
CUST02449,Karan Joshi,Male,32,Bengaluru,Karnataka,R017,Standard,Organic,2023-01-19
CUST02450,Amit Deshmukh,Female,23,Coimbatore,Tamil Nadu,R016,Premium,Instagram,2024-03-07
CUST02451,Isha Verma,Female,50,Hyderabad,Telangana,R019,Premium,Instagram,2025-01-09
CUST02452,Pooja Joshi,Male,58,Bhopal,Madhya Pradesh,R024,Standard,Email,2023-07-02
CUST02453,Neha Gupta,Male,29,Bhopal,Madhya Pradesh,R024,Premium,Referral,2023-04-23
CUST02454,Vivaan Gupta,Female,60,Ludhiana,Punjab,R008,Standard,Referral,2026-04-21
CUST02455,Arjun Kumar,Female,30,Udaipur,Rajasthan,R006,Standard,Google Ads,2024-04-25
CUST02456,Meera Gupta,Male,50,Udaipur,Rajasthan,R006,Corporate,Organic,2026-03-15
CUST02457,Neha Deshmukh,Male,45,Thiruvananthapuram,Kerala,R021,Standard,Email,2025-04-10
CUST02458,Aditya Mehta,Female,53,Amritsar,Punjab,R009,Standard,Organic,2026-02-10
CUST02459,Kavya Singh,Female,22,Surat,Gujarat,R004,Standard,Email,2025-02-01
CUST02460,Rohan Verma,Male,42,Kolkata,West Bengal,R012,Standard,Referral,2024-04-20
CUST02461,Ananya Mehta,Male,34,Kolkata,West Bengal,R012,Standard,Referral,2025-02-01
CUST02462,Aditya Sharma,Female,54,Visakhapatnam,Andhra Pradesh,R023,Standard,Email,2025-08-28
CUST02463,Sneha Joshi,Male,36,Bengaluru,Karnataka,R017,Premium,Organic,2025-10-16
CUST02464,Kavya Gupta,Female,52,Chennai,Tamil Nadu,R015,Standard,Instagram,2026-02-15
CUST02465,Pooja Mehta,Male,60,Amritsar,Punjab,R009,Standard,Instagram,2023-06-10
CUST02466,Kavya Joshi,Male,51,New Delhi,Delhi,R007,Standard,Google Ads,2024-02-05
CUST02467,Aarav Kumar,Male,63,Lucknow,Uttar Pradesh,R010,Premium,Google Ads,2023-07-17
CUST02468,Aditya Joshi,Male,23,Coimbatore,Tamil Nadu,R016,Standard,Organic,2024-10-21
CUST02469,Sneha Mhaske,Male,36,Kolkata,West Bengal,R012,Premium,Referral,2025-12-06
CUST02470,Pooja Mhaske,Male,18,Indore,Madhya Pradesh,R025,Standard,Organic,2024-02-03
CUST02471,Priya Deshmukh,Female,24,New Delhi,Delhi,R007,Standard,Email,2023-03-19
CUST02472,Isha Patil,Male,51,Mysuru,Karnataka,R018,Standard,Instagram,2023-05-04
CUST02473,Pooja Verma,Female,36,Chennai,Tamil Nadu,R015,Corporate,Google Ads,2023-03-16
CUST02474,Rohan Mhaske,Male,50,Udaipur,Rajasthan,R006,Standard,Organic,2023-05-17
CUST02475,Sneha Mehta,Female,43,Kolkata,West Bengal,R012,Standard,Organic,2024-08-24
CUST02476,Pooja Mehta,Male,58,Noida,Uttar Pradesh,R011,Standard,Email,2025-04-16
CUST02477,Amit Joshi,Male,59,Kochi,Kerala,R020,Standard,Referral,2024-05-14
CUST02478,Kavya Gupta,Female,44,Ahmedabad,Gujarat,R003,Standard,Referral,2023-05-18
CUST02479,Aditya Patil,Female,55,Pune,Maharashtra,R002,Standard,Instagram,2023-02-19
CUST02480,Kavya Verma,Female,43,Udaipur,Rajasthan,R006,Standard,Google Ads,2025-08-30
CUST02481,Pooja Verma,Female,52,Bhopal,Madhya Pradesh,R024,Standard,Referral,2023-09-11
CUST02482,Ananya Kumar,Female,37,Vijayawada,Andhra Pradesh,R022,Standard,Referral,2024-12-10
CUST02483,Karan Gupta,Male,41,Indore,Madhya Pradesh,R025,Standard,Referral,2024-07-16
CUST02484,Isha Singh,Female,64,Jaipur,Rajasthan,R005,Premium,Organic,2025-01-26
CUST02485,Karan Sharma,Female,38,Mysuru,Karnataka,R018,Standard,Referral,2024-06-30
CUST02486,Rahul Verma,Female,43,Coimbatore,Tamil Nadu,R016,Standard,Email,2025-07-10
CUST02487,Meera Verma,Female,37,Ludhiana,Punjab,R008,Standard,Instagram,2024-08-03
CUST02488,Ananya Patil,Male,23,Indore,Madhya Pradesh,R025,Standard,Referral,2023-02-18
CUST02489,Priya Sharma,Male,20,Kochi,Kerala,R020,Premium,Google Ads,2025-07-05
CUST02490,Pooja Singh,Female,27,Vijayawada,Andhra Pradesh,R022,Premium,Organic,2026-01-02
CUST02491,Amit Gupta,Female,29,Noida,Uttar Pradesh,R011,Premium,Email,2024-12-04
CUST02492,Meera Kumar,Male,50,Lucknow,Uttar Pradesh,R010,Standard,Instagram,2023-09-18
CUST02493,Neha Shah,Female,39,Bhopal,Madhya Pradesh,R024,Standard,Organic,2023-12-22
CUST02494,Ananya Patil,Male,33,Indore,Madhya Pradesh,R025,Standard,Email,2024-09-29
CUST02495,Ananya Verma,Male,34,Kolkata,West Bengal,R012,Standard,Organic,2025-01-12
CUST02496,Ananya Deshmukh,Male,27,Thiruvananthapuram,Kerala,R021,Standard,Instagram,2025-10-06
CUST02497,Rahul Mhaske,Female,29,Udaipur,Rajasthan,R006,Standard,Instagram,2025-07-19
CUST02498,Rohan Mhaske,Female,36,Kochi,Kerala,R020,Premium,Referral,2024-10-02
CUST02499,Pooja Gupta,Male,57,Jaipur,Rajasthan,R005,Standard,Google Ads,2025-03-02
CUST02500,Aditya Singh,Female,40,Visakhapatnam,Andhra Pradesh,R023,Corporate,Referral,2024-09-03
CUST02501,Sneha Mehta,Male,57,Amritsar,Punjab,R009,Standard,Organic,2025-03-19
CUST02502,Rahul Deshmukh,Male,27,Coimbatore,Tamil Nadu,R016,Premium,Referral,2026-04-20
CUST02503,Meera Mhaske,Female,27,Vijayawada,Andhra Pradesh,R022,Standard,Instagram,2024-11-16
CUST02504,Rohan Kumar,Male,27,Patna,Bihar,R014,Premium,Instagram,2023-07-07
CUST02505,Amit Singh,Female,56,Vijayawada,Andhra Pradesh,R022,Standard,Instagram,2025-09-11
CUST02506,Pooja Patil,Female,47,Ludhiana,Punjab,R008,Standard,Referral,2024-07-01
CUST02507,Meera Joshi,Female,21,Kochi,Kerala,R020,Standard,Email,2024-12-25
CUST02508,Karan Sharma,Male,18,Hyderabad,Telangana,R019,Corporate,Referral,2025-07-14
CUST02509,Kavya Deshmukh,Male,60,Patna,Bihar,R014,Corporate,Referral,2025-05-25
CUST02510,Arjun Kumar,Female,36,New Delhi,Delhi,R007,Standard,Referral,2024-09-09
CUST02511,Kavya Mehta,Female,22,Jaipur,Rajasthan,R005,Premium,Referral,2024-02-18
CUST02512,Amit Mehta,Female,47,Mysuru,Karnataka,R018,Standard,Instagram,2026-05-28
CUST02513,Amit Patil,Male,43,Pune,Maharashtra,R002,Standard,Google Ads,2025-06-21
CUST02514,Meera Sharma,Male,57,Noida,Uttar Pradesh,R011,Standard,Referral,2023-06-12
CUST02515,Arjun Nair,Female,51,Vijayawada,Andhra Pradesh,R022,Corporate,Referral,2026-05-28
CUST02516,Meera Patil,Female,19,Ludhiana,Punjab,R008,Standard,Google Ads,2023-09-27
CUST02517,Karan Mehta,Male,41,Mumbai,Maharashtra,R001,Standard,Referral,2024-09-23
CUST02518,Meera Joshi,Male,31,Vijayawada,Andhra Pradesh,R022,Standard,Google Ads,2025-06-24
CUST02519,Karan Shah,Female,58,Kolkata,West Bengal,R012,Standard,Instagram,2026-04-20
CUST02520,Rohan Sharma,Male,59,Pune,Maharashtra,R002,Standard,Email,2023-07-24
CUST02521,Pooja Nair,Male,30,Mysuru,Karnataka,R018,Standard,Referral,2024-08-04
CUST02522,Neha Singh,Male,46,New Delhi,Delhi,R007,Standard,Email,2025-04-20
CUST02523,Sneha Mehta,Male,18,Bengaluru,Karnataka,R017,Standard,Referral,2026-06-05
CUST02524,Aarav Sharma,Female,63,Vijayawada,Andhra Pradesh,R022,Standard,Organic,2024-08-18
CUST02525,Meera Kumar,Male,51,Visakhapatnam,Andhra Pradesh,R023,Standard,Organic,2023-09-07
CUST02526,Rohan Kumar,Male,21,Patna,Bihar,R014,Corporate,Instagram,2025-05-24
CUST02527,Karan Shah,Male,45,Bhopal,Madhya Pradesh,R024,Standard,Email,2023-07-15
CUST02528,Pooja Kumar,Male,36,New Delhi,Delhi,R007,Premium,Email,2024-11-20
CUST02529,Priya Joshi,Female,18,Vijayawada,Andhra Pradesh,R022,Standard,Google Ads,2025-12-29
CUST02530,Amit Mehta,Male,53,Indore,Madhya Pradesh,R025,Standard,Google Ads,2024-09-30
CUST02531,Arjun Deshmukh,Female,60,Ahmedabad,Gujarat,R003,Standard,Referral,2024-11-02
CUST02532,Sneha Patil,Male,30,Udaipur,Rajasthan,R006,Premium,Google Ads,2026-05-11
CUST02533,Ananya Deshmukh,Male,59,Kochi,Kerala,R020,Premium,Google Ads,2026-03-17
CUST02534,Priya Mhaske,Male,22,Pune,Maharashtra,R002,Standard,Email,2025-08-01
CUST02535,Pooja Patil,Male,50,Bengaluru,Karnataka,R017,Standard,Organic,2023-07-18
CUST02536,Isha Verma,Female,31,Kolkata,West Bengal,R012,Premium,Email,2024-05-06
CUST02537,Rahul Patil,Male,33,Kolkata,West Bengal,R012,Standard,Google Ads,2025-06-14
CUST02538,Isha Sharma,Female,49,Bengaluru,Karnataka,R017,Premium,Referral,2023-05-22
CUST02539,Priya Shah,Male,44,Lucknow,Uttar Pradesh,R010,Standard,Organic,2023-06-14
CUST02540,Rahul Deshmukh,Male,52,Ahmedabad,Gujarat,R003,Premium,Google Ads,2023-11-10
CUST02541,Kavya Nair,Male,20,Kochi,Kerala,R020,Standard,Google Ads,2023-01-21
CUST02542,Sneha Gupta,Female,21,Mysuru,Karnataka,R018,Standard,Referral,2026-01-10
CUST02543,Sneha Shah,Male,24,Bhubaneswar,Odisha,R013,Premium,Referral,2026-02-28
CUST02544,Priya Deshmukh,Male,30,Kolkata,West Bengal,R012,Standard,Google Ads,2025-09-10
CUST02545,Pooja Nair,Male,58,Bengaluru,Karnataka,R017,Standard,Google Ads,2023-11-01
CUST02546,Priya Singh,Male,20,Surat,Gujarat,R004,Standard,Email,2024-01-06
CUST02547,Aditya Verma,Female,34,Visakhapatnam,Andhra Pradesh,R023,Standard,Instagram,2025-05-02
CUST02548,Arjun Sharma,Male,64,Lucknow,Uttar Pradesh,R010,Standard,Referral,2024-01-19
CUST02549,Aditya Mhaske,Female,27,Noida,Uttar Pradesh,R011,Corporate,Referral,2024-03-20
CUST02550,Isha Sharma,Female,64,Udaipur,Rajasthan,R006,Premium,Email,2024-02-29
CUST02551,Isha Deshmukh,Male,18,Udaipur,Rajasthan,R006,Standard,Organic,2023-06-10
CUST02552,Ananya Sharma,Male,45,Amritsar,Punjab,R009,Premium,Organic,2026-04-16
CUST02553,Neha Sharma,Female,27,Chennai,Tamil Nadu,R015,Standard,Organic,2024-09-20
CUST02554,Meera Patil,Male,24,Pune,Maharashtra,R002,Premium,Referral,2025-06-13
CUST02555,Vivaan Singh,Male,56,Surat,Gujarat,R004,Standard,Instagram,2024-05-04
CUST02556,Amit Shah,Female,20,Jaipur,Rajasthan,R005,Premium,Instagram,2025-10-13
CUST02557,Aarav Mhaske,Female,24,Bengaluru,Karnataka,R017,Premium,Email,2023-11-23
CUST02558,Vivaan Kumar,Female,26,Ludhiana,Punjab,R008,Standard,Organic,2024-08-20
CUST02559,Neha Patil,Female,57,Ludhiana,Punjab,R008,Standard,Organic,2025-10-11
CUST02560,Vivaan Mehta,Male,52,Vijayawada,Andhra Pradesh,R022,Standard,Google Ads,2023-10-16
CUST02561,Kavya Deshmukh,Male,43,Kolkata,West Bengal,R012,Standard,Email,2024-08-15
CUST02562,Pooja Verma,Male,22,Thiruvananthapuram,Kerala,R021,Standard,Email,2024-07-26
CUST02563,Rahul Shah,Female,30,Ludhiana,Punjab,R008,Standard,Referral,2023-01-28
CUST02564,Neha Singh,Female,62,Hyderabad,Telangana,R019,Premium,Referral,2025-08-11
CUST02565,Priya Nair,Male,47,Ahmedabad,Gujarat,R003,Premium,Email,2023-02-12
CUST02566,Neha Deshmukh,Male,57,Mysuru,Karnataka,R018,Standard,Instagram,2024-02-27
CUST02567,Amit Nair,Male,56,Thiruvananthapuram,Kerala,R021,Standard,Email,2023-06-26
CUST02568,Priya Deshmukh,Female,27,Hyderabad,Telangana,R019,Premium,Instagram,2024-06-12
CUST02569,Rahul Gupta,Male,59,Hyderabad,Telangana,R019,Corporate,Referral,2025-08-23
CUST02570,Sneha Kumar,Male,40,Chennai,Tamil Nadu,R015,Standard,Email,2023-07-17
CUST02571,Priya Verma,Female,28,Udaipur,Rajasthan,R006,Standard,Instagram,2024-09-01
CUST02572,Neha Joshi,Female,29,Coimbatore,Tamil Nadu,R016,Premium,Google Ads,2025-04-21
CUST02573,Amit Mhaske,Male,30,Ludhiana,Punjab,R008,Premium,Google Ads,2025-05-02
CUST02574,Arjun Joshi,Female,57,Coimbatore,Tamil Nadu,R016,Standard,Email,2023-01-22
CUST02575,Ananya Shah,Male,63,Mysuru,Karnataka,R018,Premium,Organic,2026-02-09
CUST02576,Pooja Gupta,Male,33,Kochi,Kerala,R020,Premium,Email,2025-12-16
CUST02577,Sneha Mhaske,Male,26,Coimbatore,Tamil Nadu,R016,Standard,Referral,2025-12-25
CUST02578,Aarav Joshi,Female,27,Noida,Uttar Pradesh,R011,Premium,Referral,2025-04-21
CUST02579,Rohan Mehta,Female,46,New Delhi,Delhi,R007,Standard,Google Ads,2023-04-08
CUST02580,Kavya Joshi,Male,26,Bengaluru,Karnataka,R017,Premium,Instagram,2026-03-13
CUST02581,Kavya Patil,Female,50,Bengaluru,Karnataka,R017,Standard,Google Ads,2024-03-10
CUST02582,Isha Nair,Male,41,Kolkata,West Bengal,R012,Standard,Instagram,2024-09-28
CUST02583,Arjun Patil,Female,52,Bhubaneswar,Odisha,R013,Premium,Email,2026-01-14
CUST02584,Karan Joshi,Female,28,Lucknow,Uttar Pradesh,R010,Premium,Organic,2024-08-10
CUST02585,Aarav Patil,Male,56,New Delhi,Delhi,R007,Corporate,Referral,2023-12-10
CUST02586,Vivaan Verma,Male,30,Patna,Bihar,R014,Standard,Email,2024-07-24
CUST02587,Aditya Sharma,Female,40,Visakhapatnam,Andhra Pradesh,R023,Standard,Google Ads,2024-09-02
CUST02588,Sneha Patil,Male,42,Mumbai,Maharashtra,R001,Corporate,Email,2023-08-31
CUST02589,Meera Shah,Female,33,Bengaluru,Karnataka,R017,Premium,Organic,2024-07-14
CUST02590,Neha Sharma,Male,65,Surat,Gujarat,R004,Corporate,Instagram,2025-08-17
CUST02591,Neha Joshi,Female,38,Thiruvananthapuram,Kerala,R021,Standard,Organic,2023-02-01
CUST02592,Vivaan Patil,Male,27,Jaipur,Rajasthan,R005,Standard,Google Ads,2024-01-26
CUST02593,Rahul Gupta,Male,58,Kochi,Kerala,R020,Standard,Organic,2023-10-04
CUST02594,Arjun Nair,Male,57,Bhopal,Madhya Pradesh,R024,Premium,Referral,2024-06-15
CUST02595,Priya Mehta,Female,36,Visakhapatnam,Andhra Pradesh,R023,Corporate,Organic,2026-03-23
CUST02596,Isha Nair,Male,52,Indore,Madhya Pradesh,R025,Standard,Email,2024-01-18
CUST02597,Aditya Verma,Male,45,New Delhi,Delhi,R007,Standard,Instagram,2025-12-27
CUST02598,Priya Verma,Female,58,Lucknow,Uttar Pradesh,R010,Standard,Referral,2025-06-02
CUST02599,Vivaan Gupta,Female,19,Bengaluru,Karnataka,R017,Premium,Referral,2023-08-02
CUST02600,Kavya Gupta,Male,47,New Delhi,Delhi,R007,Standard,Referral,2024-01-11
CUST02601,Rahul Shah,Female,57,Mumbai,Maharashtra,R001,Premium,Google Ads,2025-01-13
CUST02602,Kavya Shah,Female,57,New Delhi,Delhi,R007,Standard,Google Ads,2023-08-01
CUST02603,Priya Sharma,Male,22,Bhopal,Madhya Pradesh,R024,Standard,Email,2023-03-20
CUST02604,Rohan Shah,Male,55,Noida,Uttar Pradesh,R011,Standard,Instagram,2024-09-19
CUST02605,Vivaan Joshi,Female,59,Amritsar,Punjab,R009,Premium,Organic,2024-08-26
CUST02606,Arjun Gupta,Female,32,Kolkata,West Bengal,R012,Standard,Email,2025-02-20
CUST02607,Rahul Gupta,Male,53,Ahmedabad,Gujarat,R003,Corporate,Google Ads,2025-09-27
CUST02608,Vivaan Gupta,Male,20,Surat,Gujarat,R004,Premium,Email,2024-11-10
CUST02609,Aditya Verma,Male,41,Surat,Gujarat,R004,Standard,Instagram,2023-02-27
CUST02610,Isha Patil,Female,58,Indore,Madhya Pradesh,R025,Standard,Email,2025-11-15
CUST02611,Arjun Deshmukh,Male,65,Bhubaneswar,Odisha,R013,Corporate,Referral,2025-05-30
CUST02612,Karan Shah,Male,65,Visakhapatnam,Andhra Pradesh,R023,Standard,Organic,2024-03-22
CUST02613,Sneha Mhaske,Female,64,Hyderabad,Telangana,R019,Standard,Google Ads,2023-03-07
CUST02614,Aarav Sharma,Female,58,Lucknow,Uttar Pradesh,R010,Corporate,Google Ads,2025-12-03
CUST02615,Rohan Mhaske,Male,29,Jaipur,Rajasthan,R005,Premium,Instagram,2026-01-25
CUST02616,Arjun Sharma,Male,25,New Delhi,Delhi,R007,Standard,Instagram,2025-10-08
CUST02617,Karan Sharma,Male,31,Bhopal,Madhya Pradesh,R024,Standard,Instagram,2023-08-15
CUST02618,Rahul Singh,Male,35,Coimbatore,Tamil Nadu,R016,Premium,Google Ads,2025-02-12
CUST02619,Kavya Patil,Female,61,Mumbai,Maharashtra,R001,Standard,Referral,2024-11-09
CUST02620,Amit Joshi,Female,63,Kolkata,West Bengal,R012,Standard,Organic,2024-08-23
CUST02621,Meera Sharma,Male,37,Pune,Maharashtra,R002,Standard,Instagram,2024-01-14
CUST02622,Arjun Nair,Male,40,New Delhi,Delhi,R007,Standard,Google Ads,2026-04-16
CUST02623,Isha Verma,Male,22,Noida,Uttar Pradesh,R011,Corporate,Referral,2024-12-09
CUST02624,Rahul Sharma,Female,18,Bhubaneswar,Odisha,R013,Premium,Instagram,2023-11-03
CUST02625,Aarav Joshi,Male,62,Pune,Maharashtra,R002,Premium,Instagram,2025-02-17
CUST02626,Neha Sharma,Female,63,New Delhi,Delhi,R007,Corporate,Organic,2024-05-18
CUST02627,Meera Patil,Female,19,Chennai,Tamil Nadu,R015,Standard,Organic,2023-09-25
CUST02628,Rohan Singh,Male,33,Indore,Madhya Pradesh,R025,Standard,Email,2023-01-08
CUST02629,Vivaan Deshmukh,Female,22,Noida,Uttar Pradesh,R011,Premium,Instagram,2024-05-22
CUST02630,Arjun Joshi,Female,39,Pune,Maharashtra,R002,Standard,Email,2024-04-20
CUST02631,Rohan Shah,Female,18,New Delhi,Delhi,R007,Standard,Google Ads,2023-06-13
CUST02632,Isha Shah,Female,29,Surat,Gujarat,R004,Standard,Organic,2024-04-29
CUST02633,Aditya Kumar,Male,36,Noida,Uttar Pradesh,R011,Standard,Referral,2025-12-31
CUST02634,Amit Deshmukh,Male,39,Pune,Maharashtra,R002,Standard,Instagram,2024-07-20
CUST02635,Meera Mhaske,Female,59,Coimbatore,Tamil Nadu,R016,Standard,Instagram,2025-06-23
CUST02636,Aarav Patil,Female,61,New Delhi,Delhi,R007,Standard,Email,2024-07-12
CUST02637,Sneha Shah,Female,65,Bhubaneswar,Odisha,R013,Standard,Organic,2023-08-26
CUST02638,Kavya Nair,Male,34,Jaipur,Rajasthan,R005,Standard,Email,2026-02-01
CUST02639,Aarav Shah,Female,30,Bengaluru,Karnataka,R017,Standard,Instagram,2026-05-18
CUST02640,Rahul Mehta,Male,56,Thiruvananthapuram,Kerala,R021,Corporate,Organic,2024-07-07
CUST02641,Pooja Patil,Male,45,Kolkata,West Bengal,R012,Corporate,Instagram,2025-04-07
CUST02642,Meera Mhaske,Male,20,Hyderabad,Telangana,R019,Standard,Organic,2024-04-12
CUST02643,Karan Mehta,Male,22,New Delhi,Delhi,R007,Corporate,Instagram,2024-01-21
CUST02644,Pooja Gupta,Male,53,Udaipur,Rajasthan,R006,Corporate,Referral,2025-02-13
CUST02645,Arjun Gupta,Female,32,Ludhiana,Punjab,R008,Standard,Email,2025-04-27
CUST02646,Priya Singh,Male,34,Bhubaneswar,Odisha,R013,Standard,Organic,2024-01-22
CUST02647,Sneha Joshi,Male,61,Jaipur,Rajasthan,R005,Corporate,Email,2025-05-26
CUST02648,Pooja Deshmukh,Male,63,Pune,Maharashtra,R002,Premium,Organic,2023-09-16
CUST02649,Aarav Verma,Male,46,Amritsar,Punjab,R009,Standard,Organic,2023-10-10
CUST02650,Meera Nair,Female,21,Noida,Uttar Pradesh,R011,Premium,Organic,2023-02-09
CUST02651,Sneha Deshmukh,Male,49,Bhopal,Madhya Pradesh,R024,Standard,Instagram,2024-04-30
CUST02652,Rahul Kumar,Male,60,Udaipur,Rajasthan,R006,Standard,Google Ads,2025-07-17
CUST02653,Sneha Sharma,Female,55,New Delhi,Delhi,R007,Standard,Instagram,2023-08-08
CUST02654,Arjun Nair,Female,21,Indore,Madhya Pradesh,R025,Standard,Google Ads,2026-02-26
CUST02655,Meera Nair,Female,30,New Delhi,Delhi,R007,Standard,Instagram,2025-10-11
CUST02656,Neha Sharma,Female,37,Hyderabad,Telangana,R019,Corporate,Google Ads,2025-10-20
CUST02657,Aarav Verma,Female,64,Udaipur,Rajasthan,R006,Standard,Organic,2024-09-04
CUST02658,Pooja Mhaske,Male,35,Noida,Uttar Pradesh,R011,Standard,Organic,2025-07-16
CUST02659,Amit Shah,Female,59,Noida,Uttar Pradesh,R011,Standard,Google Ads,2024-11-18
CUST02660,Aditya Sharma,Female,54,New Delhi,Delhi,R007,Standard,Google Ads,2024-09-04
CUST02661,Sneha Shah,Female,29,Pune,Maharashtra,R002,Corporate,Email,2023-09-17
CUST02662,Priya Patil,Female,42,Hyderabad,Telangana,R019,Standard,Organic,2025-09-16
CUST02663,Priya Verma,Female,47,Surat,Gujarat,R004,Standard,Instagram,2025-08-23
CUST02664,Aarav Sharma,Male,32,Udaipur,Rajasthan,R006,Standard,Email,2024-01-01
CUST02665,Sneha Kumar,Male,53,Bengaluru,Karnataka,R017,Standard,Google Ads,2024-06-27
CUST02666,Amit Kumar,Female,25,Indore,Madhya Pradesh,R025,Standard,Instagram,2024-10-10
CUST02667,Isha Verma,Male,45,Jaipur,Rajasthan,R005,Standard,Referral,2025-03-24
CUST02668,Rohan Mhaske,Male,39,New Delhi,Delhi,R007,Standard,Referral,2025-11-05
CUST02669,Ananya Kumar,Female,55,Amritsar,Punjab,R009,Standard,Referral,2026-02-26
CUST02670,Arjun Mhaske,Male,33,Indore,Madhya Pradesh,R025,Corporate,Instagram,2024-07-28
CUST02671,Arjun Singh,Male,22,Mumbai,Maharashtra,R001,Standard,Google Ads,2026-02-06
CUST02672,Ananya Joshi,Female,63,Mumbai,Maharashtra,R001,Standard,Instagram,2025-10-09
CUST02673,Amit Nair,Female,51,Hyderabad,Telangana,R019,Premium,Email,2024-10-31
CUST02674,Meera Verma,Male,55,Udaipur,Rajasthan,R006,Premium,Email,2023-09-26
CUST02675,Karan Joshi,Female,28,Mysuru,Karnataka,R018,Standard,Referral,2026-03-31
CUST02676,Vivaan Kumar,Male,19,Lucknow,Uttar Pradesh,R010,Corporate,Google Ads,2025-07-12
CUST02677,Neha Gupta,Male,42,Noida,Uttar Pradesh,R011,Premium,Email,2026-01-30
CUST02678,Kavya Verma,Male,42,Mumbai,Maharashtra,R001,Standard,Organic,2023-09-04
CUST02679,Meera Verma,Female,18,Mumbai,Maharashtra,R001,Standard,Organic,2023-05-11
CUST02680,Isha Verma,Male,48,Bhubaneswar,Odisha,R013,Standard,Referral,2023-12-19
CUST02681,Rohan Shah,Male,22,Jaipur,Rajasthan,R005,Standard,Referral,2023-07-15
CUST02682,Arjun Joshi,Female,57,Kochi,Kerala,R020,Standard,Referral,2025-07-18
CUST02683,Amit Gupta,Male,21,Mumbai,Maharashtra,R001,Premium,Email,2025-10-18
CUST02684,Isha Gupta,Female,22,Kochi,Kerala,R020,Premium,Google Ads,2024-10-06
CUST02685,Kavya Mehta,Female,22,Ahmedabad,Gujarat,R003,Standard,Referral,2023-08-15
CUST02686,Karan Joshi,Female,33,Mysuru,Karnataka,R018,Standard,Instagram,2024-12-01
CUST02687,Pooja Joshi,Female,35,Amritsar,Punjab,R009,Standard,Referral,2023-09-22
CUST02688,Rohan Joshi,Male,60,Patna,Bihar,R014,Premium,Email,2024-10-07
CUST02689,Amit Mehta,Male,34,Bengaluru,Karnataka,R017,Premium,Google Ads,2023-07-30
CUST02690,Pooja Patil,Female,52,Visakhapatnam,Andhra Pradesh,R023,Standard,Referral,2025-07-31
CUST02691,Pooja Mehta,Female,35,Patna,Bihar,R014,Premium,Organic,2024-04-01
CUST02692,Vivaan Mehta,Male,21,Surat,Gujarat,R004,Standard,Referral,2024-12-25
CUST02693,Amit Mehta,Female,48,Jaipur,Rajasthan,R005,Premium,Referral,2026-06-03
CUST02694,Amit Joshi,Male,48,Thiruvananthapuram,Kerala,R021,Standard,Google Ads,2025-09-08
CUST02695,Rahul Sharma,Female,26,Bengaluru,Karnataka,R017,Standard,Instagram,2026-02-28
CUST02696,Pooja Patil,Female,48,Vijayawada,Andhra Pradesh,R022,Standard,Referral,2024-08-10
CUST02697,Isha Deshmukh,Female,22,Indore,Madhya Pradesh,R025,Corporate,Referral,2024-04-20
CUST02698,Karan Kumar,Female,53,Pune,Maharashtra,R002,Standard,Email,2025-09-12
CUST02699,Priya Sharma,Female,33,Visakhapatnam,Andhra Pradesh,R023,Corporate,Google Ads,2023-06-05
CUST02700,Rohan Deshmukh,Male,59,Vijayawada,Andhra Pradesh,R022,Standard,Email,2026-05-26
CUST02701,Meera Kumar,Female,58,Jaipur,Rajasthan,R005,Standard,Referral,2023-07-09
CUST02702,Aditya Verma,Female,33,Surat,Gujarat,R004,Standard,Referral,2025-09-07
CUST02703,Kavya Mhaske,Female,37,Surat,Gujarat,R004,Premium,Organic,2024-06-29
CUST02704,Rohan Deshmukh,Female,47,Udaipur,Rajasthan,R006,Premium,Email,2023-02-10
CUST02705,Kavya Kumar,Male,43,Kochi,Kerala,R020,Premium,Google Ads,2023-11-03
CUST02706,Kavya Mehta,Female,48,Thiruvananthapuram,Kerala,R021,Premium,Referral,2025-07-31
CUST02707,Arjun Patil,Female,32,Bhubaneswar,Odisha,R013,Premium,Organic,2023-12-04
CUST02708,Isha Kumar,Male,58,Vijayawada,Andhra Pradesh,R022,Corporate,Organic,2026-01-03
CUST02709,Karan Nair,Male,55,Jaipur,Rajasthan,R005,Standard,Instagram,2025-08-10
CUST02710,Ananya Singh,Female,55,Visakhapatnam,Andhra Pradesh,R023,Premium,Google Ads,2023-10-06
CUST02711,Pooja Kumar,Male,60,Indore,Madhya Pradesh,R025,Corporate,Organic,2026-04-14
CUST02712,Neha Sharma,Male,37,Visakhapatnam,Andhra Pradesh,R023,Standard,Google Ads,2025-06-14
CUST02713,Neha Patil,Male,52,New Delhi,Delhi,R007,Premium,Referral,2023-09-30
CUST02714,Pooja Sharma,Female,40,Kochi,Kerala,R020,Standard,Instagram,2025-04-16
CUST02715,Meera Kumar,Female,61,Mumbai,Maharashtra,R001,Standard,Google Ads,2024-09-11
CUST02716,Karan Shah,Male,64,Patna,Bihar,R014,Premium,Instagram,2025-05-11
CUST02717,Arjun Kumar,Female,56,Bhopal,Madhya Pradesh,R024,Standard,Google Ads,2025-07-19
CUST02718,Amit Patil,Female,42,Surat,Gujarat,R004,Standard,Google Ads,2023-10-16
CUST02719,Rahul Mehta,Male,39,Bengaluru,Karnataka,R017,Premium,Email,2024-12-24
CUST02720,Arjun Mhaske,Male,64,Thiruvananthapuram,Kerala,R021,Standard,Instagram,2025-06-11
CUST02721,Aarav Gupta,Female,25,Patna,Bihar,R014,Standard,Google Ads,2023-09-29
CUST02722,Priya Kumar,Male,26,Coimbatore,Tamil Nadu,R016,Premium,Email,2025-12-25
CUST02723,Sneha Deshmukh,Female,32,Patna,Bihar,R014,Standard,Email,2024-04-27
CUST02724,Amit Nair,Male,65,Coimbatore,Tamil Nadu,R016,Standard,Instagram,2025-07-24
CUST02725,Ananya Sharma,Male,37,Bhopal,Madhya Pradesh,R024,Standard,Referral,2023-09-05
CUST02726,Aarav Sharma,Female,52,Kochi,Kerala,R020,Standard,Instagram,2023-06-05
CUST02727,Vivaan Sharma,Male,54,Ludhiana,Punjab,R008,Standard,Google Ads,2025-12-06
CUST02728,Arjun Mehta,Female,20,Bhopal,Madhya Pradesh,R024,Corporate,Referral,2024-03-29
CUST02729,Neha Nair,Male,51,Ahmedabad,Gujarat,R003,Standard,Instagram,2023-07-20
CUST02730,Arjun Verma,Male,51,Indore,Madhya Pradesh,R025,Standard,Instagram,2023-05-04
CUST02731,Amit Shah,Male,53,Hyderabad,Telangana,R019,Corporate,Instagram,2023-01-01
CUST02732,Neha Joshi,Male,52,Mumbai,Maharashtra,R001,Premium,Instagram,2025-08-25
CUST02733,Aarav Sharma,Male,26,Pune,Maharashtra,R002,Standard,Referral,2025-05-04
CUST02734,Arjun Verma,Male,47,Chennai,Tamil Nadu,R015,Standard,Google Ads,2024-10-01
CUST02735,Aarav Singh,Male,43,Vijayawada,Andhra Pradesh,R022,Premium,Email,2023-07-10
CUST02736,Priya Patil,Female,29,Lucknow,Uttar Pradesh,R010,Premium,Instagram,2024-05-30
CUST02737,Ananya Gupta,Male,41,Mysuru,Karnataka,R018,Premium,Email,2024-03-17
CUST02738,Karan Mhaske,Female,58,Vijayawada,Andhra Pradesh,R022,Standard,Email,2023-05-23
CUST02739,Meera Deshmukh,Male,36,Patna,Bihar,R014,Standard,Email,2026-04-29
CUST02740,Amit Deshmukh,Male,61,Bengaluru,Karnataka,R017,Standard,Instagram,2024-06-16
CUST02741,Aarav Gupta,Female,33,Bhubaneswar,Odisha,R013,Premium,Instagram,2023-08-15
CUST02742,Sneha Mhaske,Male,43,Mumbai,Maharashtra,R001,Premium,Instagram,2025-08-06
CUST02743,Arjun Verma,Male,40,Jaipur,Rajasthan,R005,Standard,Instagram,2024-04-04
CUST02744,Ananya Nair,Male,50,Bhubaneswar,Odisha,R013,Standard,Organic,2024-07-04
CUST02745,Amit Mehta,Female,59,Indore,Madhya Pradesh,R025,Corporate,Google Ads,2024-01-28
CUST02746,Ananya Kumar,Female,47,Patna,Bihar,R014,Standard,Organic,2025-04-24
CUST02747,Ananya Mehta,Male,40,Bhopal,Madhya Pradesh,R024,Standard,Referral,2026-05-15
CUST02748,Rahul Nair,Male,27,Ahmedabad,Gujarat,R003,Premium,Organic,2023-07-29
CUST02749,Priya Joshi,Female,53,Chennai,Tamil Nadu,R015,Standard,Organic,2026-02-12
CUST02750,Aditya Mhaske,Female,48,Hyderabad,Telangana,R019,Standard,Organic,2024-10-07
CUST02751,Aditya Nair,Male,60,Bengaluru,Karnataka,R017,Standard,Google Ads,2026-06-28
CUST02752,Arjun Singh,Male,39,Ahmedabad,Gujarat,R003,Standard,Email,2023-08-07
CUST02753,Kavya Gupta,Male,60,Coimbatore,Tamil Nadu,R016,Standard,Referral,2024-02-11
CUST02754,Karan Nair,Male,60,Patna,Bihar,R014,Corporate,Referral,2025-06-06
CUST02755,Isha Gupta,Female,55,Kolkata,West Bengal,R012,Standard,Google Ads,2024-07-11
CUST02756,Ananya Nair,Male,64,Kolkata,West Bengal,R012,Premium,Organic,2024-07-03
CUST02757,Rahul Mehta,Male,19,Noida,Uttar Pradesh,R011,Standard,Email,2023-05-22
CUST02758,Vivaan Nair,Female,40,Bengaluru,Karnataka,R017,Standard,Instagram,2024-09-03
CUST02759,Ananya Shah,Female,52,Ludhiana,Punjab,R008,Premium,Google Ads,2024-05-15
CUST02760,Rahul Nair,Female,54,Bengaluru,Karnataka,R017,Standard,Email,2025-04-19
CUST02761,Amit Patil,Male,49,Thiruvananthapuram,Kerala,R021,Premium,Google Ads,2024-12-02
CUST02762,Pooja Singh,Female,60,Indore,Madhya Pradesh,R025,Standard,Google Ads,2024-08-18
CUST02763,Amit Gupta,Female,29,Visakhapatnam,Andhra Pradesh,R023,Standard,Instagram,2023-10-08
CUST02764,Neha Verma,Male,52,Kochi,Kerala,R020,Standard,Email,2024-02-28
CUST02765,Pooja Mehta,Female,58,Noida,Uttar Pradesh,R011,Premium,Organic,2025-05-05
CUST02766,Kavya Sharma,Female,20,Indore,Madhya Pradesh,R025,Standard,Email,2023-09-27
CUST02767,Pooja Kumar,Female,51,Indore,Madhya Pradesh,R025,Corporate,Email,2023-06-03
CUST02768,Kavya Kumar,Male,55,Pune,Maharashtra,R002,Standard,Organic,2024-09-05
CUST02769,Amit Kumar,Male,41,Lucknow,Uttar Pradesh,R010,Standard,Instagram,2024-10-23
CUST02770,Vivaan Mhaske,Male,55,Lucknow,Uttar Pradesh,R010,Standard,Email,2023-03-24
CUST02771,Neha Sharma,Male,34,Noida,Uttar Pradesh,R011,Standard,Organic,2025-08-04
CUST02772,Meera Kumar,Female,57,Udaipur,Rajasthan,R006,Standard,Google Ads,2025-06-17
CUST02773,Karan Joshi,Male,18,Surat,Gujarat,R004,Premium,Google Ads,2023-10-11
CUST02774,Isha Shah,Female,25,Bhopal,Madhya Pradesh,R024,Standard,Organic,2025-09-06
CUST02775,Meera Gupta,Male,32,Kolkata,West Bengal,R012,Standard,Google Ads,2023-06-22
CUST02776,Arjun Mehta,Male,62,Noida,Uttar Pradesh,R011,Corporate,Email,2025-12-22
CUST02777,Priya Mehta,Female,42,Visakhapatnam,Andhra Pradesh,R023,Standard,Organic,2026-01-01
CUST02778,Pooja Mehta,Male,25,Visakhapatnam,Andhra Pradesh,R023,Standard,Email,2025-02-01
CUST02779,Rohan Nair,Female,49,Indore,Madhya Pradesh,R025,Standard,Referral,2024-09-24
CUST02780,Meera Shah,Female,30,Bhubaneswar,Odisha,R013,Standard,Instagram,2025-02-25
CUST02781,Aarav Gupta,Male,63,Jaipur,Rajasthan,R005,Standard,Instagram,2025-07-31
CUST02782,Pooja Verma,Male,32,Udaipur,Rajasthan,R006,Standard,Instagram,2025-10-08
CUST02783,Arjun Joshi,Male,23,Mumbai,Maharashtra,R001,Standard,Organic,2024-02-02
CUST02784,Neha Kumar,Female,50,Udaipur,Rajasthan,R006,Premium,Referral,2026-02-17
CUST02785,Ananya Nair,Male,24,Mysuru,Karnataka,R018,Premium,Instagram,2025-07-22
CUST02786,Karan Gupta,Female,50,Vijayawada,Andhra Pradesh,R022,Premium,Email,2024-11-06
CUST02787,Rohan Patil,Male,64,Amritsar,Punjab,R009,Standard,Instagram,2025-07-24
CUST02788,Meera Shah,Female,46,Bhopal,Madhya Pradesh,R024,Standard,Referral,2024-04-09
CUST02789,Meera Mhaske,Female,55,Indore,Madhya Pradesh,R025,Standard,Email,2023-10-13
CUST02790,Rahul Patil,Male,54,Chennai,Tamil Nadu,R015,Standard,Email,2023-09-22
CUST02791,Aditya Verma,Male,61,Ludhiana,Punjab,R008,Standard,Organic,2023-11-16
CUST02792,Rohan Gupta,Male,49,Hyderabad,Telangana,R019,Standard,Organic,2024-11-03
CUST02793,Priya Verma,Male,20,Bhopal,Madhya Pradesh,R024,Standard,Google Ads,2025-03-30
CUST02794,Isha Patil,Male,37,Coimbatore,Tamil Nadu,R016,Premium,Referral,2023-03-30
CUST02795,Sneha Shah,Male,31,Udaipur,Rajasthan,R006,Standard,Email,2026-05-11
CUST02796,Rahul Gupta,Female,45,Udaipur,Rajasthan,R006,Corporate,Referral,2025-03-31
CUST02797,Ananya Joshi,Female,55,Vijayawada,Andhra Pradesh,R022,Premium,Instagram,2025-09-27
CUST02798,Aarav Verma,Female,21,Ahmedabad,Gujarat,R003,Standard,Instagram,2023-11-30
CUST02799,Ananya Gupta,Male,32,Lucknow,Uttar Pradesh,R010,Standard,Google Ads,2023-08-10
CUST02800,Karan Nair,Female,34,Mumbai,Maharashtra,R001,Standard,Email,2023-02-10
CUST02801,Kavya Nair,Male,54,Patna,Bihar,R014,Premium,Email,2023-03-09
CUST02802,Meera Kumar,Male,41,Surat,Gujarat,R004,Standard,Google Ads,2025-09-14
CUST02803,Aarav Gupta,Male,55,Kolkata,West Bengal,R012,Standard,Instagram,2024-05-28
CUST02804,Priya Sharma,Male,59,Udaipur,Rajasthan,R006,Standard,Email,2026-02-24
CUST02805,Aarav Patil,Male,58,Noida,Uttar Pradesh,R011,Standard,Referral,2024-11-25
CUST02806,Vivaan Deshmukh,Male,53,Kolkata,West Bengal,R012,Corporate,Email,2025-11-05
CUST02807,Arjun Mhaske,Female,58,Lucknow,Uttar Pradesh,R010,Standard,Instagram,2024-04-21
CUST02808,Ananya Sharma,Male,25,Mysuru,Karnataka,R018,Standard,Email,2025-12-21
CUST02809,Sneha Patil,Female,20,New Delhi,Delhi,R007,Standard,Email,2025-05-30
CUST02810,Rohan Deshmukh,Male,47,New Delhi,Delhi,R007,Premium,Organic,2024-03-07
CUST02811,Rahul Verma,Male,39,Noida,Uttar Pradesh,R011,Premium,Email,2023-09-25
CUST02812,Isha Gupta,Male,50,Surat,Gujarat,R004,Premium,Google Ads,2025-11-24
CUST02813,Neha Nair,Female,42,Kochi,Kerala,R020,Premium,Google Ads,2025-02-17
CUST02814,Isha Joshi,Male,47,Mumbai,Maharashtra,R001,Premium,Referral,2024-05-08
CUST02815,Karan Verma,Male,54,Bhubaneswar,Odisha,R013,Standard,Email,2024-10-22
CUST02816,Ananya Kumar,Male,20,Mysuru,Karnataka,R018,Standard,Referral,2025-10-09
CUST02817,Rohan Gupta,Male,21,Amritsar,Punjab,R009,Standard,Instagram,2026-05-09
CUST02818,Isha Nair,Female,46,Bhopal,Madhya Pradesh,R024,Standard,Instagram,2025-11-24
CUST02819,Amit Singh,Male,49,Bhopal,Madhya Pradesh,R024,Standard,Organic,2025-09-03
CUST02820,Aditya Gupta,Male,40,Amritsar,Punjab,R009,Standard,Organic,2024-04-26
CUST02821,Neha Joshi,Female,36,Visakhapatnam,Andhra Pradesh,R023,Standard,Email,2024-12-28
CUST02822,Sneha Verma,Male,32,Amritsar,Punjab,R009,Premium,Email,2024-04-24
CUST02823,Amit Gupta,Female,33,Lucknow,Uttar Pradesh,R010,Standard,Referral,2025-12-24
CUST02824,Ananya Patil,Female,40,Pune,Maharashtra,R002,Standard,Referral,2025-10-28
CUST02825,Isha Singh,Female,57,Udaipur,Rajasthan,R006,Premium,Email,2023-12-09
CUST02826,Meera Joshi,Male,63,Chennai,Tamil Nadu,R015,Standard,Email,2023-11-28
CUST02827,Karan Singh,Female,54,Ahmedabad,Gujarat,R003,Premium,Organic,2024-03-13
CUST02828,Karan Joshi,Male,18,Noida,Uttar Pradesh,R011,Standard,Organic,2023-06-23
CUST02829,Vivaan Singh,Female,36,Udaipur,Rajasthan,R006,Corporate,Organic,2024-07-12
CUST02830,Neha Nair,Male,54,Ahmedabad,Gujarat,R003,Premium,Email,2024-06-10
CUST02831,Rohan Verma,Male,52,Bhopal,Madhya Pradesh,R024,Standard,Referral,2024-10-20
CUST02832,Amit Mhaske,Female,47,Noida,Uttar Pradesh,R011,Premium,Google Ads,2023-01-26
CUST02833,Rahul Sharma,Male,34,Chennai,Tamil Nadu,R015,Standard,Google Ads,2025-03-30
CUST02834,Kavya Mehta,Female,56,Bhubaneswar,Odisha,R013,Standard,Referral,2024-08-27
CUST02835,Aditya Kumar,Female,43,Kochi,Kerala,R020,Premium,Referral,2024-02-10
CUST02836,Neha Deshmukh,Male,30,Lucknow,Uttar Pradesh,R010,Premium,Referral,2023-08-20
CUST02837,Kavya Mehta,Male,39,Udaipur,Rajasthan,R006,Standard,Organic,2024-06-16
CUST02838,Vivaan Verma,Male,63,Chennai,Tamil Nadu,R015,Standard,Instagram,2024-05-19
CUST02839,Rahul Mhaske,Female,40,Indore,Madhya Pradesh,R025,Premium,Email,2023-06-28
CUST02840,Isha Shah,Male,61,Mysuru,Karnataka,R018,Standard,Organic,2023-05-12
CUST02841,Aarav Singh,Female,60,Mysuru,Karnataka,R018,Premium,Google Ads,2023-12-14
CUST02842,Pooja Mehta,Female,50,New Delhi,Delhi,R007,Premium,Email,2024-06-23
CUST02843,Vivaan Deshmukh,Female,44,Chennai,Tamil Nadu,R015,Standard,Referral,2025-02-10
CUST02844,Aarav Shah,Female,52,Mysuru,Karnataka,R018,Standard,Google Ads,2023-03-17
CUST02845,Neha Joshi,Female,29,Mysuru,Karnataka,R018,Standard,Referral,2024-08-01
CUST02846,Ananya Mehta,Male,26,Kochi,Kerala,R020,Corporate,Referral,2025-05-03
CUST02847,Vivaan Singh,Male,51,Amritsar,Punjab,R009,Premium,Referral,2023-07-13
CUST02848,Karan Patil,Male,31,Bhopal,Madhya Pradesh,R024,Standard,Email,2026-03-31
CUST02849,Meera Gupta,Female,54,Pune,Maharashtra,R002,Standard,Google Ads,2023-12-13
CUST02850,Isha Nair,Female,20,Ludhiana,Punjab,R008,Premium,Google Ads,2025-08-08
CUST02851,Ananya Singh,Female,61,Kochi,Kerala,R020,Standard,Referral,2026-01-15
CUST02852,Aditya Nair,Female,61,Pune,Maharashtra,R002,Premium,Organic,2023-08-02
CUST02853,Vivaan Shah,Male,38,Noida,Uttar Pradesh,R011,Standard,Instagram,2024-07-26
CUST02854,Rohan Mhaske,Male,24,New Delhi,Delhi,R007,Premium,Organic,2025-02-18
CUST02855,Vivaan Sharma,Male,50,Udaipur,Rajasthan,R006,Premium,Email,2023-09-19
CUST02856,Pooja Kumar,Male,52,Lucknow,Uttar Pradesh,R010,Standard,Instagram,2024-12-30
CUST02857,Aarav Nair,Female,28,Jaipur,Rajasthan,R005,Premium,Organic,2023-10-10
CUST02858,Kavya Gupta,Male,62,Noida,Uttar Pradesh,R011,Standard,Google Ads,2023-12-28
CUST02859,Ananya Singh,Female,49,Mumbai,Maharashtra,R001,Standard,Organic,2024-03-16
CUST02860,Meera Shah,Female,39,Pune,Maharashtra,R002,Standard,Referral,2023-04-03
CUST02861,Sneha Nair,Male,59,Bhopal,Madhya Pradesh,R024,Premium,Email,2025-01-22
CUST02862,Aditya Joshi,Male,36,Mumbai,Maharashtra,R001,Premium,Organic,2025-05-16
CUST02863,Vivaan Joshi,Male,53,Hyderabad,Telangana,R019,Premium,Organic,2023-05-22
CUST02864,Vivaan Gupta,Male,54,Pune,Maharashtra,R002,Premium,Instagram,2025-01-18
CUST02865,Amit Shah,Female,28,Thiruvananthapuram,Kerala,R021,Standard,Referral,2024-10-14
CUST02866,Ananya Mhaske,Male,58,Kochi,Kerala,R020,Standard,Instagram,2024-12-01
CUST02867,Pooja Shah,Female,30,Visakhapatnam,Andhra Pradesh,R023,Standard,Email,2025-09-24
CUST02868,Arjun Sharma,Female,45,Thiruvananthapuram,Kerala,R021,Premium,Email,2023-02-18
CUST02869,Meera Mhaske,Male,32,Bhopal,Madhya Pradesh,R024,Corporate,Referral,2025-05-30
CUST02870,Neha Mehta,Female,30,Surat,Gujarat,R004,Standard,Instagram,2026-04-28
CUST02871,Rahul Kumar,Female,60,Kolkata,West Bengal,R012,Premium,Referral,2026-03-05
CUST02872,Vivaan Mhaske,Female,50,Vijayawada,Andhra Pradesh,R022,Standard,Instagram,2024-07-08
CUST02873,Amit Mehta,Male,25,Kochi,Kerala,R020,Standard,Google Ads,2024-02-08
CUST02874,Arjun Deshmukh,Male,49,Mysuru,Karnataka,R018,Standard,Referral,2025-06-10
CUST02875,Pooja Joshi,Male,54,Mumbai,Maharashtra,R001,Premium,Email,2025-05-14
CUST02876,Pooja Shah,Male,65,Mumbai,Maharashtra,R001,Standard,Instagram,2024-08-24
CUST02877,Sneha Sharma,Female,21,Bhopal,Madhya Pradesh,R024,Corporate,Google Ads,2023-12-07
CUST02878,Arjun Mehta,Female,35,Patna,Bihar,R014,Standard,Email,2024-12-04
CUST02879,Ananya Singh,Female,40,Surat,Gujarat,R004,Standard,Instagram,2023-11-14
CUST02880,Rohan Mehta,Male,46,Jaipur,Rajasthan,R005,Standard,Google Ads,2024-09-09
CUST02881,Rohan Gupta,Male,19,Noida,Uttar Pradesh,R011,Premium,Email,2024-01-17
CUST02882,Aditya Patil,Female,30,Bhopal,Madhya Pradesh,R024,Standard,Email,2023-08-21
CUST02883,Aditya Deshmukh,Male,33,Visakhapatnam,Andhra Pradesh,R023,Premium,Google Ads,2025-03-27
CUST02884,Aditya Mhaske,Male,25,Bhubaneswar,Odisha,R013,Standard,Email,2024-07-06
CUST02885,Aarav Patil,Male,36,Coimbatore,Tamil Nadu,R016,Standard,Instagram,2025-05-05
CUST02886,Ananya Nair,Male,49,Bhopal,Madhya Pradesh,R024,Premium,Instagram,2025-03-29
CUST02887,Aditya Patil,Female,20,Bhubaneswar,Odisha,R013,Standard,Email,2023-07-02
CUST02888,Karan Singh,Male,49,Bhopal,Madhya Pradesh,R024,Premium,Organic,2025-11-30
CUST02889,Amit Sharma,Female,58,Vijayawada,Andhra Pradesh,R022,Standard,Google Ads,2024-02-01
CUST02890,Rohan Patil,Female,38,Pune,Maharashtra,R002,Premium,Organic,2025-02-17
CUST02891,Isha Singh,Male,42,Coimbatore,Tamil Nadu,R016,Premium,Instagram,2025-06-25
CUST02892,Aditya Joshi,Female,34,Udaipur,Rajasthan,R006,Corporate,Email,2023-05-07
CUST02893,Aditya Deshmukh,Male,42,Patna,Bihar,R014,Standard,Referral,2023-01-01
CUST02894,Aditya Joshi,Female,50,Mumbai,Maharashtra,R001,Premium,Referral,2026-04-06
CUST02895,Sneha Verma,Male,48,Bengaluru,Karnataka,R017,Standard,Organic,2023-01-19
CUST02896,Karan Patil,Female,53,Noida,Uttar Pradesh,R011,Standard,Organic,2024-08-06
CUST02897,Karan Deshmukh,Male,40,Hyderabad,Telangana,R019,Standard,Organic,2024-03-31
CUST02898,Isha Kumar,Female,64,Ahmedabad,Gujarat,R003,Standard,Instagram,2025-08-14
CUST02899,Rohan Mehta,Female,61,Noida,Uttar Pradesh,R011,Premium,Instagram,2026-02-06
CUST02900,Aarav Joshi,Male,42,Jaipur,Rajasthan,R005,Premium,Email,2024-03-20
CUST02901,Aarav Joshi,Female,61,Bengaluru,Karnataka,R017,Standard,Instagram,2026-06-17
CUST02902,Pooja Patil,Male,65,Vijayawada,Andhra Pradesh,R022,Premium,Email,2024-08-24
CUST02903,Karan Patil,Male,47,New Delhi,Delhi,R007,Standard,Email,2023-04-13
CUST02904,Aditya Nair,Female,30,Lucknow,Uttar Pradesh,R010,Premium,Organic,2025-09-14
CUST02905,Aditya Sharma,Female,60,Noida,Uttar Pradesh,R011,Premium,Referral,2026-06-27
CUST02906,Rahul Gupta,Male,64,Ahmedabad,Gujarat,R003,Premium,Organic,2024-06-03
CUST02907,Priya Gupta,Male,46,Kochi,Kerala,R020,Standard,Instagram,2026-03-22
CUST02908,Pooja Deshmukh,Female,33,Lucknow,Uttar Pradesh,R010,Premium,Google Ads,2025-05-08
CUST02909,Rohan Singh,Female,55,Lucknow,Uttar Pradesh,R010,Standard,Instagram,2023-06-23
CUST02910,Aditya Gupta,Male,44,Patna,Bihar,R014,Premium,Referral,2025-10-01
CUST02911,Priya Joshi,Male,43,Kolkata,West Bengal,R012,Standard,Instagram,2024-03-06
CUST02912,Aditya Patil,Female,28,Chennai,Tamil Nadu,R015,Premium,Referral,2024-12-27
CUST02913,Rahul Mhaske,Female,64,Lucknow,Uttar Pradesh,R010,Standard,Google Ads,2025-04-29
CUST02914,Rahul Deshmukh,Female,54,Lucknow,Uttar Pradesh,R010,Premium,Google Ads,2025-09-16
CUST02915,Ananya Mehta,Male,20,Hyderabad,Telangana,R019,Standard,Email,2024-09-30
CUST02916,Aarav Verma,Female,43,Mumbai,Maharashtra,R001,Premium,Instagram,2024-02-24
CUST02917,Priya Gupta,Female,51,Bhopal,Madhya Pradesh,R024,Premium,Email,2024-08-16
CUST02918,Vivaan Nair,Male,50,Lucknow,Uttar Pradesh,R010,Corporate,Organic,2024-04-29
CUST02919,Vivaan Sharma,Male,32,Pune,Maharashtra,R002,Premium,Organic,2024-02-16
CUST02920,Pooja Kumar,Female,19,Bengaluru,Karnataka,R017,Standard,Organic,2025-07-24
CUST02921,Vivaan Mhaske,Male,45,Bhopal,Madhya Pradesh,R024,Premium,Organic,2026-01-12
CUST02922,Kavya Nair,Female,37,New Delhi,Delhi,R007,Standard,Organic,2026-02-10
CUST02923,Vivaan Verma,Female,55,New Delhi,Delhi,R007,Premium,Instagram,2023-11-28
CUST02924,Pooja Sharma,Female,61,Kochi,Kerala,R020,Corporate,Email,2024-10-16
CUST02925,Aditya Gupta,Female,33,Amritsar,Punjab,R009,Standard,Email,2023-02-10
CUST02926,Priya Sharma,Male,63,Vijayawada,Andhra Pradesh,R022,Premium,Referral,2025-08-16
CUST02927,Meera Verma,Male,21,Pune,Maharashtra,R002,Premium,Organic,2023-04-15
CUST02928,Rohan Verma,Female,25,Patna,Bihar,R014,Standard,Google Ads,2023-07-21
CUST02929,Amit Joshi,Male,61,Bengaluru,Karnataka,R017,Standard,Referral,2024-03-25
CUST02930,Rohan Deshmukh,Male,63,Mumbai,Maharashtra,R001,Standard,Referral,2025-06-28
CUST02931,Vivaan Mehta,Male,37,Amritsar,Punjab,R009,Corporate,Instagram,2023-07-29
CUST02932,Karan Kumar,Male,43,Kochi,Kerala,R020,Standard,Referral,2024-07-16
CUST02933,Ananya Mehta,Female,49,Thiruvananthapuram,Kerala,R021,Standard,Google Ads,2026-02-15
CUST02934,Pooja Shah,Male,30,Hyderabad,Telangana,R019,Standard,Email,2024-12-13
CUST02935,Arjun Singh,Male,22,Surat,Gujarat,R004,Standard,Referral,2025-02-09
CUST02936,Ananya Singh,Female,61,Ludhiana,Punjab,R008,Premium,Instagram,2026-01-12
CUST02937,Rahul Sharma,Female,59,Bhubaneswar,Odisha,R013,Standard,Organic,2024-03-29
CUST02938,Aditya Joshi,Female,30,Surat,Gujarat,R004,Corporate,Google Ads,2024-10-28
CUST02939,Karan Patil,Female,58,Amritsar,Punjab,R009,Standard,Organic,2024-09-20
CUST02940,Aditya Verma,Female,28,Amritsar,Punjab,R009,Standard,Referral,2024-01-22
CUST02941,Pooja Shah,Female,54,Vijayawada,Andhra Pradesh,R022,Standard,Email,2023-10-23
CUST02942,Rahul Mhaske,Female,49,Mysuru,Karnataka,R018,Corporate,Instagram,2023-09-15
CUST02943,Rahul Kumar,Female,62,Kolkata,West Bengal,R012,Standard,Google Ads,2026-01-09
CUST02944,Karan Patil,Male,59,Lucknow,Uttar Pradesh,R010,Standard,Email,2023-09-25
CUST02945,Rohan Verma,Female,35,Noida,Uttar Pradesh,R011,Standard,Google Ads,2024-02-23
CUST02946,Neha Mehta,Male,46,New Delhi,Delhi,R007,Standard,Instagram,2023-08-23
CUST02947,Vivaan Kumar,Male,32,Amritsar,Punjab,R009,Premium,Instagram,2025-09-12
CUST02948,Aarav Shah,Male,37,Udaipur,Rajasthan,R006,Premium,Referral,2026-05-21
CUST02949,Rohan Shah,Male,61,Hyderabad,Telangana,R019,Standard,Google Ads,2024-07-27
CUST02950,Ananya Nair,Female,53,Coimbatore,Tamil Nadu,R016,Standard,Referral,2023-02-18
CUST02951,Priya Sharma,Female,22,Chennai,Tamil Nadu,R015,Premium,Google Ads,2026-02-24
CUST02952,Vivaan Mhaske,Female,57,New Delhi,Delhi,R007,Standard,Google Ads,2023-08-11
CUST02953,Neha Gupta,Female,54,Coimbatore,Tamil Nadu,R016,Standard,Organic,2025-07-09
CUST02954,Priya Mehta,Male,50,Jaipur,Rajasthan,R005,Standard,Referral,2023-10-04
CUST02955,Sneha Patil,Female,35,Coimbatore,Tamil Nadu,R016,Standard,Google Ads,2026-02-04
CUST02956,Priya Gupta,Male,36,Mumbai,Maharashtra,R001,Standard,Google Ads,2024-02-24
CUST02957,Rahul Sharma,Female,49,Hyderabad,Telangana,R019,Standard,Instagram,2024-09-02
CUST02958,Aditya Gupta,Male,59,Jaipur,Rajasthan,R005,Standard,Organic,2024-01-10
CUST02959,Neha Mehta,Male,39,New Delhi,Delhi,R007,Standard,Instagram,2023-03-14
CUST02960,Meera Sharma,Female,58,Hyderabad,Telangana,R019,Premium,Referral,2025-11-19
CUST02961,Karan Sharma,Female,18,Vijayawada,Andhra Pradesh,R022,Corporate,Referral,2026-04-26
CUST02962,Neha Singh,Female,42,Jaipur,Rajasthan,R005,Corporate,Google Ads,2023-07-14
CUST02963,Aarav Kumar,Female,37,Bengaluru,Karnataka,R017,Premium,Email,2026-03-25
CUST02964,Rahul Joshi,Male,52,Vijayawada,Andhra Pradesh,R022,Standard,Instagram,2026-04-10
CUST02965,Amit Joshi,Female,62,Ludhiana,Punjab,R008,Standard,Referral,2025-04-26
CUST02966,Rohan Shah,Female,23,Mumbai,Maharashtra,R001,Premium,Google Ads,2025-11-30
CUST02967,Karan Deshmukh,Male,23,Pune,Maharashtra,R002,Standard,Google Ads,2025-12-22
CUST02968,Sneha Patil,Male,54,Chennai,Tamil Nadu,R015,Standard,Instagram,2023-01-23
CUST02969,Amit Patil,Male,20,Kochi,Kerala,R020,Standard,Google Ads,2023-12-26
CUST02970,Rohan Patil,Female,54,Mysuru,Karnataka,R018,Standard,Organic,2026-01-03
CUST02971,Priya Singh,Male,48,Noida,Uttar Pradesh,R011,Premium,Email,2024-07-13
CUST02972,Vivaan Sharma,Male,52,Indore,Madhya Pradesh,R025,Premium,Instagram,2024-11-02
CUST02973,Amit Mhaske,Male,62,Lucknow,Uttar Pradesh,R010,Premium,Instagram,2026-02-15
CUST02974,Pooja Nair,Male,32,Bhopal,Madhya Pradesh,R024,Premium,Instagram,2024-11-09
CUST02975,Pooja Verma,Female,34,Bhopal,Madhya Pradesh,R024,Standard,Google Ads,2024-03-15
CUST02976,Isha Singh,Female,32,Surat,Gujarat,R004,Premium,Google Ads,2025-07-21
CUST02977,Rahul Verma,Male,22,Jaipur,Rajasthan,R005,Standard,Instagram,2023-01-07
CUST02978,Neha Singh,Male,39,Surat,Gujarat,R004,Premium,Instagram,2026-05-04
CUST02979,Rohan Patil,Male,63,Bhubaneswar,Odisha,R013,Standard,Organic,2024-02-25
CUST02980,Rohan Joshi,Female,28,Indore,Madhya Pradesh,R025,Premium,Referral,2025-04-12
CUST02981,Karan Kumar,Male,45,Bhubaneswar,Odisha,R013,Corporate,Organic,2026-05-01
CUST02982,Meera Deshmukh,Male,31,Mysuru,Karnataka,R018,Standard,Instagram,2024-07-12
CUST02983,Priya Shah,Female,56,Bhopal,Madhya Pradesh,R024,Standard,Google Ads,2026-03-17
CUST02984,Isha Nair,Male,20,Pune,Maharashtra,R002,Standard,Google Ads,2026-05-10
CUST02985,Aditya Mehta,Female,59,Coimbatore,Tamil Nadu,R016,Standard,Instagram,2025-07-02
CUST02986,Kavya Joshi,Male,28,Mumbai,Maharashtra,R001,Standard,Referral,2025-10-03
CUST02987,Amit Sharma,Female,47,Hyderabad,Telangana,R019,Premium,Email,2023-05-06
CUST02988,Karan Verma,Male,55,Amritsar,Punjab,R009,Standard,Email,2024-01-30
CUST02989,Rahul Singh,Male,22,Ahmedabad,Gujarat,R003,Standard,Organic,2025-03-27
CUST02990,Aditya Gupta,Male,39,Indore,Madhya Pradesh,R025,Premium,Referral,2025-05-30
CUST02991,Priya Gupta,Female,30,New Delhi,Delhi,R007,Standard,Email,2024-07-29
CUST02992,Aarav Mhaske,Female,61,Lucknow,Uttar Pradesh,R010,Standard,Referral,2023-11-21
CUST02993,Aditya Sharma,Male,38,Mumbai,Maharashtra,R001,Premium,Google Ads,2025-07-18
CUST02994,Isha Joshi,Female,54,Lucknow,Uttar Pradesh,R010,Premium,Google Ads,2026-05-12
CUST02995,Aarav Joshi,Female,42,Thiruvananthapuram,Kerala,R021,Standard,Referral,2025-04-12
CUST02996,Arjun Deshmukh,Female,38,Amritsar,Punjab,R009,Standard,Instagram,2025-11-20
CUST02997,Amit Gupta,Female,45,Chennai,Tamil Nadu,R015,Standard,Email,2025-04-16
CUST02998,Amit Deshmukh,Male,58,Chennai,Tamil Nadu,R015,Standard,Email,2025-07-14
CUST02999,Priya Singh,Female,21,Ahmedabad,Gujarat,R003,Standard,Google Ads,2024-03-18
CUST03000,Aarav Singh,Male,46,Indore,Madhya Pradesh,R025,Premium,Organic,2023-03-16
CUST03001,Aarav Nair,Male,64,Jaipur,Rajasthan,R005,Premium,Email,2024-07-10
CUST03002,Arjun Kumar,Male,52,Amritsar,Punjab,R009,Standard,Google Ads,2026-03-24
CUST03003,Meera Gupta,Female,40,Vijayawada,Andhra Pradesh,R022,Standard,Google Ads,2023-12-29
CUST03004,Kavya Gupta,Female,24,Amritsar,Punjab,R009,Standard,Referral,2024-03-23
CUST03005,Meera Mehta,Female,63,Visakhapatnam,Andhra Pradesh,R023,Standard,Referral,2026-06-11
CUST03006,Ananya Kumar,Female,63,New Delhi,Delhi,R007,Premium,Referral,2023-09-19
CUST03007,Karan Sharma,Female,26,Bhopal,Madhya Pradesh,R024,Corporate,Organic,2023-05-05
CUST03008,Isha Gupta,Male,40,Visakhapatnam,Andhra Pradesh,R023,Standard,Email,2025-06-29
CUST03009,Sneha Gupta,Male,20,Kolkata,West Bengal,R012,Standard,Organic,2023-09-02
CUST03010,Karan Sharma,Male,26,Indore,Madhya Pradesh,R025,Premium,Organic,2024-06-25
CUST03011,Amit Joshi,Male,21,Amritsar,Punjab,R009,Standard,Referral,2024-04-29
CUST03012,Isha Deshmukh,Male,42,Udaipur,Rajasthan,R006,Standard,Google Ads,2023-05-02
CUST03013,Vivaan Mhaske,Male,23,Visakhapatnam,Andhra Pradesh,R023,Standard,Instagram,2023-05-05
CUST03014,Arjun Sharma,Female,65,Pune,Maharashtra,R002,Standard,Google Ads,2023-06-19
CUST03015,Kavya Joshi,Female,35,Amritsar,Punjab,R009,Standard,Google Ads,2023-05-04
CUST03016,Pooja Mehta,Female,62,Bengaluru,Karnataka,R017,Corporate,Google Ads,2025-11-24
CUST03017,Aditya Mhaske,Female,24,Mumbai,Maharashtra,R001,Standard,Google Ads,2026-01-15
CUST03018,Aditya Kumar,Male,52,Hyderabad,Telangana,R019,Standard,Organic,2024-10-07
CUST03019,Neha Mehta,Female,48,Udaipur,Rajasthan,R006,Premium,Referral,2025-02-24
CUST03020,Isha Patil,Male,55,Jaipur,Rajasthan,R005,Standard,Referral,2023-07-20
CUST03021,Priya Mehta,Male,49,Pune,Maharashtra,R002,Standard,Google Ads,2024-01-04
CUST03022,Aarav Deshmukh,Female,52,Amritsar,Punjab,R009,Standard,Instagram,2025-03-07
CUST03023,Rohan Deshmukh,Male,45,Patna,Bihar,R014,Standard,Email,2023-03-18
CUST03024,Rohan Patil,Male,61,Surat,Gujarat,R004,Premium,Google Ads,2023-02-28
CUST03025,Aarav Kumar,Male,22,Surat,Gujarat,R004,Standard,Google Ads,2024-03-06
CUST03026,Aditya Sharma,Female,47,Thiruvananthapuram,Kerala,R021,Corporate,Instagram,2024-09-29
CUST03027,Kavya Kumar,Female,39,Chennai,Tamil Nadu,R015,Premium,Organic,2023-04-19
CUST03028,Sneha Sharma,Male,34,Ludhiana,Punjab,R008,Standard,Google Ads,2025-10-04
CUST03029,Karan Sharma,Female,27,Surat,Gujarat,R004,Standard,Instagram,2023-03-09
CUST03030,Neha Deshmukh,Male,24,Coimbatore,Tamil Nadu,R016,Standard,Organic,2025-12-28
CUST03031,Sneha Deshmukh,Male,21,Thiruvananthapuram,Kerala,R021,Standard,Organic,2026-04-03
CUST03032,Aditya Verma,Male,59,Surat,Gujarat,R004,Standard,Google Ads,2023-11-01
CUST03033,Rahul Singh,Female,44,Coimbatore,Tamil Nadu,R016,Standard,Organic,2024-11-04
CUST03034,Neha Shah,Male,24,Vijayawada,Andhra Pradesh,R022,Corporate,Google Ads,2023-12-31
CUST03035,Sneha Verma,Male,40,Kolkata,West Bengal,R012,Standard,Google Ads,2025-03-31
CUST03036,Pooja Singh,Male,28,Coimbatore,Tamil Nadu,R016,Standard,Referral,2023-12-09
CUST03037,Isha Sharma,Male,25,Hyderabad,Telangana,R019,Standard,Email,2025-08-04
CUST03038,Vivaan Kumar,Female,25,Ludhiana,Punjab,R008,Standard,Email,2025-06-17
CUST03039,Arjun Mehta,Male,54,Udaipur,Rajasthan,R006,Premium,Referral,2026-02-06
CUST03040,Amit Verma,Male,22,Lucknow,Uttar Pradesh,R010,Premium,Google Ads,2025-01-31
CUST03041,Meera Deshmukh,Male,24,Jaipur,Rajasthan,R005,Standard,Instagram,2023-12-07
CUST03042,Neha Verma,Female,39,Mysuru,Karnataka,R018,Premium,Organic,2025-07-30
CUST03043,Isha Kumar,Female,53,Lucknow,Uttar Pradesh,R010,Premium,Referral,2024-01-18
CUST03044,Rohan Sharma,Male,19,Lucknow,Uttar Pradesh,R010,Premium,Referral,2025-09-30
CUST03045,Kavya Joshi,Male,41,New Delhi,Delhi,R007,Premium,Referral,2023-10-27
CUST03046,Aarav Mhaske,Male,19,Mysuru,Karnataka,R018,Premium,Referral,2023-05-19
CUST03047,Karan Deshmukh,Male,65,Mumbai,Maharashtra,R001,Standard,Email,2023-12-25
CUST03048,Aditya Sharma,Female,29,New Delhi,Delhi,R007,Standard,Google Ads,2025-04-15
CUST03049,Aarav Joshi,Female,64,Thiruvananthapuram,Kerala,R021,Standard,Referral,2024-04-27
CUST03050,Rahul Sharma,Female,59,Mumbai,Maharashtra,R001,Standard,Referral,2025-06-27
CUST03051,Meera Singh,Male,43,Chennai,Tamil Nadu,R015,Corporate,Referral,2026-02-08
CUST03052,Pooja Singh,Female,55,Surat,Gujarat,R004,Premium,Instagram,2025-05-15
CUST03053,Pooja Verma,Female,62,Kochi,Kerala,R020,Corporate,Instagram,2023-05-19
CUST03054,Amit Joshi,Female,23,Lucknow,Uttar Pradesh,R010,Standard,Organic,2025-09-22
CUST03055,Sneha Deshmukh,Female,40,Visakhapatnam,Andhra Pradesh,R023,Premium,Google Ads,2024-03-10
CUST03056,Sneha Sharma,Female,19,Amritsar,Punjab,R009,Premium,Referral,2024-05-23
CUST03057,Rahul Mehta,Female,43,Pune,Maharashtra,R002,Premium,Organic,2023-09-30
CUST03058,Aditya Joshi,Male,31,Patna,Bihar,R014,Premium,Organic,2026-01-27
CUST03059,Arjun Verma,Female,35,Coimbatore,Tamil Nadu,R016,Standard,Google Ads,2023-04-14
CUST03060,Isha Nair,Male,55,Mumbai,Maharashtra,R001,Standard,Instagram,2026-05-22
CUST03061,Aarav Sharma,Female,49,Pune,Maharashtra,R002,Corporate,Google Ads,2025-01-31
CUST03062,Priya Patil,Female,31,New Delhi,Delhi,R007,Standard,Organic,2025-02-25
CUST03063,Kavya Patil,Female,47,Lucknow,Uttar Pradesh,R010,Standard,Google Ads,2023-06-14
CUST03064,Aarav Kumar,Male,30,Vijayawada,Andhra Pradesh,R022,Standard,Instagram,2025-09-25
CUST03065,Rohan Singh,Male,57,Kochi,Kerala,R020,Standard,Organic,2024-06-03
CUST03066,Priya Mehta,Male,48,Mumbai,Maharashtra,R001,Premium,Google Ads,2024-05-31
CUST03067,Neha Gupta,Female,54,Bhubaneswar,Odisha,R013,Premium,Referral,2024-10-18
CUST03068,Kavya Verma,Female,62,Mumbai,Maharashtra,R001,Corporate,Referral,2024-09-04
CUST03069,Kavya Shah,Female,55,Jaipur,Rajasthan,R005,Standard,Google Ads,2023-06-13
CUST03070,Rohan Kumar,Male,39,Coimbatore,Tamil Nadu,R016,Standard,Google Ads,2023-03-05
CUST03071,Pooja Sharma,Female,45,Chennai,Tamil Nadu,R015,Corporate,Instagram,2026-01-19
CUST03072,Amit Kumar,Female,36,Bengaluru,Karnataka,R017,Corporate,Organic,2026-02-14
CUST03073,Neha Shah,Male,60,Visakhapatnam,Andhra Pradesh,R023,Corporate,Google Ads,2023-09-24
CUST03074,Karan Joshi,Female,33,Coimbatore,Tamil Nadu,R016,Premium,Organic,2026-03-09
CUST03075,Meera Mhaske,Female,22,Bhubaneswar,Odisha,R013,Standard,Referral,2023-09-03
CUST03076,Vivaan Mhaske,Female,61,Noida,Uttar Pradesh,R011,Standard,Organic,2024-01-30
CUST03077,Arjun Verma,Female,19,Bengaluru,Karnataka,R017,Premium,Email,2024-04-20
CUST03078,Rohan Nair,Male,27,Bengaluru,Karnataka,R017,Premium,Instagram,2025-09-03
CUST03079,Amit Nair,Female,64,Pune,Maharashtra,R002,Premium,Instagram,2026-04-22
CUST03080,Arjun Mehta,Female,36,Bhubaneswar,Odisha,R013,Standard,Organic,2025-11-09
CUST03081,Rohan Deshmukh,Female,37,Patna,Bihar,R014,Premium,Instagram,2024-07-11
CUST03082,Pooja Singh,Female,46,Noida,Uttar Pradesh,R011,Standard,Organic,2025-10-14
CUST03083,Pooja Mhaske,Female,42,Lucknow,Uttar Pradesh,R010,Standard,Organic,2025-06-01
CUST03084,Aarav Shah,Male,34,Ahmedabad,Gujarat,R003,Standard,Referral,2023-05-27
CUST03085,Priya Mehta,Female,30,Bengaluru,Karnataka,R017,Corporate,Organic,2024-10-27
CUST03086,Isha Gupta,Male,62,Chennai,Tamil Nadu,R015,Standard,Instagram,2024-09-11
CUST03087,Meera Mehta,Male,33,Amritsar,Punjab,R009,Standard,Email,2025-03-30
CUST03088,Priya Mhaske,Male,52,Lucknow,Uttar Pradesh,R010,Standard,Google Ads,2025-05-13
CUST03089,Karan Mehta,Female,53,Ludhiana,Punjab,R008,Premium,Instagram,2024-08-04
CUST03090,Kavya Sharma,Female,56,Thiruvananthapuram,Kerala,R021,Standard,Email,2025-10-19
CUST03091,Ananya Patil,Male,20,Bhubaneswar,Odisha,R013,Corporate,Instagram,2024-11-25
CUST03092,Aditya Mhaske,Male,26,Mysuru,Karnataka,R018,Standard,Email,2026-06-05
CUST03093,Sneha Kumar,Female,57,Jaipur,Rajasthan,R005,Standard,Instagram,2026-01-30
CUST03094,Rahul Kumar,Female,63,Udaipur,Rajasthan,R006,Premium,Google Ads,2026-05-24
CUST03095,Ananya Shah,Female,46,Bengaluru,Karnataka,R017,Standard,Referral,2024-02-11
CUST03096,Rohan Nair,Male,22,Noida,Uttar Pradesh,R011,Standard,Referral,2024-02-03
CUST03097,Vivaan Shah,Male,20,Kochi,Kerala,R020,Standard,Google Ads,2024-12-15
CUST03098,Arjun Deshmukh,Male,27,Coimbatore,Tamil Nadu,R016,Premium,Instagram,2024-12-04
CUST03099,Meera Verma,Male,48,Amritsar,Punjab,R009,Standard,Email,2025-01-30
CUST03100,Rahul Gupta,Male,28,Pune,Maharashtra,R002,Standard,Organic,2024-05-13
CUST03101,Priya Kumar,Male,34,Jaipur,Rajasthan,R005,Premium,Instagram,2025-08-31
CUST03102,Rohan Mehta,Male,57,Mumbai,Maharashtra,R001,Standard,Google Ads,2023-03-23
CUST03103,Amit Singh,Male,58,Surat,Gujarat,R004,Standard,Referral,2024-08-26
CUST03104,Pooja Gupta,Female,25,Surat,Gujarat,R004,Standard,Referral,2025-02-10
CUST03105,Meera Gupta,Male,19,Vijayawada,Andhra Pradesh,R022,Premium,Instagram,2025-06-21
CUST03106,Aditya Joshi,Male,21,Indore,Madhya Pradesh,R025,Standard,Email,2023-12-31
CUST03107,Isha Mehta,Female,33,Ahmedabad,Gujarat,R003,Premium,Google Ads,2023-06-12
CUST03108,Rahul Joshi,Female,58,Amritsar,Punjab,R009,Premium,Google Ads,2025-12-07
CUST03109,Kavya Patil,Female,58,Vijayawada,Andhra Pradesh,R022,Standard,Email,2024-05-25
CUST03110,Neha Kumar,Female,38,Visakhapatnam,Andhra Pradesh,R023,Corporate,Email,2023-04-26
CUST03111,Kavya Gupta,Female,22,Kolkata,West Bengal,R012,Standard,Instagram,2025-07-29
CUST03112,Vivaan Singh,Female,52,Lucknow,Uttar Pradesh,R010,Standard,Instagram,2023-12-03
CUST03113,Karan Joshi,Female,31,Pune,Maharashtra,R002,Premium,Referral,2025-05-30
CUST03114,Meera Kumar,Female,32,Noida,Uttar Pradesh,R011,Standard,Referral,2025-01-06
CUST03115,Arjun Mhaske,Male,23,Lucknow,Uttar Pradesh,R010,Standard,Email,2025-04-19
CUST03116,Meera Joshi,Male,33,Vijayawada,Andhra Pradesh,R022,Standard,Organic,2023-05-27
CUST03117,Vivaan Gupta,Female,40,Udaipur,Rajasthan,R006,Standard,Organic,2024-03-18
CUST03118,Isha Joshi,Male,48,Mysuru,Karnataka,R018,Standard,Organic,2025-04-16
CUST03119,Aarav Verma,Female,59,Pune,Maharashtra,R002,Premium,Google Ads,2025-11-02
CUST03120,Kavya Patil,Male,63,Pune,Maharashtra,R002,Premium,Instagram,2025-07-31
CUST03121,Rohan Nair,Male,29,Lucknow,Uttar Pradesh,R010,Standard,Email,2023-10-14
CUST03122,Aarav Joshi,Female,58,Coimbatore,Tamil Nadu,R016,Standard,Referral,2024-12-20
CUST03123,Aditya Nair,Male,36,Kolkata,West Bengal,R012,Standard,Organic,2026-02-11
CUST03124,Aarav Kumar,Female,29,Mumbai,Maharashtra,R001,Standard,Referral,2024-04-24
CUST03125,Amit Patil,Female,62,Thiruvananthapuram,Kerala,R021,Standard,Instagram,2023-01-22
CUST03126,Amit Mhaske,Female,30,Ludhiana,Punjab,R008,Standard,Email,2024-11-13
CUST03127,Kavya Deshmukh,Female,19,Coimbatore,Tamil Nadu,R016,Standard,Organic,2025-06-24
CUST03128,Karan Gupta,Female,37,Mysuru,Karnataka,R018,Standard,Organic,2023-11-16
CUST03129,Amit Mhaske,Female,48,Bhubaneswar,Odisha,R013,Premium,Email,2023-05-06
CUST03130,Aarav Sharma,Female,26,Chennai,Tamil Nadu,R015,Standard,Referral,2023-10-04
CUST03131,Kavya Shah,Female,38,Thiruvananthapuram,Kerala,R021,Corporate,Instagram,2026-05-12
CUST03132,Vivaan Kumar,Female,25,Kolkata,West Bengal,R012,Premium,Instagram,2023-07-13
CUST03133,Aarav Shah,Female,56,Ludhiana,Punjab,R008,Corporate,Instagram,2024-11-26
CUST03134,Sneha Gupta,Female,54,Lucknow,Uttar Pradesh,R010,Premium,Referral,2023-02-26
CUST03135,Neha Nair,Male,46,Patna,Bihar,R014,Premium,Referral,2026-04-01
CUST03136,Neha Patil,Male,36,Jaipur,Rajasthan,R005,Premium,Organic,2023-01-19
CUST03137,Amit Shah,Male,52,Mysuru,Karnataka,R018,Standard,Referral,2023-09-21
CUST03138,Aarav Mhaske,Male,62,Hyderabad,Telangana,R019,Premium,Google Ads,2025-03-04
CUST03139,Rohan Deshmukh,Female,55,Chennai,Tamil Nadu,R015,Premium,Email,2023-04-23
CUST03140,Priya Patil,Male,43,Udaipur,Rajasthan,R006,Standard,Referral,2024-06-25
CUST03141,Amit Verma,Female,28,Noida,Uttar Pradesh,R011,Premium,Instagram,2024-10-08
CUST03142,Vivaan Mhaske,Male,53,Thiruvananthapuram,Kerala,R021,Standard,Referral,2024-08-01
CUST03143,Rohan Mehta,Male,52,Noida,Uttar Pradesh,R011,Standard,Organic,2025-12-24
CUST03144,Neha Kumar,Male,21,Kochi,Kerala,R020,Standard,Email,2023-01-25
CUST03145,Priya Shah,Female,20,Kochi,Kerala,R020,Premium,Email,2023-01-01
CUST03146,Neha Verma,Male,62,Thiruvananthapuram,Kerala,R021,Premium,Instagram,2025-06-29
CUST03147,Sneha Verma,Male,64,Mysuru,Karnataka,R018,Premium,Email,2023-05-21
CUST03148,Kavya Deshmukh,Female,29,Indore,Madhya Pradesh,R025,Premium,Google Ads,2024-10-09
CUST03149,Karan Nair,Male,49,Mysuru,Karnataka,R018,Standard,Email,2023-07-07
CUST03150,Kavya Patil,Male,64,Lucknow,Uttar Pradesh,R010,Corporate,Instagram,2026-02-25
CUST03151,Karan Sharma,Female,43,Pune,Maharashtra,R002,Standard,Email,2023-07-20
CUST03152,Neha Deshmukh,Male,60,Amritsar,Punjab,R009,Corporate,Referral,2026-02-24
CUST03153,Isha Kumar,Male,60,Patna,Bihar,R014,Standard,Organic,2023-09-14
CUST03154,Ananya Gupta,Male,30,Hyderabad,Telangana,R019,Standard,Referral,2024-06-30
CUST03155,Rahul Mhaske,Male,61,Lucknow,Uttar Pradesh,R010,Premium,Google Ads,2023-07-13
CUST03156,Rahul Verma,Female,55,Visakhapatnam,Andhra Pradesh,R023,Premium,Google Ads,2024-12-03
CUST03157,Aarav Deshmukh,Male,46,Surat,Gujarat,R004,Standard,Organic,2026-02-01
CUST03158,Kavya Mehta,Female,36,Udaipur,Rajasthan,R006,Premium,Organic,2025-03-12
CUST03159,Pooja Verma,Female,52,Patna,Bihar,R014,Standard,Organic,2025-07-30
CUST03160,Aditya Singh,Male,65,Surat,Gujarat,R004,Standard,Organic,2024-02-18
CUST03161,Aarav Gupta,Female,58,Chennai,Tamil Nadu,R015,Premium,Email,2026-01-03
CUST03162,Meera Joshi,Male,44,Coimbatore,Tamil Nadu,R016,Standard,Referral,2025-06-28
CUST03163,Vivaan Mehta,Male,63,New Delhi,Delhi,R007,Premium,Google Ads,2023-07-07
CUST03164,Neha Nair,Male,48,Bengaluru,Karnataka,R017,Standard,Email,2023-02-14
CUST03165,Kavya Singh,Male,20,Hyderabad,Telangana,R019,Standard,Organic,2023-03-24
CUST03166,Vivaan Kumar,Female,52,Hyderabad,Telangana,R019,Standard,Instagram,2026-02-20
CUST03167,Karan Sharma,Male,41,Bengaluru,Karnataka,R017,Standard,Instagram,2023-12-24
CUST03168,Sneha Sharma,Female,24,Udaipur,Rajasthan,R006,Standard,Referral,2025-12-25
CUST03169,Aarav Nair,Female,52,Noida,Uttar Pradesh,R011,Premium,Google Ads,2025-07-24
CUST03170,Arjun Verma,Male,38,Coimbatore,Tamil Nadu,R016,Corporate,Google Ads,2024-01-10
CUST03171,Meera Kumar,Female,18,Indore,Madhya Pradesh,R025,Premium,Referral,2023-06-11
CUST03172,Aarav Mehta,Female,61,Ludhiana,Punjab,R008,Premium,Organic,2026-04-26
CUST03173,Aditya Shah,Male,23,Noida,Uttar Pradesh,R011,Standard,Organic,2023-11-18
CUST03174,Aarav Deshmukh,Male,56,New Delhi,Delhi,R007,Standard,Google Ads,2024-03-25
CUST03175,Priya Nair,Male,51,Bhopal,Madhya Pradesh,R024,Standard,Google Ads,2025-11-02
CUST03176,Neha Joshi,Male,35,Vijayawada,Andhra Pradesh,R022,Standard,Google Ads,2023-07-03
CUST03177,Meera Nair,Male,42,Indore,Madhya Pradesh,R025,Premium,Organic,2023-04-21
CUST03178,Kavya Kumar,Male,32,Hyderabad,Telangana,R019,Standard,Instagram,2024-05-22
CUST03179,Aarav Gupta,Female,64,Lucknow,Uttar Pradesh,R010,Standard,Referral,2023-10-22
CUST03180,Kavya Patil,Female,49,Amritsar,Punjab,R009,Standard,Referral,2025-06-22
CUST03181,Meera Sharma,Female,59,Surat,Gujarat,R004,Standard,Email,2026-05-23
CUST03182,Aditya Joshi,Male,35,Visakhapatnam,Andhra Pradesh,R023,Standard,Email,2025-08-31
CUST03183,Aarav Shah,Male,48,Chennai,Tamil Nadu,R015,Premium,Instagram,2024-09-23
CUST03184,Vivaan Patil,Male,46,Bhubaneswar,Odisha,R013,Standard,Google Ads,2025-11-16
CUST03185,Arjun Nair,Male,32,Indore,Madhya Pradesh,R025,Premium,Instagram,2025-01-02
CUST03186,Aditya Mhaske,Female,40,Pune,Maharashtra,R002,Standard,Email,2026-06-08
CUST03187,Priya Gupta,Male,55,Pune,Maharashtra,R002,Premium,Email,2023-11-17
CUST03188,Aditya Shah,Male,58,Coimbatore,Tamil Nadu,R016,Premium,Referral,2025-07-01
CUST03189,Amit Gupta,Male,28,Amritsar,Punjab,R009,Premium,Instagram,2026-06-10
CUST03190,Arjun Nair,Female,32,Bhubaneswar,Odisha,R013,Standard,Organic,2024-03-12
CUST03191,Aditya Nair,Female,40,Ahmedabad,Gujarat,R003,Standard,Email,2025-02-19
CUST03192,Arjun Nair,Male,20,Amritsar,Punjab,R009,Corporate,Referral,2025-12-12
CUST03193,Vivaan Sharma,Male,36,Bhubaneswar,Odisha,R013,Standard,Google Ads,2024-12-26
CUST03194,Aditya Shah,Male,18,Thiruvananthapuram,Kerala,R021,Standard,Instagram,2023-01-31
CUST03195,Vivaan Sharma,Female,41,Vijayawada,Andhra Pradesh,R022,Standard,Email,2023-12-03
CUST03196,Aarav Patil,Female,28,Pune,Maharashtra,R002,Premium,Organic,2023-07-02
CUST03197,Isha Deshmukh,Female,47,Ludhiana,Punjab,R008,Standard,Email,2025-11-12
CUST03198,Isha Gupta,Female,28,Amritsar,Punjab,R009,Premium,Organic,2024-06-27
CUST03199,Neha Kumar,Male,56,Coimbatore,Tamil Nadu,R016,Standard,Instagram,2026-01-02
CUST03200,Isha Shah,Male,18,Pune,Maharashtra,R002,Standard,Organic,2025-10-30
CUST03201,Rohan Sharma,Female,29,Udaipur,Rajasthan,R006,Standard,Organic,2024-10-21
CUST03202,Priya Gupta,Male,21,Vijayawada,Andhra Pradesh,R022,Standard,Referral,2023-06-09
CUST03203,Sneha Sharma,Female,42,Ludhiana,Punjab,R008,Standard,Instagram,2025-11-03
CUST03204,Amit Mehta,Male,25,Jaipur,Rajasthan,R005,Standard,Email,2026-04-16
CUST03205,Pooja Shah,Male,32,Amritsar,Punjab,R009,Standard,Google Ads,2024-02-16
CUST03206,Karan Kumar,Female,60,Mumbai,Maharashtra,R001,Premium,Instagram,2025-10-08
CUST03207,Amit Patil,Male,47,Amritsar,Punjab,R009,Premium,Instagram,2023-02-22
CUST03208,Rahul Verma,Male,57,Lucknow,Uttar Pradesh,R010,Standard,Google Ads,2024-02-12
CUST03209,Rahul Mehta,Male,49,Visakhapatnam,Andhra Pradesh,R023,Standard,Email,2025-04-26
CUST03210,Neha Verma,Female,61,Surat,Gujarat,R004,Standard,Referral,2025-11-11
CUST03211,Meera Nair,Male,52,Ahmedabad,Gujarat,R003,Standard,Email,2025-11-19
CUST03212,Karan Kumar,Male,38,Lucknow,Uttar Pradesh,R010,Standard,Google Ads,2024-12-03
CUST03213,Vivaan Singh,Female,48,Chennai,Tamil Nadu,R015,Corporate,Email,2023-09-17
CUST03214,Rahul Patil,Male,53,Noida,Uttar Pradesh,R011,Premium,Instagram,2026-05-13
CUST03215,Sneha Mehta,Female,44,Patna,Bihar,R014,Premium,Referral,2025-12-18
CUST03216,Arjun Joshi,Male,61,Udaipur,Rajasthan,R006,Standard,Organic,2025-02-14
CUST03217,Isha Sharma,Female,25,Kolkata,West Bengal,R012,Premium,Email,2025-11-01
CUST03218,Kavya Deshmukh,Male,40,Bhubaneswar,Odisha,R013,Premium,Organic,2025-04-29
CUST03219,Priya Nair,Female,40,Bengaluru,Karnataka,R017,Standard,Referral,2023-12-20
CUST03220,Aarav Nair,Female,59,Coimbatore,Tamil Nadu,R016,Corporate,Organic,2026-01-03
CUST03221,Rahul Joshi,Female,50,Ahmedabad,Gujarat,R003,Standard,Email,2025-05-22
CUST03222,Karan Patil,Male,30,Pune,Maharashtra,R002,Standard,Google Ads,2025-09-17
CUST03223,Arjun Patil,Male,56,Noida,Uttar Pradesh,R011,Standard,Instagram,2026-06-18
CUST03224,Arjun Singh,Female,52,Amritsar,Punjab,R009,Premium,Instagram,2025-10-14
CUST03225,Rohan Nair,Male,33,Ahmedabad,Gujarat,R003,Premium,Organic,2026-03-23
CUST03226,Isha Patil,Male,29,Mysuru,Karnataka,R018,Premium,Instagram,2026-01-24
CUST03227,Meera Shah,Female,48,Kochi,Kerala,R020,Corporate,Instagram,2023-10-21
CUST03228,Arjun Verma,Male,22,Chennai,Tamil Nadu,R015,Standard,Google Ads,2023-07-28
CUST03229,Pooja Sharma,Female,57,Patna,Bihar,R014,Standard,Organic,2026-01-16
CUST03230,Kavya Patil,Male,61,Pune,Maharashtra,R002,Premium,Google Ads,2025-03-28
CUST03231,Pooja Mhaske,Female,42,Bengaluru,Karnataka,R017,Corporate,Google Ads,2024-01-25
CUST03232,Isha Shah,Female,38,Vijayawada,Andhra Pradesh,R022,Standard,Referral,2023-11-21
CUST03233,Rahul Shah,Male,20,Ludhiana,Punjab,R008,Corporate,Organic,2025-07-28
CUST03234,Karan Singh,Female,65,Lucknow,Uttar Pradesh,R010,Standard,Google Ads,2025-06-07
CUST03235,Aditya Singh,Male,27,Mysuru,Karnataka,R018,Premium,Email,2026-03-26
CUST03236,Amit Singh,Female,40,Indore,Madhya Pradesh,R025,Premium,Instagram,2024-10-29
CUST03237,Priya Singh,Female,34,Hyderabad,Telangana,R019,Premium,Organic,2024-09-24
CUST03238,Aarav Mhaske,Male,59,Ludhiana,Punjab,R008,Standard,Referral,2024-07-30
CUST03239,Amit Verma,Female,52,Ludhiana,Punjab,R008,Standard,Google Ads,2023-05-17
CUST03240,Sneha Verma,Male,42,Ahmedabad,Gujarat,R003,Standard,Email,2024-03-03
CUST03241,Amit Deshmukh,Female,19,Ahmedabad,Gujarat,R003,Premium,Instagram,2024-09-03
CUST03242,Pooja Shah,Male,44,Kolkata,West Bengal,R012,Premium,Instagram,2025-06-29
CUST03243,Isha Patil,Female,63,Vijayawada,Andhra Pradesh,R022,Corporate,Email,2025-03-29
CUST03244,Neha Mhaske,Female,26,Bengaluru,Karnataka,R017,Standard,Organic,2023-05-21
CUST03245,Rohan Verma,Male,21,Surat,Gujarat,R004,Standard,Instagram,2026-01-11
CUST03246,Aarav Deshmukh,Female,43,Bengaluru,Karnataka,R017,Standard,Instagram,2023-06-26
CUST03247,Ananya Singh,Male,49,Patna,Bihar,R014,Standard,Instagram,2023-07-17
CUST03248,Meera Kumar,Male,46,Hyderabad,Telangana,R019,Premium,Google Ads,2024-09-15
CUST03249,Kavya Patil,Male,39,Amritsar,Punjab,R009,Premium,Google Ads,2024-11-21
CUST03250,Amit Singh,Male,64,Thiruvananthapuram,Kerala,R021,Corporate,Instagram,2024-02-05
CUST03251,Vivaan Patil,Male,30,Kolkata,West Bengal,R012,Standard,Referral,2024-04-15
CUST03252,Arjun Verma,Male,40,Jaipur,Rajasthan,R005,Standard,Instagram,2023-08-06
CUST03253,Meera Mhaske,Male,48,Noida,Uttar Pradesh,R011,Standard,Organic,2025-07-17
CUST03254,Karan Joshi,Male,58,Kochi,Kerala,R020,Premium,Referral,2024-09-23
CUST03255,Vivaan Mhaske,Male,53,Ahmedabad,Gujarat,R003,Corporate,Organic,2025-08-08
CUST03256,Priya Deshmukh,Female,57,Thiruvananthapuram,Kerala,R021,Standard,Email,2025-06-24
CUST03257,Isha Gupta,Female,48,Chennai,Tamil Nadu,R015,Standard,Email,2023-06-24
CUST03258,Vivaan Mhaske,Male,32,Patna,Bihar,R014,Premium,Google Ads,2023-01-23
CUST03259,Karan Verma,Female,31,Noida,Uttar Pradesh,R011,Premium,Google Ads,2023-08-23
CUST03260,Pooja Patil,Female,52,Kochi,Kerala,R020,Standard,Google Ads,2025-11-02
CUST03261,Vivaan Singh,Female,41,Ludhiana,Punjab,R008,Premium,Email,2026-01-29
CUST03262,Karan Joshi,Male,47,Surat,Gujarat,R004,Standard,Organic,2025-07-17
CUST03263,Arjun Patil,Male,47,Kolkata,West Bengal,R012,Corporate,Referral,2024-06-06
CUST03264,Neha Verma,Female,44,Ludhiana,Punjab,R008,Standard,Google Ads,2024-03-06
CUST03265,Neha Gupta,Female,57,Udaipur,Rajasthan,R006,Standard,Email,2025-03-03
CUST03266,Pooja Nair,Male,31,Chennai,Tamil Nadu,R015,Standard,Google Ads,2024-06-16
CUST03267,Kavya Nair,Male,62,Kolkata,West Bengal,R012,Standard,Instagram,2025-09-05
CUST03268,Ananya Shah,Female,64,Coimbatore,Tamil Nadu,R016,Standard,Referral,2025-03-20
CUST03269,Pooja Joshi,Female,28,Coimbatore,Tamil Nadu,R016,Premium,Organic,2025-07-01
CUST03270,Sneha Gupta,Female,64,Thiruvananthapuram,Kerala,R021,Standard,Google Ads,2026-01-29
CUST03271,Kavya Patil,Male,61,Kochi,Kerala,R020,Premium,Instagram,2025-05-20
CUST03272,Rohan Joshi,Male,43,Kochi,Kerala,R020,Standard,Instagram,2024-06-23
CUST03273,Pooja Shah,Male,38,Surat,Gujarat,R004,Standard,Referral,2025-10-20
CUST03274,Isha Singh,Male,26,Noida,Uttar Pradesh,R011,Corporate,Email,2023-08-15
CUST03275,Isha Mhaske,Male,64,Bhubaneswar,Odisha,R013,Premium,Email,2026-06-13
CUST03276,Priya Kumar,Female,18,Amritsar,Punjab,R009,Standard,Google Ads,2025-05-22
CUST03277,Aditya Gupta,Male,61,Surat,Gujarat,R004,Standard,Google Ads,2025-06-10
CUST03278,Neha Shah,Female,23,Kolkata,West Bengal,R012,Premium,Email,2025-11-02
CUST03279,Rahul Joshi,Male,18,Amritsar,Punjab,R009,Standard,Organic,2023-07-29
CUST03280,Ananya Joshi,Male,39,Bhubaneswar,Odisha,R013,Standard,Organic,2025-01-10
CUST03281,Rahul Patil,Male,30,Coimbatore,Tamil Nadu,R016,Standard,Instagram,2024-02-01
CUST03282,Rahul Joshi,Male,55,Udaipur,Rajasthan,R006,Standard,Referral,2026-01-28
CUST03283,Amit Verma,Female,62,Lucknow,Uttar Pradesh,R010,Standard,Organic,2023-01-31
CUST03284,Aarav Singh,Male,58,Bhubaneswar,Odisha,R013,Premium,Google Ads,2025-06-16
CUST03285,Isha Mhaske,Male,57,New Delhi,Delhi,R007,Standard,Organic,2024-10-10
CUST03286,Ananya Gupta,Male,48,Hyderabad,Telangana,R019,Standard,Referral,2023-11-25
CUST03287,Arjun Patil,Male,32,Bhopal,Madhya Pradesh,R024,Premium,Google Ads,2026-04-04
CUST03288,Sneha Joshi,Female,19,Hyderabad,Telangana,R019,Premium,Referral,2025-08-09
CUST03289,Pooja Gupta,Male,48,Bengaluru,Karnataka,R017,Standard,Email,2026-01-28
CUST03290,Kavya Joshi,Female,43,Bhubaneswar,Odisha,R013,Premium,Referral,2024-09-12
CUST03291,Neha Verma,Female,19,Bhubaneswar,Odisha,R013,Premium,Referral,2026-04-11
CUST03292,Rahul Deshmukh,Male,28,Thiruvananthapuram,Kerala,R021,Standard,Referral,2023-06-11
CUST03293,Isha Mehta,Male,50,Pune,Maharashtra,R002,Standard,Google Ads,2025-02-14
CUST03294,Ananya Verma,Female,35,Lucknow,Uttar Pradesh,R010,Premium,Referral,2023-10-01
CUST03295,Rahul Gupta,Female,38,Vijayawada,Andhra Pradesh,R022,Standard,Referral,2025-10-23
CUST03296,Karan Verma,Male,48,Bhubaneswar,Odisha,R013,Standard,Instagram,2025-11-17
CUST03297,Arjun Joshi,Male,43,Amritsar,Punjab,R009,Premium,Google Ads,2023-11-22
CUST03298,Ananya Gupta,Male,47,Mumbai,Maharashtra,R001,Standard,Referral,2025-07-28
CUST03299,Rohan Singh,Male,56,Patna,Bihar,R014,Premium,Organic,2026-03-18
CUST03300,Sneha Singh,Male,38,Coimbatore,Tamil Nadu,R016,Standard,Referral,2024-06-23
CUST03301,Pooja Mehta,Male,33,Kochi,Kerala,R020,Standard,Organic,2024-05-02
CUST03302,Rahul Gupta,Male,24,Chennai,Tamil Nadu,R015,Standard,Email,2025-04-01
CUST03303,Neha Kumar,Male,39,Mumbai,Maharashtra,R001,Standard,Email,2025-12-24
CUST03304,Kavya Verma,Male,24,Bengaluru,Karnataka,R017,Premium,Google Ads,2023-12-22
CUST03305,Amit Kumar,Female,19,Bhopal,Madhya Pradesh,R024,Premium,Google Ads,2026-06-29
CUST03306,Sneha Deshmukh,Female,54,Bhubaneswar,Odisha,R013,Standard,Email,2023-08-23
CUST03307,Rahul Mhaske,Female,31,Chennai,Tamil Nadu,R015,Corporate,Google Ads,2023-08-15
CUST03308,Kavya Verma,Male,25,Coimbatore,Tamil Nadu,R016,Standard,Organic,2023-02-18
CUST03309,Kavya Mehta,Female,46,Coimbatore,Tamil Nadu,R016,Standard,Organic,2023-04-28
CUST03310,Rohan Mehta,Male,61,Pune,Maharashtra,R002,Standard,Instagram,2023-02-23
CUST03311,Ananya Gupta,Female,24,Bengaluru,Karnataka,R017,Standard,Google Ads,2024-07-18
CUST03312,Neha Shah,Male,55,Noida,Uttar Pradesh,R011,Premium,Google Ads,2025-12-03
CUST03313,Ananya Mhaske,Male,62,Ludhiana,Punjab,R008,Standard,Instagram,2023-02-22
CUST03314,Vivaan Singh,Female,39,Kochi,Kerala,R020,Standard,Referral,2024-07-11
CUST03315,Isha Joshi,Male,61,Ahmedabad,Gujarat,R003,Standard,Organic,2026-01-30
CUST03316,Rahul Sharma,Female,34,Kolkata,West Bengal,R012,Premium,Referral,2025-05-17
CUST03317,Aditya Mhaske,Male,33,Kochi,Kerala,R020,Premium,Instagram,2024-02-02
CUST03318,Sneha Verma,Male,50,Coimbatore,Tamil Nadu,R016,Premium,Google Ads,2026-03-07
CUST03319,Pooja Mehta,Male,56,Patna,Bihar,R014,Standard,Referral,2024-11-05
CUST03320,Rohan Gupta,Female,52,Coimbatore,Tamil Nadu,R016,Standard,Google Ads,2024-01-22
CUST03321,Aarav Singh,Female,55,Thiruvananthapuram,Kerala,R021,Standard,Instagram,2023-04-21
CUST03322,Pooja Deshmukh,Female,49,Bengaluru,Karnataka,R017,Standard,Email,2024-09-05
CUST03323,Ananya Sharma,Male,20,Noida,Uttar Pradesh,R011,Premium,Google Ads,2023-01-17
CUST03324,Karan Kumar,Female,20,Bengaluru,Karnataka,R017,Standard,Referral,2026-04-20
CUST03325,Aditya Deshmukh,Male,25,Hyderabad,Telangana,R019,Standard,Referral,2025-06-02
CUST03326,Ananya Shah,Male,63,Vijayawada,Andhra Pradesh,R022,Standard,Instagram,2024-06-24
CUST03327,Karan Mhaske,Male,48,Mumbai,Maharashtra,R001,Standard,Referral,2023-06-20
CUST03328,Priya Gupta,Male,26,Kolkata,West Bengal,R012,Standard,Organic,2024-02-13
CUST03329,Aditya Gupta,Male,22,Chennai,Tamil Nadu,R015,Standard,Google Ads,2025-01-09
CUST03330,Meera Deshmukh,Male,45,Mysuru,Karnataka,R018,Standard,Organic,2026-04-26
CUST03331,Kavya Nair,Male,32,Visakhapatnam,Andhra Pradesh,R023,Corporate,Instagram,2025-05-07
CUST03332,Meera Verma,Male,44,Patna,Bihar,R014,Standard,Organic,2023-08-18
CUST03333,Rohan Mhaske,Male,59,Mumbai,Maharashtra,R001,Premium,Organic,2023-04-29
CUST03334,Aditya Gupta,Male,48,Bhubaneswar,Odisha,R013,Premium,Google Ads,2026-03-25
CUST03335,Karan Kumar,Male,57,Chennai,Tamil Nadu,R015,Premium,Google Ads,2025-02-22
CUST03336,Aditya Kumar,Female,35,New Delhi,Delhi,R007,Standard,Email,2024-04-09
CUST03337,Isha Shah,Female,55,Chennai,Tamil Nadu,R015,Standard,Organic,2023-04-14
CUST03338,Isha Kumar,Male,21,Kochi,Kerala,R020,Premium,Google Ads,2024-11-28
CUST03339,Aditya Mehta,Female,38,Lucknow,Uttar Pradesh,R010,Standard,Organic,2023-06-24
CUST03340,Kavya Mehta,Female,64,Patna,Bihar,R014,Standard,Organic,2025-01-14
CUST03341,Vivaan Mehta,Male,59,Udaipur,Rajasthan,R006,Standard,Instagram,2026-03-03
CUST03342,Vivaan Deshmukh,Male,40,Patna,Bihar,R014,Premium,Instagram,2024-10-26
CUST03343,Amit Singh,Female,62,Bhopal,Madhya Pradesh,R024,Corporate,Organic,2023-02-02
CUST03344,Meera Joshi,Female,39,Indore,Madhya Pradesh,R025,Standard,Instagram,2023-02-24
CUST03345,Karan Nair,Female,18,Vijayawada,Andhra Pradesh,R022,Standard,Google Ads,2024-06-02
CUST03346,Aarav Kumar,Female,42,Kolkata,West Bengal,R012,Premium,Organic,2025-01-25
CUST03347,Aditya Mhaske,Male,58,Noida,Uttar Pradesh,R011,Standard,Instagram,2023-01-12
CUST03348,Rohan Verma,Male,45,Indore,Madhya Pradesh,R025,Standard,Google Ads,2024-12-20
CUST03349,Arjun Verma,Male,54,Kochi,Kerala,R020,Standard,Organic,2024-07-08
CUST03350,Priya Deshmukh,Male,28,Vijayawada,Andhra Pradesh,R022,Corporate,Organic,2024-01-08
CUST03351,Karan Mhaske,Male,39,Bhopal,Madhya Pradesh,R024,Standard,Instagram,2024-04-28
CUST03352,Aarav Sharma,Male,42,Indore,Madhya Pradesh,R025,Standard,Google Ads,2025-08-30
CUST03353,Aarav Verma,Male,38,Hyderabad,Telangana,R019,Standard,Organic,2026-06-05
CUST03354,Pooja Singh,Male,53,Pune,Maharashtra,R002,Premium,Organic,2024-09-14
CUST03355,Arjun Shah,Male,37,Vijayawada,Andhra Pradesh,R022,Corporate,Email,2023-11-03
CUST03356,Ananya Mhaske,Male,33,Kochi,Kerala,R020,Standard,Organic,2024-04-01
CUST03357,Karan Kumar,Male,45,Mumbai,Maharashtra,R001,Corporate,Email,2023-06-09
CUST03358,Rohan Deshmukh,Male,46,Ludhiana,Punjab,R008,Standard,Email,2023-11-27
CUST03359,Sneha Mehta,Female,43,Indore,Madhya Pradesh,R025,Standard,Google Ads,2025-02-14
CUST03360,Aarav Kumar,Female,57,Patna,Bihar,R014,Corporate,Referral,2023-08-13
CUST03361,Rohan Sharma,Male,19,Amritsar,Punjab,R009,Standard,Email,2025-09-09
CUST03362,Arjun Gupta,Male,27,Pune,Maharashtra,R002,Standard,Google Ads,2024-12-29
CUST03363,Amit Kumar,Female,30,Indore,Madhya Pradesh,R025,Standard,Instagram,2025-12-04
CUST03364,Neha Nair,Male,32,Visakhapatnam,Andhra Pradesh,R023,Premium,Email,2026-05-22
CUST03365,Sneha Singh,Female,26,Jaipur,Rajasthan,R005,Premium,Referral,2025-12-18
CUST03366,Priya Deshmukh,Male,44,Visakhapatnam,Andhra Pradesh,R023,Premium,Instagram,2024-10-05
CUST03367,Arjun Kumar,Female,25,Indore,Madhya Pradesh,R025,Standard,Email,2024-09-07
CUST03368,Aditya Verma,Female,23,Ludhiana,Punjab,R008,Premium,Email,2023-07-14
CUST03369,Priya Verma,Female,53,Coimbatore,Tamil Nadu,R016,Standard,Referral,2024-05-03
CUST03370,Rohan Deshmukh,Male,41,Vijayawada,Andhra Pradesh,R022,Premium,Organic,2023-06-06
CUST03371,Rohan Sharma,Female,20,Coimbatore,Tamil Nadu,R016,Premium,Referral,2024-09-01
CUST03372,Rahul Deshmukh,Female,43,Bhubaneswar,Odisha,R013,Standard,Google Ads,2026-06-03
CUST03373,Rahul Singh,Female,53,Kochi,Kerala,R020,Standard,Google Ads,2024-02-16
CUST03374,Aditya Kumar,Male,38,Chennai,Tamil Nadu,R015,Standard,Referral,2026-05-13
CUST03375,Priya Shah,Female,30,Mumbai,Maharashtra,R001,Premium,Referral,2026-01-07
CUST03376,Meera Verma,Male,28,Vijayawada,Andhra Pradesh,R022,Standard,Referral,2026-02-21
CUST03377,Arjun Shah,Male,25,Ahmedabad,Gujarat,R003,Standard,Referral,2024-04-15
CUST03378,Sneha Gupta,Female,63,Udaipur,Rajasthan,R006,Standard,Referral,2026-05-26
CUST03379,Pooja Mehta,Male,63,Vijayawada,Andhra Pradesh,R022,Standard,Email,2024-05-30
CUST03380,Kavya Deshmukh,Female,65,Patna,Bihar,R014,Premium,Instagram,2026-02-01
CUST03381,Isha Kumar,Female,31,Surat,Gujarat,R004,Standard,Google Ads,2024-01-28
CUST03382,Amit Gupta,Male,50,Mysuru,Karnataka,R018,Standard,Google Ads,2024-09-22
CUST03383,Neha Deshmukh,Female,19,Chennai,Tamil Nadu,R015,Premium,Instagram,2024-08-30
CUST03384,Priya Mehta,Female,18,Amritsar,Punjab,R009,Premium,Referral,2025-09-06
CUST03385,Vivaan Verma,Male,28,Mysuru,Karnataka,R018,Standard,Instagram,2024-03-09
CUST03386,Karan Sharma,Female,23,Ahmedabad,Gujarat,R003,Standard,Referral,2026-03-12
CUST03387,Isha Gupta,Male,49,Lucknow,Uttar Pradesh,R010,Corporate,Google Ads,2024-06-23
CUST03388,Karan Patil,Male,32,Bengaluru,Karnataka,R017,Standard,Organic,2023-10-05
CUST03389,Vivaan Kumar,Male,29,New Delhi,Delhi,R007,Corporate,Google Ads,2023-08-21
CUST03390,Priya Nair,Male,54,Chennai,Tamil Nadu,R015,Standard,Google Ads,2026-01-18
CUST03391,Neha Joshi,Male,46,Mumbai,Maharashtra,R001,Standard,Organic,2026-05-07
CUST03392,Karan Gupta,Female,61,Indore,Madhya Pradesh,R025,Standard,Instagram,2023-12-28
CUST03393,Aarav Verma,Female,39,Noida,Uttar Pradesh,R011,Standard,Email,2023-01-26
CUST03394,Kavya Patil,Male,63,Bengaluru,Karnataka,R017,Corporate,Referral,2025-11-14
CUST03395,Aditya Nair,Male,31,Jaipur,Rajasthan,R005,Corporate,Referral,2024-05-21
CUST03396,Aditya Deshmukh,Male,36,New Delhi,Delhi,R007,Corporate,Google Ads,2023-09-24
CUST03397,Isha Mehta,Male,22,Hyderabad,Telangana,R019,Premium,Organic,2024-04-05
CUST03398,Kavya Verma,Male,52,Indore,Madhya Pradesh,R025,Premium,Google Ads,2024-03-31
CUST03399,Vivaan Mhaske,Male,42,Bhopal,Madhya Pradesh,R024,Premium,Google Ads,2025-12-27
CUST03400,Aditya Joshi,Male,55,Chennai,Tamil Nadu,R015,Premium,Instagram,2025-10-03
CUST03401,Karan Shah,Male,26,Ahmedabad,Gujarat,R003,Standard,Referral,2025-05-12
CUST03402,Isha Singh,Male,24,Chennai,Tamil Nadu,R015,Standard,Email,2024-05-05
CUST03403,Arjun Singh,Female,35,Jaipur,Rajasthan,R005,Premium,Organic,2025-12-08
CUST03404,Isha Shah,Male,19,Visakhapatnam,Andhra Pradesh,R023,Premium,Email,2024-07-17
CUST03405,Aarav Mehta,Male,27,Kolkata,West Bengal,R012,Premium,Organic,2026-01-30
CUST03406,Karan Sharma,Male,61,Kochi,Kerala,R020,Premium,Referral,2023-08-04
CUST03407,Kavya Gupta,Female,19,Jaipur,Rajasthan,R005,Standard,Instagram,2024-07-12
CUST03408,Vivaan Singh,Female,62,Ahmedabad,Gujarat,R003,Premium,Email,2023-06-08
CUST03409,Neha Gupta,Female,25,Amritsar,Punjab,R009,Corporate,Organic,2024-05-03
CUST03410,Arjun Patil,Female,24,Amritsar,Punjab,R009,Standard,Google Ads,2024-11-16
CUST03411,Sneha Mhaske,Male,52,New Delhi,Delhi,R007,Corporate,Referral,2026-06-19
CUST03412,Rohan Kumar,Female,40,Pune,Maharashtra,R002,Standard,Instagram,2025-03-04
CUST03413,Pooja Kumar,Male,25,Visakhapatnam,Andhra Pradesh,R023,Premium,Google Ads,2023-01-05
CUST03414,Rahul Gupta,Male,38,Visakhapatnam,Andhra Pradesh,R023,Premium,Instagram,2023-12-27
CUST03415,Priya Mhaske,Female,50,Thiruvananthapuram,Kerala,R021,Standard,Organic,2024-04-03
CUST03416,Meera Joshi,Male,64,Coimbatore,Tamil Nadu,R016,Standard,Google Ads,2023-09-05
CUST03417,Kavya Singh,Female,18,Amritsar,Punjab,R009,Standard,Instagram,2025-08-03
CUST03418,Kavya Sharma,Male,29,Bhubaneswar,Odisha,R013,Standard,Referral,2024-02-26
CUST03419,Arjun Singh,Female,28,Hyderabad,Telangana,R019,Standard,Email,2023-01-15
CUST03420,Meera Shah,Male,65,Kochi,Kerala,R020,Standard,Email,2025-01-05
CUST03421,Rohan Shah,Male,47,Bengaluru,Karnataka,R017,Corporate,Google Ads,2026-02-19
CUST03422,Pooja Nair,Female,21,Udaipur,Rajasthan,R006,Standard,Referral,2023-10-04
CUST03423,Sneha Mhaske,Female,51,Surat,Gujarat,R004,Standard,Referral,2024-03-28
CUST03424,Rohan Nair,Female,40,Mumbai,Maharashtra,R001,Corporate,Instagram,2024-08-20
CUST03425,Priya Singh,Female,49,Mysuru,Karnataka,R018,Corporate,Google Ads,2024-03-21
CUST03426,Sneha Deshmukh,Female,20,Hyderabad,Telangana,R019,Premium,Referral,2023-07-29
CUST03427,Neha Patil,Male,45,Amritsar,Punjab,R009,Premium,Instagram,2024-12-14
CUST03428,Arjun Deshmukh,Male,21,Bhubaneswar,Odisha,R013,Standard,Referral,2023-10-29
CUST03429,Kavya Verma,Male,29,Ludhiana,Punjab,R008,Standard,Google Ads,2026-05-31
CUST03430,Karan Mehta,Male,41,Visakhapatnam,Andhra Pradesh,R023,Standard,Referral,2023-01-03
CUST03431,Sneha Mhaske,Female,50,Bhubaneswar,Odisha,R013,Premium,Referral,2025-09-16
CUST03432,Aditya Deshmukh,Male,20,Chennai,Tamil Nadu,R015,Standard,Referral,2026-01-21
CUST03433,Meera Shah,Female,21,Noida,Uttar Pradesh,R011,Premium,Email,2024-06-03
CUST03434,Priya Kumar,Male,47,Kolkata,West Bengal,R012,Standard,Organic,2024-05-07
CUST03435,Aarav Mehta,Female,23,Patna,Bihar,R014,Standard,Google Ads,2026-06-12
CUST03436,Pooja Patil,Male,47,Surat,Gujarat,R004,Standard,Email,2024-09-11
CUST03437,Aditya Shah,Male,25,Mumbai,Maharashtra,R001,Premium,Organic,2026-03-30
CUST03438,Vivaan Mhaske,Female,35,Bhopal,Madhya Pradesh,R024,Standard,Referral,2023-11-27
CUST03439,Karan Shah,Male,33,Surat,Gujarat,R004,Standard,Referral,2023-11-29
CUST03440,Ananya Nair,Male,23,Hyderabad,Telangana,R019,Standard,Email,2023-02-19
CUST03441,Pooja Singh,Male,41,Amritsar,Punjab,R009,Standard,Instagram,2025-05-12
CUST03442,Kavya Joshi,Male,45,Lucknow,Uttar Pradesh,R010,Premium,Google Ads,2023-09-29
CUST03443,Priya Mehta,Male,49,Surat,Gujarat,R004,Standard,Organic,2024-08-02
CUST03444,Rohan Sharma,Female,42,Kochi,Kerala,R020,Standard,Referral,2026-06-29
CUST03445,Ananya Mhaske,Male,45,Amritsar,Punjab,R009,Corporate,Google Ads,2024-07-13
CUST03446,Isha Sharma,Male,38,Bhubaneswar,Odisha,R013,Standard,Referral,2024-11-26
CUST03447,Sneha Mehta,Male,25,Kolkata,West Bengal,R012,Standard,Referral,2026-01-18
CUST03448,Sneha Deshmukh,Female,53,Noida,Uttar Pradesh,R011,Standard,Referral,2024-03-21
CUST03449,Isha Deshmukh,Female,26,Kolkata,West Bengal,R012,Standard,Google Ads,2025-10-13
CUST03450,Rahul Verma,Male,57,Mysuru,Karnataka,R018,Standard,Email,2026-03-08
CUST03451,Sneha Deshmukh,Male,38,Kolkata,West Bengal,R012,Premium,Google Ads,2023-12-23
CUST03452,Neha Mhaske,Male,18,Coimbatore,Tamil Nadu,R016,Premium,Google Ads,2023-10-01
CUST03453,Rahul Mhaske,Female,21,Jaipur,Rajasthan,R005,Standard,Instagram,2025-11-08
CUST03454,Priya Patil,Female,27,Kochi,Kerala,R020,Premium,Instagram,2023-11-07
CUST03455,Aarav Nair,Female,43,Indore,Madhya Pradesh,R025,Standard,Email,2025-05-19
CUST03456,Priya Patil,Male,57,Kolkata,West Bengal,R012,Standard,Instagram,2025-06-04
CUST03457,Karan Shah,Male,20,Thiruvananthapuram,Kerala,R021,Premium,Email,2023-06-03
CUST03458,Karan Mhaske,Male,61,Indore,Madhya Pradesh,R025,Standard,Referral,2024-09-11
CUST03459,Amit Joshi,Male,26,Noida,Uttar Pradesh,R011,Standard,Referral,2025-06-01
CUST03460,Vivaan Deshmukh,Male,49,Amritsar,Punjab,R009,Premium,Google Ads,2025-03-07
CUST03461,Aditya Patil,Male,20,Mysuru,Karnataka,R018,Standard,Referral,2023-05-05
CUST03462,Sneha Mhaske,Female,21,Indore,Madhya Pradesh,R025,Standard,Instagram,2024-09-10
CUST03463,Vivaan Kumar,Male,23,Ahmedabad,Gujarat,R003,Premium,Organic,2023-09-02
CUST03464,Rahul Mhaske,Female,26,Kochi,Kerala,R020,Premium,Google Ads,2025-04-27
CUST03465,Rahul Shah,Male,43,Bengaluru,Karnataka,R017,Premium,Email,2024-03-25
CUST03466,Ananya Kumar,Female,19,Patna,Bihar,R014,Standard,Referral,2025-07-18
CUST03467,Amit Singh,Female,19,Mumbai,Maharashtra,R001,Standard,Google Ads,2026-06-24
CUST03468,Pooja Sharma,Female,38,Bengaluru,Karnataka,R017,Standard,Google Ads,2024-06-03
CUST03469,Priya Sharma,Female,39,Indore,Madhya Pradesh,R025,Standard,Google Ads,2026-03-10
CUST03470,Aarav Mehta,Female,20,Ludhiana,Punjab,R008,Standard,Referral,2023-12-28
CUST03471,Pooja Kumar,Female,52,Jaipur,Rajasthan,R005,Premium,Email,2023-01-08
CUST03472,Karan Joshi,Male,55,Jaipur,Rajasthan,R005,Standard,Google Ads,2024-04-22
CUST03473,Rohan Verma,Female,50,Amritsar,Punjab,R009,Standard,Google Ads,2024-05-09
CUST03474,Aarav Deshmukh,Female,32,Ahmedabad,Gujarat,R003,Standard,Google Ads,2025-04-12
CUST03475,Kavya Sharma,Female,28,Hyderabad,Telangana,R019,Corporate,Referral,2025-11-28
CUST03476,Arjun Mhaske,Male,27,Visakhapatnam,Andhra Pradesh,R023,Corporate,Instagram,2024-08-15
CUST03477,Amit Gupta,Male,53,Amritsar,Punjab,R009,Corporate,Email,2023-07-06
CUST03478,Rahul Verma,Female,31,Vijayawada,Andhra Pradesh,R022,Standard,Google Ads,2025-01-23
CUST03479,Aarav Gupta,Female,19,Mysuru,Karnataka,R018,Standard,Google Ads,2023-04-03
CUST03480,Arjun Mehta,Male,62,Coimbatore,Tamil Nadu,R016,Standard,Google Ads,2023-03-27
CUST03481,Isha Kumar,Male,65,Mumbai,Maharashtra,R001,Premium,Referral,2025-12-03
CUST03482,Vivaan Kumar,Male,61,Pune,Maharashtra,R002,Standard,Instagram,2023-05-17
CUST03483,Aarav Verma,Male,54,Patna,Bihar,R014,Standard,Google Ads,2024-02-25
CUST03484,Aditya Gupta,Male,46,Patna,Bihar,R014,Standard,Google Ads,2023-03-15
CUST03485,Isha Gupta,Male,52,Mumbai,Maharashtra,R001,Standard,Referral,2026-03-25
CUST03486,Rahul Nair,Female,37,Indore,Madhya Pradesh,R025,Standard,Email,2023-06-20
CUST03487,Arjun Kumar,Male,38,Coimbatore,Tamil Nadu,R016,Standard,Email,2023-06-19
CUST03488,Aditya Nair,Male,51,Chennai,Tamil Nadu,R015,Standard,Instagram,2025-05-21
CUST03489,Arjun Sharma,Female,60,Chennai,Tamil Nadu,R015,Standard,Email,2023-11-18
CUST03490,Amit Sharma,Female,50,Kolkata,West Bengal,R012,Standard,Google Ads,2024-03-31
CUST03491,Kavya Patil,Female,36,Coimbatore,Tamil Nadu,R016,Premium,Referral,2025-08-01
CUST03492,Ananya Joshi,Male,25,Patna,Bihar,R014,Standard,Google Ads,2025-02-28
CUST03493,Aarav Shah,Female,48,Bhopal,Madhya Pradesh,R024,Premium,Google Ads,2024-09-04
CUST03494,Aditya Singh,Male,28,Chennai,Tamil Nadu,R015,Standard,Instagram,2026-03-24
CUST03495,Rohan Singh,Female,25,Visakhapatnam,Andhra Pradesh,R023,Standard,Email,2025-06-07
CUST03496,Ananya Patil,Female,42,Chennai,Tamil Nadu,R015,Premium,Email,2023-12-15
CUST03497,Vivaan Singh,Male,37,Hyderabad,Telangana,R019,Corporate,Email,2026-04-11
CUST03498,Priya Gupta,Male,55,Ludhiana,Punjab,R008,Standard,Google Ads,2023-01-10
CUST03499,Pooja Joshi,Male,24,Pune,Maharashtra,R002,Standard,Referral,2025-01-09
CUST03500,Amit Gupta,Female,30,Pune,Maharashtra,R002,Standard,Referral,2026-06-24
CUST03501,Karan Mehta,Male,56,Lucknow,Uttar Pradesh,R010,Standard,Google Ads,2024-10-28
CUST03502,Rohan Gupta,Female,60,Ahmedabad,Gujarat,R003,Standard,Organic,2024-06-29
CUST03503,Arjun Joshi,Male,27,Visakhapatnam,Andhra Pradesh,R023,Standard,Google Ads,2023-05-09
CUST03504,Arjun Gupta,Male,25,Bengaluru,Karnataka,R017,Standard,Email,2024-08-23
CUST03505,Rahul Sharma,Female,59,Ludhiana,Punjab,R008,Standard,Google Ads,2024-08-27
CUST03506,Kavya Sharma,Female,60,Visakhapatnam,Andhra Pradesh,R023,Premium,Organic,2023-11-23
CUST03507,Aditya Shah,Female,37,Surat,Gujarat,R004,Premium,Google Ads,2025-09-06
CUST03508,Aditya Patil,Male,34,Patna,Bihar,R014,Standard,Email,2024-02-08
CUST03509,Sneha Patil,Male,28,Thiruvananthapuram,Kerala,R021,Corporate,Instagram,2024-09-20
CUST03510,Rohan Sharma,Male,33,Lucknow,Uttar Pradesh,R010,Premium,Referral,2024-12-18
CUST03511,Rohan Gupta,Male,54,Mumbai,Maharashtra,R001,Standard,Organic,2025-11-06
CUST03512,Rohan Gupta,Male,59,Surat,Gujarat,R004,Standard,Instagram,2023-10-01
CUST03513,Amit Sharma,Female,49,Mumbai,Maharashtra,R001,Premium,Referral,2024-11-15
CUST03514,Isha Mhaske,Male,43,Bengaluru,Karnataka,R017,Standard,Instagram,2023-04-26
CUST03515,Rohan Sharma,Male,54,Bengaluru,Karnataka,R017,Corporate,Google Ads,2025-05-10
CUST03516,Isha Shah,Male,26,New Delhi,Delhi,R007,Standard,Google Ads,2024-11-23
CUST03517,Ananya Joshi,Female,52,Visakhapatnam,Andhra Pradesh,R023,Standard,Referral,2026-01-19
CUST03518,Arjun Mhaske,Female,20,Kochi,Kerala,R020,Corporate,Referral,2026-01-10
CUST03519,Priya Deshmukh,Male,48,Chennai,Tamil Nadu,R015,Corporate,Google Ads,2023-11-20
CUST03520,Aarav Kumar,Male,59,Bhubaneswar,Odisha,R013,Standard,Google Ads,2025-08-18
CUST03521,Aarav Gupta,Male,24,Pune,Maharashtra,R002,Premium,Referral,2023-04-24
CUST03522,Priya Kumar,Female,19,Hyderabad,Telangana,R019,Standard,Referral,2025-12-17
CUST03523,Rohan Joshi,Female,42,Bhopal,Madhya Pradesh,R024,Premium,Referral,2023-06-03
CUST03524,Ananya Kumar,Female,57,Bhubaneswar,Odisha,R013,Premium,Email,2023-11-11
CUST03525,Isha Singh,Male,29,Bhopal,Madhya Pradesh,R024,Standard,Email,2025-11-30
CUST03526,Ananya Singh,Male,47,Noida,Uttar Pradesh,R011,Standard,Google Ads,2023-04-15
CUST03527,Ananya Singh,Female,47,Vijayawada,Andhra Pradesh,R022,Standard,Email,2026-05-01
CUST03528,Rahul Kumar,Female,46,Chennai,Tamil Nadu,R015,Standard,Organic,2023-12-20
CUST03529,Isha Patil,Female,58,Lucknow,Uttar Pradesh,R010,Standard,Google Ads,2025-10-12
CUST03530,Amit Verma,Female,28,Amritsar,Punjab,R009,Premium,Organic,2025-01-02
CUST03531,Aarav Gupta,Male,40,Amritsar,Punjab,R009,Standard,Instagram,2024-12-09
CUST03532,Aditya Verma,Female,34,Kochi,Kerala,R020,Standard,Organic,2024-10-12
CUST03533,Amit Gupta,Female,30,Mumbai,Maharashtra,R001,Premium,Instagram,2025-04-03
CUST03534,Pooja Verma,Female,50,Bengaluru,Karnataka,R017,Standard,Organic,2025-08-04
CUST03535,Aarav Singh,Male,18,Kolkata,West Bengal,R012,Standard,Instagram,2024-10-22
CUST03536,Ananya Mehta,Male,57,Lucknow,Uttar Pradesh,R010,Standard,Instagram,2023-04-09
CUST03537,Rohan Joshi,Male,30,Jaipur,Rajasthan,R005,Standard,Google Ads,2024-08-10
CUST03538,Meera Sharma,Male,55,Mysuru,Karnataka,R018,Standard,Referral,2023-10-09
CUST03539,Pooja Verma,Male,20,Chennai,Tamil Nadu,R015,Premium,Referral,2024-02-07
CUST03540,Sneha Deshmukh,Female,33,Udaipur,Rajasthan,R006,Standard,Google Ads,2026-02-06
CUST03541,Kavya Nair,Male,59,New Delhi,Delhi,R007,Premium,Instagram,2024-11-30
CUST03542,Pooja Mehta,Male,24,Bengaluru,Karnataka,R017,Premium,Referral,2023-07-18
CUST03543,Rohan Patil,Male,20,Udaipur,Rajasthan,R006,Premium,Referral,2023-11-23
CUST03544,Arjun Singh,Male,31,Ludhiana,Punjab,R008,Standard,Organic,2023-06-03
CUST03545,Arjun Mehta,Female,33,Kolkata,West Bengal,R012,Standard,Email,2024-07-05
CUST03546,Amit Nair,Male,21,Thiruvananthapuram,Kerala,R021,Premium,Google Ads,2024-02-09
CUST03547,Isha Mhaske,Male,48,Patna,Bihar,R014,Standard,Email,2024-04-06
CUST03548,Rohan Nair,Female,30,Kolkata,West Bengal,R012,Standard,Instagram,2023-05-12
CUST03549,Arjun Mhaske,Female,44,Visakhapatnam,Andhra Pradesh,R023,Premium,Organic,2025-03-01
CUST03550,Sneha Mhaske,Male,18,Lucknow,Uttar Pradesh,R010,Premium,Referral,2025-05-23
CUST03551,Pooja Patil,Female,42,Vijayawada,Andhra Pradesh,R022,Standard,Organic,2023-03-25
CUST03552,Ananya Mhaske,Female,54,Kochi,Kerala,R020,Premium,Google Ads,2025-01-23
CUST03553,Isha Nair,Female,61,Chennai,Tamil Nadu,R015,Standard,Instagram,2024-09-19
CUST03554,Pooja Mehta,Male,28,New Delhi,Delhi,R007,Standard,Organic,2026-02-06
CUST03555,Aarav Mhaske,Female,26,Amritsar,Punjab,R009,Premium,Organic,2023-08-09
CUST03556,Neha Verma,Male,24,Lucknow,Uttar Pradesh,R010,Premium,Organic,2024-07-06
CUST03557,Kavya Mhaske,Male,31,Lucknow,Uttar Pradesh,R010,Corporate,Referral,2026-03-16
CUST03558,Meera Kumar,Male,47,Coimbatore,Tamil Nadu,R016,Standard,Instagram,2023-04-22
CUST03559,Aarav Gupta,Male,41,New Delhi,Delhi,R007,Premium,Referral,2024-09-06
CUST03560,Aarav Joshi,Female,20,Jaipur,Rajasthan,R005,Standard,Organic,2025-07-12
CUST03561,Rahul Patil,Female,65,Visakhapatnam,Andhra Pradesh,R023,Standard,Referral,2024-04-19
CUST03562,Sneha Sharma,Male,56,Ahmedabad,Gujarat,R003,Premium,Referral,2025-04-15
CUST03563,Ananya Joshi,Male,44,Mysuru,Karnataka,R018,Standard,Google Ads,2023-09-28
CUST03564,Sneha Sharma,Male,18,Noida,Uttar Pradesh,R011,Standard,Email,2024-02-25
CUST03565,Aditya Shah,Female,55,Chennai,Tamil Nadu,R015,Standard,Email,2024-12-07
CUST03566,Kavya Singh,Female,43,Thiruvananthapuram,Kerala,R021,Standard,Google Ads,2023-02-09
CUST03567,Kavya Singh,Female,23,Kochi,Kerala,R020,Standard,Google Ads,2023-07-08
CUST03568,Kavya Joshi,Female,59,Jaipur,Rajasthan,R005,Standard,Referral,2026-04-02
CUST03569,Ananya Shah,Female,29,Bhopal,Madhya Pradesh,R024,Standard,Referral,2025-09-20
CUST03570,Aarav Joshi,Female,55,Kolkata,West Bengal,R012,Standard,Instagram,2024-06-19
CUST03571,Vivaan Singh,Male,63,Surat,Gujarat,R004,Premium,Email,2025-10-24
CUST03572,Isha Kumar,Female,52,Chennai,Tamil Nadu,R015,Premium,Referral,2023-10-17
CUST03573,Isha Gupta,Female,27,Amritsar,Punjab,R009,Standard,Instagram,2024-03-08
CUST03574,Priya Mhaske,Female,26,New Delhi,Delhi,R007,Standard,Email,2024-04-15
CUST03575,Ananya Kumar,Female,40,Lucknow,Uttar Pradesh,R010,Premium,Instagram,2026-04-19
CUST03576,Karan Verma,Female,47,Visakhapatnam,Andhra Pradesh,R023,Standard,Instagram,2026-06-25
CUST03577,Karan Gupta,Female,39,Bhubaneswar,Odisha,R013,Standard,Google Ads,2024-09-19
CUST03578,Isha Shah,Female,64,Ludhiana,Punjab,R008,Premium,Organic,2023-10-06
CUST03579,Rahul Mhaske,Male,26,Kolkata,West Bengal,R012,Standard,Organic,2025-05-26
CUST03580,Kavya Joshi,Male,36,Vijayawada,Andhra Pradesh,R022,Standard,Organic,2024-08-03
CUST03581,Ananya Shah,Female,25,Bhopal,Madhya Pradesh,R024,Standard,Instagram,2025-05-12
CUST03582,Neha Deshmukh,Male,21,Hyderabad,Telangana,R019,Standard,Referral,2023-09-11
CUST03583,Aarav Sharma,Female,22,Mumbai,Maharashtra,R001,Standard,Organic,2023-06-30
CUST03584,Priya Nair,Female,36,Coimbatore,Tamil Nadu,R016,Premium,Referral,2024-11-11
CUST03585,Sneha Shah,Female,63,Vijayawada,Andhra Pradesh,R022,Premium,Email,2025-04-04
CUST03586,Kavya Gupta,Female,35,Bengaluru,Karnataka,R017,Standard,Organic,2024-11-30
CUST03587,Aarav Verma,Male,46,Indore,Madhya Pradesh,R025,Corporate,Instagram,2024-07-19
CUST03588,Sneha Sharma,Female,36,Mysuru,Karnataka,R018,Premium,Google Ads,2024-11-10
CUST03589,Kavya Patil,Male,23,Noida,Uttar Pradesh,R011,Standard,Instagram,2024-01-26
CUST03590,Vivaan Verma,Male,22,Mysuru,Karnataka,R018,Standard,Referral,2026-01-13
CUST03591,Karan Patil,Male,60,New Delhi,Delhi,R007,Standard,Email,2023-07-31
CUST03592,Pooja Deshmukh,Female,22,Mysuru,Karnataka,R018,Corporate,Instagram,2024-01-19
CUST03593,Kavya Nair,Female,25,Ludhiana,Punjab,R008,Standard,Google Ads,2023-12-08
CUST03594,Neha Patil,Female,44,Udaipur,Rajasthan,R006,Premium,Google Ads,2025-04-23
CUST03595,Aarav Mehta,Male,54,New Delhi,Delhi,R007,Standard,Email,2025-11-27
CUST03596,Kavya Mehta,Male,60,Visakhapatnam,Andhra Pradesh,R023,Standard,Organic,2024-02-24
CUST03597,Neha Patil,Male,62,Vijayawada,Andhra Pradesh,R022,Standard,Instagram,2025-01-20
CUST03598,Karan Mhaske,Male,55,Lucknow,Uttar Pradesh,R010,Premium,Instagram,2026-04-07
CUST03599,Aarav Shah,Female,54,Noida,Uttar Pradesh,R011,Standard,Google Ads,2023-11-02
CUST03600,Aarav Mehta,Male,35,Indore,Madhya Pradesh,R025,Standard,Referral,2024-12-02
CUST03601,Vivaan Joshi,Female,43,Bhubaneswar,Odisha,R013,Standard,Instagram,2025-05-18
CUST03602,Sneha Singh,Female,59,Amritsar,Punjab,R009,Premium,Google Ads,2024-06-20
CUST03603,Meera Nair,Female,33,New Delhi,Delhi,R007,Premium,Referral,2026-02-09
CUST03604,Ananya Patil,Male,39,Amritsar,Punjab,R009,Standard,Organic,2023-07-25
CUST03605,Arjun Patil,Female,63,Bhubaneswar,Odisha,R013,Corporate,Organic,2026-04-23
CUST03606,Aarav Nair,Male,40,Ahmedabad,Gujarat,R003,Standard,Google Ads,2024-05-10
CUST03607,Aditya Verma,Male,64,Ahmedabad,Gujarat,R003,Standard,Google Ads,2025-12-06
CUST03608,Priya Gupta,Male,20,Mumbai,Maharashtra,R001,Standard,Organic,2024-05-18
CUST03609,Rahul Joshi,Female,20,Thiruvananthapuram,Kerala,R021,Standard,Google Ads,2025-11-11
CUST03610,Pooja Mehta,Male,29,Kochi,Kerala,R020,Standard,Email,2023-08-01
CUST03611,Karan Deshmukh,Male,40,Pune,Maharashtra,R002,Premium,Instagram,2023-11-06
CUST03612,Sneha Joshi,Male,64,Indore,Madhya Pradesh,R025,Premium,Email,2024-10-22
CUST03613,Rahul Deshmukh,Male,28,Ahmedabad,Gujarat,R003,Premium,Referral,2025-01-22
CUST03614,Karan Mehta,Male,59,Chennai,Tamil Nadu,R015,Premium,Google Ads,2023-09-29
CUST03615,Neha Mehta,Female,64,Bhopal,Madhya Pradesh,R024,Premium,Google Ads,2025-07-26
CUST03616,Meera Kumar,Female,63,Udaipur,Rajasthan,R006,Standard,Referral,2026-05-10
CUST03617,Rohan Verma,Female,46,Bhubaneswar,Odisha,R013,Premium,Instagram,2023-02-01
CUST03618,Neha Nair,Female,23,Thiruvananthapuram,Kerala,R021,Premium,Organic,2024-03-18
CUST03619,Neha Mehta,Female,63,Mumbai,Maharashtra,R001,Corporate,Email,2023-06-11
CUST03620,Meera Mehta,Male,33,Kochi,Kerala,R020,Standard,Instagram,2025-02-05
CUST03621,Neha Mehta,Female,51,Hyderabad,Telangana,R019,Standard,Organic,2023-09-11
CUST03622,Aditya Shah,Female,54,Mumbai,Maharashtra,R001,Premium,Organic,2024-06-04
CUST03623,Sneha Mhaske,Male,28,Thiruvananthapuram,Kerala,R021,Premium,Google Ads,2025-09-03
CUST03624,Ananya Singh,Female,28,Vijayawada,Andhra Pradesh,R022,Standard,Referral,2023-01-10
CUST03625,Rohan Singh,Female,42,Pune,Maharashtra,R002,Standard,Google Ads,2024-12-26
CUST03626,Rahul Gupta,Female,36,Chennai,Tamil Nadu,R015,Standard,Referral,2024-05-19
CUST03627,Vivaan Joshi,Female,49,Patna,Bihar,R014,Corporate,Google Ads,2025-02-23
CUST03628,Sneha Verma,Male,25,Hyderabad,Telangana,R019,Standard,Email,2024-03-11
CUST03629,Pooja Mhaske,Female,29,Noida,Uttar Pradesh,R011,Standard,Google Ads,2026-02-08
CUST03630,Karan Verma,Male,58,Chennai,Tamil Nadu,R015,Standard,Email,2023-06-02
CUST03631,Kavya Shah,Female,52,Udaipur,Rajasthan,R006,Standard,Instagram,2025-07-05
CUST03632,Arjun Kumar,Female,23,Kochi,Kerala,R020,Standard,Instagram,2025-05-18
CUST03633,Aarav Deshmukh,Female,38,Amritsar,Punjab,R009,Premium,Google Ads,2026-01-30
CUST03634,Pooja Joshi,Male,43,Jaipur,Rajasthan,R005,Corporate,Instagram,2025-01-22
CUST03635,Kavya Nair,Male,18,Kochi,Kerala,R020,Standard,Organic,2026-04-29
CUST03636,Vivaan Shah,Male,34,Pune,Maharashtra,R002,Premium,Email,2024-07-16
CUST03637,Meera Nair,Male,52,Udaipur,Rajasthan,R006,Standard,Referral,2026-01-09
CUST03638,Rohan Kumar,Female,44,Mysuru,Karnataka,R018,Standard,Email,2024-05-03
CUST03639,Ananya Gupta,Female,19,Visakhapatnam,Andhra Pradesh,R023,Standard,Google Ads,2025-06-13
CUST03640,Rohan Nair,Female,53,Hyderabad,Telangana,R019,Standard,Instagram,2026-01-16
CUST03641,Priya Kumar,Female,18,Amritsar,Punjab,R009,Premium,Instagram,2026-05-02
CUST03642,Isha Singh,Male,27,Thiruvananthapuram,Kerala,R021,Standard,Organic,2023-04-14
CUST03643,Sneha Deshmukh,Male,48,Bhopal,Madhya Pradesh,R024,Premium,Instagram,2026-01-24
CUST03644,Kavya Nair,Male,54,Udaipur,Rajasthan,R006,Premium,Google Ads,2026-05-06
CUST03645,Neha Deshmukh,Female,22,Patna,Bihar,R014,Premium,Google Ads,2025-10-21
CUST03646,Rohan Nair,Female,58,Bhopal,Madhya Pradesh,R024,Corporate,Referral,2025-10-03
CUST03647,Kavya Nair,Female,63,Bhubaneswar,Odisha,R013,Corporate,Email,2024-02-11
CUST03648,Neha Mhaske,Male,30,Noida,Uttar Pradesh,R011,Standard,Email,2023-06-16
CUST03649,Rahul Patil,Male,62,Kolkata,West Bengal,R012,Standard,Email,2024-05-23
CUST03650,Sneha Kumar,Female,41,Hyderabad,Telangana,R019,Standard,Referral,2023-11-09
CUST03651,Ananya Verma,Male,44,Hyderabad,Telangana,R019,Premium,Referral,2025-02-01
CUST03652,Rohan Singh,Female,18,Thiruvananthapuram,Kerala,R021,Standard,Referral,2024-11-11
CUST03653,Meera Gupta,Male,37,Hyderabad,Telangana,R019,Corporate,Organic,2024-04-21
CUST03654,Sneha Nair,Male,25,Bhopal,Madhya Pradesh,R024,Standard,Referral,2023-03-14
CUST03655,Aarav Shah,Female,20,Bhubaneswar,Odisha,R013,Standard,Instagram,2026-03-10
CUST03656,Amit Mehta,Male,49,Patna,Bihar,R014,Standard,Organic,2024-08-04
CUST03657,Kavya Kumar,Female,61,Bhopal,Madhya Pradesh,R024,Premium,Instagram,2023-09-19
CUST03658,Aarav Mehta,Female,42,Mysuru,Karnataka,R018,Standard,Email,2023-09-02
CUST03659,Amit Verma,Male,42,Kolkata,West Bengal,R012,Standard,Google Ads,2024-07-14
CUST03660,Rohan Deshmukh,Female,31,Surat,Gujarat,R004,Standard,Email,2026-01-04
CUST03661,Kavya Gupta,Female,60,Lucknow,Uttar Pradesh,R010,Standard,Referral,2023-06-24
CUST03662,Karan Gupta,Male,44,Bengaluru,Karnataka,R017,Standard,Google Ads,2023-04-19
CUST03663,Vivaan Verma,Female,65,Surat,Gujarat,R004,Standard,Email,2023-07-02
CUST03664,Pooja Patil,Female,49,Kolkata,West Bengal,R012,Standard,Organic,2023-07-11
CUST03665,Amit Joshi,Male,44,Bhubaneswar,Odisha,R013,Standard,Referral,2023-03-06
CUST03666,Pooja Mhaske,Female,21,Surat,Gujarat,R004,Corporate,Email,2025-08-20
CUST03667,Pooja Joshi,Male,56,Lucknow,Uttar Pradesh,R010,Corporate,Google Ads,2026-01-28
CUST03668,Kavya Sharma,Female,28,Indore,Madhya Pradesh,R025,Standard,Instagram,2025-05-13
CUST03669,Aarav Deshmukh,Female,65,Ahmedabad,Gujarat,R003,Standard,Email,2026-02-25
CUST03670,Rohan Nair,Male,65,Chennai,Tamil Nadu,R015,Standard,Organic,2024-01-04
CUST03671,Rahul Singh,Male,20,Pune,Maharashtra,R002,Corporate,Google Ads,2025-04-30
CUST03672,Rohan Sharma,Male,42,Indore,Madhya Pradesh,R025,Standard,Email,2023-02-12
CUST03673,Rahul Deshmukh,Male,41,Indore,Madhya Pradesh,R025,Standard,Instagram,2024-05-02
CUST03674,Arjun Mhaske,Female,26,Bengaluru,Karnataka,R017,Standard,Referral,2023-03-19
CUST03675,Aarav Patil,Female,25,Udaipur,Rajasthan,R006,Standard,Referral,2025-04-05
CUST03676,Aditya Verma,Male,56,Ludhiana,Punjab,R008,Standard,Referral,2024-11-04
CUST03677,Amit Singh,Female,48,Ahmedabad,Gujarat,R003,Premium,Google Ads,2024-12-01
CUST03678,Ananya Kumar,Female,34,Indore,Madhya Pradesh,R025,Standard,Instagram,2025-01-28
CUST03679,Pooja Deshmukh,Female,60,Mysuru,Karnataka,R018,Standard,Instagram,2024-12-28
CUST03680,Kavya Singh,Female,48,Vijayawada,Andhra Pradesh,R022,Standard,Email,2025-07-13
CUST03681,Amit Verma,Female,21,Mumbai,Maharashtra,R001,Premium,Referral,2025-06-20
CUST03682,Vivaan Deshmukh,Male,21,Coimbatore,Tamil Nadu,R016,Standard,Google Ads,2025-06-07
CUST03683,Neha Verma,Male,54,New Delhi,Delhi,R007,Standard,Referral,2025-09-19
CUST03684,Sneha Mhaske,Female,25,Ahmedabad,Gujarat,R003,Premium,Referral,2026-04-06
CUST03685,Priya Shah,Male,59,Visakhapatnam,Andhra Pradesh,R023,Corporate,Email,2023-12-05
CUST03686,Rohan Mhaske,Female,23,Surat,Gujarat,R004,Standard,Email,2023-07-12
CUST03687,Aarav Verma,Female,26,Amritsar,Punjab,R009,Standard,Email,2023-10-10
CUST03688,Aarav Patil,Female,59,Jaipur,Rajasthan,R005,Standard,Organic,2024-01-25
CUST03689,Aditya Kumar,Male,25,Hyderabad,Telangana,R019,Premium,Organic,2025-09-26
CUST03690,Priya Verma,Male,49,Chennai,Tamil Nadu,R015,Standard,Google Ads,2024-06-08
CUST03691,Arjun Mehta,Male,32,Ludhiana,Punjab,R008,Standard,Google Ads,2026-06-17
CUST03692,Meera Deshmukh,Male,35,Udaipur,Rajasthan,R006,Standard,Email,2024-10-20
CUST03693,Amit Patil,Male,40,Mysuru,Karnataka,R018,Standard,Instagram,2024-12-16
CUST03694,Aditya Verma,Female,22,Hyderabad,Telangana,R019,Standard,Google Ads,2025-06-09
CUST03695,Arjun Mehta,Male,44,Bhopal,Madhya Pradesh,R024,Corporate,Organic,2026-01-17
CUST03696,Karan Mehta,Male,50,Chennai,Tamil Nadu,R015,Standard,Organic,2026-01-23
CUST03697,Pooja Mehta,Male,19,New Delhi,Delhi,R007,Corporate,Referral,2024-03-27
CUST03698,Rohan Mhaske,Male,59,Lucknow,Uttar Pradesh,R010,Standard,Email,2024-03-03
CUST03699,Ananya Deshmukh,Male,55,Udaipur,Rajasthan,R006,Corporate,Instagram,2026-03-20
CUST03700,Priya Kumar,Male,45,Patna,Bihar,R014,Premium,Email,2025-11-11
CUST03701,Neha Gupta,Female,41,Bengaluru,Karnataka,R017,Standard,Organic,2025-06-01
CUST03702,Aditya Verma,Male,38,Amritsar,Punjab,R009,Premium,Instagram,2023-11-09
CUST03703,Pooja Nair,Female,48,Hyderabad,Telangana,R019,Standard,Google Ads,2025-04-19
CUST03704,Rahul Deshmukh,Female,28,Jaipur,Rajasthan,R005,Standard,Referral,2024-06-02
CUST03705,Neha Mhaske,Male,45,Visakhapatnam,Andhra Pradesh,R023,Standard,Organic,2026-05-14
CUST03706,Amit Singh,Female,65,New Delhi,Delhi,R007,Standard,Referral,2024-01-10
CUST03707,Kavya Verma,Male,57,Hyderabad,Telangana,R019,Premium,Email,2024-03-26
CUST03708,Meera Gupta,Male,21,Kochi,Kerala,R020,Premium,Instagram,2025-10-11
CUST03709,Pooja Mehta,Male,60,New Delhi,Delhi,R007,Standard,Email,2024-08-17
CUST03710,Vivaan Shah,Male,59,Bhopal,Madhya Pradesh,R024,Corporate,Referral,2026-04-17
CUST03711,Amit Verma,Male,33,Pune,Maharashtra,R002,Corporate,Organic,2026-05-18
CUST03712,Vivaan Shah,Male,29,Indore,Madhya Pradesh,R025,Standard,Referral,2024-05-14
CUST03713,Rohan Shah,Female,39,Visakhapatnam,Andhra Pradesh,R023,Standard,Organic,2024-04-08
CUST03714,Sneha Patil,Female,52,Coimbatore,Tamil Nadu,R016,Standard,Referral,2026-02-21
CUST03715,Meera Mehta,Male,60,Bhubaneswar,Odisha,R013,Premium,Email,2023-04-23
CUST03716,Vivaan Joshi,Male,33,Ludhiana,Punjab,R008,Standard,Referral,2025-11-01
CUST03717,Aarav Joshi,Male,41,Udaipur,Rajasthan,R006,Standard,Google Ads,2026-02-23
CUST03718,Priya Gupta,Male,52,Udaipur,Rajasthan,R006,Premium,Email,2023-11-27
CUST03719,Aarav Singh,Female,45,Amritsar,Punjab,R009,Premium,Referral,2023-05-20
CUST03720,Amit Sharma,Male,59,Surat,Gujarat,R004,Standard,Referral,2025-06-20
CUST03721,Neha Joshi,Male,46,Noida,Uttar Pradesh,R011,Corporate,Instagram,2026-01-25
CUST03722,Aarav Mhaske,Female,38,Jaipur,Rajasthan,R005,Premium,Email,2024-05-31
CUST03723,Meera Gupta,Female,65,Indore,Madhya Pradesh,R025,Standard,Instagram,2024-07-22
CUST03724,Arjun Patil,Male,42,Bengaluru,Karnataka,R017,Premium,Email,2025-04-25
CUST03725,Meera Sharma,Female,56,Kochi,Kerala,R020,Standard,Organic,2025-12-28
CUST03726,Arjun Joshi,Male,48,New Delhi,Delhi,R007,Standard,Email,2023-04-28
CUST03727,Ananya Verma,Male,32,Chennai,Tamil Nadu,R015,Standard,Email,2025-06-06
CUST03728,Neha Kumar,Male,64,Indore,Madhya Pradesh,R025,Standard,Referral,2025-12-18
CUST03729,Karan Gupta,Male,59,Chennai,Tamil Nadu,R015,Standard,Google Ads,2025-11-22
CUST03730,Sneha Sharma,Female,52,Patna,Bihar,R014,Standard,Email,2023-02-19
CUST03731,Kavya Deshmukh,Male,55,Bhubaneswar,Odisha,R013,Premium,Instagram,2023-01-19
CUST03732,Vivaan Singh,Male,39,Noida,Uttar Pradesh,R011,Premium,Google Ads,2024-12-26
CUST03733,Priya Gupta,Male,22,Bhubaneswar,Odisha,R013,Standard,Email,2023-07-16
CUST03734,Priya Kumar,Male,65,Vijayawada,Andhra Pradesh,R022,Standard,Google Ads,2024-07-12
CUST03735,Ananya Mhaske,Female,30,Bhopal,Madhya Pradesh,R024,Premium,Organic,2024-03-27
CUST03736,Rohan Singh,Male,49,Amritsar,Punjab,R009,Standard,Google Ads,2023-10-16
CUST03737,Priya Mhaske,Male,20,Lucknow,Uttar Pradesh,R010,Standard,Organic,2026-03-10
CUST03738,Sneha Nair,Female,32,Surat,Gujarat,R004,Standard,Google Ads,2026-01-12
CUST03739,Kavya Nair,Male,44,Bengaluru,Karnataka,R017,Premium,Google Ads,2024-01-26
CUST03740,Amit Shah,Male,44,Patna,Bihar,R014,Premium,Instagram,2023-08-03
CUST03741,Arjun Gupta,Male,47,Bhopal,Madhya Pradesh,R024,Premium,Instagram,2023-08-03
CUST03742,Neha Singh,Male,23,Mysuru,Karnataka,R018,Standard,Referral,2023-05-08
CUST03743,Meera Mehta,Male,42,Noida,Uttar Pradesh,R011,Premium,Google Ads,2025-01-29
CUST03744,Kavya Verma,Male,45,Coimbatore,Tamil Nadu,R016,Standard,Organic,2024-02-08
CUST03745,Karan Deshmukh,Female,39,Mumbai,Maharashtra,R001,Standard,Google Ads,2025-11-18
CUST03746,Priya Gupta,Female,21,New Delhi,Delhi,R007,Standard,Email,2023-12-04
CUST03747,Vivaan Singh,Female,32,Lucknow,Uttar Pradesh,R010,Premium,Organic,2025-04-10
CUST03748,Ananya Nair,Female,43,Amritsar,Punjab,R009,Standard,Email,2024-12-14
CUST03749,Karan Gupta,Male,35,Indore,Madhya Pradesh,R025,Standard,Referral,2023-12-27
CUST03750,Aarav Kumar,Female,26,Ahmedabad,Gujarat,R003,Premium,Email,2024-07-22
CUST03751,Neha Sharma,Male,21,Vijayawada,Andhra Pradesh,R022,Premium,Referral,2023-08-06
CUST03752,Karan Mehta,Male,65,Visakhapatnam,Andhra Pradesh,R023,Premium,Referral,2023-07-21
CUST03753,Sneha Patil,Male,22,Patna,Bihar,R014,Standard,Referral,2023-01-17
CUST03754,Arjun Patil,Male,62,Indore,Madhya Pradesh,R025,Premium,Email,2023-11-18
CUST03755,Vivaan Mehta,Female,23,Chennai,Tamil Nadu,R015,Premium,Referral,2024-06-01
CUST03756,Aditya Kumar,Male,29,Pune,Maharashtra,R002,Standard,Referral,2024-11-11
CUST03757,Arjun Joshi,Male,48,Bhopal,Madhya Pradesh,R024,Standard,Instagram,2026-01-10
CUST03758,Sneha Mehta,Male,64,Patna,Bihar,R014,Standard,Google Ads,2024-02-29
CUST03759,Aditya Mehta,Male,26,Coimbatore,Tamil Nadu,R016,Standard,Referral,2026-05-12
CUST03760,Sneha Shah,Male,24,New Delhi,Delhi,R007,Standard,Organic,2025-10-15
CUST03761,Pooja Mhaske,Male,46,Surat,Gujarat,R004,Standard,Organic,2024-01-22
CUST03762,Vivaan Nair,Male,31,Mysuru,Karnataka,R018,Standard,Instagram,2025-02-16
CUST03763,Rohan Singh,Female,37,Bhopal,Madhya Pradesh,R024,Standard,Email,2023-04-08
CUST03764,Aarav Joshi,Male,65,Jaipur,Rajasthan,R005,Premium,Email,2023-07-27
CUST03765,Sneha Verma,Male,49,Udaipur,Rajasthan,R006,Standard,Email,2024-08-08
CUST03766,Isha Shah,Female,39,New Delhi,Delhi,R007,Standard,Referral,2023-06-15
CUST03767,Sneha Mhaske,Female,53,Chennai,Tamil Nadu,R015,Premium,Email,2023-01-22
CUST03768,Isha Kumar,Male,61,Mumbai,Maharashtra,R001,Standard,Email,2023-06-03
CUST03769,Vivaan Deshmukh,Male,35,Bhopal,Madhya Pradesh,R024,Standard,Google Ads,2023-08-07
CUST03770,Isha Kumar,Female,57,Surat,Gujarat,R004,Standard,Referral,2024-10-30
CUST03771,Meera Kumar,Male,42,Indore,Madhya Pradesh,R025,Premium,Referral,2023-08-18
CUST03772,Isha Mhaske,Male,48,Mumbai,Maharashtra,R001,Corporate,Organic,2023-01-20
CUST03773,Isha Verma,Male,52,Noida,Uttar Pradesh,R011,Premium,Organic,2024-07-06
CUST03774,Vivaan Patil,Female,43,Mysuru,Karnataka,R018,Premium,Google Ads,2025-08-07
CUST03775,Arjun Singh,Female,21,Patna,Bihar,R014,Standard,Instagram,2023-05-28
CUST03776,Rahul Sharma,Female,59,Vijayawada,Andhra Pradesh,R022,Corporate,Referral,2026-02-05
CUST03777,Meera Mehta,Male,65,Noida,Uttar Pradesh,R011,Corporate,Organic,2024-02-07
CUST03778,Aarav Singh,Male,37,Lucknow,Uttar Pradesh,R010,Standard,Email,2024-08-18
CUST03779,Aditya Mhaske,Male,51,Bengaluru,Karnataka,R017,Premium,Referral,2024-01-02
CUST03780,Amit Sharma,Female,29,Surat,Gujarat,R004,Standard,Referral,2025-03-12
CUST03781,Aarav Mehta,Female,33,Bhopal,Madhya Pradesh,R024,Standard,Referral,2025-07-06
CUST03782,Aditya Kumar,Male,59,Chennai,Tamil Nadu,R015,Premium,Organic,2026-03-03
CUST03783,Aarav Mehta,Female,22,Coimbatore,Tamil Nadu,R016,Premium,Google Ads,2023-03-14
CUST03784,Isha Verma,Male,61,Thiruvananthapuram,Kerala,R021,Standard,Organic,2024-04-25
CUST03785,Neha Verma,Male,52,Bhubaneswar,Odisha,R013,Premium,Email,2024-07-13
CUST03786,Priya Kumar,Female,61,Amritsar,Punjab,R009,Premium,Email,2025-01-14
CUST03787,Amit Mhaske,Male,44,Noida,Uttar Pradesh,R011,Premium,Instagram,2023-04-10
CUST03788,Amit Joshi,Male,18,Noida,Uttar Pradesh,R011,Standard,Organic,2025-12-18
CUST03789,Priya Mhaske,Male,51,Udaipur,Rajasthan,R006,Standard,Organic,2024-05-22
CUST03790,Vivaan Deshmukh,Female,60,Mumbai,Maharashtra,R001,Corporate,Instagram,2023-09-15
CUST03791,Kavya Sharma,Female,49,Vijayawada,Andhra Pradesh,R022,Standard,Instagram,2024-02-17
CUST03792,Pooja Joshi,Female,61,Udaipur,Rajasthan,R006,Corporate,Referral,2025-12-24
CUST03793,Arjun Patil,Female,56,Bhubaneswar,Odisha,R013,Premium,Referral,2024-08-17
CUST03794,Kavya Patil,Male,50,Vijayawada,Andhra Pradesh,R022,Premium,Email,2026-03-23
CUST03795,Karan Joshi,Male,48,Bhopal,Madhya Pradesh,R024,Standard,Google Ads,2023-09-23
CUST03796,Sneha Joshi,Female,30,Vijayawada,Andhra Pradesh,R022,Standard,Email,2025-03-31
CUST03797,Rahul Mehta,Female,62,Jaipur,Rajasthan,R005,Premium,Organic,2026-01-07
CUST03798,Karan Patil,Female,19,Chennai,Tamil Nadu,R015,Standard,Google Ads,2024-10-23
CUST03799,Vivaan Gupta,Female,47,Mysuru,Karnataka,R018,Premium,Referral,2025-08-04
CUST03800,Kavya Sharma,Female,27,Kochi,Kerala,R020,Premium,Instagram,2024-07-13
CUST03801,Rohan Verma,Male,40,Patna,Bihar,R014,Standard,Instagram,2025-07-05
CUST03802,Rohan Joshi,Male,50,Chennai,Tamil Nadu,R015,Premium,Email,2025-06-09
CUST03803,Isha Mhaske,Female,56,Jaipur,Rajasthan,R005,Standard,Organic,2026-06-25
CUST03804,Meera Shah,Female,62,Surat,Gujarat,R004,Standard,Organic,2025-05-17
CUST03805,Isha Kumar,Female,46,Pune,Maharashtra,R002,Standard,Instagram,2024-09-01
CUST03806,Amit Sharma,Male,47,New Delhi,Delhi,R007,Corporate,Email,2024-02-18
CUST03807,Rohan Joshi,Male,51,Lucknow,Uttar Pradesh,R010,Standard,Email,2023-01-25
CUST03808,Meera Shah,Female,56,Coimbatore,Tamil Nadu,R016,Standard,Referral,2023-10-11
CUST03809,Kavya Verma,Female,34,Lucknow,Uttar Pradesh,R010,Standard,Referral,2025-05-30
CUST03810,Pooja Patil,Female,39,Mysuru,Karnataka,R018,Standard,Referral,2023-10-28
CUST03811,Meera Mehta,Male,22,Bengaluru,Karnataka,R017,Standard,Google Ads,2025-12-27
CUST03812,Neha Joshi,Female,28,Thiruvananthapuram,Kerala,R021,Standard,Email,2025-10-27
CUST03813,Meera Sharma,Male,39,Bhubaneswar,Odisha,R013,Premium,Email,2025-03-27
CUST03814,Karan Mhaske,Female,49,Mumbai,Maharashtra,R001,Standard,Referral,2026-03-06
CUST03815,Arjun Nair,Male,41,Mumbai,Maharashtra,R001,Premium,Instagram,2026-04-02
CUST03816,Rahul Sharma,Male,28,Chennai,Tamil Nadu,R015,Standard,Referral,2023-03-24
CUST03817,Kavya Singh,Female,28,Mumbai,Maharashtra,R001,Corporate,Google Ads,2026-01-01
CUST03818,Priya Singh,Male,34,Udaipur,Rajasthan,R006,Standard,Instagram,2026-06-14
CUST03819,Vivaan Shah,Male,49,Indore,Madhya Pradesh,R025,Premium,Email,2023-02-15
CUST03820,Priya Singh,Male,36,Bhubaneswar,Odisha,R013,Premium,Google Ads,2024-09-09
CUST03821,Karan Singh,Female,44,Mumbai,Maharashtra,R001,Premium,Google Ads,2025-07-16
CUST03822,Arjun Verma,Male,49,Jaipur,Rajasthan,R005,Premium,Instagram,2023-09-19
CUST03823,Neha Singh,Male,42,Amritsar,Punjab,R009,Standard,Referral,2023-06-25
CUST03824,Karan Kumar,Female,45,Indore,Madhya Pradesh,R025,Premium,Referral,2026-04-04
CUST03825,Amit Mhaske,Female,57,Bengaluru,Karnataka,R017,Standard,Organic,2024-10-18
CUST03826,Priya Sharma,Male,44,Coimbatore,Tamil Nadu,R016,Premium,Instagram,2025-04-21
CUST03827,Rahul Mehta,Male,31,Ludhiana,Punjab,R008,Corporate,Referral,2024-01-05
CUST03828,Priya Patil,Female,59,Bengaluru,Karnataka,R017,Corporate,Google Ads,2023-02-23
CUST03829,Sneha Mehta,Male,56,Chennai,Tamil Nadu,R015,Standard,Referral,2024-11-20
CUST03830,Isha Patil,Female,19,Bhopal,Madhya Pradesh,R024,Standard,Referral,2026-02-24
CUST03831,Pooja Joshi,Male,34,Mumbai,Maharashtra,R001,Standard,Google Ads,2024-01-02
CUST03832,Ananya Mhaske,Female,18,Kolkata,West Bengal,R012,Standard,Instagram,2024-10-05
CUST03833,Isha Kumar,Female,62,Jaipur,Rajasthan,R005,Standard,Organic,2024-01-14
CUST03834,Neha Kumar,Female,49,Bhopal,Madhya Pradesh,R024,Standard,Referral,2023-03-14
CUST03835,Rohan Gupta,Male,36,Udaipur,Rajasthan,R006,Corporate,Referral,2025-07-03
CUST03836,Aditya Mhaske,Female,31,Indore,Madhya Pradesh,R025,Standard,Referral,2026-06-25
CUST03837,Amit Gupta,Male,48,Mumbai,Maharashtra,R001,Premium,Instagram,2025-05-09
CUST03838,Sneha Singh,Female,35,Indore,Madhya Pradesh,R025,Standard,Google Ads,2023-02-12
CUST03839,Pooja Singh,Male,31,Mumbai,Maharashtra,R001,Premium,Google Ads,2024-01-12
CUST03840,Neha Sharma,Female,64,Lucknow,Uttar Pradesh,R010,Corporate,Google Ads,2025-11-30
CUST03841,Karan Mehta,Male,31,Lucknow,Uttar Pradesh,R010,Premium,Google Ads,2023-06-19
CUST03842,Isha Gupta,Female,41,Ahmedabad,Gujarat,R003,Standard,Google Ads,2023-07-31
CUST03843,Isha Singh,Male,22,Bengaluru,Karnataka,R017,Standard,Google Ads,2023-02-08
CUST03844,Rohan Sharma,Male,33,Hyderabad,Telangana,R019,Corporate,Referral,2024-01-04
CUST03845,Aditya Nair,Male,22,Noida,Uttar Pradesh,R011,Standard,Referral,2025-01-26
CUST03846,Rohan Shah,Male,30,Mysuru,Karnataka,R018,Premium,Google Ads,2023-05-31
CUST03847,Ananya Deshmukh,Male,33,Pune,Maharashtra,R002,Standard,Google Ads,2026-02-08
CUST03848,Rohan Nair,Male,32,Amritsar,Punjab,R009,Standard,Instagram,2025-12-06
CUST03849,Isha Singh,Female,48,Bhopal,Madhya Pradesh,R024,Premium,Instagram,2025-10-20
CUST03850,Aarav Deshmukh,Male,22,Bengaluru,Karnataka,R017,Standard,Email,2025-01-06
CUST03851,Meera Verma,Female,38,Patna,Bihar,R014,Standard,Referral,2023-03-10
CUST03852,Kavya Patil,Male,47,Surat,Gujarat,R004,Standard,Google Ads,2023-10-26
CUST03853,Aarav Mhaske,Female,40,Bengaluru,Karnataka,R017,Corporate,Referral,2025-08-01
CUST03854,Aditya Gupta,Male,55,Bengaluru,Karnataka,R017,Standard,Email,2025-03-12
CUST03855,Aarav Joshi,Female,46,Kolkata,West Bengal,R012,Premium,Instagram,2023-10-23
CUST03856,Isha Sharma,Female,30,Kochi,Kerala,R020,Standard,Email,2023-07-22
CUST03857,Arjun Singh,Male,49,Mysuru,Karnataka,R018,Premium,Organic,2023-03-02
CUST03858,Kavya Sharma,Female,65,Ahmedabad,Gujarat,R003,Corporate,Instagram,2025-08-03
CUST03859,Amit Mehta,Male,59,Noida,Uttar Pradesh,R011,Standard,Referral,2025-08-20
CUST03860,Kavya Joshi,Female,44,Indore,Madhya Pradesh,R025,Standard,Instagram,2026-03-30
CUST03861,Aditya Verma,Male,51,Mysuru,Karnataka,R018,Standard,Email,2023-11-27
CUST03862,Rohan Shah,Male,62,Surat,Gujarat,R004,Premium,Google Ads,2023-12-04
CUST03863,Amit Verma,Male,50,Bengaluru,Karnataka,R017,Standard,Email,2024-09-30
CUST03864,Priya Shah,Female,21,Mysuru,Karnataka,R018,Standard,Email,2023-10-02
CUST03865,Neha Deshmukh,Male,35,Jaipur,Rajasthan,R005,Standard,Google Ads,2026-04-02
CUST03866,Neha Nair,Female,23,Patna,Bihar,R014,Standard,Referral,2023-11-15
CUST03867,Priya Singh,Male,45,Lucknow,Uttar Pradesh,R010,Standard,Referral,2024-08-11
CUST03868,Vivaan Patil,Male,61,Chennai,Tamil Nadu,R015,Premium,Instagram,2024-05-18
CUST03869,Ananya Verma,Female,44,Mumbai,Maharashtra,R001,Premium,Email,2024-01-22
CUST03870,Neha Mhaske,Female,43,Coimbatore,Tamil Nadu,R016,Standard,Instagram,2025-05-19
CUST03871,Rohan Patil,Female,37,Noida,Uttar Pradesh,R011,Premium,Google Ads,2025-04-12
CUST03872,Kavya Sharma,Female,30,Visakhapatnam,Andhra Pradesh,R023,Premium,Organic,2025-10-11
CUST03873,Meera Nair,Female,45,Kochi,Kerala,R020,Premium,Referral,2024-08-25
CUST03874,Rahul Kumar,Female,51,Udaipur,Rajasthan,R006,Standard,Google Ads,2024-11-21
CUST03875,Priya Mehta,Male,40,Bhopal,Madhya Pradesh,R024,Standard,Referral,2024-05-08
CUST03876,Vivaan Mehta,Male,27,Vijayawada,Andhra Pradesh,R022,Premium,Instagram,2024-05-04
CUST03877,Neha Nair,Male,47,Coimbatore,Tamil Nadu,R016,Premium,Organic,2024-12-21
CUST03878,Karan Mhaske,Male,39,Pune,Maharashtra,R002,Standard,Email,2026-01-01
CUST03879,Aarav Verma,Male,22,Mumbai,Maharashtra,R001,Standard,Referral,2024-05-23
CUST03880,Karan Mhaske,Female,61,Bhopal,Madhya Pradesh,R024,Standard,Email,2024-01-25
CUST03881,Priya Nair,Male,26,Bhopal,Madhya Pradesh,R024,Standard,Instagram,2023-10-22
CUST03882,Vivaan Joshi,Female,60,Amritsar,Punjab,R009,Standard,Referral,2025-03-06
CUST03883,Arjun Singh,Female,21,Vijayawada,Andhra Pradesh,R022,Standard,Instagram,2025-05-14
CUST03884,Rahul Patil,Male,59,Kolkata,West Bengal,R012,Standard,Email,2024-07-02
CUST03885,Priya Patil,Male,18,Bengaluru,Karnataka,R017,Premium,Instagram,2024-10-10
CUST03886,Pooja Deshmukh,Male,51,Indore,Madhya Pradesh,R025,Standard,Instagram,2024-07-21
CUST03887,Ananya Mehta,Female,58,Chennai,Tamil Nadu,R015,Standard,Instagram,2026-04-25
CUST03888,Vivaan Kumar,Female,43,Hyderabad,Telangana,R019,Standard,Google Ads,2025-05-02
CUST03889,Karan Sharma,Male,35,Vijayawada,Andhra Pradesh,R022,Standard,Google Ads,2025-02-08
CUST03890,Aarav Verma,Female,33,Lucknow,Uttar Pradesh,R010,Standard,Referral,2024-03-20
CUST03891,Vivaan Nair,Male,40,Kolkata,West Bengal,R012,Premium,Instagram,2023-12-29
CUST03892,Kavya Sharma,Female,63,Patna,Bihar,R014,Standard,Instagram,2023-05-03
CUST03893,Neha Mhaske,Female,53,Amritsar,Punjab,R009,Premium,Instagram,2026-04-26
CUST03894,Pooja Sharma,Male,43,Bhubaneswar,Odisha,R013,Corporate,Google Ads,2025-01-11
CUST03895,Vivaan Kumar,Male,19,Ahmedabad,Gujarat,R003,Premium,Email,2024-11-10
CUST03896,Rahul Shah,Male,61,Thiruvananthapuram,Kerala,R021,Premium,Instagram,2024-02-24
CUST03897,Amit Singh,Male,22,Patna,Bihar,R014,Premium,Organic,2026-06-29
CUST03898,Isha Sharma,Female,46,Thiruvananthapuram,Kerala,R021,Standard,Referral,2023-04-02
CUST03899,Rohan Shah,Male,21,Lucknow,Uttar Pradesh,R010,Corporate,Google Ads,2023-03-04
CUST03900,Amit Verma,Female,64,Coimbatore,Tamil Nadu,R016,Standard,Email,2024-05-26
CUST03901,Karan Kumar,Male,52,New Delhi,Delhi,R007,Standard,Organic,2026-03-08
CUST03902,Amit Shah,Female,39,Surat,Gujarat,R004,Standard,Instagram,2026-04-23
CUST03903,Kavya Patil,Female,25,Kochi,Kerala,R020,Premium,Google Ads,2026-05-13
CUST03904,Rohan Singh,Female,61,Visakhapatnam,Andhra Pradesh,R023,Standard,Instagram,2025-02-10
CUST03905,Sneha Nair,Male,38,Indore,Madhya Pradesh,R025,Corporate,Referral,2026-05-22
CUST03906,Amit Singh,Male,25,Noida,Uttar Pradesh,R011,Standard,Google Ads,2023-09-13
CUST03907,Vivaan Kumar,Female,22,Coimbatore,Tamil Nadu,R016,Premium,Organic,2023-05-15
CUST03908,Kavya Verma,Male,38,Kochi,Kerala,R020,Standard,Email,2025-05-24
CUST03909,Neha Kumar,Male,44,Surat,Gujarat,R004,Standard,Email,2025-04-01
CUST03910,Pooja Mhaske,Male,55,Vijayawada,Andhra Pradesh,R022,Standard,Referral,2023-03-29
CUST03911,Aditya Kumar,Female,22,Vijayawada,Andhra Pradesh,R022,Standard,Email,2025-09-14
CUST03912,Vivaan Deshmukh,Female,38,Visakhapatnam,Andhra Pradesh,R023,Standard,Email,2026-05-15
CUST03913,Arjun Singh,Female,25,Bengaluru,Karnataka,R017,Corporate,Referral,2026-02-26
CUST03914,Aditya Mhaske,Male,39,Bhubaneswar,Odisha,R013,Standard,Organic,2025-04-02
CUST03915,Aditya Shah,Male,35,Noida,Uttar Pradesh,R011,Premium,Google Ads,2025-10-23
CUST03916,Isha Mehta,Female,21,Ahmedabad,Gujarat,R003,Standard,Google Ads,2025-08-31
CUST03917,Sneha Nair,Male,21,Amritsar,Punjab,R009,Standard,Referral,2025-07-22
CUST03918,Vivaan Kumar,Male,54,Udaipur,Rajasthan,R006,Standard,Instagram,2023-05-01
CUST03919,Meera Deshmukh,Female,32,Vijayawada,Andhra Pradesh,R022,Standard,Referral,2025-11-27
CUST03920,Kavya Kumar,Male,55,Thiruvananthapuram,Kerala,R021,Corporate,Referral,2025-10-04
CUST03921,Kavya Mehta,Male,44,Noida,Uttar Pradesh,R011,Premium,Referral,2025-07-13
CUST03922,Aditya Joshi,Male,38,Coimbatore,Tamil Nadu,R016,Standard,Referral,2024-10-06
CUST03923,Ananya Mehta,Male,65,Hyderabad,Telangana,R019,Premium,Email,2024-12-14
CUST03924,Vivaan Verma,Male,63,Jaipur,Rajasthan,R005,Standard,Email,2025-05-09
CUST03925,Sneha Singh,Female,63,Patna,Bihar,R014,Premium,Organic,2023-01-21
CUST03926,Ananya Gupta,Male,65,Bengaluru,Karnataka,R017,Premium,Referral,2023-08-30
CUST03927,Isha Deshmukh,Male,21,Ahmedabad,Gujarat,R003,Premium,Google Ads,2024-03-30
CUST03928,Priya Verma,Female,28,Surat,Gujarat,R004,Standard,Instagram,2025-08-20
CUST03929,Rahul Verma,Female,36,Coimbatore,Tamil Nadu,R016,Standard,Email,2024-09-12
CUST03930,Pooja Kumar,Male,36,Coimbatore,Tamil Nadu,R016,Standard,Google Ads,2023-10-30
CUST03931,Meera Kumar,Female,44,Thiruvananthapuram,Kerala,R021,Corporate,Email,2025-03-13
CUST03932,Kavya Mhaske,Female,57,Indore,Madhya Pradesh,R025,Corporate,Organic,2025-08-21
CUST03933,Aarav Singh,Male,59,Surat,Gujarat,R004,Standard,Instagram,2023-03-10
CUST03934,Vivaan Patil,Male,45,Hyderabad,Telangana,R019,Premium,Email,2026-02-26
CUST03935,Aditya Kumar,Male,22,Bengaluru,Karnataka,R017,Corporate,Instagram,2023-07-15
CUST03936,Aditya Joshi,Female,65,Bhubaneswar,Odisha,R013,Standard,Instagram,2023-05-20
CUST03937,Priya Mehta,Male,42,Vijayawada,Andhra Pradesh,R022,Premium,Google Ads,2023-10-10
CUST03938,Neha Kumar,Male,20,Visakhapatnam,Andhra Pradesh,R023,Standard,Email,2023-11-08
CUST03939,Aarav Joshi,Female,43,Bhopal,Madhya Pradesh,R024,Standard,Instagram,2025-01-15
CUST03940,Amit Kumar,Male,27,Mumbai,Maharashtra,R001,Standard,Referral,2023-10-04
CUST03941,Meera Mehta,Female,41,Kolkata,West Bengal,R012,Standard,Instagram,2023-03-02
CUST03942,Rahul Mehta,Female,46,Surat,Gujarat,R004,Premium,Instagram,2023-02-21
CUST03943,Neha Deshmukh,Male,62,Noida,Uttar Pradesh,R011,Standard,Email,2023-06-02
CUST03944,Karan Singh,Female,24,Jaipur,Rajasthan,R005,Standard,Referral,2024-06-27
CUST03945,Rohan Sharma,Male,61,Pune,Maharashtra,R002,Standard,Instagram,2024-07-20
CUST03946,Isha Singh,Male,40,Bengaluru,Karnataka,R017,Standard,Email,2024-09-13
CUST03947,Pooja Verma,Male,63,Ludhiana,Punjab,R008,Premium,Email,2026-04-15
CUST03948,Arjun Patil,Female,44,Udaipur,Rajasthan,R006,Standard,Instagram,2023-11-10
CUST03949,Isha Shah,Female,59,Thiruvananthapuram,Kerala,R021,Standard,Organic,2025-03-17
CUST03950,Pooja Verma,Male,26,Amritsar,Punjab,R009,Premium,Organic,2025-04-27
CUST03951,Rahul Nair,Male,61,Bhubaneswar,Odisha,R013,Corporate,Google Ads,2023-04-07
CUST03952,Meera Gupta,Male,20,Noida,Uttar Pradesh,R011,Standard,Organic,2025-05-30
CUST03953,Meera Gupta,Female,30,Coimbatore,Tamil Nadu,R016,Premium,Organic,2026-05-21
CUST03954,Arjun Sharma,Female,23,Coimbatore,Tamil Nadu,R016,Corporate,Email,2025-04-08
CUST03955,Pooja Mehta,Female,55,Pune,Maharashtra,R002,Premium,Email,2023-05-17
CUST03956,Karan Mhaske,Female,38,Lucknow,Uttar Pradesh,R010,Premium,Instagram,2025-10-26
CUST03957,Vivaan Deshmukh,Female,36,Kolkata,West Bengal,R012,Premium,Instagram,2025-10-07
CUST03958,Amit Deshmukh,Male,42,Ludhiana,Punjab,R008,Standard,Email,2023-04-19
CUST03959,Isha Patil,Male,56,Noida,Uttar Pradesh,R011,Premium,Instagram,2024-06-30
CUST03960,Meera Deshmukh,Female,21,Lucknow,Uttar Pradesh,R010,Premium,Email,2025-11-28
CUST03961,Priya Deshmukh,Male,39,Bhubaneswar,Odisha,R013,Standard,Organic,2024-10-23
CUST03962,Ananya Deshmukh,Male,22,Indore,Madhya Pradesh,R025,Corporate,Instagram,2024-02-29
CUST03963,Priya Mehta,Female,18,Bengaluru,Karnataka,R017,Premium,Organic,2024-09-21
CUST03964,Arjun Mehta,Female,34,New Delhi,Delhi,R007,Standard,Google Ads,2023-09-18
CUST03965,Aditya Singh,Male,26,Bhopal,Madhya Pradesh,R024,Premium,Instagram,2023-03-28
CUST03966,Aditya Shah,Female,26,Ahmedabad,Gujarat,R003,Standard,Email,2024-04-09
CUST03967,Neha Mhaske,Female,41,Kochi,Kerala,R020,Premium,Email,2023-03-17
CUST03968,Vivaan Kumar,Male,27,Bhubaneswar,Odisha,R013,Standard,Google Ads,2024-04-15
CUST03969,Rohan Kumar,Male,37,Hyderabad,Telangana,R019,Corporate,Email,2024-02-18
CUST03970,Kavya Joshi,Male,34,New Delhi,Delhi,R007,Standard,Organic,2025-04-04
CUST03971,Aditya Kumar,Male,30,Amritsar,Punjab,R009,Premium,Email,2025-06-13
CUST03972,Priya Sharma,Female,46,Hyderabad,Telangana,R019,Corporate,Google Ads,2024-12-26
CUST03973,Aarav Mehta,Male,53,Bhubaneswar,Odisha,R013,Standard,Referral,2024-04-01
CUST03974,Isha Kumar,Male,40,Vijayawada,Andhra Pradesh,R022,Premium,Referral,2026-06-16
CUST03975,Meera Deshmukh,Male,44,Ludhiana,Punjab,R008,Standard,Organic,2024-10-14
CUST03976,Priya Singh,Male,35,Vijayawada,Andhra Pradesh,R022,Premium,Referral,2024-11-02
CUST03977,Rahul Patil,Male,35,Mysuru,Karnataka,R018,Premium,Email,2024-05-09
CUST03978,Ananya Deshmukh,Female,26,Visakhapatnam,Andhra Pradesh,R023,Corporate,Google Ads,2025-12-04
CUST03979,Rohan Kumar,Male,20,Pune,Maharashtra,R002,Premium,Organic,2026-06-24
CUST03980,Neha Deshmukh,Female,24,Mysuru,Karnataka,R018,Standard,Referral,2024-08-19
CUST03981,Karan Nair,Female,32,Mysuru,Karnataka,R018,Standard,Email,2024-03-25
CUST03982,Priya Kumar,Male,47,Noida,Uttar Pradesh,R011,Premium,Email,2024-04-29
CUST03983,Aditya Mhaske,Female,26,Mumbai,Maharashtra,R001,Standard,Instagram,2024-10-07
CUST03984,Vivaan Sharma,Female,58,Patna,Bihar,R014,Standard,Instagram,2024-09-11
CUST03985,Meera Verma,Male,44,Coimbatore,Tamil Nadu,R016,Standard,Google Ads,2025-11-07
CUST03986,Vivaan Patil,Male,53,Noida,Uttar Pradesh,R011,Standard,Organic,2024-10-23
CUST03987,Isha Shah,Female,35,Mumbai,Maharashtra,R001,Standard,Referral,2025-01-27
CUST03988,Ananya Gupta,Female,48,New Delhi,Delhi,R007,Premium,Referral,2023-10-16
CUST03989,Arjun Sharma,Male,34,Coimbatore,Tamil Nadu,R016,Premium,Email,2024-12-21
CUST03990,Kavya Deshmukh,Male,23,Patna,Bihar,R014,Premium,Referral,2024-09-29
CUST03991,Pooja Verma,Male,56,Chennai,Tamil Nadu,R015,Standard,Google Ads,2023-08-23
CUST03992,Rahul Joshi,Male,42,Patna,Bihar,R014,Standard,Instagram,2024-02-20
CUST03993,Vivaan Kumar,Male,59,Thiruvananthapuram,Kerala,R021,Standard,Email,2025-07-26
CUST03994,Ananya Patil,Male,59,Noida,Uttar Pradesh,R011,Corporate,Organic,2024-05-13
CUST03995,Ananya Mehta,Male,55,Coimbatore,Tamil Nadu,R016,Standard,Email,2025-08-31
CUST03996,Rahul Nair,Male,55,Hyderabad,Telangana,R019,Standard,Referral,2024-09-25
CUST03997,Vivaan Patil,Male,48,Bengaluru,Karnataka,R017,Standard,Google Ads,2025-10-16
CUST03998,Arjun Verma,Male,46,Udaipur,Rajasthan,R006,Premium,Organic,2023-04-25
CUST03999,Meera Kumar,Male,57,Noida,Uttar Pradesh,R011,Premium,Email,2025-07-20
CUST04000,Isha Singh,Male,26,Bengaluru,Karnataka,R017,Standard,Referral,2024-11-04
CUST04001,Priya Kumar,Female,18,Amritsar,Punjab,R009,Standard,Email,2026-06-11
CUST04002,Meera Joshi,Female,33,Mysuru,Karnataka,R018,Premium,Organic,2025-10-31
CUST04003,Isha Mehta,Male,55,Bengaluru,Karnataka,R017,Standard,Referral,2023-07-25
CUST04004,Arjun Patil,Male,40,Kolkata,West Bengal,R012,Premium,Instagram,2023-09-04
CUST04005,Kavya Deshmukh,Male,25,Visakhapatnam,Andhra Pradesh,R023,Premium,Organic,2025-01-27
CUST04006,Vivaan Sharma,Male,64,Vijayawada,Andhra Pradesh,R022,Premium,Instagram,2026-02-24
CUST04007,Karan Mehta,Male,29,Vijayawada,Andhra Pradesh,R022,Premium,Instagram,2023-05-27
CUST04008,Kavya Deshmukh,Male,27,Jaipur,Rajasthan,R005,Premium,Referral,2023-04-28
CUST04009,Aarav Joshi,Female,33,Noida,Uttar Pradesh,R011,Corporate,Email,2024-02-16
CUST04010,Vivaan Singh,Male,64,Surat,Gujarat,R004,Standard,Email,2023-12-29
CUST04011,Isha Shah,Male,60,Surat,Gujarat,R004,Standard,Google Ads,2023-05-17
CUST04012,Rahul Sharma,Female,41,Ahmedabad,Gujarat,R003,Premium,Organic,2026-04-13
CUST04013,Meera Patil,Female,56,Bhopal,Madhya Pradesh,R024,Standard,Organic,2025-08-15
CUST04014,Vivaan Mehta,Male,25,Visakhapatnam,Andhra Pradesh,R023,Corporate,Referral,2023-01-19
CUST04015,Priya Singh,Male,28,Indore,Madhya Pradesh,R025,Standard,Referral,2023-07-14
CUST04016,Ananya Nair,Male,58,Bengaluru,Karnataka,R017,Corporate,Google Ads,2023-11-26
CUST04017,Aarav Shah,Male,43,New Delhi,Delhi,R007,Premium,Google Ads,2023-06-24
CUST04018,Isha Verma,Male,24,Surat,Gujarat,R004,Premium,Instagram,2025-09-28
CUST04019,Sneha Mehta,Male,32,Visakhapatnam,Andhra Pradesh,R023,Standard,Google Ads,2024-03-24
CUST04020,Ananya Gupta,Male,32,Bhubaneswar,Odisha,R013,Corporate,Email,2025-08-03
CUST04021,Vivaan Patil,Female,65,Kolkata,West Bengal,R012,Standard,Instagram,2023-05-21
CUST04022,Kavya Joshi,Female,20,Mumbai,Maharashtra,R001,Standard,Google Ads,2025-01-27
CUST04023,Amit Singh,Male,33,Thiruvananthapuram,Kerala,R021,Standard,Email,2025-07-18
CUST04024,Meera Sharma,Male,32,Hyderabad,Telangana,R019,Corporate,Email,2023-04-03
CUST04025,Sneha Nair,Male,42,Thiruvananthapuram,Kerala,R021,Standard,Instagram,2023-08-27
CUST04026,Aditya Deshmukh,Male,50,Kochi,Kerala,R020,Premium,Instagram,2023-07-24
CUST04027,Priya Sharma,Male,31,Mysuru,Karnataka,R018,Premium,Email,2024-07-13
CUST04028,Vivaan Kumar,Female,41,Noida,Uttar Pradesh,R011,Premium,Referral,2023-09-02
CUST04029,Amit Deshmukh,Female,28,Kochi,Kerala,R020,Premium,Instagram,2025-04-11
CUST04030,Priya Nair,Female,20,Ahmedabad,Gujarat,R003,Standard,Organic,2025-07-13
CUST04031,Kavya Nair,Female,26,Bengaluru,Karnataka,R017,Premium,Referral,2023-10-22
CUST04032,Arjun Verma,Female,23,Kolkata,West Bengal,R012,Premium,Organic,2024-10-01
CUST04033,Amit Sharma,Female,48,Lucknow,Uttar Pradesh,R010,Standard,Google Ads,2025-05-05
CUST04034,Priya Nair,Female,33,Ludhiana,Punjab,R008,Standard,Instagram,2023-01-17
CUST04035,Neha Patil,Male,28,Chennai,Tamil Nadu,R015,Standard,Instagram,2023-03-12
CUST04036,Kavya Sharma,Male,34,Jaipur,Rajasthan,R005,Standard,Email,2023-11-01
CUST04037,Amit Singh,Female,20,Surat,Gujarat,R004,Standard,Instagram,2025-10-27
CUST04038,Sneha Mhaske,Female,36,Thiruvananthapuram,Kerala,R021,Premium,Organic,2025-03-27
CUST04039,Aarav Nair,Male,41,Kochi,Kerala,R020,Corporate,Referral,2026-01-31
CUST04040,Rahul Mehta,Male,64,Hyderabad,Telangana,R019,Standard,Google Ads,2025-03-31
CUST04041,Pooja Verma,Male,59,Thiruvananthapuram,Kerala,R021,Premium,Referral,2023-07-12
CUST04042,Rahul Sharma,Female,25,Surat,Gujarat,R004,Standard,Organic,2024-06-12
CUST04043,Aarav Gupta,Male,53,Chennai,Tamil Nadu,R015,Standard,Google Ads,2023-06-20
CUST04044,Rohan Gupta,Female,57,Bengaluru,Karnataka,R017,Premium,Email,2023-09-08
CUST04045,Vivaan Deshmukh,Female,19,Kolkata,West Bengal,R012,Corporate,Instagram,2026-05-15
CUST04046,Rahul Shah,Female,40,Ahmedabad,Gujarat,R003,Standard,Instagram,2024-06-24
CUST04047,Ananya Gupta,Male,57,Lucknow,Uttar Pradesh,R010,Standard,Email,2024-02-20
CUST04048,Priya Deshmukh,Male,47,Chennai,Tamil Nadu,R015,Standard,Organic,2025-03-04
CUST04049,Aditya Gupta,Male,42,Lucknow,Uttar Pradesh,R010,Standard,Email,2026-03-13
CUST04050,Kavya Nair,Male,24,Bhopal,Madhya Pradesh,R024,Premium,Organic,2023-01-25
CUST04051,Rahul Patil,Male,45,Visakhapatnam,Andhra Pradesh,R023,Premium,Google Ads,2024-10-29
CUST04052,Ananya Verma,Female,58,Mysuru,Karnataka,R018,Premium,Referral,2026-01-01
CUST04053,Ananya Shah,Male,34,Mumbai,Maharashtra,R001,Standard,Referral,2024-09-23
CUST04054,Vivaan Gupta,Female,49,Ahmedabad,Gujarat,R003,Corporate,Email,2026-01-21
CUST04055,Priya Nair,Female,18,Thiruvananthapuram,Kerala,R021,Standard,Instagram,2024-05-19
CUST04056,Vivaan Mehta,Male,44,Kolkata,West Bengal,R012,Premium,Email,2023-12-02
CUST04057,Kavya Deshmukh,Female,61,Mumbai,Maharashtra,R001,Standard,Instagram,2024-02-29
CUST04058,Priya Singh,Female,53,Ahmedabad,Gujarat,R003,Corporate,Email,2024-05-13
CUST04059,Karan Deshmukh,Male,24,Ahmedabad,Gujarat,R003,Premium,Email,2025-08-04
CUST04060,Kavya Kumar,Male,20,Jaipur,Rajasthan,R005,Corporate,Referral,2024-09-21
CUST04061,Rahul Gupta,Male,47,Hyderabad,Telangana,R019,Standard,Instagram,2026-05-07
CUST04062,Rohan Sharma,Male,18,Indore,Madhya Pradesh,R025,Premium,Referral,2024-12-18
CUST04063,Isha Shah,Female,51,Mumbai,Maharashtra,R001,Premium,Instagram,2023-12-05
CUST04064,Karan Patil,Male,55,Surat,Gujarat,R004,Premium,Google Ads,2024-10-20
CUST04065,Rohan Deshmukh,Female,60,Surat,Gujarat,R004,Standard,Google Ads,2025-08-19
CUST04066,Isha Mhaske,Male,53,Bengaluru,Karnataka,R017,Standard,Google Ads,2024-03-04
CUST04067,Vivaan Mehta,Male,50,Patna,Bihar,R014,Standard,Organic,2025-06-17
CUST04068,Rahul Shah,Male,60,Mysuru,Karnataka,R018,Standard,Referral,2023-05-19
CUST04069,Neha Singh,Female,33,Mumbai,Maharashtra,R001,Premium,Referral,2025-07-30
CUST04070,Pooja Kumar,Male,55,Vijayawada,Andhra Pradesh,R022,Premium,Google Ads,2024-06-25
CUST04071,Karan Joshi,Male,28,Coimbatore,Tamil Nadu,R016,Standard,Email,2023-02-26
CUST04072,Rahul Patil,Female,25,Ahmedabad,Gujarat,R003,Corporate,Referral,2026-06-09
CUST04073,Pooja Mehta,Female,18,Visakhapatnam,Andhra Pradesh,R023,Standard,Instagram,2024-10-19
CUST04074,Priya Gupta,Male,31,Thiruvananthapuram,Kerala,R021,Standard,Referral,2024-03-10
CUST04075,Sneha Joshi,Male,47,Amritsar,Punjab,R009,Standard,Referral,2024-01-19
CUST04076,Sneha Nair,Male,38,Visakhapatnam,Andhra Pradesh,R023,Premium,Instagram,2024-07-13
CUST04077,Amit Shah,Male,38,Surat,Gujarat,R004,Premium,Google Ads,2023-07-13
CUST04078,Meera Patil,Female,51,Thiruvananthapuram,Kerala,R021,Standard,Google Ads,2024-06-17
CUST04079,Amit Singh,Female,55,Jaipur,Rajasthan,R005,Premium,Instagram,2024-06-01
CUST04080,Amit Shah,Female,43,Noida,Uttar Pradesh,R011,Standard,Referral,2024-12-16
CUST04081,Meera Kumar,Male,58,Thiruvananthapuram,Kerala,R021,Standard,Referral,2025-01-20
CUST04082,Arjun Sharma,Female,31,Amritsar,Punjab,R009,Standard,Google Ads,2023-07-04
CUST04083,Karan Kumar,Male,57,Ahmedabad,Gujarat,R003,Standard,Organic,2023-10-19
CUST04084,Aditya Mhaske,Female,52,Udaipur,Rajasthan,R006,Premium,Google Ads,2025-01-01
CUST04085,Rahul Mhaske,Male,59,Bhopal,Madhya Pradesh,R024,Premium,Instagram,2023-04-26
CUST04086,Kavya Gupta,Male,35,Noida,Uttar Pradesh,R011,Standard,Organic,2025-04-04
CUST04087,Kavya Kumar,Female,37,Amritsar,Punjab,R009,Standard,Organic,2025-12-08
CUST04088,Aarav Patil,Male,26,Chennai,Tamil Nadu,R015,Standard,Instagram,2024-11-15
CUST04089,Vivaan Nair,Female,58,Visakhapatnam,Andhra Pradesh,R023,Standard,Email,2023-03-23
CUST04090,Meera Verma,Female,62,Ahmedabad,Gujarat,R003,Standard,Google Ads,2025-04-13
CUST04091,Neha Patil,Male,50,Mumbai,Maharashtra,R001,Standard,Referral,2023-11-29
CUST04092,Sneha Shah,Female,21,Kochi,Kerala,R020,Premium,Google Ads,2024-07-10
CUST04093,Isha Nair,Male,21,Vijayawada,Andhra Pradesh,R022,Standard,Instagram,2023-12-01
CUST04094,Neha Joshi,Male,65,Hyderabad,Telangana,R019,Standard,Referral,2024-06-15
CUST04095,Priya Kumar,Female,33,Patna,Bihar,R014,Corporate,Email,2023-08-09
CUST04096,Aarav Gupta,Female,64,Bengaluru,Karnataka,R017,Standard,Instagram,2024-09-26
CUST04097,Neha Nair,Male,43,Vijayawada,Andhra Pradesh,R022,Standard,Google Ads,2023-11-19
CUST04098,Arjun Patil,Male,23,Patna,Bihar,R014,Standard,Organic,2023-01-03
CUST04099,Rohan Patil,Male,54,Bengaluru,Karnataka,R017,Standard,Instagram,2023-07-25
CUST04100,Aditya Kumar,Female,39,Indore,Madhya Pradesh,R025,Standard,Instagram,2023-02-09
CUST04101,Kavya Mhaske,Female,59,Patna,Bihar,R014,Standard,Google Ads,2023-02-28
CUST04102,Vivaan Singh,Male,56,Kolkata,West Bengal,R012,Premium,Email,2025-08-08
CUST04103,Pooja Mhaske,Female,24,Coimbatore,Tamil Nadu,R016,Premium,Google Ads,2024-07-27
CUST04104,Meera Sharma,Male,59,Mumbai,Maharashtra,R001,Premium,Google Ads,2024-10-05
CUST04105,Sneha Mhaske,Male,47,Bhubaneswar,Odisha,R013,Standard,Email,2025-04-22
CUST04106,Rohan Mhaske,Female,27,Udaipur,Rajasthan,R006,Standard,Email,2026-02-19
CUST04107,Neha Joshi,Male,32,Bengaluru,Karnataka,R017,Standard,Instagram,2024-09-10
CUST04108,Pooja Gupta,Male,23,Kolkata,West Bengal,R012,Standard,Organic,2023-04-06
CUST04109,Vivaan Deshmukh,Female,41,Visakhapatnam,Andhra Pradesh,R023,Standard,Google Ads,2026-06-12
CUST04110,Rahul Joshi,Male,19,Hyderabad,Telangana,R019,Standard,Organic,2025-06-16
CUST04111,Neha Verma,Male,57,Udaipur,Rajasthan,R006,Standard,Email,2025-12-21
CUST04112,Neha Sharma,Female,32,New Delhi,Delhi,R007,Standard,Email,2024-07-14
CUST04113,Sneha Singh,Female,38,Mumbai,Maharashtra,R001,Standard,Google Ads,2025-06-23
CUST04114,Vivaan Kumar,Female,35,Mumbai,Maharashtra,R001,Standard,Instagram,2023-12-14
CUST04115,Rahul Mhaske,Male,22,Jaipur,Rajasthan,R005,Standard,Google Ads,2024-11-01
CUST04116,Vivaan Kumar,Male,42,Udaipur,Rajasthan,R006,Standard,Instagram,2026-02-21
CUST04117,Amit Deshmukh,Female,53,Coimbatore,Tamil Nadu,R016,Standard,Referral,2023-11-13
CUST04118,Karan Shah,Male,27,Indore,Madhya Pradesh,R025,Standard,Instagram,2024-12-19
CUST04119,Arjun Patil,Male,63,Coimbatore,Tamil Nadu,R016,Standard,Google Ads,2025-12-07
CUST04120,Pooja Patil,Male,40,Patna,Bihar,R014,Standard,Google Ads,2026-03-05
CUST04121,Vivaan Shah,Male,41,Mumbai,Maharashtra,R001,Standard,Instagram,2026-05-09
CUST04122,Sneha Singh,Male,62,Bhubaneswar,Odisha,R013,Premium,Organic,2023-09-07
CUST04123,Amit Nair,Female,27,Kochi,Kerala,R020,Standard,Instagram,2023-11-10
CUST04124,Rohan Patil,Female,23,Lucknow,Uttar Pradesh,R010,Standard,Referral,2025-03-17
CUST04125,Arjun Mhaske,Female,30,Bhopal,Madhya Pradesh,R024,Standard,Referral,2024-04-29
CUST04126,Ananya Verma,Female,38,Lucknow,Uttar Pradesh,R010,Standard,Organic,2026-05-19
CUST04127,Rahul Joshi,Female,49,Amritsar,Punjab,R009,Standard,Referral,2023-02-13
CUST04128,Pooja Deshmukh,Female,60,Bhubaneswar,Odisha,R013,Corporate,Google Ads,2024-07-24
CUST04129,Kavya Shah,Male,32,Ahmedabad,Gujarat,R003,Premium,Organic,2024-08-05
CUST04130,Vivaan Kumar,Male,19,Mysuru,Karnataka,R018,Standard,Organic,2026-01-20
CUST04131,Aditya Deshmukh,Male,32,Kochi,Kerala,R020,Premium,Organic,2025-06-13
CUST04132,Priya Nair,Male,34,Pune,Maharashtra,R002,Standard,Instagram,2023-08-08
CUST04133,Meera Verma,Male,37,Bengaluru,Karnataka,R017,Standard,Instagram,2025-07-13
CUST04134,Kavya Mhaske,Male,23,Hyderabad,Telangana,R019,Premium,Organic,2024-02-05
CUST04135,Priya Singh,Male,32,Visakhapatnam,Andhra Pradesh,R023,Standard,Referral,2024-12-27
CUST04136,Meera Mehta,Male,34,Bhubaneswar,Odisha,R013,Standard,Google Ads,2025-09-17
CUST04137,Isha Deshmukh,Male,43,Bhubaneswar,Odisha,R013,Premium,Google Ads,2025-06-17
CUST04138,Amit Verma,Male,39,Mumbai,Maharashtra,R001,Standard,Instagram,2025-05-07
CUST04139,Aditya Mehta,Female,26,Pune,Maharashtra,R002,Corporate,Email,2025-03-14
CUST04140,Arjun Mhaske,Male,29,Mumbai,Maharashtra,R001,Premium,Organic,2024-05-04
CUST04141,Meera Nair,Female,39,Bhopal,Madhya Pradesh,R024,Premium,Email,2025-07-26
CUST04142,Aditya Nair,Female,40,Jaipur,Rajasthan,R005,Standard,Google Ads,2025-04-23
CUST04143,Pooja Deshmukh,Female,54,Bhopal,Madhya Pradesh,R024,Standard,Instagram,2023-09-24
CUST04144,Arjun Deshmukh,Female,31,Ahmedabad,Gujarat,R003,Premium,Instagram,2023-02-23
CUST04145,Sneha Mehta,Female,41,New Delhi,Delhi,R007,Corporate,Instagram,2024-06-11
CUST04146,Rahul Joshi,Male,25,Bhopal,Madhya Pradesh,R024,Standard,Instagram,2024-09-07
CUST04147,Pooja Gupta,Female,43,Vijayawada,Andhra Pradesh,R022,Corporate,Instagram,2025-12-18
CUST04148,Aarav Patil,Female,49,Bhubaneswar,Odisha,R013,Standard,Organic,2025-11-29
CUST04149,Ananya Gupta,Female,45,Visakhapatnam,Andhra Pradesh,R023,Standard,Email,2026-06-14
CUST04150,Rohan Joshi,Male,49,Mysuru,Karnataka,R018,Standard,Google Ads,2025-08-12
CUST04151,Vivaan Mehta,Male,39,Bhopal,Madhya Pradesh,R024,Standard,Google Ads,2024-01-21
CUST04152,Neha Singh,Female,26,Thiruvananthapuram,Kerala,R021,Premium,Instagram,2025-01-03
CUST04153,Vivaan Patil,Female,20,New Delhi,Delhi,R007,Standard,Instagram,2024-12-16
CUST04154,Aditya Sharma,Female,42,Mumbai,Maharashtra,R001,Corporate,Instagram,2024-10-11
CUST04155,Neha Mehta,Male,56,Jaipur,Rajasthan,R005,Standard,Referral,2023-10-27
CUST04156,Ananya Verma,Male,29,Bengaluru,Karnataka,R017,Standard,Google Ads,2024-01-30
CUST04157,Rahul Joshi,Male,46,Ludhiana,Punjab,R008,Premium,Instagram,2026-05-15
CUST04158,Aarav Mhaske,Male,20,Chennai,Tamil Nadu,R015,Standard,Email,2024-08-15
CUST04159,Pooja Mhaske,Male,58,Kochi,Kerala,R020,Premium,Referral,2024-05-28
CUST04160,Vivaan Kumar,Male,63,Surat,Gujarat,R004,Standard,Organic,2026-04-16
CUST04161,Rahul Sharma,Male,40,Pune,Maharashtra,R002,Standard,Referral,2024-01-31
CUST04162,Sneha Patil,Male,40,Jaipur,Rajasthan,R005,Premium,Referral,2024-01-06
CUST04163,Aarav Singh,Male,35,Mumbai,Maharashtra,R001,Corporate,Referral,2025-05-07
CUST04164,Neha Shah,Female,28,Indore,Madhya Pradesh,R025,Standard,Email,2025-03-01
CUST04165,Amit Gupta,Female,53,Jaipur,Rajasthan,R005,Premium,Google Ads,2024-10-19
CUST04166,Meera Nair,Female,43,Udaipur,Rajasthan,R006,Premium,Instagram,2025-01-05
CUST04167,Isha Mhaske,Male,25,Pune,Maharashtra,R002,Standard,Email,2024-01-19
CUST04168,Sneha Nair,Female,45,Mumbai,Maharashtra,R001,Premium,Email,2023-03-03
CUST04169,Karan Mehta,Male,35,Surat,Gujarat,R004,Standard,Instagram,2024-05-19
CUST04170,Arjun Deshmukh,Female,30,New Delhi,Delhi,R007,Standard,Referral,2023-08-27
CUST04171,Rahul Singh,Female,53,Vijayawada,Andhra Pradesh,R022,Standard,Organic,2023-07-14
CUST04172,Rahul Mehta,Female,59,Mumbai,Maharashtra,R001,Standard,Referral,2024-11-08
CUST04173,Sneha Shah,Female,57,Mumbai,Maharashtra,R001,Standard,Referral,2026-05-30
CUST04174,Amit Joshi,Male,61,Ludhiana,Punjab,R008,Standard,Google Ads,2023-03-02
CUST04175,Aarav Patil,Male,29,Kochi,Kerala,R020,Standard,Referral,2026-02-26
CUST04176,Amit Kumar,Female,39,Coimbatore,Tamil Nadu,R016,Premium,Organic,2025-09-16
CUST04177,Meera Verma,Male,19,Thiruvananthapuram,Kerala,R021,Standard,Email,2024-11-15
CUST04178,Rohan Shah,Male,57,Bhubaneswar,Odisha,R013,Premium,Referral,2023-06-05
CUST04179,Sneha Mehta,Female,45,Visakhapatnam,Andhra Pradesh,R023,Standard,Email,2025-07-11
CUST04180,Meera Mhaske,Male,30,Bhopal,Madhya Pradesh,R024,Premium,Google Ads,2025-05-17
CUST04181,Amit Shah,Female,50,Visakhapatnam,Andhra Pradesh,R023,Standard,Organic,2025-06-21
CUST04182,Aditya Shah,Female,20,Mysuru,Karnataka,R018,Standard,Instagram,2025-09-25
CUST04183,Meera Joshi,Male,51,Kochi,Kerala,R020,Standard,Instagram,2025-09-01
CUST04184,Sneha Shah,Male,40,Lucknow,Uttar Pradesh,R010,Standard,Google Ads,2026-05-15
CUST04185,Sneha Shah,Male,49,Kolkata,West Bengal,R012,Standard,Organic,2024-01-23
CUST04186,Karan Mhaske,Male,37,Mumbai,Maharashtra,R001,Premium,Email,2025-06-05
CUST04187,Vivaan Nair,Male,45,Lucknow,Uttar Pradesh,R010,Corporate,Google Ads,2025-04-17
CUST04188,Rohan Verma,Male,25,Amritsar,Punjab,R009,Premium,Referral,2023-12-06
CUST04189,Karan Patil,Male,20,Ahmedabad,Gujarat,R003,Standard,Email,2023-07-23
CUST04190,Arjun Patil,Male,47,Hyderabad,Telangana,R019,Standard,Referral,2023-06-10
CUST04191,Pooja Patil,Female,42,Amritsar,Punjab,R009,Corporate,Referral,2024-01-27
CUST04192,Vivaan Sharma,Female,47,Lucknow,Uttar Pradesh,R010,Standard,Email,2025-02-07
CUST04193,Arjun Patil,Female,46,Hyderabad,Telangana,R019,Corporate,Referral,2024-07-28
CUST04194,Neha Deshmukh,Male,64,Coimbatore,Tamil Nadu,R016,Standard,Instagram,2024-06-17
CUST04195,Meera Shah,Male,47,Bhopal,Madhya Pradesh,R024,Corporate,Email,2025-12-29
CUST04196,Ananya Joshi,Female,51,Mysuru,Karnataka,R018,Corporate,Google Ads,2025-06-11
CUST04197,Rohan Nair,Male,42,Patna,Bihar,R014,Premium,Instagram,2024-02-09
CUST04198,Aditya Nair,Male,34,Ahmedabad,Gujarat,R003,Standard,Google Ads,2024-08-30
CUST04199,Pooja Joshi,Female,41,Pune,Maharashtra,R002,Standard,Organic,2025-04-07
CUST04200,Aarav Deshmukh,Male,55,Mumbai,Maharashtra,R001,Corporate,Google Ads,2026-02-17
CUST04201,Arjun Singh,Male,45,Mysuru,Karnataka,R018,Corporate,Email,2024-11-20
CUST04202,Rohan Shah,Female,50,Bhopal,Madhya Pradesh,R024,Standard,Google Ads,2025-06-20
CUST04203,Aditya Verma,Female,53,Amritsar,Punjab,R009,Standard,Organic,2026-05-25
CUST04204,Isha Shah,Male,24,Bhubaneswar,Odisha,R013,Premium,Referral,2023-02-25
CUST04205,Priya Mhaske,Male,40,Pune,Maharashtra,R002,Standard,Email,2024-01-01
CUST04206,Isha Singh,Female,63,New Delhi,Delhi,R007,Premium,Instagram,2024-03-30
CUST04207,Aarav Kumar,Female,43,Coimbatore,Tamil Nadu,R016,Premium,Instagram,2023-04-14
CUST04208,Karan Deshmukh,Male,31,Thiruvananthapuram,Kerala,R021,Corporate,Google Ads,2023-03-18
CUST04209,Rohan Sharma,Female,59,Hyderabad,Telangana,R019,Standard,Instagram,2023-08-18
CUST04210,Aditya Sharma,Female,45,Indore,Madhya Pradesh,R025,Standard,Organic,2023-11-27
CUST04211,Kavya Gupta,Male,41,Chennai,Tamil Nadu,R015,Standard,Instagram,2026-04-20
CUST04212,Aditya Patil,Female,24,Vijayawada,Andhra Pradesh,R022,Corporate,Google Ads,2025-06-11
CUST04213,Aditya Deshmukh,Female,65,Noida,Uttar Pradesh,R011,Standard,Instagram,2024-11-18
CUST04214,Ananya Kumar,Male,53,Mumbai,Maharashtra,R001,Standard,Referral,2023-01-27
CUST04215,Isha Mhaske,Female,56,Thiruvananthapuram,Kerala,R021,Standard,Referral,2023-10-26
CUST04216,Ananya Patil,Male,32,New Delhi,Delhi,R007,Standard,Instagram,2025-08-14
CUST04217,Rahul Nair,Female,20,Kochi,Kerala,R020,Premium,Email,2025-03-09
CUST04218,Sneha Nair,Female,65,Ludhiana,Punjab,R008,Premium,Instagram,2026-01-19
CUST04219,Aarav Verma,Male,19,Lucknow,Uttar Pradesh,R010,Premium,Referral,2024-04-24
CUST04220,Karan Sharma,Female,24,Jaipur,Rajasthan,R005,Standard,Referral,2024-07-26
CUST04221,Rahul Nair,Female,33,Amritsar,Punjab,R009,Corporate,Organic,2024-04-02
CUST04222,Arjun Singh,Male,38,Indore,Madhya Pradesh,R025,Standard,Google Ads,2023-12-31
CUST04223,Amit Deshmukh,Male,26,Indore,Madhya Pradesh,R025,Premium,Organic,2025-05-08
CUST04224,Aarav Shah,Male,29,Mumbai,Maharashtra,R001,Standard,Email,2023-12-17
CUST04225,Priya Verma,Female,46,Pune,Maharashtra,R002,Standard,Google Ads,2023-09-10
CUST04226,Rohan Mehta,Female,41,Hyderabad,Telangana,R019,Standard,Instagram,2025-02-19
CUST04227,Amit Joshi,Female,50,Patna,Bihar,R014,Standard,Instagram,2025-03-13
CUST04228,Karan Mehta,Male,31,Kochi,Kerala,R020,Premium,Email,2025-10-08
CUST04229,Karan Kumar,Male,60,Lucknow,Uttar Pradesh,R010,Standard,Referral,2024-04-03
CUST04230,Karan Nair,Male,35,Amritsar,Punjab,R009,Standard,Instagram,2025-07-05
CUST04231,Kavya Kumar,Male,22,Lucknow,Uttar Pradesh,R010,Premium,Organic,2024-05-13
CUST04232,Rohan Deshmukh,Male,32,Udaipur,Rajasthan,R006,Standard,Referral,2025-08-07
CUST04233,Aditya Singh,Male,24,Bengaluru,Karnataka,R017,Standard,Instagram,2024-05-22
CUST04234,Rahul Kumar,Male,42,Indore,Madhya Pradesh,R025,Standard,Referral,2024-05-15
CUST04235,Arjun Verma,Female,31,Udaipur,Rajasthan,R006,Premium,Google Ads,2025-03-13
CUST04236,Isha Mehta,Female,57,Surat,Gujarat,R004,Standard,Instagram,2024-08-20
CUST04237,Ananya Mehta,Female,53,Kochi,Kerala,R020,Corporate,Instagram,2023-06-15
CUST04238,Isha Gupta,Male,52,Ahmedabad,Gujarat,R003,Standard,Referral,2024-04-06
CUST04239,Ananya Singh,Female,61,Visakhapatnam,Andhra Pradesh,R023,Standard,Google Ads,2025-07-08
CUST04240,Meera Shah,Female,41,Hyderabad,Telangana,R019,Standard,Organic,2023-04-24
CUST04241,Arjun Patil,Female,32,Mysuru,Karnataka,R018,Premium,Google Ads,2025-09-18
CUST04242,Sneha Nair,Male,28,Bhopal,Madhya Pradesh,R024,Standard,Organic,2023-07-26
CUST04243,Pooja Patil,Male,41,Surat,Gujarat,R004,Premium,Email,2026-06-12
CUST04244,Sneha Mhaske,Male,28,Ludhiana,Punjab,R008,Standard,Google Ads,2024-05-29
CUST04245,Vivaan Sharma,Male,61,Bengaluru,Karnataka,R017,Standard,Organic,2026-05-16
CUST04246,Pooja Kumar,Female,34,Jaipur,Rajasthan,R005,Premium,Referral,2024-12-09
CUST04247,Sneha Gupta,Female,23,Bhubaneswar,Odisha,R013,Premium,Organic,2026-02-22
CUST04248,Priya Sharma,Male,38,Indore,Madhya Pradesh,R025,Standard,Email,2023-05-18
CUST04249,Isha Deshmukh,Male,25,Mumbai,Maharashtra,R001,Premium,Organic,2023-12-05
CUST04250,Karan Verma,Female,32,Bhubaneswar,Odisha,R013,Premium,Google Ads,2024-06-20
CUST04251,Karan Nair,Male,49,Surat,Gujarat,R004,Standard,Organic,2023-03-09
CUST04252,Isha Mehta,Female,27,Vijayawada,Andhra Pradesh,R022,Standard,Google Ads,2024-01-18
CUST04253,Meera Joshi,Female,45,Bhopal,Madhya Pradesh,R024,Standard,Email,2023-01-19
CUST04254,Ananya Shah,Male,32,Patna,Bihar,R014,Standard,Organic,2024-11-13
CUST04255,Amit Sharma,Female,29,Ahmedabad,Gujarat,R003,Premium,Organic,2023-03-15
CUST04256,Rohan Verma,Male,60,Jaipur,Rajasthan,R005,Standard,Email,2024-07-26
CUST04257,Pooja Mehta,Female,35,New Delhi,Delhi,R007,Standard,Organic,2025-07-27
CUST04258,Priya Mehta,Female,54,Mumbai,Maharashtra,R001,Standard,Google Ads,2025-12-07
CUST04259,Ananya Nair,Female,61,Visakhapatnam,Andhra Pradesh,R023,Corporate,Instagram,2023-07-30
CUST04260,Vivaan Mehta,Male,41,Kolkata,West Bengal,R012,Premium,Instagram,2025-05-04
CUST04261,Amit Deshmukh,Male,54,Noida,Uttar Pradesh,R011,Standard,Google Ads,2024-10-12
CUST04262,Isha Gupta,Male,46,Bhopal,Madhya Pradesh,R024,Standard,Organic,2025-09-20
CUST04263,Karan Gupta,Male,27,Ludhiana,Punjab,R008,Standard,Google Ads,2024-11-25
CUST04264,Pooja Joshi,Female,31,Indore,Madhya Pradesh,R025,Premium,Email,2024-06-23
CUST04265,Amit Deshmukh,Male,33,Udaipur,Rajasthan,R006,Standard,Google Ads,2026-04-29
CUST04266,Aditya Sharma,Female,54,Vijayawada,Andhra Pradesh,R022,Corporate,Instagram,2025-06-19
CUST04267,Vivaan Nair,Male,28,Pune,Maharashtra,R002,Standard,Referral,2025-02-18
CUST04268,Rohan Mehta,Male,43,Hyderabad,Telangana,R019,Premium,Email,2026-02-10
CUST04269,Priya Nair,Female,57,Kochi,Kerala,R020,Premium,Organic,2023-06-19
CUST04270,Isha Deshmukh,Male,36,Kochi,Kerala,R020,Premium,Google Ads,2025-11-03
CUST04271,Aditya Mehta,Female,35,Bhopal,Madhya Pradesh,R024,Standard,Email,2023-10-15
CUST04272,Vivaan Shah,Male,47,Patna,Bihar,R014,Premium,Instagram,2023-07-08
CUST04273,Aarav Patil,Female,49,Mumbai,Maharashtra,R001,Standard,Organic,2025-07-02
CUST04274,Aditya Joshi,Female,40,Lucknow,Uttar Pradesh,R010,Standard,Google Ads,2026-03-24
CUST04275,Vivaan Gupta,Female,29,Coimbatore,Tamil Nadu,R016,Corporate,Google Ads,2024-11-24
CUST04276,Vivaan Joshi,Male,30,Surat,Gujarat,R004,Corporate,Organic,2025-06-06
CUST04277,Priya Kumar,Male,38,Noida,Uttar Pradesh,R011,Premium,Referral,2024-04-15
CUST04278,Karan Kumar,Female,38,Coimbatore,Tamil Nadu,R016,Standard,Referral,2026-01-03
CUST04279,Priya Deshmukh,Female,46,Kochi,Kerala,R020,Premium,Email,2023-10-04
CUST04280,Aarav Nair,Male,46,Mumbai,Maharashtra,R001,Standard,Google Ads,2025-07-28
CUST04281,Aarav Mehta,Male,44,Coimbatore,Tamil Nadu,R016,Standard,Email,2024-07-24
CUST04282,Vivaan Shah,Male,46,Hyderabad,Telangana,R019,Premium,Organic,2025-05-06
CUST04283,Kavya Singh,Male,32,Thiruvananthapuram,Kerala,R021,Standard,Email,2025-09-27
CUST04284,Pooja Sharma,Female,64,Vijayawada,Andhra Pradesh,R022,Corporate,Google Ads,2026-04-20
CUST04285,Rahul Gupta,Male,29,Amritsar,Punjab,R009,Standard,Referral,2024-04-02
CUST04286,Kavya Verma,Male,58,Amritsar,Punjab,R009,Standard,Referral,2025-07-06
CUST04287,Ananya Gupta,Female,36,Amritsar,Punjab,R009,Premium,Organic,2025-04-12
CUST04288,Sneha Sharma,Male,29,Bengaluru,Karnataka,R017,Premium,Instagram,2025-12-23
CUST04289,Ananya Shah,Female,40,Kolkata,West Bengal,R012,Standard,Email,2025-04-18
CUST04290,Rohan Joshi,Female,22,Indore,Madhya Pradesh,R025,Standard,Organic,2023-07-12
CUST04291,Karan Patil,Male,43,Bhubaneswar,Odisha,R013,Premium,Referral,2024-09-07
CUST04292,Kavya Joshi,Female,27,Ludhiana,Punjab,R008,Standard,Google Ads,2024-02-10
CUST04293,Rohan Deshmukh,Male,39,Coimbatore,Tamil Nadu,R016,Standard,Google Ads,2025-07-31
CUST04294,Kavya Kumar,Male,56,Mysuru,Karnataka,R018,Premium,Instagram,2024-12-21
CUST04295,Pooja Shah,Male,40,Mumbai,Maharashtra,R001,Standard,Instagram,2023-04-03
CUST04296,Pooja Verma,Male,28,Mumbai,Maharashtra,R001,Corporate,Referral,2024-03-05
CUST04297,Pooja Deshmukh,Male,45,Kolkata,West Bengal,R012,Premium,Instagram,2024-10-15
CUST04298,Aarav Shah,Male,48,Udaipur,Rajasthan,R006,Corporate,Instagram,2024-03-09
CUST04299,Rohan Kumar,Female,25,Amritsar,Punjab,R009,Standard,Google Ads,2026-02-09
CUST04300,Ananya Shah,Female,56,Visakhapatnam,Andhra Pradesh,R023,Corporate,Email,2024-01-10
CUST04301,Arjun Patil,Female,65,Jaipur,Rajasthan,R005,Standard,Google Ads,2025-12-18
CUST04302,Ananya Patil,Female,45,Coimbatore,Tamil Nadu,R016,Standard,Google Ads,2025-12-02
CUST04303,Meera Mehta,Male,33,Mysuru,Karnataka,R018,Standard,Referral,2023-07-26
CUST04304,Aarav Gupta,Male,63,Bengaluru,Karnataka,R017,Standard,Referral,2025-02-18
CUST04305,Meera Singh,Male,64,Mysuru,Karnataka,R018,Standard,Email,2026-02-15
CUST04306,Arjun Verma,Male,48,Mumbai,Maharashtra,R001,Standard,Organic,2024-06-15
CUST04307,Rahul Gupta,Female,58,Hyderabad,Telangana,R019,Standard,Instagram,2026-05-30
CUST04308,Meera Deshmukh,Male,65,Vijayawada,Andhra Pradesh,R022,Standard,Instagram,2023-06-15
CUST04309,Karan Deshmukh,Male,33,Ludhiana,Punjab,R008,Premium,Google Ads,2024-10-04
CUST04310,Isha Mhaske,Male,22,Ahmedabad,Gujarat,R003,Standard,Google Ads,2026-03-25
CUST04311,Pooja Mhaske,Male,52,Indore,Madhya Pradesh,R025,Premium,Email,2026-04-22
CUST04312,Aarav Mehta,Male,42,Jaipur,Rajasthan,R005,Premium,Instagram,2023-03-31
CUST04313,Isha Singh,Male,30,Visakhapatnam,Andhra Pradesh,R023,Corporate,Google Ads,2026-01-22
CUST04314,Arjun Shah,Female,46,Ludhiana,Punjab,R008,Standard,Google Ads,2023-01-13
CUST04315,Kavya Kumar,Male,44,Hyderabad,Telangana,R019,Corporate,Referral,2025-08-30
CUST04316,Vivaan Shah,Female,57,Mysuru,Karnataka,R018,Standard,Organic,2025-03-15
CUST04317,Vivaan Joshi,Male,34,Mysuru,Karnataka,R018,Corporate,Email,2025-08-02
CUST04318,Isha Gupta,Male,54,Thiruvananthapuram,Kerala,R021,Standard,Organic,2025-01-11
CUST04319,Isha Sharma,Female,55,Mumbai,Maharashtra,R001,Premium,Organic,2025-05-25
CUST04320,Amit Joshi,Female,46,Chennai,Tamil Nadu,R015,Premium,Email,2026-03-19
CUST04321,Priya Singh,Male,51,Mysuru,Karnataka,R018,Standard,Instagram,2024-10-21
CUST04322,Arjun Nair,Female,47,Indore,Madhya Pradesh,R025,Standard,Google Ads,2025-10-28
CUST04323,Meera Kumar,Male,48,New Delhi,Delhi,R007,Premium,Email,2025-11-18
CUST04324,Sneha Shah,Male,39,Coimbatore,Tamil Nadu,R016,Standard,Google Ads,2023-10-23
CUST04325,Vivaan Patil,Female,63,Coimbatore,Tamil Nadu,R016,Standard,Referral,2025-09-12
CUST04326,Meera Patil,Female,42,Chennai,Tamil Nadu,R015,Premium,Organic,2025-07-14
CUST04327,Aditya Singh,Male,21,Udaipur,Rajasthan,R006,Standard,Referral,2024-10-01
CUST04328,Aarav Shah,Male,52,Amritsar,Punjab,R009,Premium,Organic,2023-12-06
CUST04329,Vivaan Mehta,Female,58,New Delhi,Delhi,R007,Standard,Instagram,2024-09-19
CUST04330,Kavya Patil,Male,61,Patna,Bihar,R014,Standard,Email,2024-03-14
CUST04331,Pooja Nair,Male,26,Noida,Uttar Pradesh,R011,Standard,Instagram,2026-03-13
CUST04332,Aarav Mhaske,Male,43,Thiruvananthapuram,Kerala,R021,Premium,Organic,2025-07-30
CUST04333,Meera Mehta,Female,44,Coimbatore,Tamil Nadu,R016,Corporate,Referral,2025-04-09
CUST04334,Amit Sharma,Male,44,Indore,Madhya Pradesh,R025,Standard,Organic,2024-06-02
CUST04335,Amit Gupta,Female,35,Udaipur,Rajasthan,R006,Standard,Instagram,2025-09-02
CUST04336,Neha Patil,Female,47,Vijayawada,Andhra Pradesh,R022,Standard,Instagram,2025-12-04
CUST04337,Aarav Deshmukh,Male,62,Coimbatore,Tamil Nadu,R016,Premium,Referral,2025-08-12
CUST04338,Karan Mehta,Female,63,Kochi,Kerala,R020,Standard,Referral,2026-06-16
CUST04339,Rohan Gupta,Female,48,Coimbatore,Tamil Nadu,R016,Standard,Instagram,2025-08-09
CUST04340,Karan Kumar,Male,59,Kolkata,West Bengal,R012,Standard,Organic,2025-08-01
CUST04341,Pooja Gupta,Male,20,Bengaluru,Karnataka,R017,Standard,Organic,2023-06-04
CUST04342,Sneha Joshi,Female,46,Jaipur,Rajasthan,R005,Standard,Email,2026-04-19
CUST04343,Isha Sharma,Female,24,Indore,Madhya Pradesh,R025,Standard,Instagram,2026-05-23
CUST04344,Arjun Patil,Male,35,Bhubaneswar,Odisha,R013,Premium,Email,2023-03-29
CUST04345,Priya Mhaske,Female,33,Ludhiana,Punjab,R008,Corporate,Instagram,2026-01-01
CUST04346,Sneha Sharma,Female,49,Bhopal,Madhya Pradesh,R024,Premium,Email,2025-07-19
CUST04347,Ananya Shah,Female,55,Jaipur,Rajasthan,R005,Standard,Google Ads,2023-06-28
CUST04348,Vivaan Sharma,Female,42,Kolkata,West Bengal,R012,Standard,Organic,2023-07-31
CUST04349,Karan Verma,Male,61,Amritsar,Punjab,R009,Standard,Organic,2026-06-11
CUST04350,Aditya Sharma,Male,49,Ahmedabad,Gujarat,R003,Premium,Google Ads,2024-04-09
CUST04351,Vivaan Mhaske,Female,36,Ahmedabad,Gujarat,R003,Premium,Referral,2026-05-31
CUST04352,Aditya Singh,Male,20,Mumbai,Maharashtra,R001,Corporate,Google Ads,2024-09-22
CUST04353,Priya Kumar,Female,52,Indore,Madhya Pradesh,R025,Standard,Organic,2025-04-04
CUST04354,Rohan Patil,Male,46,Vijayawada,Andhra Pradesh,R022,Premium,Instagram,2026-05-15
CUST04355,Vivaan Joshi,Male,28,Mysuru,Karnataka,R018,Premium,Email,2024-08-29
CUST04356,Aarav Sharma,Male,23,Bhopal,Madhya Pradesh,R024,Standard,Organic,2025-06-03
CUST04357,Amit Deshmukh,Female,36,Kolkata,West Bengal,R012,Premium,Google Ads,2024-01-01
CUST04358,Rahul Shah,Female,54,Amritsar,Punjab,R009,Corporate,Instagram,2023-10-03
CUST04359,Aarav Gupta,Male,62,Amritsar,Punjab,R009,Corporate,Organic,2024-01-15
CUST04360,Ananya Sharma,Male,44,Mysuru,Karnataka,R018,Premium,Google Ads,2025-08-02
CUST04361,Priya Nair,Male,22,Mysuru,Karnataka,R018,Standard,Organic,2025-12-23
CUST04362,Neha Verma,Female,43,New Delhi,Delhi,R007,Premium,Google Ads,2025-03-20
CUST04363,Neha Patil,Male,52,Surat,Gujarat,R004,Premium,Google Ads,2025-07-13
CUST04364,Amit Nair,Female,36,Bhubaneswar,Odisha,R013,Standard,Organic,2024-05-08
CUST04365,Isha Patil,Male,34,Bengaluru,Karnataka,R017,Standard,Instagram,2026-01-26
CUST04366,Sneha Verma,Male,52,Bhopal,Madhya Pradesh,R024,Standard,Organic,2025-12-30
CUST04367,Rohan Patil,Female,64,Pune,Maharashtra,R002,Standard,Organic,2023-12-30
CUST04368,Vivaan Patil,Male,30,Patna,Bihar,R014,Premium,Instagram,2024-07-23
CUST04369,Aditya Gupta,Male,31,Ahmedabad,Gujarat,R003,Standard,Organic,2025-02-01
CUST04370,Neha Singh,Male,47,Jaipur,Rajasthan,R005,Standard,Email,2023-10-03
CUST04371,Kavya Nair,Male,65,Patna,Bihar,R014,Standard,Email,2023-02-19
CUST04372,Pooja Deshmukh,Male,60,Ahmedabad,Gujarat,R003,Standard,Email,2024-12-28
CUST04373,Priya Gupta,Male,34,Visakhapatnam,Andhra Pradesh,R023,Standard,Google Ads,2025-06-24
CUST04374,Meera Shah,Female,54,New Delhi,Delhi,R007,Standard,Referral,2025-07-16
CUST04375,Rohan Mehta,Female,32,Mysuru,Karnataka,R018,Standard,Organic,2024-07-17
CUST04376,Sneha Kumar,Female,35,Bhubaneswar,Odisha,R013,Premium,Referral,2025-02-21
CUST04377,Meera Mhaske,Male,65,Visakhapatnam,Andhra Pradesh,R023,Standard,Email,2024-04-29
CUST04378,Vivaan Mhaske,Female,31,Vijayawada,Andhra Pradesh,R022,Standard,Instagram,2026-01-12
CUST04379,Pooja Deshmukh,Female,31,Lucknow,Uttar Pradesh,R010,Standard,Email,2024-08-06
CUST04380,Meera Singh,Male,62,Indore,Madhya Pradesh,R025,Standard,Organic,2023-08-24
CUST04381,Priya Nair,Female,50,Bhubaneswar,Odisha,R013,Standard,Referral,2023-02-25
CUST04382,Arjun Mehta,Female,55,Coimbatore,Tamil Nadu,R016,Standard,Referral,2023-12-26
CUST04383,Aditya Patil,Male,28,Amritsar,Punjab,R009,Standard,Google Ads,2023-04-20
CUST04384,Kavya Verma,Female,28,Pune,Maharashtra,R002,Standard,Instagram,2023-07-11
CUST04385,Neha Verma,Male,65,Visakhapatnam,Andhra Pradesh,R023,Standard,Email,2025-06-22
CUST04386,Isha Nair,Male,43,Jaipur,Rajasthan,R005,Premium,Instagram,2026-01-21
CUST04387,Rahul Kumar,Male,20,Vijayawada,Andhra Pradesh,R022,Standard,Organic,2025-05-11
CUST04388,Vivaan Nair,Female,42,Bengaluru,Karnataka,R017,Premium,Google Ads,2024-07-21
CUST04389,Ananya Mhaske,Male,34,Visakhapatnam,Andhra Pradesh,R023,Premium,Email,2025-12-19
CUST04390,Rohan Nair,Female,39,Vijayawada,Andhra Pradesh,R022,Premium,Organic,2024-10-11
CUST04391,Amit Verma,Female,46,Surat,Gujarat,R004,Standard,Instagram,2023-02-08
CUST04392,Pooja Sharma,Female,63,Bengaluru,Karnataka,R017,Premium,Google Ads,2025-12-08
CUST04393,Amit Nair,Male,43,Amritsar,Punjab,R009,Standard,Email,2024-09-28
CUST04394,Neha Sharma,Female,51,Kochi,Kerala,R020,Standard,Instagram,2025-11-02
CUST04395,Pooja Sharma,Female,43,Pune,Maharashtra,R002,Standard,Email,2023-02-05
CUST04396,Aarav Mehta,Male,26,Bhopal,Madhya Pradesh,R024,Corporate,Google Ads,2023-04-11
CUST04397,Amit Shah,Female,57,Mysuru,Karnataka,R018,Standard,Google Ads,2026-01-14
CUST04398,Neha Mhaske,Female,28,Thiruvananthapuram,Kerala,R021,Corporate,Instagram,2026-05-31
CUST04399,Karan Deshmukh,Female,24,Vijayawada,Andhra Pradesh,R022,Standard,Email,2023-06-15
CUST04400,Aditya Nair,Male,47,Noida,Uttar Pradesh,R011,Corporate,Referral,2024-01-18
CUST04401,Sneha Mhaske,Male,19,Bhubaneswar,Odisha,R013,Corporate,Organic,2025-02-28
CUST04402,Kavya Sharma,Male,47,Ludhiana,Punjab,R008,Corporate,Google Ads,2023-01-31
CUST04403,Vivaan Joshi,Male,21,Mumbai,Maharashtra,R001,Standard,Email,2023-01-11
CUST04404,Aditya Joshi,Female,31,Bengaluru,Karnataka,R017,Premium,Instagram,2023-04-06
CUST04405,Meera Gupta,Female,30,Kolkata,West Bengal,R012,Corporate,Instagram,2026-04-28
CUST04406,Priya Kumar,Female,42,Surat,Gujarat,R004,Standard,Google Ads,2024-03-28
CUST04407,Rahul Mhaske,Male,30,Thiruvananthapuram,Kerala,R021,Standard,Google Ads,2023-07-11
CUST04408,Neha Joshi,Female,30,Bhubaneswar,Odisha,R013,Premium,Referral,2024-04-30
CUST04409,Rahul Joshi,Male,54,Amritsar,Punjab,R009,Standard,Instagram,2026-02-25
CUST04410,Ananya Mehta,Female,61,New Delhi,Delhi,R007,Premium,Email,2023-08-26
CUST04411,Neha Gupta,Male,23,Visakhapatnam,Andhra Pradesh,R023,Standard,Organic,2026-02-09
CUST04412,Amit Shah,Male,43,Bhopal,Madhya Pradesh,R024,Standard,Organic,2026-03-14
CUST04413,Neha Sharma,Female,31,Jaipur,Rajasthan,R005,Standard,Referral,2025-12-24
CUST04414,Arjun Sharma,Male,25,Jaipur,Rajasthan,R005,Standard,Email,2026-06-24
CUST04415,Karan Mhaske,Male,41,Bengaluru,Karnataka,R017,Standard,Organic,2025-01-04
CUST04416,Vivaan Verma,Female,39,Amritsar,Punjab,R009,Premium,Organic,2025-09-17
CUST04417,Ananya Mhaske,Male,57,Udaipur,Rajasthan,R006,Standard,Email,2025-04-04
CUST04418,Ananya Gupta,Male,56,Indore,Madhya Pradesh,R025,Premium,Email,2023-04-16
CUST04419,Kavya Kumar,Male,38,Hyderabad,Telangana,R019,Premium,Google Ads,2023-06-30
CUST04420,Priya Kumar,Male,60,Coimbatore,Tamil Nadu,R016,Standard,Organic,2023-07-03
CUST04421,Ananya Joshi,Male,43,Thiruvananthapuram,Kerala,R021,Standard,Organic,2023-08-14
CUST04422,Karan Gupta,Female,27,Pune,Maharashtra,R002,Standard,Referral,2025-02-15
CUST04423,Priya Mehta,Male,30,Lucknow,Uttar Pradesh,R010,Standard,Google Ads,2025-02-28
CUST04424,Ananya Nair,Female,59,Coimbatore,Tamil Nadu,R016,Standard,Google Ads,2026-01-17
CUST04425,Meera Shah,Male,31,Jaipur,Rajasthan,R005,Standard,Organic,2024-11-18
CUST04426,Isha Singh,Male,26,Chennai,Tamil Nadu,R015,Corporate,Instagram,2024-06-13
CUST04427,Karan Sharma,Female,24,Bhubaneswar,Odisha,R013,Standard,Instagram,2025-08-29
CUST04428,Rohan Singh,Female,56,Bhubaneswar,Odisha,R013,Standard,Email,2025-07-24
CUST04429,Kavya Shah,Female,48,Bhubaneswar,Odisha,R013,Corporate,Google Ads,2023-04-16
CUST04430,Isha Gupta,Female,33,Chennai,Tamil Nadu,R015,Premium,Organic,2025-04-10
CUST04431,Arjun Sharma,Male,25,Patna,Bihar,R014,Premium,Organic,2024-11-09
CUST04432,Ananya Mehta,Male,65,Ludhiana,Punjab,R008,Premium,Organic,2025-04-28
CUST04433,Ananya Kumar,Female,32,Noida,Uttar Pradesh,R011,Standard,Referral,2025-11-21
CUST04434,Rohan Mhaske,Male,42,Mysuru,Karnataka,R018,Corporate,Instagram,2024-01-28
CUST04435,Sneha Mhaske,Male,64,Bhopal,Madhya Pradesh,R024,Corporate,Referral,2023-02-09
CUST04436,Sneha Singh,Male,55,Surat,Gujarat,R004,Standard,Organic,2024-10-21
CUST04437,Sneha Joshi,Female,58,Lucknow,Uttar Pradesh,R010,Standard,Organic,2026-05-26
CUST04438,Karan Gupta,Male,32,Mumbai,Maharashtra,R001,Standard,Google Ads,2025-09-07
CUST04439,Priya Singh,Male,42,Jaipur,Rajasthan,R005,Standard,Google Ads,2026-01-10
CUST04440,Meera Nair,Male,24,Bhubaneswar,Odisha,R013,Standard,Instagram,2025-04-24
CUST04441,Aarav Singh,Female,43,Mumbai,Maharashtra,R001,Premium,Email,2023-07-20
CUST04442,Neha Mehta,Male,25,Visakhapatnam,Andhra Pradesh,R023,Standard,Organic,2024-03-22
CUST04443,Arjun Mehta,Male,35,Ludhiana,Punjab,R008,Standard,Google Ads,2025-11-27
CUST04444,Isha Sharma,Female,38,Ahmedabad,Gujarat,R003,Standard,Instagram,2026-05-19
CUST04445,Pooja Shah,Female,33,Ahmedabad,Gujarat,R003,Premium,Referral,2024-03-19
CUST04446,Neha Verma,Female,64,New Delhi,Delhi,R007,Standard,Organic,2025-01-30
CUST04447,Vivaan Sharma,Female,20,Surat,Gujarat,R004,Standard,Email,2023-08-15
CUST04448,Aditya Joshi,Male,18,Ahmedabad,Gujarat,R003,Premium,Instagram,2023-02-17
CUST04449,Ananya Mehta,Male,30,Chennai,Tamil Nadu,R015,Standard,Email,2025-11-07
CUST04450,Meera Patil,Male,49,Ludhiana,Punjab,R008,Standard,Organic,2025-06-30
CUST04451,Kavya Deshmukh,Female,29,Ahmedabad,Gujarat,R003,Standard,Instagram,2023-07-06
CUST04452,Sneha Shah,Male,48,New Delhi,Delhi,R007,Premium,Google Ads,2023-12-11
CUST04453,Vivaan Gupta,Female,58,Mysuru,Karnataka,R018,Premium,Email,2023-08-12
CUST04454,Karan Nair,Female,19,Noida,Uttar Pradesh,R011,Standard,Referral,2025-04-09
CUST04455,Priya Kumar,Male,58,Noida,Uttar Pradesh,R011,Standard,Referral,2024-05-02
CUST04456,Aditya Patil,Male,25,Bengaluru,Karnataka,R017,Premium,Email,2025-05-26
CUST04457,Neha Mhaske,Male,42,Udaipur,Rajasthan,R006,Corporate,Organic,2025-04-28
CUST04458,Karan Patil,Male,22,Ludhiana,Punjab,R008,Premium,Organic,2026-06-06
CUST04459,Aditya Sharma,Male,62,Mumbai,Maharashtra,R001,Premium,Organic,2025-09-05
CUST04460,Pooja Shah,Female,19,Lucknow,Uttar Pradesh,R010,Standard,Referral,2025-10-13
CUST04461,Rohan Joshi,Male,59,Indore,Madhya Pradesh,R025,Premium,Referral,2023-07-07
CUST04462,Meera Verma,Male,55,Hyderabad,Telangana,R019,Corporate,Google Ads,2023-09-27
CUST04463,Aarav Mhaske,Male,56,Ahmedabad,Gujarat,R003,Premium,Organic,2023-11-06
CUST04464,Neha Gupta,Female,20,Surat,Gujarat,R004,Corporate,Referral,2026-03-01
CUST04465,Rohan Verma,Female,63,Noida,Uttar Pradesh,R011,Standard,Referral,2025-12-31
CUST04466,Aarav Gupta,Female,65,Chennai,Tamil Nadu,R015,Corporate,Organic,2025-04-24
CUST04467,Rahul Gupta,Female,55,Mumbai,Maharashtra,R001,Premium,Organic,2026-04-25
CUST04468,Meera Singh,Male,39,Amritsar,Punjab,R009,Premium,Referral,2024-04-30
CUST04469,Ananya Patil,Male,57,Noida,Uttar Pradesh,R011,Standard,Email,2026-04-29
CUST04470,Aarav Patil,Male,50,Hyderabad,Telangana,R019,Premium,Referral,2023-04-30
CUST04471,Isha Mehta,Male,49,Bhubaneswar,Odisha,R013,Premium,Google Ads,2023-08-08
CUST04472,Rohan Gupta,Female,64,Coimbatore,Tamil Nadu,R016,Standard,Instagram,2023-02-22
CUST04473,Meera Gupta,Male,34,Surat,Gujarat,R004,Premium,Organic,2026-06-14
CUST04474,Sneha Nair,Male,35,Mumbai,Maharashtra,R001,Premium,Google Ads,2025-01-27
CUST04475,Kavya Singh,Female,20,Kochi,Kerala,R020,Standard,Email,2025-01-07
CUST04476,Pooja Mehta,Female,23,Bhubaneswar,Odisha,R013,Standard,Instagram,2024-12-20
CUST04477,Amit Deshmukh,Female,30,Mumbai,Maharashtra,R001,Standard,Referral,2024-02-10
CUST04478,Amit Patil,Male,48,Jaipur,Rajasthan,R005,Standard,Organic,2024-08-30
CUST04479,Rohan Deshmukh,Female,34,Jaipur,Rajasthan,R005,Standard,Referral,2025-10-17
CUST04480,Amit Patil,Male,38,Patna,Bihar,R014,Standard,Google Ads,2024-02-26
CUST04481,Aditya Kumar,Male,33,Visakhapatnam,Andhra Pradesh,R023,Standard,Organic,2024-12-12
CUST04482,Ananya Deshmukh,Female,34,Patna,Bihar,R014,Standard,Referral,2023-09-04
CUST04483,Arjun Deshmukh,Female,49,Ludhiana,Punjab,R008,Standard,Organic,2023-03-13
CUST04484,Vivaan Shah,Male,18,Surat,Gujarat,R004,Premium,Google Ads,2023-07-04
CUST04485,Rahul Shah,Male,65,New Delhi,Delhi,R007,Standard,Referral,2023-01-06
CUST04486,Vivaan Shah,Male,55,Kochi,Kerala,R020,Premium,Instagram,2026-05-14
CUST04487,Aarav Gupta,Male,25,Hyderabad,Telangana,R019,Standard,Email,2025-06-24
CUST04488,Vivaan Joshi,Female,18,Chennai,Tamil Nadu,R015,Standard,Referral,2024-01-22
CUST04489,Karan Patil,Male,19,Vijayawada,Andhra Pradesh,R022,Standard,Organic,2024-11-29
CUST04490,Amit Verma,Female,64,Surat,Gujarat,R004,Premium,Referral,2026-01-04
CUST04491,Aarav Shah,Female,54,Hyderabad,Telangana,R019,Premium,Organic,2026-04-15
CUST04492,Kavya Mhaske,Female,41,Amritsar,Punjab,R009,Premium,Google Ads,2025-04-06
CUST04493,Ananya Nair,Male,44,Thiruvananthapuram,Kerala,R021,Standard,Email,2023-12-15
CUST04494,Aarav Gupta,Male,37,Bhubaneswar,Odisha,R013,Premium,Organic,2023-11-04
CUST04495,Kavya Kumar,Male,64,Patna,Bihar,R014,Standard,Referral,2026-02-24
CUST04496,Aarav Deshmukh,Male,38,Visakhapatnam,Andhra Pradesh,R023,Premium,Google Ads,2023-10-14
CUST04497,Aditya Gupta,Male,59,Patna,Bihar,R014,Standard,Instagram,2025-02-04
CUST04498,Neha Gupta,Female,54,Vijayawada,Andhra Pradesh,R022,Standard,Referral,2024-12-25
CUST04499,Neha Mehta,Male,52,Lucknow,Uttar Pradesh,R010,Standard,Email,2025-01-31
CUST04500,Karan Joshi,Female,55,Coimbatore,Tamil Nadu,R016,Premium,Google Ads,2024-01-18
CUST04501,Ananya Sharma,Male,32,Jaipur,Rajasthan,R005,Standard,Referral,2024-01-23
CUST04502,Arjun Deshmukh,Female,63,Visakhapatnam,Andhra Pradesh,R023,Standard,Organic,2024-06-08
CUST04503,Priya Kumar,Female,59,Udaipur,Rajasthan,R006,Standard,Organic,2024-09-30
CUST04504,Arjun Nair,Male,47,Pune,Maharashtra,R002,Corporate,Organic,2025-07-26
CUST04505,Meera Sharma,Female,21,Bhubaneswar,Odisha,R013,Standard,Referral,2023-10-03
CUST04506,Priya Verma,Female,60,Bhubaneswar,Odisha,R013,Premium,Email,2024-05-14
CUST04507,Kavya Mhaske,Female,56,Hyderabad,Telangana,R019,Corporate,Organic,2024-12-17
CUST04508,Rohan Shah,Female,32,Mysuru,Karnataka,R018,Corporate,Referral,2023-12-03
CUST04509,Rahul Gupta,Male,40,Hyderabad,Telangana,R019,Corporate,Referral,2025-07-20
CUST04510,Vivaan Nair,Male,58,Mumbai,Maharashtra,R001,Corporate,Email,2024-04-25
CUST04511,Aditya Shah,Male,32,Ludhiana,Punjab,R008,Standard,Google Ads,2025-06-29
CUST04512,Rohan Patil,Male,43,Vijayawada,Andhra Pradesh,R022,Standard,Google Ads,2025-12-17
CUST04513,Kavya Verma,Female,29,Coimbatore,Tamil Nadu,R016,Premium,Referral,2023-04-19
CUST04514,Vivaan Deshmukh,Female,35,Pune,Maharashtra,R002,Standard,Google Ads,2023-11-24
CUST04515,Aditya Mehta,Male,23,Ludhiana,Punjab,R008,Standard,Instagram,2023-11-11
CUST04516,Priya Singh,Female,35,Udaipur,Rajasthan,R006,Premium,Email,2026-02-08
CUST04517,Kavya Sharma,Female,41,Coimbatore,Tamil Nadu,R016,Standard,Referral,2024-11-29
CUST04518,Isha Shah,Male,55,Visakhapatnam,Andhra Pradesh,R023,Premium,Google Ads,2025-02-19
CUST04519,Pooja Mehta,Male,45,Noida,Uttar Pradesh,R011,Premium,Google Ads,2026-06-06
CUST04520,Aditya Kumar,Male,32,Bengaluru,Karnataka,R017,Standard,Email,2023-06-05
CUST04521,Rahul Kumar,Female,36,Visakhapatnam,Andhra Pradesh,R023,Standard,Organic,2025-06-05
CUST04522,Meera Patil,Female,22,Hyderabad,Telangana,R019,Standard,Google Ads,2025-10-22
CUST04523,Amit Deshmukh,Male,21,Noida,Uttar Pradesh,R011,Corporate,Email,2025-01-27
CUST04524,Amit Mhaske,Male,34,Ludhiana,Punjab,R008,Standard,Organic,2024-12-22
CUST04525,Amit Kumar,Female,27,Vijayawada,Andhra Pradesh,R022,Standard,Referral,2025-07-01
CUST04526,Pooja Sharma,Female,29,Surat,Gujarat,R004,Premium,Organic,2025-05-20
CUST04527,Isha Mhaske,Female,22,Noida,Uttar Pradesh,R011,Standard,Google Ads,2023-01-13
CUST04528,Rahul Nair,Female,24,Ludhiana,Punjab,R008,Standard,Referral,2024-08-30
CUST04529,Rohan Mhaske,Male,61,Amritsar,Punjab,R009,Standard,Referral,2024-05-12
CUST04530,Kavya Verma,Male,40,Pune,Maharashtra,R002,Standard,Organic,2023-08-26
CUST04531,Rahul Mhaske,Male,19,Coimbatore,Tamil Nadu,R016,Standard,Referral,2026-01-22
CUST04532,Meera Verma,Female,47,Udaipur,Rajasthan,R006,Premium,Organic,2025-02-19
CUST04533,Rahul Patil,Male,62,Thiruvananthapuram,Kerala,R021,Standard,Organic,2026-04-09
CUST04534,Priya Deshmukh,Female,54,Thiruvananthapuram,Kerala,R021,Standard,Organic,2024-08-28
CUST04535,Priya Kumar,Male,22,Hyderabad,Telangana,R019,Standard,Email,2024-10-22
CUST04536,Sneha Singh,Female,37,Ludhiana,Punjab,R008,Standard,Google Ads,2025-04-28
CUST04537,Priya Shah,Male,43,Patna,Bihar,R014,Corporate,Referral,2025-07-24
CUST04538,Aditya Shah,Male,61,Bhopal,Madhya Pradesh,R024,Standard,Instagram,2024-09-19
CUST04539,Vivaan Joshi,Female,61,Coimbatore,Tamil Nadu,R016,Corporate,Google Ads,2023-05-23
CUST04540,Karan Mehta,Male,56,Kolkata,West Bengal,R012,Standard,Instagram,2026-05-09
CUST04541,Aarav Singh,Female,23,Jaipur,Rajasthan,R005,Premium,Organic,2026-04-18
CUST04542,Amit Deshmukh,Female,46,Bhopal,Madhya Pradesh,R024,Standard,Referral,2024-12-14
CUST04543,Sneha Mhaske,Male,27,Bhopal,Madhya Pradesh,R024,Standard,Google Ads,2024-04-23
CUST04544,Vivaan Gupta,Female,33,Hyderabad,Telangana,R019,Standard,Instagram,2024-07-18
CUST04545,Isha Mehta,Female,51,Mysuru,Karnataka,R018,Premium,Instagram,2024-04-15
CUST04546,Aarav Singh,Male,48,Amritsar,Punjab,R009,Standard,Instagram,2024-01-19
CUST04547,Neha Mehta,Female,53,Pune,Maharashtra,R002,Standard,Google Ads,2025-07-14
CUST04548,Kavya Deshmukh,Male,58,Indore,Madhya Pradesh,R025,Premium,Email,2024-02-21
CUST04549,Amit Shah,Male,22,Kochi,Kerala,R020,Standard,Organic,2023-11-04
CUST04550,Amit Kumar,Female,50,Kolkata,West Bengal,R012,Standard,Referral,2024-10-10
CUST04551,Priya Patil,Male,60,Pune,Maharashtra,R002,Premium,Instagram,2025-10-21
CUST04552,Pooja Singh,Male,36,Lucknow,Uttar Pradesh,R010,Standard,Google Ads,2025-12-03
CUST04553,Rahul Gupta,Male,49,Mumbai,Maharashtra,R001,Premium,Instagram,2025-01-08
CUST04554,Isha Mhaske,Male,40,Surat,Gujarat,R004,Standard,Google Ads,2026-01-26
CUST04555,Aditya Singh,Female,20,Indore,Madhya Pradesh,R025,Standard,Email,2023-05-20
CUST04556,Sneha Mehta,Female,18,Kolkata,West Bengal,R012,Standard,Instagram,2026-06-14
CUST04557,Isha Mehta,Female,53,Amritsar,Punjab,R009,Corporate,Instagram,2025-08-31
CUST04558,Amit Sharma,Female,58,Surat,Gujarat,R004,Corporate,Referral,2025-10-13
CUST04559,Pooja Mhaske,Male,45,Amritsar,Punjab,R009,Corporate,Google Ads,2025-08-10
CUST04560,Sneha Sharma,Male,65,Udaipur,Rajasthan,R006,Standard,Google Ads,2025-06-22
CUST04561,Priya Mhaske,Male,56,Mumbai,Maharashtra,R001,Premium,Email,2023-03-13
CUST04562,Rahul Deshmukh,Female,22,Lucknow,Uttar Pradesh,R010,Standard,Instagram,2026-04-28
CUST04563,Aditya Mehta,Male,30,Patna,Bihar,R014,Standard,Referral,2023-04-17
CUST04564,Pooja Mehta,Male,28,Vijayawada,Andhra Pradesh,R022,Premium,Organic,2026-06-09
CUST04565,Neha Sharma,Female,63,Indore,Madhya Pradesh,R025,Standard,Referral,2025-12-01
CUST04566,Rohan Deshmukh,Female,39,Mysuru,Karnataka,R018,Standard,Referral,2025-06-01
CUST04567,Sneha Gupta,Male,40,Udaipur,Rajasthan,R006,Standard,Referral,2023-05-19
CUST04568,Ananya Mehta,Male,29,Mysuru,Karnataka,R018,Premium,Referral,2024-09-06
CUST04569,Vivaan Gupta,Female,38,Kochi,Kerala,R020,Standard,Instagram,2025-05-12
CUST04570,Aarav Deshmukh,Female,36,Coimbatore,Tamil Nadu,R016,Standard,Referral,2023-09-30
CUST04571,Priya Mehta,Male,22,Chennai,Tamil Nadu,R015,Corporate,Google Ads,2024-02-20
CUST04572,Neha Singh,Male,41,Coimbatore,Tamil Nadu,R016,Standard,Google Ads,2024-05-20
CUST04573,Ananya Deshmukh,Female,47,Ludhiana,Punjab,R008,Standard,Referral,2025-01-02
CUST04574,Pooja Mhaske,Female,25,Bhubaneswar,Odisha,R013,Premium,Google Ads,2024-02-28
CUST04575,Kavya Verma,Female,19,Visakhapatnam,Andhra Pradesh,R023,Premium,Instagram,2024-01-25
CUST04576,Isha Singh,Male,51,Noida,Uttar Pradesh,R011,Standard,Organic,2023-12-08
CUST04577,Arjun Sharma,Female,40,Indore,Madhya Pradesh,R025,Premium,Referral,2025-08-03
CUST04578,Amit Gupta,Male,20,New Delhi,Delhi,R007,Standard,Google Ads,2024-09-05
CUST04579,Pooja Kumar,Male,41,Bengaluru,Karnataka,R017,Standard,Google Ads,2024-05-07
CUST04580,Neha Gupta,Female,35,Mysuru,Karnataka,R018,Standard,Instagram,2023-07-11
CUST04581,Karan Sharma,Male,64,Vijayawada,Andhra Pradesh,R022,Standard,Instagram,2024-05-13
CUST04582,Aarav Joshi,Female,54,Visakhapatnam,Andhra Pradesh,R023,Standard,Organic,2025-04-01
CUST04583,Kavya Singh,Male,48,Hyderabad,Telangana,R019,Corporate,Email,2026-06-10
CUST04584,Rahul Gupta,Female,31,Indore,Madhya Pradesh,R025,Premium,Email,2023-08-15
CUST04585,Pooja Deshmukh,Male,18,Bhubaneswar,Odisha,R013,Corporate,Email,2023-05-19
CUST04586,Aarav Kumar,Female,31,Chennai,Tamil Nadu,R015,Premium,Organic,2025-05-05
CUST04587,Vivaan Joshi,Male,58,Visakhapatnam,Andhra Pradesh,R023,Standard,Referral,2025-03-27
CUST04588,Rohan Mehta,Female,22,Vijayawada,Andhra Pradesh,R022,Standard,Email,2026-03-18
CUST04589,Vivaan Nair,Female,48,Vijayawada,Andhra Pradesh,R022,Corporate,Email,2026-02-12
CUST04590,Isha Mhaske,Male,48,Mumbai,Maharashtra,R001,Premium,Google Ads,2025-12-22
CUST04591,Arjun Joshi,Male,47,Coimbatore,Tamil Nadu,R016,Corporate,Google Ads,2023-04-14
CUST04592,Karan Shah,Male,53,Jaipur,Rajasthan,R005,Standard,Referral,2025-05-20
CUST04593,Vivaan Kumar,Female,18,Ahmedabad,Gujarat,R003,Standard,Instagram,2024-10-29
CUST04594,Ananya Deshmukh,Male,20,Visakhapatnam,Andhra Pradesh,R023,Standard,Organic,2023-09-30
CUST04595,Amit Sharma,Male,37,Lucknow,Uttar Pradesh,R010,Standard,Email,2025-10-26
CUST04596,Rohan Kumar,Male,60,Hyderabad,Telangana,R019,Standard,Organic,2026-03-16
CUST04597,Rahul Nair,Female,65,Jaipur,Rajasthan,R005,Standard,Google Ads,2023-07-03
CUST04598,Kavya Patil,Male,60,New Delhi,Delhi,R007,Premium,Organic,2025-11-17
CUST04599,Kavya Gupta,Male,38,Patna,Bihar,R014,Standard,Google Ads,2026-02-16
CUST04600,Karan Patil,Female,47,Ahmedabad,Gujarat,R003,Standard,Organic,2023-10-20
CUST04601,Aarav Verma,Female,59,Bhubaneswar,Odisha,R013,Premium,Google Ads,2026-06-21
CUST04602,Arjun Deshmukh,Male,61,Bhubaneswar,Odisha,R013,Standard,Organic,2026-05-26
CUST04603,Aditya Verma,Female,47,Lucknow,Uttar Pradesh,R010,Standard,Email,2023-06-26
CUST04604,Aditya Patil,Female,22,Pune,Maharashtra,R002,Standard,Email,2023-02-27
CUST04605,Arjun Kumar,Male,27,Udaipur,Rajasthan,R006,Corporate,Referral,2023-11-04
CUST04606,Aarav Kumar,Male,41,Ludhiana,Punjab,R008,Standard,Organic,2025-09-03
CUST04607,Karan Mhaske,Female,62,Surat,Gujarat,R004,Corporate,Instagram,2026-02-02
CUST04608,Pooja Mehta,Male,56,Indore,Madhya Pradesh,R025,Standard,Referral,2026-06-05
CUST04609,Priya Nair,Male,65,Kolkata,West Bengal,R012,Standard,Organic,2026-06-24
CUST04610,Sneha Singh,Male,23,Chennai,Tamil Nadu,R015,Standard,Instagram,2024-11-30
CUST04611,Isha Verma,Female,27,Ludhiana,Punjab,R008,Standard,Email,2023-03-24
CUST04612,Isha Sharma,Female,59,New Delhi,Delhi,R007,Standard,Email,2026-04-24
CUST04613,Pooja Sharma,Female,60,Patna,Bihar,R014,Premium,Email,2023-09-09
CUST04614,Rahul Nair,Male,27,Visakhapatnam,Andhra Pradesh,R023,Standard,Instagram,2025-03-06
CUST04615,Meera Kumar,Female,42,Hyderabad,Telangana,R019,Premium,Google Ads,2025-06-15
CUST04616,Aarav Patil,Female,31,Patna,Bihar,R014,Premium,Organic,2023-07-29
CUST04617,Amit Kumar,Male,64,Vijayawada,Andhra Pradesh,R022,Premium,Referral,2025-03-26
CUST04618,Sneha Mhaske,Female,56,Bhubaneswar,Odisha,R013,Standard,Referral,2024-08-31
CUST04619,Ananya Nair,Male,30,Thiruvananthapuram,Kerala,R021,Corporate,Email,2024-03-22
CUST04620,Isha Kumar,Female,28,Mumbai,Maharashtra,R001,Standard,Google Ads,2024-04-04
CUST04621,Aarav Deshmukh,Male,56,Hyderabad,Telangana,R019,Standard,Organic,2025-08-25
CUST04622,Sneha Patil,Male,28,Mumbai,Maharashtra,R001,Premium,Organic,2024-04-16
CUST04623,Pooja Patil,Female,63,Surat,Gujarat,R004,Standard,Referral,2024-01-05
CUST04624,Arjun Nair,Female,33,Lucknow,Uttar Pradesh,R010,Premium,Referral,2025-06-18
CUST04625,Meera Mehta,Male,50,Ahmedabad,Gujarat,R003,Standard,Referral,2025-07-11
CUST04626,Aditya Verma,Male,58,Kochi,Kerala,R020,Standard,Organic,2023-05-17
CUST04627,Rohan Joshi,Male,58,Amritsar,Punjab,R009,Standard,Referral,2024-01-02
CUST04628,Rahul Patil,Female,49,Ahmedabad,Gujarat,R003,Standard,Organic,2025-06-30
CUST04629,Aditya Mehta,Female,27,Udaipur,Rajasthan,R006,Standard,Email,2023-07-03
CUST04630,Ananya Mhaske,Male,32,Udaipur,Rajasthan,R006,Standard,Google Ads,2024-04-16
CUST04631,Pooja Gupta,Male,33,Visakhapatnam,Andhra Pradesh,R023,Premium,Referral,2024-10-15
CUST04632,Sneha Shah,Female,60,Indore,Madhya Pradesh,R025,Premium,Organic,2025-01-18
CUST04633,Sneha Gupta,Male,44,Kolkata,West Bengal,R012,Premium,Email,2024-06-20
CUST04634,Arjun Kumar,Male,62,Visakhapatnam,Andhra Pradesh,R023,Premium,Instagram,2025-03-12
CUST04635,Rohan Singh,Male,49,Mumbai,Maharashtra,R001,Standard,Email,2026-06-27
CUST04636,Aarav Singh,Male,23,Coimbatore,Tamil Nadu,R016,Premium,Google Ads,2025-07-08
CUST04637,Aditya Singh,Female,64,Bhopal,Madhya Pradesh,R024,Standard,Email,2024-05-24
CUST04638,Priya Shah,Female,65,Jaipur,Rajasthan,R005,Standard,Referral,2024-09-21
CUST04639,Isha Singh,Female,53,Amritsar,Punjab,R009,Premium,Referral,2025-09-28
CUST04640,Vivaan Sharma,Male,25,Lucknow,Uttar Pradesh,R010,Standard,Instagram,2026-01-01
CUST04641,Ananya Mhaske,Female,42,Bhubaneswar,Odisha,R013,Premium,Organic,2025-07-04
CUST04642,Rahul Verma,Male,24,Chennai,Tamil Nadu,R015,Standard,Email,2025-10-30
CUST04643,Amit Verma,Male,34,Kolkata,West Bengal,R012,Standard,Instagram,2026-05-19
CUST04644,Karan Joshi,Female,65,Jaipur,Rajasthan,R005,Standard,Referral,2023-06-01
CUST04645,Priya Deshmukh,Male,47,Jaipur,Rajasthan,R005,Standard,Organic,2025-10-25
CUST04646,Aarav Gupta,Male,19,Mysuru,Karnataka,R018,Corporate,Organic,2026-05-03
CUST04647,Isha Verma,Female,34,Kolkata,West Bengal,R012,Corporate,Google Ads,2024-04-08
CUST04648,Rohan Sharma,Male,21,Ahmedabad,Gujarat,R003,Standard,Referral,2026-02-10
CUST04649,Rohan Sharma,Female,43,Indore,Madhya Pradesh,R025,Standard,Organic,2023-09-28
CUST04650,Pooja Sharma,Female,31,New Delhi,Delhi,R007,Standard,Google Ads,2026-04-01
CUST04651,Karan Patil,Male,25,Bengaluru,Karnataka,R017,Premium,Google Ads,2024-04-04
CUST04652,Priya Singh,Male,22,Hyderabad,Telangana,R019,Standard,Referral,2023-04-15
CUST04653,Meera Singh,Male,22,Mysuru,Karnataka,R018,Corporate,Organic,2023-06-11
CUST04654,Rohan Kumar,Male,22,Mumbai,Maharashtra,R001,Premium,Organic,2023-12-17
CUST04655,Arjun Mhaske,Male,44,Indore,Madhya Pradesh,R025,Corporate,Email,2024-03-09
CUST04656,Rohan Verma,Female,22,Bhopal,Madhya Pradesh,R024,Standard,Organic,2025-05-01
CUST04657,Vivaan Singh,Male,20,Jaipur,Rajasthan,R005,Premium,Google Ads,2023-05-20
CUST04658,Priya Gupta,Male,55,Pune,Maharashtra,R002,Premium,Instagram,2026-03-01
CUST04659,Ananya Deshmukh,Male,47,Mumbai,Maharashtra,R001,Premium,Referral,2023-03-28
CUST04660,Ananya Singh,Female,18,New Delhi,Delhi,R007,Premium,Instagram,2023-07-02
CUST04661,Pooja Mhaske,Female,25,Noida,Uttar Pradesh,R011,Premium,Organic,2024-01-03
CUST04662,Ananya Gupta,Male,30,Noida,Uttar Pradesh,R011,Premium,Google Ads,2023-05-09
CUST04663,Kavya Mehta,Female,37,Mysuru,Karnataka,R018,Corporate,Instagram,2026-06-23
CUST04664,Karan Deshmukh,Female,23,Bengaluru,Karnataka,R017,Corporate,Referral,2024-10-31
CUST04665,Karan Mhaske,Male,65,Pune,Maharashtra,R002,Premium,Email,2023-05-29
CUST04666,Neha Mhaske,Male,25,New Delhi,Delhi,R007,Standard,Instagram,2025-09-11
CUST04667,Karan Mehta,Male,47,New Delhi,Delhi,R007,Standard,Email,2025-05-01
CUST04668,Neha Joshi,Female,57,Lucknow,Uttar Pradesh,R010,Premium,Organic,2024-09-19
CUST04669,Arjun Mehta,Male,32,Vijayawada,Andhra Pradesh,R022,Standard,Organic,2024-03-21
CUST04670,Kavya Deshmukh,Female,27,Thiruvananthapuram,Kerala,R021,Standard,Referral,2025-06-02
CUST04671,Aditya Mhaske,Female,50,Ahmedabad,Gujarat,R003,Standard,Email,2023-10-21
CUST04672,Vivaan Mehta,Female,26,Kolkata,West Bengal,R012,Premium,Email,2026-03-12
CUST04673,Kavya Mhaske,Male,50,Ahmedabad,Gujarat,R003,Standard,Referral,2023-09-07
CUST04674,Aarav Verma,Male,26,Noida,Uttar Pradesh,R011,Standard,Instagram,2025-05-27
CUST04675,Karan Gupta,Male,31,Kolkata,West Bengal,R012,Standard,Referral,2025-08-05
CUST04676,Vivaan Mhaske,Male,49,Indore,Madhya Pradesh,R025,Premium,Organic,2025-09-01
CUST04677,Aarav Patil,Female,54,Surat,Gujarat,R004,Corporate,Email,2025-11-14
CUST04678,Aarav Patil,Male,23,Indore,Madhya Pradesh,R025,Standard,Google Ads,2025-02-27
CUST04679,Aditya Sharma,Male,22,Coimbatore,Tamil Nadu,R016,Standard,Google Ads,2025-09-10
CUST04680,Ananya Deshmukh,Male,21,Kochi,Kerala,R020,Premium,Organic,2025-06-07
CUST04681,Priya Gupta,Male,65,Mysuru,Karnataka,R018,Premium,Email,2025-06-08
CUST04682,Meera Kumar,Female,33,Surat,Gujarat,R004,Premium,Email,2023-03-11
CUST04683,Rahul Kumar,Female,27,Vijayawada,Andhra Pradesh,R022,Premium,Referral,2024-09-16
CUST04684,Amit Nair,Female,48,Udaipur,Rajasthan,R006,Corporate,Instagram,2025-05-24
CUST04685,Arjun Joshi,Male,48,Thiruvananthapuram,Kerala,R021,Standard,Referral,2026-02-09
CUST04686,Rohan Mhaske,Female,31,Chennai,Tamil Nadu,R015,Standard,Google Ads,2024-04-15
CUST04687,Neha Nair,Female,30,Mumbai,Maharashtra,R001,Premium,Email,2023-04-01
CUST04688,Priya Deshmukh,Male,21,Ahmedabad,Gujarat,R003,Premium,Instagram,2024-06-13
CUST04689,Pooja Gupta,Male,63,Jaipur,Rajasthan,R005,Premium,Referral,2024-10-22
CUST04690,Karan Joshi,Female,43,Vijayawada,Andhra Pradesh,R022,Corporate,Instagram,2025-01-08
CUST04691,Neha Joshi,Female,41,Bengaluru,Karnataka,R017,Premium,Google Ads,2024-12-26
CUST04692,Arjun Verma,Female,26,Patna,Bihar,R014,Premium,Instagram,2025-05-21
CUST04693,Ananya Kumar,Male,52,Amritsar,Punjab,R009,Standard,Email,2023-07-11
CUST04694,Rohan Deshmukh,Male,59,Ahmedabad,Gujarat,R003,Standard,Instagram,2026-06-19
CUST04695,Pooja Mehta,Female,32,Bhubaneswar,Odisha,R013,Premium,Instagram,2023-05-18
CUST04696,Pooja Joshi,Female,41,Ahmedabad,Gujarat,R003,Standard,Referral,2023-12-11
CUST04697,Amit Verma,Male,48,Noida,Uttar Pradesh,R011,Standard,Instagram,2026-04-18
CUST04698,Aditya Kumar,Female,36,Pune,Maharashtra,R002,Corporate,Instagram,2025-10-05
CUST04699,Amit Verma,Male,19,Bhopal,Madhya Pradesh,R024,Corporate,Google Ads,2024-05-17
CUST04700,Isha Verma,Female,19,Chennai,Tamil Nadu,R015,Standard,Instagram,2023-07-22
CUST04701,Aarav Shah,Female,58,Bhubaneswar,Odisha,R013,Premium,Referral,2024-07-26
CUST04702,Amit Sharma,Female,53,Hyderabad,Telangana,R019,Standard,Referral,2023-07-11
CUST04703,Priya Mehta,Male,54,Vijayawada,Andhra Pradesh,R022,Standard,Email,2023-01-05
CUST04704,Arjun Shah,Male,51,Coimbatore,Tamil Nadu,R016,Premium,Google Ads,2026-06-14
CUST04705,Pooja Mhaske,Female,56,Mysuru,Karnataka,R018,Premium,Organic,2023-11-07
CUST04706,Ananya Mhaske,Female,36,New Delhi,Delhi,R007,Standard,Email,2024-07-02
CUST04707,Sneha Sharma,Male,55,Bhubaneswar,Odisha,R013,Standard,Instagram,2023-02-25
CUST04708,Arjun Sharma,Female,40,Surat,Gujarat,R004,Standard,Google Ads,2024-03-18
CUST04709,Pooja Kumar,Male,33,Amritsar,Punjab,R009,Corporate,Email,2026-06-14
CUST04710,Kavya Sharma,Male,63,Lucknow,Uttar Pradesh,R010,Premium,Referral,2025-05-19
CUST04711,Sneha Singh,Male,61,Amritsar,Punjab,R009,Standard,Google Ads,2026-05-05
CUST04712,Amit Mehta,Male,23,New Delhi,Delhi,R007,Standard,Google Ads,2024-08-07
CUST04713,Pooja Nair,Male,43,Chennai,Tamil Nadu,R015,Premium,Instagram,2025-01-21
CUST04714,Vivaan Verma,Female,39,Ludhiana,Punjab,R008,Premium,Google Ads,2023-12-26
CUST04715,Ananya Mhaske,Male,62,Hyderabad,Telangana,R019,Premium,Google Ads,2025-03-29
CUST04716,Isha Deshmukh,Male,64,Noida,Uttar Pradesh,R011,Standard,Organic,2023-01-30
CUST04717,Pooja Joshi,Female,41,Jaipur,Rajasthan,R005,Corporate,Instagram,2023-04-18
CUST04718,Vivaan Shah,Female,63,Pune,Maharashtra,R002,Standard,Google Ads,2025-04-23
CUST04719,Sneha Singh,Female,57,Lucknow,Uttar Pradesh,R010,Standard,Google Ads,2024-12-17
CUST04720,Neha Nair,Male,38,Coimbatore,Tamil Nadu,R016,Standard,Organic,2025-06-09
CUST04721,Aditya Shah,Female,47,Visakhapatnam,Andhra Pradesh,R023,Standard,Organic,2025-08-17
CUST04722,Rohan Mhaske,Male,28,Bhubaneswar,Odisha,R013,Corporate,Referral,2025-06-11
CUST04723,Aditya Verma,Male,26,Ludhiana,Punjab,R008,Premium,Instagram,2025-01-01
CUST04724,Neha Shah,Male,29,Amritsar,Punjab,R009,Standard,Organic,2024-08-28
CUST04725,Isha Kumar,Male,43,Noida,Uttar Pradesh,R011,Standard,Google Ads,2024-04-01
CUST04726,Aarav Nair,Male,55,Noida,Uttar Pradesh,R011,Standard,Organic,2024-09-06
CUST04727,Ananya Sharma,Female,20,Visakhapatnam,Andhra Pradesh,R023,Standard,Email,2024-11-28
CUST04728,Amit Mhaske,Male,50,Coimbatore,Tamil Nadu,R016,Premium,Referral,2024-11-04
CUST04729,Pooja Shah,Female,32,Lucknow,Uttar Pradesh,R010,Premium,Referral,2026-06-24
CUST04730,Amit Deshmukh,Male,64,Bhopal,Madhya Pradesh,R024,Standard,Instagram,2024-06-26
CUST04731,Aditya Mhaske,Male,22,Kolkata,West Bengal,R012,Standard,Referral,2025-05-06
CUST04732,Vivaan Mehta,Male,41,Indore,Madhya Pradesh,R025,Standard,Instagram,2025-06-15
CUST04733,Aarav Deshmukh,Female,28,Udaipur,Rajasthan,R006,Corporate,Email,2023-10-05
CUST04734,Rohan Singh,Female,50,Kolkata,West Bengal,R012,Standard,Google Ads,2024-07-05
CUST04735,Karan Shah,Female,40,Lucknow,Uttar Pradesh,R010,Standard,Email,2023-04-21
CUST04736,Rahul Deshmukh,Female,27,Mysuru,Karnataka,R018,Standard,Instagram,2024-01-20
CUST04737,Kavya Shah,Female,60,Mysuru,Karnataka,R018,Standard,Instagram,2025-01-30
CUST04738,Rahul Patil,Female,45,Surat,Gujarat,R004,Standard,Instagram,2026-04-29
CUST04739,Rohan Deshmukh,Female,56,Amritsar,Punjab,R009,Premium,Google Ads,2024-11-24
CUST04740,Aditya Mehta,Male,34,New Delhi,Delhi,R007,Corporate,Instagram,2024-02-09
CUST04741,Meera Verma,Male,61,Mysuru,Karnataka,R018,Standard,Email,2026-05-17
CUST04742,Priya Shah,Male,43,Ludhiana,Punjab,R008,Standard,Google Ads,2023-01-22
CUST04743,Karan Singh,Male,42,Noida,Uttar Pradesh,R011,Premium,Email,2024-11-08
CUST04744,Isha Joshi,Male,53,New Delhi,Delhi,R007,Premium,Google Ads,2024-09-02
CUST04745,Amit Verma,Male,29,Amritsar,Punjab,R009,Standard,Instagram,2026-05-16
CUST04746,Kavya Nair,Male,20,Ludhiana,Punjab,R008,Premium,Google Ads,2023-01-08
CUST04747,Meera Singh,Male,46,Ahmedabad,Gujarat,R003,Premium,Organic,2024-12-02
CUST04748,Sneha Deshmukh,Female,61,Bengaluru,Karnataka,R017,Standard,Email,2024-06-12
CUST04749,Aditya Kumar,Male,41,Pune,Maharashtra,R002,Standard,Organic,2024-08-24
CUST04750,Amit Verma,Male,36,Chennai,Tamil Nadu,R015,Premium,Organic,2024-10-18
CUST04751,Priya Mhaske,Female,30,Patna,Bihar,R014,Premium,Instagram,2023-06-15
CUST04752,Pooja Joshi,Male,33,Mysuru,Karnataka,R018,Standard,Instagram,2025-04-28
CUST04753,Priya Deshmukh,Male,57,Coimbatore,Tamil Nadu,R016,Standard,Organic,2024-05-10
CUST04754,Sneha Mehta,Male,44,Kochi,Kerala,R020,Standard,Google Ads,2024-08-12
CUST04755,Aditya Mehta,Male,23,Vijayawada,Andhra Pradesh,R022,Premium,Instagram,2024-03-04
CUST04756,Neha Kumar,Male,59,Surat,Gujarat,R004,Standard,Email,2025-02-12
CUST04757,Sneha Mhaske,Male,27,Indore,Madhya Pradesh,R025,Standard,Organic,2023-06-12
CUST04758,Kavya Kumar,Male,55,Kochi,Kerala,R020,Premium,Email,2024-01-01
CUST04759,Sneha Verma,Female,25,Udaipur,Rajasthan,R006,Standard,Email,2026-06-16
CUST04760,Rohan Nair,Female,35,Udaipur,Rajasthan,R006,Premium,Email,2023-03-13
CUST04761,Priya Patil,Female,49,Noida,Uttar Pradesh,R011,Standard,Organic,2024-10-16
CUST04762,Karan Deshmukh,Male,34,Bengaluru,Karnataka,R017,Standard,Referral,2023-09-26
CUST04763,Amit Kumar,Male,59,Bhopal,Madhya Pradesh,R024,Standard,Instagram,2024-02-19
CUST04764,Amit Shah,Female,19,Ahmedabad,Gujarat,R003,Corporate,Email,2026-06-22
CUST04765,Priya Verma,Male,61,Bhubaneswar,Odisha,R013,Premium,Organic,2025-10-12
CUST04766,Aarav Mhaske,Female,37,Vijayawada,Andhra Pradesh,R022,Standard,Referral,2024-11-05
CUST04767,Amit Shah,Male,27,Ahmedabad,Gujarat,R003,Corporate,Organic,2025-12-19
CUST04768,Ananya Joshi,Female,26,Coimbatore,Tamil Nadu,R016,Premium,Instagram,2023-01-06
CUST04769,Ananya Mhaske,Male,65,Chennai,Tamil Nadu,R015,Standard,Organic,2025-09-08
CUST04770,Aarav Mehta,Male,56,Noida,Uttar Pradesh,R011,Standard,Google Ads,2024-07-23
CUST04771,Neha Nair,Female,58,Mysuru,Karnataka,R018,Standard,Google Ads,2024-02-11
CUST04772,Rohan Nair,Female,42,Chennai,Tamil Nadu,R015,Premium,Email,2026-05-25
CUST04773,Amit Sharma,Male,42,Jaipur,Rajasthan,R005,Premium,Organic,2023-01-26
CUST04774,Aarav Verma,Female,41,Coimbatore,Tamil Nadu,R016,Standard,Organic,2025-10-25
CUST04775,Amit Shah,Male,23,Coimbatore,Tamil Nadu,R016,Standard,Email,2025-09-12
CUST04776,Kavya Shah,Male,47,Bengaluru,Karnataka,R017,Standard,Email,2024-01-25
CUST04777,Karan Mehta,Female,27,Amritsar,Punjab,R009,Standard,Referral,2024-12-10
CUST04778,Neha Sharma,Female,56,Visakhapatnam,Andhra Pradesh,R023,Standard,Organic,2024-07-24
CUST04779,Arjun Verma,Female,48,Ahmedabad,Gujarat,R003,Standard,Instagram,2025-01-23
CUST04780,Aditya Joshi,Male,35,Kochi,Kerala,R020,Standard,Instagram,2023-05-26
CUST04781,Aarav Deshmukh,Male,60,Bhubaneswar,Odisha,R013,Corporate,Instagram,2025-02-23
CUST04782,Isha Kumar,Female,50,Vijayawada,Andhra Pradesh,R022,Standard,Email,2026-06-26
CUST04783,Vivaan Patil,Male,36,Ahmedabad,Gujarat,R003,Standard,Email,2024-06-09
CUST04784,Karan Shah,Male,40,New Delhi,Delhi,R007,Standard,Email,2023-01-13
CUST04785,Pooja Sharma,Male,22,Udaipur,Rajasthan,R006,Standard,Instagram,2025-06-21
CUST04786,Isha Joshi,Male,43,Amritsar,Punjab,R009,Premium,Referral,2024-01-19
CUST04787,Neha Nair,Male,46,Kolkata,West Bengal,R012,Premium,Google Ads,2024-07-09
CUST04788,Kavya Mhaske,Male,41,Chennai,Tamil Nadu,R015,Standard,Organic,2025-06-05
CUST04789,Amit Singh,Female,23,Thiruvananthapuram,Kerala,R021,Standard,Google Ads,2023-01-19
CUST04790,Kavya Joshi,Female,56,Kochi,Kerala,R020,Standard,Organic,2024-07-28
CUST04791,Amit Mehta,Male,21,Ahmedabad,Gujarat,R003,Standard,Email,2025-01-20
CUST04792,Aarav Mhaske,Male,65,Lucknow,Uttar Pradesh,R010,Premium,Instagram,2025-09-30
CUST04793,Meera Mehta,Male,59,Mumbai,Maharashtra,R001,Standard,Google Ads,2024-02-23
CUST04794,Aarav Gupta,Male,43,Hyderabad,Telangana,R019,Premium,Email,2024-02-23
CUST04795,Aditya Sharma,Female,32,Hyderabad,Telangana,R019,Standard,Organic,2023-05-02
CUST04796,Vivaan Mehta,Female,30,Visakhapatnam,Andhra Pradesh,R023,Standard,Google Ads,2024-03-07
CUST04797,Rahul Shah,Female,57,Visakhapatnam,Andhra Pradesh,R023,Standard,Google Ads,2023-02-13
CUST04798,Aditya Singh,Female,39,Bhubaneswar,Odisha,R013,Corporate,Google Ads,2024-01-16
CUST04799,Neha Singh,Male,30,Kolkata,West Bengal,R012,Standard,Google Ads,2023-05-25
CUST04800,Vivaan Patil,Male,56,Mumbai,Maharashtra,R001,Standard,Google Ads,2023-12-29
CUST04801,Kavya Kumar,Female,34,Hyderabad,Telangana,R019,Standard,Email,2025-12-09
CUST04802,Ananya Kumar,Female,53,Bhopal,Madhya Pradesh,R024,Premium,Organic,2025-12-24
CUST04803,Rohan Mehta,Male,56,Coimbatore,Tamil Nadu,R016,Standard,Organic,2023-12-21
CUST04804,Amit Sharma,Male,65,Indore,Madhya Pradesh,R025,Corporate,Referral,2025-03-10
CUST04805,Kavya Nair,Female,42,Visakhapatnam,Andhra Pradesh,R023,Premium,Instagram,2026-04-02
CUST04806,Neha Gupta,Male,51,Visakhapatnam,Andhra Pradesh,R023,Premium,Google Ads,2026-03-10
CUST04807,Neha Patil,Female,38,Chennai,Tamil Nadu,R015,Standard,Organic,2025-04-05
CUST04808,Pooja Kumar,Female,42,Coimbatore,Tamil Nadu,R016,Premium,Instagram,2026-02-25
CUST04809,Amit Shah,Male,42,Noida,Uttar Pradesh,R011,Standard,Instagram,2024-02-02
CUST04810,Pooja Verma,Female,39,Bhopal,Madhya Pradesh,R024,Standard,Email,2025-05-29
CUST04811,Aditya Verma,Female,40,Udaipur,Rajasthan,R006,Corporate,Google Ads,2024-04-07
CUST04812,Arjun Mehta,Female,42,Noida,Uttar Pradesh,R011,Standard,Referral,2025-03-18
CUST04813,Priya Kumar,Male,31,Ahmedabad,Gujarat,R003,Corporate,Instagram,2023-07-06
CUST04814,Isha Verma,Male,31,Chennai,Tamil Nadu,R015,Standard,Email,2025-01-01
CUST04815,Pooja Gupta,Female,43,Mumbai,Maharashtra,R001,Corporate,Google Ads,2026-04-28
CUST04816,Vivaan Verma,Male,57,New Delhi,Delhi,R007,Standard,Organic,2024-03-04
CUST04817,Amit Mhaske,Male,47,Mumbai,Maharashtra,R001,Premium,Referral,2025-05-07
CUST04818,Pooja Sharma,Male,43,Bengaluru,Karnataka,R017,Standard,Google Ads,2023-08-25
CUST04819,Meera Kumar,Female,55,Amritsar,Punjab,R009,Standard,Email,2026-05-02
CUST04820,Karan Singh,Male,39,Visakhapatnam,Andhra Pradesh,R023,Premium,Email,2025-02-09
CUST04821,Amit Mehta,Male,56,Bhubaneswar,Odisha,R013,Premium,Email,2025-01-27
CUST04822,Ananya Patil,Male,56,Noida,Uttar Pradesh,R011,Standard,Email,2023-05-16
CUST04823,Rahul Nair,Female,51,Kochi,Kerala,R020,Standard,Email,2025-03-02
CUST04824,Amit Deshmukh,Female,42,Udaipur,Rajasthan,R006,Standard,Referral,2023-06-20
CUST04825,Aarav Mhaske,Male,53,Mumbai,Maharashtra,R001,Standard,Instagram,2023-06-08
CUST04826,Rohan Joshi,Female,30,New Delhi,Delhi,R007,Standard,Instagram,2023-07-20
CUST04827,Rohan Sharma,Male,46,Kolkata,West Bengal,R012,Premium,Organic,2025-08-19
CUST04828,Arjun Singh,Female,59,Vijayawada,Andhra Pradesh,R022,Standard,Instagram,2024-08-05
CUST04829,Karan Mehta,Female,26,Kochi,Kerala,R020,Standard,Email,2025-05-25
CUST04830,Kavya Verma,Female,32,Visakhapatnam,Andhra Pradesh,R023,Corporate,Instagram,2024-01-06
CUST04831,Amit Shah,Male,48,Hyderabad,Telangana,R019,Standard,Instagram,2023-04-13
CUST04832,Aditya Kumar,Female,61,Bengaluru,Karnataka,R017,Premium,Email,2025-09-28
CUST04833,Aarav Verma,Female,44,Surat,Gujarat,R004,Premium,Referral,2026-02-22
CUST04834,Karan Mehta,Female,48,Ahmedabad,Gujarat,R003,Premium,Email,2025-09-02
CUST04835,Arjun Patil,Male,27,Mumbai,Maharashtra,R001,Premium,Instagram,2025-03-08
CUST04836,Vivaan Verma,Male,54,Mysuru,Karnataka,R018,Premium,Instagram,2026-06-07
CUST04837,Kavya Verma,Female,24,Thiruvananthapuram,Kerala,R021,Standard,Organic,2024-10-19
CUST04838,Meera Patil,Male,49,Chennai,Tamil Nadu,R015,Standard,Email,2025-05-31
CUST04839,Amit Singh,Female,28,Ludhiana,Punjab,R008,Premium,Organic,2026-05-05
CUST04840,Meera Shah,Male,65,Mumbai,Maharashtra,R001,Standard,Organic,2025-01-02
CUST04841,Aditya Kumar,Female,62,Kochi,Kerala,R020,Standard,Google Ads,2024-02-27
CUST04842,Karan Sharma,Male,45,Patna,Bihar,R014,Premium,Organic,2024-07-25
CUST04843,Aditya Gupta,Male,21,Surat,Gujarat,R004,Premium,Instagram,2023-06-20
CUST04844,Vivaan Nair,Male,65,Jaipur,Rajasthan,R005,Standard,Instagram,2023-06-22
CUST04845,Sneha Gupta,Male,62,Visakhapatnam,Andhra Pradesh,R023,Corporate,Google Ads,2024-10-24
CUST04846,Ananya Mehta,Male,48,Bhubaneswar,Odisha,R013,Premium,Google Ads,2024-03-28
CUST04847,Aditya Deshmukh,Female,46,Bhopal,Madhya Pradesh,R024,Corporate,Email,2023-12-16
CUST04848,Ananya Sharma,Female,50,Chennai,Tamil Nadu,R015,Corporate,Google Ads,2024-05-08
CUST04849,Meera Verma,Female,21,Udaipur,Rajasthan,R006,Standard,Referral,2024-09-11
CUST04850,Priya Singh,Female,64,Mumbai,Maharashtra,R001,Premium,Instagram,2025-10-24
CUST04851,Kavya Deshmukh,Male,43,Visakhapatnam,Andhra Pradesh,R023,Premium,Instagram,2026-01-21
CUST04852,Aditya Mhaske,Male,48,Hyderabad,Telangana,R019,Premium,Google Ads,2025-07-07
CUST04853,Kavya Nair,Male,48,Bhubaneswar,Odisha,R013,Premium,Google Ads,2023-01-06
CUST04854,Rahul Joshi,Female,44,Udaipur,Rajasthan,R006,Standard,Instagram,2023-10-15
CUST04855,Meera Gupta,Male,42,Chennai,Tamil Nadu,R015,Standard,Google Ads,2026-03-15
CUST04856,Meera Shah,Male,65,Coimbatore,Tamil Nadu,R016,Standard,Email,2024-08-30
CUST04857,Karan Gupta,Female,53,Bhopal,Madhya Pradesh,R024,Premium,Google Ads,2024-04-01
CUST04858,Amit Singh,Female,48,Visakhapatnam,Andhra Pradesh,R023,Premium,Google Ads,2026-05-10
CUST04859,Pooja Mehta,Female,60,Coimbatore,Tamil Nadu,R016,Standard,Email,2026-05-20
CUST04860,Meera Patil,Female,54,Lucknow,Uttar Pradesh,R010,Premium,Email,2025-10-26
CUST04861,Aditya Shah,Female,62,Vijayawada,Andhra Pradesh,R022,Premium,Email,2024-09-15
CUST04862,Ananya Verma,Male,61,Amritsar,Punjab,R009,Standard,Instagram,2024-01-11
CUST04863,Rahul Deshmukh,Female,40,Amritsar,Punjab,R009,Standard,Google Ads,2024-03-22
CUST04864,Rohan Sharma,Female,52,Bengaluru,Karnataka,R017,Standard,Email,2025-04-14
CUST04865,Aditya Joshi,Male,21,Bengaluru,Karnataka,R017,Corporate,Email,2026-02-03
CUST04866,Karan Joshi,Male,45,Bengaluru,Karnataka,R017,Premium,Instagram,2025-03-21
CUST04867,Rahul Mehta,Male,59,Bhopal,Madhya Pradesh,R024,Standard,Referral,2026-01-24
CUST04868,Karan Deshmukh,Male,58,Kolkata,West Bengal,R012,Standard,Google Ads,2025-08-16
CUST04869,Amit Shah,Female,59,Bhubaneswar,Odisha,R013,Premium,Referral,2025-04-28
CUST04870,Neha Sharma,Male,30,Kolkata,West Bengal,R012,Premium,Referral,2025-03-19
CUST04871,Pooja Deshmukh,Male,18,Patna,Bihar,R014,Premium,Email,2025-09-05
CUST04872,Aditya Singh,Female,29,Lucknow,Uttar Pradesh,R010,Standard,Instagram,2024-02-20
CUST04873,Karan Mhaske,Male,60,Visakhapatnam,Andhra Pradesh,R023,Standard,Google Ads,2024-12-26
CUST04874,Arjun Joshi,Male,57,Hyderabad,Telangana,R019,Corporate,Google Ads,2024-03-29
CUST04875,Sneha Joshi,Female,43,Pune,Maharashtra,R002,Standard,Google Ads,2026-05-01
CUST04876,Arjun Deshmukh,Male,63,Surat,Gujarat,R004,Standard,Referral,2023-05-30
CUST04877,Isha Mhaske,Female,63,Hyderabad,Telangana,R019,Premium,Organic,2025-01-28
CUST04878,Sneha Kumar,Male,40,New Delhi,Delhi,R007,Corporate,Instagram,2025-02-17
CUST04879,Karan Verma,Male,39,Chennai,Tamil Nadu,R015,Premium,Organic,2025-08-30
CUST04880,Meera Joshi,Male,45,Chennai,Tamil Nadu,R015,Premium,Referral,2025-02-01
CUST04881,Arjun Nair,Male,34,Bhopal,Madhya Pradesh,R024,Standard,Email,2025-09-28
CUST04882,Aarav Sharma,Female,23,Udaipur,Rajasthan,R006,Standard,Organic,2023-03-17
CUST04883,Pooja Sharma,Female,31,Ahmedabad,Gujarat,R003,Standard,Organic,2024-08-21
CUST04884,Vivaan Singh,Female,34,Udaipur,Rajasthan,R006,Premium,Instagram,2023-08-13
CUST04885,Sneha Mehta,Male,55,Coimbatore,Tamil Nadu,R016,Standard,Referral,2023-04-23
CUST04886,Ananya Gupta,Female,22,Pune,Maharashtra,R002,Corporate,Instagram,2023-09-08
CUST04887,Ananya Patil,Female,30,New Delhi,Delhi,R007,Standard,Email,2026-06-10
CUST04888,Karan Deshmukh,Male,65,Noida,Uttar Pradesh,R011,Standard,Google Ads,2025-04-20
CUST04889,Amit Nair,Female,26,New Delhi,Delhi,R007,Standard,Referral,2024-12-14
CUST04890,Pooja Nair,Male,61,Surat,Gujarat,R004,Premium,Email,2026-01-11
CUST04891,Neha Verma,Male,59,Bhopal,Madhya Pradesh,R024,Standard,Email,2023-05-05
CUST04892,Isha Joshi,Female,43,Kochi,Kerala,R020,Premium,Organic,2026-04-13
CUST04893,Rahul Gupta,Female,30,New Delhi,Delhi,R007,Standard,Instagram,2025-12-28
CUST04894,Aditya Deshmukh,Male,36,Surat,Gujarat,R004,Premium,Organic,2025-12-06
CUST04895,Isha Mehta,Male,65,Kolkata,West Bengal,R012,Premium,Organic,2025-06-02
CUST04896,Rahul Singh,Female,34,Jaipur,Rajasthan,R005,Standard,Google Ads,2023-01-30
CUST04897,Aditya Mehta,Female,33,Visakhapatnam,Andhra Pradesh,R023,Premium,Instagram,2023-10-08
CUST04898,Amit Deshmukh,Male,47,Hyderabad,Telangana,R019,Standard,Google Ads,2025-07-12
CUST04899,Neha Mehta,Male,49,Jaipur,Rajasthan,R005,Corporate,Email,2026-06-14
CUST04900,Pooja Mehta,Male,31,Hyderabad,Telangana,R019,Corporate,Google Ads,2026-06-25
CUST04901,Rahul Joshi,Female,65,Thiruvananthapuram,Kerala,R021,Standard,Email,2024-01-03
CUST04902,Isha Nair,Male,32,Ahmedabad,Gujarat,R003,Standard,Organic,2024-05-09
CUST04903,Sneha Mhaske,Male,29,Noida,Uttar Pradesh,R011,Standard,Google Ads,2025-11-14
CUST04904,Rohan Nair,Male,54,New Delhi,Delhi,R007,Corporate,Instagram,2024-12-18
CUST04905,Karan Kumar,Female,28,Bengaluru,Karnataka,R017,Standard,Google Ads,2025-10-13
CUST04906,Meera Patil,Female,22,Indore,Madhya Pradesh,R025,Premium,Email,2024-08-28
CUST04907,Rohan Joshi,Female,28,Amritsar,Punjab,R009,Premium,Referral,2024-01-10
CUST04908,Sneha Joshi,Male,51,Thiruvananthapuram,Kerala,R021,Premium,Instagram,2024-09-30
CUST04909,Aditya Deshmukh,Male,36,Amritsar,Punjab,R009,Standard,Email,2025-11-14
CUST04910,Vivaan Shah,Female,43,Lucknow,Uttar Pradesh,R010,Standard,Referral,2023-04-26
CUST04911,Meera Mhaske,Female,43,Bhubaneswar,Odisha,R013,Standard,Instagram,2023-02-17
CUST04912,Kavya Shah,Female,34,Chennai,Tamil Nadu,R015,Standard,Referral,2023-04-09
CUST04913,Vivaan Shah,Female,48,Vijayawada,Andhra Pradesh,R022,Standard,Organic,2024-02-09
CUST04914,Neha Verma,Female,36,Jaipur,Rajasthan,R005,Standard,Organic,2026-05-22
CUST04915,Vivaan Mhaske,Female,61,Ahmedabad,Gujarat,R003,Standard,Google Ads,2024-11-15
CUST04916,Isha Verma,Female,37,Ludhiana,Punjab,R008,Standard,Google Ads,2025-06-21
CUST04917,Kavya Mehta,Female,40,Kochi,Kerala,R020,Standard,Google Ads,2024-05-17
CUST04918,Isha Singh,Male,42,Lucknow,Uttar Pradesh,R010,Standard,Google Ads,2025-06-12
CUST04919,Rahul Mhaske,Male,45,Bhubaneswar,Odisha,R013,Standard,Referral,2023-09-15
CUST04920,Meera Mehta,Female,54,Ahmedabad,Gujarat,R003,Standard,Instagram,2025-04-23
CUST04921,Karan Kumar,Male,29,Vijayawada,Andhra Pradesh,R022,Standard,Instagram,2023-05-01
CUST04922,Amit Mhaske,Female,65,Ludhiana,Punjab,R008,Premium,Google Ads,2025-03-20
CUST04923,Pooja Sharma,Male,18,Amritsar,Punjab,R009,Standard,Organic,2025-09-04
CUST04924,Rahul Sharma,Male,19,Vijayawada,Andhra Pradesh,R022,Corporate,Email,2023-02-23
CUST04925,Rohan Shah,Male,27,Thiruvananthapuram,Kerala,R021,Standard,Google Ads,2025-10-15
CUST04926,Amit Nair,Male,51,Kolkata,West Bengal,R012,Corporate,Google Ads,2025-02-22
CUST04927,Rahul Verma,Male,49,Noida,Uttar Pradesh,R011,Premium,Organic,2023-08-29
CUST04928,Vivaan Gupta,Male,42,Pune,Maharashtra,R002,Premium,Email,2024-04-27
CUST04929,Neha Verma,Female,27,Mysuru,Karnataka,R018,Corporate,Referral,2025-10-09
CUST04930,Pooja Patil,Male,18,Amritsar,Punjab,R009,Standard,Referral,2023-07-06
CUST04931,Isha Singh,Male,49,Pune,Maharashtra,R002,Standard,Email,2024-10-17
CUST04932,Karan Patil,Male,54,Pune,Maharashtra,R002,Standard,Email,2023-09-19
CUST04933,Neha Joshi,Female,29,Ahmedabad,Gujarat,R003,Standard,Referral,2025-08-10
CUST04934,Pooja Patil,Female,35,Coimbatore,Tamil Nadu,R016,Standard,Google Ads,2024-05-05
CUST04935,Ananya Gupta,Female,47,Hyderabad,Telangana,R019,Standard,Google Ads,2024-03-06
CUST04936,Rahul Joshi,Male,30,Surat,Gujarat,R004,Standard,Organic,2023-08-27
CUST04937,Isha Gupta,Male,20,Visakhapatnam,Andhra Pradesh,R023,Standard,Email,2023-10-31
CUST04938,Ananya Singh,Female,38,Indore,Madhya Pradesh,R025,Standard,Google Ads,2023-10-25
CUST04939,Pooja Deshmukh,Female,59,Mysuru,Karnataka,R018,Premium,Google Ads,2023-03-17
CUST04940,Aditya Mhaske,Male,31,Kochi,Kerala,R020,Corporate,Organic,2025-09-25
CUST04941,Karan Mehta,Male,57,Indore,Madhya Pradesh,R025,Standard,Email,2024-10-03
CUST04942,Sneha Singh,Male,27,Mysuru,Karnataka,R018,Standard,Organic,2025-04-06
CUST04943,Sneha Mehta,Male,19,Lucknow,Uttar Pradesh,R010,Standard,Organic,2023-10-10
CUST04944,Aditya Patil,Female,62,Noida,Uttar Pradesh,R011,Premium,Referral,2024-08-13
CUST04945,Isha Patil,Male,54,Bengaluru,Karnataka,R017,Standard,Organic,2023-03-13
CUST04946,Vivaan Gupta,Male,28,Bhopal,Madhya Pradesh,R024,Corporate,Email,2024-12-03
CUST04947,Kavya Nair,Male,18,Indore,Madhya Pradesh,R025,Standard,Google Ads,2024-07-28
CUST04948,Meera Gupta,Female,43,Visakhapatnam,Andhra Pradesh,R023,Standard,Google Ads,2025-09-26
CUST04949,Meera Sharma,Female,59,Bhopal,Madhya Pradesh,R024,Corporate,Referral,2025-06-10
CUST04950,Vivaan Patil,Female,30,Kochi,Kerala,R020,Corporate,Email,2023-01-12
CUST04951,Kavya Verma,Male,45,Coimbatore,Tamil Nadu,R016,Premium,Google Ads,2023-05-21
CUST04952,Amit Mhaske,Female,53,Kochi,Kerala,R020,Standard,Organic,2023-01-17
CUST04953,Rahul Shah,Male,38,Bhubaneswar,Odisha,R013,Premium,Instagram,2025-12-22
CUST04954,Neha Gupta,Male,27,Pune,Maharashtra,R002,Standard,Instagram,2023-09-10
CUST04955,Neha Sharma,Male,29,Bhopal,Madhya Pradesh,R024,Standard,Instagram,2024-04-09
CUST04956,Neha Gupta,Female,63,Pune,Maharashtra,R002,Standard,Instagram,2024-01-11
CUST04957,Karan Gupta,Male,44,Indore,Madhya Pradesh,R025,Standard,Organic,2025-09-07
CUST04958,Pooja Nair,Female,20,Patna,Bihar,R014,Premium,Google Ads,2024-06-03
CUST04959,Meera Singh,Male,45,Surat,Gujarat,R004,Standard,Referral,2023-03-31
CUST04960,Karan Patil,Male,19,Bengaluru,Karnataka,R017,Corporate,Organic,2024-12-20
CUST04961,Aditya Shah,Male,45,Bhubaneswar,Odisha,R013,Standard,Google Ads,2025-03-14
CUST04962,Neha Gupta,Male,48,Surat,Gujarat,R004,Standard,Email,2025-03-06
CUST04963,Rahul Deshmukh,Male,60,Ahmedabad,Gujarat,R003,Premium,Google Ads,2024-09-21
CUST04964,Priya Mhaske,Male,38,Kolkata,West Bengal,R012,Premium,Google Ads,2026-04-13
CUST04965,Pooja Verma,Male,24,Vijayawada,Andhra Pradesh,R022,Corporate,Google Ads,2023-03-17
CUST04966,Meera Joshi,Male,48,Visakhapatnam,Andhra Pradesh,R023,Premium,Organic,2025-07-14
CUST04967,Vivaan Kumar,Male,31,Ludhiana,Punjab,R008,Standard,Google Ads,2024-02-04
CUST04968,Rahul Sharma,Male,56,Pune,Maharashtra,R002,Corporate,Google Ads,2025-08-27
CUST04969,Aditya Deshmukh,Male,56,Udaipur,Rajasthan,R006,Corporate,Email,2025-12-30
CUST04970,Rahul Kumar,Male,26,Vijayawada,Andhra Pradesh,R022,Standard,Email,2026-04-18
CUST04971,Aarav Joshi,Male,40,Lucknow,Uttar Pradesh,R010,Standard,Instagram,2026-02-21
CUST04972,Amit Kumar,Female,29,Kolkata,West Bengal,R012,Standard,Organic,2025-03-07
CUST04973,Aditya Sharma,Male,46,Thiruvananthapuram,Kerala,R021,Standard,Google Ads,2023-07-14
CUST04974,Ananya Deshmukh,Male,55,Lucknow,Uttar Pradesh,R010,Corporate,Instagram,2023-08-16
CUST04975,Aarav Shah,Female,56,Lucknow,Uttar Pradesh,R010,Standard,Instagram,2024-04-05
CUST04976,Rohan Deshmukh,Female,39,Visakhapatnam,Andhra Pradesh,R023,Premium,Organic,2024-09-09
CUST04977,Pooja Patil,Female,21,Ahmedabad,Gujarat,R003,Standard,Instagram,2025-11-10
CUST04978,Arjun Patil,Female,65,Kochi,Kerala,R020,Standard,Instagram,2023-03-05
CUST04979,Arjun Patil,Male,24,Lucknow,Uttar Pradesh,R010,Premium,Organic,2023-06-14
CUST04980,Sneha Sharma,Male,57,Amritsar,Punjab,R009,Standard,Referral,2023-01-27
CUST04981,Ananya Mhaske,Female,25,Kochi,Kerala,R020,Standard,Instagram,2025-10-08
CUST04982,Karan Gupta,Female,52,Hyderabad,Telangana,R019,Corporate,Email,2023-10-12
CUST04983,Meera Verma,Female,26,Patna,Bihar,R014,Premium,Instagram,2023-10-08
CUST04984,Rahul Singh,Female,30,Pune,Maharashtra,R002,Standard,Organic,2025-04-17
CUST04985,Rohan Gupta,Male,56,Jaipur,Rajasthan,R005,Standard,Organic,2025-04-10
CUST04986,Sneha Shah,Male,37,Kochi,Kerala,R020,Standard,Referral,2026-04-02
CUST04987,Sneha Singh,Female,38,Ludhiana,Punjab,R008,Premium,Referral,2025-07-06
CUST04988,Neha Gupta,Female,64,New Delhi,Delhi,R007,Premium,Email,2023-08-12
CUST04989,Isha Singh,Female,36,Udaipur,Rajasthan,R006,Standard,Email,2025-02-22
CUST04990,Arjun Mhaske,Female,19,Noida,Uttar Pradesh,R011,Premium,Instagram,2026-03-15
CUST04991,Isha Nair,Male,61,Kolkata,West Bengal,R012,Standard,Referral,2025-08-22
CUST04992,Rohan Shah,Male,57,Mysuru,Karnataka,R018,Standard,Email,2025-08-07
CUST04993,Ananya Gupta,Female,47,Hyderabad,Telangana,R019,Standard,Instagram,2025-11-19
CUST04994,Arjun Gupta,Male,40,Lucknow,Uttar Pradesh,R010,Standard,Google Ads,2023-02-14
CUST04995,Amit Sharma,Male,57,Indore,Madhya Pradesh,R025,Standard,Instagram,2024-04-15
CUST04996,Meera Sharma,Male,30,Indore,Madhya Pradesh,R025,Premium,Email,2023-02-03
CUST04997,Ananya Sharma,Male,50,Thiruvananthapuram,Kerala,R021,Standard,Instagram,2024-10-14
CUST04998,Vivaan Deshmukh,Male,49,Patna,Bihar,R014,Premium,Google Ads,2025-04-09
CUST04999,Isha Gupta,Female,45,Ahmedabad,Gujarat,R003,Premium,Email,2023-08-09
CUST05000,Pooja Deshmukh,Male,41,Mysuru,Karnataka,R018,Premium,Instagram,2024-06-17
CUST05001,Isha Gupta,Male,59,Bhopal,Madhya Pradesh,R024,Standard,Email,2024-11-22
CUST05002,Kavya Joshi,Female,45,Chennai,Tamil Nadu,R015,Standard,Instagram,2025-07-20
CUST05003,Pooja Singh,Male,47,Udaipur,Rajasthan,R006,Premium,Organic,2025-04-20
CUST05004,Vivaan Mhaske,Female,58,Lucknow,Uttar Pradesh,R010,Standard,Email,2025-10-07
CUST05005,Rahul Verma,Male,46,Kolkata,West Bengal,R012,Premium,Email,2024-08-04
CUST05006,Pooja Shah,Female,51,New Delhi,Delhi,R007,Standard,Email,2026-02-13
CUST05007,Rohan Kumar,Male,39,Bengaluru,Karnataka,R017,Standard,Email,2023-08-27
CUST05008,Karan Mhaske,Male,42,Mumbai,Maharashtra,R001,Premium,Instagram,2024-03-16
CUST05009,Arjun Sharma,Female,31,Mysuru,Karnataka,R018,Corporate,Referral,2023-05-28
CUST05010,Vivaan Deshmukh,Female,27,Chennai,Tamil Nadu,R015,Standard,Instagram,2025-10-29
CUST05011,Kavya Nair,Male,27,Hyderabad,Telangana,R019,Standard,Google Ads,2024-01-23
CUST05012,Priya Mehta,Female,25,Mumbai,Maharashtra,R001,Premium,Organic,2025-12-09
CUST05013,Vivaan Nair,Male,31,Jaipur,Rajasthan,R005,Standard,Instagram,2025-07-04
CUST05014,Rohan Joshi,Female,62,Chennai,Tamil Nadu,R015,Standard,Instagram,2024-09-29
CUST05015,Rohan Kumar,Male,55,Ahmedabad,Gujarat,R003,Standard,Email,2023-10-05
CUST05016,Neha Kumar,Male,49,Mumbai,Maharashtra,R001,Standard,Google Ads,2025-09-15
CUST05017,Rahul Kumar,Male,62,Ludhiana,Punjab,R008,Standard,Email,2024-08-11
CUST05018,Priya Mehta,Male,49,Kolkata,West Bengal,R012,Standard,Email,2024-10-10
CUST05019,Neha Kumar,Male,20,Vijayawada,Andhra Pradesh,R022,Corporate,Referral,2024-09-09
CUST05020,Vivaan Patil,Male,37,Indore,Madhya Pradesh,R025,Premium,Organic,2023-05-15
CUST05021,Sneha Mhaske,Male,30,Hyderabad,Telangana,R019,Corporate,Referral,2024-08-02
CUST05022,Amit Deshmukh,Male,40,Indore,Madhya Pradesh,R025,Standard,Email,2026-03-16
CUST05023,Karan Deshmukh,Male,36,Indore,Madhya Pradesh,R025,Standard,Organic,2024-05-04
CUST05024,Rohan Sharma,Female,33,Kolkata,West Bengal,R012,Corporate,Instagram,2024-04-22
CUST05025,Pooja Nair,Female,53,Bhubaneswar,Odisha,R013,Standard,Google Ads,2026-03-28
CUST05026,Meera Verma,Female,52,Mumbai,Maharashtra,R001,Premium,Referral,2024-01-19
CUST05027,Isha Singh,Female,64,Hyderabad,Telangana,R019,Standard,Google Ads,2023-06-12
CUST05028,Kavya Nair,Female,64,Udaipur,Rajasthan,R006,Premium,Email,2024-03-16
CUST05029,Meera Singh,Female,24,Ludhiana,Punjab,R008,Corporate,Organic,2026-04-27
CUST05030,Kavya Kumar,Male,54,Surat,Gujarat,R004,Standard,Instagram,2024-02-19
CUST05031,Kavya Sharma,Male,25,Jaipur,Rajasthan,R005,Standard,Organic,2026-04-19
CUST05032,Isha Shah,Male,42,Indore,Madhya Pradesh,R025,Standard,Google Ads,2023-10-15
CUST05033,Vivaan Patil,Male,40,Vijayawada,Andhra Pradesh,R022,Standard,Google Ads,2023-07-06
CUST05034,Isha Singh,Female,27,New Delhi,Delhi,R007,Standard,Instagram,2026-03-07
CUST05035,Pooja Shah,Male,47,Visakhapatnam,Andhra Pradesh,R023,Premium,Instagram,2023-05-10
CUST05036,Amit Patil,Male,50,Surat,Gujarat,R004,Standard,Organic,2023-07-13
CUST05037,Rahul Singh,Female,28,Kochi,Kerala,R020,Standard,Referral,2023-11-12
CUST05038,Arjun Sharma,Male,52,Surat,Gujarat,R004,Standard,Organic,2023-05-24
CUST05039,Aditya Mehta,Male,44,Chennai,Tamil Nadu,R015,Standard,Google Ads,2023-01-16
CUST05040,Neha Singh,Female,20,Thiruvananthapuram,Kerala,R021,Standard,Organic,2024-02-27
CUST05041,Vivaan Deshmukh,Female,64,Jaipur,Rajasthan,R005,Premium,Email,2023-09-02
CUST05042,Arjun Shah,Female,25,Bhopal,Madhya Pradesh,R024,Corporate,Organic,2025-07-15
CUST05043,Isha Kumar,Female,30,Amritsar,Punjab,R009,Standard,Organic,2026-02-04
CUST05044,Priya Joshi,Male,59,Pune,Maharashtra,R002,Standard,Email,2026-01-16
CUST05045,Sneha Shah,Male,20,New Delhi,Delhi,R007,Premium,Google Ads,2023-05-09
CUST05046,Aditya Kumar,Male,37,Bengaluru,Karnataka,R017,Standard,Instagram,2025-06-25
CUST05047,Arjun Patil,Female,63,Coimbatore,Tamil Nadu,R016,Standard,Organic,2025-06-05
CUST05048,Ananya Gupta,Male,62,Bengaluru,Karnataka,R017,Premium,Referral,2023-12-07
CUST05049,Aarav Kumar,Male,52,Kochi,Kerala,R020,Standard,Instagram,2023-01-04
CUST05050,Pooja Kumar,Female,30,Visakhapatnam,Andhra Pradesh,R023,Standard,Referral,2023-11-02
CUST05051,Aditya Sharma,Female,37,Pune,Maharashtra,R002,Corporate,Organic,2025-06-26
CUST05052,Arjun Deshmukh,Female,41,Noida,Uttar Pradesh,R011,Standard,Referral,2024-08-29
CUST05053,Meera Deshmukh,Male,26,Pune,Maharashtra,R002,Corporate,Instagram,2026-06-02
CUST05054,Kavya Sharma,Male,47,Mumbai,Maharashtra,R001,Standard,Referral,2025-09-18
CUST05055,Ananya Joshi,Male,42,Pune,Maharashtra,R002,Premium,Referral,2023-11-17
CUST05056,Rohan Joshi,Female,33,Visakhapatnam,Andhra Pradesh,R023,Standard,Instagram,2024-07-12
CUST05057,Amit Kumar,Male,25,Amritsar,Punjab,R009,Standard,Instagram,2026-04-19
CUST05058,Meera Kumar,Female,61,Vijayawada,Andhra Pradesh,R022,Premium,Instagram,2024-09-09
CUST05059,Priya Shah,Female,45,Pune,Maharashtra,R002,Corporate,Instagram,2024-12-11
CUST05060,Vivaan Nair,Male,29,Chennai,Tamil Nadu,R015,Standard,Email,2026-02-05
CUST05061,Sneha Nair,Male,41,Lucknow,Uttar Pradesh,R010,Premium,Organic,2024-06-14
CUST05062,Arjun Verma,Female,46,Chennai,Tamil Nadu,R015,Standard,Instagram,2024-02-14
CUST05063,Isha Shah,Female,32,Lucknow,Uttar Pradesh,R010,Premium,Google Ads,2025-03-28
CUST05064,Priya Nair,Female,35,Indore,Madhya Pradesh,R025,Premium,Referral,2026-04-09
CUST05065,Isha Kumar,Male,24,Visakhapatnam,Andhra Pradesh,R023,Standard,Instagram,2024-05-07
CUST05066,Meera Mhaske,Male,30,Bengaluru,Karnataka,R017,Standard,Instagram,2026-05-03
CUST05067,Sneha Nair,Female,36,Amritsar,Punjab,R009,Standard,Organic,2023-01-12
CUST05068,Aditya Patil,Female,65,Mysuru,Karnataka,R018,Corporate,Instagram,2023-07-14
CUST05069,Aarav Kumar,Male,60,Surat,Gujarat,R004,Standard,Email,2024-05-04
CUST05070,Pooja Deshmukh,Male,22,Amritsar,Punjab,R009,Premium,Google Ads,2025-03-05
CUST05071,Neha Shah,Female,43,Coimbatore,Tamil Nadu,R016,Standard,Google Ads,2025-05-30
CUST05072,Karan Gupta,Male,19,Surat,Gujarat,R004,Premium,Instagram,2023-07-01
CUST05073,Aarav Deshmukh,Female,50,Coimbatore,Tamil Nadu,R016,Premium,Organic,2025-08-19
CUST05074,Meera Singh,Male,65,Hyderabad,Telangana,R019,Premium,Instagram,2024-10-17
CUST05075,Sneha Joshi,Female,54,Mumbai,Maharashtra,R001,Corporate,Referral,2024-11-24
CUST05076,Karan Gupta,Female,42,Visakhapatnam,Andhra Pradesh,R023,Standard,Google Ads,2023-01-30
CUST05077,Rohan Nair,Male,42,Udaipur,Rajasthan,R006,Standard,Referral,2026-01-24
CUST05078,Meera Joshi,Female,56,Lucknow,Uttar Pradesh,R010,Corporate,Email,2025-02-16
CUST05079,Amit Patil,Female,47,Coimbatore,Tamil Nadu,R016,Standard,Google Ads,2024-03-19
CUST05080,Pooja Shah,Female,58,Surat,Gujarat,R004,Premium,Google Ads,2023-10-25
CUST05081,Sneha Sharma,Male,21,Vijayawada,Andhra Pradesh,R022,Premium,Email,2025-03-18
CUST05082,Karan Gupta,Female,36,Vijayawada,Andhra Pradesh,R022,Premium,Referral,2025-04-24
CUST05083,Priya Patil,Female,44,Bhubaneswar,Odisha,R013,Standard,Instagram,2025-10-12
CUST05084,Aditya Singh,Male,64,Coimbatore,Tamil Nadu,R016,Standard,Organic,2024-07-07
CUST05085,Priya Singh,Female,56,Kochi,Kerala,R020,Premium,Referral,2023-10-30
CUST05086,Karan Gupta,Male,41,Udaipur,Rajasthan,R006,Standard,Email,2024-02-25
CUST05087,Rahul Joshi,Male,54,Noida,Uttar Pradesh,R011,Premium,Email,2026-06-23
CUST05088,Priya Gupta,Male,42,Bhopal,Madhya Pradesh,R024,Standard,Email,2026-06-14
CUST05089,Meera Deshmukh,Male,46,Ahmedabad,Gujarat,R003,Standard,Google Ads,2023-07-04
CUST05090,Rohan Joshi,Female,48,Kochi,Kerala,R020,Standard,Instagram,2024-04-12
CUST05091,Sneha Kumar,Female,62,Lucknow,Uttar Pradesh,R010,Corporate,Google Ads,2025-01-23
CUST05092,Isha Gupta,Male,52,Mumbai,Maharashtra,R001,Standard,Google Ads,2023-12-29
CUST05093,Pooja Shah,Female,45,Kochi,Kerala,R020,Standard,Google Ads,2023-12-02
CUST05094,Arjun Nair,Male,55,Noida,Uttar Pradesh,R011,Corporate,Email,2023-06-11
CUST05095,Kavya Kumar,Male,61,Kolkata,West Bengal,R012,Premium,Referral,2026-03-29
CUST05096,Sneha Mehta,Male,21,Patna,Bihar,R014,Corporate,Organic,2023-01-12
CUST05097,Neha Sharma,Male,45,Indore,Madhya Pradesh,R025,Standard,Organic,2026-01-01
CUST05098,Aditya Nair,Male,48,Ludhiana,Punjab,R008,Premium,Instagram,2024-08-10
CUST05099,Arjun Joshi,Female,40,Noida,Uttar Pradesh,R011,Standard,Instagram,2023-07-20
CUST05100,Rohan Mehta,Male,31,Surat,Gujarat,R004,Premium,Email,2024-06-05
CUST05101,Priya Shah,Male,45,New Delhi,Delhi,R007,Premium,Organic,2024-05-19
CUST05102,Aarav Verma,Male,31,Lucknow,Uttar Pradesh,R010,Standard,Referral,2025-02-26
CUST05103,Rohan Mhaske,Male,18,Hyderabad,Telangana,R019,Standard,Email,2025-11-28
CUST05104,Kavya Patil,Female,60,Indore,Madhya Pradesh,R025,Premium,Instagram,2023-03-01
CUST05105,Vivaan Mehta,Male,49,Surat,Gujarat,R004,Standard,Email,2024-07-31
CUST05106,Sneha Nair,Female,58,Pune,Maharashtra,R002,Premium,Instagram,2023-11-17
CUST05107,Arjun Sharma,Male,35,Thiruvananthapuram,Kerala,R021,Standard,Organic,2025-07-11
CUST05108,Kavya Mehta,Female,22,Mysuru,Karnataka,R018,Corporate,Email,2024-07-22
CUST05109,Vivaan Mehta,Male,59,Patna,Bihar,R014,Standard,Google Ads,2026-01-06
CUST05110,Kavya Patil,Female,32,Coimbatore,Tamil Nadu,R016,Standard,Instagram,2026-05-02
CUST05111,Arjun Verma,Male,59,Vijayawada,Andhra Pradesh,R022,Standard,Google Ads,2024-06-10
CUST05112,Aarav Joshi,Female,33,Noida,Uttar Pradesh,R011,Standard,Instagram,2024-06-07
CUST05113,Amit Mehta,Female,53,Lucknow,Uttar Pradesh,R010,Standard,Google Ads,2024-09-04
CUST05114,Ananya Mehta,Female,53,Bengaluru,Karnataka,R017,Standard,Organic,2026-03-25
CUST05115,Priya Sharma,Male,57,Patna,Bihar,R014,Standard,Organic,2023-05-05
CUST05116,Ananya Kumar,Female,47,Vijayawada,Andhra Pradesh,R022,Corporate,Referral,2025-05-20
CUST05117,Priya Joshi,Female,55,Surat,Gujarat,R004,Standard,Referral,2023-10-07
CUST05118,Amit Shah,Male,40,Hyderabad,Telangana,R019,Premium,Referral,2025-07-05
CUST05119,Rohan Nair,Male,28,Pune,Maharashtra,R002,Standard,Email,2024-09-13
CUST05120,Arjun Shah,Male,42,New Delhi,Delhi,R007,Standard,Instagram,2025-04-25
CUST05121,Karan Patil,Male,62,Amritsar,Punjab,R009,Standard,Email,2024-11-04
CUST05122,Amit Mhaske,Female,60,Hyderabad,Telangana,R019,Premium,Referral,2026-02-25
CUST05123,Pooja Mhaske,Female,19,Coimbatore,Tamil Nadu,R016,Standard,Instagram,2023-11-10
CUST05124,Pooja Joshi,Male,52,Vijayawada,Andhra Pradesh,R022,Standard,Email,2023-11-28
CUST05125,Sneha Mhaske,Female,64,Indore,Madhya Pradesh,R025,Standard,Organic,2026-03-19
CUST05126,Kavya Gupta,Male,41,Coimbatore,Tamil Nadu,R016,Standard,Instagram,2023-02-05
CUST05127,Karan Verma,Female,30,Mysuru,Karnataka,R018,Standard,Referral,2025-11-11
CUST05128,Amit Joshi,Female,59,Visakhapatnam,Andhra Pradesh,R023,Standard,Organic,2023-07-25
CUST05129,Vivaan Kumar,Female,54,Thiruvananthapuram,Kerala,R021,Standard,Instagram,2024-09-30
CUST05130,Priya Nair,Female,47,Thiruvananthapuram,Kerala,R021,Premium,Email,2025-04-27
CUST05131,Priya Deshmukh,Male,28,Noida,Uttar Pradesh,R011,Standard,Referral,2024-03-15
CUST05132,Rohan Gupta,Male,40,New Delhi,Delhi,R007,Standard,Email,2024-12-29
CUST05133,Aarav Sharma,Male,63,Amritsar,Punjab,R009,Standard,Organic,2026-01-24
CUST05134,Neha Verma,Male,45,Surat,Gujarat,R004,Standard,Organic,2025-07-29
CUST05135,Aarav Shah,Female,46,Indore,Madhya Pradesh,R025,Standard,Organic,2023-06-13
CUST05136,Priya Nair,Male,32,Bhubaneswar,Odisha,R013,Premium,Instagram,2023-05-28
CUST05137,Aditya Singh,Female,62,Indore,Madhya Pradesh,R025,Premium,Referral,2023-10-21
CUST05138,Pooja Shah,Female,20,Surat,Gujarat,R004,Premium,Organic,2023-07-14
CUST05139,Isha Shah,Male,26,Hyderabad,Telangana,R019,Standard,Email,2024-10-24
CUST05140,Karan Mehta,Male,25,Pune,Maharashtra,R002,Standard,Referral,2024-04-24
CUST05141,Vivaan Kumar,Male,64,Amritsar,Punjab,R009,Standard,Email,2023-05-03
CUST05142,Pooja Sharma,Female,50,Kolkata,West Bengal,R012,Corporate,Email,2024-11-29
CUST05143,Meera Shah,Female,51,Pune,Maharashtra,R002,Premium,Organic,2025-08-22
CUST05144,Vivaan Kumar,Male,26,Udaipur,Rajasthan,R006,Standard,Referral,2024-10-22
CUST05145,Amit Gupta,Male,34,Jaipur,Rajasthan,R005,Corporate,Google Ads,2026-02-01
CUST05146,Kavya Mehta,Male,58,Jaipur,Rajasthan,R005,Standard,Instagram,2024-12-10
CUST05147,Vivaan Deshmukh,Female,18,Kochi,Kerala,R020,Standard,Google Ads,2024-01-31
CUST05148,Rahul Kumar,Male,57,Vijayawada,Andhra Pradesh,R022,Standard,Instagram,2025-06-30
CUST05149,Isha Verma,Male,22,Jaipur,Rajasthan,R005,Standard,Referral,2025-10-01
CUST05150,Pooja Deshmukh,Female,47,Surat,Gujarat,R004,Premium,Organic,2026-03-11
CUST05151,Priya Joshi,Female,28,Amritsar,Punjab,R009,Premium,Referral,2023-11-13
CUST05152,Vivaan Mhaske,Female,45,Vijayawada,Andhra Pradesh,R022,Premium,Google Ads,2024-11-11
CUST05153,Pooja Patil,Male,55,Lucknow,Uttar Pradesh,R010,Standard,Email,2024-05-09
CUST05154,Rahul Patil,Female,34,Coimbatore,Tamil Nadu,R016,Premium,Instagram,2024-07-09
CUST05155,Meera Gupta,Female,40,Lucknow,Uttar Pradesh,R010,Premium,Instagram,2024-09-01
CUST05156,Isha Deshmukh,Male,35,Lucknow,Uttar Pradesh,R010,Standard,Google Ads,2023-04-19
CUST05157,Vivaan Deshmukh,Female,54,Hyderabad,Telangana,R019,Standard,Organic,2024-01-07
CUST05158,Amit Joshi,Male,44,Lucknow,Uttar Pradesh,R010,Premium,Referral,2025-05-04
CUST05159,Pooja Gupta,Male,42,Udaipur,Rajasthan,R006,Premium,Google Ads,2024-09-07
CUST05160,Karan Joshi,Female,22,Bengaluru,Karnataka,R017,Premium,Referral,2025-02-06
CUST05161,Rohan Patil,Male,36,Jaipur,Rajasthan,R005,Standard,Organic,2023-07-25
CUST05162,Rohan Patil,Female,44,Udaipur,Rajasthan,R006,Standard,Email,2025-04-26
CUST05163,Aarav Deshmukh,Male,30,Bhopal,Madhya Pradesh,R024,Premium,Referral,2023-02-12
CUST05164,Isha Gupta,Male,24,Chennai,Tamil Nadu,R015,Premium,Organic,2025-05-14
CUST05165,Priya Mehta,Female,43,Indore,Madhya Pradesh,R025,Standard,Google Ads,2026-06-22
CUST05166,Arjun Nair,Female,31,Hyderabad,Telangana,R019,Premium,Email,2025-02-23
CUST05167,Ananya Kumar,Male,44,Mysuru,Karnataka,R018,Corporate,Email,2024-04-20
CUST05168,Kavya Gupta,Female,25,Surat,Gujarat,R004,Corporate,Email,2023-03-24
CUST05169,Pooja Joshi,Male,48,Ludhiana,Punjab,R008,Premium,Instagram,2026-02-07
CUST05170,Aditya Kumar,Female,52,Coimbatore,Tamil Nadu,R016,Standard,Organic,2023-07-09
CUST05171,Karan Mhaske,Male,44,Bhopal,Madhya Pradesh,R024,Premium,Referral,2025-03-10
CUST05172,Neha Kumar,Female,21,Hyderabad,Telangana,R019,Standard,Google Ads,2025-07-24
CUST05173,Aarav Kumar,Male,59,Kochi,Kerala,R020,Corporate,Email,2023-09-08
CUST05174,Sneha Shah,Female,21,Ahmedabad,Gujarat,R003,Standard,Email,2023-10-18
CUST05175,Kavya Verma,Female,35,Lucknow,Uttar Pradesh,R010,Premium,Email,2026-05-09
CUST05176,Rohan Mehta,Male,40,Pune,Maharashtra,R002,Premium,Organic,2023-11-22
CUST05177,Neha Gupta,Female,49,Surat,Gujarat,R004,Premium,Google Ads,2025-04-16
CUST05178,Amit Sharma,Male,29,Udaipur,Rajasthan,R006,Standard,Organic,2024-05-22
CUST05179,Neha Singh,Male,37,Noida,Uttar Pradesh,R011,Standard,Google Ads,2024-12-31
CUST05180,Ananya Verma,Female,64,Patna,Bihar,R014,Premium,Referral,2023-03-13
CUST05181,Rohan Gupta,Male,62,Coimbatore,Tamil Nadu,R016,Standard,Instagram,2026-06-24
CUST05182,Aditya Joshi,Male,29,Thiruvananthapuram,Kerala,R021,Standard,Google Ads,2024-10-02
CUST05183,Aditya Patil,Male,25,Hyderabad,Telangana,R019,Corporate,Organic,2025-07-28
CUST05184,Pooja Verma,Female,39,Pune,Maharashtra,R002,Premium,Organic,2024-08-30
CUST05185,Amit Gupta,Male,44,Indore,Madhya Pradesh,R025,Premium,Organic,2024-07-19
CUST05186,Pooja Deshmukh,Male,58,Bengaluru,Karnataka,R017,Standard,Instagram,2023-02-23
CUST05187,Priya Joshi,Female,58,Amritsar,Punjab,R009,Premium,Google Ads,2024-06-11
CUST05188,Sneha Deshmukh,Female,34,Bengaluru,Karnataka,R017,Premium,Google Ads,2024-09-02
CUST05189,Pooja Deshmukh,Female,49,Chennai,Tamil Nadu,R015,Premium,Google Ads,2023-07-12
CUST05190,Sneha Patil,Female,50,New Delhi,Delhi,R007,Corporate,Google Ads,2023-02-27
CUST05191,Kavya Sharma,Female,48,Vijayawada,Andhra Pradesh,R022,Standard,Email,2026-02-08
CUST05192,Ananya Verma,Male,23,Visakhapatnam,Andhra Pradesh,R023,Premium,Email,2023-05-09
CUST05193,Arjun Patil,Male,56,Hyderabad,Telangana,R019,Premium,Organic,2024-12-06
CUST05194,Aditya Mhaske,Female,26,Ahmedabad,Gujarat,R003,Standard,Email,2025-05-01
CUST05195,Rahul Sharma,Female,59,Mumbai,Maharashtra,R001,Standard,Google Ads,2023-01-08
CUST05196,Neha Kumar,Female,49,Surat,Gujarat,R004,Corporate,Google Ads,2023-01-29
CUST05197,Karan Mhaske,Male,53,Mysuru,Karnataka,R018,Standard,Email,2026-02-09
CUST05198,Vivaan Sharma,Male,33,Ludhiana,Punjab,R008,Standard,Referral,2025-08-04
CUST05199,Sneha Singh,Female,29,Hyderabad,Telangana,R019,Standard,Organic,2023-05-11
CUST05200,Isha Mehta,Female,58,Visakhapatnam,Andhra Pradesh,R023,Standard,Instagram,2023-07-07
CUST05201,Aarav Shah,Female,20,Visakhapatnam,Andhra Pradesh,R023,Corporate,Organic,2024-12-09
CUST05202,Rahul Deshmukh,Male,44,Indore,Madhya Pradesh,R025,Standard,Organic,2026-05-12
CUST05203,Ananya Deshmukh,Male,44,Udaipur,Rajasthan,R006,Standard,Organic,2023-07-31
CUST05204,Isha Nair,Female,26,Mumbai,Maharashtra,R001,Premium,Email,2023-10-03
CUST05205,Kavya Verma,Female,34,Ludhiana,Punjab,R008,Standard,Organic,2026-01-01
CUST05206,Amit Shah,Male,63,Mumbai,Maharashtra,R001,Premium,Google Ads,2023-08-31
CUST05207,Amit Verma,Male,22,Hyderabad,Telangana,R019,Premium,Organic,2026-01-30
CUST05208,Rahul Shah,Female,43,Noida,Uttar Pradesh,R011,Premium,Google Ads,2025-09-13
CUST05209,Neha Joshi,Female,38,Thiruvananthapuram,Kerala,R021,Premium,Email,2024-11-15
CUST05210,Meera Joshi,Male,18,Bhopal,Madhya Pradesh,R024,Standard,Email,2023-06-20
CUST05211,Priya Joshi,Male,18,Indore,Madhya Pradesh,R025,Standard,Organic,2024-10-14
CUST05212,Kavya Deshmukh,Male,52,Chennai,Tamil Nadu,R015,Standard,Google Ads,2023-07-07
CUST05213,Rahul Singh,Male,26,Visakhapatnam,Andhra Pradesh,R023,Standard,Google Ads,2026-01-14
CUST05214,Aditya Sharma,Female,40,Indore,Madhya Pradesh,R025,Standard,Google Ads,2023-02-21
CUST05215,Ananya Nair,Female,55,Noida,Uttar Pradesh,R011,Standard,Google Ads,2023-04-21
CUST05216,Vivaan Kumar,Female,58,Hyderabad,Telangana,R019,Standard,Instagram,2025-05-26
CUST05217,Isha Sharma,Female,21,Thiruvananthapuram,Kerala,R021,Standard,Email,2025-12-02
CUST05218,Priya Joshi,Male,36,Lucknow,Uttar Pradesh,R010,Standard,Google Ads,2023-07-30
CUST05219,Rahul Singh,Male,54,Bhopal,Madhya Pradesh,R024,Standard,Instagram,2026-05-08
CUST05220,Meera Kumar,Male,22,Kolkata,West Bengal,R012,Standard,Instagram,2025-05-07
CUST05221,Arjun Singh,Male,45,Mumbai,Maharashtra,R001,Premium,Email,2024-09-18
CUST05222,Pooja Shah,Male,63,Bhopal,Madhya Pradesh,R024,Premium,Referral,2025-11-15
CUST05223,Aditya Joshi,Female,59,New Delhi,Delhi,R007,Premium,Organic,2023-10-26
CUST05224,Vivaan Nair,Female,65,Bengaluru,Karnataka,R017,Premium,Email,2026-01-05
CUST05225,Karan Joshi,Female,40,Lucknow,Uttar Pradesh,R010,Premium,Referral,2025-07-12
CUST05226,Sneha Nair,Female,55,Udaipur,Rajasthan,R006,Premium,Organic,2023-05-17
CUST05227,Karan Patil,Female,40,Bengaluru,Karnataka,R017,Standard,Organic,2025-11-09
CUST05228,Aditya Nair,Female,63,Mysuru,Karnataka,R018,Standard,Organic,2024-03-15
CUST05229,Arjun Nair,Male,35,Jaipur,Rajasthan,R005,Premium,Instagram,2023-07-30
CUST05230,Neha Nair,Female,46,Mysuru,Karnataka,R018,Standard,Google Ads,2025-01-21
CUST05231,Sneha Gupta,Male,45,Bengaluru,Karnataka,R017,Standard,Organic,2024-03-10
CUST05232,Rohan Sharma,Male,26,Vijayawada,Andhra Pradesh,R022,Standard,Google Ads,2025-02-18
CUST05233,Arjun Verma,Male,56,Coimbatore,Tamil Nadu,R016,Standard,Organic,2026-05-15
CUST05234,Priya Kumar,Female,27,Ludhiana,Punjab,R008,Premium,Instagram,2024-03-14
CUST05235,Karan Mehta,Female,19,Bhopal,Madhya Pradesh,R024,Standard,Organic,2024-10-27
CUST05236,Rohan Kumar,Female,30,Bhubaneswar,Odisha,R013,Standard,Email,2025-12-01
CUST05237,Neha Gupta,Female,55,Bhopal,Madhya Pradesh,R024,Standard,Referral,2024-02-15
CUST05238,Aarav Sharma,Male,44,Coimbatore,Tamil Nadu,R016,Premium,Organic,2025-03-16
CUST05239,Vivaan Patil,Female,58,Noida,Uttar Pradesh,R011,Premium,Referral,2024-09-01
CUST05240,Rahul Joshi,Female,37,Udaipur,Rajasthan,R006,Standard,Referral,2024-03-02
CUST05241,Amit Verma,Female,57,Ahmedabad,Gujarat,R003,Premium,Instagram,2025-06-20
CUST05242,Isha Verma,Male,27,Mumbai,Maharashtra,R001,Standard,Referral,2025-07-30
CUST05243,Pooja Shah,Male,33,Mysuru,Karnataka,R018,Premium,Instagram,2025-01-11
CUST05244,Kavya Mehta,Female,32,Jaipur,Rajasthan,R005,Premium,Organic,2026-05-28
CUST05245,Aditya Shah,Male,30,Bhubaneswar,Odisha,R013,Corporate,Google Ads,2026-06-09
CUST05246,Vivaan Mhaske,Female,55,Lucknow,Uttar Pradesh,R010,Standard,Instagram,2023-11-24
CUST05247,Karan Sharma,Male,37,Jaipur,Rajasthan,R005,Standard,Referral,2023-02-21
CUST05248,Meera Verma,Female,41,Patna,Bihar,R014,Standard,Referral,2024-01-11
CUST05249,Amit Gupta,Male,58,Bengaluru,Karnataka,R017,Standard,Organic,2023-09-20
CUST05250,Vivaan Sharma,Female,24,Mumbai,Maharashtra,R001,Standard,Instagram,2023-09-24
CUST05251,Rohan Gupta,Male,40,Indore,Madhya Pradesh,R025,Standard,Organic,2023-12-25
CUST05252,Aditya Shah,Female,41,Pune,Maharashtra,R002,Standard,Instagram,2024-10-13
CUST05253,Ananya Shah,Male,46,New Delhi,Delhi,R007,Corporate,Google Ads,2023-02-15
CUST05254,Neha Mhaske,Female,22,Lucknow,Uttar Pradesh,R010,Standard,Email,2024-08-22
CUST05255,Meera Patil,Female,60,Kochi,Kerala,R020,Corporate,Organic,2024-12-20
CUST05256,Rahul Deshmukh,Male,62,New Delhi,Delhi,R007,Premium,Referral,2024-08-23
CUST05257,Karan Singh,Female,52,Bhopal,Madhya Pradesh,R024,Corporate,Organic,2024-01-16
CUST05258,Aditya Singh,Male,18,Coimbatore,Tamil Nadu,R016,Corporate,Instagram,2023-04-28
CUST05259,Rahul Sharma,Male,53,Jaipur,Rajasthan,R005,Premium,Organic,2023-04-26
CUST05260,Rahul Joshi,Male,35,Kolkata,West Bengal,R012,Premium,Google Ads,2023-09-17
CUST05261,Neha Nair,Female,23,Bengaluru,Karnataka,R017,Standard,Instagram,2026-01-03
CUST05262,Kavya Sharma,Male,40,Coimbatore,Tamil Nadu,R016,Standard,Referral,2023-11-01
CUST05263,Aditya Kumar,Male,27,Kochi,Kerala,R020,Corporate,Referral,2023-01-07
CUST05264,Rohan Gupta,Female,24,Coimbatore,Tamil Nadu,R016,Standard,Instagram,2024-01-01
CUST05265,Isha Mehta,Female,61,Hyderabad,Telangana,R019,Standard,Google Ads,2024-06-06
CUST05266,Vivaan Mhaske,Male,25,Chennai,Tamil Nadu,R015,Premium,Organic,2026-05-23
CUST05267,Sneha Patil,Female,30,Kolkata,West Bengal,R012,Standard,Email,2024-03-04
CUST05268,Aarav Joshi,Female,47,Thiruvananthapuram,Kerala,R021,Premium,Referral,2025-03-01
CUST05269,Pooja Mhaske,Male,35,Lucknow,Uttar Pradesh,R010,Standard,Google Ads,2025-01-16
CUST05270,Amit Nair,Female,31,Vijayawada,Andhra Pradesh,R022,Premium,Google Ads,2024-01-02
CUST05271,Amit Kumar,Male,28,Pune,Maharashtra,R002,Standard,Google Ads,2023-11-09
CUST05272,Aarav Gupta,Female,59,New Delhi,Delhi,R007,Corporate,Organic,2024-06-21
CUST05273,Priya Deshmukh,Male,55,Bhubaneswar,Odisha,R013,Standard,Google Ads,2025-07-09
CUST05274,Sneha Shah,Female,30,Ahmedabad,Gujarat,R003,Premium,Google Ads,2025-12-13
CUST05275,Amit Sharma,Male,59,Chennai,Tamil Nadu,R015,Standard,Instagram,2025-05-14
CUST05276,Karan Mhaske,Female,61,Mumbai,Maharashtra,R001,Standard,Instagram,2026-04-02
CUST05277,Isha Verma,Male,50,Ahmedabad,Gujarat,R003,Standard,Google Ads,2025-02-20
CUST05278,Arjun Mehta,Male,30,Indore,Madhya Pradesh,R025,Standard,Google Ads,2023-11-30
CUST05279,Pooja Nair,Male,42,Lucknow,Uttar Pradesh,R010,Premium,Instagram,2025-03-08
CUST05280,Karan Sharma,Female,41,Chennai,Tamil Nadu,R015,Standard,Organic,2023-12-14
CUST05281,Karan Deshmukh,Male,46,Vijayawada,Andhra Pradesh,R022,Standard,Instagram,2023-09-30
CUST05282,Neha Gupta,Male,53,Udaipur,Rajasthan,R006,Standard,Instagram,2025-08-20
CUST05283,Arjun Verma,Male,23,Kochi,Kerala,R020,Premium,Instagram,2024-12-20
CUST05284,Neha Kumar,Female,35,Chennai,Tamil Nadu,R015,Standard,Instagram,2024-05-14
CUST05285,Priya Mehta,Male,45,Bhopal,Madhya Pradesh,R024,Standard,Email,2026-01-21
CUST05286,Sneha Joshi,Female,22,Thiruvananthapuram,Kerala,R021,Premium,Referral,2024-11-15
CUST05287,Meera Nair,Male,35,New Delhi,Delhi,R007,Corporate,Organic,2023-03-20
CUST05288,Aditya Verma,Male,54,Indore,Madhya Pradesh,R025,Premium,Organic,2024-09-13
CUST05289,Kavya Deshmukh,Male,24,Thiruvananthapuram,Kerala,R021,Corporate,Google Ads,2026-05-25
CUST05290,Pooja Kumar,Female,26,Jaipur,Rajasthan,R005,Standard,Email,2025-08-04
CUST05291,Sneha Nair,Male,52,Surat,Gujarat,R004,Premium,Google Ads,2023-12-24
CUST05292,Aarav Mhaske,Male,29,Vijayawada,Andhra Pradesh,R022,Premium,Organic,2024-09-09
CUST05293,Pooja Nair,Male,63,Mysuru,Karnataka,R018,Corporate,Organic,2024-05-21
CUST05294,Priya Patil,Female,57,Ahmedabad,Gujarat,R003,Standard,Google Ads,2026-04-19
CUST05295,Vivaan Kumar,Male,61,Bengaluru,Karnataka,R017,Corporate,Referral,2024-07-29
CUST05296,Rohan Nair,Female,56,Mysuru,Karnataka,R018,Standard,Google Ads,2026-06-23
CUST05297,Sneha Nair,Male,41,Mysuru,Karnataka,R018,Premium,Referral,2023-09-01
CUST05298,Isha Singh,Male,26,Bhopal,Madhya Pradesh,R024,Standard,Referral,2024-05-20
CUST05299,Arjun Sharma,Male,29,Bhopal,Madhya Pradesh,R024,Standard,Instagram,2024-02-26
CUST05300,Ananya Joshi,Female,53,Pune,Maharashtra,R002,Standard,Organic,2026-01-15
CUST05301,Karan Patil,Female,54,Bhubaneswar,Odisha,R013,Standard,Instagram,2023-08-05
CUST05302,Vivaan Sharma,Male,26,Vijayawada,Andhra Pradesh,R022,Premium,Organic,2025-10-05
CUST05303,Arjun Singh,Female,56,Chennai,Tamil Nadu,R015,Premium,Instagram,2026-04-07
CUST05304,Pooja Gupta,Male,63,Jaipur,Rajasthan,R005,Premium,Referral,2023-11-26
CUST05305,Arjun Verma,Female,39,Ahmedabad,Gujarat,R003,Standard,Instagram,2024-10-11
CUST05306,Priya Joshi,Male,34,Jaipur,Rajasthan,R005,Corporate,Email,2024-01-26
CUST05307,Amit Patil,Male,50,Jaipur,Rajasthan,R005,Premium,Instagram,2024-01-16
CUST05308,Isha Joshi,Female,64,Jaipur,Rajasthan,R005,Standard,Instagram,2025-01-11
CUST05309,Vivaan Verma,Female,41,Ahmedabad,Gujarat,R003,Premium,Instagram,2025-03-30
CUST05310,Kavya Sharma,Male,32,Ahmedabad,Gujarat,R003,Standard,Email,2024-11-03
CUST05311,Rahul Sharma,Female,46,Kochi,Kerala,R020,Standard,Organic,2024-05-27
CUST05312,Meera Verma,Male,49,Visakhapatnam,Andhra Pradesh,R023,Standard,Instagram,2025-08-06
CUST05313,Isha Deshmukh,Female,50,Mysuru,Karnataka,R018,Standard,Organic,2026-04-26
CUST05314,Isha Nair,Male,46,Kochi,Kerala,R020,Standard,Google Ads,2025-07-18
CUST05315,Karan Singh,Female,32,Surat,Gujarat,R004,Standard,Referral,2025-07-01
CUST05316,Kavya Kumar,Male,44,Mumbai,Maharashtra,R001,Corporate,Google Ads,2024-10-05
CUST05317,Rahul Joshi,Male,51,Coimbatore,Tamil Nadu,R016,Standard,Email,2024-03-02
CUST05318,Karan Joshi,Male,21,Ludhiana,Punjab,R008,Standard,Email,2024-05-16
CUST05319,Pooja Verma,Male,65,Bengaluru,Karnataka,R017,Corporate,Organic,2024-12-30
CUST05320,Rahul Mehta,Male,35,Ludhiana,Punjab,R008,Standard,Organic,2023-03-12
CUST05321,Rohan Nair,Male,38,New Delhi,Delhi,R007,Premium,Instagram,2024-04-22
CUST05322,Meera Shah,Female,65,Indore,Madhya Pradesh,R025,Standard,Google Ads,2026-04-16
CUST05323,Rohan Deshmukh,Male,25,Ludhiana,Punjab,R008,Standard,Organic,2024-04-01
CUST05324,Priya Patil,Female,23,Thiruvananthapuram,Kerala,R021,Standard,Organic,2023-07-08
CUST05325,Rohan Mhaske,Female,37,Bhopal,Madhya Pradesh,R024,Corporate,Organic,2023-10-18
CUST05326,Pooja Patil,Female,19,Kolkata,West Bengal,R012,Standard,Referral,2025-07-08
CUST05327,Rohan Verma,Female,62,Coimbatore,Tamil Nadu,R016,Premium,Organic,2023-10-19
CUST05328,Rahul Gupta,Female,39,Kolkata,West Bengal,R012,Corporate,Referral,2025-01-25
CUST05329,Aditya Nair,Female,38,Hyderabad,Telangana,R019,Corporate,Email,2024-01-12
CUST05330,Arjun Mhaske,Male,23,Lucknow,Uttar Pradesh,R010,Standard,Instagram,2026-03-25
CUST05331,Amit Sharma,Female,49,New Delhi,Delhi,R007,Premium,Google Ads,2024-05-22
CUST05332,Meera Singh,Female,23,Kolkata,West Bengal,R012,Standard,Organic,2024-06-11
CUST05333,Arjun Sharma,Male,30,Kochi,Kerala,R020,Premium,Referral,2024-07-12
CUST05334,Aarav Gupta,Male,18,Jaipur,Rajasthan,R005,Standard,Organic,2026-04-25
CUST05335,Pooja Gupta,Male,39,Coimbatore,Tamil Nadu,R016,Standard,Organic,2025-11-20
CUST05336,Priya Joshi,Male,41,Amritsar,Punjab,R009,Standard,Referral,2023-09-17
CUST05337,Isha Nair,Male,58,New Delhi,Delhi,R007,Standard,Organic,2024-02-25
CUST05338,Arjun Deshmukh,Female,47,Kochi,Kerala,R020,Standard,Google Ads,2023-10-31
CUST05339,Arjun Joshi,Male,39,Vijayawada,Andhra Pradesh,R022,Standard,Email,2025-07-30
CUST05340,Rahul Gupta,Female,61,Patna,Bihar,R014,Standard,Instagram,2025-11-28
CUST05341,Rohan Kumar,Male,29,Noida,Uttar Pradesh,R011,Corporate,Organic,2024-06-25
CUST05342,Kavya Gupta,Female,43,New Delhi,Delhi,R007,Premium,Referral,2026-05-11
CUST05343,Kavya Mhaske,Male,21,Lucknow,Uttar Pradesh,R010,Standard,Google Ads,2025-12-25
CUST05344,Rohan Nair,Male,36,Amritsar,Punjab,R009,Corporate,Organic,2023-04-18
CUST05345,Pooja Patil,Male,33,Surat,Gujarat,R004,Standard,Email,2023-09-25
CUST05346,Sneha Nair,Male,29,Coimbatore,Tamil Nadu,R016,Standard,Email,2023-08-10
CUST05347,Karan Kumar,Male,50,Lucknow,Uttar Pradesh,R010,Standard,Referral,2026-01-18
CUST05348,Kavya Mhaske,Female,38,Hyderabad,Telangana,R019,Standard,Organic,2024-11-23
CUST05349,Sneha Kumar,Female,53,Bhopal,Madhya Pradesh,R024,Premium,Organic,2023-09-12
CUST05350,Neha Gupta,Female,26,Bengaluru,Karnataka,R017,Corporate,Organic,2023-09-10
CUST05351,Rahul Singh,Male,56,Amritsar,Punjab,R009,Standard,Email,2023-09-14
CUST05352,Amit Mhaske,Male,59,Bhubaneswar,Odisha,R013,Standard,Organic,2024-01-18
CUST05353,Rahul Sharma,Female,62,Mumbai,Maharashtra,R001,Standard,Organic,2024-03-17
CUST05354,Ananya Mehta,Male,25,Pune,Maharashtra,R002,Standard,Organic,2024-08-21
CUST05355,Rahul Verma,Male,37,Bhubaneswar,Odisha,R013,Premium,Organic,2026-01-18
CUST05356,Aarav Joshi,Male,27,Bhopal,Madhya Pradesh,R024,Premium,Referral,2024-01-25
CUST05357,Kavya Sharma,Male,49,Amritsar,Punjab,R009,Standard,Email,2024-08-04
CUST05358,Isha Kumar,Male,45,New Delhi,Delhi,R007,Premium,Instagram,2025-12-03
CUST05359,Meera Mehta,Male,27,Coimbatore,Tamil Nadu,R016,Standard,Referral,2024-08-20
CUST05360,Sneha Patil,Male,25,Hyderabad,Telangana,R019,Corporate,Organic,2023-01-19
CUST05361,Priya Nair,Female,64,New Delhi,Delhi,R007,Standard,Instagram,2026-01-29
CUST05362,Rahul Singh,Male,50,Udaipur,Rajasthan,R006,Premium,Google Ads,2024-08-29
CUST05363,Neha Joshi,Male,64,Mysuru,Karnataka,R018,Standard,Instagram,2023-02-02
CUST05364,Rohan Gupta,Female,30,Hyderabad,Telangana,R019,Standard,Referral,2026-06-06
CUST05365,Rohan Shah,Female,61,Noida,Uttar Pradesh,R011,Premium,Email,2025-05-11
CUST05366,Arjun Sharma,Male,52,Kolkata,West Bengal,R012,Standard,Referral,2023-06-04
CUST05367,Kavya Nair,Female,46,Lucknow,Uttar Pradesh,R010,Corporate,Email,2025-06-23
CUST05368,Neha Shah,Male,22,Bhubaneswar,Odisha,R013,Standard,Email,2026-06-23
CUST05369,Rahul Kumar,Male,20,Kolkata,West Bengal,R012,Corporate,Email,2024-02-09
CUST05370,Amit Kumar,Female,54,Thiruvananthapuram,Kerala,R021,Corporate,Google Ads,2025-04-23
CUST05371,Aarav Deshmukh,Female,58,Lucknow,Uttar Pradesh,R010,Standard,Instagram,2026-03-30
CUST05372,Aarav Mhaske,Male,23,Kochi,Kerala,R020,Standard,Referral,2025-01-16
CUST05373,Karan Nair,Female,65,Mysuru,Karnataka,R018,Premium,Referral,2026-02-14
CUST05374,Ananya Sharma,Female,59,Surat,Gujarat,R004,Standard,Email,2023-09-28
CUST05375,Pooja Sharma,Male,33,Bhopal,Madhya Pradesh,R024,Premium,Google Ads,2025-02-08
CUST05376,Rohan Gupta,Male,52,Jaipur,Rajasthan,R005,Premium,Google Ads,2023-06-21
CUST05377,Ananya Singh,Male,35,Jaipur,Rajasthan,R005,Premium,Organic,2023-10-01
CUST05378,Aditya Mehta,Female,28,Kolkata,West Bengal,R012,Standard,Google Ads,2023-09-16
CUST05379,Sneha Mehta,Male,40,Ahmedabad,Gujarat,R003,Premium,Email,2026-03-04
CUST05380,Rohan Patil,Female,64,Ludhiana,Punjab,R008,Standard,Email,2024-02-26
CUST05381,Karan Nair,Male,28,Vijayawada,Andhra Pradesh,R022,Premium,Instagram,2026-04-24
CUST05382,Rohan Verma,Male,46,Pune,Maharashtra,R002,Standard,Email,2023-12-30
CUST05383,Arjun Shah,Female,59,Mysuru,Karnataka,R018,Standard,Instagram,2024-01-13
CUST05384,Amit Mhaske,Female,44,Amritsar,Punjab,R009,Corporate,Google Ads,2024-08-02
CUST05385,Ananya Mhaske,Male,26,Bhubaneswar,Odisha,R013,Premium,Organic,2025-06-09
CUST05386,Rohan Deshmukh,Male,52,New Delhi,Delhi,R007,Corporate,Referral,2024-12-22
CUST05387,Aarav Gupta,Female,26,Lucknow,Uttar Pradesh,R010,Standard,Email,2026-05-04
CUST05388,Aarav Sharma,Male,35,Amritsar,Punjab,R009,Premium,Google Ads,2025-05-30
CUST05389,Aditya Mhaske,Male,61,Vijayawada,Andhra Pradesh,R022,Premium,Email,2026-01-26
CUST05390,Arjun Mhaske,Female,38,Chennai,Tamil Nadu,R015,Premium,Instagram,2024-08-27
CUST05391,Rohan Nair,Male,65,Jaipur,Rajasthan,R005,Standard,Google Ads,2023-01-22
CUST05392,Kavya Verma,Male,53,Kolkata,West Bengal,R012,Standard,Referral,2026-04-10
CUST05393,Karan Sharma,Male,18,Mumbai,Maharashtra,R001,Corporate,Instagram,2024-01-18
CUST05394,Karan Shah,Female,44,Kolkata,West Bengal,R012,Standard,Google Ads,2023-05-14
CUST05395,Aarav Shah,Male,62,Vijayawada,Andhra Pradesh,R022,Corporate,Referral,2025-11-14
CUST05396,Aarav Joshi,Female,57,Udaipur,Rajasthan,R006,Standard,Instagram,2024-05-17
CUST05397,Aarav Deshmukh,Male,55,Hyderabad,Telangana,R019,Corporate,Referral,2026-04-23
CUST05398,Pooja Kumar,Male,46,Hyderabad,Telangana,R019,Premium,Google Ads,2026-01-13
CUST05399,Isha Sharma,Male,57,Coimbatore,Tamil Nadu,R016,Premium,Instagram,2023-05-24
CUST05400,Vivaan Patil,Male,36,Hyderabad,Telangana,R019,Standard,Organic,2023-08-12
CUST05401,Vivaan Singh,Female,41,Ahmedabad,Gujarat,R003,Corporate,Email,2023-08-08
CUST05402,Arjun Kumar,Male,61,Visakhapatnam,Andhra Pradesh,R023,Standard,Organic,2023-06-28
CUST05403,Aarav Mehta,Female,18,Lucknow,Uttar Pradesh,R010,Premium,Referral,2024-03-08
CUST05404,Pooja Verma,Male,53,Mysuru,Karnataka,R018,Standard,Google Ads,2023-09-22
CUST05405,Meera Mehta,Male,40,Bhubaneswar,Odisha,R013,Premium,Email,2025-08-11
CUST05406,Ananya Gupta,Male,30,Mysuru,Karnataka,R018,Premium,Google Ads,2024-03-04
CUST05407,Neha Gupta,Female,47,Ahmedabad,Gujarat,R003,Standard,Referral,2024-02-20
CUST05408,Isha Shah,Female,54,Visakhapatnam,Andhra Pradesh,R023,Premium,Google Ads,2024-12-27
CUST05409,Aditya Shah,Female,28,Ahmedabad,Gujarat,R003,Standard,Instagram,2023-07-16
CUST05410,Arjun Mehta,Male,24,Visakhapatnam,Andhra Pradesh,R023,Corporate,Instagram,2025-12-12
CUST05411,Amit Sharma,Female,52,Indore,Madhya Pradesh,R025,Corporate,Referral,2024-04-24
CUST05412,Ananya Singh,Male,28,Kolkata,West Bengal,R012,Standard,Google Ads,2026-06-28
CUST05413,Karan Sharma,Female,60,Kochi,Kerala,R020,Standard,Referral,2025-06-08
CUST05414,Karan Joshi,Female,64,New Delhi,Delhi,R007,Premium,Email,2025-07-13
CUST05415,Aarav Deshmukh,Male,57,Indore,Madhya Pradesh,R025,Standard,Google Ads,2023-05-03
CUST05416,Ananya Mhaske,Male,65,Bhopal,Madhya Pradesh,R024,Standard,Instagram,2025-02-16
CUST05417,Vivaan Joshi,Female,38,Ludhiana,Punjab,R008,Standard,Organic,2023-12-14
CUST05418,Ananya Mhaske,Female,64,Amritsar,Punjab,R009,Standard,Instagram,2023-01-29
CUST05419,Aarav Mehta,Male,20,Patna,Bihar,R014,Standard,Google Ads,2025-09-01
CUST05420,Isha Mhaske,Female,47,Jaipur,Rajasthan,R005,Standard,Google Ads,2023-02-04
CUST05421,Rohan Mhaske,Female,41,Thiruvananthapuram,Kerala,R021,Standard,Google Ads,2024-09-14
CUST05422,Rahul Deshmukh,Male,55,Hyderabad,Telangana,R019,Premium,Google Ads,2024-08-11
CUST05423,Amit Patil,Male,20,Thiruvananthapuram,Kerala,R021,Standard,Email,2026-03-16
CUST05424,Aarav Joshi,Female,54,Coimbatore,Tamil Nadu,R016,Standard,Organic,2025-12-26
CUST05425,Arjun Shah,Male,50,Bhopal,Madhya Pradesh,R024,Premium,Instagram,2025-06-22
CUST05426,Amit Singh,Male,39,Kolkata,West Bengal,R012,Corporate,Email,2024-06-03
CUST05427,Amit Verma,Female,48,Thiruvananthapuram,Kerala,R021,Standard,Referral,2023-05-02
CUST05428,Aditya Nair,Female,63,Surat,Gujarat,R004,Premium,Google Ads,2023-12-06
CUST05429,Rahul Mhaske,Female,29,Ludhiana,Punjab,R008,Premium,Instagram,2023-06-24
CUST05430,Pooja Mhaske,Male,62,New Delhi,Delhi,R007,Standard,Referral,2024-08-19
CUST05431,Arjun Kumar,Female,31,Chennai,Tamil Nadu,R015,Standard,Organic,2024-03-26
CUST05432,Vivaan Verma,Female,29,Udaipur,Rajasthan,R006,Standard,Instagram,2024-07-10
CUST05433,Ananya Mhaske,Male,44,Jaipur,Rajasthan,R005,Premium,Email,2026-03-05
CUST05434,Amit Patil,Female,30,Patna,Bihar,R014,Standard,Referral,2025-11-05
CUST05435,Aarav Mehta,Female,41,Thiruvananthapuram,Kerala,R021,Corporate,Instagram,2026-05-03
CUST05436,Aarav Singh,Female,55,Bhubaneswar,Odisha,R013,Premium,Email,2023-01-09
CUST05437,Aditya Joshi,Female,64,Lucknow,Uttar Pradesh,R010,Standard,Google Ads,2023-11-30
CUST05438,Karan Gupta,Male,65,Mysuru,Karnataka,R018,Standard,Instagram,2025-10-13
CUST05439,Rahul Nair,Male,26,Surat,Gujarat,R004,Standard,Google Ads,2023-11-23
CUST05440,Vivaan Kumar,Female,25,Ludhiana,Punjab,R008,Standard,Referral,2023-01-15
CUST05441,Priya Sharma,Female,54,Bhopal,Madhya Pradesh,R024,Standard,Referral,2025-04-18
CUST05442,Priya Deshmukh,Female,32,Noida,Uttar Pradesh,R011,Premium,Referral,2023-08-14
CUST05443,Aarav Sharma,Male,24,Bengaluru,Karnataka,R017,Premium,Google Ads,2023-04-23
CUST05444,Aarav Joshi,Male,41,Mysuru,Karnataka,R018,Standard,Google Ads,2023-01-01
CUST05445,Arjun Nair,Male,33,Thiruvananthapuram,Kerala,R021,Premium,Email,2023-09-23
CUST05446,Amit Gupta,Female,41,Indore,Madhya Pradesh,R025,Standard,Instagram,2026-05-16
CUST05447,Meera Nair,Male,60,Noida,Uttar Pradesh,R011,Standard,Email,2025-08-09
CUST05448,Meera Joshi,Female,24,Coimbatore,Tamil Nadu,R016,Premium,Google Ads,2023-11-02
CUST05449,Priya Joshi,Male,60,Kolkata,West Bengal,R012,Standard,Instagram,2023-01-12
CUST05450,Arjun Patil,Male,45,Bhubaneswar,Odisha,R013,Premium,Referral,2025-07-25
CUST05451,Karan Patil,Male,19,Coimbatore,Tamil Nadu,R016,Corporate,Email,2024-02-24
CUST05452,Meera Deshmukh,Female,51,Visakhapatnam,Andhra Pradesh,R023,Premium,Email,2025-06-07
CUST05453,Rahul Deshmukh,Female,55,Thiruvananthapuram,Kerala,R021,Standard,Email,2023-06-20
CUST05454,Kavya Deshmukh,Female,20,Mumbai,Maharashtra,R001,Standard,Google Ads,2023-05-14
CUST05455,Pooja Kumar,Female,18,Coimbatore,Tamil Nadu,R016,Standard,Instagram,2025-08-22
CUST05456,Karan Verma,Male,48,Chennai,Tamil Nadu,R015,Premium,Referral,2025-11-14
CUST05457,Meera Verma,Male,40,Udaipur,Rajasthan,R006,Premium,Google Ads,2026-04-28
CUST05458,Pooja Patil,Female,37,Kolkata,West Bengal,R012,Premium,Referral,2026-03-10
CUST05459,Arjun Verma,Female,33,Ludhiana,Punjab,R008,Premium,Organic,2024-10-19
CUST05460,Rohan Mhaske,Male,63,New Delhi,Delhi,R007,Premium,Organic,2026-01-20
CUST05461,Vivaan Kumar,Female,49,Pune,Maharashtra,R002,Premium,Referral,2023-06-28
CUST05462,Vivaan Kumar,Male,34,Kolkata,West Bengal,R012,Standard,Organic,2025-12-15
CUST05463,Amit Mhaske,Male,35,Thiruvananthapuram,Kerala,R021,Premium,Instagram,2026-03-24
CUST05464,Rohan Singh,Male,21,Patna,Bihar,R014,Premium,Instagram,2023-04-21
CUST05465,Priya Gupta,Female,52,Coimbatore,Tamil Nadu,R016,Standard,Google Ads,2023-05-17
CUST05466,Isha Kumar,Male,57,Noida,Uttar Pradesh,R011,Corporate,Referral,2023-08-20
CUST05467,Kavya Shah,Male,53,Kochi,Kerala,R020,Corporate,Google Ads,2025-09-18
CUST05468,Meera Nair,Male,40,Amritsar,Punjab,R009,Standard,Instagram,2024-04-12
CUST05469,Meera Gupta,Male,32,Lucknow,Uttar Pradesh,R010,Premium,Instagram,2025-01-01
CUST05470,Meera Joshi,Male,30,Bengaluru,Karnataka,R017,Standard,Instagram,2024-04-25
CUST05471,Meera Singh,Male,31,Kolkata,West Bengal,R012,Standard,Email,2025-12-27
CUST05472,Ananya Joshi,Male,31,Udaipur,Rajasthan,R006,Standard,Organic,2025-03-24
CUST05473,Isha Deshmukh,Female,54,Hyderabad,Telangana,R019,Standard,Google Ads,2026-06-26
CUST05474,Aditya Mehta,Male,22,Noida,Uttar Pradesh,R011,Standard,Google Ads,2025-09-20
CUST05475,Amit Mehta,Male,39,Amritsar,Punjab,R009,Standard,Instagram,2023-11-19
CUST05476,Aditya Patil,Male,45,Thiruvananthapuram,Kerala,R021,Premium,Email,2025-07-10
CUST05477,Meera Nair,Female,62,Udaipur,Rajasthan,R006,Standard,Google Ads,2025-06-22
CUST05478,Amit Verma,Female,21,Indore,Madhya Pradesh,R025,Standard,Google Ads,2024-08-28
CUST05479,Aarav Singh,Male,55,Indore,Madhya Pradesh,R025,Standard,Email,2024-03-04
CUST05480,Ananya Singh,Female,46,Bhopal,Madhya Pradesh,R024,Standard,Instagram,2023-05-28
CUST05481,Rohan Patil,Female,54,Indore,Madhya Pradesh,R025,Standard,Email,2026-02-15
CUST05482,Aarav Mhaske,Female,52,Coimbatore,Tamil Nadu,R016,Standard,Organic,2025-04-29
CUST05483,Sneha Patil,Male,37,Kochi,Kerala,R020,Standard,Google Ads,2024-01-02
CUST05484,Rohan Nair,Male,52,Coimbatore,Tamil Nadu,R016,Standard,Organic,2025-04-29
CUST05485,Rohan Gupta,Female,52,Udaipur,Rajasthan,R006,Standard,Google Ads,2025-12-25
CUST05486,Priya Mehta,Female,37,Jaipur,Rajasthan,R005,Corporate,Organic,2025-03-23
CUST05487,Rahul Deshmukh,Female,19,Thiruvananthapuram,Kerala,R021,Standard,Google Ads,2023-06-24
CUST05488,Pooja Gupta,Male,35,Surat,Gujarat,R004,Premium,Instagram,2024-08-10
CUST05489,Isha Mehta,Male,47,Pune,Maharashtra,R002,Standard,Referral,2024-05-09
CUST05490,Rohan Shah,Female,59,Udaipur,Rajasthan,R006,Standard,Email,2025-08-30
CUST05491,Arjun Mehta,Female,46,Amritsar,Punjab,R009,Standard,Google Ads,2026-02-11
CUST05492,Pooja Sharma,Male,56,Bengaluru,Karnataka,R017,Corporate,Email,2026-02-08
CUST05493,Arjun Patil,Male,39,Patna,Bihar,R014,Standard,Google Ads,2026-03-16
CUST05494,Priya Mhaske,Male,46,New Delhi,Delhi,R007,Premium,Referral,2023-02-04
CUST05495,Amit Joshi,Female,63,Vijayawada,Andhra Pradesh,R022,Premium,Instagram,2025-09-25
CUST05496,Aarav Kumar,Female,27,Hyderabad,Telangana,R019,Standard,Instagram,2024-06-21
CUST05497,Meera Joshi,Female,37,Mumbai,Maharashtra,R001,Corporate,Email,2025-01-19
CUST05498,Aarav Kumar,Female,33,Kochi,Kerala,R020,Standard,Referral,2025-11-03
CUST05499,Pooja Patil,Male,23,Indore,Madhya Pradesh,R025,Standard,Email,2024-01-09
CUST05500,Karan Mhaske,Female,34,Chennai,Tamil Nadu,R015,Standard,Instagram,2024-07-10
CUST05501,Priya Joshi,Female,23,Mysuru,Karnataka,R018,Standard,Organic,2023-08-21
CUST05502,Isha Singh,Female,39,Ahmedabad,Gujarat,R003,Standard,Email,2024-12-05
CUST05503,Rahul Shah,Female,35,Mysuru,Karnataka,R018,Premium,Google Ads,2024-07-16
CUST05504,Priya Shah,Male,49,Pune,Maharashtra,R002,Standard,Instagram,2025-07-27
CUST05505,Vivaan Patil,Female,45,Lucknow,Uttar Pradesh,R010,Premium,Google Ads,2025-06-05
CUST05506,Isha Nair,Female,59,Noida,Uttar Pradesh,R011,Standard,Referral,2024-12-26
CUST05507,Kavya Sharma,Female,27,Bhopal,Madhya Pradesh,R024,Corporate,Instagram,2023-03-17
CUST05508,Pooja Deshmukh,Male,58,Ahmedabad,Gujarat,R003,Standard,Instagram,2024-03-14
CUST05509,Meera Shah,Female,39,New Delhi,Delhi,R007,Premium,Email,2024-11-29
CUST05510,Karan Kumar,Male,45,Ludhiana,Punjab,R008,Premium,Email,2025-07-03
CUST05511,Aarav Gupta,Male,32,Hyderabad,Telangana,R019,Standard,Google Ads,2025-06-09
CUST05512,Sneha Singh,Male,60,Mysuru,Karnataka,R018,Standard,Email,2024-11-22
CUST05513,Kavya Patil,Female,46,Bhubaneswar,Odisha,R013,Standard,Organic,2023-09-10
CUST05514,Priya Gupta,Male,24,Bhubaneswar,Odisha,R013,Standard,Instagram,2026-02-23
CUST05515,Rohan Deshmukh,Male,51,Bhopal,Madhya Pradesh,R024,Standard,Referral,2026-04-15
CUST05516,Kavya Mehta,Female,49,Hyderabad,Telangana,R019,Premium,Instagram,2025-11-26
CUST05517,Aarav Mehta,Female,19,Visakhapatnam,Andhra Pradesh,R023,Standard,Google Ads,2024-02-14
CUST05518,Aditya Nair,Female,43,Kolkata,West Bengal,R012,Standard,Email,2023-05-07
CUST05519,Neha Sharma,Male,62,Bengaluru,Karnataka,R017,Standard,Instagram,2026-04-06
CUST05520,Aarav Sharma,Female,28,Vijayawada,Andhra Pradesh,R022,Premium,Email,2024-08-14
CUST05521,Amit Gupta,Male,42,Kolkata,West Bengal,R012,Standard,Google Ads,2023-10-21
CUST05522,Rohan Kumar,Male,36,Bhubaneswar,Odisha,R013,Standard,Email,2025-10-16
CUST05523,Pooja Patil,Male,37,Indore,Madhya Pradesh,R025,Standard,Referral,2023-11-06
CUST05524,Isha Patil,Female,50,Kolkata,West Bengal,R012,Standard,Google Ads,2024-10-23
CUST05525,Aditya Mhaske,Male,34,Hyderabad,Telangana,R019,Premium,Instagram,2024-06-11
CUST05526,Isha Mhaske,Male,47,Patna,Bihar,R014,Premium,Instagram,2024-06-23
CUST05527,Arjun Mhaske,Male,35,New Delhi,Delhi,R007,Premium,Referral,2024-02-23
CUST05528,Vivaan Deshmukh,Male,49,Bhubaneswar,Odisha,R013,Standard,Organic,2024-03-19
CUST05529,Rohan Mhaske,Female,57,Udaipur,Rajasthan,R006,Corporate,Email,2024-11-15
CUST05530,Neha Verma,Female,62,Bhopal,Madhya Pradesh,R024,Standard,Instagram,2025-04-19
CUST05531,Arjun Kumar,Male,21,Hyderabad,Telangana,R019,Standard,Referral,2023-08-24
CUST05532,Amit Joshi,Male,49,Hyderabad,Telangana,R019,Standard,Email,2023-08-02
CUST05533,Priya Joshi,Male,36,Surat,Gujarat,R004,Standard,Google Ads,2023-03-26
CUST05534,Priya Shah,Female,20,Hyderabad,Telangana,R019,Standard,Referral,2025-03-04
CUST05535,Meera Gupta,Male,55,Amritsar,Punjab,R009,Standard,Google Ads,2023-03-26
CUST05536,Kavya Joshi,Male,45,Coimbatore,Tamil Nadu,R016,Standard,Google Ads,2023-03-06
CUST05537,Arjun Kumar,Male,55,Surat,Gujarat,R004,Standard,Google Ads,2024-10-24
CUST05538,Neha Nair,Male,23,Udaipur,Rajasthan,R006,Premium,Email,2024-09-18
CUST05539,Aditya Joshi,Male,57,Ludhiana,Punjab,R008,Corporate,Organic,2023-03-05
CUST05540,Sneha Mehta,Male,34,Bhopal,Madhya Pradesh,R024,Standard,Google Ads,2025-07-27
CUST05541,Neha Sharma,Male,59,Coimbatore,Tamil Nadu,R016,Premium,Instagram,2025-07-07
CUST05542,Vivaan Joshi,Male,22,Jaipur,Rajasthan,R005,Premium,Email,2026-03-27
CUST05543,Kavya Patil,Female,36,Thiruvananthapuram,Kerala,R021,Corporate,Email,2024-05-05
CUST05544,Amit Sharma,Male,60,Vijayawada,Andhra Pradesh,R022,Standard,Google Ads,2026-06-02
CUST05545,Kavya Mhaske,Male,59,Lucknow,Uttar Pradesh,R010,Premium,Instagram,2023-11-09
CUST05546,Kavya Gupta,Female,52,Visakhapatnam,Andhra Pradesh,R023,Standard,Referral,2024-09-06
CUST05547,Pooja Nair,Female,39,Bhubaneswar,Odisha,R013,Premium,Email,2025-07-07
CUST05548,Pooja Shah,Male,41,Patna,Bihar,R014,Premium,Google Ads,2025-03-23
CUST05549,Rohan Deshmukh,Female,27,New Delhi,Delhi,R007,Premium,Google Ads,2025-07-28
CUST05550,Neha Mhaske,Male,19,Kochi,Kerala,R020,Standard,Organic,2026-01-16
CUST05551,Pooja Kumar,Female,45,Udaipur,Rajasthan,R006,Premium,Organic,2024-11-10
CUST05552,Meera Verma,Female,58,New Delhi,Delhi,R007,Standard,Referral,2024-03-10
CUST05553,Amit Singh,Male,54,Jaipur,Rajasthan,R005,Standard,Referral,2024-11-12
CUST05554,Karan Singh,Male,34,Thiruvananthapuram,Kerala,R021,Standard,Referral,2026-03-04
CUST05555,Arjun Patil,Male,23,Mysuru,Karnataka,R018,Premium,Referral,2025-12-09
CUST05556,Amit Shah,Female,60,Visakhapatnam,Andhra Pradesh,R023,Corporate,Google Ads,2023-12-06
CUST05557,Kavya Shah,Female,22,Kolkata,West Bengal,R012,Premium,Google Ads,2023-12-13
CUST05558,Arjun Deshmukh,Female,56,Udaipur,Rajasthan,R006,Standard,Google Ads,2024-10-07
CUST05559,Neha Joshi,Male,24,Mumbai,Maharashtra,R001,Standard,Instagram,2024-10-10
CUST05560,Rahul Mhaske,Male,49,Surat,Gujarat,R004,Standard,Referral,2023-09-02
CUST05561,Aditya Deshmukh,Female,21,Hyderabad,Telangana,R019,Standard,Instagram,2023-04-19
CUST05562,Neha Nair,Male,38,Kolkata,West Bengal,R012,Standard,Email,2024-06-16
CUST05563,Isha Shah,Male,59,Chennai,Tamil Nadu,R015,Standard,Email,2026-01-18
CUST05564,Meera Verma,Male,49,Ahmedabad,Gujarat,R003,Standard,Google Ads,2023-10-23
CUST05565,Ananya Sharma,Female,35,Visakhapatnam,Andhra Pradesh,R023,Corporate,Email,2023-04-22
CUST05566,Isha Mehta,Female,50,Kochi,Kerala,R020,Premium,Google Ads,2026-04-15
CUST05567,Rahul Kumar,Female,31,Ludhiana,Punjab,R008,Premium,Referral,2023-12-09
CUST05568,Priya Verma,Male,23,Noida,Uttar Pradesh,R011,Standard,Instagram,2023-04-11
CUST05569,Priya Mehta,Female,28,Coimbatore,Tamil Nadu,R016,Standard,Google Ads,2024-09-20
CUST05570,Arjun Nair,Female,63,Amritsar,Punjab,R009,Standard,Organic,2023-01-28
CUST05571,Pooja Deshmukh,Male,37,Ahmedabad,Gujarat,R003,Standard,Organic,2025-07-25
CUST05572,Kavya Deshmukh,Male,46,Jaipur,Rajasthan,R005,Premium,Referral,2023-02-27
CUST05573,Amit Mehta,Male,52,Kochi,Kerala,R020,Standard,Instagram,2023-10-24
CUST05574,Karan Nair,Female,33,Patna,Bihar,R014,Premium,Google Ads,2023-05-14
CUST05575,Sneha Verma,Male,65,Chennai,Tamil Nadu,R015,Corporate,Referral,2023-09-06
CUST05576,Karan Singh,Male,24,Udaipur,Rajasthan,R006,Standard,Instagram,2025-10-17
CUST05577,Meera Mhaske,Male,57,Surat,Gujarat,R004,Standard,Organic,2024-07-03
CUST05578,Amit Mhaske,Female,53,Ludhiana,Punjab,R008,Corporate,Google Ads,2025-06-20
CUST05579,Ananya Joshi,Male,61,Hyderabad,Telangana,R019,Premium,Instagram,2026-01-03
CUST05580,Rahul Verma,Male,61,Jaipur,Rajasthan,R005,Premium,Email,2025-04-13
CUST05581,Aditya Kumar,Male,48,Bhubaneswar,Odisha,R013,Premium,Google Ads,2026-04-06
CUST05582,Arjun Kumar,Male,59,Coimbatore,Tamil Nadu,R016,Standard,Email,2025-02-09
CUST05583,Priya Mhaske,Male,61,Mumbai,Maharashtra,R001,Standard,Referral,2026-06-02
CUST05584,Priya Deshmukh,Male,60,Bhubaneswar,Odisha,R013,Standard,Instagram,2023-05-26
CUST05585,Rohan Gupta,Female,60,Vijayawada,Andhra Pradesh,R022,Standard,Instagram,2026-06-18
CUST05586,Rahul Mhaske,Female,64,Noida,Uttar Pradesh,R011,Standard,Instagram,2025-06-11
CUST05587,Vivaan Singh,Female,23,Thiruvananthapuram,Kerala,R021,Standard,Instagram,2023-12-10
CUST05588,Ananya Sharma,Male,46,Ludhiana,Punjab,R008,Premium,Google Ads,2025-11-24
CUST05589,Kavya Joshi,Female,44,Indore,Madhya Pradesh,R025,Standard,Email,2024-12-02
CUST05590,Kavya Gupta,Male,60,Ludhiana,Punjab,R008,Standard,Email,2023-01-01
CUST05591,Arjun Deshmukh,Male,19,Bhopal,Madhya Pradesh,R024,Standard,Referral,2023-06-02
CUST05592,Priya Sharma,Female,39,Patna,Bihar,R014,Premium,Referral,2024-03-04
CUST05593,Ananya Verma,Female,26,Bhubaneswar,Odisha,R013,Standard,Instagram,2024-05-22
CUST05594,Meera Mhaske,Male,28,Ahmedabad,Gujarat,R003,Premium,Organic,2026-02-23
CUST05595,Rohan Gupta,Female,33,Surat,Gujarat,R004,Premium,Organic,2024-05-05
CUST05596,Amit Sharma,Female,62,Kochi,Kerala,R020,Standard,Instagram,2023-12-11
CUST05597,Isha Gupta,Female,30,Chennai,Tamil Nadu,R015,Standard,Email,2023-08-09
CUST05598,Pooja Patil,Female,35,Chennai,Tamil Nadu,R015,Premium,Referral,2024-12-23
CUST05599,Vivaan Shah,Female,42,Thiruvananthapuram,Kerala,R021,Standard,Google Ads,2025-11-14
CUST05600,Kavya Shah,Male,50,Bhubaneswar,Odisha,R013,Standard,Organic,2024-06-11
CUST05601,Vivaan Deshmukh,Male,27,Amritsar,Punjab,R009,Standard,Referral,2026-04-20
CUST05602,Priya Mhaske,Female,47,Indore,Madhya Pradesh,R025,Corporate,Organic,2025-04-20
CUST05603,Arjun Gupta,Male,18,Lucknow,Uttar Pradesh,R010,Standard,Email,2025-12-01
CUST05604,Pooja Verma,Male,50,Kolkata,West Bengal,R012,Corporate,Email,2024-04-25
CUST05605,Arjun Gupta,Male,32,Patna,Bihar,R014,Standard,Instagram,2025-07-18
CUST05606,Priya Deshmukh,Male,46,Mumbai,Maharashtra,R001,Standard,Instagram,2025-05-21
CUST05607,Sneha Deshmukh,Female,19,Patna,Bihar,R014,Premium,Organic,2023-12-11
CUST05608,Pooja Singh,Female,28,Patna,Bihar,R014,Standard,Organic,2023-02-14
CUST05609,Ananya Nair,Male,51,Ludhiana,Punjab,R008,Standard,Referral,2023-01-21
CUST05610,Pooja Mhaske,Female,58,Coimbatore,Tamil Nadu,R016,Standard,Instagram,2025-12-29
CUST05611,Rohan Mehta,Female,36,Patna,Bihar,R014,Standard,Email,2025-05-22
CUST05612,Arjun Mhaske,Male,19,Mumbai,Maharashtra,R001,Standard,Referral,2023-02-17
CUST05613,Rohan Shah,Female,65,Coimbatore,Tamil Nadu,R016,Premium,Referral,2024-07-04
CUST05614,Rohan Patil,Male,37,Mysuru,Karnataka,R018,Premium,Google Ads,2023-10-14
CUST05615,Neha Kumar,Male,58,New Delhi,Delhi,R007,Corporate,Email,2025-09-28
CUST05616,Rohan Sharma,Male,48,Chennai,Tamil Nadu,R015,Premium,Referral,2025-10-30
CUST05617,Sneha Patil,Female,21,Bhopal,Madhya Pradesh,R024,Premium,Google Ads,2024-06-25
CUST05618,Kavya Verma,Male,46,Bengaluru,Karnataka,R017,Premium,Instagram,2025-01-25
CUST05619,Amit Deshmukh,Female,47,Hyderabad,Telangana,R019,Corporate,Email,2023-10-01
CUST05620,Priya Gupta,Female,30,Visakhapatnam,Andhra Pradesh,R023,Standard,Instagram,2025-08-13
CUST05621,Priya Patil,Male,32,Bhubaneswar,Odisha,R013,Standard,Google Ads,2024-08-22
CUST05622,Kavya Shah,Male,37,Amritsar,Punjab,R009,Premium,Email,2024-01-16
CUST05623,Ananya Shah,Male,51,Bhopal,Madhya Pradesh,R024,Standard,Organic,2024-04-23
CUST05624,Aarav Mehta,Male,45,Bhopal,Madhya Pradesh,R024,Corporate,Organic,2023-01-15
CUST05625,Pooja Sharma,Female,37,Chennai,Tamil Nadu,R015,Standard,Organic,2024-05-30
CUST05626,Rahul Joshi,Male,42,Indore,Madhya Pradesh,R025,Standard,Referral,2023-07-10
CUST05627,Neha Deshmukh,Female,44,Ahmedabad,Gujarat,R003,Premium,Organic,2026-04-06
CUST05628,Karan Sharma,Male,47,Bhopal,Madhya Pradesh,R024,Standard,Referral,2024-09-12
CUST05629,Rahul Singh,Female,58,Mumbai,Maharashtra,R001,Corporate,Referral,2026-03-06
CUST05630,Rohan Verma,Female,37,Coimbatore,Tamil Nadu,R016,Corporate,Google Ads,2023-06-03
CUST05631,Aarav Mhaske,Female,18,Ludhiana,Punjab,R008,Premium,Organic,2026-05-17
CUST05632,Priya Verma,Female,52,Visakhapatnam,Andhra Pradesh,R023,Standard,Email,2023-09-29
CUST05633,Arjun Verma,Male,60,Bhubaneswar,Odisha,R013,Standard,Referral,2023-05-23
CUST05634,Pooja Gupta,Male,41,Ludhiana,Punjab,R008,Standard,Google Ads,2025-12-28
CUST05635,Isha Shah,Female,42,Bengaluru,Karnataka,R017,Premium,Referral,2023-09-04
CUST05636,Neha Verma,Female,57,Vijayawada,Andhra Pradesh,R022,Standard,Email,2025-02-26
CUST05637,Neha Deshmukh,Male,29,Visakhapatnam,Andhra Pradesh,R023,Standard,Email,2023-03-20
CUST05638,Aarav Gupta,Male,28,Patna,Bihar,R014,Standard,Organic,2024-09-14
CUST05639,Neha Verma,Male,47,Thiruvananthapuram,Kerala,R021,Standard,Referral,2024-06-08
CUST05640,Rahul Verma,Female,30,Thiruvananthapuram,Kerala,R021,Corporate,Email,2025-02-10
CUST05641,Isha Patil,Male,64,New Delhi,Delhi,R007,Standard,Instagram,2025-07-26
CUST05642,Priya Patil,Male,42,Chennai,Tamil Nadu,R015,Standard,Email,2026-04-27
CUST05643,Vivaan Sharma,Female,42,Coimbatore,Tamil Nadu,R016,Premium,Email,2026-01-23
CUST05644,Meera Mhaske,Male,34,Hyderabad,Telangana,R019,Premium,Referral,2024-09-08
CUST05645,Kavya Shah,Male,29,Udaipur,Rajasthan,R006,Premium,Email,2025-10-28
CUST05646,Priya Sharma,Male,28,Visakhapatnam,Andhra Pradesh,R023,Premium,Google Ads,2023-03-08
CUST05647,Arjun Sharma,Male,27,Mumbai,Maharashtra,R001,Standard,Email,2023-07-10
CUST05648,Arjun Mhaske,Male,34,Kolkata,West Bengal,R012,Standard,Instagram,2025-02-06
CUST05649,Neha Sharma,Male,62,Mysuru,Karnataka,R018,Corporate,Email,2024-06-04
CUST05650,Pooja Kumar,Male,33,Coimbatore,Tamil Nadu,R016,Corporate,Organic,2025-09-16
CUST05651,Ananya Deshmukh,Female,37,Kolkata,West Bengal,R012,Premium,Referral,2026-02-14
CUST05652,Sneha Joshi,Female,22,Kochi,Kerala,R020,Premium,Instagram,2023-09-24
CUST05653,Aarav Verma,Male,58,Bhubaneswar,Odisha,R013,Corporate,Google Ads,2024-04-29
CUST05654,Priya Sharma,Male,49,Ludhiana,Punjab,R008,Standard,Email,2026-04-02
CUST05655,Arjun Mhaske,Female,44,Vijayawada,Andhra Pradesh,R022,Standard,Email,2024-01-11
CUST05656,Vivaan Sharma,Male,21,Mumbai,Maharashtra,R001,Premium,Google Ads,2024-10-14
CUST05657,Rohan Nair,Male,58,Thiruvananthapuram,Kerala,R021,Corporate,Email,2024-07-02
CUST05658,Amit Singh,Male,65,New Delhi,Delhi,R007,Premium,Organic,2026-01-02
CUST05659,Neha Nair,Female,24,Chennai,Tamil Nadu,R015,Premium,Instagram,2023-03-14
CUST05660,Neha Patil,Male,63,Vijayawada,Andhra Pradesh,R022,Standard,Email,2023-11-04
CUST05661,Kavya Patil,Female,31,Bhubaneswar,Odisha,R013,Standard,Google Ads,2023-07-18
CUST05662,Neha Sharma,Female,56,Bhubaneswar,Odisha,R013,Standard,Google Ads,2026-02-27
CUST05663,Rahul Sharma,Female,41,Amritsar,Punjab,R009,Corporate,Instagram,2024-07-25
CUST05664,Amit Deshmukh,Male,65,Bhopal,Madhya Pradesh,R024,Standard,Organic,2025-03-01
CUST05665,Rohan Patil,Female,35,Chennai,Tamil Nadu,R015,Standard,Instagram,2026-03-20
CUST05666,Rohan Deshmukh,Male,55,Surat,Gujarat,R004,Corporate,Email,2026-05-14
CUST05667,Aditya Deshmukh,Female,56,Bhubaneswar,Odisha,R013,Standard,Organic,2023-06-28
CUST05668,Karan Nair,Male,57,Kolkata,West Bengal,R012,Premium,Organic,2023-07-16
CUST05669,Amit Kumar,Male,18,Jaipur,Rajasthan,R005,Standard,Google Ads,2025-01-04
CUST05670,Priya Singh,Female,34,New Delhi,Delhi,R007,Standard,Organic,2023-03-30
CUST05671,Aditya Joshi,Male,43,Ludhiana,Punjab,R008,Premium,Email,2025-03-09
CUST05672,Arjun Shah,Male,39,Jaipur,Rajasthan,R005,Corporate,Email,2025-02-26
CUST05673,Priya Gupta,Male,56,Amritsar,Punjab,R009,Standard,Email,2025-01-17
CUST05674,Karan Joshi,Female,35,Patna,Bihar,R014,Premium,Referral,2026-04-21
CUST05675,Amit Kumar,Male,55,Kolkata,West Bengal,R012,Standard,Organic,2023-07-28
CUST05676,Priya Mhaske,Female,45,Surat,Gujarat,R004,Standard,Organic,2024-05-07
CUST05677,Aditya Patil,Female,38,Kochi,Kerala,R020,Standard,Email,2026-02-27
CUST05678,Kavya Sharma,Female,55,Ludhiana,Punjab,R008,Corporate,Google Ads,2024-10-26
CUST05679,Priya Singh,Male,50,Bengaluru,Karnataka,R017,Standard,Organic,2025-11-02
CUST05680,Rohan Mehta,Female,47,Ludhiana,Punjab,R008,Standard,Referral,2025-05-20
CUST05681,Sneha Kumar,Male,59,Thiruvananthapuram,Kerala,R021,Premium,Organic,2025-01-01
CUST05682,Meera Singh,Female,25,Mumbai,Maharashtra,R001,Standard,Instagram,2026-02-03
CUST05683,Rohan Sharma,Female,47,Kochi,Kerala,R020,Standard,Referral,2024-11-28
CUST05684,Sneha Joshi,Male,56,Pune,Maharashtra,R002,Standard,Google Ads,2026-01-27
CUST05685,Amit Mehta,Female,26,Surat,Gujarat,R004,Premium,Referral,2024-08-16
CUST05686,Neha Nair,Male,50,Bhopal,Madhya Pradesh,R024,Standard,Referral,2025-06-04
CUST05687,Amit Kumar,Male,60,Thiruvananthapuram,Kerala,R021,Premium,Organic,2025-05-01
CUST05688,Arjun Deshmukh,Male,46,Mumbai,Maharashtra,R001,Standard,Referral,2026-04-30
CUST05689,Kavya Sharma,Female,48,New Delhi,Delhi,R007,Standard,Email,2023-11-21
CUST05690,Karan Mhaske,Female,20,Mumbai,Maharashtra,R001,Premium,Referral,2025-09-05
CUST05691,Pooja Sharma,Female,55,Amritsar,Punjab,R009,Standard,Organic,2025-08-13
CUST05692,Vivaan Singh,Female,28,Ahmedabad,Gujarat,R003,Corporate,Email,2025-06-12
CUST05693,Rahul Mhaske,Male,22,Kolkata,West Bengal,R012,Standard,Google Ads,2023-05-24
CUST05694,Neha Kumar,Female,48,Hyderabad,Telangana,R019,Standard,Instagram,2024-01-19
CUST05695,Isha Mhaske,Male,37,Chennai,Tamil Nadu,R015,Standard,Referral,2023-08-04
CUST05696,Vivaan Kumar,Female,21,Vijayawada,Andhra Pradesh,R022,Standard,Email,2023-11-20
CUST05697,Meera Gupta,Female,25,Coimbatore,Tamil Nadu,R016,Standard,Email,2025-11-04
CUST05698,Kavya Deshmukh,Male,59,Lucknow,Uttar Pradesh,R010,Standard,Google Ads,2023-08-05
CUST05699,Aarav Mehta,Male,52,Vijayawada,Andhra Pradesh,R022,Standard,Google Ads,2025-08-08
CUST05700,Aditya Gupta,Male,30,Udaipur,Rajasthan,R006,Standard,Instagram,2023-07-02
CUST05701,Vivaan Mhaske,Female,22,Bengaluru,Karnataka,R017,Standard,Instagram,2023-09-27
CUST05702,Arjun Verma,Male,57,Thiruvananthapuram,Kerala,R021,Standard,Organic,2025-08-02
CUST05703,Ananya Deshmukh,Male,36,Vijayawada,Andhra Pradesh,R022,Standard,Instagram,2025-05-19
CUST05704,Aarav Nair,Female,35,Bhopal,Madhya Pradesh,R024,Standard,Instagram,2024-04-11
CUST05705,Meera Deshmukh,Male,50,Bengaluru,Karnataka,R017,Standard,Email,2023-11-01
CUST05706,Kavya Deshmukh,Male,21,Thiruvananthapuram,Kerala,R021,Premium,Referral,2026-03-13
CUST05707,Ananya Singh,Female,35,Hyderabad,Telangana,R019,Premium,Referral,2023-04-21
CUST05708,Ananya Sharma,Male,63,Mysuru,Karnataka,R018,Standard,Instagram,2025-10-10
CUST05709,Ananya Nair,Female,41,Noida,Uttar Pradesh,R011,Standard,Organic,2023-08-20
CUST05710,Rohan Kumar,Male,60,Bhopal,Madhya Pradesh,R024,Standard,Organic,2024-08-17
CUST05711,Meera Gupta,Male,46,New Delhi,Delhi,R007,Corporate,Referral,2023-06-22
CUST05712,Rahul Sharma,Male,48,Lucknow,Uttar Pradesh,R010,Standard,Google Ads,2025-08-30
CUST05713,Aarav Kumar,Male,45,New Delhi,Delhi,R007,Standard,Email,2025-10-27
CUST05714,Isha Gupta,Female,26,Jaipur,Rajasthan,R005,Standard,Instagram,2026-03-24
CUST05715,Karan Mehta,Female,62,Kolkata,West Bengal,R012,Corporate,Email,2024-06-29
CUST05716,Vivaan Verma,Male,43,Coimbatore,Tamil Nadu,R016,Premium,Instagram,2024-07-01
CUST05717,Isha Shah,Male,64,Indore,Madhya Pradesh,R025,Standard,Instagram,2024-06-01
CUST05718,Pooja Mehta,Male,19,Thiruvananthapuram,Kerala,R021,Standard,Referral,2025-07-02
CUST05719,Meera Deshmukh,Male,23,Mysuru,Karnataka,R018,Corporate,Email,2023-08-03
CUST05720,Isha Mhaske,Male,46,Ahmedabad,Gujarat,R003,Standard,Email,2023-05-14
CUST05721,Rohan Shah,Female,43,Kochi,Kerala,R020,Standard,Google Ads,2023-10-12
CUST05722,Amit Mhaske,Male,45,Chennai,Tamil Nadu,R015,Premium,Google Ads,2026-02-23
CUST05723,Aarav Patil,Male,24,Jaipur,Rajasthan,R005,Standard,Email,2024-11-16
CUST05724,Ananya Mehta,Male,51,Bhubaneswar,Odisha,R013,Standard,Google Ads,2026-03-21
CUST05725,Amit Joshi,Male,62,Hyderabad,Telangana,R019,Standard,Google Ads,2023-11-27
CUST05726,Sneha Sharma,Female,27,Kolkata,West Bengal,R012,Corporate,Instagram,2026-02-12
CUST05727,Priya Joshi,Male,65,Visakhapatnam,Andhra Pradesh,R023,Standard,Referral,2025-06-12
CUST05728,Kavya Mehta,Male,58,Thiruvananthapuram,Kerala,R021,Premium,Instagram,2025-06-17
CUST05729,Ananya Singh,Male,57,Jaipur,Rajasthan,R005,Standard,Google Ads,2026-01-03
CUST05730,Ananya Singh,Female,64,Udaipur,Rajasthan,R006,Corporate,Instagram,2026-04-04
CUST05731,Amit Joshi,Male,39,New Delhi,Delhi,R007,Corporate,Instagram,2026-04-27
CUST05732,Aarav Mehta,Female,44,Lucknow,Uttar Pradesh,R010,Standard,Organic,2023-03-19
CUST05733,Rahul Kumar,Male,56,Coimbatore,Tamil Nadu,R016,Standard,Instagram,2025-08-04
CUST05734,Karan Mhaske,Female,39,Ludhiana,Punjab,R008,Premium,Instagram,2024-11-18
CUST05735,Aditya Joshi,Female,36,Amritsar,Punjab,R009,Premium,Referral,2023-01-21
CUST05736,Kavya Verma,Male,53,Surat,Gujarat,R004,Standard,Email,2024-07-19
CUST05737,Rohan Deshmukh,Female,26,Thiruvananthapuram,Kerala,R021,Premium,Organic,2026-04-22
CUST05738,Priya Patil,Female,36,Thiruvananthapuram,Kerala,R021,Standard,Organic,2026-05-30
CUST05739,Meera Patil,Male,19,Ludhiana,Punjab,R008,Standard,Organic,2025-04-06
CUST05740,Rohan Mhaske,Male,45,Indore,Madhya Pradesh,R025,Premium,Organic,2023-06-28
CUST05741,Aarav Patil,Female,56,New Delhi,Delhi,R007,Standard,Referral,2026-02-09
CUST05742,Pooja Joshi,Female,39,Chennai,Tamil Nadu,R015,Standard,Email,2025-12-18
CUST05743,Arjun Nair,Female,23,Thiruvananthapuram,Kerala,R021,Corporate,Referral,2025-06-23
CUST05744,Vivaan Shah,Female,64,Ahmedabad,Gujarat,R003,Premium,Organic,2024-10-30
CUST05745,Sneha Nair,Female,24,Bengaluru,Karnataka,R017,Corporate,Email,2023-07-10
CUST05746,Karan Verma,Female,23,Noida,Uttar Pradesh,R011,Premium,Referral,2026-05-08
CUST05747,Arjun Patil,Female,50,Amritsar,Punjab,R009,Premium,Email,2024-12-08
CUST05748,Meera Sharma,Male,31,Jaipur,Rajasthan,R005,Premium,Referral,2025-11-24
CUST05749,Aarav Mhaske,Female,18,Indore,Madhya Pradesh,R025,Standard,Email,2024-01-14
CUST05750,Rohan Joshi,Male,42,Lucknow,Uttar Pradesh,R010,Standard,Referral,2024-01-22
CUST05751,Isha Deshmukh,Male,23,Chennai,Tamil Nadu,R015,Standard,Organic,2023-08-25
CUST05752,Rahul Deshmukh,Female,45,Patna,Bihar,R014,Corporate,Organic,2024-09-07
CUST05753,Karan Sharma,Male,35,Surat,Gujarat,R004,Standard,Organic,2023-10-10
CUST05754,Meera Shah,Male,44,Thiruvananthapuram,Kerala,R021,Standard,Referral,2023-01-01
CUST05755,Sneha Mhaske,Male,19,Kochi,Kerala,R020,Premium,Email,2024-04-08
CUST05756,Karan Deshmukh,Female,57,Pune,Maharashtra,R002,Standard,Email,2026-06-07
CUST05757,Pooja Verma,Female,38,Kolkata,West Bengal,R012,Standard,Google Ads,2025-08-24
CUST05758,Pooja Nair,Male,40,Mumbai,Maharashtra,R001,Standard,Instagram,2023-06-21
CUST05759,Rohan Verma,Male,19,Bhopal,Madhya Pradesh,R024,Premium,Organic,2026-01-15
CUST05760,Isha Deshmukh,Male,33,Kochi,Kerala,R020,Standard,Organic,2026-02-20
CUST05761,Vivaan Singh,Male,21,Jaipur,Rajasthan,R005,Standard,Organic,2025-04-22
CUST05762,Ananya Mhaske,Male,51,Udaipur,Rajasthan,R006,Standard,Google Ads,2024-11-20
CUST05763,Priya Verma,Male,22,Bhopal,Madhya Pradesh,R024,Standard,Google Ads,2024-07-28
CUST05764,Vivaan Shah,Male,51,Noida,Uttar Pradesh,R011,Standard,Google Ads,2023-06-14
CUST05765,Meera Kumar,Male,39,Ludhiana,Punjab,R008,Corporate,Organic,2024-01-18
CUST05766,Priya Kumar,Male,63,New Delhi,Delhi,R007,Standard,Email,2023-07-28
CUST05767,Aarav Mehta,Female,37,Surat,Gujarat,R004,Standard,Organic,2023-08-12
CUST05768,Rohan Sharma,Female,56,Udaipur,Rajasthan,R006,Corporate,Google Ads,2023-01-03
CUST05769,Rohan Joshi,Female,64,Coimbatore,Tamil Nadu,R016,Premium,Google Ads,2024-01-07
CUST05770,Kavya Patil,Female,30,Kochi,Kerala,R020,Standard,Instagram,2024-09-02
CUST05771,Neha Kumar,Male,61,Chennai,Tamil Nadu,R015,Standard,Referral,2023-04-26
CUST05772,Neha Mehta,Female,51,Patna,Bihar,R014,Premium,Instagram,2024-03-22
CUST05773,Isha Verma,Male,61,Visakhapatnam,Andhra Pradesh,R023,Standard,Instagram,2026-06-30
CUST05774,Arjun Nair,Female,23,Kolkata,West Bengal,R012,Standard,Organic,2024-02-19
CUST05775,Karan Sharma,Female,46,Kolkata,West Bengal,R012,Standard,Referral,2026-01-23
CUST05776,Karan Joshi,Female,50,Coimbatore,Tamil Nadu,R016,Standard,Referral,2025-06-10
CUST05777,Sneha Joshi,Female,18,Chennai,Tamil Nadu,R015,Premium,Organic,2025-11-13
CUST05778,Neha Mehta,Female,64,Bhubaneswar,Odisha,R013,Standard,Email,2024-10-24
CUST05779,Amit Patil,Female,65,Noida,Uttar Pradesh,R011,Standard,Organic,2025-12-09
CUST05780,Aarav Sharma,Male,24,Bengaluru,Karnataka,R017,Premium,Email,2024-12-18
CUST05781,Meera Joshi,Female,39,Thiruvananthapuram,Kerala,R021,Standard,Email,2026-01-07
CUST05782,Rahul Verma,Male,49,Chennai,Tamil Nadu,R015,Standard,Referral,2025-11-16
CUST05783,Rahul Mehta,Female,31,Patna,Bihar,R014,Standard,Organic,2023-09-28
CUST05784,Priya Singh,Male,41,Lucknow,Uttar Pradesh,R010,Premium,Organic,2024-07-15
CUST05785,Sneha Mehta,Male,36,Kolkata,West Bengal,R012,Standard,Referral,2025-03-14
CUST05786,Rohan Sharma,Female,44,Coimbatore,Tamil Nadu,R016,Premium,Instagram,2023-09-04
CUST05787,Vivaan Mhaske,Male,40,Chennai,Tamil Nadu,R015,Standard,Organic,2024-01-22
CUST05788,Arjun Singh,Female,62,Lucknow,Uttar Pradesh,R010,Premium,Google Ads,2024-12-02
CUST05789,Sneha Nair,Male,38,Surat,Gujarat,R004,Premium,Google Ads,2024-07-12
CUST05790,Ananya Deshmukh,Female,61,Visakhapatnam,Andhra Pradesh,R023,Corporate,Organic,2025-08-30
CUST05791,Sneha Patil,Female,46,Amritsar,Punjab,R009,Standard,Email,2025-09-10
CUST05792,Karan Deshmukh,Female,18,Thiruvananthapuram,Kerala,R021,Standard,Referral,2023-12-18
CUST05793,Vivaan Deshmukh,Male,48,Kochi,Kerala,R020,Standard,Email,2026-05-30
CUST05794,Amit Deshmukh,Male,44,Amritsar,Punjab,R009,Standard,Google Ads,2025-01-22
CUST05795,Rohan Patil,Female,61,Thiruvananthapuram,Kerala,R021,Standard,Google Ads,2025-02-19
CUST05796,Karan Mehta,Male,53,Indore,Madhya Pradesh,R025,Standard,Referral,2025-10-21
CUST05797,Kavya Deshmukh,Male,44,Bhopal,Madhya Pradesh,R024,Corporate,Google Ads,2024-06-29
CUST05798,Sneha Kumar,Female,32,Kochi,Kerala,R020,Corporate,Instagram,2023-03-20
CUST05799,Vivaan Kumar,Male,42,Noida,Uttar Pradesh,R011,Standard,Google Ads,2026-06-13
CUST05800,Aditya Mhaske,Male,65,Noida,Uttar Pradesh,R011,Standard,Email,2023-11-30
CUST05801,Neha Deshmukh,Male,32,New Delhi,Delhi,R007,Premium,Email,2025-06-07
CUST05802,Kavya Deshmukh,Male,57,Thiruvananthapuram,Kerala,R021,Standard,Instagram,2026-01-26
CUST05803,Arjun Nair,Female,36,Lucknow,Uttar Pradesh,R010,Standard,Email,2026-01-10
CUST05804,Pooja Joshi,Male,64,Surat,Gujarat,R004,Standard,Email,2024-05-16
CUST05805,Isha Kumar,Female,28,Jaipur,Rajasthan,R005,Standard,Email,2025-02-03
CUST05806,Kavya Gupta,Male,58,Jaipur,Rajasthan,R005,Premium,Organic,2025-07-09
CUST05807,Isha Sharma,Male,50,Noida,Uttar Pradesh,R011,Corporate,Instagram,2024-07-03
CUST05808,Kavya Deshmukh,Female,58,Amritsar,Punjab,R009,Standard,Instagram,2023-01-14
CUST05809,Rohan Mhaske,Male,40,Coimbatore,Tamil Nadu,R016,Standard,Google Ads,2024-01-27
CUST05810,Aditya Mehta,Female,29,Amritsar,Punjab,R009,Standard,Instagram,2023-11-06
CUST05811,Aarav Kumar,Female,19,Vijayawada,Andhra Pradesh,R022,Premium,Referral,2024-01-21
CUST05812,Vivaan Nair,Male,60,Surat,Gujarat,R004,Premium,Instagram,2026-05-17
CUST05813,Aarav Joshi,Female,38,Pune,Maharashtra,R002,Standard,Referral,2025-08-31
CUST05814,Pooja Shah,Male,31,Patna,Bihar,R014,Corporate,Email,2026-01-22
CUST05815,Neha Singh,Male,51,Ahmedabad,Gujarat,R003,Standard,Referral,2026-01-21
CUST05816,Karan Kumar,Male,32,Mysuru,Karnataka,R018,Standard,Organic,2023-12-06
CUST05817,Neha Joshi,Female,38,Thiruvananthapuram,Kerala,R021,Premium,Email,2024-08-19
CUST05818,Neha Deshmukh,Male,40,Udaipur,Rajasthan,R006,Standard,Referral,2025-01-26
CUST05819,Sneha Shah,Female,38,Noida,Uttar Pradesh,R011,Standard,Email,2025-11-11
CUST05820,Aarav Singh,Male,31,Thiruvananthapuram,Kerala,R021,Premium,Organic,2023-10-18
CUST05821,Sneha Kumar,Male,38,Mysuru,Karnataka,R018,Standard,Email,2023-11-02
CUST05822,Priya Deshmukh,Male,29,Kolkata,West Bengal,R012,Standard,Email,2024-09-25
CUST05823,Kavya Verma,Female,59,Jaipur,Rajasthan,R005,Standard,Instagram,2026-02-25
CUST05824,Isha Patil,Female,63,Amritsar,Punjab,R009,Standard,Google Ads,2024-09-16
CUST05825,Ananya Deshmukh,Male,64,Kochi,Kerala,R020,Standard,Referral,2025-07-27
CUST05826,Neha Nair,Female,22,Mysuru,Karnataka,R018,Standard,Google Ads,2025-04-27
CUST05827,Karan Mhaske,Male,19,Hyderabad,Telangana,R019,Premium,Organic,2024-03-17
CUST05828,Rahul Patil,Female,39,Ahmedabad,Gujarat,R003,Corporate,Organic,2024-05-17
CUST05829,Pooja Mhaske,Female,23,Amritsar,Punjab,R009,Standard,Email,2023-05-10
CUST05830,Aarav Verma,Female,61,Surat,Gujarat,R004,Standard,Google Ads,2026-03-01
CUST05831,Rahul Nair,Female,19,Bengaluru,Karnataka,R017,Premium,Referral,2024-08-19
CUST05832,Vivaan Mhaske,Male,46,Bengaluru,Karnataka,R017,Corporate,Referral,2025-05-11
CUST05833,Sneha Singh,Female,53,Visakhapatnam,Andhra Pradesh,R023,Standard,Email,2024-08-15
CUST05834,Rohan Joshi,Female,24,Visakhapatnam,Andhra Pradesh,R023,Premium,Referral,2025-09-25
CUST05835,Sneha Deshmukh,Male,33,Pune,Maharashtra,R002,Standard,Instagram,2023-11-21
CUST05836,Arjun Gupta,Female,50,Amritsar,Punjab,R009,Corporate,Google Ads,2025-12-28
CUST05837,Ananya Patil,Male,50,Amritsar,Punjab,R009,Standard,Organic,2024-03-23
CUST05838,Meera Singh,Male,31,Jaipur,Rajasthan,R005,Corporate,Referral,2025-03-29
CUST05839,Meera Verma,Male,60,Chennai,Tamil Nadu,R015,Standard,Referral,2026-04-03
CUST05840,Rahul Joshi,Male,29,Chennai,Tamil Nadu,R015,Corporate,Referral,2024-12-09
CUST05841,Rohan Kumar,Male,60,Ahmedabad,Gujarat,R003,Standard,Email,2023-09-22
CUST05842,Rohan Mehta,Female,23,Hyderabad,Telangana,R019,Standard,Organic,2024-09-03
CUST05843,Pooja Kumar,Male,29,Ahmedabad,Gujarat,R003,Premium,Google Ads,2025-04-11
CUST05844,Isha Verma,Female,48,Udaipur,Rajasthan,R006,Premium,Referral,2024-11-04
CUST05845,Sneha Joshi,Male,29,Surat,Gujarat,R004,Premium,Instagram,2023-06-06
CUST05846,Aditya Sharma,Male,27,Bhopal,Madhya Pradesh,R024,Standard,Email,2023-09-08
CUST05847,Isha Deshmukh,Male,57,Bhubaneswar,Odisha,R013,Premium,Google Ads,2025-05-27
CUST05848,Neha Singh,Male,44,Bhubaneswar,Odisha,R013,Corporate,Referral,2024-06-13
CUST05849,Meera Patil,Female,24,Noida,Uttar Pradesh,R011,Standard,Google Ads,2023-11-23
CUST05850,Meera Kumar,Female,63,Jaipur,Rajasthan,R005,Premium,Email,2025-08-18
CUST05851,Priya Singh,Male,53,Mumbai,Maharashtra,R001,Premium,Instagram,2025-06-13
CUST05852,Amit Sharma,Male,50,Amritsar,Punjab,R009,Premium,Referral,2023-04-07
CUST05853,Aditya Sharma,Female,44,Bengaluru,Karnataka,R017,Premium,Instagram,2024-05-27
CUST05854,Priya Sharma,Male,25,Vijayawada,Andhra Pradesh,R022,Corporate,Email,2023-08-04
CUST05855,Sneha Nair,Male,22,Mumbai,Maharashtra,R001,Premium,Instagram,2026-03-01
CUST05856,Ananya Sharma,Female,25,Ahmedabad,Gujarat,R003,Premium,Email,2023-05-05
CUST05857,Arjun Joshi,Male,57,Chennai,Tamil Nadu,R015,Corporate,Instagram,2026-01-10
CUST05858,Amit Nair,Female,38,Thiruvananthapuram,Kerala,R021,Premium,Google Ads,2023-02-28
CUST05859,Isha Gupta,Female,41,Visakhapatnam,Andhra Pradesh,R023,Premium,Google Ads,2023-06-10
CUST05860,Sneha Singh,Male,24,Lucknow,Uttar Pradesh,R010,Standard,Email,2023-10-11
CUST05861,Vivaan Gupta,Male,36,Ludhiana,Punjab,R008,Standard,Google Ads,2023-04-16
CUST05862,Amit Deshmukh,Female,48,Kolkata,West Bengal,R012,Standard,Instagram,2026-02-02
CUST05863,Rohan Nair,Male,53,Indore,Madhya Pradesh,R025,Premium,Instagram,2023-08-16
CUST05864,Pooja Mehta,Female,44,Vijayawada,Andhra Pradesh,R022,Standard,Referral,2023-11-14
CUST05865,Arjun Mhaske,Female,46,Chennai,Tamil Nadu,R015,Standard,Email,2025-03-12
CUST05866,Neha Joshi,Male,40,Amritsar,Punjab,R009,Standard,Google Ads,2025-05-23
CUST05867,Ananya Singh,Female,37,Bhopal,Madhya Pradesh,R024,Premium,Email,2024-04-16
CUST05868,Meera Joshi,Male,23,Indore,Madhya Pradesh,R025,Premium,Google Ads,2025-12-15
CUST05869,Kavya Kumar,Male,29,Lucknow,Uttar Pradesh,R010,Corporate,Referral,2024-09-16
CUST05870,Rahul Mhaske,Female,29,Kochi,Kerala,R020,Standard,Instagram,2023-01-13
CUST05871,Aditya Patil,Female,20,Amritsar,Punjab,R009,Standard,Instagram,2025-11-07
CUST05872,Karan Sharma,Female,59,Chennai,Tamil Nadu,R015,Standard,Organic,2024-11-24
CUST05873,Sneha Kumar,Male,56,Visakhapatnam,Andhra Pradesh,R023,Standard,Email,2025-08-30
CUST05874,Aditya Deshmukh,Female,52,Thiruvananthapuram,Kerala,R021,Premium,Google Ads,2023-04-23
CUST05875,Sneha Nair,Male,36,Thiruvananthapuram,Kerala,R021,Standard,Organic,2023-08-17
CUST05876,Ananya Patil,Female,62,Mumbai,Maharashtra,R001,Standard,Email,2023-06-20
CUST05877,Priya Deshmukh,Male,21,Pune,Maharashtra,R002,Standard,Google Ads,2023-10-22
CUST05878,Rohan Sharma,Female,48,Hyderabad,Telangana,R019,Standard,Referral,2023-07-08
CUST05879,Rahul Mehta,Female,59,Patna,Bihar,R014,Standard,Email,2024-03-01
CUST05880,Neha Singh,Female,55,Ludhiana,Punjab,R008,Standard,Google Ads,2025-09-03
CUST05881,Amit Verma,Female,50,Udaipur,Rajasthan,R006,Standard,Instagram,2026-01-07
CUST05882,Aarav Gupta,Female,23,Kolkata,West Bengal,R012,Standard,Email,2024-10-19
CUST05883,Vivaan Kumar,Female,25,Chennai,Tamil Nadu,R015,Standard,Google Ads,2025-07-07
CUST05884,Arjun Sharma,Female,45,Patna,Bihar,R014,Premium,Instagram,2026-04-20
CUST05885,Priya Joshi,Female,32,Thiruvananthapuram,Kerala,R021,Corporate,Instagram,2024-05-13
CUST05886,Sneha Shah,Female,48,Mumbai,Maharashtra,R001,Standard,Organic,2025-01-31
CUST05887,Vivaan Mhaske,Male,25,Noida,Uttar Pradesh,R011,Premium,Google Ads,2025-05-15
CUST05888,Pooja Deshmukh,Male,23,Indore,Madhya Pradesh,R025,Corporate,Organic,2025-04-05
CUST05889,Kavya Deshmukh,Female,46,Ahmedabad,Gujarat,R003,Standard,Organic,2023-03-12
CUST05890,Vivaan Mhaske,Male,63,Hyderabad,Telangana,R019,Standard,Referral,2023-09-05
CUST05891,Meera Shah,Female,51,Mysuru,Karnataka,R018,Standard,Organic,2023-05-26
CUST05892,Sneha Deshmukh,Male,24,Kochi,Kerala,R020,Standard,Organic,2024-08-04
CUST05893,Aarav Patil,Male,57,Pune,Maharashtra,R002,Premium,Referral,2024-04-14
CUST05894,Meera Shah,Female,27,Indore,Madhya Pradesh,R025,Standard,Referral,2023-07-12
CUST05895,Vivaan Mehta,Female,30,New Delhi,Delhi,R007,Premium,Email,2025-12-27
CUST05896,Pooja Mhaske,Male,39,Ludhiana,Punjab,R008,Standard,Organic,2024-05-08
CUST05897,Priya Mhaske,Female,38,Hyderabad,Telangana,R019,Corporate,Instagram,2023-02-21
CUST05898,Priya Patil,Female,18,Vijayawada,Andhra Pradesh,R022,Corporate,Referral,2025-05-31
CUST05899,Karan Kumar,Male,58,Chennai,Tamil Nadu,R015,Corporate,Google Ads,2023-12-29
CUST05900,Karan Patil,Male,59,Lucknow,Uttar Pradesh,R010,Premium,Email,2025-07-05
CUST05901,Kavya Deshmukh,Male,19,Vijayawada,Andhra Pradesh,R022,Standard,Email,2024-04-18
CUST05902,Ananya Joshi,Male,46,Mumbai,Maharashtra,R001,Premium,Organic,2024-06-04
CUST05903,Sneha Gupta,Male,28,Udaipur,Rajasthan,R006,Standard,Instagram,2024-11-21
CUST05904,Amit Kumar,Male,54,Bhubaneswar,Odisha,R013,Corporate,Referral,2026-05-06
CUST05905,Neha Patil,Male,24,Patna,Bihar,R014,Standard,Google Ads,2026-02-25
CUST05906,Rohan Deshmukh,Female,52,Ahmedabad,Gujarat,R003,Standard,Organic,2024-06-15
CUST05907,Isha Singh,Female,47,Noida,Uttar Pradesh,R011,Corporate,Instagram,2025-04-19
CUST05908,Vivaan Sharma,Female,33,Ahmedabad,Gujarat,R003,Standard,Organic,2025-12-24
CUST05909,Sneha Mhaske,Male,32,Hyderabad,Telangana,R019,Standard,Organic,2023-08-29
CUST05910,Ananya Gupta,Female,57,Lucknow,Uttar Pradesh,R010,Standard,Email,2024-06-19
CUST05911,Amit Mehta,Female,37,Chennai,Tamil Nadu,R015,Premium,Google Ads,2023-03-24
CUST05912,Priya Mhaske,Male,45,Noida,Uttar Pradesh,R011,Premium,Google Ads,2025-09-08
CUST05913,Neha Mehta,Female,54,Chennai,Tamil Nadu,R015,Premium,Google Ads,2025-08-08
CUST05914,Sneha Verma,Female,20,Bhopal,Madhya Pradesh,R024,Corporate,Google Ads,2024-09-02
CUST05915,Priya Patil,Female,46,Bhubaneswar,Odisha,R013,Standard,Referral,2024-07-27
CUST05916,Aditya Gupta,Female,54,Jaipur,Rajasthan,R005,Standard,Referral,2023-10-13
CUST05917,Aditya Gupta,Male,26,Surat,Gujarat,R004,Premium,Google Ads,2025-09-15
CUST05918,Meera Verma,Male,44,Bhubaneswar,Odisha,R013,Premium,Instagram,2024-04-03
CUST05919,Isha Shah,Male,49,Amritsar,Punjab,R009,Standard,Referral,2026-05-20
CUST05920,Priya Mhaske,Male,65,Indore,Madhya Pradesh,R025,Standard,Referral,2023-05-06
CUST05921,Sneha Singh,Male,63,Bengaluru,Karnataka,R017,Standard,Instagram,2024-02-29
CUST05922,Karan Nair,Female,56,Pune,Maharashtra,R002,Standard,Google Ads,2024-07-07
CUST05923,Arjun Deshmukh,Male,48,Bhopal,Madhya Pradesh,R024,Standard,Organic,2024-09-01
CUST05924,Rohan Gupta,Female,64,Jaipur,Rajasthan,R005,Standard,Referral,2026-03-27
CUST05925,Aditya Gupta,Female,43,Coimbatore,Tamil Nadu,R016,Standard,Organic,2023-04-22
CUST05926,Rahul Nair,Male,57,New Delhi,Delhi,R007,Standard,Organic,2024-02-06
CUST05927,Sneha Verma,Male,20,Mumbai,Maharashtra,R001,Premium,Instagram,2023-05-02
CUST05928,Sneha Singh,Male,28,Kolkata,West Bengal,R012,Premium,Google Ads,2023-09-30
CUST05929,Aditya Mehta,Female,46,Thiruvananthapuram,Kerala,R021,Standard,Organic,2024-02-02
CUST05930,Aarav Joshi,Female,44,Noida,Uttar Pradesh,R011,Standard,Google Ads,2024-04-15
CUST05931,Amit Nair,Male,64,Kolkata,West Bengal,R012,Corporate,Email,2025-09-11
CUST05932,Meera Verma,Female,27,Hyderabad,Telangana,R019,Standard,Google Ads,2026-05-15
CUST05933,Neha Nair,Female,52,Kolkata,West Bengal,R012,Corporate,Instagram,2026-02-07
CUST05934,Vivaan Sharma,Male,64,Kolkata,West Bengal,R012,Standard,Instagram,2024-07-22
CUST05935,Kavya Mhaske,Female,40,Patna,Bihar,R014,Premium,Email,2026-02-11
CUST05936,Amit Deshmukh,Female,23,Pune,Maharashtra,R002,Standard,Instagram,2025-06-15
CUST05937,Vivaan Singh,Male,28,Pune,Maharashtra,R002,Standard,Google Ads,2025-03-30
CUST05938,Aditya Gupta,Female,60,Indore,Madhya Pradesh,R025,Corporate,Google Ads,2025-05-02
CUST05939,Sneha Deshmukh,Male,44,Surat,Gujarat,R004,Corporate,Google Ads,2024-12-10
CUST05940,Aditya Sharma,Male,48,Kochi,Kerala,R020,Standard,Instagram,2023-11-17
CUST05941,Rahul Sharma,Male,47,Visakhapatnam,Andhra Pradesh,R023,Corporate,Google Ads,2023-06-28
CUST05942,Karan Joshi,Female,20,Coimbatore,Tamil Nadu,R016,Standard,Referral,2025-06-15
CUST05943,Kavya Shah,Female,30,Lucknow,Uttar Pradesh,R010,Premium,Email,2023-08-07
CUST05944,Vivaan Shah,Male,57,Bhubaneswar,Odisha,R013,Standard,Referral,2025-02-27
CUST05945,Neha Gupta,Male,38,Pune,Maharashtra,R002,Standard,Google Ads,2024-05-06
CUST05946,Amit Verma,Male,60,Ahmedabad,Gujarat,R003,Premium,Instagram,2023-03-02
CUST05947,Sneha Sharma,Female,28,Hyderabad,Telangana,R019,Standard,Email,2025-12-13
CUST05948,Pooja Kumar,Male,62,Udaipur,Rajasthan,R006,Standard,Referral,2024-06-21
CUST05949,Isha Sharma,Female,20,Hyderabad,Telangana,R019,Standard,Google Ads,2025-04-27
CUST05950,Aditya Singh,Female,55,Thiruvananthapuram,Kerala,R021,Standard,Instagram,2025-09-14
CUST05951,Karan Kumar,Female,48,Kochi,Kerala,R020,Premium,Google Ads,2023-03-06
CUST05952,Vivaan Deshmukh,Male,41,Hyderabad,Telangana,R019,Standard,Referral,2024-08-08
CUST05953,Meera Verma,Male,59,Ludhiana,Punjab,R008,Premium,Referral,2023-06-20
CUST05954,Arjun Patil,Male,29,Patna,Bihar,R014,Standard,Email,2024-06-18
CUST05955,Aarav Mehta,Female,63,Lucknow,Uttar Pradesh,R010,Standard,Instagram,2024-11-23
CUST05956,Amit Shah,Female,60,Ahmedabad,Gujarat,R003,Standard,Organic,2023-04-18
CUST05957,Priya Mhaske,Male,44,Udaipur,Rajasthan,R006,Premium,Google Ads,2026-03-31
CUST05958,Arjun Shah,Male,38,Chennai,Tamil Nadu,R015,Standard,Instagram,2025-03-24
CUST05959,Neha Singh,Female,42,Visakhapatnam,Andhra Pradesh,R023,Standard,Organic,2025-10-01
CUST05960,Pooja Sharma,Male,47,Visakhapatnam,Andhra Pradesh,R023,Standard,Instagram,2024-03-27
CUST05961,Neha Deshmukh,Male,47,Mysuru,Karnataka,R018,Corporate,Google Ads,2026-05-14
CUST05962,Rahul Kumar,Female,27,Patna,Bihar,R014,Standard,Google Ads,2024-08-12
CUST05963,Amit Shah,Male,20,Hyderabad,Telangana,R019,Premium,Email,2025-11-05
CUST05964,Karan Deshmukh,Female,30,Lucknow,Uttar Pradesh,R010,Standard,Referral,2023-11-23
CUST05965,Pooja Patil,Female,44,Chennai,Tamil Nadu,R015,Standard,Referral,2024-08-30
CUST05966,Priya Gupta,Female,35,Surat,Gujarat,R004,Standard,Referral,2024-10-20
CUST05967,Karan Mhaske,Male,62,Visakhapatnam,Andhra Pradesh,R023,Standard,Email,2023-01-02
CUST05968,Ananya Shah,Male,41,Pune,Maharashtra,R002,Standard,Referral,2025-10-30
CUST05969,Rohan Singh,Male,63,Ahmedabad,Gujarat,R003,Corporate,Instagram,2024-03-09
CUST05970,Meera Joshi,Male,31,New Delhi,Delhi,R007,Standard,Referral,2023-05-05
CUST05971,Meera Shah,Female,56,Visakhapatnam,Andhra Pradesh,R023,Standard,Referral,2026-01-09
CUST05972,Aditya Kumar,Female,61,Coimbatore,Tamil Nadu,R016,Standard,Google Ads,2024-04-29
CUST05973,Karan Deshmukh,Male,21,Lucknow,Uttar Pradesh,R010,Standard,Email,2024-10-13
CUST05974,Karan Mhaske,Female,33,Hyderabad,Telangana,R019,Standard,Email,2026-03-19
CUST05975,Rohan Deshmukh,Female,27,Bengaluru,Karnataka,R017,Corporate,Referral,2025-03-10
CUST05976,Aarav Mhaske,Male,65,Hyderabad,Telangana,R019,Standard,Organic,2025-05-22
CUST05977,Vivaan Nair,Male,54,Jaipur,Rajasthan,R005,Premium,Google Ads,2023-05-09
CUST05978,Karan Singh,Male,44,Visakhapatnam,Andhra Pradesh,R023,Standard,Referral,2024-03-13
CUST05979,Priya Shah,Female,65,Kochi,Kerala,R020,Standard,Organic,2025-01-20
CUST05980,Meera Shah,Male,18,Bhubaneswar,Odisha,R013,Standard,Instagram,2024-05-15
CUST05981,Meera Kumar,Female,22,Bhubaneswar,Odisha,R013,Standard,Google Ads,2025-12-17
CUST05982,Vivaan Shah,Male,30,Noida,Uttar Pradesh,R011,Standard,Email,2026-05-06
CUST05983,Rohan Joshi,Female,62,Noida,Uttar Pradesh,R011,Standard,Organic,2023-07-30
CUST05984,Karan Deshmukh,Male,20,Coimbatore,Tamil Nadu,R016,Standard,Referral,2025-06-20
CUST05985,Rahul Shah,Female,34,Chennai,Tamil Nadu,R015,Premium,Organic,2023-02-14
CUST05986,Aditya Patil,Female,36,Bengaluru,Karnataka,R017,Standard,Email,2026-01-25
CUST05987,Karan Sharma,Male,54,Vijayawada,Andhra Pradesh,R022,Premium,Instagram,2024-06-18
CUST05988,Priya Singh,Female,22,Mysuru,Karnataka,R018,Standard,Organic,2024-04-05
CUST05989,Vivaan Mhaske,Female,64,Hyderabad,Telangana,R019,Corporate,Referral,2024-01-26
CUST05990,Karan Sharma,Female,59,Surat,Gujarat,R004,Standard,Organic,2025-12-03
CUST05991,Rohan Mhaske,Male,61,Vijayawada,Andhra Pradesh,R022,Standard,Instagram,2023-01-27
CUST05992,Rohan Mhaske,Male,41,Vijayawada,Andhra Pradesh,R022,Corporate,Organic,2025-03-04
CUST05993,Ananya Shah,Female,60,Visakhapatnam,Andhra Pradesh,R023,Standard,Instagram,2026-01-25
CUST05994,Karan Gupta,Female,50,Jaipur,Rajasthan,R005,Standard,Instagram,2025-09-01
CUST05995,Arjun Deshmukh,Male,38,New Delhi,Delhi,R007,Standard,Google Ads,2024-07-01
CUST05996,Kavya Gupta,Female,20,Pune,Maharashtra,R002,Standard,Google Ads,2024-09-12
CUST05997,Sneha Verma,Male,21,Mumbai,Maharashtra,R001,Corporate,Referral,2024-07-20
CUST05998,Karan Kumar,Female,49,Kolkata,West Bengal,R012,Premium,Referral,2024-12-04
CUST05999,Karan Verma,Male,41,Lucknow,Uttar Pradesh,R010,Premium,Referral,2026-05-27
CUST06000,Isha Sharma,Male,52,Ludhiana,Punjab,R008,Corporate,Instagram,2023-07-04
