Return_ID,Order_ID,Return_Date,Customer_ID,Product_ID,Return_Quantity,Return_Reason,Refund_Amount,Return_Status
RET00001,ORD025670,2026-03-22,CUST00660,PROD0168,1,Changed Mind,7461.76,Approved
RET00002,ORD030966,2024-07-19,CUST00897,PROD0016,1,Changed Mind,5085.97,Approved
RET00003,ORD031546,2024-03-31,CUST04177,PROD0003,1,Wrong Item,15842.07,Approved
RET00004,ORD009890,2025-04-11,CUST00375,PROD0033,1,Late Delivery,8818.49,Approved
RET00005,ORD030214,2025-11-28,CUST00216,PROD0018,1,Quality Issue,12486.26,Approved
RET00006,ORD026225,2024-12-25,CUST02864,PROD0069,1,Quality Issue,5482.32,Approved
RET00007,ORD059962,2025-03-23,CUST00767,PROD0151,2,Changed Mind,7616.72,Approved
RET00008,ORD066576,2024-01-20,CUST02966,PROD0005,1,Damaged,5395.83,Approved
RET00009,ORD074452,2025-10-15,CUST02532,PROD0146,1,Late Delivery,2879.6,Approved
RET00010,ORD057327,2024-03-04,CUST03791,PROD0051,2,Wrong Item,14489.6,Approved
RET00011,ORD073112,2024-06-20,CUST01611,PROD0026,1,Changed Mind,12026.19,Approved
RET00012,ORD060267,2025-01-01,CUST01225,PROD0121,1,Changed Mind,15732.26,Pending
RET00013,ORD072757,2026-05-24,CUST04141,PROD0008,1,Damaged,8891.61,Approved
RET00014,ORD071789,2025-09-29,CUST00967,PROD0075,2,Damaged,32716.58,Approved
RET00015,ORD027381,2025-09-13,CUST04435,PROD0075,2,Wrong Item,32716.58,Approved
RET00016,ORD032204,2024-04-19,CUST05591,PROD0108,1,Changed Mind,12361.97,Approved
RET00017,ORD063434,2024-04-20,CUST00480,PROD0180,1,Late Delivery,1990.36,Pending
RET00018,ORD061526,2024-06-03,CUST00800,PROD0106,1,Late Delivery,4279.13,Approved
RET00019,ORD023843,2026-02-01,CUST04602,PROD0162,1,Changed Mind,14802.17,Approved
RET00020,ORD009044,2025-11-15,CUST04920,PROD0124,2,Changed Mind,20285.9,Approved
RET00021,ORD030579,2025-08-15,CUST02673,PROD0011,2,Damaged,9422.54,Approved
RET00022,ORD033792,2025-11-10,CUST05912,PROD0173,1,Damaged,1727.4,Approved
RET00023,ORD041685,2024-05-05,CUST03843,PROD0017,1,Quality Issue,9986.93,Approved
RET00024,ORD059354,2024-11-15,CUST05616,PROD0173,2,Late Delivery,3454.8,Approved
RET00025,ORD013044,2025-09-06,CUST05210,PROD0088,1,Late Delivery,15469.47,Approved
RET00026,ORD069098,2026-02-14,CUST02713,PROD0071,1,Changed Mind,10420.29,Approved
RET00027,ORD054343,2026-01-05,CUST03601,PROD0172,1,Late Delivery,13612.05,Approved
RET00028,ORD005295,2025-06-28,CUST04452,PROD0044,1,Damaged,13681.96,Approved
RET00029,ORD042556,2025-11-06,CUST05926,PROD0120,2,Changed Mind,13057.24,Approved
RET00030,ORD062422,2025-12-26,CUST05625,PROD0065,1,Wrong Item,4366.12,Pending
RET00031,ORD062228,2024-12-24,CUST01536,PROD0063,1,Quality Issue,4222.04,Approved
RET00032,ORD041606,2024-05-05,CUST03943,PROD0096,1,Late Delivery,2508.21,Approved
RET00033,ORD071770,2026-03-26,CUST04502,PROD0146,1,Wrong Item,2879.6,Approved
RET00034,ORD045343,2025-05-24,CUST05767,PROD0077,2,Damaged,2042.94,Approved
RET00035,ORD020948,2026-01-27,CUST01352,PROD0094,2,Wrong Item,25354.7,Approved
RET00036,ORD013004,2025-11-16,CUST03398,PROD0160,1,Wrong Item,9056.08,Approved
RET00037,ORD005344,2026-01-05,CUST01513,PROD0063,1,Damaged,4222.04,Approved
RET00038,ORD069543,2024-05-24,CUST01771,PROD0072,2,Changed Mind,13627.54,Approved
RET00039,ORD016114,2026-03-26,CUST01983,PROD0011,1,Changed Mind,4711.27,Approved
RET00040,ORD030148,2024-08-21,CUST05714,PROD0172,1,Damaged,13612.05,Approved
RET00041,ORD036261,2025-08-12,CUST00168,PROD0139,1,Quality Issue,1777.94,Rejected
RET00042,ORD058814,2025-08-20,CUST03083,PROD0069,1,Quality Issue,5482.32,Approved
RET00043,ORD057115,2026-01-14,CUST05406,PROD0154,1,Late Delivery,2368.51,Approved
RET00044,ORD052657,2024-04-26,CUST05990,PROD0113,1,Quality Issue,14425.18,Approved
RET00045,ORD065810,2024-05-10,CUST00440,PROD0173,1,Quality Issue,1727.4,Approved
RET00046,ORD074935,2025-11-01,CUST00382,PROD0158,2,Late Delivery,32218.36,Pending
RET00047,ORD053426,2024-03-11,CUST00080,PROD0140,1,Quality Issue,16058.37,Rejected
RET00048,ORD008984,2025-11-09,CUST00892,PROD0061,1,Changed Mind,7568.74,Approved
RET00049,ORD048013,2026-06-24,CUST01658,PROD0088,1,Late Delivery,15469.47,Approved
RET00050,ORD046881,2025-11-02,CUST05281,PROD0167,1,Wrong Item,12170.89,Approved
RET00051,ORD071452,2026-03-11,CUST04850,PROD0034,1,Late Delivery,15512.32,Approved
RET00052,ORD044650,2026-01-02,CUST05883,PROD0144,1,Wrong Item,2257.47,Approved
RET00053,ORD048422,2025-08-29,CUST00136,PROD0175,1,Quality Issue,8066.73,Approved
RET00054,ORD046290,2024-01-27,CUST01091,PROD0094,1,Wrong Item,12677.35,Approved
RET00055,ORD051089,2025-04-04,CUST05180,PROD0018,1,Damaged,12486.26,Approved
RET00056,ORD011198,2024-10-06,CUST01832,PROD0001,1,Damaged,12001.3,Pending
RET00057,ORD015872,2025-10-02,CUST05243,PROD0086,1,Damaged,4398.02,Approved
RET00058,ORD019778,2025-09-20,CUST04488,PROD0058,2,Quality Issue,5648.56,Approved
RET00059,ORD029479,2024-08-14,CUST05933,PROD0134,1,Quality Issue,6640.83,Pending
RET00060,ORD014094,2026-01-01,CUST04186,PROD0076,1,Late Delivery,7447.92,Approved
RET00061,ORD024490,2024-03-26,CUST05107,PROD0170,1,Quality Issue,15086.92,Approved
RET00062,ORD034131,2024-06-26,CUST04064,PROD0033,1,Quality Issue,8818.49,Pending
RET00063,ORD018918,2026-02-10,CUST05922,PROD0121,1,Wrong Item,15732.26,Approved
RET00064,ORD024819,2024-04-24,CUST03696,PROD0176,2,Late Delivery,24013.38,Approved
RET00065,ORD002275,2024-05-23,CUST00878,PROD0146,1,Changed Mind,2879.6,Approved
RET00066,ORD023175,2025-05-30,CUST03808,PROD0027,1,Changed Mind,10298.65,Approved
RET00067,ORD037546,2024-01-20,CUST05620,PROD0015,1,Wrong Item,18083.63,Approved
RET00068,ORD059549,2026-02-25,CUST04099,PROD0179,1,Late Delivery,15031.47,Approved
RET00069,ORD072878,2024-06-30,CUST01983,PROD0069,1,Wrong Item,5482.32,Approved
RET00070,ORD065272,2026-05-06,CUST04279,PROD0157,1,Quality Issue,14323.08,Approved
RET00071,ORD040862,2026-03-19,CUST02838,PROD0016,1,Changed Mind,5085.97,Approved
RET00072,ORD025112,2024-09-29,CUST00608,PROD0048,1,Damaged,4193.34,Approved
RET00073,ORD029657,2024-03-24,CUST04850,PROD0116,2,Changed Mind,3625.08,Approved
RET00074,ORD061842,2025-09-11,CUST00684,PROD0152,1,Changed Mind,8156.28,Approved
RET00075,ORD031235,2026-06-15,CUST01460,PROD0097,1,Quality Issue,11000.04,Approved
RET00076,ORD047276,2024-10-08,CUST02431,PROD0142,1,Wrong Item,2133.87,Approved
RET00077,ORD058279,2025-10-13,CUST04881,PROD0129,1,Quality Issue,5163.83,Approved
RET00078,ORD025086,2024-05-31,CUST00737,PROD0124,1,Late Delivery,10142.95,Approved
RET00079,ORD023749,2024-04-30,CUST02995,PROD0094,1,Late Delivery,12677.35,Approved
RET00080,ORD071453,2026-05-06,CUST03482,PROD0115,1,Late Delivery,16930.95,Approved
RET00081,ORD010743,2025-06-24,CUST03356,PROD0066,1,Wrong Item,6135.56,Approved
RET00082,ORD013421,2024-06-17,CUST03885,PROD0041,2,Damaged,4439.4,Approved
RET00083,ORD056657,2025-01-29,CUST02326,PROD0083,2,Quality Issue,27269.86,Approved
RET00084,ORD001838,2024-05-21,CUST04174,PROD0061,1,Wrong Item,7568.74,Approved
RET00085,ORD026615,2026-01-10,CUST04792,PROD0110,1,Quality Issue,448.54,Approved
RET00086,ORD035107,2025-12-18,CUST00688,PROD0143,2,Quality Issue,9620.34,Approved
RET00087,ORD004029,2024-10-08,CUST03683,PROD0036,1,Changed Mind,15593.56,Approved
RET00088,ORD017697,2025-07-21,CUST05052,PROD0043,1,Quality Issue,18076.17,Approved
RET00089,ORD050416,2025-07-07,CUST05925,PROD0103,1,Wrong Item,7340.57,Approved
RET00090,ORD070143,2025-07-24,CUST00638,PROD0123,1,Quality Issue,10275.68,Approved
RET00091,ORD007998,2025-12-25,CUST00077,PROD0100,1,Late Delivery,4090.74,Approved
RET00092,ORD035021,2024-11-21,CUST01527,PROD0061,2,Damaged,15137.48,Rejected
RET00093,ORD041640,2024-01-20,CUST00287,PROD0075,1,Changed Mind,16358.29,Approved
RET00094,ORD015185,2025-07-22,CUST00688,PROD0068,1,Changed Mind,14057.37,Approved
RET00095,ORD020936,2026-01-31,CUST01821,PROD0152,1,Quality Issue,8156.28,Approved
RET00096,ORD047847,2026-03-19,CUST05748,PROD0054,2,Damaged,35879.44,Pending
RET00097,ORD048149,2024-08-11,CUST04132,PROD0050,1,Late Delivery,7609.14,Approved
RET00098,ORD074466,2024-08-27,CUST02720,PROD0008,1,Damaged,8891.61,Approved
RET00099,ORD039256,2024-05-08,CUST01184,PROD0063,1,Changed Mind,4222.04,Pending
RET00100,ORD073417,2026-04-24,CUST05882,PROD0073,1,Changed Mind,8656.25,Approved
RET00101,ORD063728,2025-10-04,CUST01252,PROD0118,1,Changed Mind,11702.39,Approved
RET00102,ORD003016,2026-04-06,CUST04670,PROD0132,1,Damaged,3901.55,Approved
RET00103,ORD054560,2025-08-30,CUST01835,PROD0026,1,Late Delivery,12026.19,Approved
RET00104,ORD004208,2025-07-02,CUST03882,PROD0122,1,Wrong Item,6342.03,Approved
RET00105,ORD052402,2025-02-10,CUST01331,PROD0021,1,Damaged,18499.86,Approved
RET00106,ORD003663,2025-05-31,CUST03450,PROD0041,1,Quality Issue,2219.7,Approved
RET00107,ORD051695,2024-05-10,CUST02032,PROD0036,1,Changed Mind,15593.56,Approved
RET00108,ORD021104,2024-05-07,CUST01415,PROD0028,1,Changed Mind,19962.64,Approved
RET00109,ORD038488,2024-03-30,CUST00494,PROD0034,1,Changed Mind,15512.32,Approved
RET00110,ORD044156,2024-06-30,CUST04957,PROD0090,1,Late Delivery,6354.08,Approved
RET00111,ORD034402,2026-06-05,CUST05582,PROD0040,2,Quality Issue,14251.38,Approved
RET00112,ORD070921,2026-05-24,CUST04832,PROD0104,1,Changed Mind,5323.97,Approved
RET00113,ORD028592,2024-05-31,CUST02887,PROD0124,1,Changed Mind,10142.95,Approved
RET00114,ORD070392,2024-06-04,CUST04330,PROD0158,1,Quality Issue,16109.18,Approved
RET00115,ORD074028,2024-02-26,CUST01122,PROD0105,1,Wrong Item,10597.29,Approved
RET00116,ORD003247,2025-02-02,CUST01975,PROD0061,1,Late Delivery,7568.74,Approved
RET00117,ORD008420,2024-09-14,CUST05359,PROD0054,1,Wrong Item,17939.72,Approved
RET00118,ORD015807,2025-02-14,CUST03654,PROD0169,2,Damaged,12709.76,Approved
RET00119,ORD006714,2025-02-19,CUST01837,PROD0093,1,Quality Issue,13725.41,Approved
RET00120,ORD060088,2024-09-26,CUST05461,PROD0133,1,Late Delivery,12376.92,Approved
RET00121,ORD044337,2024-09-19,CUST00018,PROD0099,1,Late Delivery,5204.8,Approved
RET00122,ORD007337,2025-05-09,CUST01972,PROD0033,1,Late Delivery,8818.49,Approved
RET00123,ORD001873,2025-02-25,CUST03960,PROD0084,1,Late Delivery,8327.08,Approved
RET00124,ORD040104,2025-02-04,CUST02568,PROD0173,1,Damaged,1727.4,Approved
RET00125,ORD053571,2025-04-16,CUST02879,PROD0052,2,Wrong Item,32675.62,Approved
RET00126,ORD046402,2025-06-01,CUST00038,PROD0145,1,Changed Mind,1029.53,Approved
RET00127,ORD030491,2025-12-05,CUST00308,PROD0032,1,Wrong Item,16577.15,Approved
RET00128,ORD059995,2026-05-11,CUST05006,PROD0073,1,Damaged,8656.25,Approved
RET00129,ORD007467,2024-08-15,CUST01239,PROD0098,1,Late Delivery,15512.35,Approved
RET00130,ORD071311,2024-08-24,CUST00953,PROD0041,1,Changed Mind,2219.7,Approved
RET00131,ORD022847,2025-02-02,CUST00248,PROD0008,1,Late Delivery,8891.61,Approved
RET00132,ORD071268,2025-04-30,CUST05896,PROD0045,1,Late Delivery,2884.24,Pending
RET00133,ORD011455,2026-04-01,CUST04801,PROD0067,1,Changed Mind,4228.87,Rejected
RET00134,ORD046246,2024-03-14,CUST00516,PROD0054,1,Late Delivery,17939.72,Rejected
RET00135,ORD046599,2024-02-25,CUST04749,PROD0123,1,Late Delivery,10275.68,Approved
RET00136,ORD053902,2025-06-04,CUST04492,PROD0104,1,Damaged,5323.97,Approved
RET00137,ORD014098,2025-12-01,CUST00537,PROD0163,1,Late Delivery,9897.91,Approved
RET00138,ORD067550,2025-04-08,CUST01069,PROD0111,1,Late Delivery,4589.0,Approved
RET00139,ORD039145,2024-06-18,CUST02330,PROD0173,1,Changed Mind,1727.4,Approved
RET00140,ORD049576,2024-02-15,CUST01733,PROD0143,1,Quality Issue,4810.17,Approved
RET00141,ORD003182,2024-03-08,CUST00348,PROD0155,1,Wrong Item,2796.83,Approved
RET00142,ORD072605,2025-11-16,CUST00003,PROD0060,1,Quality Issue,15188.92,Approved
RET00143,ORD011225,2024-11-29,CUST03752,PROD0068,1,Quality Issue,14057.37,Approved
RET00144,ORD004357,2026-01-18,CUST03046,PROD0034,1,Wrong Item,15512.32,Approved
RET00145,ORD015497,2024-03-16,CUST04526,PROD0139,1,Late Delivery,1777.94,Approved
RET00146,ORD001204,2025-12-04,CUST04333,PROD0007,2,Damaged,13240.46,Approved
RET00147,ORD005760,2024-09-17,CUST04840,PROD0140,2,Late Delivery,32116.74,Approved
RET00148,ORD008194,2024-05-12,CUST01663,PROD0088,1,Changed Mind,15469.47,Approved
RET00149,ORD007016,2024-04-25,CUST02406,PROD0099,1,Quality Issue,5204.8,Pending
RET00150,ORD004076,2025-04-26,CUST05385,PROD0129,1,Late Delivery,5163.83,Approved
RET00151,ORD040606,2025-08-25,CUST05678,PROD0074,1,Damaged,2745.78,Approved
RET00152,ORD002481,2025-03-01,CUST04280,PROD0078,1,Wrong Item,11816.08,Rejected
RET00153,ORD062418,2024-05-29,CUST00072,PROD0075,1,Changed Mind,16358.29,Approved
RET00154,ORD074410,2025-10-30,CUST04763,PROD0088,2,Changed Mind,30938.94,Approved
RET00155,ORD036199,2026-04-27,CUST03652,PROD0088,1,Wrong Item,15469.47,Approved
RET00156,ORD040381,2025-07-03,CUST03284,PROD0076,1,Late Delivery,7447.92,Approved
RET00157,ORD051113,2024-04-14,CUST05624,PROD0135,1,Wrong Item,11613.45,Approved
RET00158,ORD035813,2025-06-12,CUST05221,PROD0008,1,Damaged,8891.61,Approved
RET00159,ORD023604,2024-09-25,CUST01933,PROD0097,1,Wrong Item,11000.04,Rejected
RET00160,ORD019305,2026-01-06,CUST03223,PROD0019,1,Quality Issue,9684.46,Approved
RET00161,ORD005019,2024-11-04,CUST03730,PROD0077,1,Quality Issue,1021.47,Approved
RET00162,ORD066052,2026-06-20,CUST01486,PROD0086,1,Late Delivery,4398.02,Approved
RET00163,ORD058917,2024-12-26,CUST01045,PROD0074,2,Quality Issue,5491.56,Approved
RET00164,ORD008891,2024-01-27,CUST00607,PROD0058,1,Wrong Item,2824.28,Approved
RET00165,ORD060253,2024-02-23,CUST03365,PROD0058,1,Changed Mind,2824.28,Pending
RET00166,ORD018025,2025-05-05,CUST01400,PROD0123,1,Wrong Item,10275.68,Approved
RET00167,ORD009847,2025-02-16,CUST03318,PROD0122,1,Changed Mind,6342.03,Approved
RET00168,ORD025762,2024-01-22,CUST03851,PROD0106,2,Damaged,8558.26,Approved
RET00169,ORD034573,2024-12-11,CUST00746,PROD0061,1,Wrong Item,7568.74,Approved
RET00170,ORD064484,2025-08-08,CUST01041,PROD0165,1,Damaged,11488.02,Approved
RET00171,ORD026711,2024-12-22,CUST02910,PROD0176,1,Quality Issue,12006.69,Approved
RET00172,ORD040516,2024-10-07,CUST04193,PROD0039,1,Quality Issue,759.95,Approved
RET00173,ORD024493,2025-03-30,CUST00425,PROD0065,1,Quality Issue,4366.12,Approved
RET00174,ORD048669,2026-05-21,CUST01367,PROD0034,1,Wrong Item,15512.32,Approved
RET00175,ORD061033,2024-10-08,CUST03429,PROD0172,1,Damaged,13612.05,Rejected
RET00176,ORD006818,2024-01-16,CUST01453,PROD0025,1,Quality Issue,5285.3,Approved
RET00177,ORD054584,2025-02-25,CUST04749,PROD0149,1,Late Delivery,15077.01,Rejected
RET00178,ORD048339,2026-03-26,CUST04231,PROD0166,1,Wrong Item,6336.84,Pending
RET00179,ORD050533,2026-07-01,CUST05918,PROD0055,1,Wrong Item,832.15,Approved
RET00180,ORD027985,2026-03-07,CUST01219,PROD0055,1,Wrong Item,832.15,Approved
RET00181,ORD067936,2024-12-16,CUST03304,PROD0124,1,Damaged,10142.95,Approved
RET00182,ORD004496,2025-10-05,CUST01720,PROD0179,1,Wrong Item,15031.47,Approved
RET00183,ORD059129,2025-07-08,CUST05918,PROD0019,1,Damaged,9684.46,Rejected
RET00184,ORD064489,2025-03-07,CUST00251,PROD0076,1,Wrong Item,7447.92,Approved
RET00185,ORD034852,2024-04-21,CUST01173,PROD0059,1,Late Delivery,4032.23,Approved
RET00186,ORD048164,2026-02-18,CUST05918,PROD0078,1,Late Delivery,11816.08,Approved
RET00187,ORD049845,2024-04-18,CUST05618,PROD0038,1,Late Delivery,5926.22,Approved
RET00188,ORD020208,2026-03-15,CUST03284,PROD0045,2,Quality Issue,5768.48,Approved
RET00189,ORD059788,2026-05-07,CUST01480,PROD0105,1,Changed Mind,10597.29,Approved
RET00190,ORD073380,2025-02-04,CUST04501,PROD0072,1,Damaged,6813.77,Approved
RET00191,ORD052884,2025-04-12,CUST05580,PROD0002,1,Late Delivery,6109.4,Pending
RET00192,ORD007473,2025-04-21,CUST05634,PROD0101,2,Damaged,24143.38,Approved
RET00193,ORD026008,2024-07-13,CUST05640,PROD0140,1,Damaged,16058.37,Approved
RET00194,ORD017885,2025-06-01,CUST03955,PROD0144,1,Damaged,2257.47,Rejected
RET00195,ORD071475,2024-07-02,CUST02765,PROD0043,1,Wrong Item,18076.17,Approved
RET00196,ORD006886,2025-11-19,CUST02505,PROD0078,1,Damaged,11816.08,Approved
RET00197,ORD051343,2024-09-13,CUST05245,PROD0001,1,Wrong Item,12001.3,Approved
RET00198,ORD050512,2024-07-23,CUST01174,PROD0131,1,Quality Issue,8773.69,Approved
RET00199,ORD000124,2025-05-29,CUST05405,PROD0069,1,Changed Mind,5482.32,Approved
RET00200,ORD031756,2024-02-22,CUST04420,PROD0084,1,Quality Issue,8327.08,Approved
RET00201,ORD008161,2024-03-22,CUST03184,PROD0103,1,Quality Issue,7340.57,Approved
RET00202,ORD016404,2025-08-16,CUST04680,PROD0167,1,Quality Issue,12170.89,Approved
RET00203,ORD023312,2024-11-05,CUST04351,PROD0123,1,Quality Issue,10275.68,Approved
RET00204,ORD034087,2025-09-03,CUST01449,PROD0017,1,Quality Issue,9986.93,Approved
RET00205,ORD068666,2025-05-28,CUST02365,PROD0173,1,Damaged,1727.4,Pending
RET00206,ORD049766,2024-12-09,CUST03275,PROD0095,1,Late Delivery,2134.17,Approved
RET00207,ORD051018,2024-01-20,CUST01902,PROD0103,1,Damaged,7340.57,Approved
RET00208,ORD033514,2024-04-11,CUST00861,PROD0157,2,Late Delivery,28646.16,Rejected
RET00209,ORD045412,2026-04-30,CUST05557,PROD0162,2,Late Delivery,29604.34,Pending
RET00210,ORD052027,2024-08-09,CUST00072,PROD0144,1,Wrong Item,2257.47,Approved
RET00211,ORD020456,2026-05-12,CUST03009,PROD0036,1,Quality Issue,15593.56,Rejected
RET00212,ORD073817,2024-09-06,CUST03321,PROD0110,2,Quality Issue,897.08,Pending
RET00213,ORD033333,2025-02-23,CUST02516,PROD0089,1,Damaged,18354.57,Approved
RET00214,ORD007404,2025-11-21,CUST00223,PROD0079,1,Late Delivery,5573.33,Approved
RET00215,ORD012735,2025-04-22,CUST00270,PROD0129,1,Wrong Item,5163.83,Approved
RET00216,ORD016484,2025-06-01,CUST02186,PROD0025,1,Wrong Item,5285.3,Approved
RET00217,ORD045929,2024-03-30,CUST05322,PROD0056,2,Late Delivery,8104.8,Approved
RET00218,ORD024898,2024-05-25,CUST00937,PROD0151,1,Wrong Item,3808.36,Approved
RET00219,ORD017078,2026-02-28,CUST05142,PROD0168,1,Changed Mind,7461.76,Approved
RET00220,ORD009560,2024-07-01,CUST04421,PROD0179,1,Damaged,15031.47,Rejected
RET00221,ORD027806,2026-04-05,CUST04144,PROD0144,1,Late Delivery,2257.47,Approved
RET00222,ORD066496,2024-04-05,CUST01582,PROD0045,1,Changed Mind,2884.24,Approved
RET00223,ORD031966,2025-10-24,CUST03396,PROD0150,1,Wrong Item,1301.37,Approved
RET00224,ORD029197,2025-10-25,CUST01246,PROD0132,1,Late Delivery,3901.55,Rejected
RET00225,ORD072576,2024-10-06,CUST01451,PROD0180,1,Damaged,1990.36,Approved
RET00226,ORD071617,2026-03-31,CUST02559,PROD0173,1,Late Delivery,1727.4,Approved
RET00227,ORD011904,2024-01-30,CUST00081,PROD0157,1,Damaged,14323.08,Approved
RET00228,ORD003475,2024-12-25,CUST03952,PROD0009,1,Damaged,6992.14,Rejected
RET00229,ORD058668,2024-07-12,CUST00085,PROD0074,2,Changed Mind,5491.56,Approved
RET00230,ORD068701,2025-02-14,CUST05857,PROD0026,2,Changed Mind,24052.38,Pending
RET00231,ORD002616,2024-10-15,CUST05464,PROD0020,1,Changed Mind,4124.29,Approved
RET00232,ORD067400,2025-05-18,CUST05994,PROD0179,2,Wrong Item,30062.94,Approved
RET00233,ORD062289,2024-07-20,CUST02139,PROD0130,1,Changed Mind,9115.86,Approved
RET00234,ORD011186,2026-01-16,CUST04164,PROD0137,2,Changed Mind,4271.64,Approved
RET00235,ORD020653,2026-03-21,CUST05843,PROD0018,1,Quality Issue,12486.26,Rejected
RET00236,ORD057052,2024-10-10,CUST02652,PROD0042,1,Damaged,19236.44,Approved
RET00237,ORD060793,2025-07-18,CUST05434,PROD0106,2,Late Delivery,8558.26,Approved
RET00238,ORD004058,2024-04-04,CUST03850,PROD0099,1,Wrong Item,5204.8,Rejected
RET00239,ORD035896,2025-11-26,CUST00298,PROD0090,2,Changed Mind,12708.16,Rejected
RET00240,ORD060929,2025-02-06,CUST02264,PROD0116,2,Damaged,3625.08,Approved
RET00241,ORD065745,2024-08-22,CUST00334,PROD0105,2,Late Delivery,21194.58,Approved
RET00242,ORD037278,2025-07-15,CUST00673,PROD0108,1,Changed Mind,12361.97,Approved
RET00243,ORD002325,2024-04-22,CUST02175,PROD0029,1,Wrong Item,13777.49,Approved
RET00244,ORD036304,2024-11-10,CUST05429,PROD0031,1,Damaged,3348.21,Pending
RET00245,ORD015747,2024-09-22,CUST04986,PROD0082,2,Changed Mind,4425.44,Pending
RET00246,ORD041092,2024-03-19,CUST03427,PROD0065,1,Quality Issue,4366.12,Approved
RET00247,ORD057152,2025-11-28,CUST00062,PROD0175,1,Late Delivery,8066.73,Approved
RET00248,ORD045858,2025-10-30,CUST05736,PROD0126,1,Late Delivery,11737.65,Pending
RET00249,ORD021764,2025-04-18,CUST00569,PROD0080,2,Wrong Item,14213.3,Approved
RET00250,ORD033505,2025-05-06,CUST01369,PROD0104,1,Damaged,5323.97,Pending
RET00251,ORD048473,2025-03-09,CUST02811,PROD0019,1,Wrong Item,9684.46,Pending
RET00252,ORD051650,2025-05-07,CUST03723,PROD0033,1,Late Delivery,8818.49,Approved
RET00253,ORD006410,2025-08-03,CUST05899,PROD0164,1,Changed Mind,15495.6,Approved
RET00254,ORD030531,2025-12-21,CUST01869,PROD0127,1,Damaged,2851.07,Approved
RET00255,ORD000730,2026-02-21,CUST02782,PROD0158,1,Damaged,16109.18,Approved
RET00256,ORD016305,2024-06-17,CUST01681,PROD0064,2,Wrong Item,28046.84,Approved
RET00257,ORD063931,2024-05-13,CUST03812,PROD0173,1,Quality Issue,1727.4,Approved
RET00258,ORD061209,2024-11-08,CUST05298,PROD0056,2,Late Delivery,8104.8,Approved
RET00259,ORD052368,2026-03-31,CUST00923,PROD0088,1,Damaged,15469.47,Approved
RET00260,ORD053089,2025-12-21,CUST03192,PROD0096,1,Late Delivery,2508.21,Approved
RET00261,ORD026064,2025-11-24,CUST04404,PROD0140,1,Changed Mind,16058.37,Approved
RET00262,ORD020468,2025-10-22,CUST01716,PROD0176,2,Wrong Item,24013.38,Approved
RET00263,ORD074589,2026-03-11,CUST04695,PROD0031,1,Quality Issue,3348.21,Approved
RET00264,ORD034903,2024-12-06,CUST01349,PROD0083,2,Quality Issue,27269.86,Approved
RET00265,ORD065195,2026-01-15,CUST04911,PROD0175,2,Changed Mind,16133.46,Approved
RET00266,ORD029308,2026-01-08,CUST04189,PROD0093,1,Changed Mind,13725.41,Pending
RET00267,ORD055444,2024-10-11,CUST00695,PROD0175,1,Damaged,8066.73,Approved
RET00268,ORD019196,2024-01-12,CUST02791,PROD0086,1,Changed Mind,4398.02,Approved
RET00269,ORD036938,2026-01-20,CUST04247,PROD0150,1,Late Delivery,1301.37,Approved
RET00270,ORD026965,2025-06-08,CUST03694,PROD0146,1,Quality Issue,2879.6,Approved
RET00271,ORD010648,2024-12-23,CUST02408,PROD0084,1,Damaged,8327.08,Approved
RET00272,ORD040694,2024-08-28,CUST04276,PROD0019,1,Quality Issue,9684.46,Rejected
RET00273,ORD043641,2025-11-25,CUST02391,PROD0132,1,Quality Issue,3901.55,Approved
RET00274,ORD003325,2025-10-11,CUST00472,PROD0030,1,Wrong Item,10355.74,Approved
RET00275,ORD033466,2026-07-04,CUST05282,PROD0160,2,Changed Mind,18112.16,Approved
RET00276,ORD002393,2026-05-22,CUST01148,PROD0087,1,Damaged,3396.38,Pending
RET00277,ORD072525,2025-08-19,CUST01487,PROD0140,1,Quality Issue,16058.37,Approved
RET00278,ORD036950,2025-11-10,CUST05227,PROD0037,1,Wrong Item,9731.05,Approved
RET00279,ORD036405,2024-04-09,CUST02309,PROD0060,1,Late Delivery,15188.92,Approved
RET00280,ORD029460,2026-01-31,CUST02345,PROD0166,2,Late Delivery,12673.68,Approved
RET00281,ORD016862,2025-03-19,CUST04399,PROD0074,2,Wrong Item,5491.56,Approved
RET00282,ORD012731,2025-08-15,CUST04196,PROD0099,2,Late Delivery,10409.6,Approved
RET00283,ORD047934,2026-06-04,CUST01736,PROD0003,1,Damaged,15842.07,Approved
RET00284,ORD003407,2024-07-28,CUST03124,PROD0132,1,Late Delivery,3901.55,Approved
RET00285,ORD006746,2026-04-18,CUST02954,PROD0065,2,Wrong Item,8732.24,Approved
RET00286,ORD055296,2026-03-18,CUST01293,PROD0098,1,Quality Issue,15512.35,Rejected
RET00287,ORD046578,2025-08-10,CUST04949,PROD0139,1,Late Delivery,1777.94,Approved
RET00288,ORD055436,2025-08-10,CUST01443,PROD0167,1,Wrong Item,12170.89,Approved
RET00289,ORD026760,2026-02-12,CUST00326,PROD0119,1,Quality Issue,15636.32,Pending
RET00290,ORD030914,2025-01-11,CUST01321,PROD0064,1,Wrong Item,14023.42,Approved
RET00291,ORD050887,2025-01-26,CUST00293,PROD0014,1,Quality Issue,6922.67,Approved
RET00292,ORD018323,2024-10-02,CUST01634,PROD0096,1,Changed Mind,2508.21,Approved
RET00293,ORD012843,2026-02-02,CUST03689,PROD0151,1,Damaged,3808.36,Approved
RET00294,ORD015883,2024-02-27,CUST05484,PROD0095,1,Late Delivery,2134.17,Approved
RET00295,ORD007861,2026-06-25,CUST01520,PROD0133,1,Changed Mind,12376.92,Approved
RET00296,ORD053654,2025-10-04,CUST04320,PROD0081,1,Damaged,255.39,Approved
RET00297,ORD038400,2026-04-23,CUST01744,PROD0048,1,Damaged,4193.34,Approved
RET00298,ORD034968,2026-06-09,CUST04475,PROD0076,2,Changed Mind,14895.84,Pending
RET00299,ORD015804,2025-01-10,CUST03156,PROD0118,1,Damaged,11702.39,Pending
RET00300,ORD061706,2025-06-26,CUST02351,PROD0171,1,Changed Mind,13350.31,Approved
RET00301,ORD021747,2026-05-03,CUST01338,PROD0065,1,Late Delivery,4366.12,Approved
RET00302,ORD000910,2024-04-20,CUST00851,PROD0047,1,Wrong Item,7182.73,Approved
RET00303,ORD013238,2024-09-27,CUST04649,PROD0008,2,Quality Issue,17783.22,Approved
RET00304,ORD040631,2024-08-18,CUST04690,PROD0037,1,Late Delivery,9731.05,Pending
RET00305,ORD040555,2025-01-31,CUST04711,PROD0014,1,Damaged,6922.67,Approved
RET00306,ORD052661,2025-12-21,CUST00632,PROD0061,1,Wrong Item,7568.74,Pending
RET00307,ORD072521,2026-01-19,CUST03826,PROD0076,2,Wrong Item,14895.84,Pending
RET00308,ORD046146,2024-04-29,CUST00828,PROD0125,1,Wrong Item,12200.98,Pending
RET00309,ORD006530,2024-06-24,CUST04483,PROD0070,2,Changed Mind,27540.72,Approved
RET00310,ORD069612,2026-05-08,CUST05501,PROD0173,1,Late Delivery,1727.4,Approved
RET00311,ORD051808,2025-06-11,CUST02833,PROD0180,1,Quality Issue,1990.36,Approved
RET00312,ORD057913,2024-11-29,CUST04396,PROD0030,1,Late Delivery,10355.74,Pending
RET00313,ORD055318,2026-01-10,CUST01297,PROD0097,1,Changed Mind,11000.04,Approved
RET00314,ORD058970,2025-04-28,CUST05229,PROD0145,1,Wrong Item,1029.53,Approved
RET00315,ORD017197,2026-06-17,CUST00505,PROD0096,2,Wrong Item,5016.42,Approved
RET00316,ORD016899,2025-05-24,CUST05729,PROD0034,1,Damaged,15512.32,Approved
RET00317,ORD009787,2025-05-21,CUST05894,PROD0169,2,Late Delivery,12709.76,Approved
RET00318,ORD033392,2024-09-04,CUST02626,PROD0056,1,Quality Issue,4052.4,Approved
RET00319,ORD060550,2025-09-17,CUST00596,PROD0168,1,Quality Issue,7461.76,Approved
RET00320,ORD071662,2025-11-17,CUST05538,PROD0061,2,Changed Mind,15137.48,Approved
RET00321,ORD030205,2024-06-05,CUST00320,PROD0172,2,Late Delivery,27224.1,Approved
RET00322,ORD043436,2025-12-22,CUST05831,PROD0040,1,Quality Issue,7125.69,Approved
RET00323,ORD005943,2025-08-18,CUST01413,PROD0080,1,Damaged,7106.65,Approved
RET00324,ORD043234,2024-12-17,CUST04232,PROD0158,1,Quality Issue,16109.18,Approved
RET00325,ORD065009,2024-05-16,CUST05814,PROD0001,1,Damaged,12001.3,Approved
RET00326,ORD019802,2025-05-23,CUST05371,PROD0065,1,Late Delivery,4366.12,Approved
RET00327,ORD065832,2026-02-16,CUST00565,PROD0088,1,Damaged,15469.47,Approved
RET00328,ORD018449,2025-03-18,CUST05009,PROD0123,1,Late Delivery,10275.68,Approved
RET00329,ORD038031,2024-02-08,CUST00021,PROD0141,1,Damaged,1258.64,Approved
RET00330,ORD042467,2025-07-08,CUST02670,PROD0179,1,Wrong Item,15031.47,Approved
RET00331,ORD051590,2024-04-15,CUST04116,PROD0059,1,Wrong Item,4032.23,Approved
RET00332,ORD003151,2024-08-16,CUST04979,PROD0040,2,Late Delivery,14251.38,Approved
RET00333,ORD052485,2025-10-08,CUST05110,PROD0039,2,Quality Issue,1519.9,Approved
RET00334,ORD027455,2025-01-26,CUST02798,PROD0033,1,Wrong Item,8818.49,Pending
RET00335,ORD008171,2024-01-19,CUST02837,PROD0051,2,Late Delivery,14489.6,Approved
RET00336,ORD027519,2025-11-16,CUST05221,PROD0063,1,Quality Issue,4222.04,Pending
RET00337,ORD033382,2024-04-17,CUST04974,PROD0057,1,Late Delivery,9379.9,Approved
RET00338,ORD059349,2025-07-06,CUST01719,PROD0113,1,Wrong Item,14425.18,Approved
RET00339,ORD067825,2026-04-13,CUST03411,PROD0138,1,Quality Issue,12600.9,Rejected
RET00340,ORD044622,2025-06-04,CUST01191,PROD0166,2,Damaged,12673.68,Approved
RET00341,ORD005066,2024-03-23,CUST04610,PROD0039,1,Damaged,759.95,Approved
RET00342,ORD057002,2026-06-27,CUST00027,PROD0094,1,Quality Issue,12677.35,Approved
RET00343,ORD070839,2025-10-26,CUST02707,PROD0093,1,Late Delivery,13725.41,Approved
RET00344,ORD056347,2024-07-03,CUST04430,PROD0157,1,Late Delivery,14323.08,Approved
RET00345,ORD030112,2024-09-12,CUST02503,PROD0112,1,Wrong Item,18905.22,Approved
RET00346,ORD006071,2024-06-12,CUST00689,PROD0122,1,Wrong Item,6342.03,Approved
RET00347,ORD061550,2024-12-13,CUST00657,PROD0092,1,Quality Issue,3069.95,Approved
RET00348,ORD012408,2024-06-10,CUST04561,PROD0139,1,Late Delivery,1777.94,Approved
RET00349,ORD022428,2024-09-29,CUST01525,PROD0171,1,Quality Issue,13350.31,Approved
RET00350,ORD049274,2026-05-13,CUST04688,PROD0065,1,Damaged,4366.12,Pending
RET00351,ORD001217,2026-05-19,CUST04128,PROD0027,1,Late Delivery,10298.65,Approved
RET00352,ORD021491,2024-06-02,CUST00255,PROD0136,1,Wrong Item,14567.99,Approved
RET00353,ORD073716,2025-06-22,CUST04513,PROD0101,1,Damaged,12071.69,Approved
RET00354,ORD006097,2025-08-25,CUST05167,PROD0169,2,Wrong Item,12709.76,Approved
RET00355,ORD003394,2026-04-10,CUST02057,PROD0179,1,Damaged,15031.47,Approved
RET00356,ORD052185,2026-07-02,CUST02729,PROD0106,1,Late Delivery,4279.13,Approved
RET00357,ORD060370,2026-03-30,CUST01440,PROD0060,2,Late Delivery,30377.84,Approved
RET00358,ORD017077,2025-08-21,CUST01495,PROD0164,1,Changed Mind,15495.6,Approved
RET00359,ORD048092,2025-10-06,CUST04147,PROD0018,2,Quality Issue,24972.52,Approved
RET00360,ORD054364,2024-01-21,CUST03514,PROD0011,1,Changed Mind,4711.27,Approved
RET00361,ORD055660,2026-03-11,CUST00401,PROD0027,1,Damaged,10298.65,Approved
RET00362,ORD042224,2025-07-09,CUST04767,PROD0053,1,Wrong Item,2085.37,Approved
RET00363,ORD012938,2024-05-21,CUST04590,PROD0038,1,Wrong Item,5926.22,Rejected
RET00364,ORD065955,2025-04-29,CUST00724,PROD0008,1,Wrong Item,8891.61,Approved
RET00365,ORD048469,2024-02-26,CUST01460,PROD0087,1,Changed Mind,3396.38,Approved
RET00366,ORD062516,2026-02-08,CUST02199,PROD0091,1,Late Delivery,2345.0,Approved
RET00367,ORD009259,2024-11-13,CUST04296,PROD0024,1,Wrong Item,6673.1,Approved
RET00368,ORD027520,2025-07-12,CUST04806,PROD0143,1,Changed Mind,4810.17,Approved
RET00369,ORD014549,2026-01-27,CUST03334,PROD0140,1,Wrong Item,16058.37,Approved
RET00370,ORD072294,2024-12-11,CUST04888,PROD0135,1,Damaged,11613.45,Approved
RET00371,ORD045195,2024-02-26,CUST05435,PROD0081,1,Damaged,255.39,Approved
RET00372,ORD062063,2026-03-06,CUST00952,PROD0133,1,Late Delivery,12376.92,Pending
RET00373,ORD014049,2026-03-17,CUST03014,PROD0021,1,Late Delivery,18499.86,Approved
RET00374,ORD019940,2024-07-28,CUST02419,PROD0101,1,Quality Issue,12071.69,Approved
RET00375,ORD011080,2025-11-29,CUST04369,PROD0047,1,Wrong Item,7182.73,Approved
RET00376,ORD037511,2026-04-21,CUST03883,PROD0104,1,Damaged,5323.97,Approved
RET00377,ORD063607,2024-12-06,CUST02401,PROD0083,1,Wrong Item,13634.93,Rejected
RET00378,ORD055298,2025-05-16,CUST05663,PROD0111,1,Quality Issue,4589.0,Approved
RET00379,ORD064916,2026-03-09,CUST02721,PROD0158,1,Wrong Item,16109.18,Approved
RET00380,ORD072466,2024-08-14,CUST01681,PROD0067,1,Wrong Item,4228.87,Approved
RET00381,ORD037369,2026-05-05,CUST05028,PROD0068,1,Wrong Item,14057.37,Approved
RET00382,ORD018062,2025-03-15,CUST00538,PROD0068,1,Quality Issue,14057.37,Approved
RET00383,ORD041087,2024-04-13,CUST05404,PROD0104,1,Quality Issue,5323.97,Approved
RET00384,ORD025969,2026-06-15,CUST02477,PROD0076,2,Quality Issue,14895.84,Approved
RET00385,ORD061199,2024-12-20,CUST03921,PROD0132,1,Late Delivery,3901.55,Approved
RET00386,ORD061450,2025-04-23,CUST02303,PROD0021,1,Changed Mind,18499.86,Approved
RET00387,ORD056297,2024-10-17,CUST01839,PROD0105,1,Wrong Item,10597.29,Approved
RET00388,ORD034495,2025-05-14,CUST04813,PROD0043,2,Quality Issue,36152.34,Approved
RET00389,ORD027691,2024-08-11,CUST00886,PROD0040,1,Late Delivery,7125.69,Approved
RET00390,ORD006831,2025-03-26,CUST02187,PROD0037,1,Damaged,9731.05,Approved
RET00391,ORD031968,2024-01-29,CUST04127,PROD0146,1,Damaged,2879.6,Rejected
RET00392,ORD068315,2024-05-27,CUST04891,PROD0031,1,Quality Issue,3348.21,Approved
RET00393,ORD043954,2024-01-14,CUST04283,PROD0060,1,Quality Issue,15188.92,Approved
RET00394,ORD035970,2024-10-12,CUST05568,PROD0097,1,Wrong Item,11000.04,Rejected
RET00395,ORD068844,2024-05-30,CUST03115,PROD0038,1,Damaged,5926.22,Approved
RET00396,ORD061103,2025-09-17,CUST04129,PROD0100,1,Changed Mind,4090.74,Approved
RET00397,ORD004717,2025-08-21,CUST01609,PROD0007,1,Late Delivery,6620.23,Approved
RET00398,ORD040825,2025-05-09,CUST02189,PROD0180,1,Damaged,1990.36,Approved
RET00399,ORD066858,2025-04-20,CUST01549,PROD0094,1,Quality Issue,12677.35,Approved
RET00400,ORD016396,2025-09-20,CUST02889,PROD0170,1,Wrong Item,15086.92,Approved
RET00401,ORD057992,2026-01-12,CUST04133,PROD0058,2,Wrong Item,5648.56,Approved
RET00402,ORD010693,2026-02-12,CUST02115,PROD0083,2,Wrong Item,27269.86,Rejected
RET00403,ORD027982,2025-01-02,CUST04049,PROD0178,1,Late Delivery,4622.91,Approved
RET00404,ORD025779,2025-03-15,CUST04185,PROD0069,1,Changed Mind,5482.32,Approved
RET00405,ORD046585,2024-12-06,CUST00905,PROD0120,1,Changed Mind,6528.62,Pending
RET00406,ORD043156,2024-02-23,CUST05091,PROD0066,1,Quality Issue,6135.56,Pending
RET00407,ORD016641,2024-10-19,CUST00143,PROD0084,1,Changed Mind,8327.08,Approved
RET00408,ORD054668,2025-08-24,CUST01707,PROD0036,1,Wrong Item,15593.56,Approved
RET00409,ORD004100,2025-07-02,CUST01639,PROD0024,1,Damaged,6673.1,Approved
RET00410,ORD036966,2025-08-31,CUST05443,PROD0053,1,Late Delivery,2085.37,Approved
RET00411,ORD012296,2025-10-28,CUST02972,PROD0173,2,Late Delivery,3454.8,Approved
RET00412,ORD045737,2024-09-09,CUST00121,PROD0157,1,Wrong Item,14323.08,Approved
RET00413,ORD005599,2024-09-20,CUST05345,PROD0070,1,Late Delivery,13770.36,Approved
RET00414,ORD064371,2025-07-07,CUST01726,PROD0155,1,Quality Issue,2796.83,Approved
RET00415,ORD016706,2025-05-23,CUST02849,PROD0171,2,Wrong Item,26700.62,Approved
RET00416,ORD058177,2025-03-04,CUST03427,PROD0147,1,Quality Issue,5213.69,Approved
RET00417,ORD025651,2024-06-15,CUST01179,PROD0037,1,Wrong Item,9731.05,Approved
RET00418,ORD016754,2024-06-23,CUST04514,PROD0174,1,Damaged,2332.87,Pending
RET00419,ORD039634,2025-05-08,CUST04626,PROD0166,2,Quality Issue,12673.68,Pending
RET00420,ORD040781,2026-02-06,CUST00816,PROD0128,1,Late Delivery,6488.56,Approved
RET00421,ORD009111,2024-12-08,CUST02012,PROD0060,1,Wrong Item,15188.92,Approved
RET00422,ORD031627,2026-03-02,CUST05886,PROD0178,1,Wrong Item,4622.91,Approved
RET00423,ORD057385,2024-08-21,CUST04158,PROD0123,1,Wrong Item,10275.68,Pending
RET00424,ORD022590,2024-08-29,CUST01441,PROD0101,2,Wrong Item,24143.38,Approved
RET00425,ORD001380,2026-06-27,CUST04098,PROD0026,1,Damaged,12026.19,Approved
RET00426,ORD024869,2024-08-16,CUST05391,PROD0097,1,Quality Issue,11000.04,Approved
RET00427,ORD051836,2024-08-15,CUST02910,PROD0032,1,Quality Issue,16577.15,Rejected
RET00428,ORD018623,2026-03-12,CUST05038,PROD0047,1,Late Delivery,7182.73,Approved
RET00429,ORD056534,2025-04-09,CUST05485,PROD0085,1,Late Delivery,7374.91,Approved
RET00430,ORD050192,2024-05-07,CUST00120,PROD0104,1,Quality Issue,5323.97,Approved
RET00431,ORD061059,2025-01-01,CUST02311,PROD0016,1,Changed Mind,5085.97,Approved
RET00432,ORD002479,2026-02-09,CUST00989,PROD0172,1,Late Delivery,13612.05,Pending
RET00433,ORD062598,2026-06-29,CUST00495,PROD0048,1,Quality Issue,4193.34,Pending
RET00434,ORD032726,2025-09-17,CUST01491,PROD0039,1,Late Delivery,759.95,Approved
RET00435,ORD045285,2024-12-20,CUST00174,PROD0060,1,Damaged,15188.92,Approved
RET00436,ORD055995,2025-04-22,CUST02587,PROD0099,1,Damaged,5204.8,Approved
RET00437,ORD072413,2024-07-10,CUST02094,PROD0159,2,Changed Mind,5760.4,Approved
RET00438,ORD031458,2025-09-05,CUST04533,PROD0045,1,Late Delivery,2884.24,Approved
RET00439,ORD060006,2025-02-03,CUST05846,PROD0120,1,Changed Mind,6528.62,Approved
RET00440,ORD022969,2024-12-28,CUST01038,PROD0143,1,Wrong Item,4810.17,Approved
RET00441,ORD058097,2026-05-04,CUST05874,PROD0179,1,Damaged,15031.47,Rejected
RET00442,ORD058916,2025-12-03,CUST04950,PROD0153,1,Late Delivery,8234.87,Approved
RET00443,ORD003412,2024-03-29,CUST03849,PROD0086,1,Damaged,4398.02,Approved
RET00444,ORD027252,2025-12-16,CUST04953,PROD0093,1,Wrong Item,13725.41,Approved
RET00445,ORD050926,2025-10-07,CUST02843,PROD0011,1,Wrong Item,4711.27,Approved
RET00446,ORD000654,2025-03-26,CUST01922,PROD0127,2,Changed Mind,5702.14,Rejected
RET00447,ORD022375,2025-02-28,CUST00633,PROD0011,1,Changed Mind,4711.27,Approved
RET00448,ORD056519,2025-07-13,CUST04740,PROD0082,1,Damaged,2212.72,Rejected
RET00449,ORD020451,2025-10-05,CUST03231,PROD0117,1,Damaged,2739.8,Approved
RET00450,ORD034639,2025-05-12,CUST05200,PROD0088,2,Damaged,30938.94,Approved
RET00451,ORD063710,2025-06-15,CUST01952,PROD0125,1,Damaged,12200.98,Approved
RET00452,ORD051610,2025-10-03,CUST03976,PROD0085,1,Wrong Item,7374.91,Approved
RET00453,ORD035982,2024-01-22,CUST02364,PROD0032,1,Quality Issue,16577.15,Pending
RET00454,ORD000709,2026-03-11,CUST02408,PROD0166,1,Quality Issue,6336.84,Approved
RET00455,ORD029801,2025-04-13,CUST00340,PROD0081,1,Late Delivery,255.39,Approved
RET00456,ORD045532,2026-01-05,CUST01615,PROD0039,1,Damaged,759.95,Approved
RET00457,ORD017175,2025-06-02,CUST03499,PROD0020,1,Quality Issue,4124.29,Approved
RET00458,ORD056373,2026-03-30,CUST00278,PROD0168,1,Quality Issue,7461.76,Pending
RET00459,ORD040278,2025-05-22,CUST03823,PROD0105,1,Damaged,10597.29,Approved
RET00460,ORD013627,2026-03-11,CUST00147,PROD0090,1,Quality Issue,6354.08,Approved
RET00461,ORD025367,2025-06-21,CUST01098,PROD0152,2,Quality Issue,16312.56,Approved
RET00462,ORD067501,2024-06-20,CUST01293,PROD0108,1,Quality Issue,12361.97,Approved
RET00463,ORD068392,2024-05-27,CUST02184,PROD0147,1,Damaged,5213.69,Approved
RET00464,ORD001253,2024-03-15,CUST04500,PROD0008,1,Changed Mind,8891.61,Approved
RET00465,ORD057038,2025-09-04,CUST01929,PROD0071,2,Changed Mind,20840.58,Approved
RET00466,ORD069683,2025-02-24,CUST03935,PROD0160,2,Changed Mind,18112.16,Rejected
RET00467,ORD024950,2024-10-27,CUST03450,PROD0180,1,Damaged,1990.36,Pending
RET00468,ORD017347,2025-11-29,CUST03676,PROD0023,1,Damaged,12094.54,Approved
RET00469,ORD043964,2024-10-15,CUST04014,PROD0118,1,Wrong Item,11702.39,Approved
RET00470,ORD016436,2026-03-06,CUST03972,PROD0091,1,Late Delivery,2345.0,Approved
RET00471,ORD022061,2026-07-01,CUST01013,PROD0105,1,Damaged,10597.29,Approved
RET00472,ORD018346,2024-11-03,CUST00171,PROD0146,1,Late Delivery,2879.6,Approved
RET00473,ORD013823,2025-10-15,CUST01949,PROD0113,1,Damaged,14425.18,Approved
RET00474,ORD024909,2026-03-14,CUST00627,PROD0116,1,Damaged,1812.54,Approved
RET00475,ORD001688,2025-09-03,CUST02749,PROD0018,2,Late Delivery,24972.52,Approved
RET00476,ORD002705,2025-05-14,CUST01067,PROD0135,1,Late Delivery,11613.45,Pending
RET00477,ORD020246,2025-12-22,CUST00010,PROD0095,1,Quality Issue,2134.17,Rejected
RET00478,ORD052654,2024-12-23,CUST03159,PROD0114,1,Late Delivery,5547.1,Approved
RET00479,ORD030545,2024-10-20,CUST05755,PROD0156,1,Late Delivery,891.52,Approved
RET00480,ORD016428,2024-10-19,CUST00970,PROD0021,1,Changed Mind,18499.86,Rejected
RET00481,ORD046216,2024-08-12,CUST02712,PROD0038,1,Changed Mind,5926.22,Approved
RET00482,ORD016481,2025-01-10,CUST03891,PROD0095,1,Late Delivery,2134.17,Approved
RET00483,ORD002187,2025-06-19,CUST05663,PROD0099,1,Late Delivery,5204.8,Approved
RET00484,ORD048011,2026-01-06,CUST05052,PROD0134,1,Quality Issue,6640.83,Approved
RET00485,ORD007983,2025-08-01,CUST03388,PROD0037,1,Changed Mind,9731.05,Approved
RET00486,ORD068164,2026-07-09,CUST04987,PROD0160,1,Changed Mind,9056.08,Approved
RET00487,ORD058211,2026-05-23,CUST03262,PROD0175,2,Changed Mind,16133.46,Approved
RET00488,ORD026757,2025-04-03,CUST04739,PROD0165,1,Wrong Item,11488.02,Approved
RET00489,ORD005149,2025-04-15,CUST04883,PROD0148,1,Changed Mind,8761.87,Approved
RET00490,ORD019958,2026-06-29,CUST05529,PROD0034,2,Quality Issue,31024.64,Approved
RET00491,ORD048205,2025-08-26,CUST00129,PROD0129,1,Quality Issue,5163.83,Rejected
RET00492,ORD042159,2024-07-01,CUST00751,PROD0162,1,Damaged,14802.17,Approved
RET00493,ORD058812,2026-01-26,CUST02336,PROD0176,2,Wrong Item,24013.38,Approved
RET00494,ORD066555,2024-03-23,CUST00587,PROD0125,1,Damaged,12200.98,Pending
RET00495,ORD000835,2025-04-06,CUST03808,PROD0035,1,Changed Mind,717.8,Pending
RET00496,ORD064053,2025-02-11,CUST04785,PROD0062,1,Wrong Item,4179.63,Approved
RET00497,ORD068038,2024-03-26,CUST00375,PROD0059,1,Damaged,4032.23,Approved
RET00498,ORD032399,2024-10-20,CUST01007,PROD0155,2,Wrong Item,5593.66,Pending
RET00499,ORD052011,2025-12-03,CUST04740,PROD0002,1,Late Delivery,6109.4,Approved
RET00500,ORD059600,2026-05-02,CUST05032,PROD0133,2,Wrong Item,24753.84,Approved
RET00501,ORD074749,2025-01-22,CUST02547,PROD0028,1,Late Delivery,19962.64,Rejected
RET00502,ORD005287,2024-08-13,CUST05100,PROD0015,1,Damaged,18083.63,Approved
RET00503,ORD011271,2025-12-30,CUST04946,PROD0169,1,Quality Issue,6354.88,Approved
RET00504,ORD038056,2026-02-10,CUST00427,PROD0157,2,Damaged,28646.16,Approved
RET00505,ORD012667,2025-08-28,CUST04300,PROD0041,1,Changed Mind,2219.7,Approved
RET00506,ORD032915,2024-12-23,CUST03330,PROD0050,1,Changed Mind,7609.14,Approved
RET00507,ORD003678,2025-05-03,CUST03424,PROD0077,1,Wrong Item,1021.47,Approved
RET00508,ORD013815,2025-08-13,CUST05694,PROD0073,1,Quality Issue,8656.25,Approved
RET00509,ORD070099,2026-01-29,CUST05497,PROD0117,1,Late Delivery,2739.8,Approved
RET00510,ORD004457,2025-03-07,CUST05570,PROD0158,1,Wrong Item,16109.18,Approved
RET00511,ORD012314,2026-04-24,CUST00567,PROD0087,1,Late Delivery,3396.38,Approved
RET00512,ORD005140,2024-12-15,CUST02613,PROD0026,1,Late Delivery,12026.19,Pending
RET00513,ORD074353,2025-01-03,CUST03064,PROD0008,1,Changed Mind,8891.61,Approved
RET00514,ORD047818,2025-03-26,CUST01576,PROD0170,1,Changed Mind,15086.92,Approved
RET00515,ORD022420,2026-02-01,CUST04099,PROD0113,1,Quality Issue,14425.18,Approved
RET00516,ORD038837,2026-05-14,CUST01545,PROD0045,2,Wrong Item,5768.48,Approved
RET00517,ORD053983,2025-04-14,CUST01538,PROD0124,1,Quality Issue,10142.95,Approved
RET00518,ORD031481,2025-08-31,CUST03817,PROD0041,2,Wrong Item,4439.4,Approved
RET00519,ORD057681,2024-10-11,CUST05723,PROD0111,1,Wrong Item,4589.0,Approved
RET00520,ORD026229,2024-02-19,CUST05550,PROD0036,1,Wrong Item,15593.56,Approved
RET00521,ORD057904,2025-11-10,CUST02807,PROD0040,1,Late Delivery,7125.69,Approved
RET00522,ORD074863,2025-04-20,CUST05805,PROD0108,1,Wrong Item,12361.97,Approved
RET00523,ORD003803,2026-02-17,CUST00004,PROD0140,1,Damaged,16058.37,Rejected
RET00524,ORD031507,2024-08-11,CUST05447,PROD0024,1,Changed Mind,6673.1,Approved
RET00525,ORD059332,2025-10-30,CUST04378,PROD0147,1,Late Delivery,5213.69,Approved
RET00526,ORD010286,2026-01-10,CUST04148,PROD0109,2,Quality Issue,17943.32,Approved
RET00527,ORD034002,2025-04-23,CUST01578,PROD0063,1,Wrong Item,4222.04,Approved
RET00528,ORD016165,2024-10-14,CUST01189,PROD0082,1,Changed Mind,2212.72,Pending
RET00529,ORD042188,2026-07-02,CUST02617,PROD0171,1,Changed Mind,13350.31,Approved
RET00530,ORD045667,2026-02-19,CUST04422,PROD0153,1,Changed Mind,8234.87,Approved
RET00531,ORD025971,2025-12-09,CUST01570,PROD0103,1,Late Delivery,7340.57,Approved
RET00532,ORD022437,2026-03-03,CUST04180,PROD0172,1,Changed Mind,13612.05,Approved
RET00533,ORD071063,2024-04-24,CUST05695,PROD0054,2,Wrong Item,35879.44,Approved
RET00534,ORD004725,2026-06-23,CUST02231,PROD0076,1,Quality Issue,7447.92,Approved
RET00535,ORD059536,2025-06-06,CUST03618,PROD0064,1,Late Delivery,14023.42,Approved
RET00536,ORD011175,2025-01-13,CUST02331,PROD0057,2,Quality Issue,18759.8,Approved
RET00537,ORD073653,2024-02-02,CUST01269,PROD0180,1,Wrong Item,1990.36,Approved
RET00538,ORD038467,2024-12-27,CUST05619,PROD0116,1,Wrong Item,1812.54,Approved
RET00539,ORD041814,2025-12-26,CUST01297,PROD0027,2,Wrong Item,20597.3,Approved
RET00540,ORD011045,2024-05-26,CUST04257,PROD0055,1,Quality Issue,832.15,Rejected
RET00541,ORD059205,2026-04-27,CUST03801,PROD0152,1,Damaged,8156.28,Approved
RET00542,ORD024499,2025-05-09,CUST05319,PROD0058,1,Wrong Item,2824.28,Approved
RET00543,ORD054962,2024-05-17,CUST04777,PROD0097,1,Damaged,11000.04,Approved
RET00544,ORD050716,2025-11-05,CUST05792,PROD0112,1,Wrong Item,18905.22,Approved
RET00545,ORD007805,2024-06-17,CUST01397,PROD0046,1,Changed Mind,5767.09,Approved
RET00546,ORD021953,2024-05-03,CUST02072,PROD0094,1,Quality Issue,12677.35,Approved
RET00547,ORD019290,2025-12-19,CUST03841,PROD0125,1,Wrong Item,12200.98,Approved
RET00548,ORD022207,2024-08-24,CUST03028,PROD0104,1,Late Delivery,5323.97,Approved
RET00549,ORD058394,2024-08-26,CUST02146,PROD0002,1,Wrong Item,6109.4,Approved
RET00550,ORD001561,2024-12-15,CUST03233,PROD0057,1,Damaged,9379.9,Approved
RET00551,ORD023362,2024-06-09,CUST05270,PROD0037,1,Late Delivery,9731.05,Approved
RET00552,ORD066849,2024-02-27,CUST04409,PROD0005,1,Changed Mind,5395.83,Approved
RET00553,ORD067141,2024-02-09,CUST00607,PROD0117,1,Wrong Item,2739.8,Approved
RET00554,ORD055999,2024-03-30,CUST05248,PROD0154,1,Quality Issue,2368.51,Approved
RET00555,ORD024686,2025-03-12,CUST01599,PROD0098,2,Late Delivery,31024.7,Approved
RET00556,ORD052867,2026-06-18,CUST00587,PROD0055,1,Damaged,832.15,Approved
RET00557,ORD043310,2024-11-21,CUST05992,PROD0052,1,Late Delivery,16337.81,Approved
RET00558,ORD064368,2024-03-05,CUST04321,PROD0141,1,Quality Issue,1258.64,Approved
RET00559,ORD048163,2025-12-10,CUST02672,PROD0062,1,Changed Mind,4179.63,Approved
RET00560,ORD012581,2024-05-05,CUST00800,PROD0127,1,Changed Mind,2851.07,Approved
RET00561,ORD068252,2026-01-18,CUST03755,PROD0156,1,Damaged,891.52,Approved
RET00562,ORD062632,2024-05-15,CUST00465,PROD0050,1,Wrong Item,7609.14,Approved
RET00563,ORD039834,2024-08-28,CUST02748,PROD0137,1,Wrong Item,2135.82,Approved
RET00564,ORD072026,2024-08-10,CUST05259,PROD0014,2,Wrong Item,13845.34,Approved
RET00565,ORD055917,2025-07-16,CUST02809,PROD0016,1,Changed Mind,5085.97,Approved
RET00566,ORD032629,2024-10-28,CUST03819,PROD0020,1,Quality Issue,4124.29,Approved
RET00567,ORD034202,2025-09-20,CUST04309,PROD0015,1,Late Delivery,18083.63,Approved
RET00568,ORD072601,2026-02-11,CUST04250,PROD0086,2,Damaged,8796.04,Approved
RET00569,ORD072919,2025-01-21,CUST00140,PROD0001,1,Quality Issue,12001.3,Approved
RET00570,ORD030781,2024-05-29,CUST05767,PROD0125,2,Late Delivery,24401.96,Approved
RET00571,ORD004182,2024-03-10,CUST00463,PROD0131,1,Quality Issue,8773.69,Approved
RET00572,ORD037303,2024-12-03,CUST02944,PROD0006,1,Changed Mind,13675.14,Approved
RET00573,ORD071017,2025-11-24,CUST02549,PROD0149,1,Wrong Item,15077.01,Rejected
RET00574,ORD014293,2025-07-01,CUST00078,PROD0002,1,Wrong Item,6109.4,Rejected
RET00575,ORD019047,2026-07-02,CUST00847,PROD0086,1,Changed Mind,4398.02,Approved
RET00576,ORD069331,2024-03-13,CUST03299,PROD0031,1,Damaged,3348.21,Approved
RET00577,ORD061399,2025-04-26,CUST00297,PROD0117,1,Wrong Item,2739.8,Approved
RET00578,ORD050731,2025-10-24,CUST00457,PROD0130,1,Damaged,9115.86,Approved
RET00579,ORD031674,2025-02-14,CUST03494,PROD0090,2,Quality Issue,12708.16,Approved
RET00580,ORD014386,2026-01-11,CUST02504,PROD0144,1,Damaged,2257.47,Approved
RET00581,ORD047126,2025-07-17,CUST04726,PROD0103,1,Quality Issue,7340.57,Approved
RET00582,ORD033160,2025-11-05,CUST00824,PROD0070,1,Damaged,13770.36,Approved
RET00583,ORD004000,2024-06-09,CUST05515,PROD0168,2,Late Delivery,14923.52,Approved
RET00584,ORD039971,2025-10-01,CUST03190,PROD0088,1,Quality Issue,15469.47,Approved
RET00585,ORD008642,2026-06-12,CUST00400,PROD0108,1,Changed Mind,12361.97,Approved
RET00586,ORD059659,2024-02-05,CUST02975,PROD0120,1,Quality Issue,6528.62,Rejected
RET00587,ORD071159,2025-05-28,CUST04178,PROD0047,1,Damaged,7182.73,Approved
RET00588,ORD058518,2025-05-04,CUST04333,PROD0103,1,Damaged,7340.57,Approved
RET00589,ORD058171,2025-03-07,CUST01095,PROD0114,1,Wrong Item,5547.1,Approved
RET00590,ORD061099,2024-09-29,CUST02624,PROD0036,1,Changed Mind,15593.56,Approved
RET00591,ORD018111,2026-05-08,CUST01331,PROD0032,1,Quality Issue,16577.15,Approved
RET00592,ORD001518,2025-05-21,CUST01308,PROD0017,1,Damaged,9986.93,Approved
RET00593,ORD047824,2025-08-08,CUST03201,PROD0163,1,Quality Issue,9897.91,Approved
RET00594,ORD039601,2026-06-01,CUST01410,PROD0171,1,Quality Issue,13350.31,Approved
RET00595,ORD016190,2025-10-19,CUST05922,PROD0038,2,Changed Mind,11852.44,Approved
RET00596,ORD058619,2024-06-30,CUST01752,PROD0065,2,Changed Mind,8732.24,Rejected
RET00597,ORD016913,2026-02-09,CUST00544,PROD0104,1,Wrong Item,5323.97,Pending
RET00598,ORD025209,2025-07-10,CUST04289,PROD0042,1,Quality Issue,19236.44,Approved
RET00599,ORD064167,2024-03-04,CUST02412,PROD0139,1,Changed Mind,1777.94,Approved
RET00600,ORD065809,2025-08-25,CUST01505,PROD0099,1,Late Delivery,5204.8,Approved
RET00601,ORD074703,2025-01-26,CUST02946,PROD0135,1,Damaged,11613.45,Approved
RET00602,ORD031011,2025-01-13,CUST04616,PROD0124,1,Late Delivery,10142.95,Approved
RET00603,ORD064106,2024-03-24,CUST00164,PROD0099,1,Quality Issue,5204.8,Rejected
RET00604,ORD015637,2024-01-15,CUST02540,PROD0173,1,Changed Mind,1727.4,Approved
RET00605,ORD044866,2026-06-25,CUST05786,PROD0088,1,Quality Issue,15469.47,Approved
RET00606,ORD067704,2026-03-05,CUST05825,PROD0003,1,Wrong Item,15842.07,Approved
RET00607,ORD051619,2025-02-14,CUST05162,PROD0006,1,Changed Mind,13675.14,Approved
RET00608,ORD010880,2025-09-16,CUST04134,PROD0154,1,Late Delivery,2368.51,Approved
RET00609,ORD007964,2025-12-14,CUST00144,PROD0053,1,Late Delivery,2085.37,Approved
RET00610,ORD034394,2024-10-29,CUST02519,PROD0089,1,Quality Issue,18354.57,Approved
RET00611,ORD032145,2025-12-04,CUST02004,PROD0034,1,Damaged,15512.32,Pending
RET00612,ORD033932,2025-06-15,CUST02209,PROD0145,1,Late Delivery,1029.53,Pending
RET00613,ORD044923,2025-04-20,CUST01096,PROD0176,1,Wrong Item,12006.69,Approved
RET00614,ORD042645,2025-07-17,CUST01488,PROD0125,1,Quality Issue,12200.98,Approved
RET00615,ORD042722,2025-11-20,CUST04312,PROD0160,1,Changed Mind,9056.08,Approved
RET00616,ORD000757,2025-10-13,CUST01981,PROD0040,1,Damaged,7125.69,Pending
RET00617,ORD036607,2024-05-29,CUST02690,PROD0125,1,Quality Issue,12200.98,Approved
RET00618,ORD059062,2024-10-22,CUST01834,PROD0025,1,Changed Mind,5285.3,Approved
RET00619,ORD022081,2025-06-17,CUST05882,PROD0116,1,Changed Mind,1812.54,Approved
RET00620,ORD020904,2026-02-07,CUST01589,PROD0109,1,Late Delivery,8971.66,Approved
RET00621,ORD072233,2026-05-27,CUST05665,PROD0167,2,Changed Mind,24341.78,Approved
RET00622,ORD022523,2025-07-22,CUST03274,PROD0027,1,Quality Issue,10298.65,Approved
RET00623,ORD014703,2026-06-18,CUST00795,PROD0065,1,Quality Issue,4366.12,Approved
RET00624,ORD037992,2025-05-06,CUST01989,PROD0090,1,Wrong Item,6354.08,Approved
RET00625,ORD035256,2026-06-30,CUST04691,PROD0108,1,Late Delivery,12361.97,Pending
RET00626,ORD021158,2024-10-11,CUST02701,PROD0106,1,Wrong Item,4279.13,Approved
RET00627,ORD009446,2026-01-11,CUST00777,PROD0102,1,Late Delivery,5276.76,Approved
RET00628,ORD016565,2025-10-29,CUST03015,PROD0041,1,Damaged,2219.7,Approved
RET00629,ORD012014,2025-12-22,CUST02831,PROD0026,1,Late Delivery,12026.19,Approved
RET00630,ORD050711,2025-03-21,CUST02721,PROD0031,1,Changed Mind,3348.21,Pending
RET00631,ORD056096,2026-06-25,CUST02037,PROD0062,1,Quality Issue,4179.63,Approved
RET00632,ORD058153,2024-07-05,CUST04286,PROD0099,1,Changed Mind,5204.8,Approved
RET00633,ORD041823,2024-11-21,CUST00105,PROD0087,1,Wrong Item,3396.38,Approved
RET00634,ORD055938,2024-12-26,CUST05666,PROD0132,1,Wrong Item,3901.55,Pending
RET00635,ORD007746,2024-08-25,CUST00938,PROD0105,1,Quality Issue,10597.29,Approved
RET00636,ORD036552,2026-06-13,CUST04415,PROD0011,1,Changed Mind,4711.27,Approved
RET00637,ORD056292,2024-04-13,CUST01273,PROD0130,1,Late Delivery,9115.86,Approved
RET00638,ORD027183,2024-03-06,CUST02117,PROD0074,1,Late Delivery,2745.78,Approved
RET00639,ORD010257,2025-09-13,CUST03346,PROD0144,2,Quality Issue,4514.94,Approved
RET00640,ORD007549,2026-01-09,CUST04502,PROD0151,1,Changed Mind,3808.36,Approved
RET00641,ORD058912,2024-12-24,CUST04588,PROD0098,1,Late Delivery,15512.35,Approved
RET00642,ORD004946,2024-02-21,CUST00605,PROD0031,2,Damaged,6696.42,Approved
RET00643,ORD061264,2025-11-23,CUST04590,PROD0074,1,Changed Mind,2745.78,Approved
RET00644,ORD034874,2024-11-07,CUST01995,PROD0047,1,Quality Issue,7182.73,Pending
RET00645,ORD064697,2025-03-11,CUST03820,PROD0050,1,Damaged,7609.14,Approved
RET00646,ORD060619,2024-07-21,CUST05618,PROD0036,2,Changed Mind,31187.12,Approved
RET00647,ORD028908,2024-06-27,CUST04237,PROD0086,1,Wrong Item,4398.02,Pending
RET00648,ORD049185,2024-10-08,CUST00305,PROD0010,1,Late Delivery,11772.01,Approved
RET00649,ORD040140,2025-11-17,CUST02979,PROD0060,1,Wrong Item,15188.92,Approved
RET00650,ORD015772,2024-04-24,CUST00715,PROD0080,1,Changed Mind,7106.65,Approved
RET00651,ORD003117,2025-07-02,CUST03563,PROD0057,1,Late Delivery,9379.9,Approved
RET00652,ORD025800,2026-05-27,CUST05885,PROD0088,1,Damaged,15469.47,Approved
RET00653,ORD037180,2024-11-12,CUST04202,PROD0147,1,Damaged,5213.69,Approved
RET00654,ORD008994,2024-12-13,CUST02960,PROD0091,1,Quality Issue,2345.0,Approved
RET00655,ORD022758,2025-05-16,CUST02677,PROD0098,1,Late Delivery,15512.35,Approved
RET00656,ORD061391,2024-01-19,CUST02441,PROD0083,2,Quality Issue,27269.86,Approved
RET00657,ORD005491,2024-05-16,CUST04559,PROD0077,1,Damaged,1021.47,Approved
RET00658,ORD042805,2024-01-28,CUST03978,PROD0034,2,Damaged,31024.64,Approved
RET00659,ORD019111,2025-08-08,CUST02484,PROD0160,1,Late Delivery,9056.08,Approved
RET00660,ORD022386,2024-01-06,CUST02648,PROD0122,2,Wrong Item,12684.06,Approved
RET00661,ORD057134,2024-10-21,CUST01478,PROD0152,1,Late Delivery,8156.28,Approved
RET00662,ORD013858,2025-12-23,CUST02265,PROD0007,1,Quality Issue,6620.23,Pending
RET00663,ORD073730,2025-03-10,CUST02735,PROD0015,1,Damaged,18083.63,Rejected
RET00664,ORD037030,2024-01-13,CUST01156,PROD0099,1,Damaged,5204.8,Pending
RET00665,ORD048760,2025-10-09,CUST00786,PROD0022,1,Late Delivery,15694.57,Approved
RET00666,ORD029711,2026-04-01,CUST00376,PROD0151,1,Damaged,3808.36,Approved
RET00667,ORD008764,2024-04-14,CUST00320,PROD0166,1,Quality Issue,6336.84,Pending
RET00668,ORD021210,2025-07-06,CUST04583,PROD0071,1,Late Delivery,10420.29,Approved
RET00669,ORD040602,2025-01-26,CUST04363,PROD0117,1,Changed Mind,2739.8,Approved
RET00670,ORD064709,2024-10-25,CUST00491,PROD0139,1,Quality Issue,1777.94,Approved
RET00671,ORD055052,2024-08-01,CUST02039,PROD0133,1,Damaged,12376.92,Approved
RET00672,ORD029377,2025-12-04,CUST03804,PROD0180,1,Quality Issue,1990.36,Pending
RET00673,ORD042182,2026-03-30,CUST05099,PROD0179,1,Changed Mind,15031.47,Approved
RET00674,ORD014791,2025-04-07,CUST00030,PROD0163,1,Late Delivery,9897.91,Pending
RET00675,ORD052744,2024-08-21,CUST00244,PROD0172,1,Late Delivery,13612.05,Approved
RET00676,ORD043547,2024-04-24,CUST03590,PROD0162,1,Damaged,14802.17,Approved
RET00677,ORD026969,2024-02-06,CUST00650,PROD0154,1,Wrong Item,2368.51,Approved
RET00678,ORD062183,2024-07-27,CUST03640,PROD0099,2,Damaged,10409.6,Approved
RET00679,ORD044939,2024-05-12,CUST00136,PROD0137,1,Late Delivery,2135.82,Approved
RET00680,ORD066040,2026-04-30,CUST05621,PROD0118,1,Wrong Item,11702.39,Approved
RET00681,ORD038944,2024-02-04,CUST01343,PROD0092,1,Damaged,3069.95,Approved
RET00682,ORD043989,2024-04-27,CUST00065,PROD0123,1,Changed Mind,10275.68,Approved
RET00683,ORD013681,2026-01-21,CUST04180,PROD0054,1,Quality Issue,17939.72,Approved
RET00684,ORD007783,2024-03-10,CUST03988,PROD0152,1,Damaged,8156.28,Approved
RET00685,ORD044551,2025-04-29,CUST01602,PROD0137,1,Late Delivery,2135.82,Approved
RET00686,ORD060182,2026-02-27,CUST05883,PROD0132,2,Changed Mind,7803.1,Approved
RET00687,ORD008726,2024-11-27,CUST00360,PROD0093,1,Late Delivery,13725.41,Approved
RET00688,ORD040833,2025-11-19,CUST05423,PROD0134,1,Late Delivery,6640.83,Pending
RET00689,ORD030957,2024-06-11,CUST01511,PROD0106,1,Late Delivery,4279.13,Approved
RET00690,ORD020959,2025-06-04,CUST01136,PROD0086,1,Wrong Item,4398.02,Approved
RET00691,ORD047995,2024-09-04,CUST02277,PROD0146,1,Damaged,2879.6,Approved
RET00692,ORD065285,2024-06-06,CUST00889,PROD0102,2,Changed Mind,10553.52,Approved
RET00693,ORD013768,2025-06-02,CUST01709,PROD0043,1,Quality Issue,18076.17,Approved
RET00694,ORD026161,2024-04-22,CUST00012,PROD0087,1,Changed Mind,3396.38,Approved
RET00695,ORD005678,2025-09-24,CUST00734,PROD0026,1,Late Delivery,12026.19,Approved
RET00696,ORD041493,2024-08-24,CUST01327,PROD0026,1,Damaged,12026.19,Pending
RET00697,ORD039782,2025-03-30,CUST02454,PROD0128,1,Damaged,6488.56,Pending
RET00698,ORD058450,2026-04-07,CUST03483,PROD0072,1,Changed Mind,6813.77,Approved
RET00699,ORD041767,2024-09-06,CUST00225,PROD0047,1,Wrong Item,7182.73,Pending
RET00700,ORD023966,2024-12-13,CUST03560,PROD0130,2,Quality Issue,18231.72,Approved
RET00701,ORD017016,2024-10-30,CUST03285,PROD0048,1,Damaged,4193.34,Approved
RET00702,ORD040448,2025-06-09,CUST00055,PROD0087,2,Quality Issue,6792.76,Approved
RET00703,ORD042994,2024-10-17,CUST00482,PROD0148,1,Changed Mind,8761.87,Approved
RET00704,ORD024473,2025-06-10,CUST01782,PROD0180,1,Wrong Item,1990.36,Approved
RET00705,ORD049034,2024-08-27,CUST01968,PROD0126,2,Changed Mind,23475.3,Approved
RET00706,ORD053714,2024-10-17,CUST03607,PROD0059,1,Wrong Item,4032.23,Pending
RET00707,ORD049405,2025-02-13,CUST04500,PROD0012,2,Changed Mind,665.94,Approved
RET00708,ORD045293,2025-01-10,CUST03219,PROD0150,1,Late Delivery,1301.37,Approved
RET00709,ORD046699,2026-04-20,CUST00759,PROD0101,1,Wrong Item,12071.69,Pending
RET00710,ORD007245,2024-07-08,CUST04449,PROD0178,1,Wrong Item,4622.91,Approved
RET00711,ORD000255,2026-03-31,CUST01728,PROD0063,1,Damaged,4222.04,Approved
RET00712,ORD030811,2024-12-08,CUST02418,PROD0168,1,Changed Mind,7461.76,Approved
RET00713,ORD051972,2024-07-04,CUST04304,PROD0054,1,Changed Mind,17939.72,Approved
RET00714,ORD032277,2025-05-18,CUST02357,PROD0113,1,Wrong Item,14425.18,Approved
RET00715,ORD007507,2025-03-04,CUST05603,PROD0080,1,Changed Mind,7106.65,Approved
RET00716,ORD070912,2024-07-08,CUST04473,PROD0079,1,Late Delivery,5573.33,Approved
RET00717,ORD017709,2025-04-08,CUST00565,PROD0049,1,Late Delivery,1295.82,Approved
RET00718,ORD000226,2026-03-09,CUST00676,PROD0165,1,Changed Mind,11488.02,Approved
RET00719,ORD056921,2025-06-12,CUST05386,PROD0103,1,Changed Mind,7340.57,Approved
RET00720,ORD031536,2025-04-30,CUST01012,PROD0175,1,Changed Mind,8066.73,Approved
RET00721,ORD067843,2025-01-15,CUST04319,PROD0142,2,Late Delivery,4267.74,Rejected
RET00722,ORD021899,2024-02-21,CUST04091,PROD0063,1,Damaged,4222.04,Approved
RET00723,ORD048942,2024-12-21,CUST04694,PROD0127,1,Wrong Item,2851.07,Approved
RET00724,ORD046833,2024-12-29,CUST05948,PROD0096,2,Quality Issue,5016.42,Pending
RET00725,ORD043463,2025-04-04,CUST01842,PROD0147,1,Wrong Item,5213.69,Approved
RET00726,ORD004767,2025-09-30,CUST04826,PROD0109,2,Late Delivery,17943.32,Approved
RET00727,ORD028208,2025-04-07,CUST05038,PROD0051,2,Changed Mind,14489.6,Approved
RET00728,ORD030820,2024-07-20,CUST03052,PROD0124,1,Changed Mind,10142.95,Pending
RET00729,ORD018443,2025-09-15,CUST00504,PROD0160,1,Late Delivery,9056.08,Approved
RET00730,ORD012730,2025-12-04,CUST05356,PROD0093,1,Changed Mind,13725.41,Approved
RET00731,ORD043032,2024-05-21,CUST04114,PROD0033,1,Damaged,8818.49,Approved
RET00732,ORD025894,2025-09-13,CUST00369,PROD0179,1,Wrong Item,15031.47,Approved
RET00733,ORD041614,2024-08-29,CUST04236,PROD0103,1,Quality Issue,7340.57,Approved
RET00734,ORD003688,2024-06-17,CUST04829,PROD0162,1,Quality Issue,14802.17,Approved
RET00735,ORD041083,2025-05-02,CUST02451,PROD0070,1,Late Delivery,13770.36,Approved
RET00736,ORD035316,2024-08-21,CUST04875,PROD0018,1,Changed Mind,12486.26,Rejected
RET00737,ORD074299,2026-03-05,CUST04665,PROD0114,1,Quality Issue,5547.1,Approved
RET00738,ORD022401,2024-11-23,CUST05386,PROD0114,1,Changed Mind,5547.1,Approved
RET00739,ORD030154,2024-03-26,CUST04264,PROD0133,1,Late Delivery,12376.92,Approved
RET00740,ORD031291,2025-07-22,CUST05724,PROD0053,2,Changed Mind,4170.74,Approved
RET00741,ORD018616,2024-06-09,CUST03480,PROD0014,2,Damaged,13845.34,Approved
RET00742,ORD063833,2024-12-08,CUST02146,PROD0153,1,Late Delivery,8234.87,Approved
RET00743,ORD048618,2024-09-27,CUST01194,PROD0001,1,Late Delivery,12001.3,Approved
RET00744,ORD013723,2025-02-25,CUST00253,PROD0033,1,Wrong Item,8818.49,Approved
RET00745,ORD046869,2026-06-07,CUST00480,PROD0162,2,Changed Mind,29604.34,Approved
RET00746,ORD054375,2024-08-15,CUST04467,PROD0077,1,Changed Mind,1021.47,Approved
RET00747,ORD007829,2026-02-09,CUST02692,PROD0171,1,Late Delivery,13350.31,Approved
RET00748,ORD017914,2025-03-21,CUST01178,PROD0053,1,Damaged,2085.37,Pending
RET00749,ORD008694,2026-03-26,CUST04837,PROD0149,1,Damaged,15077.01,Approved
RET00750,ORD070989,2026-03-24,CUST01506,PROD0015,2,Wrong Item,36167.26,Approved
RET00751,ORD006472,2024-04-04,CUST03526,PROD0096,1,Wrong Item,2508.21,Pending
RET00752,ORD047764,2024-07-13,CUST02089,PROD0034,2,Quality Issue,31024.64,Approved
RET00753,ORD008379,2024-06-10,CUST05552,PROD0097,1,Changed Mind,11000.04,Approved
RET00754,ORD043798,2024-05-08,CUST00397,PROD0069,1,Changed Mind,5482.32,Approved
RET00755,ORD052575,2025-07-30,CUST01646,PROD0013,1,Quality Issue,10350.0,Rejected
RET00756,ORD022844,2024-11-14,CUST05624,PROD0094,1,Wrong Item,12677.35,Approved
RET00757,ORD051609,2025-01-19,CUST04872,PROD0020,2,Late Delivery,8248.58,Approved
RET00758,ORD006273,2026-02-09,CUST03500,PROD0092,1,Changed Mind,3069.95,Approved
RET00759,ORD062446,2026-02-12,CUST03681,PROD0116,1,Damaged,1812.54,Approved
RET00760,ORD027640,2024-01-12,CUST05720,PROD0115,1,Damaged,16930.95,Approved
RET00761,ORD030196,2024-12-31,CUST02216,PROD0038,1,Late Delivery,5926.22,Pending
RET00762,ORD034248,2024-01-06,CUST03578,PROD0134,1,Changed Mind,6640.83,Rejected
RET00763,ORD021731,2024-11-02,CUST05599,PROD0051,1,Wrong Item,7244.8,Approved
RET00764,ORD038033,2025-08-27,CUST05594,PROD0178,1,Wrong Item,4622.91,Approved
RET00765,ORD026947,2024-05-16,CUST04219,PROD0057,1,Late Delivery,9379.9,Approved
RET00766,ORD070458,2024-05-24,CUST05576,PROD0160,1,Quality Issue,9056.08,Approved
RET00767,ORD008928,2026-06-28,CUST05661,PROD0019,1,Damaged,9684.46,Approved
RET00768,ORD006474,2025-03-11,CUST03599,PROD0152,1,Late Delivery,8156.28,Approved
RET00769,ORD019752,2024-06-08,CUST00070,PROD0069,1,Late Delivery,5482.32,Approved
RET00770,ORD061073,2026-05-07,CUST02629,PROD0067,1,Damaged,4228.87,Approved
RET00771,ORD030605,2024-09-28,CUST02240,PROD0101,1,Damaged,12071.69,Pending
RET00772,ORD003669,2024-06-14,CUST04246,PROD0168,1,Late Delivery,7461.76,Approved
RET00773,ORD040308,2025-06-15,CUST00416,PROD0124,1,Wrong Item,10142.95,Approved
RET00774,ORD031729,2026-03-03,CUST00356,PROD0104,1,Changed Mind,5323.97,Approved
RET00775,ORD033560,2025-10-29,CUST01997,PROD0084,1,Wrong Item,8327.08,Approved
RET00776,ORD053418,2025-01-09,CUST01188,PROD0143,1,Damaged,4810.17,Approved
RET00777,ORD046921,2024-03-20,CUST02134,PROD0120,1,Damaged,6528.62,Approved
RET00778,ORD002213,2025-07-16,CUST05695,PROD0105,1,Quality Issue,10597.29,Approved
RET00779,ORD022738,2025-10-12,CUST03405,PROD0038,1,Damaged,5926.22,Approved
RET00780,ORD047649,2025-10-18,CUST01507,PROD0143,1,Changed Mind,4810.17,Approved
RET00781,ORD047942,2024-03-11,CUST05017,PROD0035,1,Changed Mind,717.8,Approved
RET00782,ORD052164,2025-03-20,CUST00380,PROD0159,2,Quality Issue,5760.4,Approved
RET00783,ORD036658,2026-03-29,CUST02176,PROD0078,1,Late Delivery,11816.08,Approved
RET00784,ORD029393,2025-02-24,CUST04836,PROD0115,1,Quality Issue,16930.95,Approved
RET00785,ORD046660,2024-10-12,CUST00800,PROD0047,1,Changed Mind,7182.73,Approved
RET00786,ORD053456,2025-08-24,CUST00564,PROD0113,1,Wrong Item,14425.18,Approved
RET00787,ORD042394,2025-01-06,CUST04795,PROD0109,1,Wrong Item,8971.66,Approved
RET00788,ORD059334,2025-03-18,CUST05213,PROD0036,2,Wrong Item,31187.12,Approved
RET00789,ORD048963,2025-10-22,CUST01041,PROD0069,2,Quality Issue,10964.64,Approved
RET00790,ORD004478,2025-08-31,CUST00366,PROD0042,1,Changed Mind,19236.44,Pending
RET00791,ORD064629,2024-03-18,CUST03054,PROD0149,1,Damaged,15077.01,Approved
RET00792,ORD038958,2024-02-15,CUST03112,PROD0018,1,Quality Issue,12486.26,Rejected
RET00793,ORD006212,2024-02-15,CUST00984,PROD0146,1,Changed Mind,2879.6,Pending
RET00794,ORD047919,2026-03-21,CUST05473,PROD0016,1,Late Delivery,5085.97,Approved
RET00795,ORD026538,2024-01-17,CUST02975,PROD0039,1,Wrong Item,759.95,Approved
RET00796,ORD011136,2026-04-25,CUST01267,PROD0061,1,Late Delivery,7568.74,Approved
RET00797,ORD053357,2024-12-21,CUST05182,PROD0036,1,Damaged,15593.56,Approved
RET00798,ORD065199,2024-11-01,CUST03739,PROD0031,1,Changed Mind,3348.21,Pending
RET00799,ORD015636,2024-03-31,CUST04189,PROD0032,1,Wrong Item,16577.15,Approved
RET00800,ORD064505,2025-03-22,CUST00693,PROD0116,1,Damaged,1812.54,Approved
RET00801,ORD029082,2025-03-23,CUST01079,PROD0096,1,Late Delivery,2508.21,Approved
RET00802,ORD003961,2024-04-15,CUST03404,PROD0124,1,Quality Issue,10142.95,Pending
RET00803,ORD067997,2024-12-13,CUST00010,PROD0128,1,Damaged,6488.56,Approved
RET00804,ORD041903,2024-02-28,CUST05446,PROD0008,1,Damaged,8891.61,Approved
RET00805,ORD021548,2024-08-26,CUST05542,PROD0009,2,Wrong Item,13984.28,Approved
RET00806,ORD071878,2025-04-02,CUST05161,PROD0076,1,Changed Mind,7447.92,Rejected
RET00807,ORD074688,2025-12-09,CUST01987,PROD0074,1,Quality Issue,2745.78,Approved
RET00808,ORD053257,2026-04-28,CUST05086,PROD0011,1,Damaged,4711.27,Approved
RET00809,ORD004405,2026-06-02,CUST02073,PROD0147,1,Changed Mind,5213.69,Approved
RET00810,ORD072098,2026-05-31,CUST04163,PROD0130,1,Damaged,9115.86,Approved
RET00811,ORD014988,2026-03-03,CUST02756,PROD0141,1,Wrong Item,1258.64,Approved
RET00812,ORD061610,2024-06-24,CUST04293,PROD0072,1,Damaged,6813.77,Approved
RET00813,ORD002281,2026-03-14,CUST01256,PROD0093,2,Wrong Item,27450.82,Approved
RET00814,ORD057302,2025-11-28,CUST02025,PROD0091,2,Quality Issue,4690.0,Approved
RET00815,ORD035933,2024-02-01,CUST05901,PROD0170,1,Wrong Item,15086.92,Approved
RET00816,ORD040659,2024-11-10,CUST04030,PROD0095,2,Damaged,4268.34,Approved
RET00817,ORD000784,2026-04-02,CUST05506,PROD0068,1,Changed Mind,14057.37,Approved
RET00818,ORD060059,2026-04-21,CUST03670,PROD0037,1,Late Delivery,9731.05,Rejected
RET00819,ORD031183,2024-03-19,CUST05656,PROD0139,1,Damaged,1777.94,Approved
RET00820,ORD032496,2026-04-16,CUST04256,PROD0082,1,Changed Mind,2212.72,Approved
RET00821,ORD014872,2025-10-01,CUST00732,PROD0053,1,Late Delivery,2085.37,Approved
RET00822,ORD038051,2025-07-08,CUST04715,PROD0142,1,Quality Issue,2133.87,Approved
RET00823,ORD028873,2024-08-26,CUST00688,PROD0093,1,Late Delivery,13725.41,Approved
RET00824,ORD000139,2025-12-26,CUST00285,PROD0157,1,Changed Mind,14323.08,Approved
RET00825,ORD047424,2026-05-25,CUST03083,PROD0080,1,Late Delivery,7106.65,Approved
RET00826,ORD038201,2026-04-27,CUST01285,PROD0071,1,Quality Issue,10420.29,Approved
RET00827,ORD062042,2025-01-22,CUST01362,PROD0112,1,Damaged,18905.22,Approved
RET00828,ORD024042,2025-07-13,CUST00720,PROD0045,1,Changed Mind,2884.24,Approved
RET00829,ORD027463,2024-09-10,CUST03588,PROD0081,1,Changed Mind,255.39,Approved
RET00830,ORD002303,2025-08-08,CUST03968,PROD0012,1,Changed Mind,332.97,Approved
RET00831,ORD029795,2024-09-24,CUST05301,PROD0156,1,Wrong Item,891.52,Pending
RET00832,ORD028819,2024-08-08,CUST05268,PROD0004,1,Damaged,15906.36,Approved
RET00833,ORD023219,2024-09-23,CUST02785,PROD0180,1,Late Delivery,1990.36,Approved
RET00834,ORD066338,2025-12-10,CUST05251,PROD0130,1,Damaged,9115.86,Approved
RET00835,ORD002731,2024-12-21,CUST05775,PROD0080,1,Damaged,7106.65,Approved
RET00836,ORD072536,2024-02-01,CUST04789,PROD0007,2,Wrong Item,13240.46,Approved
RET00837,ORD046241,2024-09-04,CUST00088,PROD0048,1,Late Delivery,4193.34,Approved
RET00838,ORD046746,2025-09-07,CUST04812,PROD0072,1,Changed Mind,6813.77,Approved
RET00839,ORD040623,2024-03-25,CUST03954,PROD0074,1,Changed Mind,2745.78,Approved
RET00840,ORD062802,2025-02-13,CUST02269,PROD0054,1,Late Delivery,17939.72,Approved
RET00841,ORD047779,2025-08-05,CUST00320,PROD0056,1,Wrong Item,4052.4,Approved
RET00842,ORD064009,2026-01-10,CUST04115,PROD0144,1,Damaged,2257.47,Pending
RET00843,ORD031083,2024-09-14,CUST04235,PROD0135,1,Changed Mind,11613.45,Approved
RET00844,ORD059852,2025-01-25,CUST01472,PROD0115,2,Changed Mind,33861.9,Approved
RET00845,ORD032376,2024-06-23,CUST01773,PROD0084,1,Quality Issue,8327.08,Approved
RET00846,ORD062788,2024-11-01,CUST05424,PROD0069,2,Damaged,10964.64,Approved
RET00847,ORD043638,2025-11-16,CUST01807,PROD0033,1,Changed Mind,8818.49,Approved
RET00848,ORD026323,2024-03-20,CUST03013,PROD0067,1,Changed Mind,4228.87,Approved
RET00849,ORD013202,2025-10-18,CUST00647,PROD0053,1,Wrong Item,2085.37,Pending
RET00850,ORD006821,2024-01-17,CUST03067,PROD0122,1,Damaged,6342.03,Approved
RET00851,ORD074607,2025-06-08,CUST00638,PROD0028,1,Quality Issue,19962.64,Approved
RET00852,ORD069824,2024-03-24,CUST04091,PROD0018,1,Quality Issue,12486.26,Approved
RET00853,ORD023485,2024-09-19,CUST01862,PROD0025,1,Wrong Item,5285.3,Approved
RET00854,ORD004376,2025-04-19,CUST03870,PROD0057,2,Damaged,18759.8,Approved
RET00855,ORD015285,2024-10-13,CUST05125,PROD0124,2,Damaged,20285.9,Approved
RET00856,ORD042233,2024-04-05,CUST00833,PROD0040,1,Late Delivery,7125.69,Approved
RET00857,ORD029476,2024-08-17,CUST00622,PROD0132,1,Wrong Item,3901.55,Approved
RET00858,ORD037196,2025-06-15,CUST00334,PROD0002,1,Changed Mind,6109.4,Approved
RET00859,ORD027014,2025-02-15,CUST02471,PROD0026,1,Damaged,12026.19,Approved
RET00860,ORD025285,2024-04-09,CUST03004,PROD0093,1,Quality Issue,13725.41,Approved
RET00861,ORD052406,2025-01-06,CUST01584,PROD0148,2,Damaged,17523.74,Approved
RET00862,ORD043535,2026-05-10,CUST04062,PROD0082,2,Wrong Item,4425.44,Approved
RET00863,ORD041187,2026-01-29,CUST01379,PROD0143,2,Quality Issue,9620.34,Approved
RET00864,ORD016900,2024-12-16,CUST00801,PROD0098,1,Wrong Item,15512.35,Approved
RET00865,ORD008826,2024-08-27,CUST03591,PROD0065,1,Wrong Item,4366.12,Approved
RET00866,ORD048642,2026-03-22,CUST03295,PROD0081,1,Damaged,255.39,Approved
RET00867,ORD046030,2026-07-02,CUST02288,PROD0152,1,Late Delivery,8156.28,Approved
RET00868,ORD009553,2025-01-15,CUST01094,PROD0103,2,Changed Mind,14681.14,Approved
RET00869,ORD017183,2024-09-08,CUST04966,PROD0144,2,Wrong Item,4514.94,Approved
RET00870,ORD067059,2024-07-11,CUST05753,PROD0039,1,Changed Mind,759.95,Approved
RET00871,ORD070958,2025-07-04,CUST00518,PROD0178,1,Changed Mind,4622.91,Approved
RET00872,ORD054606,2025-12-03,CUST00502,PROD0026,1,Late Delivery,12026.19,Approved
RET00873,ORD030550,2024-02-18,CUST02555,PROD0089,1,Quality Issue,18354.57,Approved
RET00874,ORD042254,2025-12-15,CUST00734,PROD0152,1,Damaged,8156.28,Pending
RET00875,ORD022604,2025-07-25,CUST05542,PROD0008,1,Changed Mind,8891.61,Approved
RET00876,ORD063842,2025-07-12,CUST01019,PROD0106,1,Damaged,4279.13,Approved
RET00877,ORD034246,2025-10-09,CUST02880,PROD0156,1,Quality Issue,891.52,Approved
RET00878,ORD028831,2026-02-04,CUST01368,PROD0019,1,Wrong Item,9684.46,Approved
RET00879,ORD038384,2025-12-17,CUST04586,PROD0111,1,Quality Issue,4589.0,Approved
RET00880,ORD043415,2024-02-18,CUST05868,PROD0137,1,Damaged,2135.82,Approved
RET00881,ORD017848,2026-03-21,CUST04441,PROD0002,2,Changed Mind,12218.8,Approved
RET00882,ORD033477,2026-01-12,CUST00590,PROD0039,1,Damaged,759.95,Approved
RET00883,ORD039743,2025-11-25,CUST03961,PROD0055,1,Late Delivery,832.15,Approved
RET00884,ORD042222,2024-12-26,CUST01744,PROD0134,1,Wrong Item,6640.83,Approved
RET00885,ORD005629,2024-12-12,CUST05561,PROD0131,1,Wrong Item,8773.69,Pending
RET00886,ORD047045,2025-06-02,CUST02999,PROD0082,1,Damaged,2212.72,Approved
RET00887,ORD037705,2024-10-24,CUST04177,PROD0176,1,Late Delivery,12006.69,Approved
RET00888,ORD024531,2025-04-27,CUST01818,PROD0161,2,Damaged,31530.58,Pending
RET00889,ORD039007,2024-01-22,CUST01909,PROD0110,2,Changed Mind,897.08,Approved
RET00890,ORD019188,2026-05-02,CUST00511,PROD0048,1,Damaged,4193.34,Approved
RET00891,ORD068796,2024-11-08,CUST00678,PROD0059,1,Quality Issue,4032.23,Approved
RET00892,ORD055145,2025-02-12,CUST05936,PROD0147,1,Late Delivery,5213.69,Approved
RET00893,ORD019791,2026-02-07,CUST01915,PROD0029,1,Late Delivery,13777.49,Approved
RET00894,ORD065738,2025-11-10,CUST04127,PROD0135,2,Damaged,23226.9,Approved
RET00895,ORD065343,2024-01-17,CUST05014,PROD0066,1,Quality Issue,6135.56,Rejected
RET00896,ORD027196,2026-02-06,CUST00975,PROD0124,1,Wrong Item,10142.95,Approved
RET00897,ORD065399,2025-12-12,CUST00340,PROD0099,1,Quality Issue,5204.8,Pending
RET00898,ORD029630,2025-08-30,CUST00215,PROD0053,1,Quality Issue,2085.37,Approved
RET00899,ORD064189,2025-12-22,CUST03005,PROD0001,1,Wrong Item,12001.3,Approved
RET00900,ORD010756,2025-11-21,CUST05966,PROD0166,1,Damaged,6336.84,Pending
RET00901,ORD032469,2024-04-06,CUST05561,PROD0103,1,Changed Mind,7340.57,Approved
RET00902,ORD001427,2025-11-15,CUST05832,PROD0125,2,Wrong Item,24401.96,Approved
RET00903,ORD071696,2024-02-06,CUST01775,PROD0053,1,Late Delivery,2085.37,Approved
RET00904,ORD069284,2025-12-06,CUST02009,PROD0154,1,Quality Issue,2368.51,Approved
RET00905,ORD006079,2025-07-11,CUST02928,PROD0055,1,Damaged,832.15,Approved
RET00906,ORD051676,2025-02-08,CUST03545,PROD0009,1,Wrong Item,6992.14,Approved
RET00907,ORD020836,2025-08-24,CUST01435,PROD0095,1,Changed Mind,2134.17,Approved
RET00908,ORD036902,2025-07-07,CUST03004,PROD0032,1,Wrong Item,16577.15,Approved
RET00909,ORD068450,2025-07-16,CUST01199,PROD0075,1,Wrong Item,16358.29,Approved
RET00910,ORD071218,2024-07-14,CUST04813,PROD0154,2,Damaged,4737.02,Approved
RET00911,ORD020469,2026-04-02,CUST04221,PROD0051,1,Late Delivery,7244.8,Approved
RET00912,ORD053431,2025-04-11,CUST01665,PROD0030,1,Damaged,10355.74,Approved
RET00913,ORD031731,2024-05-05,CUST01291,PROD0120,1,Wrong Item,6528.62,Approved
RET00914,ORD045718,2026-05-17,CUST02106,PROD0158,1,Late Delivery,16109.18,Approved
RET00915,ORD002209,2024-11-17,CUST02314,PROD0098,1,Changed Mind,15512.35,Approved
RET00916,ORD024048,2024-07-04,CUST01313,PROD0114,1,Damaged,5547.1,Approved
RET00917,ORD074458,2024-07-12,CUST04012,PROD0151,1,Quality Issue,3808.36,Approved
RET00918,ORD024388,2025-05-22,CUST02192,PROD0121,2,Quality Issue,31464.52,Approved
RET00919,ORD023698,2024-10-29,CUST00882,PROD0114,2,Late Delivery,11094.2,Approved
RET00920,ORD051210,2026-01-09,CUST00655,PROD0036,1,Quality Issue,15593.56,Approved
RET00921,ORD009643,2025-06-25,CUST05949,PROD0172,1,Wrong Item,13612.05,Approved
RET00922,ORD053010,2024-02-08,CUST00346,PROD0139,1,Changed Mind,1777.94,Approved
RET00923,ORD029338,2025-03-31,CUST00202,PROD0141,1,Quality Issue,1258.64,Approved
RET00924,ORD020226,2025-02-20,CUST05661,PROD0002,1,Damaged,6109.4,Approved
RET00925,ORD001490,2026-02-05,CUST01823,PROD0085,2,Late Delivery,14749.82,Approved
RET00926,ORD032791,2024-12-12,CUST05966,PROD0024,1,Changed Mind,6673.1,Approved
RET00927,ORD068005,2025-02-02,CUST04928,PROD0033,1,Late Delivery,8818.49,Approved
RET00928,ORD047578,2025-08-10,CUST04144,PROD0004,1,Changed Mind,15906.36,Approved
RET00929,ORD042526,2025-10-21,CUST00292,PROD0151,1,Changed Mind,3808.36,Approved
RET00930,ORD009569,2025-03-17,CUST05457,PROD0054,1,Changed Mind,17939.72,Approved
RET00931,ORD003498,2025-07-13,CUST02959,PROD0097,1,Wrong Item,11000.04,Approved
RET00932,ORD056827,2024-05-30,CUST05637,PROD0124,1,Changed Mind,10142.95,Approved
RET00933,ORD063270,2026-06-29,CUST01489,PROD0011,1,Quality Issue,4711.27,Approved
RET00934,ORD027682,2026-02-11,CUST02829,PROD0170,1,Damaged,15086.92,Approved
RET00935,ORD065909,2024-03-16,CUST02749,PROD0136,2,Late Delivery,29135.98,Approved
RET00936,ORD004770,2024-11-23,CUST05030,PROD0096,1,Late Delivery,2508.21,Approved
RET00937,ORD063865,2025-09-08,CUST03417,PROD0010,1,Late Delivery,11772.01,Approved
RET00938,ORD008404,2025-04-21,CUST01967,PROD0102,2,Wrong Item,10553.52,Pending
RET00939,ORD052885,2025-02-07,CUST04313,PROD0110,1,Wrong Item,448.54,Approved
RET00940,ORD011340,2025-07-18,CUST00297,PROD0160,1,Late Delivery,9056.08,Pending
RET00941,ORD074847,2024-02-16,CUST01763,PROD0154,1,Changed Mind,2368.51,Approved
RET00942,ORD025712,2025-03-23,CUST03307,PROD0001,2,Late Delivery,24002.6,Approved
RET00943,ORD063273,2024-08-12,CUST05438,PROD0103,1,Changed Mind,7340.57,Approved
RET00944,ORD057316,2024-05-18,CUST01611,PROD0057,1,Quality Issue,9379.9,Pending
RET00945,ORD027404,2024-08-13,CUST03458,PROD0006,1,Late Delivery,13675.14,Approved
RET00946,ORD041094,2024-05-24,CUST02076,PROD0045,1,Quality Issue,2884.24,Approved
RET00947,ORD013963,2026-06-05,CUST01725,PROD0180,1,Late Delivery,1990.36,Approved
RET00948,ORD043959,2025-07-06,CUST00186,PROD0001,1,Damaged,12001.3,Approved
RET00949,ORD060979,2024-05-02,CUST05881,PROD0069,1,Changed Mind,5482.32,Approved
RET00950,ORD063457,2025-01-04,CUST01564,PROD0010,2,Wrong Item,23544.02,Pending
RET00951,ORD031828,2024-07-16,CUST02129,PROD0086,2,Changed Mind,8796.04,Approved
RET00952,ORD052777,2024-05-02,CUST05015,PROD0074,1,Changed Mind,2745.78,Approved
RET00953,ORD040924,2026-03-09,CUST03853,PROD0049,1,Wrong Item,1295.82,Approved
RET00954,ORD047264,2025-11-16,CUST04039,PROD0141,1,Quality Issue,1258.64,Approved
RET00955,ORD064123,2025-11-02,CUST00787,PROD0107,2,Wrong Item,16299.52,Approved
RET00956,ORD074762,2024-05-26,CUST01373,PROD0045,1,Changed Mind,2884.24,Approved
RET00957,ORD040126,2025-08-18,CUST02079,PROD0002,1,Wrong Item,6109.4,Pending
RET00958,ORD034327,2026-07-06,CUST03962,PROD0006,1,Wrong Item,13675.14,Pending
RET00959,ORD055511,2026-04-07,CUST03230,PROD0165,1,Quality Issue,11488.02,Approved
RET00960,ORD053227,2024-11-18,CUST02667,PROD0081,1,Quality Issue,255.39,Pending
RET00961,ORD019261,2026-03-09,CUST04172,PROD0132,1,Quality Issue,3901.55,Approved
RET00962,ORD011228,2024-09-09,CUST00458,PROD0020,2,Wrong Item,8248.58,Approved
RET00963,ORD061694,2024-02-02,CUST02642,PROD0011,1,Quality Issue,4711.27,Approved
RET00964,ORD035892,2024-03-05,CUST04072,PROD0072,2,Late Delivery,13627.54,Approved
RET00965,ORD068940,2024-10-24,CUST00544,PROD0169,1,Wrong Item,6354.88,Rejected
RET00966,ORD044013,2026-05-13,CUST02021,PROD0179,1,Damaged,15031.47,Approved
RET00967,ORD002107,2024-01-22,CUST03758,PROD0117,1,Changed Mind,2739.8,Approved
RET00968,ORD016459,2024-09-06,CUST03426,PROD0036,1,Wrong Item,15593.56,Approved
RET00969,ORD035205,2026-04-01,CUST05577,PROD0155,1,Damaged,2796.83,Approved
RET00970,ORD037144,2026-01-20,CUST02192,PROD0032,1,Damaged,16577.15,Approved
RET00971,ORD037092,2026-06-10,CUST03337,PROD0047,2,Late Delivery,14365.46,Approved
RET00972,ORD001148,2025-02-24,CUST04131,PROD0051,1,Damaged,7244.8,Approved
RET00973,ORD058746,2026-05-22,CUST04488,PROD0105,1,Changed Mind,10597.29,Approved
RET00974,ORD033565,2026-06-23,CUST02766,PROD0093,1,Changed Mind,13725.41,Approved
RET00975,ORD001149,2025-09-24,CUST02120,PROD0117,1,Damaged,2739.8,Approved
RET00976,ORD020120,2024-08-01,CUST00065,PROD0114,1,Damaged,5547.1,Approved
RET00977,ORD031825,2024-05-05,CUST00405,PROD0019,1,Quality Issue,9684.46,Approved
RET00978,ORD071347,2026-03-27,CUST05067,PROD0005,1,Late Delivery,5395.83,Rejected
RET00979,ORD074037,2024-03-18,CUST02588,PROD0027,1,Quality Issue,10298.65,Approved
RET00980,ORD024782,2024-09-26,CUST00692,PROD0127,1,Late Delivery,2851.07,Approved
RET00981,ORD046885,2024-01-17,CUST00328,PROD0069,1,Quality Issue,5482.32,Approved
RET00982,ORD042150,2024-05-27,CUST01024,PROD0180,1,Wrong Item,1990.36,Approved
RET00983,ORD010439,2025-07-26,CUST00044,PROD0178,1,Wrong Item,4622.91,Rejected
RET00984,ORD074078,2025-04-01,CUST00523,PROD0060,1,Late Delivery,15188.92,Approved
RET00985,ORD007032,2024-05-28,CUST02474,PROD0114,2,Late Delivery,11094.2,Approved
RET00986,ORD008906,2026-03-19,CUST00684,PROD0150,1,Damaged,1301.37,Approved
RET00987,ORD070646,2024-12-28,CUST04820,PROD0070,2,Changed Mind,27540.72,Approved
RET00988,ORD067362,2025-07-01,CUST03392,PROD0139,1,Late Delivery,1777.94,Approved
RET00989,ORD034566,2026-02-26,CUST02371,PROD0164,1,Damaged,15495.6,Approved
RET00990,ORD073220,2025-05-19,CUST02267,PROD0085,2,Late Delivery,14749.82,Approved
RET00991,ORD016179,2024-03-14,CUST02796,PROD0054,1,Quality Issue,17939.72,Approved
RET00992,ORD044336,2025-07-14,CUST02397,PROD0127,1,Late Delivery,2851.07,Approved
RET00993,ORD043974,2024-06-04,CUST05077,PROD0141,1,Wrong Item,1258.64,Pending
RET00994,ORD069368,2024-12-09,CUST02910,PROD0154,1,Damaged,2368.51,Approved
RET00995,ORD026402,2025-05-29,CUST00917,PROD0005,1,Wrong Item,5395.83,Pending
RET00996,ORD048518,2026-01-15,CUST02186,PROD0179,1,Changed Mind,15031.47,Approved
RET00997,ORD042141,2025-11-07,CUST01280,PROD0167,1,Wrong Item,12170.89,Approved
RET00998,ORD029692,2025-12-26,CUST00754,PROD0046,1,Quality Issue,5767.09,Approved
RET00999,ORD000235,2025-10-06,CUST04859,PROD0114,1,Damaged,5547.1,Approved
RET01000,ORD015998,2025-08-23,CUST04494,PROD0070,2,Wrong Item,27540.72,Approved
RET01001,ORD020677,2024-05-12,CUST05168,PROD0084,1,Late Delivery,8327.08,Approved
RET01002,ORD071368,2024-01-07,CUST04148,PROD0048,1,Quality Issue,4193.34,Approved
RET01003,ORD063772,2025-04-10,CUST04125,PROD0156,1,Changed Mind,891.52,Approved
RET01004,ORD071976,2024-10-20,CUST02212,PROD0079,1,Changed Mind,5573.33,Approved
RET01005,ORD025186,2026-04-26,CUST05965,PROD0097,2,Wrong Item,22000.08,Approved
RET01006,ORD016211,2024-10-11,CUST00615,PROD0029,2,Quality Issue,27554.98,Approved
RET01007,ORD050816,2026-03-23,CUST03646,PROD0039,1,Late Delivery,759.95,Pending
RET01008,ORD013014,2025-10-14,CUST03109,PROD0154,1,Late Delivery,2368.51,Approved
RET01009,ORD060363,2025-09-10,CUST05474,PROD0019,2,Late Delivery,19368.92,Pending
RET01010,ORD065656,2024-07-29,CUST00538,PROD0164,1,Damaged,15495.6,Approved
RET01011,ORD053009,2024-08-02,CUST01186,PROD0142,1,Damaged,2133.87,Approved
RET01012,ORD031162,2024-12-08,CUST01214,PROD0071,1,Damaged,10420.29,Approved
RET01013,ORD054963,2025-06-04,CUST05105,PROD0162,1,Late Delivery,14802.17,Approved
RET01014,ORD033822,2024-09-29,CUST03636,PROD0093,1,Wrong Item,13725.41,Approved
RET01015,ORD021251,2024-10-23,CUST05760,PROD0057,1,Wrong Item,9379.9,Rejected
RET01016,ORD005742,2025-02-17,CUST01169,PROD0019,1,Damaged,9684.46,Approved
RET01017,ORD012914,2026-03-25,CUST02594,PROD0152,1,Damaged,8156.28,Approved
RET01018,ORD011639,2026-06-29,CUST04854,PROD0108,1,Quality Issue,12361.97,Approved
RET01019,ORD008511,2026-03-28,CUST04300,PROD0172,1,Quality Issue,13612.05,Approved
RET01020,ORD069851,2025-12-29,CUST05692,PROD0100,1,Late Delivery,4090.74,Rejected
RET01021,ORD025050,2024-03-15,CUST00835,PROD0177,1,Changed Mind,6508.8,Approved
RET01022,ORD046551,2026-05-09,CUST02059,PROD0143,1,Late Delivery,4810.17,Approved
RET01023,ORD065125,2025-11-17,CUST01810,PROD0061,1,Wrong Item,7568.74,Approved
RET01024,ORD009607,2025-05-22,CUST04866,PROD0015,1,Late Delivery,18083.63,Pending
RET01025,ORD040788,2026-05-29,CUST04771,PROD0013,1,Late Delivery,10350.0,Approved
RET01026,ORD067136,2026-01-16,CUST04053,PROD0154,1,Damaged,2368.51,Pending
RET01027,ORD063201,2024-09-20,CUST04840,PROD0109,1,Damaged,8971.66,Approved
RET01028,ORD011076,2025-07-20,CUST05362,PROD0021,1,Wrong Item,18499.86,Rejected
RET01029,ORD068513,2024-05-11,CUST05778,PROD0159,1,Changed Mind,2880.2,Approved
RET01030,ORD062192,2024-07-30,CUST03260,PROD0064,1,Wrong Item,14023.42,Approved
RET01031,ORD005655,2024-01-24,CUST02595,PROD0012,1,Quality Issue,332.97,Rejected
RET01032,ORD017927,2026-03-29,CUST01198,PROD0141,1,Wrong Item,1258.64,Approved
RET01033,ORD003185,2024-09-05,CUST00897,PROD0021,1,Late Delivery,18499.86,Pending
RET01034,ORD009672,2025-06-02,CUST04751,PROD0122,1,Changed Mind,6342.03,Pending
RET01035,ORD055623,2025-01-21,CUST00243,PROD0139,1,Quality Issue,1777.94,Approved
RET01036,ORD055829,2026-02-13,CUST04112,PROD0058,1,Damaged,2824.28,Approved
RET01037,ORD059937,2026-05-12,CUST04702,PROD0035,1,Late Delivery,717.8,Approved
RET01038,ORD000287,2025-11-26,CUST03554,PROD0025,2,Damaged,10570.6,Approved
RET01039,ORD021128,2024-10-18,CUST04986,PROD0022,1,Wrong Item,15694.57,Approved
RET01040,ORD043626,2026-06-07,CUST00117,PROD0120,1,Changed Mind,6528.62,Approved
RET01041,ORD000926,2024-02-29,CUST05096,PROD0158,1,Wrong Item,16109.18,Approved
RET01042,ORD045254,2025-10-01,CUST01980,PROD0035,1,Changed Mind,717.8,Approved
RET01043,ORD017230,2024-08-21,CUST01732,PROD0063,1,Quality Issue,4222.04,Approved
RET01044,ORD064168,2025-01-15,CUST03518,PROD0127,1,Damaged,2851.07,Approved
RET01045,ORD051436,2024-03-29,CUST03517,PROD0082,1,Damaged,2212.72,Rejected
RET01046,ORD012881,2025-08-20,CUST04651,PROD0180,1,Quality Issue,1990.36,Approved
RET01047,ORD006873,2025-08-27,CUST01410,PROD0131,1,Changed Mind,8773.69,Approved
RET01048,ORD008934,2025-05-26,CUST00612,PROD0104,1,Wrong Item,5323.97,Approved
RET01049,ORD034879,2024-07-15,CUST04047,PROD0012,1,Quality Issue,332.97,Approved
RET01050,ORD067038,2025-06-30,CUST02649,PROD0171,1,Late Delivery,13350.31,Pending
RET01051,ORD015685,2024-10-06,CUST05231,PROD0068,1,Late Delivery,14057.37,Rejected
RET01052,ORD017584,2025-09-11,CUST01830,PROD0089,1,Damaged,18354.57,Approved
RET01053,ORD057487,2025-07-27,CUST02557,PROD0122,1,Wrong Item,6342.03,Approved
RET01054,ORD042110,2024-07-22,CUST05634,PROD0133,1,Changed Mind,12376.92,Approved
RET01055,ORD015789,2025-04-20,CUST01892,PROD0127,1,Quality Issue,2851.07,Approved
RET01056,ORD015347,2026-01-28,CUST04671,PROD0138,1,Quality Issue,12600.9,Rejected
RET01057,ORD004180,2026-02-19,CUST02652,PROD0129,1,Late Delivery,5163.83,Rejected
RET01058,ORD043323,2025-01-24,CUST01968,PROD0137,1,Changed Mind,2135.82,Approved
RET01059,ORD049170,2025-10-08,CUST01706,PROD0065,2,Quality Issue,8732.24,Approved
RET01060,ORD038317,2025-07-04,CUST00424,PROD0073,2,Quality Issue,17312.5,Pending
RET01061,ORD066550,2026-03-19,CUST00230,PROD0012,2,Wrong Item,665.94,Approved
RET01062,ORD036466,2025-09-04,CUST03513,PROD0111,2,Wrong Item,9178.0,Approved
RET01063,ORD011871,2025-04-21,CUST01588,PROD0076,1,Damaged,7447.92,Approved
RET01064,ORD002080,2025-10-16,CUST05529,PROD0152,2,Changed Mind,16312.56,Approved
RET01065,ORD045261,2025-11-22,CUST01322,PROD0166,1,Late Delivery,6336.84,Approved
RET01066,ORD068524,2026-01-20,CUST01080,PROD0169,1,Wrong Item,6354.88,Approved
RET01067,ORD008901,2025-03-04,CUST02402,PROD0061,1,Quality Issue,7568.74,Approved
RET01068,ORD068881,2024-08-05,CUST00557,PROD0177,1,Late Delivery,6508.8,Approved
RET01069,ORD006558,2025-08-23,CUST02089,PROD0059,2,Changed Mind,8064.46,Approved
RET01070,ORD011347,2024-12-01,CUST01464,PROD0134,1,Quality Issue,6640.83,Approved
RET01071,ORD003790,2026-04-05,CUST01885,PROD0156,1,Wrong Item,891.52,Approved
RET01072,ORD072958,2026-05-21,CUST05361,PROD0180,2,Quality Issue,3980.72,Approved
RET01073,ORD036141,2024-10-05,CUST01100,PROD0082,2,Damaged,4425.44,Approved
RET01074,ORD008251,2025-10-14,CUST00341,PROD0117,2,Quality Issue,5479.6,Pending
RET01075,ORD060446,2025-10-08,CUST05693,PROD0177,1,Late Delivery,6508.8,Approved
RET01076,ORD072207,2025-12-26,CUST04099,PROD0040,1,Changed Mind,7125.69,Approved
RET01077,ORD062984,2024-03-14,CUST01771,PROD0027,1,Late Delivery,10298.65,Pending
RET01078,ORD031651,2025-09-28,CUST04540,PROD0040,2,Late Delivery,14251.38,Approved
RET01079,ORD018386,2025-05-15,CUST01870,PROD0148,1,Wrong Item,8761.87,Rejected
RET01080,ORD057356,2025-04-13,CUST05990,PROD0021,1,Changed Mind,18499.86,Approved
RET01081,ORD059344,2025-07-02,CUST02275,PROD0155,2,Changed Mind,5593.66,Approved
RET01082,ORD072444,2026-05-24,CUST04214,PROD0126,1,Changed Mind,11737.65,Approved
RET01083,ORD043124,2025-02-17,CUST00311,PROD0028,1,Quality Issue,19962.64,Pending
RET01084,ORD064384,2025-01-07,CUST01526,PROD0039,1,Wrong Item,759.95,Approved
RET01085,ORD017897,2025-03-12,CUST02865,PROD0035,1,Wrong Item,717.8,Approved
RET01086,ORD005598,2025-01-23,CUST03033,PROD0023,1,Damaged,12094.54,Approved
RET01087,ORD051410,2025-02-01,CUST00716,PROD0155,1,Damaged,2796.83,Approved
RET01088,ORD036722,2024-07-01,CUST05288,PROD0017,1,Changed Mind,9986.93,Approved
RET01089,ORD073234,2024-09-24,CUST00943,PROD0164,2,Wrong Item,30991.2,Rejected
RET01090,ORD020723,2026-02-16,CUST00512,PROD0161,1,Wrong Item,15765.29,Approved
RET01091,ORD060692,2026-03-07,CUST00007,PROD0036,1,Changed Mind,15593.56,Approved
RET01092,ORD069483,2024-09-26,CUST02543,PROD0113,1,Damaged,14425.18,Approved
RET01093,ORD036867,2026-01-05,CUST01076,PROD0001,1,Changed Mind,12001.3,Approved
RET01094,ORD023967,2025-05-12,CUST00553,PROD0132,1,Changed Mind,3901.55,Approved
RET01095,ORD032677,2024-10-01,CUST05685,PROD0023,1,Quality Issue,12094.54,Approved
RET01096,ORD006302,2025-05-13,CUST00538,PROD0060,2,Late Delivery,30377.84,Approved
RET01097,ORD040512,2024-07-19,CUST02542,PROD0030,1,Damaged,10355.74,Approved
RET01098,ORD072054,2025-07-30,CUST02714,PROD0129,1,Quality Issue,5163.83,Approved
RET01099,ORD048918,2024-05-03,CUST02915,PROD0140,1,Changed Mind,16058.37,Approved
RET01100,ORD015910,2024-07-15,CUST03604,PROD0162,1,Late Delivery,14802.17,Approved
RET01101,ORD029537,2024-10-11,CUST03844,PROD0123,1,Late Delivery,10275.68,Approved
RET01102,ORD005006,2024-02-22,CUST01494,PROD0109,2,Changed Mind,17943.32,Approved
RET01103,ORD002664,2025-04-14,CUST02175,PROD0149,1,Late Delivery,15077.01,Approved
RET01104,ORD007196,2025-12-27,CUST02021,PROD0019,1,Damaged,9684.46,Approved
RET01105,ORD072996,2025-11-14,CUST01763,PROD0036,1,Damaged,15593.56,Approved
RET01106,ORD043096,2024-07-07,CUST00911,PROD0122,1,Late Delivery,6342.03,Approved
RET01107,ORD006043,2025-10-18,CUST05321,PROD0168,1,Damaged,7461.76,Approved
RET01108,ORD047522,2024-05-11,CUST02291,PROD0143,1,Late Delivery,4810.17,Approved
RET01109,ORD022920,2024-08-22,CUST04268,PROD0052,2,Late Delivery,32675.62,Approved
RET01110,ORD044217,2025-01-01,CUST01800,PROD0150,1,Late Delivery,1301.37,Approved
RET01111,ORD060021,2024-05-23,CUST02877,PROD0118,1,Damaged,11702.39,Approved
RET01112,ORD058474,2024-05-04,CUST03662,PROD0153,2,Damaged,16469.74,Approved
RET01113,ORD024038,2024-05-30,CUST05498,PROD0084,1,Quality Issue,8327.08,Approved
RET01114,ORD053718,2025-07-24,CUST04144,PROD0007,1,Late Delivery,6620.23,Approved
RET01115,ORD053533,2025-12-25,CUST01197,PROD0019,1,Quality Issue,9684.46,Approved
RET01116,ORD036223,2024-06-14,CUST03875,PROD0114,2,Late Delivery,11094.2,Approved
RET01117,ORD035571,2025-01-23,CUST04897,PROD0149,1,Quality Issue,15077.01,Approved
RET01118,ORD069783,2024-07-21,CUST04047,PROD0056,1,Changed Mind,4052.4,Approved
RET01119,ORD031312,2024-02-08,CUST04436,PROD0061,1,Late Delivery,7568.74,Approved
RET01120,ORD019838,2026-01-21,CUST03146,PROD0007,1,Changed Mind,6620.23,Approved
RET01121,ORD063398,2025-07-08,CUST03238,PROD0016,2,Quality Issue,10171.94,Rejected
RET01122,ORD001231,2024-11-22,CUST03036,PROD0059,1,Wrong Item,4032.23,Approved
RET01123,ORD045485,2024-11-24,CUST01978,PROD0053,2,Damaged,4170.74,Approved
RET01124,ORD058631,2026-05-15,CUST03960,PROD0091,1,Late Delivery,2345.0,Approved
RET01125,ORD017081,2024-11-16,CUST04431,PROD0179,1,Changed Mind,15031.47,Approved
RET01126,ORD064671,2026-01-30,CUST03227,PROD0114,1,Damaged,5547.1,Pending
RET01127,ORD020235,2024-09-06,CUST02950,PROD0143,1,Late Delivery,4810.17,Approved
RET01128,ORD029434,2026-01-28,CUST02675,PROD0155,1,Wrong Item,2796.83,Approved
RET01129,ORD066819,2024-01-10,CUST01546,PROD0174,1,Damaged,2332.87,Approved
RET01130,ORD074660,2024-04-11,CUST00569,PROD0054,1,Damaged,17939.72,Approved
RET01131,ORD027338,2025-04-10,CUST00891,PROD0063,1,Wrong Item,4222.04,Approved
RET01132,ORD003504,2025-12-11,CUST05892,PROD0058,1,Changed Mind,2824.28,Approved
RET01133,ORD056812,2026-02-28,CUST00505,PROD0072,2,Changed Mind,13627.54,Pending
RET01134,ORD023208,2024-08-29,CUST02111,PROD0002,2,Wrong Item,12218.8,Approved
RET01135,ORD026212,2025-08-20,CUST02598,PROD0126,1,Quality Issue,11737.65,Approved
RET01136,ORD051504,2026-05-30,CUST03446,PROD0040,1,Changed Mind,7125.69,Rejected
RET01137,ORD050898,2024-09-05,CUST04038,PROD0051,1,Late Delivery,7244.8,Approved
RET01138,ORD056399,2025-10-25,CUST00903,PROD0012,2,Damaged,665.94,Pending
RET01139,ORD014481,2024-03-25,CUST01562,PROD0124,1,Wrong Item,10142.95,Approved
RET01140,ORD046892,2026-04-08,CUST04024,PROD0046,1,Wrong Item,5767.09,Approved
RET01141,ORD017227,2024-07-25,CUST04837,PROD0070,1,Changed Mind,13770.36,Approved
RET01142,ORD070803,2026-01-16,CUST03287,PROD0032,1,Quality Issue,16577.15,Approved
RET01143,ORD046107,2025-01-25,CUST02093,PROD0162,2,Late Delivery,29604.34,Approved
RET01144,ORD063506,2025-03-29,CUST04111,PROD0066,1,Quality Issue,6135.56,Approved
RET01145,ORD067414,2026-05-11,CUST05133,PROD0054,1,Changed Mind,17939.72,Approved
RET01146,ORD034817,2025-08-28,CUST04726,PROD0125,1,Changed Mind,12200.98,Approved
RET01147,ORD072524,2025-08-23,CUST05164,PROD0027,1,Quality Issue,10298.65,Pending
RET01148,ORD007414,2024-06-27,CUST00028,PROD0115,1,Quality Issue,16930.95,Approved
RET01149,ORD021020,2025-06-01,CUST03178,PROD0132,1,Changed Mind,3901.55,Approved
RET01150,ORD017591,2025-11-25,CUST00408,PROD0035,1,Changed Mind,717.8,Approved
RET01151,ORD031096,2025-10-20,CUST02888,PROD0034,1,Late Delivery,15512.32,Approved
RET01152,ORD058140,2024-07-20,CUST03693,PROD0159,2,Quality Issue,5760.4,Approved
RET01153,ORD025281,2025-04-08,CUST05631,PROD0111,1,Changed Mind,4589.0,Approved
RET01154,ORD068317,2026-05-18,CUST05897,PROD0178,1,Quality Issue,4622.91,Approved
RET01155,ORD069263,2024-12-18,CUST03001,PROD0161,1,Late Delivery,15765.29,Approved
RET01156,ORD073994,2024-08-21,CUST02434,PROD0028,1,Damaged,19962.64,Pending
RET01157,ORD034186,2025-02-17,CUST01175,PROD0062,1,Damaged,4179.63,Approved
RET01158,ORD020093,2024-04-03,CUST03991,PROD0131,1,Changed Mind,8773.69,Approved
RET01159,ORD073697,2025-07-13,CUST03999,PROD0029,1,Late Delivery,13777.49,Approved
RET01160,ORD015235,2024-06-07,CUST00831,PROD0155,2,Changed Mind,5593.66,Approved
RET01161,ORD006100,2024-02-04,CUST03536,PROD0158,1,Quality Issue,16109.18,Pending
RET01162,ORD054058,2024-05-07,CUST02117,PROD0179,1,Changed Mind,15031.47,Approved
RET01163,ORD072062,2025-04-04,CUST04022,PROD0072,1,Wrong Item,6813.77,Rejected
RET01164,ORD050991,2026-01-25,CUST01422,PROD0045,1,Wrong Item,2884.24,Approved
RET01165,ORD046776,2024-12-02,CUST04113,PROD0083,1,Wrong Item,13634.93,Approved
RET01166,ORD026825,2024-02-17,CUST03801,PROD0133,1,Wrong Item,12376.92,Approved
RET01167,ORD059737,2025-06-15,CUST05466,PROD0136,1,Damaged,14567.99,Approved
RET01168,ORD025669,2025-05-08,CUST03670,PROD0078,1,Quality Issue,11816.08,Approved
RET01169,ORD002597,2024-05-01,CUST03476,PROD0040,2,Late Delivery,14251.38,Approved
RET01170,ORD050290,2024-06-18,CUST04850,PROD0005,1,Wrong Item,5395.83,Approved
RET01171,ORD037288,2025-12-28,CUST02038,PROD0045,1,Damaged,2884.24,Approved
RET01172,ORD003369,2025-02-17,CUST00319,PROD0149,1,Late Delivery,15077.01,Approved
RET01173,ORD004213,2024-09-03,CUST03506,PROD0179,1,Damaged,15031.47,Pending
RET01174,ORD007360,2024-05-25,CUST04751,PROD0032,2,Damaged,33154.3,Approved
RET01175,ORD043705,2024-09-11,CUST05924,PROD0027,2,Wrong Item,20597.3,Approved
RET01176,ORD048362,2026-06-05,CUST04608,PROD0022,1,Quality Issue,15694.57,Approved
RET01177,ORD064714,2024-05-20,CUST02943,PROD0172,1,Late Delivery,13612.05,Approved
RET01178,ORD043000,2024-09-07,CUST05976,PROD0139,1,Damaged,1777.94,Approved
RET01179,ORD072530,2025-11-05,CUST04366,PROD0043,1,Late Delivery,18076.17,Approved
RET01180,ORD074061,2025-03-26,CUST02876,PROD0053,1,Late Delivery,2085.37,Approved
RET01181,ORD072542,2024-05-28,CUST04919,PROD0087,1,Late Delivery,3396.38,Rejected
RET01182,ORD019905,2025-12-13,CUST03839,PROD0020,1,Late Delivery,4124.29,Approved
RET01183,ORD056110,2025-03-03,CUST00252,PROD0116,2,Damaged,3625.08,Approved
RET01184,ORD006093,2025-05-09,CUST05822,PROD0030,2,Late Delivery,20711.48,Approved
RET01185,ORD062184,2025-06-24,CUST03257,PROD0096,1,Damaged,2508.21,Approved
RET01186,ORD007192,2024-01-27,CUST02769,PROD0074,1,Damaged,2745.78,Approved
RET01187,ORD011244,2024-05-25,CUST00435,PROD0073,1,Late Delivery,8656.25,Approved
RET01188,ORD028415,2026-02-17,CUST04024,PROD0033,1,Quality Issue,8818.49,Approved
RET01189,ORD038443,2024-11-23,CUST05462,PROD0054,1,Wrong Item,17939.72,Approved
RET01190,ORD008599,2024-04-07,CUST02369,PROD0006,2,Damaged,27350.28,Pending
RET01191,ORD049444,2026-05-25,CUST00987,PROD0103,1,Quality Issue,7340.57,Approved
RET01192,ORD073287,2025-09-22,CUST01641,PROD0068,1,Wrong Item,14057.37,Approved
RET01193,ORD007210,2024-02-22,CUST03623,PROD0158,1,Quality Issue,16109.18,Approved
RET01194,ORD061140,2025-09-13,CUST00831,PROD0140,1,Wrong Item,16058.37,Approved
RET01195,ORD038890,2026-04-05,CUST03322,PROD0007,1,Late Delivery,6620.23,Approved
RET01196,ORD039042,2026-02-05,CUST05976,PROD0006,1,Wrong Item,13675.14,Approved
RET01197,ORD062897,2024-12-31,CUST04862,PROD0032,1,Late Delivery,16577.15,Approved
RET01198,ORD074776,2024-03-30,CUST04851,PROD0106,1,Wrong Item,4279.13,Approved
RET01199,ORD006013,2024-11-10,CUST03767,PROD0032,1,Quality Issue,16577.15,Approved
RET01200,ORD005656,2025-09-05,CUST01219,PROD0154,1,Changed Mind,2368.51,Approved
RET01201,ORD027033,2024-03-09,CUST03032,PROD0055,1,Quality Issue,832.15,Approved
RET01202,ORD056550,2026-04-24,CUST04526,PROD0044,1,Quality Issue,13681.96,Approved
RET01203,ORD054290,2024-04-14,CUST00422,PROD0025,2,Late Delivery,10570.6,Approved
RET01204,ORD018274,2026-02-03,CUST00151,PROD0013,1,Damaged,10350.0,Pending
RET01205,ORD064836,2025-05-08,CUST01176,PROD0081,1,Damaged,255.39,Approved
RET01206,ORD014138,2026-05-17,CUST05726,PROD0166,1,Damaged,6336.84,Approved
RET01207,ORD061691,2024-04-15,CUST04641,PROD0126,1,Damaged,11737.65,Approved
RET01208,ORD012589,2024-01-23,CUST01398,PROD0126,1,Late Delivery,11737.65,Approved
RET01209,ORD022500,2026-02-27,CUST04028,PROD0087,1,Wrong Item,3396.38,Pending
RET01210,ORD033124,2025-11-22,CUST05626,PROD0033,1,Wrong Item,8818.49,Approved
RET01211,ORD019638,2026-05-10,CUST03352,PROD0092,1,Late Delivery,3069.95,Approved
RET01212,ORD043866,2025-01-25,CUST04000,PROD0019,1,Changed Mind,9684.46,Approved
RET01213,ORD067554,2025-03-19,CUST01726,PROD0086,1,Changed Mind,4398.02,Approved
RET01214,ORD012035,2024-07-20,CUST05928,PROD0114,2,Wrong Item,11094.2,Approved
RET01215,ORD055229,2024-09-16,CUST02084,PROD0154,1,Changed Mind,2368.51,Approved
RET01216,ORD011252,2024-05-31,CUST03254,PROD0100,1,Changed Mind,4090.74,Approved
RET01217,ORD006470,2024-12-14,CUST05248,PROD0056,1,Late Delivery,4052.4,Approved
RET01218,ORD030521,2024-01-30,CUST04151,PROD0023,1,Changed Mind,12094.54,Approved
RET01219,ORD060481,2026-01-14,CUST02501,PROD0079,1,Quality Issue,5573.33,Approved
RET01220,ORD071206,2025-04-01,CUST03937,PROD0105,2,Wrong Item,21194.58,Approved
RET01221,ORD028664,2025-06-22,CUST00297,PROD0027,1,Wrong Item,10298.65,Approved
RET01222,ORD066072,2024-10-04,CUST02910,PROD0016,1,Quality Issue,5085.97,Pending
RET01223,ORD045076,2024-07-16,CUST05819,PROD0010,1,Wrong Item,11772.01,Approved
RET01224,ORD005298,2024-02-14,CUST01381,PROD0085,2,Quality Issue,14749.82,Approved
RET01225,ORD067740,2026-04-03,CUST05414,PROD0115,1,Late Delivery,16930.95,Approved
RET01226,ORD017972,2024-02-02,CUST03272,PROD0128,1,Quality Issue,6488.56,Pending
RET01227,ORD018851,2024-07-11,CUST05220,PROD0121,1,Quality Issue,15732.26,Approved
RET01228,ORD069666,2024-05-29,CUST00751,PROD0119,1,Changed Mind,15636.32,Rejected
RET01229,ORD074539,2026-03-16,CUST05710,PROD0119,1,Damaged,15636.32,Approved
RET01230,ORD034899,2025-10-25,CUST04115,PROD0172,2,Late Delivery,27224.1,Approved
RET01231,ORD052813,2025-04-28,CUST02657,PROD0178,1,Changed Mind,4622.91,Approved
RET01232,ORD053810,2025-11-28,CUST01149,PROD0082,1,Late Delivery,2212.72,Approved
RET01233,ORD024495,2026-02-09,CUST02097,PROD0040,2,Wrong Item,14251.38,Approved
RET01234,ORD015281,2024-02-14,CUST00956,PROD0146,1,Quality Issue,2879.6,Approved
RET01235,ORD041824,2026-06-07,CUST04702,PROD0003,1,Late Delivery,15842.07,Approved
RET01236,ORD064835,2025-08-20,CUST03903,PROD0033,1,Changed Mind,8818.49,Approved
RET01237,ORD042354,2024-02-22,CUST05662,PROD0023,1,Changed Mind,12094.54,Approved
RET01238,ORD026956,2025-05-21,CUST01295,PROD0171,2,Damaged,26700.62,Approved
RET01239,ORD021066,2025-08-10,CUST01191,PROD0100,1,Late Delivery,4090.74,Approved
RET01240,ORD040311,2026-02-01,CUST01203,PROD0099,1,Wrong Item,5204.8,Pending
RET01241,ORD001229,2025-04-22,CUST01230,PROD0011,1,Changed Mind,4711.27,Approved
RET01242,ORD011106,2025-01-20,CUST05652,PROD0043,1,Quality Issue,18076.17,Approved
RET01243,ORD046559,2024-07-20,CUST02637,PROD0085,1,Late Delivery,7374.91,Approved
RET01244,ORD035289,2024-05-05,CUST01427,PROD0137,1,Changed Mind,2135.82,Approved
RET01245,ORD007739,2025-12-22,CUST00370,PROD0039,1,Late Delivery,759.95,Approved
RET01246,ORD010349,2025-04-13,CUST01640,PROD0043,1,Changed Mind,18076.17,Approved
RET01247,ORD066663,2024-08-13,CUST04774,PROD0006,2,Changed Mind,27350.28,Approved
RET01248,ORD042100,2024-05-30,CUST02719,PROD0015,1,Wrong Item,18083.63,Approved
RET01249,ORD013304,2025-03-11,CUST04007,PROD0111,1,Damaged,4589.0,Approved
RET01250,ORD038075,2025-04-17,CUST02004,PROD0137,1,Damaged,2135.82,Approved
RET01251,ORD059932,2024-02-23,CUST01436,PROD0155,1,Quality Issue,2796.83,Rejected
RET01252,ORD016921,2026-02-05,CUST05562,PROD0016,1,Wrong Item,5085.97,Approved
RET01253,ORD024407,2024-12-04,CUST05451,PROD0134,1,Quality Issue,6640.83,Approved
RET01254,ORD032950,2024-01-24,CUST01219,PROD0112,1,Damaged,18905.22,Approved
RET01255,ORD074304,2025-04-20,CUST05844,PROD0175,1,Damaged,8066.73,Approved
RET01256,ORD012358,2024-12-07,CUST01479,PROD0072,1,Quality Issue,6813.77,Approved
RET01257,ORD074013,2025-11-21,CUST02458,PROD0074,1,Wrong Item,2745.78,Approved
RET01258,ORD072907,2024-02-05,CUST02223,PROD0146,1,Late Delivery,2879.6,Approved
RET01259,ORD043118,2025-02-26,CUST00075,PROD0028,2,Late Delivery,39925.28,Approved
RET01260,ORD074265,2025-09-27,CUST02038,PROD0034,1,Damaged,15512.32,Approved
RET01261,ORD016760,2025-08-27,CUST01661,PROD0132,2,Late Delivery,7803.1,Approved
RET01262,ORD056659,2026-04-02,CUST00851,PROD0073,1,Changed Mind,8656.25,Approved
RET01263,ORD017073,2026-05-30,CUST00047,PROD0102,1,Late Delivery,5276.76,Pending
RET01264,ORD010637,2024-09-19,CUST05130,PROD0117,1,Damaged,2739.8,Approved
RET01265,ORD035744,2025-02-28,CUST00027,PROD0049,1,Quality Issue,1295.82,Approved
RET01266,ORD064839,2025-12-26,CUST02345,PROD0122,1,Damaged,6342.03,Approved
RET01267,ORD061452,2025-08-19,CUST04503,PROD0069,1,Quality Issue,5482.32,Pending
RET01268,ORD062595,2025-04-09,CUST05284,PROD0029,1,Changed Mind,13777.49,Approved
RET01269,ORD042567,2025-08-24,CUST00442,PROD0032,1,Late Delivery,16577.15,Approved
RET01270,ORD060331,2024-09-17,CUST00741,PROD0001,1,Quality Issue,12001.3,Pending
RET01271,ORD036375,2026-02-05,CUST01597,PROD0041,1,Quality Issue,2219.7,Rejected
RET01272,ORD061649,2026-06-19,CUST01284,PROD0011,1,Changed Mind,4711.27,Approved
RET01273,ORD021766,2024-10-10,CUST05172,PROD0041,1,Quality Issue,2219.7,Approved
RET01274,ORD050836,2024-02-13,CUST02867,PROD0028,1,Damaged,19962.64,Approved
RET01275,ORD056763,2025-11-02,CUST00809,PROD0179,1,Late Delivery,15031.47,Approved
RET01276,ORD051686,2024-09-25,CUST01988,PROD0088,2,Late Delivery,30938.94,Approved
RET01277,ORD046023,2025-07-29,CUST02540,PROD0075,1,Late Delivery,16358.29,Approved
RET01278,ORD035138,2026-06-23,CUST05967,PROD0154,1,Wrong Item,2368.51,Approved
RET01279,ORD036413,2026-02-17,CUST05035,PROD0068,2,Quality Issue,28114.74,Rejected
RET01280,ORD056582,2026-06-01,CUST04790,PROD0154,1,Wrong Item,2368.51,Rejected
RET01281,ORD016145,2024-09-05,CUST01244,PROD0018,1,Quality Issue,12486.26,Approved
RET01282,ORD006153,2025-06-20,CUST01371,PROD0113,1,Wrong Item,14425.18,Approved
RET01283,ORD048423,2026-06-19,CUST05337,PROD0098,1,Late Delivery,15512.35,Approved
RET01284,ORD031783,2025-05-14,CUST05319,PROD0011,1,Late Delivery,4711.27,Approved
RET01285,ORD019714,2025-09-19,CUST00348,PROD0164,1,Wrong Item,15495.6,Approved
RET01286,ORD041382,2025-03-23,CUST04726,PROD0102,2,Changed Mind,10553.52,Approved
RET01287,ORD022907,2024-10-16,CUST02375,PROD0019,1,Changed Mind,9684.46,Rejected
RET01288,ORD018521,2025-06-23,CUST03032,PROD0014,1,Late Delivery,6922.67,Approved
RET01289,ORD033794,2026-03-15,CUST04390,PROD0153,1,Quality Issue,8234.87,Rejected
RET01290,ORD059462,2025-01-22,CUST01057,PROD0027,1,Damaged,10298.65,Approved
RET01291,ORD011589,2025-09-12,CUST03288,PROD0007,1,Late Delivery,6620.23,Approved
RET01292,ORD039544,2024-06-20,CUST00513,PROD0081,1,Quality Issue,255.39,Approved
RET01293,ORD045134,2024-02-23,CUST02163,PROD0030,1,Late Delivery,10355.74,Approved
RET01294,ORD024523,2026-01-10,CUST00322,PROD0150,1,Wrong Item,1301.37,Approved
RET01295,ORD065675,2024-07-06,CUST00652,PROD0072,1,Damaged,6813.77,Approved
RET01296,ORD021985,2025-02-16,CUST00138,PROD0105,1,Wrong Item,10597.29,Approved
RET01297,ORD034797,2026-02-09,CUST04507,PROD0026,1,Quality Issue,12026.19,Approved
RET01298,ORD059070,2026-03-20,CUST05530,PROD0018,1,Quality Issue,12486.26,Approved
RET01299,ORD036625,2025-04-02,CUST01799,PROD0142,1,Damaged,2133.87,Approved
RET01300,ORD036270,2026-06-19,CUST04548,PROD0123,1,Late Delivery,10275.68,Approved
RET01301,ORD039546,2026-01-26,CUST03848,PROD0019,1,Damaged,9684.46,Approved
RET01302,ORD007704,2026-02-13,CUST03751,PROD0030,1,Wrong Item,10355.74,Approved
RET01303,ORD063960,2024-02-20,CUST02025,PROD0042,2,Quality Issue,38472.88,Pending
RET01304,ORD009272,2026-02-07,CUST00624,PROD0167,1,Changed Mind,12170.89,Approved
RET01305,ORD037410,2025-07-24,CUST02238,PROD0119,1,Changed Mind,15636.32,Approved
RET01306,ORD068885,2024-05-18,CUST04833,PROD0160,1,Damaged,9056.08,Approved
RET01307,ORD024917,2025-01-17,CUST03176,PROD0070,1,Wrong Item,13770.36,Approved
RET01308,ORD017548,2024-12-12,CUST01454,PROD0014,1,Damaged,6922.67,Approved
RET01309,ORD030403,2026-06-04,CUST01302,PROD0034,2,Damaged,31024.64,Approved
RET01310,ORD017755,2025-12-26,CUST04704,PROD0011,1,Changed Mind,4711.27,Approved
RET01311,ORD021525,2024-11-12,CUST03556,PROD0061,1,Late Delivery,7568.74,Rejected
RET01312,ORD066250,2025-07-28,CUST01598,PROD0172,1,Damaged,13612.05,Approved
RET01313,ORD063320,2024-09-12,CUST01649,PROD0070,1,Quality Issue,13770.36,Approved
RET01314,ORD037614,2025-12-05,CUST01756,PROD0164,1,Wrong Item,15495.6,Approved
RET01315,ORD037920,2026-06-28,CUST05541,PROD0027,1,Quality Issue,10298.65,Approved
RET01316,ORD068974,2024-07-03,CUST02033,PROD0167,1,Changed Mind,12170.89,Approved
RET01317,ORD010683,2025-10-05,CUST05164,PROD0005,1,Damaged,5395.83,Approved
RET01318,ORD044288,2024-05-19,CUST05197,PROD0159,2,Quality Issue,5760.4,Approved
RET01319,ORD023887,2026-06-05,CUST02148,PROD0144,2,Late Delivery,4514.94,Approved
RET01320,ORD068643,2024-11-08,CUST00125,PROD0019,1,Quality Issue,9684.46,Approved
RET01321,ORD008331,2024-10-06,CUST05291,PROD0040,1,Quality Issue,7125.69,Approved
RET01322,ORD071546,2025-08-04,CUST05079,PROD0020,1,Wrong Item,4124.29,Approved
RET01323,ORD037854,2026-05-11,CUST00442,PROD0083,1,Changed Mind,13634.93,Approved
RET01324,ORD001524,2025-11-17,CUST01108,PROD0171,1,Damaged,13350.31,Approved
RET01325,ORD023836,2024-09-07,CUST05434,PROD0054,2,Wrong Item,35879.44,Approved
RET01326,ORD069820,2024-12-25,CUST01254,PROD0107,1,Changed Mind,8149.76,Approved
RET01327,ORD034346,2024-05-02,CUST04319,PROD0130,1,Quality Issue,9115.86,Approved
RET01328,ORD016878,2025-04-25,CUST05882,PROD0012,2,Damaged,665.94,Approved
RET01329,ORD051814,2024-08-28,CUST03059,PROD0088,2,Late Delivery,30938.94,Approved
RET01330,ORD051940,2026-04-11,CUST03415,PROD0157,1,Wrong Item,14323.08,Rejected
RET01331,ORD059519,2025-03-15,CUST03364,PROD0012,1,Quality Issue,332.97,Approved
RET01332,ORD059399,2024-01-31,CUST02236,PROD0059,2,Changed Mind,8064.46,Approved
RET01333,ORD044725,2026-01-19,CUST00938,PROD0112,1,Damaged,18905.22,Rejected
RET01334,ORD071217,2024-05-09,CUST04594,PROD0034,1,Late Delivery,15512.32,Pending
RET01335,ORD019194,2026-05-31,CUST01272,PROD0151,1,Late Delivery,3808.36,Pending
RET01336,ORD022704,2026-06-14,CUST05377,PROD0151,1,Changed Mind,3808.36,Pending
RET01337,ORD052738,2025-11-11,CUST03129,PROD0158,1,Changed Mind,16109.18,Approved
RET01338,ORD012340,2024-02-21,CUST04128,PROD0109,1,Wrong Item,8971.66,Pending
RET01339,ORD064995,2026-01-08,CUST00432,PROD0116,1,Damaged,1812.54,Pending
RET01340,ORD027038,2026-01-23,CUST03980,PROD0161,1,Wrong Item,15765.29,Approved
RET01341,ORD074801,2024-04-11,CUST00527,PROD0136,2,Changed Mind,29135.98,Approved
RET01342,ORD024400,2025-10-15,CUST05114,PROD0056,2,Wrong Item,8104.8,Approved
RET01343,ORD044691,2025-01-18,CUST01768,PROD0071,1,Wrong Item,10420.29,Pending
RET01344,ORD049314,2025-07-16,CUST04942,PROD0148,2,Late Delivery,17523.74,Approved
RET01345,ORD039243,2026-05-03,CUST05955,PROD0050,1,Changed Mind,7609.14,Approved
RET01346,ORD056828,2024-05-17,CUST01272,PROD0019,1,Damaged,9684.46,Approved
RET01347,ORD006268,2025-08-25,CUST02824,PROD0033,2,Wrong Item,17636.98,Approved
RET01348,ORD052900,2025-05-29,CUST02361,PROD0164,2,Late Delivery,30991.2,Pending
RET01349,ORD037220,2024-02-12,CUST04918,PROD0056,1,Quality Issue,4052.4,Approved
RET01350,ORD027532,2025-12-13,CUST00521,PROD0176,1,Wrong Item,12006.69,Pending
RET01351,ORD020687,2025-05-27,CUST04339,PROD0039,2,Late Delivery,1519.9,Approved
RET01352,ORD009137,2025-02-16,CUST03958,PROD0163,1,Damaged,9897.91,Approved
RET01353,ORD003709,2024-11-20,CUST03160,PROD0167,1,Late Delivery,12170.89,Approved
RET01354,ORD009585,2025-09-14,CUST01759,PROD0179,1,Late Delivery,15031.47,Approved
RET01355,ORD062616,2024-02-20,CUST00070,PROD0001,1,Late Delivery,12001.3,Approved
RET01356,ORD017886,2024-01-09,CUST01053,PROD0165,1,Damaged,11488.02,Approved
RET01357,ORD035166,2026-03-24,CUST04185,PROD0163,2,Quality Issue,19795.82,Approved
RET01358,ORD030372,2024-04-18,CUST02540,PROD0021,1,Damaged,18499.86,Approved
RET01359,ORD022512,2025-10-16,CUST04046,PROD0046,1,Changed Mind,5767.09,Rejected
RET01360,ORD009840,2025-02-01,CUST03452,PROD0147,2,Quality Issue,10427.38,Approved
RET01361,ORD038728,2025-05-06,CUST04864,PROD0127,1,Late Delivery,2851.07,Approved
RET01362,ORD001536,2024-12-18,CUST02149,PROD0099,1,Changed Mind,5204.8,Rejected
RET01363,ORD017539,2025-05-21,CUST02828,PROD0022,2,Quality Issue,31389.14,Approved
RET01364,ORD020132,2025-04-16,CUST04411,PROD0016,1,Damaged,5085.97,Approved
RET01365,ORD064321,2025-05-14,CUST00959,PROD0076,1,Wrong Item,7447.92,Approved
RET01366,ORD030804,2025-08-26,CUST03722,PROD0008,1,Quality Issue,8891.61,Approved
RET01367,ORD020297,2024-02-23,CUST04960,PROD0113,1,Quality Issue,14425.18,Approved
RET01368,ORD061358,2025-03-25,CUST02661,PROD0012,1,Changed Mind,332.97,Approved
RET01369,ORD035611,2024-10-30,CUST05732,PROD0022,1,Changed Mind,15694.57,Approved
RET01370,ORD067818,2025-06-13,CUST05987,PROD0088,1,Changed Mind,15469.47,Approved
RET01371,ORD002979,2026-04-11,CUST00034,PROD0173,1,Damaged,1727.4,Approved
RET01372,ORD052484,2025-05-03,CUST01906,PROD0140,1,Wrong Item,16058.37,Pending
RET01373,ORD024847,2024-03-16,CUST04955,PROD0156,1,Late Delivery,891.52,Approved
RET01374,ORD001902,2024-11-20,CUST02555,PROD0065,1,Late Delivery,4366.12,Approved
RET01375,ORD052822,2026-04-13,CUST03230,PROD0039,1,Damaged,759.95,Approved
RET01376,ORD019141,2025-07-30,CUST05182,PROD0055,1,Quality Issue,832.15,Approved
RET01377,ORD002615,2024-03-25,CUST03523,PROD0007,1,Wrong Item,6620.23,Approved
RET01378,ORD062601,2025-09-06,CUST03518,PROD0004,1,Changed Mind,15906.36,Approved
RET01379,ORD005680,2024-02-04,CUST02229,PROD0067,1,Quality Issue,4228.87,Approved
RET01380,ORD033234,2024-08-08,CUST04231,PROD0106,1,Late Delivery,4279.13,Pending
RET01381,ORD043434,2026-01-03,CUST02426,PROD0109,2,Wrong Item,17943.32,Rejected
RET01382,ORD034628,2024-01-17,CUST04890,PROD0093,1,Late Delivery,13725.41,Approved
RET01383,ORD043246,2025-01-22,CUST00106,PROD0133,2,Quality Issue,24753.84,Approved
RET01384,ORD023133,2024-01-07,CUST03180,PROD0086,1,Wrong Item,4398.02,Approved
RET01385,ORD070715,2025-12-24,CUST03275,PROD0062,1,Quality Issue,4179.63,Approved
RET01386,ORD026453,2024-11-15,CUST02829,PROD0180,1,Late Delivery,1990.36,Approved
RET01387,ORD058594,2024-02-10,CUST04548,PROD0034,1,Changed Mind,15512.32,Pending
RET01388,ORD049522,2025-01-13,CUST03155,PROD0044,1,Wrong Item,13681.96,Rejected
RET01389,ORD053359,2024-04-30,CUST04208,PROD0104,1,Wrong Item,5323.97,Approved
RET01390,ORD070678,2025-01-11,CUST04280,PROD0148,1,Quality Issue,8761.87,Approved
RET01391,ORD045021,2025-12-29,CUST01626,PROD0141,2,Changed Mind,2517.28,Approved
RET01392,ORD001935,2024-11-04,CUST02028,PROD0131,1,Quality Issue,8773.69,Approved
RET01393,ORD025106,2026-06-26,CUST01515,PROD0151,1,Wrong Item,3808.36,Approved
RET01394,ORD006446,2025-03-25,CUST02909,PROD0068,1,Damaged,14057.37,Approved
RET01395,ORD037204,2024-08-11,CUST02672,PROD0172,1,Late Delivery,13612.05,Approved
RET01396,ORD001189,2025-07-25,CUST00278,PROD0162,2,Wrong Item,29604.34,Approved
RET01397,ORD040711,2025-07-26,CUST01780,PROD0027,1,Late Delivery,10298.65,Approved
RET01398,ORD070748,2024-06-27,CUST02549,PROD0033,1,Quality Issue,8818.49,Approved
RET01399,ORD055879,2024-11-26,CUST05941,PROD0137,1,Changed Mind,2135.82,Approved
RET01400,ORD051537,2026-02-21,CUST01115,PROD0115,1,Late Delivery,16930.95,Approved
RET01401,ORD069454,2025-09-21,CUST05939,PROD0166,1,Wrong Item,6336.84,Approved
RET01402,ORD033148,2024-02-03,CUST01528,PROD0028,1,Quality Issue,19962.64,Pending
RET01403,ORD063708,2026-02-24,CUST00103,PROD0149,1,Wrong Item,15077.01,Approved
RET01404,ORD045671,2026-02-16,CUST03332,PROD0109,1,Damaged,8971.66,Approved
RET01405,ORD073124,2024-09-11,CUST00168,PROD0170,2,Changed Mind,30173.84,Approved
RET01406,ORD054526,2026-03-06,CUST04619,PROD0019,2,Late Delivery,19368.92,Approved
RET01407,ORD030771,2025-07-24,CUST03461,PROD0170,1,Changed Mind,15086.92,Approved
RET01408,ORD001812,2026-07-01,CUST02125,PROD0086,2,Late Delivery,8796.04,Approved
RET01409,ORD016606,2025-05-09,CUST01679,PROD0009,2,Quality Issue,13984.28,Pending
RET01410,ORD054591,2026-06-23,CUST05944,PROD0078,1,Changed Mind,11816.08,Approved
RET01411,ORD022640,2024-06-27,CUST00340,PROD0140,1,Changed Mind,16058.37,Approved
RET01412,ORD024660,2025-02-14,CUST02324,PROD0067,1,Wrong Item,4228.87,Pending
RET01413,ORD053645,2026-06-14,CUST01592,PROD0099,1,Wrong Item,5204.8,Approved
RET01414,ORD000446,2025-10-08,CUST01014,PROD0159,1,Wrong Item,2880.2,Approved
RET01415,ORD023700,2024-12-13,CUST05160,PROD0174,1,Late Delivery,2332.87,Approved
RET01416,ORD063952,2025-06-01,CUST03631,PROD0105,1,Wrong Item,10597.29,Approved
RET01417,ORD064742,2024-04-03,CUST00275,PROD0080,1,Late Delivery,7106.65,Approved
RET01418,ORD072016,2025-07-28,CUST03178,PROD0117,1,Wrong Item,2739.8,Approved
RET01419,ORD065237,2024-07-13,CUST03115,PROD0076,1,Damaged,7447.92,Approved
RET01420,ORD039280,2025-06-21,CUST03472,PROD0037,1,Changed Mind,9731.05,Approved
RET01421,ORD021919,2025-03-31,CUST01187,PROD0039,1,Damaged,759.95,Approved
RET01422,ORD034323,2026-05-13,CUST03696,PROD0085,1,Late Delivery,7374.91,Approved
RET01423,ORD038769,2025-07-30,CUST02150,PROD0044,1,Quality Issue,13681.96,Approved
RET01424,ORD053568,2026-05-04,CUST01508,PROD0125,1,Quality Issue,12200.98,Approved
RET01425,ORD001774,2024-12-31,CUST02830,PROD0123,1,Quality Issue,10275.68,Approved
RET01426,ORD005604,2024-07-11,CUST01493,PROD0069,1,Late Delivery,5482.32,Approved
RET01427,ORD064218,2024-03-20,CUST04059,PROD0108,1,Late Delivery,12361.97,Approved
RET01428,ORD018596,2025-07-26,CUST01863,PROD0102,1,Changed Mind,5276.76,Approved
RET01429,ORD030666,2025-07-14,CUST02675,PROD0005,1,Late Delivery,5395.83,Approved
RET01430,ORD023837,2024-06-07,CUST03140,PROD0063,1,Changed Mind,4222.04,Approved
RET01431,ORD014058,2026-06-07,CUST03038,PROD0130,1,Late Delivery,9115.86,Approved
RET01432,ORD056455,2025-09-11,CUST04224,PROD0107,1,Damaged,8149.76,Approved
RET01433,ORD011515,2024-08-28,CUST02665,PROD0123,1,Late Delivery,10275.68,Approved
RET01434,ORD021674,2024-09-30,CUST03427,PROD0151,1,Wrong Item,3808.36,Approved
RET01435,ORD026461,2025-04-26,CUST01270,PROD0014,1,Damaged,6922.67,Approved
RET01436,ORD057622,2024-09-19,CUST00540,PROD0045,2,Quality Issue,5768.48,Approved
RET01437,ORD035430,2025-07-08,CUST02573,PROD0168,1,Quality Issue,7461.76,Rejected
RET01438,ORD062165,2024-08-03,CUST02837,PROD0089,1,Wrong Item,18354.57,Approved
RET01439,ORD027585,2025-06-23,CUST02686,PROD0036,2,Quality Issue,31187.12,Approved
RET01440,ORD042286,2024-08-29,CUST05981,PROD0149,1,Wrong Item,15077.01,Approved
RET01441,ORD045041,2025-07-04,CUST01387,PROD0060,1,Wrong Item,15188.92,Approved
RET01442,ORD057504,2024-06-28,CUST05766,PROD0071,1,Wrong Item,10420.29,Approved
RET01443,ORD049545,2024-01-29,CUST02085,PROD0062,1,Quality Issue,4179.63,Approved
RET01444,ORD023765,2026-02-13,CUST01344,PROD0044,1,Damaged,13681.96,Approved
RET01445,ORD045508,2026-05-30,CUST02862,PROD0048,1,Damaged,4193.34,Rejected
RET01446,ORD051030,2025-03-05,CUST00053,PROD0124,1,Damaged,10142.95,Approved
RET01447,ORD012295,2026-05-13,CUST05188,PROD0145,1,Changed Mind,1029.53,Approved
RET01448,ORD038603,2024-08-01,CUST03608,PROD0035,1,Late Delivery,717.8,Pending
RET01449,ORD007578,2024-03-01,CUST03531,PROD0119,1,Quality Issue,15636.32,Approved
RET01450,ORD000642,2025-10-04,CUST02753,PROD0029,1,Late Delivery,13777.49,Approved
RET01451,ORD057308,2024-03-03,CUST01400,PROD0099,1,Wrong Item,5204.8,Pending
RET01452,ORD056522,2026-03-08,CUST05772,PROD0088,1,Changed Mind,15469.47,Approved
RET01453,ORD028140,2024-02-18,CUST03005,PROD0044,2,Damaged,27363.92,Approved
RET01454,ORD052642,2024-09-01,CUST04079,PROD0006,1,Quality Issue,13675.14,Approved
RET01455,ORD027641,2024-05-12,CUST01469,PROD0073,1,Damaged,8656.25,Approved
RET01456,ORD024668,2025-04-03,CUST00962,PROD0064,1,Damaged,14023.42,Approved
RET01457,ORD047445,2025-09-05,CUST04045,PROD0143,1,Quality Issue,4810.17,Approved
RET01458,ORD056813,2024-12-26,CUST04803,PROD0102,1,Wrong Item,5276.76,Pending
RET01459,ORD010322,2025-02-09,CUST00267,PROD0029,1,Late Delivery,13777.49,Approved
RET01460,ORD058547,2025-05-22,CUST04989,PROD0005,1,Wrong Item,5395.83,Approved
RET01461,ORD015973,2025-03-14,CUST02042,PROD0157,1,Damaged,14323.08,Approved
RET01462,ORD015877,2026-05-09,CUST04559,PROD0155,1,Late Delivery,2796.83,Pending
RET01463,ORD050236,2024-06-13,CUST01405,PROD0129,1,Quality Issue,5163.83,Approved
RET01464,ORD053873,2025-02-28,CUST01569,PROD0127,1,Changed Mind,2851.07,Approved
RET01465,ORD053744,2025-10-18,CUST05207,PROD0045,1,Wrong Item,2884.24,Pending
RET01466,ORD014995,2024-11-07,CUST04383,PROD0034,1,Wrong Item,15512.32,Approved
RET01467,ORD047138,2026-03-10,CUST01742,PROD0092,1,Wrong Item,3069.95,Approved
RET01468,ORD022542,2026-04-03,CUST05454,PROD0088,1,Quality Issue,15469.47,Approved
RET01469,ORD051583,2026-05-25,CUST01155,PROD0097,1,Wrong Item,11000.04,Approved
RET01470,ORD064443,2024-03-15,CUST02623,PROD0101,1,Wrong Item,12071.69,Approved
RET01471,ORD029539,2025-07-07,CUST02658,PROD0175,1,Damaged,8066.73,Rejected
RET01472,ORD035779,2025-09-15,CUST05820,PROD0111,1,Quality Issue,4589.0,Rejected
RET01473,ORD028074,2025-02-18,CUST02237,PROD0018,1,Late Delivery,12486.26,Approved
RET01474,ORD029100,2024-05-17,CUST02596,PROD0018,1,Late Delivery,12486.26,Approved
RET01475,ORD047179,2025-10-25,CUST02113,PROD0127,1,Quality Issue,2851.07,Approved
RET01476,ORD072268,2025-04-05,CUST01175,PROD0166,1,Damaged,6336.84,Rejected
RET01477,ORD016361,2024-06-14,CUST04255,PROD0099,1,Changed Mind,5204.8,Approved
RET01478,ORD028550,2026-04-22,CUST03917,PROD0065,1,Damaged,4366.12,Pending
RET01479,ORD061065,2024-10-19,CUST03832,PROD0118,1,Quality Issue,11702.39,Approved
RET01480,ORD061583,2024-05-04,CUST03056,PROD0130,1,Wrong Item,9115.86,Approved
RET01481,ORD007074,2025-01-06,CUST05386,PROD0002,1,Late Delivery,6109.4,Pending
RET01482,ORD056975,2024-04-28,CUST04565,PROD0151,1,Damaged,3808.36,Approved
RET01483,ORD027134,2024-12-13,CUST05142,PROD0056,1,Late Delivery,4052.4,Approved
RET01484,ORD061298,2024-06-27,CUST00201,PROD0140,2,Damaged,32116.74,Pending
RET01485,ORD018162,2024-06-24,CUST03006,PROD0171,1,Wrong Item,13350.31,Approved
RET01486,ORD021094,2026-04-14,CUST04027,PROD0127,1,Damaged,2851.07,Approved
RET01487,ORD019738,2024-11-06,CUST01546,PROD0122,1,Damaged,6342.03,Approved
RET01488,ORD019544,2024-10-06,CUST05736,PROD0171,1,Changed Mind,13350.31,Approved
RET01489,ORD043306,2026-01-28,CUST01363,PROD0012,1,Late Delivery,332.97,Approved
RET01490,ORD010279,2026-06-07,CUST05899,PROD0180,1,Quality Issue,1990.36,Pending
RET01491,ORD027333,2024-04-10,CUST05422,PROD0031,1,Wrong Item,3348.21,Pending
RET01492,ORD014246,2025-02-14,CUST00406,PROD0175,1,Wrong Item,8066.73,Approved
RET01493,ORD040352,2024-06-18,CUST03995,PROD0167,1,Damaged,12170.89,Approved
RET01494,ORD061569,2026-06-27,CUST02721,PROD0019,1,Damaged,9684.46,Approved
RET01495,ORD015731,2026-03-01,CUST01766,PROD0153,1,Wrong Item,8234.87,Approved
RET01496,ORD067664,2026-03-14,CUST03390,PROD0163,1,Late Delivery,9897.91,Approved
RET01497,ORD027680,2025-02-02,CUST02694,PROD0060,1,Wrong Item,15188.92,Approved
RET01498,ORD058465,2025-10-17,CUST05191,PROD0120,1,Late Delivery,6528.62,Approved
RET01499,ORD067699,2024-04-15,CUST03008,PROD0003,1,Wrong Item,15842.07,Approved
RET01500,ORD033571,2024-12-18,CUST00105,PROD0101,1,Wrong Item,12071.69,Approved
RET01501,ORD073628,2025-05-16,CUST03843,PROD0067,2,Wrong Item,8457.74,Pending
RET01502,ORD064713,2024-07-18,CUST00891,PROD0076,2,Wrong Item,14895.84,Approved
RET01503,ORD001792,2025-03-04,CUST03665,PROD0051,2,Late Delivery,14489.6,Approved
RET01504,ORD038915,2024-12-08,CUST01313,PROD0039,1,Quality Issue,759.95,Approved
RET01505,ORD034385,2025-01-14,CUST00104,PROD0007,1,Quality Issue,6620.23,Approved
RET01506,ORD041186,2025-01-26,CUST02211,PROD0168,2,Damaged,14923.52,Approved
RET01507,ORD064070,2024-09-19,CUST01815,PROD0032,1,Quality Issue,16577.15,Approved
RET01508,ORD003999,2025-05-14,CUST05773,PROD0037,1,Wrong Item,9731.05,Approved
RET01509,ORD063210,2025-05-14,CUST00924,PROD0105,1,Changed Mind,10597.29,Approved
RET01510,ORD065980,2025-01-08,CUST04083,PROD0099,2,Late Delivery,10409.6,Approved
RET01511,ORD025023,2025-06-25,CUST02595,PROD0053,1,Changed Mind,2085.37,Approved
RET01512,ORD014753,2025-01-23,CUST05750,PROD0168,1,Quality Issue,7461.76,Approved
RET01513,ORD014713,2025-05-16,CUST05293,PROD0015,1,Wrong Item,18083.63,Approved
RET01514,ORD010136,2024-12-17,CUST04027,PROD0116,1,Damaged,1812.54,Approved
RET01515,ORD044620,2024-06-25,CUST02381,PROD0082,1,Damaged,2212.72,Approved
RET01516,ORD000225,2024-08-27,CUST02782,PROD0048,1,Damaged,4193.34,Approved
RET01517,ORD037411,2026-01-31,CUST03190,PROD0111,1,Wrong Item,4589.0,Approved
RET01518,ORD058698,2026-04-13,CUST03868,PROD0134,2,Quality Issue,13281.66,Approved
RET01519,ORD012195,2024-09-16,CUST03954,PROD0071,1,Wrong Item,10420.29,Approved
RET01520,ORD008435,2024-01-28,CUST02025,PROD0131,1,Wrong Item,8773.69,Pending
RET01521,ORD060423,2024-03-30,CUST05391,PROD0179,1,Damaged,15031.47,Approved
RET01522,ORD026006,2026-06-20,CUST03020,PROD0129,1,Changed Mind,5163.83,Approved
RET01523,ORD053581,2026-06-10,CUST04208,PROD0108,1,Damaged,12361.97,Approved
RET01524,ORD064599,2025-11-12,CUST05267,PROD0120,1,Wrong Item,6528.62,Approved
RET01525,ORD004632,2025-10-24,CUST03496,PROD0151,1,Damaged,3808.36,Rejected
RET01526,ORD043819,2024-02-13,CUST01904,PROD0028,1,Quality Issue,19962.64,Approved
RET01527,ORD023112,2024-09-25,CUST04495,PROD0144,1,Late Delivery,2257.47,Approved
RET01528,ORD049080,2026-01-02,CUST01360,PROD0109,1,Wrong Item,8971.66,Approved
RET01529,ORD048344,2024-02-15,CUST05885,PROD0175,1,Quality Issue,8066.73,Approved
RET01530,ORD000435,2024-04-09,CUST00252,PROD0081,1,Quality Issue,255.39,Approved
RET01531,ORD029972,2026-06-25,CUST05265,PROD0109,1,Damaged,8971.66,Approved
RET01532,ORD017833,2024-11-04,CUST01521,PROD0020,1,Quality Issue,4124.29,Approved
RET01533,ORD062393,2025-02-23,CUST01639,PROD0041,1,Wrong Item,2219.7,Approved
RET01534,ORD062301,2025-09-04,CUST01912,PROD0098,2,Wrong Item,31024.7,Approved
RET01535,ORD013424,2025-05-07,CUST02218,PROD0120,1,Quality Issue,6528.62,Rejected
RET01536,ORD010518,2025-03-16,CUST01056,PROD0037,1,Damaged,9731.05,Pending
RET01537,ORD006952,2026-02-17,CUST01357,PROD0099,1,Late Delivery,5204.8,Approved
RET01538,ORD019225,2024-01-05,CUST02772,PROD0147,1,Quality Issue,5213.69,Pending
RET01539,ORD001755,2024-11-17,CUST00099,PROD0124,1,Changed Mind,10142.95,Approved
RET01540,ORD037198,2026-02-11,CUST03501,PROD0003,1,Changed Mind,15842.07,Approved
RET01541,ORD029369,2024-02-19,CUST04755,PROD0053,1,Wrong Item,2085.37,Approved
RET01542,ORD011113,2024-02-09,CUST01980,PROD0089,2,Changed Mind,36709.14,Approved
RET01543,ORD020883,2024-11-14,CUST01175,PROD0147,1,Quality Issue,5213.69,Approved
RET01544,ORD062994,2025-07-28,CUST05661,PROD0153,1,Damaged,8234.87,Approved
RET01545,ORD001317,2025-12-02,CUST03863,PROD0160,1,Changed Mind,9056.08,Approved
RET01546,ORD042312,2025-01-23,CUST01705,PROD0069,1,Late Delivery,5482.32,Approved
RET01547,ORD010776,2025-01-29,CUST00547,PROD0116,1,Late Delivery,1812.54,Approved
RET01548,ORD050481,2024-02-24,CUST04928,PROD0083,1,Damaged,13634.93,Pending
RET01549,ORD022823,2024-04-10,CUST02336,PROD0043,1,Changed Mind,18076.17,Approved
RET01550,ORD061197,2024-01-24,CUST01524,PROD0123,1,Damaged,10275.68,Approved
RET01551,ORD037678,2024-11-07,CUST00829,PROD0123,1,Changed Mind,10275.68,Approved
RET01552,ORD036638,2025-06-09,CUST00882,PROD0128,1,Damaged,6488.56,Rejected
RET01553,ORD066446,2026-02-01,CUST03461,PROD0077,2,Changed Mind,2042.94,Approved
RET01554,ORD016658,2024-10-29,CUST00822,PROD0067,1,Quality Issue,4228.87,Approved
RET01555,ORD003001,2026-06-15,CUST01639,PROD0050,1,Late Delivery,7609.14,Approved
RET01556,ORD014361,2024-02-03,CUST02516,PROD0118,2,Wrong Item,23404.78,Pending
RET01557,ORD055022,2026-03-10,CUST04078,PROD0034,1,Late Delivery,15512.32,Approved
RET01558,ORD066109,2024-12-28,CUST01505,PROD0071,1,Quality Issue,10420.29,Rejected
RET01559,ORD043523,2024-04-16,CUST01776,PROD0068,2,Wrong Item,28114.74,Pending
RET01560,ORD059265,2025-01-03,CUST05925,PROD0136,1,Late Delivery,14567.99,Rejected
RET01561,ORD072319,2026-06-05,CUST03217,PROD0153,2,Changed Mind,16469.74,Approved
RET01562,ORD056670,2026-03-25,CUST04050,PROD0046,1,Late Delivery,5767.09,Pending
RET01563,ORD016462,2024-04-03,CUST00607,PROD0032,1,Changed Mind,16577.15,Approved
RET01564,ORD012788,2024-12-07,CUST05678,PROD0163,1,Changed Mind,9897.91,Approved
RET01565,ORD056041,2026-06-12,CUST05426,PROD0069,1,Quality Issue,5482.32,Approved
RET01566,ORD071824,2026-05-19,CUST05431,PROD0129,2,Late Delivery,10327.66,Pending
RET01567,ORD053003,2024-10-25,CUST05642,PROD0092,1,Late Delivery,3069.95,Approved
RET01568,ORD024501,2024-02-27,CUST00324,PROD0131,2,Damaged,17547.38,Approved
RET01569,ORD011335,2026-01-23,CUST05015,PROD0144,1,Changed Mind,2257.47,Approved
RET01570,ORD068172,2026-06-24,CUST03357,PROD0160,1,Changed Mind,9056.08,Approved
RET01571,ORD011686,2024-09-03,CUST02676,PROD0014,1,Late Delivery,6922.67,Approved
RET01572,ORD066697,2024-10-13,CUST00452,PROD0043,1,Quality Issue,18076.17,Approved
RET01573,ORD022224,2025-03-04,CUST03258,PROD0025,1,Wrong Item,5285.3,Approved
RET01574,ORD023241,2026-05-24,CUST05917,PROD0087,2,Changed Mind,6792.76,Approved
RET01575,ORD015902,2026-05-02,CUST01931,PROD0061,1,Late Delivery,7568.74,Approved
RET01576,ORD040201,2024-10-27,CUST01126,PROD0036,1,Quality Issue,15593.56,Pending
RET01577,ORD074535,2024-06-24,CUST00192,PROD0013,1,Late Delivery,10350.0,Approved
RET01578,ORD072529,2024-02-21,CUST00356,PROD0110,1,Wrong Item,448.54,Approved
RET01579,ORD065715,2026-04-02,CUST03596,PROD0067,1,Damaged,4228.87,Rejected
RET01580,ORD068156,2025-02-01,CUST04135,PROD0149,1,Damaged,15077.01,Approved
RET01581,ORD003864,2024-09-20,CUST04313,PROD0039,1,Damaged,759.95,Approved
RET01582,ORD012071,2025-09-17,CUST05166,PROD0058,1,Late Delivery,2824.28,Approved
RET01583,ORD042085,2024-01-06,CUST00114,PROD0050,1,Damaged,7609.14,Approved
RET01584,ORD007178,2026-03-30,CUST04509,PROD0088,1,Damaged,15469.47,Approved
RET01585,ORD058325,2025-02-07,CUST00946,PROD0029,2,Quality Issue,27554.98,Approved
RET01586,ORD024189,2024-09-01,CUST03957,PROD0158,1,Changed Mind,16109.18,Approved
RET01587,ORD043313,2026-06-11,CUST03591,PROD0017,1,Late Delivery,9986.93,Rejected
RET01588,ORD057411,2025-05-07,CUST03488,PROD0112,1,Wrong Item,18905.22,Approved
RET01589,ORD006432,2024-05-07,CUST02370,PROD0035,1,Damaged,717.8,Approved
RET01590,ORD015162,2026-06-06,CUST04067,PROD0073,2,Late Delivery,17312.5,Approved
RET01591,ORD063867,2025-05-04,CUST05246,PROD0120,1,Changed Mind,6528.62,Approved
RET01592,ORD052338,2025-06-13,CUST05177,PROD0034,1,Damaged,15512.32,Pending
RET01593,ORD029884,2026-01-31,CUST03573,PROD0171,1,Damaged,13350.31,Approved
RET01594,ORD074905,2024-04-24,CUST04862,PROD0006,1,Late Delivery,13675.14,Approved
RET01595,ORD029843,2024-02-03,CUST01618,PROD0042,1,Quality Issue,19236.44,Approved
RET01596,ORD005884,2024-09-06,CUST03172,PROD0143,1,Late Delivery,4810.17,Approved
RET01597,ORD063809,2025-11-24,CUST02178,PROD0139,1,Late Delivery,1777.94,Pending
RET01598,ORD072284,2025-08-18,CUST01132,PROD0052,1,Quality Issue,16337.81,Approved
RET01599,ORD021453,2024-06-21,CUST04737,PROD0094,1,Changed Mind,12677.35,Rejected
RET01600,ORD010012,2024-11-16,CUST01999,PROD0047,1,Quality Issue,7182.73,Approved
RET01601,ORD063042,2024-10-09,CUST05382,PROD0002,1,Damaged,6109.4,Approved
RET01602,ORD073877,2026-04-26,CUST04270,PROD0121,1,Wrong Item,15732.26,Approved
RET01603,ORD032279,2026-06-21,CUST01049,PROD0150,1,Wrong Item,1301.37,Pending
RET01604,ORD009639,2024-03-11,CUST02173,PROD0175,1,Changed Mind,8066.73,Approved
RET01605,ORD026235,2025-02-11,CUST00820,PROD0083,1,Wrong Item,13634.93,Approved
RET01606,ORD014363,2025-08-07,CUST01409,PROD0038,2,Damaged,11852.44,Approved
RET01607,ORD042140,2025-08-22,CUST04250,PROD0165,2,Late Delivery,22976.04,Approved
RET01608,ORD062567,2025-10-08,CUST05468,PROD0040,1,Damaged,7125.69,Approved
RET01609,ORD018699,2025-11-12,CUST05066,PROD0025,1,Late Delivery,5285.3,Pending
RET01610,ORD022040,2025-03-27,CUST01389,PROD0122,1,Wrong Item,6342.03,Approved
RET01611,ORD007544,2024-10-05,CUST00787,PROD0036,2,Quality Issue,31187.12,Pending
RET01612,ORD062188,2026-05-02,CUST04043,PROD0177,1,Damaged,6508.8,Approved
RET01613,ORD032221,2026-05-24,CUST04740,PROD0178,1,Wrong Item,4622.91,Approved
RET01614,ORD071465,2026-03-03,CUST00410,PROD0155,1,Quality Issue,2796.83,Approved
RET01615,ORD056841,2024-09-01,CUST01623,PROD0015,1,Damaged,18083.63,Approved
RET01616,ORD039128,2024-06-18,CUST01712,PROD0166,1,Changed Mind,6336.84,Approved
RET01617,ORD023712,2024-10-13,CUST05958,PROD0039,1,Changed Mind,759.95,Approved
RET01618,ORD050360,2025-03-17,CUST01727,PROD0054,1,Damaged,17939.72,Approved
RET01619,ORD068788,2025-05-26,CUST03916,PROD0044,1,Changed Mind,13681.96,Approved
RET01620,ORD068989,2025-11-01,CUST01121,PROD0089,1,Late Delivery,18354.57,Approved
RET01621,ORD060462,2025-08-11,CUST01201,PROD0171,1,Damaged,13350.31,Approved
RET01622,ORD034656,2024-02-17,CUST03316,PROD0093,1,Wrong Item,13725.41,Approved
RET01623,ORD050150,2025-04-25,CUST04742,PROD0103,1,Damaged,7340.57,Approved
RET01624,ORD068994,2024-08-28,CUST03822,PROD0149,2,Damaged,30154.02,Approved
RET01625,ORD029036,2025-12-26,CUST00251,PROD0086,1,Wrong Item,4398.02,Approved
RET01626,ORD035912,2025-11-04,CUST00056,PROD0113,1,Late Delivery,14425.18,Approved
RET01627,ORD034596,2024-01-15,CUST03842,PROD0112,1,Late Delivery,18905.22,Approved
RET01628,ORD001100,2024-06-29,CUST01737,PROD0025,1,Damaged,5285.3,Approved
RET01629,ORD016041,2025-07-17,CUST03984,PROD0163,1,Quality Issue,9897.91,Approved
RET01630,ORD035666,2026-05-21,CUST03172,PROD0143,1,Damaged,4810.17,Approved
RET01631,ORD046626,2024-02-07,CUST02223,PROD0015,2,Quality Issue,36167.26,Rejected
RET01632,ORD015669,2024-03-20,CUST02751,PROD0036,1,Changed Mind,15593.56,Approved
RET01633,ORD051841,2026-06-07,CUST02570,PROD0106,1,Changed Mind,4279.13,Approved
RET01634,ORD023359,2025-09-18,CUST00651,PROD0129,2,Wrong Item,10327.66,Pending
RET01635,ORD025492,2024-09-06,CUST03096,PROD0114,1,Wrong Item,5547.1,Approved
RET01636,ORD067484,2025-06-06,CUST05666,PROD0086,1,Damaged,4398.02,Approved
RET01637,ORD069000,2026-03-22,CUST00392,PROD0101,1,Damaged,12071.69,Approved
RET01638,ORD051500,2025-04-25,CUST05267,PROD0155,1,Quality Issue,2796.83,Approved
RET01639,ORD062896,2025-02-03,CUST04384,PROD0109,1,Quality Issue,8971.66,Approved
RET01640,ORD066144,2024-03-23,CUST05742,PROD0123,1,Damaged,10275.68,Approved
RET01641,ORD041566,2024-11-13,CUST00760,PROD0170,1,Wrong Item,15086.92,Approved
RET01642,ORD036762,2026-05-23,CUST00494,PROD0154,2,Changed Mind,4737.02,Approved
RET01643,ORD023951,2025-09-14,CUST02445,PROD0115,2,Quality Issue,33861.9,Approved
RET01644,ORD025333,2025-08-21,CUST03589,PROD0021,1,Late Delivery,18499.86,Approved
RET01645,ORD055747,2024-04-30,CUST01442,PROD0034,1,Wrong Item,15512.32,Approved
RET01646,ORD012641,2024-10-08,CUST00481,PROD0120,1,Damaged,6528.62,Approved
RET01647,ORD043968,2026-01-07,CUST02088,PROD0144,2,Wrong Item,4514.94,Approved
RET01648,ORD020376,2025-04-11,CUST00226,PROD0005,1,Changed Mind,5395.83,Approved
RET01649,ORD074136,2025-12-24,CUST03921,PROD0099,2,Quality Issue,10409.6,Pending
RET01650,ORD056929,2025-08-07,CUST04350,PROD0087,1,Wrong Item,3396.38,Pending
RET01651,ORD011411,2024-07-14,CUST03295,PROD0068,1,Late Delivery,14057.37,Approved
RET01652,ORD000940,2025-04-24,CUST03839,PROD0168,1,Changed Mind,7461.76,Approved
RET01653,ORD048563,2026-01-26,CUST03715,PROD0054,2,Quality Issue,35879.44,Approved
RET01654,ORD064435,2025-01-08,CUST04561,PROD0050,1,Late Delivery,7609.14,Approved
RET01655,ORD028510,2024-11-01,CUST02887,PROD0088,2,Late Delivery,30938.94,Approved
RET01656,ORD022169,2025-08-04,CUST05342,PROD0121,1,Quality Issue,15732.26,Rejected
RET01657,ORD048636,2026-01-26,CUST01020,PROD0153,1,Late Delivery,8234.87,Approved
RET01658,ORD010913,2025-11-27,CUST05505,PROD0108,1,Late Delivery,12361.97,Approved
RET01659,ORD060158,2026-06-08,CUST03266,PROD0064,2,Quality Issue,28046.84,Approved
RET01660,ORD047430,2026-04-11,CUST01932,PROD0168,1,Changed Mind,7461.76,Approved
RET01661,ORD067097,2026-03-01,CUST05423,PROD0006,1,Late Delivery,13675.14,Pending
RET01662,ORD026046,2026-04-19,CUST00796,PROD0131,2,Quality Issue,17547.38,Approved
RET01663,ORD041536,2024-11-01,CUST00782,PROD0115,1,Damaged,16930.95,Approved
RET01664,ORD014378,2026-06-01,CUST00624,PROD0150,1,Damaged,1301.37,Approved
RET01665,ORD045987,2024-11-28,CUST01631,PROD0048,1,Wrong Item,4193.34,Approved
RET01666,ORD039665,2025-04-15,CUST05561,PROD0037,1,Wrong Item,9731.05,Approved
RET01667,ORD017792,2025-01-01,CUST02164,PROD0146,2,Damaged,5759.2,Approved
RET01668,ORD000303,2025-01-29,CUST00282,PROD0021,1,Wrong Item,18499.86,Approved
RET01669,ORD030558,2025-07-29,CUST01064,PROD0173,1,Quality Issue,1727.4,Approved
RET01670,ORD041489,2024-08-28,CUST01300,PROD0020,1,Wrong Item,4124.29,Approved
RET01671,ORD009465,2024-12-29,CUST03216,PROD0067,1,Wrong Item,4228.87,Approved
RET01672,ORD074780,2026-03-18,CUST04577,PROD0089,1,Wrong Item,18354.57,Approved
RET01673,ORD063278,2025-08-01,CUST01978,PROD0010,1,Changed Mind,11772.01,Approved
RET01674,ORD028070,2024-01-09,CUST00537,PROD0019,1,Late Delivery,9684.46,Approved
RET01675,ORD041512,2025-12-21,CUST04584,PROD0054,1,Changed Mind,17939.72,Approved
RET01676,ORD031471,2024-07-11,CUST04817,PROD0138,1,Damaged,12600.9,Approved
RET01677,ORD059615,2025-10-16,CUST05286,PROD0048,2,Late Delivery,8386.68,Approved
RET01678,ORD069780,2026-04-03,CUST03674,PROD0179,1,Late Delivery,15031.47,Approved
RET01679,ORD037861,2024-08-08,CUST04064,PROD0131,1,Changed Mind,8773.69,Pending
RET01680,ORD035281,2024-12-24,CUST01774,PROD0028,1,Late Delivery,19962.64,Approved
RET01681,ORD045554,2025-08-09,CUST02450,PROD0135,1,Changed Mind,11613.45,Approved
RET01682,ORD034722,2025-02-03,CUST00141,PROD0112,1,Late Delivery,18905.22,Approved
RET01683,ORD050213,2025-11-21,CUST01241,PROD0035,1,Changed Mind,717.8,Approved
RET01684,ORD036599,2024-07-04,CUST05376,PROD0039,1,Changed Mind,759.95,Approved
RET01685,ORD071664,2025-12-16,CUST01643,PROD0014,1,Late Delivery,6922.67,Approved
RET01686,ORD034158,2024-12-19,CUST01221,PROD0099,1,Changed Mind,5204.8,Approved
RET01687,ORD036883,2026-04-09,CUST02909,PROD0047,1,Damaged,7182.73,Approved
RET01688,ORD026692,2024-11-15,CUST01913,PROD0163,1,Damaged,9897.91,Approved
RET01689,ORD004273,2025-10-19,CUST03912,PROD0066,1,Changed Mind,6135.56,Rejected
RET01690,ORD074916,2025-01-02,CUST02062,PROD0043,1,Changed Mind,18076.17,Approved
RET01691,ORD022312,2024-06-05,CUST00896,PROD0048,1,Changed Mind,4193.34,Approved
RET01692,ORD015276,2024-08-24,CUST01790,PROD0081,1,Quality Issue,255.39,Approved
RET01693,ORD001486,2025-08-02,CUST03147,PROD0095,1,Damaged,2134.17,Approved
RET01694,ORD000407,2026-04-07,CUST00320,PROD0007,1,Quality Issue,6620.23,Approved
RET01695,ORD067902,2025-11-23,CUST01303,PROD0044,1,Wrong Item,13681.96,Pending
RET01696,ORD011740,2024-08-18,CUST04210,PROD0005,1,Late Delivery,5395.83,Approved
RET01697,ORD012284,2024-03-17,CUST01065,PROD0142,1,Quality Issue,2133.87,Rejected
RET01698,ORD058391,2025-11-28,CUST03797,PROD0154,2,Changed Mind,4737.02,Pending
RET01699,ORD025909,2026-05-31,CUST05147,PROD0042,1,Damaged,19236.44,Pending
RET01700,ORD018927,2025-10-07,CUST03057,PROD0014,1,Quality Issue,6922.67,Approved
RET01701,ORD047987,2024-12-26,CUST00268,PROD0096,1,Changed Mind,2508.21,Approved
RET01702,ORD064512,2025-08-29,CUST03519,PROD0041,1,Damaged,2219.7,Approved
RET01703,ORD044877,2025-04-19,CUST00414,PROD0005,1,Damaged,5395.83,Approved
RET01704,ORD025139,2025-04-09,CUST05694,PROD0137,1,Late Delivery,2135.82,Approved
RET01705,ORD037758,2024-07-19,CUST03402,PROD0055,1,Quality Issue,832.15,Approved
RET01706,ORD030885,2025-04-15,CUST02030,PROD0067,1,Damaged,4228.87,Approved
RET01707,ORD034617,2026-06-05,CUST02356,PROD0064,1,Damaged,14023.42,Approved
RET01708,ORD019593,2025-08-07,CUST05003,PROD0004,1,Changed Mind,15906.36,Approved
RET01709,ORD061350,2024-05-10,CUST01160,PROD0167,1,Wrong Item,12170.89,Approved
RET01710,ORD061844,2026-03-30,CUST03886,PROD0033,1,Late Delivery,8818.49,Approved
RET01711,ORD001415,2024-05-27,CUST05185,PROD0054,1,Late Delivery,17939.72,Approved
RET01712,ORD023082,2025-01-12,CUST05410,PROD0072,1,Wrong Item,6813.77,Approved
RET01713,ORD054796,2025-12-28,CUST04594,PROD0144,1,Late Delivery,2257.47,Approved
RET01714,ORD058179,2024-06-12,CUST01404,PROD0067,1,Changed Mind,4228.87,Approved
RET01715,ORD001012,2025-10-08,CUST05771,PROD0018,2,Late Delivery,24972.52,Approved
RET01716,ORD051273,2025-12-14,CUST01440,PROD0116,1,Quality Issue,1812.54,Approved
RET01717,ORD031439,2025-07-20,CUST00195,PROD0076,2,Quality Issue,14895.84,Pending
RET01718,ORD022026,2024-09-24,CUST02426,PROD0111,1,Wrong Item,4589.0,Approved
RET01719,ORD008296,2026-04-03,CUST04892,PROD0034,1,Late Delivery,15512.32,Approved
RET01720,ORD071123,2025-11-14,CUST04843,PROD0151,1,Changed Mind,3808.36,Approved
RET01721,ORD011803,2024-11-27,CUST01254,PROD0173,1,Damaged,1727.4,Approved
RET01722,ORD044318,2024-09-24,CUST05374,PROD0171,1,Late Delivery,13350.31,Rejected
RET01723,ORD046186,2024-04-13,CUST05501,PROD0084,1,Quality Issue,8327.08,Approved
RET01724,ORD066333,2024-02-05,CUST00815,PROD0005,1,Wrong Item,5395.83,Approved
RET01725,ORD000599,2025-12-30,CUST03644,PROD0039,1,Late Delivery,759.95,Approved
RET01726,ORD053261,2024-06-30,CUST01915,PROD0044,1,Late Delivery,13681.96,Approved
RET01727,ORD042666,2024-12-24,CUST01468,PROD0109,1,Late Delivery,8971.66,Approved
RET01728,ORD032844,2024-10-05,CUST03286,PROD0017,1,Wrong Item,9986.93,Approved
RET01729,ORD029977,2024-06-10,CUST00710,PROD0145,2,Late Delivery,2059.06,Approved
RET01730,ORD050359,2025-10-23,CUST00214,PROD0005,1,Wrong Item,5395.83,Approved
RET01731,ORD041632,2024-09-30,CUST04215,PROD0136,1,Quality Issue,14567.99,Approved
RET01732,ORD004303,2024-10-02,CUST00701,PROD0084,1,Wrong Item,8327.08,Approved
RET01733,ORD060647,2026-06-24,CUST00434,PROD0009,1,Damaged,6992.14,Approved
RET01734,ORD052857,2025-02-10,CUST04900,PROD0071,1,Damaged,10420.29,Approved
RET01735,ORD025579,2024-08-28,CUST00342,PROD0157,1,Late Delivery,14323.08,Approved
RET01736,ORD015058,2026-02-01,CUST00689,PROD0094,1,Changed Mind,12677.35,Pending
RET01737,ORD005358,2025-12-17,CUST01499,PROD0097,2,Quality Issue,22000.08,Approved
RET01738,ORD025210,2025-10-05,CUST01742,PROD0170,1,Wrong Item,15086.92,Approved
RET01739,ORD016966,2024-07-14,CUST01775,PROD0149,1,Quality Issue,15077.01,Approved
RET01740,ORD030212,2025-10-22,CUST00142,PROD0142,1,Quality Issue,2133.87,Pending
RET01741,ORD032255,2026-03-20,CUST02306,PROD0042,1,Late Delivery,19236.44,Approved
RET01742,ORD035964,2025-03-04,CUST04672,PROD0027,2,Changed Mind,20597.3,Rejected
RET01743,ORD042858,2024-02-13,CUST01904,PROD0002,1,Late Delivery,6109.4,Pending
RET01744,ORD033129,2026-04-11,CUST04534,PROD0007,1,Wrong Item,6620.23,Approved
RET01745,ORD011103,2025-08-22,CUST01163,PROD0133,1,Damaged,12376.92,Rejected
RET01746,ORD049863,2024-06-02,CUST02378,PROD0154,1,Late Delivery,2368.51,Approved
RET01747,ORD012603,2025-09-20,CUST04761,PROD0084,1,Changed Mind,8327.08,Pending
RET01748,ORD000250,2024-11-14,CUST03908,PROD0010,2,Wrong Item,23544.02,Approved
RET01749,ORD006523,2026-01-20,CUST03516,PROD0105,1,Quality Issue,10597.29,Approved
RET01750,ORD056425,2025-06-30,CUST02182,PROD0082,1,Quality Issue,2212.72,Approved
RET01751,ORD025696,2025-09-11,CUST03517,PROD0159,1,Wrong Item,2880.2,Approved
RET01752,ORD032707,2024-08-27,CUST01393,PROD0003,2,Late Delivery,31684.14,Approved
RET01753,ORD034441,2025-02-05,CUST05970,PROD0061,1,Wrong Item,7568.74,Approved
RET01754,ORD063466,2024-10-26,CUST00070,PROD0166,1,Late Delivery,6336.84,Approved
RET01755,ORD004650,2024-06-13,CUST01372,PROD0157,1,Wrong Item,14323.08,Approved
RET01756,ORD060075,2024-02-17,CUST03135,PROD0010,2,Wrong Item,23544.02,Rejected
RET01757,ORD030283,2024-05-28,CUST03089,PROD0069,1,Changed Mind,5482.32,Approved
RET01758,ORD019546,2026-05-27,CUST01945,PROD0116,1,Wrong Item,1812.54,Approved
RET01759,ORD053824,2026-01-02,CUST03581,PROD0075,1,Changed Mind,16358.29,Approved
RET01760,ORD008657,2024-03-01,CUST03364,PROD0062,1,Changed Mind,4179.63,Approved
RET01761,ORD057219,2025-09-05,CUST01422,PROD0015,1,Damaged,18083.63,Pending
RET01762,ORD057333,2025-03-21,CUST00585,PROD0040,1,Changed Mind,7125.69,Approved
RET01763,ORD023031,2024-07-14,CUST03068,PROD0082,1,Quality Issue,2212.72,Rejected
RET01764,ORD054230,2025-04-06,CUST02964,PROD0161,1,Changed Mind,15765.29,Approved
RET01765,ORD052361,2025-08-22,CUST04580,PROD0097,1,Wrong Item,11000.04,Approved
RET01766,ORD060986,2024-08-18,CUST04690,PROD0114,1,Damaged,5547.1,Approved
RET01767,ORD028183,2025-12-21,CUST03833,PROD0023,1,Wrong Item,12094.54,Approved
RET01768,ORD000844,2024-04-03,CUST05026,PROD0167,1,Wrong Item,12170.89,Approved
RET01769,ORD044698,2024-03-06,CUST00148,PROD0024,1,Changed Mind,6673.1,Pending
RET01770,ORD060586,2026-05-28,CUST03163,PROD0056,1,Damaged,4052.4,Approved
RET01771,ORD007849,2026-01-27,CUST02637,PROD0084,1,Damaged,8327.08,Approved
RET01772,ORD017957,2024-04-18,CUST03373,PROD0151,1,Wrong Item,3808.36,Approved
RET01773,ORD050395,2024-08-01,CUST02199,PROD0049,1,Damaged,1295.82,Approved
RET01774,ORD062724,2024-09-21,CUST02934,PROD0162,1,Late Delivery,14802.17,Approved
RET01775,ORD051967,2024-09-10,CUST05264,PROD0032,2,Damaged,33154.3,Approved
RET01776,ORD034242,2026-05-02,CUST04829,PROD0047,1,Quality Issue,7182.73,Approved
RET01777,ORD037776,2024-07-25,CUST03360,PROD0158,1,Damaged,16109.18,Approved
RET01778,ORD024958,2024-10-28,CUST05085,PROD0082,1,Changed Mind,2212.72,Pending
RET01779,ORD028599,2024-03-03,CUST00703,PROD0028,1,Late Delivery,19962.64,Approved
RET01780,ORD053631,2026-01-25,CUST04275,PROD0066,1,Late Delivery,6135.56,Approved
RET01781,ORD042988,2025-07-04,CUST02703,PROD0018,1,Late Delivery,12486.26,Approved
RET01782,ORD058373,2026-02-13,CUST05105,PROD0118,2,Wrong Item,23404.78,Approved
RET01783,ORD054405,2025-10-23,CUST03102,PROD0119,1,Late Delivery,15636.32,Approved
RET01784,ORD026895,2025-01-23,CUST03821,PROD0032,1,Quality Issue,16577.15,Approved
RET01785,ORD019852,2025-03-03,CUST00159,PROD0098,2,Changed Mind,31024.7,Approved
RET01786,ORD041009,2026-06-15,CUST05421,PROD0062,1,Quality Issue,4179.63,Approved
RET01787,ORD050077,2025-11-30,CUST00031,PROD0019,1,Changed Mind,9684.46,Approved
RET01788,ORD002342,2025-10-14,CUST02528,PROD0130,1,Wrong Item,9115.86,Approved
RET01789,ORD059074,2024-11-17,CUST05847,PROD0022,1,Wrong Item,15694.57,Approved
RET01790,ORD034298,2025-01-18,CUST00388,PROD0117,1,Late Delivery,2739.8,Approved
RET01791,ORD057084,2024-09-07,CUST01516,PROD0076,1,Late Delivery,7447.92,Pending
RET01792,ORD015859,2025-12-27,CUST01297,PROD0128,1,Late Delivery,6488.56,Approved
RET01793,ORD066978,2025-11-02,CUST04239,PROD0162,1,Damaged,14802.17,Approved
RET01794,ORD030978,2025-12-11,CUST05933,PROD0038,1,Damaged,5926.22,Approved
RET01795,ORD019299,2024-10-08,CUST03860,PROD0031,1,Damaged,3348.21,Approved
RET01796,ORD023827,2025-04-11,CUST01315,PROD0048,1,Changed Mind,4193.34,Approved
RET01797,ORD065545,2024-06-01,CUST03898,PROD0042,1,Quality Issue,19236.44,Approved
RET01798,ORD069166,2025-05-26,CUST04355,PROD0180,1,Late Delivery,1990.36,Approved
RET01799,ORD019527,2025-02-25,CUST00479,PROD0131,1,Late Delivery,8773.69,Approved
RET01800,ORD024873,2026-01-04,CUST04709,PROD0086,1,Wrong Item,4398.02,Approved
RET01801,ORD074634,2025-09-22,CUST04599,PROD0047,1,Changed Mind,7182.73,Approved
RET01802,ORD067502,2024-08-18,CUST02367,PROD0105,2,Changed Mind,21194.58,Approved
RET01803,ORD072264,2026-05-14,CUST04975,PROD0056,1,Quality Issue,4052.4,Approved
RET01804,ORD003435,2025-06-14,CUST00737,PROD0070,1,Changed Mind,13770.36,Approved
RET01805,ORD024146,2025-04-17,CUST01264,PROD0080,1,Changed Mind,7106.65,Approved
RET01806,ORD014129,2026-05-26,CUST04292,PROD0004,1,Damaged,15906.36,Approved
RET01807,ORD026746,2025-02-20,CUST01446,PROD0134,1,Quality Issue,6640.83,Approved
RET01808,ORD004368,2025-10-05,CUST04170,PROD0070,1,Wrong Item,13770.36,Approved
RET01809,ORD044663,2024-03-06,CUST02718,PROD0096,1,Late Delivery,2508.21,Approved
RET01810,ORD039095,2024-06-09,CUST00128,PROD0045,1,Damaged,2884.24,Approved
RET01811,ORD074795,2025-08-12,CUST03554,PROD0036,1,Late Delivery,15593.56,Rejected
RET01812,ORD032621,2024-11-11,CUST00458,PROD0177,1,Changed Mind,6508.8,Approved
RET01813,ORD070385,2026-04-29,CUST03499,PROD0042,2,Changed Mind,38472.88,Approved
RET01814,ORD030302,2025-12-02,CUST04383,PROD0163,1,Changed Mind,9897.91,Approved
RET01815,ORD064350,2025-03-16,CUST05274,PROD0108,2,Quality Issue,24723.94,Pending
RET01816,ORD037200,2026-03-06,CUST00783,PROD0036,2,Late Delivery,31187.12,Approved
RET01817,ORD039493,2025-09-03,CUST03536,PROD0073,1,Changed Mind,8656.25,Approved
RET01818,ORD029836,2024-09-29,CUST00894,PROD0088,2,Quality Issue,30938.94,Approved
RET01819,ORD037512,2026-01-11,CUST00968,PROD0176,1,Wrong Item,12006.69,Approved
RET01820,ORD071319,2024-11-06,CUST04711,PROD0025,1,Quality Issue,5285.3,Approved
RET01821,ORD009430,2024-07-03,CUST03281,PROD0157,1,Late Delivery,14323.08,Approved
RET01822,ORD053677,2026-04-08,CUST03052,PROD0122,1,Damaged,6342.03,Approved
RET01823,ORD074608,2025-07-01,CUST05546,PROD0096,1,Changed Mind,2508.21,Approved
RET01824,ORD052158,2024-11-12,CUST04799,PROD0148,1,Quality Issue,8761.87,Rejected
RET01825,ORD014894,2024-04-15,CUST01575,PROD0110,2,Wrong Item,897.08,Approved
RET01826,ORD057638,2024-07-10,CUST01804,PROD0151,2,Quality Issue,7616.72,Approved
RET01827,ORD007483,2026-06-11,CUST04047,PROD0123,1,Damaged,10275.68,Approved
RET01828,ORD035169,2025-04-30,CUST02164,PROD0079,1,Late Delivery,5573.33,Rejected
RET01829,ORD060083,2024-01-27,CUST03437,PROD0039,1,Wrong Item,759.95,Approved
RET01830,ORD074273,2025-05-18,CUST03241,PROD0161,1,Late Delivery,15765.29,Approved
RET01831,ORD014532,2024-06-28,CUST01870,PROD0003,1,Late Delivery,15842.07,Approved
RET01832,ORD057922,2026-04-01,CUST01578,PROD0132,2,Wrong Item,7803.1,Approved
RET01833,ORD033094,2025-10-03,CUST03288,PROD0057,1,Wrong Item,9379.9,Pending
RET01834,ORD021167,2026-01-22,CUST00767,PROD0133,1,Changed Mind,12376.92,Approved
RET01835,ORD009876,2024-07-09,CUST01197,PROD0151,1,Wrong Item,3808.36,Approved
RET01836,ORD057334,2024-07-15,CUST02486,PROD0050,1,Wrong Item,7609.14,Approved
RET01837,ORD070026,2024-12-15,CUST01366,PROD0076,1,Quality Issue,7447.92,Approved
RET01838,ORD006754,2025-01-12,CUST05885,PROD0043,1,Late Delivery,18076.17,Approved
RET01839,ORD025161,2025-11-19,CUST04997,PROD0064,1,Wrong Item,14023.42,Approved
RET01840,ORD074594,2026-04-16,CUST01296,PROD0179,1,Wrong Item,15031.47,Approved
RET01841,ORD043417,2025-06-29,CUST04344,PROD0019,1,Late Delivery,9684.46,Approved
RET01842,ORD065321,2025-07-31,CUST04911,PROD0051,1,Quality Issue,7244.8,Approved
RET01843,ORD009605,2024-07-31,CUST03690,PROD0020,1,Changed Mind,4124.29,Approved
RET01844,ORD027104,2025-09-11,CUST01333,PROD0007,1,Damaged,6620.23,Approved
RET01845,ORD005703,2025-12-13,CUST03492,PROD0136,1,Late Delivery,14567.99,Approved
RET01846,ORD012335,2024-03-12,CUST02767,PROD0015,2,Late Delivery,36167.26,Approved
RET01847,ORD048498,2025-12-13,CUST01237,PROD0055,2,Changed Mind,1664.3,Approved
RET01848,ORD041123,2024-08-27,CUST03611,PROD0120,1,Late Delivery,6528.62,Approved
RET01849,ORD064357,2024-09-17,CUST02142,PROD0020,1,Changed Mind,4124.29,Approved
RET01850,ORD050592,2026-01-11,CUST00409,PROD0144,1,Wrong Item,2257.47,Approved
RET01851,ORD054402,2026-04-17,CUST01666,PROD0090,1,Quality Issue,6354.08,Approved
RET01852,ORD045432,2025-07-26,CUST04792,PROD0011,1,Quality Issue,4711.27,Approved
RET01853,ORD019410,2025-11-16,CUST01516,PROD0171,1,Quality Issue,13350.31,Approved
RET01854,ORD049417,2024-02-02,CUST03862,PROD0069,2,Wrong Item,10964.64,Approved
RET01855,ORD006440,2024-09-01,CUST01095,PROD0084,1,Late Delivery,8327.08,Approved
RET01856,ORD007506,2024-01-31,CUST00215,PROD0049,1,Wrong Item,1295.82,Approved
RET01857,ORD059972,2025-10-26,CUST03612,PROD0040,2,Damaged,14251.38,Approved
RET01858,ORD038402,2024-04-14,CUST04417,PROD0095,1,Wrong Item,2134.17,Approved
RET01859,ORD012833,2026-01-18,CUST02163,PROD0035,1,Wrong Item,717.8,Approved
RET01860,ORD003454,2025-01-27,CUST02414,PROD0125,1,Wrong Item,12200.98,Approved
RET01861,ORD043442,2025-06-16,CUST04875,PROD0080,1,Quality Issue,7106.65,Approved
RET01862,ORD024427,2026-01-30,CUST02633,PROD0179,2,Quality Issue,30062.94,Approved
RET01863,ORD043717,2025-11-23,CUST00102,PROD0087,1,Quality Issue,3396.38,Approved
RET01864,ORD017773,2025-11-27,CUST05236,PROD0096,1,Damaged,2508.21,Approved
RET01865,ORD019205,2024-01-19,CUST00160,PROD0100,1,Late Delivery,4090.74,Approved
RET01866,ORD022365,2025-10-31,CUST00656,PROD0064,1,Quality Issue,14023.42,Approved
RET01867,ORD028602,2024-02-26,CUST01437,PROD0143,1,Late Delivery,4810.17,Approved
RET01868,ORD051090,2026-03-11,CUST02460,PROD0108,2,Changed Mind,24723.94,Approved
RET01869,ORD021830,2026-05-29,CUST05592,PROD0153,1,Damaged,8234.87,Approved
RET01870,ORD049497,2025-11-22,CUST01720,PROD0178,2,Quality Issue,9245.82,Rejected
RET01871,ORD044082,2025-10-01,CUST01829,PROD0150,1,Wrong Item,1301.37,Approved
RET01872,ORD001856,2025-07-28,CUST02975,PROD0146,2,Changed Mind,5759.2,Pending
RET01873,ORD057375,2024-09-02,CUST02530,PROD0081,1,Damaged,255.39,Approved
RET01874,ORD039477,2026-03-07,CUST01294,PROD0021,1,Late Delivery,18499.86,Approved
RET01875,ORD052778,2026-06-05,CUST03793,PROD0055,1,Wrong Item,832.15,Approved
RET01876,ORD040785,2026-03-16,CUST04898,PROD0071,1,Quality Issue,10420.29,Approved
RET01877,ORD002024,2024-07-19,CUST04152,PROD0002,1,Wrong Item,6109.4,Approved
RET01878,ORD044078,2024-05-17,CUST00488,PROD0099,1,Changed Mind,5204.8,Approved
RET01879,ORD008898,2026-01-23,CUST01106,PROD0068,1,Late Delivery,14057.37,Approved
RET01880,ORD029696,2025-06-19,CUST05740,PROD0140,2,Wrong Item,32116.74,Rejected
RET01881,ORD015209,2024-07-15,CUST02423,PROD0107,1,Wrong Item,8149.76,Pending
RET01882,ORD037352,2025-01-28,CUST02743,PROD0032,2,Changed Mind,33154.3,Approved
RET01883,ORD053685,2025-10-11,CUST05439,PROD0037,2,Late Delivery,19462.1,Approved
RET01884,ORD052095,2025-11-18,CUST00796,PROD0041,1,Late Delivery,2219.7,Approved
RET01885,ORD027767,2024-12-22,CUST03421,PROD0045,1,Late Delivery,2884.24,Approved
RET01886,ORD051342,2024-06-26,CUST03938,PROD0104,1,Changed Mind,5323.97,Approved
RET01887,ORD070998,2025-08-06,CUST01552,PROD0038,1,Quality Issue,5926.22,Approved
RET01888,ORD029821,2025-07-21,CUST03453,PROD0138,1,Changed Mind,12600.9,Approved
RET01889,ORD022760,2025-04-29,CUST04440,PROD0109,1,Late Delivery,8971.66,Rejected
RET01890,ORD016727,2025-05-11,CUST00556,PROD0055,1,Damaged,832.15,Approved
RET01891,ORD015751,2025-10-30,CUST02022,PROD0175,1,Damaged,8066.73,Approved
RET01892,ORD006258,2024-08-09,CUST02330,PROD0116,2,Wrong Item,3625.08,Approved
RET01893,ORD039329,2026-02-19,CUST01458,PROD0053,1,Changed Mind,2085.37,Approved
RET01894,ORD037070,2026-05-06,CUST00342,PROD0043,1,Changed Mind,18076.17,Approved
RET01895,ORD067560,2026-01-01,CUST02430,PROD0174,1,Damaged,2332.87,Approved
RET01896,ORD005673,2026-05-14,CUST02733,PROD0136,1,Wrong Item,14567.99,Approved
RET01897,ORD010099,2024-02-02,CUST02320,PROD0002,1,Damaged,6109.4,Approved
RET01898,ORD066943,2025-12-28,CUST05243,PROD0070,1,Wrong Item,13770.36,Approved
RET01899,ORD069085,2024-06-28,CUST03650,PROD0159,1,Late Delivery,2880.2,Approved
RET01900,ORD002643,2025-02-17,CUST04471,PROD0020,1,Quality Issue,4124.29,Approved
RET01901,ORD050035,2024-10-20,CUST05374,PROD0016,1,Damaged,5085.97,Approved
RET01902,ORD071703,2024-03-30,CUST04999,PROD0158,1,Quality Issue,16109.18,Approved
RET01903,ORD068760,2025-06-17,CUST04579,PROD0059,1,Changed Mind,4032.23,Rejected
RET01904,ORD030819,2024-04-14,CUST05820,PROD0035,1,Changed Mind,717.8,Approved
RET01905,ORD071373,2024-08-01,CUST02248,PROD0128,1,Damaged,6488.56,Approved
RET01906,ORD036240,2025-04-28,CUST03866,PROD0041,1,Changed Mind,2219.7,Approved
RET01907,ORD055453,2024-04-29,CUST00228,PROD0164,1,Damaged,15495.6,Approved
RET01908,ORD011346,2025-03-24,CUST01324,PROD0090,1,Damaged,6354.08,Approved
RET01909,ORD007949,2025-11-09,CUST05325,PROD0025,1,Quality Issue,5285.3,Approved
RET01910,ORD011241,2025-09-16,CUST00624,PROD0086,1,Wrong Item,4398.02,Rejected
RET01911,ORD054808,2024-01-15,CUST04057,PROD0145,1,Damaged,1029.53,Approved
RET01912,ORD064059,2025-08-12,CUST04148,PROD0105,1,Late Delivery,10597.29,Approved
RET01913,ORD036450,2026-04-05,CUST02042,PROD0135,1,Damaged,11613.45,Pending
RET01914,ORD018066,2026-01-14,CUST02425,PROD0021,1,Damaged,18499.86,Approved
RET01915,ORD007604,2025-01-05,CUST03082,PROD0106,1,Late Delivery,4279.13,Approved
RET01916,ORD011003,2024-11-18,CUST04161,PROD0106,1,Quality Issue,4279.13,Approved
RET01917,ORD010574,2026-04-19,CUST02069,PROD0052,1,Wrong Item,16337.81,Approved
RET01918,ORD072508,2024-09-11,CUST01030,PROD0039,1,Wrong Item,759.95,Approved
RET01919,ORD028732,2025-08-21,CUST02114,PROD0174,2,Changed Mind,4665.74,Approved
RET01920,ORD026122,2024-08-05,CUST03244,PROD0033,1,Changed Mind,8818.49,Approved
RET01921,ORD055532,2025-12-09,CUST03399,PROD0018,2,Late Delivery,24972.52,Approved
RET01922,ORD071930,2025-04-12,CUST01887,PROD0058,1,Changed Mind,2824.28,Approved
RET01923,ORD045606,2024-10-29,CUST04927,PROD0073,1,Changed Mind,8656.25,Approved
RET01924,ORD018786,2025-07-29,CUST00818,PROD0025,1,Late Delivery,5285.3,Approved
RET01925,ORD003326,2024-07-20,CUST01655,PROD0078,1,Changed Mind,11816.08,Approved
RET01926,ORD055804,2024-07-26,CUST00362,PROD0035,2,Damaged,1435.6,Approved
RET01927,ORD014380,2024-07-04,CUST04675,PROD0016,2,Quality Issue,10171.94,Approved
RET01928,ORD047961,2024-07-13,CUST00372,PROD0024,1,Damaged,6673.1,Rejected
RET01929,ORD059114,2026-01-03,CUST00724,PROD0021,1,Quality Issue,18499.86,Approved
RET01930,ORD007335,2025-07-25,CUST03813,PROD0140,1,Damaged,16058.37,Approved
RET01931,ORD060131,2024-04-08,CUST03605,PROD0111,1,Changed Mind,4589.0,Rejected
RET01932,ORD047017,2025-07-08,CUST02204,PROD0109,2,Changed Mind,17943.32,Approved
RET01933,ORD030793,2024-04-22,CUST01946,PROD0024,1,Changed Mind,6673.1,Approved
RET01934,ORD018294,2024-07-26,CUST02191,PROD0113,1,Changed Mind,14425.18,Approved
RET01935,ORD068343,2024-08-26,CUST02921,PROD0108,1,Changed Mind,12361.97,Approved
RET01936,ORD011053,2025-11-17,CUST03491,PROD0073,1,Damaged,8656.25,Approved
RET01937,ORD042680,2026-03-01,CUST05351,PROD0055,1,Quality Issue,832.15,Approved
RET01938,ORD018758,2025-06-15,CUST00474,PROD0092,1,Late Delivery,3069.95,Approved
RET01939,ORD043575,2025-10-14,CUST00212,PROD0018,1,Damaged,12486.26,Approved
RET01940,ORD055914,2025-07-14,CUST02979,PROD0060,1,Late Delivery,15188.92,Approved
RET01941,ORD023962,2025-03-23,CUST02196,PROD0154,2,Changed Mind,4737.02,Approved
RET01942,ORD026618,2026-06-22,CUST01328,PROD0067,1,Wrong Item,4228.87,Approved
RET01943,ORD007357,2024-12-12,CUST04536,PROD0069,1,Changed Mind,5482.32,Approved
RET01944,ORD062870,2025-05-28,CUST03800,PROD0083,1,Wrong Item,13634.93,Approved
RET01945,ORD020999,2024-06-22,CUST02919,PROD0025,2,Quality Issue,10570.6,Rejected
RET01946,ORD020965,2024-12-01,CUST04405,PROD0054,2,Late Delivery,35879.44,Approved
RET01947,ORD026433,2026-07-05,CUST04348,PROD0085,1,Wrong Item,7374.91,Pending
RET01948,ORD074705,2026-05-02,CUST05518,PROD0096,1,Quality Issue,2508.21,Pending
RET01949,ORD044232,2024-01-14,CUST01347,PROD0092,1,Damaged,3069.95,Approved
RET01950,ORD069070,2024-11-21,CUST01781,PROD0143,2,Quality Issue,9620.34,Approved
RET01951,ORD029652,2024-09-29,CUST04920,PROD0126,1,Quality Issue,11737.65,Approved
RET01952,ORD051508,2025-08-24,CUST01931,PROD0124,1,Wrong Item,10142.95,Approved
RET01953,ORD014934,2025-03-21,CUST01215,PROD0060,1,Changed Mind,15188.92,Approved
RET01954,ORD057199,2026-05-29,CUST04210,PROD0145,1,Wrong Item,1029.53,Approved
RET01955,ORD007911,2025-05-01,CUST04557,PROD0072,1,Wrong Item,6813.77,Approved
RET01956,ORD009877,2025-12-26,CUST02841,PROD0029,1,Changed Mind,13777.49,Approved
RET01957,ORD037646,2024-02-01,CUST05265,PROD0085,1,Quality Issue,7374.91,Approved
RET01958,ORD054664,2024-08-31,CUST01859,PROD0100,1,Late Delivery,4090.74,Approved
RET01959,ORD029523,2024-01-25,CUST03351,PROD0082,1,Changed Mind,2212.72,Approved
RET01960,ORD037785,2024-06-24,CUST03338,PROD0114,1,Late Delivery,5547.1,Rejected
RET01961,ORD039567,2025-09-05,CUST00991,PROD0033,1,Quality Issue,8818.49,Approved
RET01962,ORD010147,2024-04-19,CUST04484,PROD0024,1,Changed Mind,6673.1,Approved
RET01963,ORD019156,2025-11-14,CUST00268,PROD0006,1,Quality Issue,13675.14,Approved
RET01964,ORD067018,2025-03-27,CUST04703,PROD0069,1,Late Delivery,5482.32,Approved
RET01965,ORD044924,2024-08-19,CUST03669,PROD0028,1,Late Delivery,19962.64,Approved
RET01966,ORD010828,2026-03-03,CUST03248,PROD0023,2,Late Delivery,24189.08,Approved
RET01967,ORD067295,2024-11-30,CUST04255,PROD0061,1,Changed Mind,7568.74,Approved
RET01968,ORD005142,2024-03-05,CUST02565,PROD0102,1,Wrong Item,5276.76,Approved
RET01969,ORD072888,2024-06-19,CUST03168,PROD0043,1,Late Delivery,18076.17,Approved
RET01970,ORD023682,2026-02-24,CUST02975,PROD0010,1,Late Delivery,11772.01,Approved
RET01971,ORD068395,2025-12-25,CUST01413,PROD0045,1,Late Delivery,2884.24,Rejected
RET01972,ORD005294,2024-12-29,CUST02639,PROD0007,1,Quality Issue,6620.23,Rejected
RET01973,ORD074624,2025-06-12,CUST03352,PROD0123,2,Late Delivery,20551.36,Approved
RET01974,ORD052018,2024-08-13,CUST05522,PROD0179,1,Late Delivery,15031.47,Approved
RET01975,ORD036121,2026-04-12,CUST00577,PROD0144,1,Damaged,2257.47,Approved
RET01976,ORD022991,2025-03-22,CUST01812,PROD0058,1,Damaged,2824.28,Approved
RET01977,ORD071409,2024-01-26,CUST03046,PROD0063,1,Damaged,4222.04,Approved
RET01978,ORD010321,2024-05-07,CUST05591,PROD0136,1,Damaged,14567.99,Pending
RET01979,ORD063442,2025-05-06,CUST00484,PROD0021,1,Quality Issue,18499.86,Approved
RET01980,ORD041855,2025-11-02,CUST02692,PROD0105,1,Wrong Item,10597.29,Approved
RET01981,ORD036882,2025-10-24,CUST01744,PROD0034,1,Damaged,15512.32,Approved
RET01982,ORD004396,2025-09-19,CUST01034,PROD0035,1,Damaged,717.8,Approved
RET01983,ORD043361,2026-06-21,CUST04338,PROD0116,1,Late Delivery,1812.54,Approved
RET01984,ORD059765,2024-07-28,CUST05177,PROD0100,1,Damaged,4090.74,Approved
RET01985,ORD059645,2025-01-17,CUST00197,PROD0153,1,Late Delivery,8234.87,Approved
RET01986,ORD008419,2024-10-13,CUST02746,PROD0138,2,Changed Mind,25201.8,Approved
RET01987,ORD039649,2026-03-08,CUST03739,PROD0081,1,Quality Issue,255.39,Approved
RET01988,ORD064473,2025-11-13,CUST00492,PROD0095,2,Changed Mind,4268.34,Approved
RET01989,ORD056427,2026-07-03,CUST02556,PROD0034,1,Damaged,15512.32,Rejected
RET01990,ORD002169,2024-07-11,CUST02786,PROD0141,1,Late Delivery,1258.64,Approved
RET01991,ORD003839,2024-06-09,CUST05438,PROD0018,1,Changed Mind,12486.26,Approved
RET01992,ORD013701,2024-06-04,CUST00219,PROD0036,1,Late Delivery,15593.56,Approved
RET01993,ORD014556,2024-08-23,CUST03664,PROD0063,1,Changed Mind,4222.04,Approved
RET01994,ORD034023,2026-05-14,CUST01323,PROD0138,1,Damaged,12600.9,Approved
RET01995,ORD056934,2024-11-18,CUST03081,PROD0097,1,Wrong Item,11000.04,Approved
RET01996,ORD067160,2025-10-27,CUST05684,PROD0171,1,Late Delivery,13350.31,Approved
RET01997,ORD036997,2026-03-09,CUST05650,PROD0032,1,Damaged,16577.15,Pending
RET01998,ORD027362,2026-06-12,CUST05885,PROD0092,1,Wrong Item,3069.95,Approved
RET01999,ORD050957,2025-09-03,CUST00751,PROD0099,1,Damaged,5204.8,Approved
RET02000,ORD037570,2026-02-27,CUST01815,PROD0010,1,Damaged,11772.01,Approved
RET02001,ORD050461,2025-04-08,CUST02502,PROD0170,1,Quality Issue,15086.92,Approved
RET02002,ORD071261,2024-03-16,CUST01588,PROD0029,1,Quality Issue,13777.49,Approved
RET02003,ORD066099,2026-04-03,CUST05882,PROD0154,1,Quality Issue,2368.51,Pending
RET02004,ORD021642,2026-05-30,CUST00350,PROD0107,1,Quality Issue,8149.76,Approved
RET02005,ORD000148,2024-03-28,CUST01491,PROD0073,1,Changed Mind,8656.25,Approved
RET02006,ORD029938,2024-06-10,CUST01621,PROD0095,1,Late Delivery,2134.17,Approved
RET02007,ORD055706,2025-08-23,CUST01097,PROD0164,1,Changed Mind,15495.6,Approved
RET02008,ORD074520,2025-07-25,CUST05901,PROD0035,2,Damaged,1435.6,Approved
RET02009,ORD062701,2025-04-03,CUST05523,PROD0151,2,Damaged,7616.72,Approved
RET02010,ORD067666,2025-08-18,CUST01104,PROD0080,1,Damaged,7106.65,Approved
RET02011,ORD010968,2025-04-28,CUST05834,PROD0082,1,Changed Mind,2212.72,Approved
RET02012,ORD022413,2026-04-16,CUST01373,PROD0153,1,Quality Issue,8234.87,Approved
RET02013,ORD072296,2026-03-13,CUST00360,PROD0169,1,Damaged,6354.88,Approved
RET02014,ORD064397,2025-02-05,CUST04065,PROD0077,1,Quality Issue,1021.47,Pending
RET02015,ORD037527,2024-12-12,CUST05828,PROD0145,1,Quality Issue,1029.53,Approved
RET02016,ORD005946,2026-02-04,CUST04129,PROD0001,2,Quality Issue,24002.6,Approved
RET02017,ORD022069,2025-10-31,CUST05554,PROD0138,1,Changed Mind,12600.9,Pending
RET02018,ORD072883,2026-03-28,CUST02415,PROD0147,1,Changed Mind,5213.69,Approved
RET02019,ORD033205,2025-11-21,CUST01194,PROD0049,1,Changed Mind,1295.82,Rejected
RET02020,ORD020552,2025-06-13,CUST03705,PROD0179,1,Quality Issue,15031.47,Approved
RET02021,ORD061988,2025-06-28,CUST01154,PROD0023,1,Damaged,12094.54,Approved
RET02022,ORD027292,2024-08-13,CUST05937,PROD0027,1,Quality Issue,10298.65,Approved
RET02023,ORD069979,2024-09-24,CUST03982,PROD0028,2,Damaged,39925.28,Approved
RET02024,ORD054904,2024-01-08,CUST05200,PROD0030,1,Late Delivery,10355.74,Approved
RET02025,ORD033861,2025-12-01,CUST05580,PROD0147,1,Wrong Item,5213.69,Approved
RET02026,ORD067416,2024-05-27,CUST01321,PROD0054,1,Late Delivery,17939.72,Approved
RET02027,ORD033616,2026-04-29,CUST03246,PROD0090,1,Wrong Item,6354.08,Approved
RET02028,ORD034356,2026-04-22,CUST03453,PROD0156,1,Late Delivery,891.52,Approved
RET02029,ORD052302,2026-04-06,CUST05581,PROD0043,1,Damaged,18076.17,Approved
RET02030,ORD036572,2024-12-03,CUST00020,PROD0135,1,Late Delivery,11613.45,Approved
RET02031,ORD032778,2025-06-14,CUST01926,PROD0144,1,Late Delivery,2257.47,Approved
RET02032,ORD048971,2025-07-12,CUST05777,PROD0029,1,Changed Mind,13777.49,Approved
RET02033,ORD065467,2024-04-07,CUST01735,PROD0032,1,Late Delivery,16577.15,Approved
RET02034,ORD049873,2024-05-05,CUST03053,PROD0071,2,Changed Mind,20840.58,Approved
RET02035,ORD068123,2024-02-27,CUST01284,PROD0163,1,Quality Issue,9897.91,Approved
RET02036,ORD004762,2026-04-05,CUST03768,PROD0023,1,Wrong Item,12094.54,Approved
RET02037,ORD025483,2026-04-01,CUST05229,PROD0048,1,Damaged,4193.34,Approved
RET02038,ORD041247,2026-01-21,CUST02570,PROD0126,1,Late Delivery,11737.65,Approved
RET02039,ORD021611,2026-07-02,CUST03480,PROD0089,1,Wrong Item,18354.57,Approved
RET02040,ORD016967,2025-08-01,CUST04823,PROD0099,1,Late Delivery,5204.8,Approved
RET02041,ORD043927,2024-01-16,CUST04741,PROD0040,1,Changed Mind,7125.69,Approved
RET02042,ORD050056,2026-04-20,CUST03154,PROD0008,1,Quality Issue,8891.61,Approved
RET02043,ORD037666,2024-06-27,CUST00217,PROD0065,1,Damaged,4366.12,Approved
RET02044,ORD024828,2024-07-03,CUST05307,PROD0160,1,Changed Mind,9056.08,Approved
RET02045,ORD047736,2026-05-12,CUST02035,PROD0154,1,Wrong Item,2368.51,Approved
RET02046,ORD018409,2026-03-02,CUST05891,PROD0015,1,Damaged,18083.63,Approved
RET02047,ORD041182,2024-08-11,CUST01679,PROD0129,1,Wrong Item,5163.83,Approved
RET02048,ORD019964,2025-11-13,CUST00919,PROD0096,1,Late Delivery,2508.21,Approved
RET02049,ORD034400,2025-06-11,CUST02535,PROD0056,1,Damaged,4052.4,Rejected
RET02050,ORD028019,2025-09-02,CUST03107,PROD0041,1,Quality Issue,2219.7,Approved
RET02051,ORD046926,2026-01-26,CUST00900,PROD0082,1,Wrong Item,2212.72,Approved
RET02052,ORD035091,2026-05-08,CUST03152,PROD0008,1,Damaged,8891.61,Approved
RET02053,ORD010898,2025-12-03,CUST05459,PROD0142,1,Late Delivery,2133.87,Approved
RET02054,ORD024206,2024-05-03,CUST00618,PROD0161,1,Quality Issue,15765.29,Pending
RET02055,ORD074620,2025-05-08,CUST04045,PROD0054,1,Damaged,17939.72,Approved
RET02056,ORD035382,2024-07-17,CUST01525,PROD0141,1,Late Delivery,1258.64,Approved
RET02057,ORD015689,2024-09-20,CUST00372,PROD0098,2,Wrong Item,31024.7,Approved
RET02058,ORD043619,2024-05-26,CUST04723,PROD0067,1,Changed Mind,4228.87,Pending
RET02059,ORD061744,2024-10-18,CUST05411,PROD0106,2,Changed Mind,8558.26,Approved
RET02060,ORD039200,2026-06-25,CUST05956,PROD0103,1,Late Delivery,7340.57,Approved
RET02061,ORD064907,2025-09-01,CUST03262,PROD0131,1,Damaged,8773.69,Approved
RET02062,ORD039890,2025-03-21,CUST02443,PROD0066,1,Wrong Item,6135.56,Pending
RET02063,ORD029121,2025-07-05,CUST03773,PROD0084,1,Wrong Item,8327.08,Approved
RET02064,ORD046563,2025-03-21,CUST01297,PROD0128,1,Quality Issue,6488.56,Approved
RET02065,ORD011013,2024-05-29,CUST00603,PROD0111,1,Late Delivery,4589.0,Approved
RET02066,ORD061594,2025-01-28,CUST01730,PROD0066,2,Changed Mind,12271.12,Approved
RET02067,ORD052648,2024-07-29,CUST02113,PROD0176,1,Late Delivery,12006.69,Approved
RET02068,ORD031934,2024-07-02,CUST01433,PROD0076,1,Quality Issue,7447.92,Approved
RET02069,ORD047255,2026-01-03,CUST01259,PROD0136,1,Late Delivery,14567.99,Approved
RET02070,ORD071542,2025-07-03,CUST00762,PROD0036,1,Quality Issue,15593.56,Pending
RET02071,ORD032914,2024-06-17,CUST02773,PROD0100,1,Late Delivery,4090.74,Approved
RET02072,ORD009918,2025-12-18,CUST01298,PROD0130,1,Damaged,9115.86,Approved
RET02073,ORD010125,2024-08-14,CUST02237,PROD0172,2,Quality Issue,27224.1,Pending
RET02074,ORD068982,2025-04-29,CUST02199,PROD0036,1,Damaged,15593.56,Approved
RET02075,ORD038102,2025-07-13,CUST00563,PROD0026,2,Changed Mind,24052.38,Approved
RET02076,ORD017095,2024-12-01,CUST03755,PROD0072,1,Damaged,6813.77,Rejected
RET02077,ORD050358,2024-07-05,CUST00923,PROD0177,1,Changed Mind,6508.8,Approved
RET02078,ORD009857,2024-08-31,CUST05748,PROD0017,2,Quality Issue,19973.86,Approved
RET02079,ORD066703,2025-08-09,CUST04447,PROD0117,1,Damaged,2739.8,Approved
RET02080,ORD028824,2025-04-20,CUST04986,PROD0041,1,Changed Mind,2219.7,Approved
RET02081,ORD045421,2024-12-11,CUST04521,PROD0090,1,Damaged,6354.08,Approved
RET02082,ORD001679,2024-07-26,CUST01655,PROD0121,1,Late Delivery,15732.26,Pending
RET02083,ORD026265,2025-03-20,CUST05313,PROD0037,1,Changed Mind,9731.05,Approved
RET02084,ORD004850,2025-04-06,CUST04550,PROD0017,1,Changed Mind,9986.93,Approved
RET02085,ORD049051,2025-03-18,CUST03940,PROD0095,1,Changed Mind,2134.17,Approved
RET02086,ORD041947,2024-02-05,CUST03149,PROD0099,1,Wrong Item,5204.8,Approved
RET02087,ORD013562,2025-01-21,CUST05871,PROD0115,1,Wrong Item,16930.95,Approved
RET02088,ORD029952,2024-10-02,CUST02379,PROD0041,1,Quality Issue,2219.7,Approved
RET02089,ORD036703,2024-09-12,CUST03713,PROD0123,1,Late Delivery,10275.68,Approved
RET02090,ORD028040,2025-08-31,CUST00998,PROD0168,1,Wrong Item,7461.76,Pending
RET02091,ORD070374,2025-09-06,CUST01937,PROD0147,1,Damaged,5213.69,Approved
RET02092,ORD036346,2024-07-04,CUST02202,PROD0144,1,Damaged,2257.47,Pending
RET02093,ORD061936,2024-10-30,CUST02336,PROD0142,1,Late Delivery,2133.87,Approved
RET02094,ORD067823,2024-12-09,CUST04632,PROD0131,1,Late Delivery,8773.69,Approved
RET02095,ORD064740,2024-02-25,CUST04506,PROD0147,1,Quality Issue,5213.69,Pending
RET02096,ORD007479,2024-12-28,CUST03112,PROD0077,1,Changed Mind,1021.47,Approved
RET02097,ORD031390,2026-06-17,CUST00637,PROD0024,2,Late Delivery,13346.2,Approved
RET02098,ORD015173,2024-10-21,CUST05466,PROD0156,2,Damaged,1783.04,Approved
RET02099,ORD047789,2024-07-03,CUST02531,PROD0065,1,Quality Issue,4366.12,Approved
RET02100,ORD005869,2025-01-04,CUST00721,PROD0092,1,Late Delivery,3069.95,Approved
RET02101,ORD040773,2024-11-24,CUST01410,PROD0041,2,Changed Mind,4439.4,Approved
RET02102,ORD012520,2024-09-17,CUST03815,PROD0098,1,Changed Mind,15512.35,Approved
RET02103,ORD038703,2025-12-14,CUST02042,PROD0084,1,Damaged,8327.08,Approved
RET02104,ORD035503,2025-10-27,CUST03977,PROD0026,1,Changed Mind,12026.19,Approved
RET02105,ORD018129,2025-05-08,CUST04036,PROD0040,1,Wrong Item,7125.69,Approved
RET02106,ORD000384,2024-06-23,CUST03066,PROD0058,2,Damaged,5648.56,Rejected
RET02107,ORD030266,2025-10-25,CUST00833,PROD0118,1,Damaged,11702.39,Pending
RET02108,ORD001657,2025-07-23,CUST01992,PROD0035,1,Wrong Item,717.8,Approved
RET02109,ORD063845,2024-06-26,CUST05181,PROD0065,1,Wrong Item,4366.12,Approved
RET02110,ORD071767,2026-02-16,CUST03659,PROD0133,1,Wrong Item,12376.92,Approved
RET02111,ORD000674,2024-02-04,CUST04373,PROD0023,2,Changed Mind,24189.08,Approved
RET02112,ORD034936,2024-09-03,CUST01742,PROD0004,1,Late Delivery,15906.36,Approved
RET02113,ORD058410,2024-02-06,CUST04608,PROD0140,1,Changed Mind,16058.37,Approved
RET02114,ORD066530,2026-06-29,CUST00074,PROD0119,1,Late Delivery,15636.32,Approved
RET02115,ORD011709,2024-11-03,CUST01063,PROD0019,1,Late Delivery,9684.46,Approved
RET02116,ORD060337,2026-04-12,CUST04938,PROD0028,1,Changed Mind,19962.64,Approved
RET02117,ORD067894,2024-02-15,CUST01417,PROD0044,1,Late Delivery,13681.96,Approved
RET02118,ORD001166,2024-03-27,CUST04740,PROD0060,1,Quality Issue,15188.92,Approved
RET02119,ORD052031,2024-12-15,CUST02940,PROD0004,1,Late Delivery,15906.36,Pending
RET02120,ORD035617,2025-05-24,CUST05103,PROD0068,1,Quality Issue,14057.37,Rejected
RET02121,ORD020016,2024-03-31,CUST00644,PROD0160,2,Damaged,18112.16,Approved
RET02122,ORD043033,2025-08-31,CUST02492,PROD0111,1,Quality Issue,4589.0,Approved
RET02123,ORD029907,2025-04-05,CUST00318,PROD0043,2,Changed Mind,36152.34,Approved
RET02124,ORD002162,2025-04-07,CUST05045,PROD0154,2,Damaged,4737.02,Pending
RET02125,ORD016594,2024-10-16,CUST05911,PROD0039,1,Changed Mind,759.95,Approved
RET02126,ORD001108,2025-01-31,CUST00292,PROD0172,1,Quality Issue,13612.05,Approved
RET02127,ORD058073,2024-12-23,CUST05987,PROD0025,1,Wrong Item,5285.3,Approved
RET02128,ORD030830,2024-09-18,CUST05193,PROD0149,1,Wrong Item,15077.01,Approved
RET02129,ORD043591,2026-02-01,CUST00364,PROD0041,1,Wrong Item,2219.7,Approved
RET02130,ORD023900,2026-06-03,CUST02945,PROD0164,1,Wrong Item,15495.6,Approved
RET02131,ORD011469,2026-01-01,CUST00875,PROD0104,1,Quality Issue,5323.97,Approved
RET02132,ORD034204,2026-05-30,CUST02054,PROD0023,1,Late Delivery,12094.54,Approved
RET02133,ORD029391,2024-06-06,CUST02350,PROD0162,1,Quality Issue,14802.17,Approved
RET02134,ORD028267,2025-06-26,CUST00609,PROD0097,1,Changed Mind,11000.04,Approved
RET02135,ORD003567,2024-06-24,CUST01685,PROD0033,1,Wrong Item,8818.49,Approved
RET02136,ORD035873,2026-02-21,CUST03986,PROD0053,1,Damaged,2085.37,Approved
RET02137,ORD034742,2024-11-17,CUST03617,PROD0155,1,Quality Issue,2796.83,Approved
RET02138,ORD042682,2024-08-21,CUST04964,PROD0078,1,Quality Issue,11816.08,Approved
RET02139,ORD008214,2025-07-24,CUST04916,PROD0141,1,Changed Mind,1258.64,Rejected
RET02140,ORD045365,2026-05-11,CUST01752,PROD0101,1,Late Delivery,12071.69,Approved
RET02141,ORD010240,2024-01-18,CUST04165,PROD0173,1,Quality Issue,1727.4,Approved
RET02142,ORD067751,2024-09-24,CUST01955,PROD0048,1,Quality Issue,4193.34,Approved
RET02143,ORD055912,2024-03-15,CUST04809,PROD0150,1,Quality Issue,1301.37,Approved
RET02144,ORD008293,2025-12-12,CUST02485,PROD0091,1,Quality Issue,2345.0,Approved
RET02145,ORD039065,2024-05-01,CUST02297,PROD0017,1,Wrong Item,9986.93,Approved
RET02146,ORD072914,2025-05-07,CUST00296,PROD0017,1,Quality Issue,9986.93,Approved
RET02147,ORD051803,2024-01-13,CUST02474,PROD0031,1,Late Delivery,3348.21,Approved
RET02148,ORD037245,2024-07-25,CUST04636,PROD0028,1,Changed Mind,19962.64,Approved
RET02149,ORD017787,2026-05-10,CUST01324,PROD0121,1,Wrong Item,15732.26,Approved
RET02150,ORD028767,2024-09-01,CUST01140,PROD0020,1,Late Delivery,4124.29,Approved
RET02151,ORD025133,2026-04-17,CUST05483,PROD0157,2,Late Delivery,28646.16,Approved
RET02152,ORD012431,2024-05-22,CUST03156,PROD0128,1,Changed Mind,6488.56,Approved
RET02153,ORD020578,2024-04-29,CUST02855,PROD0087,1,Wrong Item,3396.38,Approved
RET02154,ORD039864,2025-01-22,CUST03015,PROD0136,1,Late Delivery,14567.99,Approved
RET02155,ORD000089,2024-10-28,CUST02179,PROD0126,1,Damaged,11737.65,Approved
RET02156,ORD020739,2025-10-30,CUST05453,PROD0008,1,Quality Issue,8891.61,Approved
RET02157,ORD022354,2025-04-20,CUST04189,PROD0057,1,Late Delivery,9379.9,Approved
RET02158,ORD027824,2025-01-20,CUST01809,PROD0140,1,Quality Issue,16058.37,Approved
RET02159,ORD031629,2025-01-29,CUST02301,PROD0156,1,Changed Mind,891.52,Approved
RET02160,ORD011196,2026-01-01,CUST01593,PROD0067,2,Wrong Item,8457.74,Pending
RET02161,ORD045457,2025-05-03,CUST05384,PROD0075,2,Changed Mind,32716.58,Rejected
RET02162,ORD016017,2024-06-22,CUST00566,PROD0123,2,Late Delivery,20551.36,Approved
RET02163,ORD004143,2024-10-08,CUST01509,PROD0087,1,Late Delivery,3396.38,Approved
RET02164,ORD035855,2024-11-20,CUST00195,PROD0030,2,Changed Mind,20711.48,Approved
RET02165,ORD012861,2024-11-08,CUST05822,PROD0036,1,Late Delivery,15593.56,Approved
RET02166,ORD062383,2024-02-07,CUST03192,PROD0096,1,Damaged,2508.21,Approved
RET02167,ORD022967,2025-03-29,CUST00410,PROD0130,1,Quality Issue,9115.86,Approved
RET02168,ORD002543,2025-08-19,CUST01230,PROD0061,1,Late Delivery,7568.74,Approved
RET02169,ORD023287,2025-12-21,CUST02839,PROD0070,1,Changed Mind,13770.36,Pending
RET02170,ORD040655,2024-10-07,CUST01080,PROD0116,1,Quality Issue,1812.54,Approved
RET02171,ORD025903,2024-05-05,CUST02893,PROD0006,2,Damaged,27350.28,Approved
RET02172,ORD022297,2026-04-12,CUST03234,PROD0054,1,Changed Mind,17939.72,Approved
RET02173,ORD021007,2024-12-23,CUST01508,PROD0116,1,Damaged,1812.54,Approved
RET02174,ORD005748,2024-09-01,CUST02425,PROD0103,1,Quality Issue,7340.57,Approved
RET02175,ORD024309,2024-05-29,CUST03201,PROD0148,1,Quality Issue,8761.87,Approved
RET02176,ORD029543,2026-02-10,CUST02756,PROD0120,1,Late Delivery,6528.62,Pending
RET02177,ORD028726,2024-11-12,CUST04648,PROD0119,2,Quality Issue,31272.64,Approved
RET02178,ORD042523,2026-03-23,CUST02834,PROD0002,2,Late Delivery,12218.8,Approved
RET02179,ORD044869,2024-04-20,CUST05088,PROD0077,1,Wrong Item,1021.47,Approved
RET02180,ORD017817,2024-06-02,CUST03335,PROD0075,1,Changed Mind,16358.29,Approved
RET02181,ORD004239,2025-12-18,CUST03875,PROD0007,1,Late Delivery,6620.23,Approved
RET02182,ORD073876,2024-09-09,CUST05542,PROD0180,1,Damaged,1990.36,Pending
RET02183,ORD037606,2024-01-24,CUST00250,PROD0028,1,Damaged,19962.64,Approved
RET02184,ORD069091,2026-02-24,CUST04840,PROD0146,1,Changed Mind,2879.6,Approved
RET02185,ORD035081,2025-10-11,CUST03731,PROD0081,2,Quality Issue,510.78,Approved
RET02186,ORD031722,2025-12-14,CUST05549,PROD0081,2,Quality Issue,510.78,Approved
RET02187,ORD028117,2025-06-08,CUST01139,PROD0015,1,Changed Mind,18083.63,Approved
RET02188,ORD004477,2025-08-02,CUST01823,PROD0093,1,Wrong Item,13725.41,Approved
RET02189,ORD063291,2025-05-27,CUST01843,PROD0012,2,Quality Issue,665.94,Approved
RET02190,ORD074899,2026-01-26,CUST05955,PROD0173,1,Damaged,1727.4,Pending
RET02191,ORD022043,2025-11-23,CUST04164,PROD0049,1,Changed Mind,1295.82,Approved
RET02192,ORD037622,2025-07-04,CUST05391,PROD0032,1,Damaged,16577.15,Approved
RET02193,ORD003275,2024-05-30,CUST05290,PROD0036,1,Quality Issue,15593.56,Approved
RET02194,ORD047964,2025-05-09,CUST02857,PROD0120,1,Late Delivery,6528.62,Approved
RET02195,ORD052248,2024-07-05,CUST05707,PROD0077,1,Late Delivery,1021.47,Approved
RET02196,ORD059368,2026-04-15,CUST03955,PROD0175,1,Damaged,8066.73,Approved
RET02197,ORD004199,2025-09-10,CUST04365,PROD0041,1,Changed Mind,2219.7,Approved
RET02198,ORD057949,2024-05-07,CUST01538,PROD0078,2,Damaged,23632.16,Approved
RET02199,ORD066761,2025-08-17,CUST01590,PROD0010,1,Quality Issue,11772.01,Pending
RET02200,ORD028498,2025-05-01,CUST05710,PROD0124,1,Wrong Item,10142.95,Approved
RET02201,ORD002266,2025-09-09,CUST01988,PROD0064,1,Wrong Item,14023.42,Approved
RET02202,ORD038717,2026-03-28,CUST02638,PROD0106,2,Damaged,8558.26,Rejected
RET02203,ORD022784,2024-02-05,CUST02835,PROD0174,1,Wrong Item,2332.87,Approved
RET02204,ORD065011,2025-03-17,CUST01686,PROD0096,2,Changed Mind,5016.42,Approved
RET02205,ORD052454,2024-01-21,CUST03871,PROD0140,1,Changed Mind,16058.37,Approved
RET02206,ORD024001,2024-02-22,CUST03985,PROD0038,2,Quality Issue,11852.44,Pending
RET02207,ORD061326,2025-09-14,CUST00562,PROD0021,2,Wrong Item,36999.72,Approved
RET02208,ORD019760,2025-05-17,CUST05569,PROD0058,1,Quality Issue,2824.28,Approved
RET02209,ORD054544,2025-05-22,CUST05910,PROD0110,1,Quality Issue,448.54,Approved
RET02210,ORD073859,2024-04-29,CUST03152,PROD0085,2,Damaged,14749.82,Pending
RET02211,ORD032693,2024-04-13,CUST00590,PROD0080,1,Quality Issue,7106.65,Pending
RET02212,ORD035043,2026-04-06,CUST04704,PROD0023,1,Changed Mind,12094.54,Approved
RET02213,ORD040384,2024-01-31,CUST01755,PROD0133,2,Damaged,24753.84,Approved
RET02214,ORD070299,2025-03-10,CUST05783,PROD0180,2,Damaged,3980.72,Approved
RET02215,ORD047868,2025-07-25,CUST01745,PROD0004,1,Changed Mind,15906.36,Approved
RET02216,ORD018649,2025-09-07,CUST01206,PROD0164,1,Damaged,15495.6,Approved
RET02217,ORD020554,2024-05-06,CUST01619,PROD0114,1,Quality Issue,5547.1,Approved
RET02218,ORD070089,2025-07-31,CUST03159,PROD0042,1,Late Delivery,19236.44,Approved
RET02219,ORD058219,2025-12-12,CUST03177,PROD0087,1,Wrong Item,3396.38,Approved
RET02220,ORD051905,2025-02-17,CUST02619,PROD0174,1,Late Delivery,2332.87,Approved
RET02221,ORD020041,2024-08-01,CUST04853,PROD0085,1,Late Delivery,7374.91,Approved
RET02222,ORD057213,2025-01-23,CUST01160,PROD0070,1,Damaged,13770.36,Approved
RET02223,ORD023720,2024-11-13,CUST01549,PROD0088,1,Damaged,15469.47,Approved
RET02224,ORD073844,2024-05-27,CUST03141,PROD0084,1,Late Delivery,8327.08,Approved
RET02225,ORD005802,2026-01-31,CUST00921,PROD0157,1,Changed Mind,14323.08,Approved
RET02226,ORD015609,2025-03-07,CUST04619,PROD0142,2,Quality Issue,4267.74,Pending
RET02227,ORD068785,2025-04-08,CUST03580,PROD0153,1,Changed Mind,8234.87,Approved
RET02228,ORD009525,2024-07-15,CUST02906,PROD0082,1,Changed Mind,2212.72,Approved
RET02229,ORD039132,2025-04-25,CUST00423,PROD0012,1,Quality Issue,332.97,Rejected
RET02230,ORD031343,2024-12-21,CUST01663,PROD0164,1,Damaged,15495.6,Approved
RET02231,ORD031163,2025-05-28,CUST03978,PROD0146,1,Changed Mind,2879.6,Approved
RET02232,ORD052671,2024-11-12,CUST01824,PROD0139,1,Late Delivery,1777.94,Approved
RET02233,ORD039463,2024-10-31,CUST04641,PROD0178,1,Wrong Item,4622.91,Approved
RET02234,ORD040652,2026-06-21,CUST02898,PROD0126,1,Damaged,11737.65,Approved
RET02235,ORD009790,2024-05-24,CUST03708,PROD0066,1,Quality Issue,6135.56,Approved
RET02236,ORD009472,2025-03-02,CUST00408,PROD0158,1,Late Delivery,16109.18,Approved
RET02237,ORD028386,2026-06-01,CUST03930,PROD0012,1,Wrong Item,332.97,Rejected
RET02238,ORD059900,2025-10-16,CUST00744,PROD0046,1,Changed Mind,5767.09,Approved
RET02239,ORD000550,2025-05-15,CUST03333,PROD0015,1,Damaged,18083.63,Pending
RET02240,ORD031050,2025-08-13,CUST00632,PROD0077,1,Changed Mind,1021.47,Approved
RET02241,ORD065281,2024-03-23,CUST04050,PROD0033,1,Quality Issue,8818.49,Approved
RET02242,ORD031872,2024-09-28,CUST02983,PROD0100,1,Quality Issue,4090.74,Approved
RET02243,ORD055385,2024-10-14,CUST01709,PROD0051,1,Wrong Item,7244.8,Pending
RET02244,ORD046731,2026-05-25,CUST04244,PROD0146,2,Quality Issue,5759.2,Approved
RET02245,ORD049297,2024-03-24,CUST02475,PROD0027,1,Late Delivery,10298.65,Approved
RET02246,ORD025331,2024-02-13,CUST02043,PROD0174,1,Wrong Item,2332.87,Approved
RET02247,ORD018715,2025-10-21,CUST05399,PROD0139,1,Damaged,1777.94,Rejected
RET02248,ORD032840,2024-01-18,CUST05498,PROD0164,2,Quality Issue,30991.2,Approved
RET02249,ORD030588,2025-02-11,CUST03581,PROD0045,1,Late Delivery,2884.24,Approved
RET02250,ORD040595,2026-07-05,CUST03438,PROD0145,1,Quality Issue,1029.53,Approved
RET02251,ORD042697,2024-11-05,CUST03535,PROD0042,1,Late Delivery,19236.44,Approved
RET02252,ORD053391,2025-02-02,CUST05342,PROD0047,1,Changed Mind,7182.73,Approved
RET02253,ORD057604,2026-02-04,CUST00064,PROD0046,1,Late Delivery,5767.09,Approved
RET02254,ORD018998,2026-06-02,CUST03392,PROD0078,1,Wrong Item,11816.08,Pending
RET02255,ORD038006,2024-05-07,CUST00061,PROD0059,1,Quality Issue,4032.23,Approved
RET02256,ORD011962,2024-03-17,CUST02937,PROD0114,2,Damaged,11094.2,Approved
RET02257,ORD043070,2025-07-06,CUST02275,PROD0157,2,Wrong Item,28646.16,Pending
RET02258,ORD013942,2025-10-30,CUST03008,PROD0026,1,Quality Issue,12026.19,Pending
RET02259,ORD051275,2024-01-21,CUST00954,PROD0068,1,Late Delivery,14057.37,Approved
RET02260,ORD072838,2024-06-20,CUST02218,PROD0115,1,Damaged,16930.95,Approved
RET02261,ORD073676,2024-01-16,CUST03926,PROD0175,1,Late Delivery,8066.73,Approved
RET02262,ORD059434,2024-09-16,CUST00923,PROD0133,1,Damaged,12376.92,Approved
RET02263,ORD007890,2025-02-08,CUST03512,PROD0091,1,Late Delivery,2345.0,Approved
RET02264,ORD059912,2025-03-30,CUST05303,PROD0130,1,Changed Mind,9115.86,Approved
RET02265,ORD071364,2025-05-20,CUST01878,PROD0135,1,Quality Issue,11613.45,Approved
RET02266,ORD047154,2026-02-07,CUST03248,PROD0165,2,Late Delivery,22976.04,Approved
RET02267,ORD066357,2025-04-16,CUST02925,PROD0144,1,Changed Mind,2257.47,Approved
RET02268,ORD009687,2025-06-14,CUST04100,PROD0026,2,Wrong Item,24052.38,Approved
RET02269,ORD004857,2024-08-13,CUST04746,PROD0178,1,Late Delivery,4622.91,Approved
RET02270,ORD032414,2026-03-24,CUST00813,PROD0128,1,Late Delivery,6488.56,Approved
RET02271,ORD061294,2025-12-16,CUST00390,PROD0111,1,Quality Issue,4589.0,Approved
RET02272,ORD056359,2026-07-02,CUST04818,PROD0150,1,Damaged,1301.37,Approved
RET02273,ORD073109,2026-05-25,CUST05018,PROD0083,1,Changed Mind,13634.93,Approved
RET02274,ORD018073,2025-03-29,CUST03958,PROD0111,1,Quality Issue,4589.0,Approved
RET02275,ORD011457,2025-12-11,CUST03990,PROD0105,1,Quality Issue,10597.29,Approved
RET02276,ORD046347,2024-07-17,CUST00504,PROD0086,1,Damaged,4398.02,Approved
RET02277,ORD012410,2025-12-26,CUST05007,PROD0135,1,Quality Issue,11613.45,Approved
RET02278,ORD053693,2024-04-13,CUST03628,PROD0168,1,Late Delivery,7461.76,Approved
RET02279,ORD044357,2025-05-22,CUST00389,PROD0068,2,Damaged,28114.74,Approved
RET02280,ORD054150,2026-06-19,CUST03328,PROD0142,1,Damaged,2133.87,Approved
RET02281,ORD000989,2025-04-15,CUST04192,PROD0178,2,Quality Issue,9245.82,Approved
RET02282,ORD013310,2026-05-12,CUST04117,PROD0001,2,Changed Mind,24002.6,Approved
RET02283,ORD006391,2024-03-12,CUST05641,PROD0003,1,Quality Issue,15842.07,Approved
RET02284,ORD032295,2025-09-08,CUST03398,PROD0030,1,Changed Mind,10355.74,Approved
RET02285,ORD051471,2025-05-20,CUST01051,PROD0085,1,Late Delivery,7374.91,Approved
RET02286,ORD070151,2025-06-24,CUST00834,PROD0093,1,Changed Mind,13725.41,Approved
RET02287,ORD037765,2024-10-15,CUST05202,PROD0152,1,Quality Issue,8156.28,Approved
RET02288,ORD045329,2024-05-03,CUST03211,PROD0125,1,Changed Mind,12200.98,Approved
RET02289,ORD069554,2026-01-01,CUST05912,PROD0058,1,Wrong Item,2824.28,Pending
RET02290,ORD000987,2026-03-04,CUST02447,PROD0175,1,Wrong Item,8066.73,Approved
RET02291,ORD035093,2026-05-03,CUST05976,PROD0168,1,Quality Issue,7461.76,Rejected
RET02292,ORD036779,2024-03-27,CUST04104,PROD0079,1,Late Delivery,5573.33,Rejected
RET02293,ORD025376,2024-04-14,CUST00431,PROD0082,1,Late Delivery,2212.72,Approved
RET02294,ORD007596,2025-08-16,CUST04767,PROD0038,2,Late Delivery,11852.44,Approved
RET02295,ORD001195,2026-01-15,CUST01296,PROD0081,1,Wrong Item,255.39,Approved
RET02296,ORD021090,2024-05-16,CUST01609,PROD0120,1,Damaged,6528.62,Approved
RET02297,ORD062098,2025-06-01,CUST01919,PROD0179,1,Damaged,15031.47,Approved
RET02298,ORD049339,2025-06-14,CUST05739,PROD0170,1,Damaged,15086.92,Approved
RET02299,ORD029947,2025-01-12,CUST02482,PROD0028,1,Quality Issue,19962.64,Approved
RET02300,ORD018258,2026-03-09,CUST03724,PROD0035,1,Wrong Item,717.8,Approved
RET02301,ORD040863,2024-11-01,CUST00149,PROD0074,1,Damaged,2745.78,Approved
RET02302,ORD018965,2025-08-03,CUST01526,PROD0046,1,Quality Issue,5767.09,Approved
RET02303,ORD019320,2026-04-10,CUST04307,PROD0070,1,Quality Issue,13770.36,Approved
RET02304,ORD015554,2025-02-10,CUST05573,PROD0070,1,Damaged,13770.36,Approved
RET02305,ORD035210,2026-02-07,CUST00527,PROD0028,1,Late Delivery,19962.64,Approved
RET02306,ORD033186,2026-01-03,CUST03402,PROD0102,1,Changed Mind,5276.76,Approved
RET02307,ORD031000,2025-07-31,CUST05311,PROD0008,1,Damaged,8891.61,Approved
RET02308,ORD047002,2025-10-13,CUST03131,PROD0159,1,Late Delivery,2880.2,Approved
RET02309,ORD064540,2026-02-04,CUST02259,PROD0176,1,Quality Issue,12006.69,Approved
RET02310,ORD000041,2024-04-30,CUST04840,PROD0051,2,Wrong Item,14489.6,Approved
RET02311,ORD017009,2025-10-12,CUST00270,PROD0180,1,Quality Issue,1990.36,Approved
RET02312,ORD044806,2025-07-04,CUST02482,PROD0138,1,Damaged,12600.9,Approved
RET02313,ORD052585,2025-04-19,CUST05540,PROD0153,1,Changed Mind,8234.87,Pending
RET02314,ORD027895,2024-06-12,CUST05446,PROD0087,1,Late Delivery,3396.38,Approved
RET02315,ORD052310,2024-06-08,CUST02107,PROD0179,1,Late Delivery,15031.47,Pending
RET02316,ORD046410,2024-04-08,CUST04356,PROD0151,1,Late Delivery,3808.36,Approved
RET02317,ORD025270,2025-06-08,CUST04113,PROD0088,2,Late Delivery,30938.94,Approved
RET02318,ORD035164,2025-01-05,CUST04937,PROD0042,1,Changed Mind,19236.44,Approved
RET02319,ORD074662,2025-09-18,CUST01143,PROD0055,1,Wrong Item,832.15,Approved
RET02320,ORD008695,2024-02-23,CUST02620,PROD0144,1,Late Delivery,2257.47,Approved
RET02321,ORD066076,2025-01-23,CUST01496,PROD0037,2,Damaged,19462.1,Approved
RET02322,ORD033021,2026-03-16,CUST03908,PROD0097,1,Wrong Item,11000.04,Approved
RET02323,ORD020466,2025-12-31,CUST01981,PROD0161,1,Quality Issue,15765.29,Approved
RET02324,ORD004312,2024-11-27,CUST02484,PROD0025,1,Changed Mind,5285.3,Approved
RET02325,ORD025067,2025-11-30,CUST05516,PROD0136,1,Damaged,14567.99,Approved
RET02326,ORD059263,2025-06-24,CUST04395,PROD0117,1,Late Delivery,2739.8,Pending
RET02327,ORD009921,2025-03-17,CUST00795,PROD0141,1,Quality Issue,1258.64,Approved
RET02328,ORD027813,2024-12-14,CUST00045,PROD0072,1,Quality Issue,6813.77,Approved
RET02329,ORD029233,2026-06-12,CUST04255,PROD0068,2,Damaged,28114.74,Approved
RET02330,ORD048964,2025-03-02,CUST02341,PROD0048,1,Late Delivery,4193.34,Rejected
RET02331,ORD039512,2024-09-23,CUST05704,PROD0068,1,Damaged,14057.37,Approved
RET02332,ORD043720,2025-03-14,CUST02005,PROD0085,1,Changed Mind,7374.91,Approved
RET02333,ORD061530,2026-06-01,CUST04355,PROD0006,1,Wrong Item,13675.14,Approved
RET02334,ORD016925,2026-03-26,CUST05346,PROD0114,2,Wrong Item,11094.2,Approved
RET02335,ORD044661,2024-06-01,CUST02635,PROD0160,1,Changed Mind,9056.08,Approved
RET02336,ORD018551,2025-02-20,CUST03399,PROD0158,1,Late Delivery,16109.18,Approved
RET02337,ORD003288,2024-01-27,CUST02803,PROD0001,1,Late Delivery,12001.3,Approved
RET02338,ORD028869,2025-12-06,CUST03205,PROD0036,1,Changed Mind,15593.56,Approved
RET02339,ORD052959,2024-12-08,CUST02402,PROD0167,1,Quality Issue,12170.89,Approved
RET02340,ORD008828,2025-12-01,CUST01061,PROD0109,1,Changed Mind,8971.66,Approved
RET02341,ORD043721,2024-05-28,CUST01744,PROD0085,1,Wrong Item,7374.91,Approved
RET02342,ORD060320,2025-07-10,CUST03596,PROD0166,1,Changed Mind,6336.84,Approved
RET02343,ORD067555,2024-11-20,CUST00869,PROD0036,1,Quality Issue,15593.56,Approved
RET02344,ORD005478,2025-02-03,CUST02552,PROD0173,1,Late Delivery,1727.4,Approved
RET02345,ORD018242,2024-05-06,CUST04147,PROD0044,2,Changed Mind,27363.92,Approved
RET02346,ORD037529,2024-05-23,CUST04155,PROD0031,1,Damaged,3348.21,Approved
RET02347,ORD053501,2026-03-26,CUST04654,PROD0096,1,Changed Mind,2508.21,Approved
RET02348,ORD060265,2024-12-24,CUST01046,PROD0043,1,Changed Mind,18076.17,Approved
RET02349,ORD033842,2024-07-04,CUST04304,PROD0118,1,Quality Issue,11702.39,Approved
RET02350,ORD065709,2025-11-29,CUST01664,PROD0175,1,Damaged,8066.73,Pending
RET02351,ORD004723,2024-12-04,CUST03147,PROD0159,1,Changed Mind,2880.2,Pending
RET02352,ORD050519,2026-04-25,CUST00223,PROD0143,1,Damaged,4810.17,Approved
RET02353,ORD033583,2025-06-16,CUST02975,PROD0009,1,Changed Mind,6992.14,Approved
RET02354,ORD049805,2024-03-27,CUST04836,PROD0013,1,Quality Issue,10350.0,Pending
RET02355,ORD045934,2024-04-23,CUST00198,PROD0168,1,Late Delivery,7461.76,Approved
RET02356,ORD061567,2025-06-18,CUST00631,PROD0085,1,Changed Mind,7374.91,Pending
RET02357,ORD038961,2024-05-19,CUST00628,PROD0013,1,Damaged,10350.0,Approved
RET02358,ORD020156,2025-12-16,CUST03167,PROD0139,1,Changed Mind,1777.94,Approved
RET02359,ORD049023,2025-01-11,CUST04707,PROD0065,1,Wrong Item,4366.12,Approved
RET02360,ORD041867,2025-08-07,CUST01125,PROD0035,1,Quality Issue,717.8,Approved
RET02361,ORD001097,2024-08-22,CUST04853,PROD0111,2,Late Delivery,9178.0,Approved
RET02362,ORD066598,2025-07-14,CUST03142,PROD0061,1,Late Delivery,7568.74,Approved
RET02363,ORD038068,2025-10-13,CUST00366,PROD0162,1,Quality Issue,14802.17,Pending
RET02364,ORD053623,2024-04-15,CUST00489,PROD0170,1,Changed Mind,15086.92,Approved
RET02365,ORD029094,2024-06-30,CUST00675,PROD0139,1,Wrong Item,1777.94,Approved
RET02366,ORD039205,2026-01-24,CUST04200,PROD0126,2,Late Delivery,23475.3,Approved
RET02367,ORD028946,2024-08-15,CUST05561,PROD0030,1,Damaged,10355.74,Approved
RET02368,ORD068592,2026-02-07,CUST04215,PROD0135,2,Quality Issue,23226.9,Approved
RET02369,ORD015823,2025-02-16,CUST01903,PROD0153,2,Quality Issue,16469.74,Approved
RET02370,ORD044979,2024-07-15,CUST01843,PROD0047,2,Late Delivery,14365.46,Approved
RET02371,ORD041312,2025-05-04,CUST02384,PROD0134,1,Damaged,6640.83,Approved
RET02372,ORD039130,2024-06-07,CUST00514,PROD0145,1,Changed Mind,1029.53,Approved
RET02373,ORD029196,2025-09-10,CUST02341,PROD0141,1,Late Delivery,1258.64,Approved
RET02374,ORD063823,2024-05-30,CUST03770,PROD0159,1,Changed Mind,2880.2,Approved
RET02375,ORD041020,2025-02-22,CUST04920,PROD0034,1,Damaged,15512.32,Pending
RET02376,ORD051144,2026-06-03,CUST02758,PROD0108,1,Wrong Item,12361.97,Approved
RET02377,ORD026320,2026-06-17,CUST00883,PROD0179,1,Late Delivery,15031.47,Approved
RET02378,ORD036043,2025-10-04,CUST05439,PROD0039,1,Damaged,759.95,Approved
RET02379,ORD026871,2025-04-24,CUST04377,PROD0120,1,Changed Mind,6528.62,Approved
RET02380,ORD050474,2025-12-10,CUST05094,PROD0005,1,Wrong Item,5395.83,Approved
RET02381,ORD035802,2025-04-19,CUST04405,PROD0128,1,Quality Issue,6488.56,Approved
RET02382,ORD008374,2025-04-27,CUST05215,PROD0092,1,Damaged,3069.95,Approved
RET02383,ORD055448,2025-10-07,CUST01946,PROD0065,1,Late Delivery,4366.12,Approved
RET02384,ORD014815,2024-05-22,CUST03335,PROD0010,1,Changed Mind,11772.01,Approved
RET02385,ORD057749,2025-06-30,CUST01712,PROD0138,2,Changed Mind,25201.8,Approved
RET02386,ORD004289,2024-09-29,CUST04052,PROD0121,1,Quality Issue,15732.26,Approved
RET02387,ORD027413,2025-12-27,CUST05087,PROD0077,1,Quality Issue,1021.47,Rejected
RET02388,ORD031330,2024-02-05,CUST05000,PROD0113,1,Damaged,14425.18,Approved
RET02389,ORD061343,2024-04-12,CUST02724,PROD0180,2,Quality Issue,3980.72,Rejected
RET02390,ORD041490,2025-10-07,CUST01034,PROD0115,1,Late Delivery,16930.95,Approved
RET02391,ORD033070,2025-02-27,CUST04474,PROD0037,2,Damaged,19462.1,Approved
RET02392,ORD021745,2024-09-28,CUST03213,PROD0104,1,Quality Issue,5323.97,Approved
RET02393,ORD018010,2025-01-09,CUST04703,PROD0176,1,Wrong Item,12006.69,Approved
RET02394,ORD047352,2024-09-28,CUST02187,PROD0163,1,Changed Mind,9897.91,Approved
RET02395,ORD024567,2025-06-02,CUST01307,PROD0003,1,Quality Issue,15842.07,Approved
RET02396,ORD043352,2025-07-06,CUST01416,PROD0073,1,Late Delivery,8656.25,Rejected
RET02397,ORD042434,2025-10-23,CUST00690,PROD0071,2,Damaged,20840.58,Approved
RET02398,ORD014181,2024-06-19,CUST04719,PROD0023,1,Quality Issue,12094.54,Approved
RET02399,ORD051659,2025-08-31,CUST00349,PROD0162,1,Wrong Item,14802.17,Approved
RET02400,ORD071449,2024-10-09,CUST01859,PROD0024,1,Changed Mind,6673.1,Approved
RET02401,ORD068926,2025-11-10,CUST03737,PROD0079,1,Wrong Item,5573.33,Approved
RET02402,ORD032963,2025-07-19,CUST02629,PROD0091,1,Late Delivery,2345.0,Approved
RET02403,ORD050265,2026-06-12,CUST01376,PROD0098,1,Wrong Item,15512.35,Pending
RET02404,ORD068158,2024-07-08,CUST03764,PROD0101,1,Quality Issue,12071.69,Approved
RET02405,ORD028012,2025-04-06,CUST00063,PROD0097,1,Damaged,11000.04,Approved
RET02406,ORD059612,2025-06-26,CUST00768,PROD0093,1,Quality Issue,13725.41,Approved
RET02407,ORD071405,2025-01-18,CUST02229,PROD0061,1,Changed Mind,7568.74,Pending
RET02408,ORD047212,2026-01-16,CUST03487,PROD0052,1,Damaged,16337.81,Pending
RET02409,ORD036749,2025-09-02,CUST04449,PROD0013,1,Changed Mind,10350.0,Rejected
RET02410,ORD008155,2025-12-06,CUST04314,PROD0103,1,Late Delivery,7340.57,Approved
RET02411,ORD040647,2024-11-15,CUST04768,PROD0047,1,Wrong Item,7182.73,Approved
RET02412,ORD021117,2024-09-22,CUST04535,PROD0011,1,Quality Issue,4711.27,Approved
RET02413,ORD000700,2024-03-06,CUST03614,PROD0037,1,Quality Issue,9731.05,Approved
RET02414,ORD053052,2025-07-15,CUST02463,PROD0080,1,Quality Issue,7106.65,Approved
RET02415,ORD035139,2025-12-24,CUST04298,PROD0177,1,Changed Mind,6508.8,Approved
RET02416,ORD043896,2025-06-03,CUST00278,PROD0054,1,Late Delivery,17939.72,Approved
RET02417,ORD050596,2025-10-08,CUST03010,PROD0076,1,Damaged,7447.92,Pending
RET02418,ORD047033,2024-04-13,CUST02638,PROD0166,2,Changed Mind,12673.68,Approved
RET02419,ORD030224,2024-02-04,CUST04778,PROD0085,1,Damaged,7374.91,Approved
RET02420,ORD025916,2024-03-10,CUST02346,PROD0163,1,Changed Mind,9897.91,Approved
RET02421,ORD052795,2025-08-13,CUST00400,PROD0057,1,Late Delivery,9379.9,Approved
RET02422,ORD052362,2025-10-03,CUST05289,PROD0118,1,Changed Mind,11702.39,Approved
RET02423,ORD000832,2024-06-06,CUST03122,PROD0067,1,Late Delivery,4228.87,Approved
RET02424,ORD042185,2024-09-15,CUST01973,PROD0051,1,Changed Mind,7244.8,Approved
RET02425,ORD000710,2025-08-13,CUST02428,PROD0101,1,Wrong Item,12071.69,Approved
RET02426,ORD064928,2024-05-15,CUST04832,PROD0024,1,Quality Issue,6673.1,Approved
RET02427,ORD032076,2024-12-22,CUST05834,PROD0163,1,Damaged,9897.91,Approved
RET02428,ORD062980,2026-07-02,CUST01135,PROD0170,1,Damaged,15086.92,Approved
RET02429,ORD058206,2024-02-29,CUST01886,PROD0156,1,Wrong Item,891.52,Approved
RET02430,ORD021804,2025-08-02,CUST00066,PROD0087,1,Changed Mind,3396.38,Approved
RET02431,ORD054347,2024-02-06,CUST05682,PROD0160,1,Changed Mind,9056.08,Pending
RET02432,ORD015583,2026-01-09,CUST02705,PROD0173,2,Late Delivery,3454.8,Approved
RET02433,ORD046744,2024-08-19,CUST04545,PROD0154,1,Changed Mind,2368.51,Rejected
RET02434,ORD052367,2025-03-09,CUST04274,PROD0180,1,Damaged,1990.36,Approved
RET02435,ORD005127,2024-08-03,CUST04469,PROD0166,1,Damaged,6336.84,Approved
RET02436,ORD038232,2025-05-22,CUST03999,PROD0125,1,Wrong Item,12200.98,Approved
RET02437,ORD029235,2024-07-19,CUST02539,PROD0138,1,Damaged,12600.9,Approved
RET02438,ORD053617,2025-12-30,CUST00329,PROD0063,1,Damaged,4222.04,Approved
RET02439,ORD012715,2026-03-28,CUST02551,PROD0121,1,Wrong Item,15732.26,Approved
RET02440,ORD051128,2025-02-20,CUST02242,PROD0170,1,Changed Mind,15086.92,Approved
RET02441,ORD038582,2024-06-01,CUST01718,PROD0053,1,Wrong Item,2085.37,Approved
RET02442,ORD024277,2025-03-02,CUST00423,PROD0132,1,Damaged,3901.55,Approved
RET02443,ORD064567,2025-02-25,CUST02647,PROD0018,1,Changed Mind,12486.26,Approved
RET02444,ORD031282,2025-11-18,CUST03432,PROD0023,2,Changed Mind,24189.08,Approved
RET02445,ORD010891,2026-03-10,CUST00581,PROD0105,1,Quality Issue,10597.29,Approved
RET02446,ORD039694,2025-04-22,CUST04846,PROD0158,1,Changed Mind,16109.18,Approved
RET02447,ORD048165,2024-02-20,CUST04311,PROD0147,1,Changed Mind,5213.69,Rejected
RET02448,ORD035147,2025-05-06,CUST03547,PROD0166,1,Damaged,6336.84,Approved
RET02449,ORD037581,2024-01-27,CUST01335,PROD0001,2,Wrong Item,24002.6,Approved
RET02450,ORD010283,2024-10-09,CUST00099,PROD0122,1,Wrong Item,6342.03,Approved
RET02451,ORD003531,2024-07-04,CUST04498,PROD0123,1,Late Delivery,10275.68,Approved
RET02452,ORD008535,2024-12-30,CUST01351,PROD0142,2,Late Delivery,4267.74,Approved
RET02453,ORD062779,2025-09-17,CUST02738,PROD0153,1,Quality Issue,8234.87,Approved
RET02454,ORD063425,2024-01-10,CUST00372,PROD0100,1,Damaged,4090.74,Approved
RET02455,ORD011110,2026-05-28,CUST01569,PROD0077,1,Quality Issue,1021.47,Approved
RET02456,ORD042155,2024-12-26,CUST02658,PROD0025,1,Changed Mind,5285.3,Approved
RET02457,ORD046922,2024-10-23,CUST05113,PROD0037,1,Quality Issue,9731.05,Approved
RET02458,ORD006332,2025-12-02,CUST05285,PROD0008,2,Quality Issue,17783.22,Pending
RET02459,ORD055836,2026-04-18,CUST00161,PROD0123,1,Late Delivery,10275.68,Approved
RET02460,ORD050570,2025-01-11,CUST00714,PROD0140,1,Quality Issue,16058.37,Approved
RET02461,ORD024540,2025-05-04,CUST05793,PROD0036,1,Changed Mind,15593.56,Approved
RET02462,ORD022114,2025-12-15,CUST00146,PROD0176,1,Late Delivery,12006.69,Approved
RET02463,ORD031921,2025-12-01,CUST04403,PROD0106,1,Damaged,4279.13,Rejected
RET02464,ORD055067,2025-05-27,CUST04610,PROD0026,1,Late Delivery,12026.19,Approved
RET02465,ORD065171,2024-06-04,CUST04034,PROD0057,1,Damaged,9379.9,Approved
RET02466,ORD007322,2024-09-29,CUST00442,PROD0030,1,Damaged,10355.74,Approved
RET02467,ORD054335,2024-01-10,CUST03715,PROD0022,1,Quality Issue,15694.57,Approved
RET02468,ORD061451,2025-12-26,CUST01252,PROD0048,1,Changed Mind,4193.34,Approved
RET02469,ORD039975,2025-05-05,CUST03597,PROD0025,1,Wrong Item,5285.3,Approved
RET02470,ORD062993,2025-12-12,CUST02634,PROD0082,1,Changed Mind,2212.72,Approved
RET02471,ORD019470,2026-05-11,CUST04966,PROD0015,1,Late Delivery,18083.63,Approved
RET02472,ORD049056,2024-02-24,CUST04246,PROD0122,1,Quality Issue,6342.03,Approved
RET02473,ORD071442,2025-05-03,CUST02798,PROD0050,1,Damaged,7609.14,Rejected
RET02474,ORD036671,2024-08-04,CUST02572,PROD0144,1,Wrong Item,2257.47,Approved
RET02475,ORD058512,2026-01-22,CUST04453,PROD0156,1,Wrong Item,891.52,Approved
RET02476,ORD062456,2026-04-03,CUST00811,PROD0071,1,Damaged,10420.29,Approved
RET02477,ORD006206,2024-04-17,CUST04788,PROD0075,2,Damaged,32716.58,Approved
RET02478,ORD066209,2025-01-05,CUST04345,PROD0136,1,Changed Mind,14567.99,Approved
RET02479,ORD005921,2024-10-05,CUST03850,PROD0136,1,Wrong Item,14567.99,Approved
RET02480,ORD069784,2025-01-02,CUST04861,PROD0114,1,Late Delivery,5547.1,Approved
RET02481,ORD048467,2025-01-16,CUST04913,PROD0083,1,Changed Mind,13634.93,Approved
RET02482,ORD033569,2024-07-02,CUST05626,PROD0147,1,Changed Mind,5213.69,Approved
RET02483,ORD048287,2025-02-16,CUST02375,PROD0049,2,Changed Mind,2591.64,Approved
RET02484,ORD068373,2026-05-12,CUST05595,PROD0144,1,Changed Mind,2257.47,Approved
RET02485,ORD057841,2024-11-25,CUST03558,PROD0132,1,Late Delivery,3901.55,Approved
RET02486,ORD066022,2025-10-14,CUST03698,PROD0117,1,Quality Issue,2739.8,Pending
RET02487,ORD048117,2024-03-18,CUST01967,PROD0126,1,Changed Mind,11737.65,Approved
RET02488,ORD034731,2025-04-05,CUST02753,PROD0128,2,Changed Mind,12977.12,Approved
RET02489,ORD067123,2025-12-29,CUST05301,PROD0129,1,Damaged,5163.83,Approved
RET02490,ORD004250,2024-04-07,CUST05542,PROD0055,1,Changed Mind,832.15,Approved
RET02491,ORD033635,2025-10-13,CUST02004,PROD0124,1,Damaged,10142.95,Rejected
RET02492,ORD019166,2024-01-28,CUST01304,PROD0167,1,Changed Mind,12170.89,Approved
RET02493,ORD021829,2024-04-02,CUST00563,PROD0159,1,Late Delivery,2880.2,Rejected
RET02494,ORD013159,2026-01-06,CUST02564,PROD0169,1,Late Delivery,6354.88,Approved
RET02495,ORD019664,2024-01-27,CUST00573,PROD0111,1,Quality Issue,4589.0,Approved
RET02496,ORD066251,2026-04-11,CUST00578,PROD0124,1,Quality Issue,10142.95,Approved
RET02497,ORD049024,2024-12-12,CUST04187,PROD0176,2,Quality Issue,24013.38,Rejected
RET02498,ORD019929,2024-10-25,CUST02714,PROD0172,1,Damaged,13612.05,Approved
RET02499,ORD063977,2025-07-16,CUST03562,PROD0179,2,Quality Issue,30062.94,Approved
RET02500,ORD006600,2024-01-14,CUST03644,PROD0040,1,Late Delivery,7125.69,Rejected
RET02501,ORD043491,2024-11-26,CUST00124,PROD0173,2,Late Delivery,3454.8,Approved
RET02502,ORD038417,2026-03-16,CUST01307,PROD0132,1,Late Delivery,3901.55,Pending
RET02503,ORD036010,2025-03-16,CUST00463,PROD0009,2,Late Delivery,13984.28,Approved
RET02504,ORD038899,2024-08-12,CUST01916,PROD0054,1,Late Delivery,17939.72,Approved
RET02505,ORD028157,2024-02-26,CUST03853,PROD0164,1,Wrong Item,15495.6,Approved
RET02506,ORD039889,2024-03-02,CUST04606,PROD0159,1,Quality Issue,2880.2,Approved
RET02507,ORD013176,2024-04-06,CUST04492,PROD0097,1,Quality Issue,11000.04,Rejected
RET02508,ORD034943,2026-05-26,CUST00549,PROD0094,1,Changed Mind,12677.35,Approved
RET02509,ORD049931,2025-07-16,CUST04896,PROD0170,2,Damaged,30173.84,Approved
RET02510,ORD021546,2025-03-20,CUST01942,PROD0062,1,Quality Issue,4179.63,Approved
RET02511,ORD043397,2025-01-28,CUST04440,PROD0091,1,Changed Mind,2345.0,Approved
RET02512,ORD030991,2024-06-30,CUST03738,PROD0061,1,Changed Mind,7568.74,Approved
RET02513,ORD005688,2025-06-01,CUST05048,PROD0141,1,Damaged,1258.64,Approved
RET02514,ORD041879,2025-01-05,CUST02270,PROD0179,1,Damaged,15031.47,Approved
RET02515,ORD005623,2024-05-02,CUST05508,PROD0108,1,Quality Issue,12361.97,Approved
RET02516,ORD041144,2025-10-03,CUST05677,PROD0158,2,Changed Mind,32218.36,Rejected
RET02517,ORD037806,2024-03-24,CUST02918,PROD0131,1,Quality Issue,8773.69,Approved
RET02518,ORD058699,2024-10-06,CUST00813,PROD0007,1,Quality Issue,6620.23,Approved
RET02519,ORD043382,2025-12-20,CUST02240,PROD0060,1,Late Delivery,15188.92,Approved
RET02520,ORD022450,2025-12-06,CUST01083,PROD0161,1,Changed Mind,15765.29,Approved
RET02521,ORD073553,2024-12-16,CUST01916,PROD0003,2,Late Delivery,31684.14,Approved
RET02522,ORD001188,2024-07-17,CUST03607,PROD0096,1,Late Delivery,2508.21,Approved
RET02523,ORD066619,2024-02-26,CUST00477,PROD0159,1,Changed Mind,2880.2,Approved
RET02524,ORD046013,2024-04-12,CUST00278,PROD0130,1,Damaged,9115.86,Approved
RET02525,ORD040664,2026-03-27,CUST00396,PROD0062,1,Damaged,4179.63,Approved
RET02526,ORD017417,2025-06-15,CUST01620,PROD0053,1,Changed Mind,2085.37,Approved
RET02527,ORD045418,2025-12-03,CUST00259,PROD0086,1,Changed Mind,4398.02,Approved
RET02528,ORD021502,2024-09-14,CUST05381,PROD0101,1,Damaged,12071.69,Approved
RET02529,ORD041364,2024-05-24,CUST05706,PROD0039,2,Damaged,1519.9,Approved
RET02530,ORD011157,2025-06-12,CUST02401,PROD0092,2,Late Delivery,6139.9,Approved
RET02531,ORD072654,2026-06-02,CUST03250,PROD0155,2,Late Delivery,5593.66,Approved
RET02532,ORD052536,2026-03-27,CUST04968,PROD0052,1,Late Delivery,16337.81,Approved
RET02533,ORD019814,2025-05-07,CUST02298,PROD0029,1,Damaged,13777.49,Approved
RET02534,ORD018471,2024-03-28,CUST05823,PROD0005,1,Wrong Item,5395.83,Rejected
RET02535,ORD032569,2024-12-23,CUST00424,PROD0008,2,Wrong Item,17783.22,Approved
RET02536,ORD026677,2025-04-20,CUST02619,PROD0171,1,Damaged,13350.31,Approved
RET02537,ORD072408,2024-03-21,CUST02518,PROD0117,2,Late Delivery,5479.6,Approved
RET02538,ORD017044,2025-09-17,CUST04849,PROD0105,1,Late Delivery,10597.29,Approved
RET02539,ORD003428,2025-05-22,CUST00248,PROD0038,1,Changed Mind,5926.22,Approved
RET02540,ORD035247,2026-02-02,CUST01485,PROD0051,1,Damaged,7244.8,Approved
RET02541,ORD039679,2025-08-28,CUST00260,PROD0088,1,Changed Mind,15469.47,Approved
RET02542,ORD047120,2026-05-21,CUST01304,PROD0146,1,Damaged,2879.6,Approved
RET02543,ORD049930,2024-10-22,CUST03654,PROD0158,1,Quality Issue,16109.18,Approved
RET02544,ORD026153,2026-02-04,CUST04052,PROD0018,1,Changed Mind,12486.26,Approved
RET02545,ORD043327,2025-03-17,CUST05805,PROD0027,1,Changed Mind,10298.65,Approved
RET02546,ORD049463,2026-03-25,CUST01778,PROD0087,1,Damaged,3396.38,Approved
RET02547,ORD050706,2024-02-05,CUST05020,PROD0165,1,Wrong Item,11488.02,Approved
RET02548,ORD041714,2025-09-24,CUST01484,PROD0151,1,Damaged,3808.36,Approved
RET02549,ORD003704,2024-08-07,CUST02413,PROD0130,1,Quality Issue,9115.86,Approved
RET02550,ORD073718,2025-08-25,CUST04144,PROD0042,1,Quality Issue,19236.44,Approved
RET02551,ORD017046,2025-11-21,CUST05674,PROD0104,1,Late Delivery,5323.97,Rejected
RET02552,ORD034452,2024-07-18,CUST05510,PROD0035,1,Quality Issue,717.8,Rejected
RET02553,ORD037059,2024-12-20,CUST05315,PROD0029,1,Changed Mind,13777.49,Approved
RET02554,ORD039379,2024-02-07,CUST04927,PROD0179,1,Changed Mind,15031.47,Approved
RET02555,ORD018745,2024-04-13,CUST01796,PROD0083,1,Damaged,13634.93,Approved
RET02556,ORD024878,2025-09-14,CUST03263,PROD0020,1,Wrong Item,4124.29,Approved
RET02557,ORD038381,2025-02-13,CUST01534,PROD0063,2,Changed Mind,8444.08,Approved
RET02558,ORD057140,2026-04-08,CUST00306,PROD0143,1,Quality Issue,4810.17,Approved
RET02559,ORD040544,2024-03-04,CUST04637,PROD0013,1,Damaged,10350.0,Approved
RET02560,ORD067608,2025-12-08,CUST01730,PROD0007,1,Quality Issue,6620.23,Approved
RET02561,ORD064735,2025-09-04,CUST00268,PROD0072,1,Wrong Item,6813.77,Approved
RET02562,ORD021233,2025-06-28,CUST05964,PROD0082,1,Damaged,2212.72,Approved
RET02563,ORD072945,2025-04-30,CUST05827,PROD0117,1,Quality Issue,2739.8,Approved
RET02564,ORD072075,2025-01-10,CUST01837,PROD0175,1,Late Delivery,8066.73,Approved
RET02565,ORD025755,2024-11-09,CUST00889,PROD0067,1,Damaged,4228.87,Approved
RET02566,ORD023037,2025-08-11,CUST03829,PROD0038,1,Late Delivery,5926.22,Approved
RET02567,ORD042667,2024-09-07,CUST00701,PROD0117,1,Changed Mind,2739.8,Approved
RET02568,ORD015476,2025-12-06,CUST02411,PROD0117,1,Damaged,2739.8,Approved
RET02569,ORD037161,2024-10-09,CUST05222,PROD0108,1,Damaged,12361.97,Approved
RET02570,ORD026638,2026-03-14,CUST03499,PROD0103,1,Quality Issue,7340.57,Approved
RET02571,ORD002282,2026-06-30,CUST00303,PROD0137,1,Changed Mind,2135.82,Approved
RET02572,ORD020401,2026-04-21,CUST00134,PROD0064,1,Late Delivery,14023.42,Pending
RET02573,ORD009780,2026-04-11,CUST02439,PROD0098,1,Changed Mind,15512.35,Rejected
RET02574,ORD049501,2026-02-13,CUST04887,PROD0075,1,Late Delivery,16358.29,Approved
RET02575,ORD007950,2026-04-03,CUST04665,PROD0140,1,Quality Issue,16058.37,Approved
RET02576,ORD002677,2024-08-28,CUST01651,PROD0029,1,Changed Mind,13777.49,Approved
RET02577,ORD056042,2024-05-14,CUST00071,PROD0102,1,Damaged,5276.76,Pending
RET02578,ORD031005,2024-12-31,CUST01401,PROD0033,1,Quality Issue,8818.49,Approved
RET02579,ORD011651,2025-09-13,CUST03724,PROD0040,1,Damaged,7125.69,Approved
RET02580,ORD001263,2024-11-06,CUST05782,PROD0155,1,Quality Issue,2796.83,Pending
RET02581,ORD061877,2025-11-03,CUST02439,PROD0048,1,Changed Mind,4193.34,Approved
RET02582,ORD060268,2025-11-10,CUST04030,PROD0058,1,Damaged,2824.28,Approved
RET02583,ORD066960,2025-01-23,CUST02955,PROD0172,2,Changed Mind,27224.1,Approved
RET02584,ORD050668,2025-11-12,CUST01911,PROD0111,1,Damaged,4589.0,Approved
RET02585,ORD059939,2024-04-04,CUST05163,PROD0128,1,Quality Issue,6488.56,Approved
RET02586,ORD031311,2025-03-05,CUST03332,PROD0034,1,Quality Issue,15512.32,Approved
RET02587,ORD043457,2024-01-24,CUST03073,PROD0035,2,Late Delivery,1435.6,Approved
RET02588,ORD045431,2025-10-21,CUST05645,PROD0108,1,Changed Mind,12361.97,Approved
RET02589,ORD049638,2024-03-18,CUST03172,PROD0002,1,Quality Issue,6109.4,Approved
RET02590,ORD005577,2025-12-05,CUST01684,PROD0030,1,Wrong Item,10355.74,Pending
RET02591,ORD052285,2024-06-26,CUST00444,PROD0053,2,Changed Mind,4170.74,Approved
RET02592,ORD043615,2024-11-12,CUST01210,PROD0058,1,Wrong Item,2824.28,Approved
RET02593,ORD013190,2025-04-13,CUST02235,PROD0051,2,Damaged,14489.6,Approved
RET02594,ORD042124,2024-12-26,CUST01309,PROD0099,1,Changed Mind,5204.8,Pending
RET02595,ORD007912,2026-05-07,CUST05256,PROD0072,1,Wrong Item,6813.77,Approved
RET02596,ORD047374,2024-03-12,CUST01244,PROD0046,1,Late Delivery,5767.09,Approved
RET02597,ORD053967,2025-04-12,CUST02236,PROD0013,1,Changed Mind,10350.0,Approved
RET02598,ORD033608,2024-09-24,CUST05737,PROD0124,2,Wrong Item,20285.9,Pending
RET02599,ORD013827,2025-10-12,CUST02730,PROD0056,1,Wrong Item,4052.4,Approved
RET02600,ORD044701,2025-10-22,CUST02420,PROD0168,1,Wrong Item,7461.76,Approved
RET02601,ORD041037,2025-01-07,CUST04276,PROD0029,1,Quality Issue,13777.49,Approved
RET02602,ORD032931,2025-06-26,CUST01946,PROD0052,1,Quality Issue,16337.81,Pending
RET02603,ORD057529,2025-05-11,CUST05145,PROD0104,1,Quality Issue,5323.97,Approved
RET02604,ORD037008,2024-02-10,CUST05819,PROD0120,1,Changed Mind,6528.62,Approved
RET02605,ORD025481,2024-07-09,CUST01303,PROD0124,1,Late Delivery,10142.95,Approved
RET02606,ORD033708,2026-04-13,CUST05943,PROD0165,2,Late Delivery,22976.04,Approved
RET02607,ORD044983,2025-03-25,CUST01752,PROD0099,1,Late Delivery,5204.8,Approved
RET02608,ORD066507,2025-01-28,CUST04689,PROD0099,1,Late Delivery,5204.8,Rejected
RET02609,ORD010049,2024-11-29,CUST02311,PROD0035,2,Late Delivery,1435.6,Approved
RET02610,ORD058495,2025-06-25,CUST00101,PROD0039,1,Wrong Item,759.95,Approved
RET02611,ORD020867,2024-03-27,CUST04466,PROD0005,2,Wrong Item,10791.66,Pending
RET02612,ORD004177,2026-03-02,CUST02120,PROD0051,1,Quality Issue,7244.8,Approved
RET02613,ORD029760,2024-08-03,CUST03531,PROD0103,1,Damaged,7340.57,Approved
RET02614,ORD004921,2025-07-06,CUST00636,PROD0140,2,Damaged,32116.74,Approved
RET02615,ORD064545,2025-03-01,CUST00166,PROD0177,1,Quality Issue,6508.8,Rejected
RET02616,ORD074754,2026-04-14,CUST02238,PROD0086,1,Damaged,4398.02,Pending
RET02617,ORD028791,2024-10-21,CUST04314,PROD0116,1,Wrong Item,1812.54,Approved
RET02618,ORD021356,2025-01-03,CUST02836,PROD0031,1,Damaged,3348.21,Approved
RET02619,ORD013444,2026-03-16,CUST05975,PROD0101,2,Quality Issue,24143.38,Approved
RET02620,ORD064948,2024-06-14,CUST05223,PROD0007,1,Changed Mind,6620.23,Approved
RET02621,ORD015168,2026-06-18,CUST03230,PROD0054,2,Changed Mind,35879.44,Approved
RET02622,ORD017806,2025-03-05,CUST03241,PROD0171,1,Late Delivery,13350.31,Approved
RET02623,ORD002240,2024-12-29,CUST00156,PROD0119,1,Wrong Item,15636.32,Approved
RET02624,ORD038618,2025-10-26,CUST02334,PROD0102,2,Quality Issue,10553.52,Approved
RET02625,ORD032641,2025-07-22,CUST02875,PROD0173,1,Late Delivery,1727.4,Approved
RET02626,ORD045087,2025-10-25,CUST05866,PROD0041,2,Damaged,4439.4,Approved
RET02627,ORD070883,2024-12-14,CUST01195,PROD0118,1,Changed Mind,11702.39,Approved
RET02628,ORD031812,2024-05-12,CUST01200,PROD0075,1,Wrong Item,16358.29,Approved
RET02629,ORD026626,2024-02-23,CUST01948,PROD0067,1,Damaged,4228.87,Approved
RET02630,ORD065918,2025-05-29,CUST01928,PROD0076,1,Changed Mind,7447.92,Approved
RET02631,ORD019453,2025-12-16,CUST01945,PROD0108,1,Wrong Item,12361.97,Approved
RET02632,ORD059107,2024-12-07,CUST05865,PROD0129,1,Wrong Item,5163.83,Approved
RET02633,ORD034777,2026-03-26,CUST01513,PROD0016,1,Wrong Item,5085.97,Rejected
RET02634,ORD017908,2024-02-26,CUST02604,PROD0134,1,Damaged,6640.83,Approved
RET02635,ORD051979,2025-02-21,CUST05164,PROD0077,2,Changed Mind,2042.94,Approved
RET02636,ORD061153,2026-02-09,CUST00950,PROD0073,1,Damaged,8656.25,Approved
RET02637,ORD061726,2024-10-13,CUST04317,PROD0172,1,Changed Mind,13612.05,Rejected
RET02638,ORD042300,2024-12-16,CUST00566,PROD0011,1,Quality Issue,4711.27,Rejected
RET02639,ORD055283,2025-12-27,CUST05089,PROD0017,2,Damaged,19973.86,Rejected
RET02640,ORD012232,2025-10-03,CUST04985,PROD0155,1,Damaged,2796.83,Approved
RET02641,ORD018044,2026-03-14,CUST01799,PROD0091,2,Quality Issue,4690.0,Approved
RET02642,ORD039547,2024-09-21,CUST00860,PROD0020,1,Damaged,4124.29,Pending
RET02643,ORD056548,2024-07-06,CUST01331,PROD0100,1,Changed Mind,4090.74,Approved
RET02644,ORD044544,2025-10-14,CUST02120,PROD0124,1,Damaged,10142.95,Pending
RET02645,ORD037454,2024-01-19,CUST03962,PROD0166,2,Wrong Item,12673.68,Approved
RET02646,ORD053121,2025-11-04,CUST01658,PROD0032,1,Late Delivery,16577.15,Approved
RET02647,ORD029846,2026-05-07,CUST00429,PROD0030,1,Wrong Item,10355.74,Approved
RET02648,ORD005609,2026-06-07,CUST00203,PROD0176,1,Quality Issue,12006.69,Approved
RET02649,ORD066416,2026-04-03,CUST03320,PROD0157,1,Wrong Item,14323.08,Approved
RET02650,ORD057471,2026-02-03,CUST03769,PROD0067,1,Wrong Item,4228.87,Pending
RET02651,ORD074007,2024-03-18,CUST03540,PROD0089,1,Changed Mind,18354.57,Pending
RET02652,ORD028410,2025-06-24,CUST01039,PROD0062,2,Quality Issue,8359.26,Approved
RET02653,ORD022314,2024-08-06,CUST01185,PROD0040,1,Damaged,7125.69,Approved
RET02654,ORD073659,2025-11-13,CUST00523,PROD0087,1,Quality Issue,3396.38,Pending
RET02655,ORD001779,2025-08-24,CUST00044,PROD0100,1,Damaged,4090.74,Approved
RET02656,ORD055894,2026-01-29,CUST00549,PROD0177,2,Wrong Item,13017.6,Approved
RET02657,ORD060670,2026-06-15,CUST03581,PROD0103,2,Changed Mind,14681.14,Approved
RET02658,ORD035172,2026-05-03,CUST05354,PROD0062,1,Quality Issue,4179.63,Approved
RET02659,ORD056276,2025-12-20,CUST00031,PROD0030,1,Late Delivery,10355.74,Approved
RET02660,ORD039429,2024-05-05,CUST04145,PROD0111,1,Changed Mind,4589.0,Approved
RET02661,ORD036620,2025-10-02,CUST04924,PROD0022,1,Wrong Item,15694.57,Approved
RET02662,ORD002883,2025-12-06,CUST02901,PROD0055,1,Late Delivery,832.15,Approved
RET02663,ORD043507,2024-11-26,CUST01989,PROD0100,1,Quality Issue,4090.74,Approved
RET02664,ORD018793,2024-04-13,CUST05562,PROD0042,1,Wrong Item,19236.44,Approved
RET02665,ORD034767,2024-05-28,CUST04318,PROD0075,1,Wrong Item,16358.29,Approved
RET02666,ORD059562,2026-01-02,CUST02665,PROD0141,2,Changed Mind,2517.28,Approved
RET02667,ORD010737,2025-08-09,CUST03015,PROD0126,1,Quality Issue,11737.65,Approved
RET02668,ORD050675,2026-04-14,CUST01509,PROD0139,2,Wrong Item,3555.88,Approved
RET02669,ORD069366,2024-02-06,CUST04755,PROD0003,1,Changed Mind,15842.07,Approved
RET02670,ORD061634,2026-05-18,CUST01698,PROD0031,1,Damaged,3348.21,Approved
RET02671,ORD048474,2025-11-07,CUST04371,PROD0032,1,Wrong Item,16577.15,Approved
RET02672,ORD022999,2024-11-11,CUST04783,PROD0160,1,Late Delivery,9056.08,Approved
RET02673,ORD015418,2026-04-12,CUST00216,PROD0041,1,Quality Issue,2219.7,Approved
RET02674,ORD023138,2025-01-29,CUST03726,PROD0039,1,Wrong Item,759.95,Approved
RET02675,ORD010853,2026-06-24,CUST04520,PROD0104,1,Damaged,5323.97,Approved
RET02676,ORD063494,2026-01-01,CUST00660,PROD0108,1,Wrong Item,12361.97,Approved
RET02677,ORD074609,2026-05-27,CUST02301,PROD0092,1,Quality Issue,3069.95,Approved
RET02678,ORD006805,2024-04-12,CUST04239,PROD0040,1,Damaged,7125.69,Approved
RET02679,ORD054242,2024-12-08,CUST02672,PROD0176,1,Late Delivery,12006.69,Approved
RET02680,ORD030654,2026-06-01,CUST03765,PROD0164,1,Changed Mind,15495.6,Approved
RET02681,ORD033216,2025-04-30,CUST03639,PROD0105,1,Damaged,10597.29,Approved
RET02682,ORD011535,2025-04-27,CUST03832,PROD0087,2,Quality Issue,6792.76,Pending
RET02683,ORD041648,2025-07-13,CUST01903,PROD0101,1,Wrong Item,12071.69,Approved
RET02684,ORD022858,2025-04-19,CUST03214,PROD0143,1,Late Delivery,4810.17,Pending
RET02685,ORD019569,2025-07-17,CUST01004,PROD0054,1,Quality Issue,17939.72,Approved
RET02686,ORD016568,2024-07-24,CUST00479,PROD0115,2,Changed Mind,33861.9,Approved
RET02687,ORD013114,2024-01-31,CUST04999,PROD0106,1,Damaged,4279.13,Approved
RET02688,ORD010330,2025-09-03,CUST05341,PROD0071,2,Quality Issue,20840.58,Approved
RET02689,ORD020298,2024-11-01,CUST01922,PROD0008,1,Late Delivery,8891.61,Approved
RET02690,ORD016403,2024-12-14,CUST02991,PROD0019,1,Quality Issue,9684.46,Approved
RET02691,ORD059927,2024-01-29,CUST00042,PROD0071,1,Late Delivery,10420.29,Approved
RET02692,ORD014349,2025-01-19,CUST00281,PROD0109,1,Damaged,8971.66,Approved
RET02693,ORD027789,2025-11-21,CUST04797,PROD0029,1,Wrong Item,13777.49,Rejected
RET02694,ORD014605,2025-10-15,CUST00356,PROD0029,1,Changed Mind,13777.49,Approved
RET02695,ORD034201,2025-09-14,CUST00735,PROD0004,1,Late Delivery,15906.36,Approved
RET02696,ORD051238,2024-04-25,CUST03669,PROD0161,1,Changed Mind,15765.29,Approved
RET02697,ORD025930,2026-02-16,CUST04179,PROD0020,1,Quality Issue,4124.29,Approved
RET02698,ORD020135,2026-06-09,CUST03953,PROD0016,1,Wrong Item,5085.97,Pending
RET02699,ORD058321,2026-01-24,CUST00606,PROD0020,1,Changed Mind,4124.29,Approved
RET02700,ORD000937,2025-08-03,CUST05286,PROD0015,1,Wrong Item,18083.63,Approved
RET02701,ORD048457,2025-03-12,CUST05441,PROD0134,1,Late Delivery,6640.83,Approved
RET02702,ORD028776,2025-05-24,CUST05313,PROD0069,1,Changed Mind,5482.32,Approved
RET02703,ORD037147,2025-05-23,CUST04658,PROD0047,1,Late Delivery,7182.73,Pending
RET02704,ORD069014,2025-12-05,CUST00902,PROD0157,1,Wrong Item,14323.08,Approved
RET02705,ORD033785,2025-12-18,CUST01390,PROD0135,1,Late Delivery,11613.45,Approved
RET02706,ORD022743,2024-08-24,CUST00231,PROD0070,2,Damaged,27540.72,Approved
RET02707,ORD040491,2025-12-23,CUST04494,PROD0047,1,Changed Mind,7182.73,Approved
RET02708,ORD073305,2026-04-06,CUST01601,PROD0101,1,Late Delivery,12071.69,Approved
RET02709,ORD043693,2024-07-24,CUST01604,PROD0058,1,Quality Issue,2824.28,Approved
RET02710,ORD017555,2025-03-20,CUST02724,PROD0010,2,Damaged,23544.02,Approved
RET02711,ORD040747,2026-02-23,CUST02487,PROD0045,2,Quality Issue,5768.48,Pending
RET02712,ORD025875,2026-03-14,CUST00634,PROD0174,1,Changed Mind,2332.87,Approved
RET02713,ORD037503,2025-03-28,CUST05908,PROD0002,1,Late Delivery,6109.4,Rejected
RET02714,ORD013897,2025-08-18,CUST04536,PROD0153,1,Quality Issue,8234.87,Approved
RET02715,ORD067834,2025-02-03,CUST00153,PROD0003,2,Damaged,31684.14,Approved
RET02716,ORD054206,2025-12-18,CUST05820,PROD0139,1,Damaged,1777.94,Rejected
RET02717,ORD004977,2024-06-28,CUST02860,PROD0067,1,Late Delivery,4228.87,Pending
RET02718,ORD039946,2024-10-24,CUST01607,PROD0077,1,Changed Mind,1021.47,Approved
RET02719,ORD008852,2024-12-10,CUST02995,PROD0129,1,Damaged,5163.83,Approved
RET02720,ORD001264,2025-12-12,CUST01730,PROD0015,2,Late Delivery,36167.26,Approved
RET02721,ORD032293,2026-05-26,CUST05055,PROD0103,2,Quality Issue,14681.14,Approved
RET02722,ORD023814,2026-06-12,CUST00555,PROD0123,1,Damaged,10275.68,Approved
RET02723,ORD011287,2025-06-24,CUST00571,PROD0026,2,Damaged,24052.38,Approved
RET02724,ORD003039,2025-02-11,CUST00098,PROD0126,1,Quality Issue,11737.65,Approved
RET02725,ORD012767,2024-05-14,CUST02773,PROD0098,1,Quality Issue,15512.35,Approved
RET02726,ORD034484,2026-02-11,CUST05985,PROD0100,1,Quality Issue,4090.74,Approved
RET02727,ORD018279,2025-11-21,CUST02564,PROD0014,1,Damaged,6922.67,Pending
RET02728,ORD004507,2024-08-02,CUST03043,PROD0120,2,Changed Mind,13057.24,Rejected
RET02729,ORD030193,2025-04-05,CUST00670,PROD0031,1,Changed Mind,3348.21,Pending
RET02730,ORD063652,2024-09-28,CUST03396,PROD0124,1,Changed Mind,10142.95,Approved
RET02731,ORD025525,2024-06-22,CUST05139,PROD0048,1,Damaged,4193.34,Approved
RET02732,ORD054482,2025-03-21,CUST03625,PROD0030,1,Changed Mind,10355.74,Approved
RET02733,ORD050772,2025-06-07,CUST01820,PROD0100,1,Late Delivery,4090.74,Approved
RET02734,ORD046903,2025-08-11,CUST05376,PROD0146,1,Late Delivery,2879.6,Approved
RET02735,ORD021037,2025-03-19,CUST03041,PROD0055,1,Damaged,832.15,Approved
RET02736,ORD071849,2025-03-04,CUST02801,PROD0055,1,Wrong Item,832.15,Approved
RET02737,ORD071996,2025-07-30,CUST02615,PROD0010,1,Changed Mind,11772.01,Pending
RET02738,ORD005822,2025-01-12,CUST01412,PROD0064,1,Quality Issue,14023.42,Approved
RET02739,ORD042143,2025-02-02,CUST03718,PROD0023,1,Quality Issue,12094.54,Approved
RET02740,ORD006592,2024-03-01,CUST01979,PROD0120,1,Changed Mind,6528.62,Approved
RET02741,ORD061721,2025-01-03,CUST00308,PROD0117,1,Late Delivery,2739.8,Pending
RET02742,ORD005000,2024-11-15,CUST05491,PROD0066,1,Quality Issue,6135.56,Approved
RET02743,ORD027087,2026-06-26,CUST00766,PROD0098,1,Late Delivery,15512.35,Approved
RET02744,ORD002185,2025-03-08,CUST05372,PROD0053,1,Quality Issue,2085.37,Approved
RET02745,ORD060045,2025-03-06,CUST01545,PROD0059,1,Quality Issue,4032.23,Approved
RET02746,ORD022530,2024-08-23,CUST02548,PROD0048,1,Changed Mind,4193.34,Approved
RET02747,ORD038020,2025-10-27,CUST05785,PROD0050,1,Changed Mind,7609.14,Approved
RET02748,ORD041386,2025-04-03,CUST05988,PROD0035,1,Late Delivery,717.8,Pending
RET02749,ORD073029,2024-12-21,CUST05760,PROD0079,1,Damaged,5573.33,Rejected
RET02750,ORD025935,2026-05-05,CUST05373,PROD0170,1,Late Delivery,15086.92,Approved
RET02751,ORD032646,2025-12-25,CUST04183,PROD0060,2,Changed Mind,30377.84,Approved
RET02752,ORD069461,2026-06-20,CUST05366,PROD0093,1,Wrong Item,13725.41,Approved
RET02753,ORD061702,2024-08-26,CUST00095,PROD0176,1,Late Delivery,12006.69,Approved
RET02754,ORD037392,2025-07-07,CUST00496,PROD0153,1,Damaged,8234.87,Approved
RET02755,ORD066975,2024-04-24,CUST05674,PROD0153,1,Damaged,8234.87,Approved
RET02756,ORD060109,2025-04-07,CUST03144,PROD0114,1,Changed Mind,5547.1,Approved
RET02757,ORD029317,2024-09-18,CUST01832,PROD0112,2,Late Delivery,37810.44,Approved
RET02758,ORD045439,2025-12-09,CUST02811,PROD0012,1,Late Delivery,332.97,Pending
RET02759,ORD073510,2024-05-09,CUST05536,PROD0118,2,Quality Issue,23404.78,Rejected
RET02760,ORD036973,2024-02-27,CUST00760,PROD0004,2,Late Delivery,31812.72,Approved
RET02761,ORD074675,2025-12-23,CUST03338,PROD0067,2,Damaged,8457.74,Pending
RET02762,ORD020387,2025-02-20,CUST05103,PROD0100,1,Late Delivery,4090.74,Approved
RET02763,ORD019226,2025-02-22,CUST05144,PROD0098,1,Late Delivery,15512.35,Approved
RET02764,ORD007921,2024-06-01,CUST03366,PROD0122,1,Late Delivery,6342.03,Approved
RET02765,ORD056105,2025-09-14,CUST03237,PROD0037,1,Wrong Item,9731.05,Approved
RET02766,ORD047384,2024-06-30,CUST00628,PROD0087,1,Changed Mind,3396.38,Approved
RET02767,ORD029217,2024-08-16,CUST05418,PROD0132,1,Quality Issue,3901.55,Approved
RET02768,ORD057618,2024-02-13,CUST00564,PROD0095,1,Damaged,2134.17,Rejected
RET02769,ORD050024,2025-09-28,CUST00017,PROD0064,1,Late Delivery,14023.42,Approved
RET02770,ORD026260,2025-07-28,CUST02693,PROD0050,1,Quality Issue,7609.14,Approved
RET02771,ORD043645,2024-05-26,CUST03433,PROD0138,1,Damaged,12600.9,Approved
RET02772,ORD069563,2026-06-10,CUST00059,PROD0105,1,Damaged,10597.29,Approved
RET02773,ORD035719,2026-02-24,CUST03210,PROD0076,1,Wrong Item,7447.92,Approved
RET02774,ORD051876,2026-03-16,CUST02982,PROD0016,1,Late Delivery,5085.97,Approved
RET02775,ORD042385,2025-06-01,CUST03164,PROD0022,1,Wrong Item,15694.57,Approved
RET02776,ORD055941,2026-04-02,CUST03271,PROD0130,1,Damaged,9115.86,Approved
RET02777,ORD009334,2026-02-07,CUST03132,PROD0100,2,Wrong Item,8181.48,Approved
RET02778,ORD063260,2025-07-19,CUST01437,PROD0143,1,Changed Mind,4810.17,Approved
RET02779,ORD074017,2025-03-13,CUST04265,PROD0136,1,Damaged,14567.99,Approved
RET02780,ORD035414,2025-03-14,CUST03160,PROD0069,1,Damaged,5482.32,Approved
RET02781,ORD071613,2025-12-23,CUST02493,PROD0056,1,Changed Mind,4052.4,Approved
RET02782,ORD053489,2024-05-09,CUST00641,PROD0048,1,Wrong Item,4193.34,Approved
RET02783,ORD012607,2026-05-02,CUST04719,PROD0009,1,Changed Mind,6992.14,Approved
RET02784,ORD059792,2025-08-26,CUST03353,PROD0040,1,Changed Mind,7125.69,Approved
RET02785,ORD043424,2024-09-13,CUST00534,PROD0167,1,Wrong Item,12170.89,Approved
RET02786,ORD016633,2024-08-17,CUST05157,PROD0053,1,Quality Issue,2085.37,Pending
RET02787,ORD067356,2025-02-23,CUST05565,PROD0105,1,Quality Issue,10597.29,Approved
RET02788,ORD073224,2026-04-05,CUST03220,PROD0102,1,Changed Mind,5276.76,Approved
RET02789,ORD047863,2024-01-27,CUST04457,PROD0027,1,Wrong Item,10298.65,Approved
RET02790,ORD033168,2024-12-27,CUST00666,PROD0081,1,Late Delivery,255.39,Approved
RET02791,ORD022358,2025-07-24,CUST00294,PROD0019,1,Changed Mind,9684.46,Approved
RET02792,ORD050810,2024-03-16,CUST05603,PROD0062,1,Wrong Item,4179.63,Approved
RET02793,ORD066903,2024-03-26,CUST03529,PROD0057,1,Changed Mind,9379.9,Approved
RET02794,ORD055299,2024-02-17,CUST02063,PROD0119,1,Damaged,15636.32,Approved
RET02795,ORD060209,2024-01-13,CUST02237,PROD0046,1,Late Delivery,5767.09,Rejected
RET02796,ORD069195,2026-07-10,CUST03892,PROD0136,1,Wrong Item,14567.99,Approved
RET02797,ORD037784,2024-02-11,CUST05483,PROD0126,1,Quality Issue,11737.65,Approved
RET02798,ORD070657,2024-08-17,CUST05124,PROD0121,1,Changed Mind,15732.26,Approved
RET02799,ORD033122,2024-08-18,CUST03186,PROD0155,1,Late Delivery,2796.83,Approved
RET02800,ORD034446,2026-05-14,CUST05087,PROD0002,1,Quality Issue,6109.4,Rejected
RET02801,ORD036926,2025-03-15,CUST03062,PROD0056,1,Wrong Item,4052.4,Approved
RET02802,ORD072229,2024-04-07,CUST05424,PROD0118,1,Damaged,11702.39,Approved
RET02803,ORD048806,2025-03-06,CUST00879,PROD0111,1,Damaged,4589.0,Approved
RET02804,ORD065554,2026-07-04,CUST02072,PROD0132,1,Damaged,3901.55,Approved
RET02805,ORD074538,2025-05-28,CUST04997,PROD0163,1,Late Delivery,9897.91,Approved
RET02806,ORD064410,2025-01-05,CUST00551,PROD0013,1,Wrong Item,10350.0,Approved
RET02807,ORD060118,2026-05-08,CUST01235,PROD0061,1,Wrong Item,7568.74,Approved
RET02808,ORD072923,2025-03-26,CUST00120,PROD0144,1,Late Delivery,2257.47,Approved
RET02809,ORD025421,2026-05-06,CUST01933,PROD0122,2,Quality Issue,12684.06,Approved
RET02810,ORD023755,2025-05-24,CUST03357,PROD0103,1,Damaged,7340.57,Approved
RET02811,ORD018711,2026-03-22,CUST03938,PROD0139,1,Quality Issue,1777.94,Approved
RET02812,ORD049906,2026-02-28,CUST01456,PROD0070,1,Changed Mind,13770.36,Pending
RET02813,ORD047778,2025-08-05,CUST01419,PROD0101,1,Quality Issue,12071.69,Approved
RET02814,ORD058107,2025-10-20,CUST00405,PROD0084,1,Wrong Item,8327.08,Approved
RET02815,ORD058994,2024-11-24,CUST05643,PROD0007,2,Wrong Item,13240.46,Pending
RET02816,ORD045051,2025-02-16,CUST02874,PROD0018,1,Changed Mind,12486.26,Rejected
RET02817,ORD018525,2025-10-24,CUST01469,PROD0123,1,Quality Issue,10275.68,Approved
RET02818,ORD043083,2025-05-26,CUST04025,PROD0106,1,Late Delivery,4279.13,Approved
RET02819,ORD038747,2025-12-19,CUST03801,PROD0123,1,Late Delivery,10275.68,Approved
RET02820,ORD005980,2026-03-07,CUST02053,PROD0045,1,Wrong Item,2884.24,Approved
RET02821,ORD067173,2026-02-04,CUST05987,PROD0081,1,Wrong Item,255.39,Approved
RET02822,ORD051361,2026-06-14,CUST00129,PROD0098,1,Quality Issue,15512.35,Approved
RET02823,ORD009199,2024-11-18,CUST04970,PROD0003,1,Wrong Item,15842.07,Approved
RET02824,ORD012947,2025-04-12,CUST03261,PROD0070,2,Wrong Item,27540.72,Approved
RET02825,ORD012470,2026-06-12,CUST00799,PROD0038,1,Late Delivery,5926.22,Approved
RET02826,ORD069954,2025-08-02,CUST02404,PROD0044,1,Changed Mind,13681.96,Approved
RET02827,ORD049559,2024-05-19,CUST01354,PROD0068,1,Wrong Item,14057.37,Approved
RET02828,ORD017292,2024-11-11,CUST02360,PROD0018,2,Late Delivery,24972.52,Rejected
RET02829,ORD063106,2025-03-08,CUST02685,PROD0158,1,Wrong Item,16109.18,Pending
RET02830,ORD032495,2024-09-10,CUST00444,PROD0165,1,Damaged,11488.02,Approved
RET02831,ORD022465,2025-04-03,CUST04368,PROD0037,2,Late Delivery,19462.1,Approved
RET02832,ORD070148,2025-01-13,CUST00717,PROD0143,1,Changed Mind,4810.17,Approved
RET02833,ORD065259,2026-05-03,CUST00007,PROD0034,1,Changed Mind,15512.32,Approved
RET02834,ORD046480,2025-08-11,CUST02207,PROD0081,1,Late Delivery,255.39,Approved
RET02835,ORD057541,2024-12-27,CUST05838,PROD0035,1,Damaged,717.8,Approved
RET02836,ORD008234,2024-05-08,CUST01406,PROD0159,1,Wrong Item,2880.2,Approved
RET02837,ORD000857,2025-07-03,CUST05425,PROD0170,1,Wrong Item,15086.92,Approved
RET02838,ORD055795,2025-03-12,CUST02854,PROD0159,1,Late Delivery,2880.2,Pending
RET02839,ORD021115,2025-11-06,CUST04836,PROD0165,1,Wrong Item,11488.02,Approved
RET02840,ORD004571,2024-01-15,CUST00796,PROD0122,1,Wrong Item,6342.03,Approved
RET02841,ORD050825,2024-09-15,CUST01682,PROD0101,1,Late Delivery,12071.69,Approved
RET02842,ORD063007,2025-03-08,CUST05786,PROD0141,1,Wrong Item,1258.64,Approved
RET02843,ORD048329,2025-09-23,CUST05859,PROD0069,1,Damaged,5482.32,Approved
RET02844,ORD057984,2026-01-15,CUST04120,PROD0064,1,Quality Issue,14023.42,Approved
RET02845,ORD012407,2024-02-26,CUST01339,PROD0007,1,Damaged,6620.23,Rejected
RET02846,ORD059496,2026-04-04,CUST04459,PROD0076,1,Late Delivery,7447.92,Approved
RET02847,ORD028888,2024-04-12,CUST05515,PROD0120,1,Quality Issue,6528.62,Approved
RET02848,ORD063450,2024-12-12,CUST05235,PROD0031,1,Wrong Item,3348.21,Approved
RET02849,ORD066893,2026-05-25,CUST01481,PROD0154,1,Quality Issue,2368.51,Pending
RET02850,ORD067035,2025-06-25,CUST00130,PROD0058,1,Late Delivery,2824.28,Approved
RET02851,ORD054493,2026-03-18,CUST00183,PROD0068,1,Changed Mind,14057.37,Approved
RET02852,ORD071805,2024-05-07,CUST03021,PROD0141,1,Late Delivery,1258.64,Approved
RET02853,ORD063308,2025-06-26,CUST02846,PROD0044,1,Quality Issue,13681.96,Rejected
RET02854,ORD028438,2024-06-07,CUST02981,PROD0018,1,Wrong Item,12486.26,Approved
RET02855,ORD065273,2025-01-23,CUST01677,PROD0128,1,Changed Mind,6488.56,Approved
RET02856,ORD013298,2025-01-07,CUST04259,PROD0001,1,Quality Issue,12001.3,Approved
RET02857,ORD012480,2025-09-08,CUST05344,PROD0077,2,Damaged,2042.94,Approved
RET02858,ORD000902,2025-11-02,CUST00352,PROD0094,1,Wrong Item,12677.35,Approved
RET02859,ORD042593,2025-01-31,CUST00669,PROD0063,1,Wrong Item,4222.04,Approved
RET02860,ORD039510,2026-03-29,CUST01214,PROD0177,2,Changed Mind,13017.6,Rejected
RET02861,ORD025929,2024-01-29,CUST02042,PROD0068,1,Late Delivery,14057.37,Approved
RET02862,ORD022957,2024-09-18,CUST00092,PROD0070,1,Late Delivery,13770.36,Approved
RET02863,ORD054451,2024-06-11,CUST02426,PROD0033,1,Wrong Item,8818.49,Approved
RET02864,ORD000029,2024-04-15,CUST03249,PROD0076,1,Wrong Item,7447.92,Approved
RET02865,ORD055474,2025-08-29,CUST02745,PROD0035,1,Wrong Item,717.8,Rejected
RET02866,ORD047997,2024-09-11,CUST01950,PROD0162,1,Wrong Item,14802.17,Approved
RET02867,ORD071992,2026-05-21,CUST01621,PROD0132,2,Quality Issue,7803.1,Approved
RET02868,ORD058322,2024-07-06,CUST04462,PROD0110,1,Damaged,448.54,Approved
RET02869,ORD031771,2025-05-16,CUST05281,PROD0178,1,Wrong Item,4622.91,Approved
RET02870,ORD013943,2024-12-05,CUST00545,PROD0010,2,Changed Mind,23544.02,Approved
RET02871,ORD054991,2026-03-19,CUST04249,PROD0171,1,Quality Issue,13350.31,Approved
RET02872,ORD072978,2026-02-26,CUST04201,PROD0155,1,Late Delivery,2796.83,Approved
RET02873,ORD065930,2025-01-15,CUST04188,PROD0162,2,Late Delivery,29604.34,Approved
RET02874,ORD036319,2025-09-28,CUST00955,PROD0173,1,Damaged,1727.4,Approved
RET02875,ORD065280,2026-05-11,CUST04353,PROD0141,1,Wrong Item,1258.64,Approved
RET02876,ORD014972,2025-03-22,CUST04584,PROD0020,1,Changed Mind,4124.29,Approved
RET02877,ORD001244,2025-04-20,CUST03174,PROD0150,1,Late Delivery,1301.37,Approved
RET02878,ORD061874,2026-01-26,CUST00931,PROD0115,1,Quality Issue,16930.95,Approved
RET02879,ORD001359,2026-03-29,CUST05255,PROD0139,2,Late Delivery,3555.88,Pending
RET02880,ORD074616,2025-06-06,CUST03472,PROD0022,1,Late Delivery,15694.57,Approved
RET02881,ORD002796,2024-06-30,CUST00948,PROD0175,1,Changed Mind,8066.73,Approved
RET02882,ORD029295,2025-02-19,CUST03017,PROD0139,1,Wrong Item,1777.94,Approved
RET02883,ORD019540,2024-03-22,CUST01480,PROD0151,1,Late Delivery,3808.36,Approved
RET02884,ORD050523,2024-07-27,CUST01427,PROD0119,1,Wrong Item,15636.32,Approved
RET02885,ORD066225,2025-12-06,CUST00067,PROD0138,1,Damaged,12600.9,Approved
RET02886,ORD023632,2025-07-30,CUST02089,PROD0144,1,Damaged,2257.47,Approved
RET02887,ORD068624,2025-08-31,CUST04046,PROD0075,1,Damaged,16358.29,Approved
RET02888,ORD051982,2025-09-26,CUST01708,PROD0127,1,Damaged,2851.07,Approved
RET02889,ORD030516,2026-05-13,CUST03166,PROD0015,1,Changed Mind,18083.63,Approved
RET02890,ORD068364,2026-05-18,CUST02055,PROD0066,1,Quality Issue,6135.56,Approved
RET02891,ORD049072,2025-10-30,CUST05073,PROD0108,1,Quality Issue,12361.97,Approved
RET02892,ORD066718,2026-03-20,CUST01675,PROD0172,1,Late Delivery,13612.05,Approved
RET02893,ORD034548,2026-03-26,CUST00957,PROD0063,1,Wrong Item,4222.04,Approved
RET02894,ORD020658,2025-12-13,CUST05398,PROD0002,1,Damaged,6109.4,Approved
RET02895,ORD011559,2024-04-18,CUST00208,PROD0074,1,Damaged,2745.78,Approved
RET02896,ORD046624,2026-03-22,CUST01247,PROD0148,1,Late Delivery,8761.87,Approved
RET02897,ORD054136,2024-03-24,CUST05214,PROD0094,1,Wrong Item,12677.35,Approved
RET02898,ORD023442,2025-01-08,CUST04608,PROD0173,1,Changed Mind,1727.4,Approved
RET02899,ORD033871,2024-02-07,CUST04311,PROD0179,1,Damaged,15031.47,Approved
RET02900,ORD072446,2026-03-15,CUST03615,PROD0167,1,Damaged,12170.89,Pending
RET02901,ORD035647,2026-03-10,CUST05642,PROD0026,1,Quality Issue,12026.19,Approved
RET02902,ORD042991,2025-08-19,CUST02232,PROD0118,1,Late Delivery,11702.39,Pending
RET02903,ORD015203,2026-07-03,CUST01125,PROD0140,1,Damaged,16058.37,Approved
RET02904,ORD029375,2025-06-26,CUST04458,PROD0177,1,Wrong Item,6508.8,Approved
RET02905,ORD047730,2026-03-21,CUST05786,PROD0006,2,Damaged,27350.28,Approved
RET02906,ORD016763,2024-03-15,CUST04806,PROD0079,1,Changed Mind,5573.33,Approved
RET02907,ORD056726,2025-05-09,CUST01526,PROD0144,1,Late Delivery,2257.47,Approved
RET02908,ORD035204,2025-03-01,CUST04354,PROD0070,1,Damaged,13770.36,Approved
RET02909,ORD000743,2024-11-11,CUST03143,PROD0112,1,Late Delivery,18905.22,Approved
RET02910,ORD048532,2026-02-06,CUST02566,PROD0031,1,Quality Issue,3348.21,Approved
RET02911,ORD012110,2025-10-19,CUST01352,PROD0027,2,Quality Issue,20597.3,Approved
RET02912,ORD049716,2026-06-30,CUST03994,PROD0034,1,Wrong Item,15512.32,Approved
RET02913,ORD028862,2024-02-21,CUST05325,PROD0039,1,Damaged,759.95,Approved
RET02914,ORD066925,2026-01-03,CUST03090,PROD0158,2,Late Delivery,32218.36,Approved
RET02915,ORD022810,2026-06-25,CUST03152,PROD0153,1,Wrong Item,8234.87,Approved
RET02916,ORD031672,2025-07-23,CUST04035,PROD0015,1,Wrong Item,18083.63,Approved
RET02917,ORD005837,2024-07-02,CUST03758,PROD0002,1,Changed Mind,6109.4,Approved
RET02918,ORD030513,2024-02-14,CUST02082,PROD0069,1,Damaged,5482.32,Approved
RET02919,ORD007922,2024-10-16,CUST01481,PROD0031,1,Quality Issue,3348.21,Approved
RET02920,ORD066658,2026-04-08,CUST04841,PROD0116,1,Wrong Item,1812.54,Rejected
RET02921,ORD036189,2024-03-14,CUST00013,PROD0108,1,Wrong Item,12361.97,Approved
RET02922,ORD022347,2024-07-19,CUST00684,PROD0006,1,Quality Issue,13675.14,Approved
RET02923,ORD011389,2024-08-29,CUST00715,PROD0130,1,Quality Issue,9115.86,Approved
RET02924,ORD043511,2025-05-11,CUST01733,PROD0127,1,Wrong Item,2851.07,Approved
RET02925,ORD055855,2025-04-28,CUST01319,PROD0121,1,Quality Issue,15732.26,Approved
RET02926,ORD025011,2025-11-20,CUST02432,PROD0008,1,Damaged,8891.61,Approved
RET02927,ORD017296,2025-10-18,CUST01881,PROD0178,1,Damaged,4622.91,Pending
RET02928,ORD058589,2025-05-21,CUST00862,PROD0050,1,Wrong Item,7609.14,Approved
RET02929,ORD071626,2025-06-17,CUST04497,PROD0170,2,Changed Mind,30173.84,Approved
RET02930,ORD053980,2025-12-13,CUST00084,PROD0037,1,Quality Issue,9731.05,Approved
RET02931,ORD058212,2025-09-14,CUST03797,PROD0024,1,Quality Issue,6673.1,Approved
RET02932,ORD072371,2025-04-04,CUST05066,PROD0023,1,Changed Mind,12094.54,Approved
RET02933,ORD052142,2025-06-09,CUST05633,PROD0139,1,Late Delivery,1777.94,Approved
RET02934,ORD052892,2024-03-12,CUST04129,PROD0166,1,Damaged,6336.84,Approved
RET02935,ORD060751,2024-03-12,CUST03296,PROD0057,2,Late Delivery,18759.8,Approved
RET02936,ORD019371,2025-01-31,CUST00675,PROD0110,1,Damaged,448.54,Approved
RET02937,ORD016450,2026-06-03,CUST05263,PROD0070,1,Damaged,13770.36,Approved
RET02938,ORD029203,2024-01-30,CUST05541,PROD0163,1,Damaged,9897.91,Approved
RET02939,ORD033379,2024-12-25,CUST02135,PROD0178,1,Changed Mind,4622.91,Approved
RET02940,ORD041868,2026-05-09,CUST04825,PROD0076,1,Wrong Item,7447.92,Approved
RET02941,ORD037121,2025-08-16,CUST03502,PROD0150,2,Late Delivery,2602.74,Approved
RET02942,ORD057013,2025-04-08,CUST05517,PROD0131,1,Wrong Item,8773.69,Approved
RET02943,ORD025691,2024-08-06,CUST01871,PROD0030,1,Late Delivery,10355.74,Approved
RET02944,ORD041877,2025-11-06,CUST02541,PROD0049,1,Wrong Item,1295.82,Approved
RET02945,ORD022148,2025-07-25,CUST05625,PROD0019,1,Quality Issue,9684.46,Approved
RET02946,ORD030099,2026-06-13,CUST05157,PROD0117,2,Quality Issue,5479.6,Approved
RET02947,ORD009595,2025-06-04,CUST04917,PROD0109,1,Quality Issue,8971.66,Approved
RET02948,ORD074730,2026-07-05,CUST01284,PROD0120,2,Changed Mind,13057.24,Approved
RET02949,ORD038626,2024-12-18,CUST01911,PROD0072,2,Damaged,13627.54,Approved
RET02950,ORD053603,2026-04-19,CUST05495,PROD0103,1,Late Delivery,7340.57,Approved
RET02951,ORD063691,2024-07-14,CUST01060,PROD0124,1,Late Delivery,10142.95,Approved
RET02952,ORD027610,2026-05-21,CUST05887,PROD0137,1,Wrong Item,2135.82,Approved
RET02953,ORD015336,2025-09-07,CUST05518,PROD0141,1,Late Delivery,1258.64,Approved
RET02954,ORD048265,2024-04-06,CUST02374,PROD0161,1,Damaged,15765.29,Approved
RET02955,ORD048685,2024-05-02,CUST05802,PROD0159,1,Quality Issue,2880.2,Approved
RET02956,ORD001215,2026-04-16,CUST03236,PROD0147,1,Changed Mind,5213.69,Approved
RET02957,ORD016452,2024-08-14,CUST02721,PROD0104,1,Changed Mind,5323.97,Approved
RET02958,ORD040283,2025-08-19,CUST04065,PROD0116,1,Wrong Item,1812.54,Approved
RET02959,ORD006211,2025-07-31,CUST00716,PROD0146,1,Late Delivery,2879.6,Approved
RET02960,ORD046154,2024-10-06,CUST04044,PROD0179,1,Wrong Item,15031.47,Approved
RET02961,ORD068500,2024-09-07,CUST04158,PROD0023,1,Late Delivery,12094.54,Approved
RET02962,ORD004963,2024-09-01,CUST05146,PROD0138,2,Quality Issue,25201.8,Approved
RET02963,ORD039533,2024-08-07,CUST05598,PROD0144,1,Changed Mind,2257.47,Approved
RET02964,ORD006506,2025-07-02,CUST02314,PROD0125,2,Late Delivery,24401.96,Approved
RET02965,ORD065381,2026-01-17,CUST01625,PROD0174,1,Late Delivery,2332.87,Rejected
RET02966,ORD028322,2025-07-19,CUST03294,PROD0118,1,Quality Issue,11702.39,Approved
RET02967,ORD072419,2025-06-26,CUST01688,PROD0175,1,Changed Mind,8066.73,Approved
RET02968,ORD072087,2025-05-24,CUST04933,PROD0147,1,Wrong Item,5213.69,Approved
RET02969,ORD015994,2026-02-07,CUST00849,PROD0074,1,Late Delivery,2745.78,Approved
RET02970,ORD031408,2025-09-27,CUST02866,PROD0106,1,Changed Mind,4279.13,Rejected
RET02971,ORD001778,2024-09-01,CUST02953,PROD0034,1,Late Delivery,15512.32,Approved
RET02972,ORD070206,2025-12-11,CUST01286,PROD0166,2,Wrong Item,12673.68,Approved
RET02973,ORD054311,2024-07-10,CUST04016,PROD0101,1,Late Delivery,12071.69,Approved
RET02974,ORD007486,2024-11-03,CUST04088,PROD0164,1,Quality Issue,15495.6,Approved
RET02975,ORD039152,2024-07-25,CUST05699,PROD0069,1,Late Delivery,5482.32,Approved
RET02976,ORD048507,2025-11-26,CUST03445,PROD0134,2,Late Delivery,13281.66,Approved
RET02977,ORD068407,2024-07-20,CUST02615,PROD0042,1,Damaged,19236.44,Approved
RET02978,ORD034606,2025-10-02,CUST00338,PROD0010,1,Changed Mind,11772.01,Approved
RET02979,ORD054643,2024-04-22,CUST02082,PROD0080,1,Changed Mind,7106.65,Approved
RET02980,ORD019559,2024-09-19,CUST05006,PROD0171,1,Damaged,13350.31,Approved
RET02981,ORD070686,2024-12-30,CUST04394,PROD0110,1,Changed Mind,448.54,Pending
RET02982,ORD048789,2026-01-08,CUST02150,PROD0134,1,Damaged,6640.83,Approved
RET02983,ORD041703,2024-12-30,CUST03049,PROD0116,1,Late Delivery,1812.54,Approved
RET02984,ORD068720,2026-04-22,CUST05599,PROD0074,1,Damaged,2745.78,Pending
RET02985,ORD071624,2024-03-04,CUST05862,PROD0101,1,Damaged,12071.69,Approved
RET02986,ORD057463,2026-04-15,CUST04672,PROD0172,1,Damaged,13612.05,Pending
RET02987,ORD057833,2025-04-17,CUST05405,PROD0005,1,Late Delivery,5395.83,Approved
RET02988,ORD072378,2025-05-31,CUST02588,PROD0068,1,Late Delivery,14057.37,Approved
RET02989,ORD012088,2025-06-06,CUST02470,PROD0049,1,Quality Issue,1295.82,Pending
RET02990,ORD036662,2026-02-23,CUST04338,PROD0165,1,Quality Issue,11488.02,Approved
RET02991,ORD031131,2025-08-14,CUST02390,PROD0069,1,Changed Mind,5482.32,Rejected
RET02992,ORD033374,2024-09-17,CUST00865,PROD0103,2,Changed Mind,14681.14,Approved
RET02993,ORD048928,2026-04-11,CUST00875,PROD0019,2,Late Delivery,19368.92,Pending
RET02994,ORD020610,2025-12-21,CUST03069,PROD0057,1,Late Delivery,9379.9,Approved
RET02995,ORD044665,2025-09-15,CUST01611,PROD0093,1,Late Delivery,13725.41,Approved
RET02996,ORD002025,2024-08-19,CUST00345,PROD0038,1,Quality Issue,5926.22,Approved
RET02997,ORD043426,2025-04-27,CUST03257,PROD0059,1,Changed Mind,4032.23,Approved
RET02998,ORD060174,2025-12-11,CUST03321,PROD0005,2,Damaged,10791.66,Approved
RET02999,ORD070535,2024-09-13,CUST00993,PROD0097,2,Quality Issue,22000.08,Approved
RET03000,ORD054346,2025-07-14,CUST04267,PROD0100,1,Quality Issue,4090.74,Pending
RET03001,ORD000194,2024-07-17,CUST05627,PROD0031,1,Wrong Item,3348.21,Approved
RET03002,ORD043444,2025-06-30,CUST00395,PROD0141,1,Damaged,1258.64,Approved
RET03003,ORD008156,2025-03-25,CUST02071,PROD0080,1,Wrong Item,7106.65,Approved
RET03004,ORD050320,2025-10-02,CUST03040,PROD0121,1,Quality Issue,15732.26,Pending
RET03005,ORD059872,2026-02-03,CUST03225,PROD0106,1,Wrong Item,4279.13,Approved
RET03006,ORD000719,2024-07-27,CUST02128,PROD0053,1,Wrong Item,2085.37,Approved
RET03007,ORD037815,2024-07-28,CUST04560,PROD0035,2,Late Delivery,1435.6,Approved
RET03008,ORD019832,2025-12-15,CUST04467,PROD0150,1,Quality Issue,1301.37,Approved
RET03009,ORD003398,2025-01-02,CUST04304,PROD0022,1,Late Delivery,15694.57,Pending
RET03010,ORD068723,2024-10-15,CUST01673,PROD0055,1,Quality Issue,832.15,Approved
RET03011,ORD033468,2024-09-04,CUST05819,PROD0166,1,Late Delivery,6336.84,Approved
RET03012,ORD001431,2025-05-06,CUST03418,PROD0123,2,Wrong Item,20551.36,Approved
RET03013,ORD059501,2026-06-08,CUST03917,PROD0153,2,Wrong Item,16469.74,Approved
RET03014,ORD036109,2024-08-18,CUST00238,PROD0083,1,Wrong Item,13634.93,Approved
RET03015,ORD029156,2025-11-15,CUST03118,PROD0088,1,Late Delivery,15469.47,Approved
RET03016,ORD042459,2026-01-17,CUST05830,PROD0093,1,Wrong Item,13725.41,Approved
RET03017,ORD010077,2025-04-18,CUST00681,PROD0038,1,Late Delivery,5926.22,Approved
RET03018,ORD039480,2024-09-21,CUST00525,PROD0028,1,Late Delivery,19962.64,Approved
RET03019,ORD009480,2024-09-09,CUST04046,PROD0118,1,Quality Issue,11702.39,Approved
RET03020,ORD032953,2026-02-28,CUST02876,PROD0165,2,Late Delivery,22976.04,Approved
RET03021,ORD064650,2025-12-29,CUST03735,PROD0110,1,Late Delivery,448.54,Approved
RET03022,ORD069849,2025-03-14,CUST05378,PROD0114,1,Changed Mind,5547.1,Rejected
RET03023,ORD041121,2026-04-29,CUST01716,PROD0147,1,Wrong Item,5213.69,Approved
RET03024,ORD007443,2026-05-05,CUST03411,PROD0071,2,Late Delivery,20840.58,Approved
RET03025,ORD034923,2024-12-06,CUST03528,PROD0042,1,Changed Mind,19236.44,Rejected
RET03026,ORD025553,2024-05-05,CUST00041,PROD0027,1,Quality Issue,10298.65,Approved
RET03027,ORD037715,2024-10-24,CUST04488,PROD0087,1,Late Delivery,3396.38,Approved
RET03028,ORD042559,2025-10-12,CUST00245,PROD0011,1,Changed Mind,4711.27,Rejected
RET03029,ORD000756,2024-07-23,CUST03805,PROD0019,1,Wrong Item,9684.46,Approved
RET03030,ORD061236,2024-03-31,CUST01856,PROD0112,2,Quality Issue,37810.44,Approved
RET03031,ORD018013,2025-01-30,CUST00992,PROD0075,1,Late Delivery,16358.29,Approved
RET03032,ORD000389,2024-07-26,CUST00450,PROD0032,1,Changed Mind,16577.15,Approved
RET03033,ORD073052,2026-02-16,CUST05821,PROD0065,1,Wrong Item,4366.12,Approved
RET03034,ORD033260,2026-04-25,CUST04107,PROD0006,1,Late Delivery,13675.14,Pending
RET03035,ORD008219,2024-06-11,CUST02970,PROD0051,1,Quality Issue,7244.8,Pending
RET03036,ORD026481,2024-08-02,CUST02440,PROD0091,1,Late Delivery,2345.0,Approved
RET03037,ORD036777,2025-09-07,CUST04335,PROD0117,1,Changed Mind,2739.8,Approved
RET03038,ORD073928,2025-09-10,CUST04124,PROD0008,1,Wrong Item,8891.61,Approved
RET03039,ORD040708,2026-06-30,CUST01495,PROD0070,2,Damaged,27540.72,Approved
RET03040,ORD009925,2025-06-20,CUST05251,PROD0159,2,Damaged,5760.4,Rejected
RET03041,ORD022596,2025-04-10,CUST04302,PROD0061,1,Wrong Item,7568.74,Approved
RET03042,ORD001681,2024-02-11,CUST02301,PROD0129,1,Wrong Item,5163.83,Approved
RET03043,ORD056277,2026-02-11,CUST05207,PROD0090,1,Wrong Item,6354.08,Approved
RET03044,ORD042840,2026-06-01,CUST01816,PROD0040,2,Quality Issue,14251.38,Approved
RET03045,ORD027899,2024-02-05,CUST02557,PROD0177,1,Late Delivery,6508.8,Rejected
RET03046,ORD026289,2024-07-22,CUST03790,PROD0084,1,Damaged,8327.08,Approved
RET03047,ORD059829,2024-01-11,CUST00405,PROD0067,1,Damaged,4228.87,Approved
RET03048,ORD015139,2024-01-20,CUST01105,PROD0070,1,Damaged,13770.36,Approved
RET03049,ORD046041,2026-06-22,CUST03436,PROD0129,1,Changed Mind,5163.83,Approved
RET03050,ORD024358,2024-07-11,CUST02697,PROD0147,1,Damaged,5213.69,Pending
RET03051,ORD027410,2025-06-14,CUST04123,PROD0128,1,Wrong Item,6488.56,Approved
RET03052,ORD060703,2025-03-04,CUST02230,PROD0049,1,Damaged,1295.82,Approved
RET03053,ORD057373,2025-01-24,CUST03865,PROD0160,1,Quality Issue,9056.08,Approved
RET03054,ORD056627,2024-05-16,CUST02118,PROD0146,1,Wrong Item,2879.6,Approved
RET03055,ORD012743,2024-07-17,CUST05513,PROD0119,1,Quality Issue,15636.32,Approved
RET03056,ORD042703,2025-04-27,CUST02916,PROD0114,1,Wrong Item,5547.1,Approved
RET03057,ORD053703,2026-02-27,CUST05127,PROD0133,1,Late Delivery,12376.92,Approved
RET03058,ORD039772,2025-10-28,CUST05578,PROD0031,1,Wrong Item,3348.21,Approved
RET03059,ORD063012,2025-02-13,CUST02509,PROD0003,1,Damaged,15842.07,Approved
RET03060,ORD000471,2025-09-05,CUST00300,PROD0158,1,Wrong Item,16109.18,Pending
RET03061,ORD040508,2024-05-06,CUST05966,PROD0090,1,Damaged,6354.08,Approved
RET03062,ORD055699,2026-06-05,CUST04110,PROD0099,2,Wrong Item,10409.6,Approved
RET03063,ORD070343,2025-07-18,CUST02267,PROD0054,2,Quality Issue,35879.44,Approved
RET03064,ORD061956,2026-03-14,CUST02662,PROD0104,1,Wrong Item,5323.97,Approved
RET03065,ORD023317,2026-05-25,CUST00197,PROD0018,1,Late Delivery,12486.26,Pending
RET03066,ORD009487,2025-02-09,CUST04807,PROD0168,1,Late Delivery,7461.76,Approved
RET03067,ORD045849,2024-12-22,CUST02885,PROD0090,1,Damaged,6354.08,Approved
RET03068,ORD046738,2024-09-27,CUST05919,PROD0175,1,Damaged,8066.73,Approved
RET03069,ORD037063,2025-08-16,CUST02728,PROD0167,1,Damaged,12170.89,Approved
RET03070,ORD011224,2025-08-28,CUST04936,PROD0152,1,Changed Mind,8156.28,Approved
RET03071,ORD005347,2025-06-23,CUST02010,PROD0170,1,Wrong Item,15086.92,Pending
RET03072,ORD040152,2025-07-20,CUST05551,PROD0176,1,Wrong Item,12006.69,Approved
RET03073,ORD025500,2024-08-20,CUST00942,PROD0168,1,Damaged,7461.76,Approved
RET03074,ORD035584,2025-04-03,CUST01239,PROD0118,1,Late Delivery,11702.39,Approved
RET03075,ORD012334,2024-03-20,CUST05087,PROD0165,1,Wrong Item,11488.02,Approved
RET03076,ORD074900,2026-06-21,CUST02119,PROD0172,1,Damaged,13612.05,Approved
RET03077,ORD035106,2025-06-09,CUST00649,PROD0112,1,Wrong Item,18905.22,Approved
RET03078,ORD046866,2026-05-30,CUST00529,PROD0087,1,Quality Issue,3396.38,Approved
RET03079,ORD049100,2025-09-30,CUST03918,PROD0166,1,Quality Issue,6336.84,Approved
RET03080,ORD060674,2024-08-29,CUST05888,PROD0162,1,Damaged,14802.17,Approved
RET03081,ORD057168,2025-09-02,CUST01097,PROD0085,1,Wrong Item,7374.91,Pending
RET03082,ORD046826,2024-02-22,CUST02804,PROD0021,1,Wrong Item,18499.86,Approved
RET03083,ORD006528,2024-12-12,CUST02428,PROD0002,1,Late Delivery,6109.4,Approved
RET03084,ORD013317,2025-09-21,CUST00657,PROD0001,1,Wrong Item,12001.3,Approved
RET03085,ORD058053,2024-04-22,CUST05586,PROD0156,1,Late Delivery,891.52,Approved
RET03086,ORD071429,2025-06-08,CUST01937,PROD0032,1,Damaged,16577.15,Approved
RET03087,ORD038214,2025-05-31,CUST01184,PROD0135,1,Late Delivery,11613.45,Approved
RET03088,ORD052725,2025-06-10,CUST03411,PROD0012,1,Changed Mind,332.97,Approved
RET03089,ORD005223,2024-07-22,CUST01522,PROD0090,1,Changed Mind,6354.08,Approved
RET03090,ORD047558,2024-05-09,CUST00573,PROD0180,1,Damaged,1990.36,Approved
RET03091,ORD065825,2025-03-15,CUST05689,PROD0166,1,Changed Mind,6336.84,Approved
RET03092,ORD060825,2026-02-02,CUST01512,PROD0164,1,Late Delivery,15495.6,Approved
RET03093,ORD039227,2025-02-25,CUST00277,PROD0172,1,Damaged,13612.05,Approved
RET03094,ORD032785,2025-12-18,CUST03234,PROD0099,1,Quality Issue,5204.8,Approved
RET03095,ORD041157,2026-06-09,CUST02099,PROD0077,1,Damaged,1021.47,Rejected
RET03096,ORD041377,2026-01-18,CUST01816,PROD0178,1,Quality Issue,4622.91,Approved
RET03097,ORD012432,2025-02-22,CUST03990,PROD0118,1,Damaged,11702.39,Rejected
RET03098,ORD037767,2024-06-01,CUST03297,PROD0091,2,Late Delivery,4690.0,Approved
RET03099,ORD042916,2024-05-23,CUST04825,PROD0064,2,Wrong Item,28046.84,Approved
RET03100,ORD035497,2025-09-23,CUST04338,PROD0133,1,Wrong Item,12376.92,Approved
RET03101,ORD002577,2024-03-07,CUST01479,PROD0111,1,Changed Mind,4589.0,Rejected
RET03102,ORD007113,2025-07-02,CUST05221,PROD0021,1,Wrong Item,18499.86,Approved
RET03103,ORD044803,2024-10-02,CUST05137,PROD0102,1,Late Delivery,5276.76,Approved
RET03104,ORD016331,2024-07-24,CUST03724,PROD0159,1,Late Delivery,2880.2,Approved
RET03105,ORD052804,2024-10-04,CUST03136,PROD0077,2,Wrong Item,2042.94,Approved
RET03106,ORD030629,2026-04-01,CUST01528,PROD0012,2,Damaged,665.94,Approved
RET03107,ORD047831,2025-08-21,CUST04013,PROD0156,1,Wrong Item,891.52,Pending
RET03108,ORD009526,2025-02-22,CUST02977,PROD0173,1,Quality Issue,1727.4,Approved
RET03109,ORD055006,2025-04-23,CUST03550,PROD0016,1,Changed Mind,5085.97,Rejected
RET03110,ORD053947,2026-07-03,CUST05759,PROD0139,1,Wrong Item,1777.94,Approved
RET03111,ORD059451,2026-03-01,CUST01453,PROD0124,1,Late Delivery,10142.95,Pending
RET03112,ORD019900,2024-09-27,CUST05468,PROD0126,1,Late Delivery,11737.65,Approved
RET03113,ORD048706,2025-08-25,CUST02393,PROD0126,1,Quality Issue,11737.65,Approved
RET03114,ORD039915,2025-11-25,CUST04065,PROD0066,1,Changed Mind,6135.56,Approved
RET03115,ORD002201,2025-02-21,CUST04073,PROD0077,2,Quality Issue,2042.94,Approved
RET03116,ORD014845,2024-10-10,CUST04946,PROD0038,1,Late Delivery,5926.22,Approved
RET03117,ORD043624,2025-04-20,CUST01918,PROD0116,1,Wrong Item,1812.54,Approved
RET03118,ORD046524,2025-05-10,CUST03612,PROD0090,1,Changed Mind,6354.08,Approved
RET03119,ORD072405,2025-02-13,CUST03088,PROD0132,1,Late Delivery,3901.55,Approved
RET03120,ORD022011,2025-04-13,CUST05688,PROD0154,1,Quality Issue,2368.51,Pending
RET03121,ORD073201,2025-08-21,CUST04565,PROD0103,2,Late Delivery,14681.14,Rejected
RET03122,ORD069167,2024-08-09,CUST05602,PROD0145,1,Damaged,1029.53,Approved
RET03123,ORD037108,2024-07-13,CUST05764,PROD0116,1,Wrong Item,1812.54,Approved
RET03124,ORD043540,2025-02-27,CUST02885,PROD0175,1,Wrong Item,8066.73,Approved
RET03125,ORD034517,2024-01-14,CUST00589,PROD0085,2,Late Delivery,14749.82,Approved
RET03126,ORD011369,2026-04-06,CUST04672,PROD0165,1,Wrong Item,11488.02,Approved
RET03127,ORD021488,2025-10-03,CUST03203,PROD0056,1,Wrong Item,4052.4,Approved
RET03128,ORD010242,2024-07-28,CUST01461,PROD0167,1,Damaged,12170.89,Approved
RET03129,ORD041678,2024-08-27,CUST01402,PROD0179,2,Late Delivery,30062.94,Approved
RET03130,ORD030842,2025-05-13,CUST03231,PROD0008,1,Quality Issue,8891.61,Approved
RET03131,ORD020238,2026-05-25,CUST00621,PROD0178,1,Changed Mind,4622.91,Approved
RET03132,ORD070404,2025-11-01,CUST05503,PROD0140,1,Changed Mind,16058.37,Approved
RET03133,ORD029723,2026-01-24,CUST01233,PROD0079,1,Late Delivery,5573.33,Approved
RET03134,ORD059949,2026-06-26,CUST01218,PROD0046,1,Late Delivery,5767.09,Approved
RET03135,ORD018076,2024-12-19,CUST04226,PROD0153,1,Wrong Item,8234.87,Approved
RET03136,ORD065976,2024-08-13,CUST05833,PROD0067,1,Wrong Item,4228.87,Approved
RET03137,ORD050862,2025-08-17,CUST03717,PROD0104,1,Quality Issue,5323.97,Approved
RET03138,ORD058186,2025-05-06,CUST00563,PROD0024,2,Damaged,13346.2,Approved
RET03139,ORD074075,2025-07-27,CUST02288,PROD0122,1,Damaged,6342.03,Pending
RET03140,ORD006216,2024-07-25,CUST00475,PROD0021,2,Wrong Item,36999.72,Approved
RET03141,ORD056937,2024-10-02,CUST00837,PROD0058,1,Wrong Item,2824.28,Approved
RET03142,ORD058891,2025-01-06,CUST00643,PROD0086,1,Wrong Item,4398.02,Approved
RET03143,ORD048771,2024-12-26,CUST02756,PROD0022,1,Wrong Item,15694.57,Approved
RET03144,ORD042402,2025-04-23,CUST00769,PROD0134,2,Damaged,13281.66,Approved
RET03145,ORD009849,2025-07-18,CUST04357,PROD0073,1,Wrong Item,8656.25,Approved
RET03146,ORD016312,2026-05-24,CUST02049,PROD0079,1,Late Delivery,5573.33,Approved
RET03147,ORD033112,2025-04-25,CUST03445,PROD0114,1,Changed Mind,5547.1,Approved
RET03148,ORD038083,2026-06-21,CUST03244,PROD0122,1,Late Delivery,6342.03,Approved
RET03149,ORD062715,2025-02-20,CUST05404,PROD0066,1,Changed Mind,6135.56,Approved
RET03150,ORD072689,2025-04-06,CUST03215,PROD0024,1,Wrong Item,6673.1,Approved
RET03151,ORD062336,2026-01-24,CUST00584,PROD0139,1,Changed Mind,1777.94,Approved
RET03152,ORD026564,2025-07-06,CUST02393,PROD0095,1,Quality Issue,2134.17,Approved
RET03153,ORD049934,2024-03-01,CUST05973,PROD0120,1,Quality Issue,6528.62,Approved
RET03154,ORD011609,2026-02-18,CUST00848,PROD0035,1,Quality Issue,717.8,Pending
RET03155,ORD042281,2024-06-29,CUST04746,PROD0136,2,Wrong Item,29135.98,Pending
RET03156,ORD016701,2026-04-12,CUST00349,PROD0101,2,Quality Issue,24143.38,Approved
RET03157,ORD049259,2025-07-12,CUST02099,PROD0085,2,Wrong Item,14749.82,Approved
RET03158,ORD059364,2026-06-29,CUST02352,PROD0128,1,Damaged,6488.56,Approved
RET03159,ORD051424,2026-05-05,CUST04830,PROD0078,1,Late Delivery,11816.08,Approved
RET03160,ORD021273,2026-06-06,CUST05414,PROD0104,1,Changed Mind,5323.97,Approved
RET03161,ORD000368,2024-02-13,CUST02881,PROD0132,2,Late Delivery,7803.1,Approved
RET03162,ORD000621,2025-10-08,CUST03306,PROD0086,1,Damaged,4398.02,Approved
RET03163,ORD059098,2025-08-13,CUST05233,PROD0022,1,Damaged,15694.57,Approved
RET03164,ORD020877,2024-11-17,CUST00131,PROD0068,1,Late Delivery,14057.37,Approved
RET03165,ORD021173,2025-02-19,CUST02667,PROD0038,1,Wrong Item,5926.22,Approved
RET03166,ORD070482,2025-03-24,CUST04898,PROD0156,2,Damaged,1783.04,Pending
RET03167,ORD005841,2024-02-29,CUST03451,PROD0004,1,Quality Issue,15906.36,Approved
RET03168,ORD073710,2025-09-17,CUST00568,PROD0175,1,Late Delivery,8066.73,Approved
RET03169,ORD042542,2024-11-04,CUST05020,PROD0102,2,Late Delivery,10553.52,Approved
RET03170,ORD042700,2025-11-11,CUST04295,PROD0084,2,Late Delivery,16654.16,Approved
RET03171,ORD054706,2025-03-03,CUST01859,PROD0058,1,Damaged,2824.28,Pending
RET03172,ORD069690,2025-09-05,CUST01576,PROD0089,1,Late Delivery,18354.57,Approved
RET03173,ORD056034,2025-02-16,CUST00897,PROD0102,1,Changed Mind,5276.76,Approved
RET03174,ORD015719,2024-06-27,CUST05601,PROD0103,1,Quality Issue,7340.57,Approved
RET03175,ORD029822,2024-03-17,CUST03027,PROD0178,1,Damaged,4622.91,Approved
RET03176,ORD040012,2025-08-09,CUST02572,PROD0125,1,Wrong Item,12200.98,Pending
RET03177,ORD019709,2026-01-04,CUST03669,PROD0083,1,Quality Issue,13634.93,Approved
RET03178,ORD001557,2026-03-10,CUST01737,PROD0166,1,Late Delivery,6336.84,Approved
RET03179,ORD069936,2026-02-10,CUST04974,PROD0126,1,Damaged,11737.65,Rejected
RET03180,ORD071537,2025-01-08,CUST00935,PROD0081,1,Changed Mind,255.39,Approved
RET03181,ORD044012,2025-04-17,CUST05380,PROD0082,1,Late Delivery,2212.72,Approved
RET03182,ORD020743,2024-12-16,CUST03219,PROD0150,1,Late Delivery,1301.37,Approved
RET03183,ORD046713,2025-09-13,CUST03111,PROD0120,1,Quality Issue,6528.62,Approved
RET03184,ORD027140,2025-01-12,CUST05250,PROD0086,1,Wrong Item,4398.02,Approved
RET03185,ORD038192,2024-03-12,CUST02067,PROD0049,1,Wrong Item,1295.82,Approved
RET03186,ORD007471,2025-09-09,CUST00941,PROD0085,1,Wrong Item,7374.91,Approved
RET03187,ORD050514,2026-06-10,CUST04026,PROD0118,1,Late Delivery,11702.39,Pending
RET03188,ORD058389,2024-09-28,CUST04094,PROD0011,1,Quality Issue,4711.27,Approved
RET03189,ORD002055,2025-05-10,CUST05023,PROD0072,1,Wrong Item,6813.77,Approved
RET03190,ORD043186,2024-02-16,CUST00432,PROD0045,1,Wrong Item,2884.24,Approved
RET03191,ORD010157,2024-01-15,CUST05687,PROD0052,1,Quality Issue,16337.81,Approved
RET03192,ORD067370,2026-05-13,CUST04554,PROD0149,1,Damaged,15077.01,Approved
RET03193,ORD006396,2026-02-13,CUST00782,PROD0041,1,Wrong Item,2219.7,Approved
RET03194,ORD062437,2025-04-02,CUST05627,PROD0033,1,Changed Mind,8818.49,Pending
RET03195,ORD033614,2024-05-12,CUST04459,PROD0131,1,Late Delivery,8773.69,Approved
RET03196,ORD039341,2026-03-28,CUST03897,PROD0118,1,Quality Issue,11702.39,Approved
RET03197,ORD069833,2026-01-30,CUST01027,PROD0094,1,Late Delivery,12677.35,Approved
RET03198,ORD034151,2024-02-22,CUST04773,PROD0066,1,Quality Issue,6135.56,Approved
RET03199,ORD043152,2025-12-03,CUST00467,PROD0169,1,Damaged,6354.88,Approved
RET03200,ORD066452,2024-01-28,CUST02295,PROD0037,1,Damaged,9731.05,Pending
RET03201,ORD025966,2026-03-01,CUST02699,PROD0144,1,Quality Issue,2257.47,Approved
RET03202,ORD050985,2024-03-16,CUST04861,PROD0101,1,Late Delivery,12071.69,Approved
RET03203,ORD042065,2026-04-15,CUST03618,PROD0120,1,Quality Issue,6528.62,Approved
RET03204,ORD057883,2026-01-03,CUST01001,PROD0026,1,Wrong Item,12026.19,Approved
RET03205,ORD007585,2024-03-22,CUST01775,PROD0153,1,Changed Mind,8234.87,Approved
RET03206,ORD024024,2024-10-04,CUST04850,PROD0140,1,Late Delivery,16058.37,Approved
RET03207,ORD048356,2025-07-26,CUST04546,PROD0116,1,Damaged,1812.54,Pending
RET03208,ORD051428,2024-08-17,CUST00978,PROD0060,1,Wrong Item,15188.92,Approved
RET03209,ORD004218,2025-04-13,CUST02147,PROD0102,1,Changed Mind,5276.76,Approved
RET03210,ORD021411,2024-01-14,CUST02754,PROD0078,2,Wrong Item,23632.16,Approved
RET03211,ORD072117,2025-05-22,CUST00566,PROD0056,1,Late Delivery,4052.4,Approved
RET03212,ORD024003,2025-04-30,CUST01749,PROD0128,1,Damaged,6488.56,Approved
RET03213,ORD001670,2025-01-13,CUST03197,PROD0179,1,Quality Issue,15031.47,Approved
RET03214,ORD062638,2024-10-16,CUST04478,PROD0115,1,Wrong Item,16930.95,Approved
RET03215,ORD030182,2024-03-28,CUST03589,PROD0150,1,Quality Issue,1301.37,Approved
RET03216,ORD000551,2025-06-25,CUST04586,PROD0089,1,Late Delivery,18354.57,Approved
RET03217,ORD050329,2024-09-23,CUST00836,PROD0065,1,Changed Mind,4366.12,Pending
RET03218,ORD004922,2025-06-12,CUST01619,PROD0118,1,Late Delivery,11702.39,Approved
RET03219,ORD064982,2025-10-16,CUST05651,PROD0122,1,Late Delivery,6342.03,Approved
RET03220,ORD013252,2025-09-16,CUST01118,PROD0171,1,Quality Issue,13350.31,Approved
RET03221,ORD014461,2026-03-10,CUST01853,PROD0049,1,Changed Mind,1295.82,Approved
RET03222,ORD057324,2025-02-20,CUST01445,PROD0008,1,Quality Issue,8891.61,Approved
RET03223,ORD057572,2025-09-19,CUST02227,PROD0083,1,Quality Issue,13634.93,Approved
RET03224,ORD062428,2024-12-26,CUST02066,PROD0102,1,Quality Issue,5276.76,Pending
RET03225,ORD063140,2024-09-02,CUST03884,PROD0134,1,Late Delivery,6640.83,Approved
RET03226,ORD064837,2025-05-12,CUST05605,PROD0176,1,Late Delivery,12006.69,Approved
RET03227,ORD072019,2026-02-28,CUST01197,PROD0060,1,Changed Mind,15188.92,Approved
RET03228,ORD038541,2026-01-17,CUST03284,PROD0044,1,Late Delivery,13681.96,Approved
RET03229,ORD019895,2025-01-28,CUST01001,PROD0048,2,Quality Issue,8386.68,Approved
RET03230,ORD070778,2026-06-13,CUST00945,PROD0072,1,Wrong Item,6813.77,Approved
RET03231,ORD011258,2025-08-06,CUST02233,PROD0058,1,Late Delivery,2824.28,Approved
RET03232,ORD031625,2024-12-23,CUST01988,PROD0016,1,Late Delivery,5085.97,Approved
RET03233,ORD016765,2024-12-23,CUST05752,PROD0062,2,Quality Issue,8359.26,Approved
RET03234,ORD034001,2024-04-28,CUST05948,PROD0126,1,Wrong Item,11737.65,Approved
RET03235,ORD032403,2025-07-28,CUST02468,PROD0114,1,Damaged,5547.1,Approved
RET03236,ORD049069,2024-02-24,CUST02794,PROD0043,1,Wrong Item,18076.17,Pending
RET03237,ORD073430,2025-10-21,CUST01374,PROD0005,2,Quality Issue,10791.66,Pending
RET03238,ORD062266,2024-07-05,CUST01108,PROD0150,1,Damaged,1301.37,Approved
RET03239,ORD035827,2026-03-08,CUST05369,PROD0167,1,Damaged,12170.89,Pending
RET03240,ORD014390,2026-01-03,CUST00431,PROD0015,1,Damaged,18083.63,Approved
RET03241,ORD033542,2024-04-02,CUST05756,PROD0038,1,Damaged,5926.22,Approved
RET03242,ORD017839,2025-04-04,CUST01120,PROD0116,1,Late Delivery,1812.54,Pending
RET03243,ORD049132,2025-01-21,CUST04584,PROD0091,1,Changed Mind,2345.0,Approved
RET03244,ORD017479,2025-03-06,CUST02938,PROD0046,1,Changed Mind,5767.09,Approved
RET03245,ORD010501,2025-10-03,CUST00335,PROD0110,2,Wrong Item,897.08,Approved
RET03246,ORD070541,2024-05-20,CUST01314,PROD0112,2,Quality Issue,37810.44,Pending
RET03247,ORD011448,2024-05-15,CUST02810,PROD0073,1,Quality Issue,8656.25,Approved
RET03248,ORD002129,2024-02-20,CUST00728,PROD0122,1,Changed Mind,6342.03,Approved
RET03249,ORD048953,2024-11-05,CUST03646,PROD0035,2,Damaged,1435.6,Pending
RET03250,ORD016082,2026-03-15,CUST00836,PROD0078,1,Wrong Item,11816.08,Pending
RET03251,ORD062138,2026-03-02,CUST00877,PROD0178,1,Wrong Item,4622.91,Pending
RET03252,ORD020082,2026-03-11,CUST01585,PROD0055,1,Late Delivery,832.15,Approved
RET03253,ORD023879,2024-08-27,CUST04312,PROD0013,1,Late Delivery,10350.0,Approved
RET03254,ORD071899,2026-02-14,CUST02160,PROD0111,1,Late Delivery,4589.0,Approved
RET03255,ORD018252,2025-03-26,CUST04958,PROD0136,1,Wrong Item,14567.99,Approved
RET03256,ORD014674,2024-11-06,CUST01525,PROD0156,1,Quality Issue,891.52,Approved
RET03257,ORD052763,2024-12-30,CUST00201,PROD0133,2,Damaged,24753.84,Approved
RET03258,ORD035403,2025-11-28,CUST05197,PROD0010,1,Wrong Item,11772.01,Approved
RET03259,ORD062492,2024-08-10,CUST05736,PROD0089,1,Quality Issue,18354.57,Approved
RET03260,ORD069440,2025-11-13,CUST04742,PROD0144,2,Quality Issue,4514.94,Approved
RET03261,ORD051060,2024-07-03,CUST03244,PROD0064,2,Damaged,28046.84,Approved
RET03262,ORD044539,2025-09-27,CUST02121,PROD0071,2,Late Delivery,20840.58,Approved
RET03263,ORD071725,2026-03-11,CUST03677,PROD0072,2,Wrong Item,13627.54,Approved
RET03264,ORD019028,2024-10-28,CUST02703,PROD0127,1,Changed Mind,2851.07,Approved
RET03265,ORD014645,2025-02-21,CUST05767,PROD0167,1,Late Delivery,12170.89,Approved
RET03266,ORD009800,2024-04-01,CUST03710,PROD0142,1,Wrong Item,2133.87,Approved
RET03267,ORD028851,2024-06-17,CUST02723,PROD0134,1,Wrong Item,6640.83,Approved
RET03268,ORD024748,2025-01-12,CUST00294,PROD0061,1,Wrong Item,7568.74,Approved
RET03269,ORD033079,2026-05-17,CUST05174,PROD0031,1,Changed Mind,3348.21,Approved
RET03270,ORD040620,2025-11-22,CUST03700,PROD0063,1,Damaged,4222.04,Approved
RET03271,ORD019901,2024-07-15,CUST02292,PROD0001,1,Late Delivery,12001.3,Approved
RET03272,ORD004631,2026-03-13,CUST00681,PROD0032,1,Quality Issue,16577.15,Approved
RET03273,ORD035364,2024-12-24,CUST01490,PROD0126,1,Quality Issue,11737.65,Pending
RET03274,ORD043581,2026-02-18,CUST00692,PROD0108,1,Late Delivery,12361.97,Approved
RET03275,ORD011192,2026-04-24,CUST00609,PROD0093,1,Late Delivery,13725.41,Approved
RET03276,ORD022955,2024-11-19,CUST02185,PROD0143,1,Quality Issue,4810.17,Approved
RET03277,ORD007687,2024-02-07,CUST03001,PROD0122,1,Late Delivery,6342.03,Approved
RET03278,ORD027555,2024-10-18,CUST02308,PROD0011,1,Late Delivery,4711.27,Approved
RET03279,ORD000830,2025-07-31,CUST03629,PROD0053,2,Late Delivery,4170.74,Approved
RET03280,ORD018942,2024-12-18,CUST04922,PROD0110,1,Wrong Item,448.54,Approved
RET03281,ORD015188,2026-05-07,CUST05421,PROD0170,1,Changed Mind,15086.92,Pending
RET03282,ORD045477,2026-04-27,CUST05010,PROD0088,2,Wrong Item,30938.94,Approved
RET03283,ORD003899,2024-01-14,CUST02037,PROD0081,1,Damaged,255.39,Approved
RET03284,ORD063681,2024-10-16,CUST00061,PROD0066,1,Late Delivery,6135.56,Approved
RET03285,ORD038852,2025-07-01,CUST01802,PROD0108,1,Quality Issue,12361.97,Approved
RET03286,ORD009779,2025-02-03,CUST04127,PROD0056,2,Damaged,8104.8,Approved
RET03287,ORD012364,2024-03-09,CUST01574,PROD0010,1,Wrong Item,11772.01,Approved
RET03288,ORD006368,2024-12-14,CUST05479,PROD0060,2,Changed Mind,30377.84,Approved
RET03289,ORD051189,2026-03-18,CUST05111,PROD0139,2,Quality Issue,3555.88,Approved
RET03290,ORD054724,2026-01-13,CUST00863,PROD0158,1,Quality Issue,16109.18,Approved
RET03291,ORD058672,2024-12-31,CUST03099,PROD0026,1,Quality Issue,12026.19,Approved
RET03292,ORD065600,2026-03-22,CUST05000,PROD0025,1,Late Delivery,5285.3,Approved
RET03293,ORD037116,2026-04-25,CUST05065,PROD0165,1,Late Delivery,11488.02,Approved
RET03294,ORD016504,2024-11-29,CUST05475,PROD0134,1,Damaged,6640.83,Approved
RET03295,ORD044262,2025-07-21,CUST02828,PROD0078,1,Wrong Item,11816.08,Approved
RET03296,ORD004346,2024-04-17,CUST02857,PROD0095,1,Quality Issue,2134.17,Approved
RET03297,ORD002288,2024-08-15,CUST03857,PROD0046,1,Late Delivery,5767.09,Approved
RET03298,ORD015951,2025-04-08,CUST04958,PROD0157,1,Damaged,14323.08,Pending
RET03299,ORD000248,2025-09-30,CUST02503,PROD0075,1,Quality Issue,16358.29,Approved
RET03300,ORD070852,2024-04-01,CUST00542,PROD0001,1,Quality Issue,12001.3,Approved
RET03301,ORD022033,2024-07-31,CUST03006,PROD0147,1,Wrong Item,5213.69,Approved
RET03302,ORD062554,2024-10-16,CUST02891,PROD0061,1,Quality Issue,7568.74,Approved
RET03303,ORD004811,2025-12-31,CUST05840,PROD0017,1,Quality Issue,9986.93,Approved
RET03304,ORD013070,2024-06-08,CUST02680,PROD0054,1,Wrong Item,17939.72,Rejected
RET03305,ORD034306,2024-06-05,CUST02382,PROD0165,2,Damaged,22976.04,Rejected
RET03306,ORD060168,2025-11-16,CUST05342,PROD0124,1,Quality Issue,10142.95,Approved
RET03307,ORD006742,2026-02-17,CUST05009,PROD0089,1,Quality Issue,18354.57,Pending
RET03308,ORD044062,2024-11-01,CUST01499,PROD0023,1,Quality Issue,12094.54,Approved
RET03309,ORD013685,2025-10-25,CUST03713,PROD0154,2,Changed Mind,4737.02,Pending
RET03310,ORD034353,2024-10-18,CUST05594,PROD0022,2,Quality Issue,31389.14,Approved
RET03311,ORD013156,2025-07-22,CUST04904,PROD0117,1,Quality Issue,2739.8,Approved
RET03312,ORD038740,2026-01-22,CUST03294,PROD0126,1,Changed Mind,11737.65,Approved
RET03313,ORD002753,2024-01-30,CUST00959,PROD0096,1,Changed Mind,2508.21,Approved
RET03314,ORD013692,2025-03-27,CUST01424,PROD0153,1,Wrong Item,8234.87,Approved
RET03315,ORD055866,2025-12-25,CUST00506,PROD0074,1,Changed Mind,2745.78,Approved
RET03316,ORD045214,2024-10-14,CUST02503,PROD0045,1,Damaged,2884.24,Approved
RET03317,ORD007881,2024-05-20,CUST04528,PROD0160,1,Late Delivery,9056.08,Approved
RET03318,ORD072488,2026-06-30,CUST05271,PROD0089,2,Quality Issue,36709.14,Approved
RET03319,ORD043196,2024-07-23,CUST00334,PROD0158,1,Wrong Item,16109.18,Approved
RET03320,ORD057576,2025-07-27,CUST05705,PROD0120,1,Wrong Item,6528.62,Approved
RET03321,ORD067872,2024-03-29,CUST03840,PROD0059,2,Wrong Item,8064.46,Rejected
RET03322,ORD034640,2025-05-21,CUST04960,PROD0127,1,Wrong Item,2851.07,Pending
RET03323,ORD003256,2025-02-09,CUST01780,PROD0003,1,Damaged,15842.07,Approved
RET03324,ORD004446,2026-04-13,CUST00483,PROD0023,1,Late Delivery,12094.54,Approved
RET03325,ORD006822,2025-08-24,CUST05697,PROD0106,1,Wrong Item,4279.13,Rejected
RET03326,ORD015172,2026-01-28,CUST01165,PROD0067,1,Changed Mind,4228.87,Approved
RET03327,ORD051628,2024-07-31,CUST03587,PROD0031,1,Wrong Item,3348.21,Approved
RET03328,ORD034683,2024-02-20,CUST04722,PROD0021,1,Changed Mind,18499.86,Approved
RET03329,ORD051743,2024-09-01,CUST01290,PROD0105,1,Wrong Item,10597.29,Pending
RET03330,ORD071704,2024-08-29,CUST01329,PROD0133,1,Damaged,12376.92,Approved
RET03331,ORD010006,2024-06-20,CUST02989,PROD0147,1,Damaged,5213.69,Approved
RET03332,ORD056231,2024-07-17,CUST05184,PROD0124,1,Late Delivery,10142.95,Approved
RET03333,ORD041588,2025-10-09,CUST03484,PROD0106,1,Changed Mind,4279.13,Rejected
RET03334,ORD032043,2026-02-15,CUST02855,PROD0169,2,Quality Issue,12709.76,Approved
RET03335,ORD010821,2025-09-24,CUST05431,PROD0112,1,Changed Mind,18905.22,Pending
RET03336,ORD013024,2026-02-01,CUST00794,PROD0119,1,Quality Issue,15636.32,Approved
RET03337,ORD043154,2024-08-09,CUST04964,PROD0143,1,Wrong Item,4810.17,Approved
RET03338,ORD065410,2024-04-20,CUST03235,PROD0032,1,Damaged,16577.15,Pending
RET03339,ORD023577,2024-05-01,CUST01813,PROD0009,1,Late Delivery,6992.14,Approved
RET03340,ORD047463,2026-03-29,CUST00566,PROD0084,1,Late Delivery,8327.08,Approved
RET03341,ORD056419,2025-06-25,CUST04048,PROD0110,1,Changed Mind,448.54,Approved
RET03342,ORD049057,2024-04-03,CUST04011,PROD0069,1,Quality Issue,5482.32,Approved
RET03343,ORD058593,2024-07-27,CUST00494,PROD0077,1,Quality Issue,1021.47,Pending
RET03344,ORD044083,2026-03-30,CUST02397,PROD0032,2,Quality Issue,33154.3,Approved
RET03345,ORD045272,2026-06-28,CUST02217,PROD0088,1,Wrong Item,15469.47,Approved
RET03346,ORD018606,2025-04-07,CUST05629,PROD0136,1,Changed Mind,14567.99,Approved
RET03347,ORD009120,2025-06-06,CUST03547,PROD0100,1,Late Delivery,4090.74,Approved
RET03348,ORD059452,2025-02-28,CUST00805,PROD0005,1,Late Delivery,5395.83,Approved
RET03349,ORD004697,2026-02-11,CUST00279,PROD0094,2,Damaged,25354.7,Rejected
RET03350,ORD001690,2025-04-17,CUST04337,PROD0172,1,Late Delivery,13612.05,Approved
RET03351,ORD047851,2025-07-07,CUST04184,PROD0091,1,Wrong Item,2345.0,Approved
RET03352,ORD059505,2025-01-12,CUST01761,PROD0094,1,Wrong Item,12677.35,Approved
RET03353,ORD039901,2026-03-04,CUST04001,PROD0175,1,Quality Issue,8066.73,Approved
RET03354,ORD041775,2025-12-09,CUST05425,PROD0175,1,Late Delivery,8066.73,Approved
RET03355,ORD024845,2025-11-21,CUST01352,PROD0094,1,Late Delivery,12677.35,Approved
RET03356,ORD071744,2024-02-26,CUST05479,PROD0064,1,Damaged,14023.42,Approved
RET03357,ORD008929,2024-06-30,CUST01437,PROD0143,1,Changed Mind,4810.17,Approved
RET03358,ORD008862,2025-08-23,CUST05362,PROD0030,1,Late Delivery,10355.74,Approved
RET03359,ORD061441,2025-12-17,CUST01531,PROD0022,1,Damaged,15694.57,Approved
RET03360,ORD040078,2026-07-01,CUST01214,PROD0125,1,Changed Mind,12200.98,Approved
RET03361,ORD074829,2025-03-09,CUST01714,PROD0098,1,Damaged,15512.35,Approved
RET03362,ORD032412,2026-05-19,CUST01381,PROD0117,1,Damaged,2739.8,Pending
RET03363,ORD041153,2024-04-07,CUST01115,PROD0071,2,Changed Mind,20840.58,Approved
RET03364,ORD055381,2025-03-19,CUST03234,PROD0118,1,Changed Mind,11702.39,Approved
RET03365,ORD065890,2024-07-02,CUST00686,PROD0178,2,Changed Mind,9245.82,Approved
RET03366,ORD037580,2026-02-02,CUST00266,PROD0007,1,Late Delivery,6620.23,Approved
RET03367,ORD054336,2024-03-28,CUST02489,PROD0131,1,Quality Issue,8773.69,Approved
RET03368,ORD002000,2026-06-06,CUST02386,PROD0012,1,Changed Mind,332.97,Approved
RET03369,ORD018350,2026-04-11,CUST02134,PROD0059,1,Quality Issue,4032.23,Approved
RET03370,ORD039997,2024-07-25,CUST03504,PROD0157,1,Late Delivery,14323.08,Approved
RET03371,ORD034322,2026-03-31,CUST01726,PROD0136,1,Damaged,14567.99,Rejected
RET03372,ORD022307,2025-08-17,CUST03523,PROD0095,1,Damaged,2134.17,Approved
RET03373,ORD031188,2026-04-21,CUST03469,PROD0104,1,Changed Mind,5323.97,Approved
RET03374,ORD050411,2025-05-23,CUST04158,PROD0049,1,Damaged,1295.82,Pending
RET03375,ORD025280,2025-02-11,CUST02828,PROD0154,1,Quality Issue,2368.51,Approved
RET03376,ORD018484,2025-09-27,CUST03624,PROD0004,1,Damaged,15906.36,Pending
RET03377,ORD070223,2026-06-23,CUST02356,PROD0175,1,Damaged,8066.73,Approved
RET03378,ORD041765,2024-05-05,CUST05295,PROD0125,2,Quality Issue,24401.96,Approved
RET03379,ORD006948,2025-09-16,CUST02018,PROD0004,2,Quality Issue,31812.72,Approved
RET03380,ORD026035,2025-08-02,CUST03911,PROD0153,1,Late Delivery,8234.87,Approved
RET03381,ORD033200,2025-08-08,CUST02468,PROD0126,1,Wrong Item,11737.65,Approved
RET03382,ORD004517,2026-05-07,CUST02594,PROD0090,1,Quality Issue,6354.08,Approved
RET03383,ORD025850,2026-06-20,CUST03873,PROD0143,1,Wrong Item,4810.17,Approved
RET03384,ORD062311,2025-10-20,CUST03907,PROD0127,2,Damaged,5702.14,Rejected
RET03385,ORD018159,2024-10-04,CUST01259,PROD0135,2,Quality Issue,23226.9,Pending
RET03386,ORD065501,2024-08-28,CUST05378,PROD0098,1,Quality Issue,15512.35,Approved
RET03387,ORD015638,2025-04-17,CUST00404,PROD0007,1,Changed Mind,6620.23,Approved
RET03388,ORD005892,2025-01-30,CUST01182,PROD0065,1,Wrong Item,4366.12,Approved
RET03389,ORD029513,2025-03-29,CUST02663,PROD0079,1,Changed Mind,5573.33,Approved
RET03390,ORD067131,2024-07-21,CUST05838,PROD0164,1,Wrong Item,15495.6,Approved
RET03391,ORD068379,2024-06-06,CUST03049,PROD0068,1,Quality Issue,14057.37,Rejected
RET03392,ORD070366,2025-06-17,CUST03148,PROD0159,1,Changed Mind,2880.2,Approved
RET03393,ORD021194,2025-07-12,CUST02921,PROD0001,1,Damaged,12001.3,Pending
RET03394,ORD071752,2026-05-29,CUST02428,PROD0136,1,Quality Issue,14567.99,Approved
RET03395,ORD009851,2026-05-31,CUST01128,PROD0114,1,Damaged,5547.1,Approved
RET03396,ORD054523,2026-03-10,CUST04711,PROD0059,1,Changed Mind,4032.23,Approved
RET03397,ORD017423,2024-09-06,CUST02136,PROD0173,1,Wrong Item,1727.4,Approved
RET03398,ORD070024,2024-08-07,CUST01208,PROD0096,2,Changed Mind,5016.42,Approved
RET03399,ORD073594,2026-05-09,CUST04852,PROD0169,1,Changed Mind,6354.88,Approved
RET03400,ORD038080,2025-08-14,CUST01374,PROD0123,1,Changed Mind,10275.68,Approved
RET03401,ORD039838,2025-08-24,CUST02940,PROD0164,1,Quality Issue,15495.6,Approved
RET03402,ORD053207,2024-04-24,CUST01897,PROD0158,1,Changed Mind,16109.18,Pending
RET03403,ORD006377,2024-10-27,CUST02525,PROD0019,1,Wrong Item,9684.46,Approved
RET03404,ORD071153,2025-12-02,CUST03534,PROD0167,1,Damaged,12170.89,Approved
RET03405,ORD044678,2024-09-24,CUST03931,PROD0175,1,Late Delivery,8066.73,Approved
RET03406,ORD025220,2026-01-21,CUST05457,PROD0078,1,Damaged,11816.08,Approved
RET03407,ORD065888,2024-12-08,CUST00893,PROD0131,1,Quality Issue,8773.69,Approved
RET03408,ORD054645,2026-06-21,CUST01173,PROD0088,1,Wrong Item,15469.47,Approved
RET03409,ORD014732,2026-06-27,CUST05717,PROD0070,1,Wrong Item,13770.36,Approved
RET03410,ORD025060,2024-03-01,CUST04032,PROD0151,1,Damaged,3808.36,Approved
RET03411,ORD065268,2025-03-26,CUST00666,PROD0067,1,Changed Mind,4228.87,Approved
RET03412,ORD027142,2026-04-22,CUST01210,PROD0013,2,Quality Issue,20700.0,Approved
RET03413,ORD054387,2025-05-13,CUST02307,PROD0178,2,Damaged,9245.82,Approved
RET03414,ORD053058,2025-01-21,CUST04622,PROD0036,1,Wrong Item,15593.56,Approved
RET03415,ORD013896,2025-12-26,CUST05578,PROD0135,1,Damaged,11613.45,Approved
RET03416,ORD049791,2024-10-19,CUST01698,PROD0083,1,Wrong Item,13634.93,Approved
RET03417,ORD046152,2024-10-18,CUST04423,PROD0076,1,Damaged,7447.92,Approved
RET03418,ORD052720,2024-05-15,CUST05561,PROD0100,1,Changed Mind,4090.74,Approved
RET03419,ORD005328,2024-11-21,CUST04126,PROD0144,2,Damaged,4514.94,Rejected
RET03420,ORD037375,2026-06-30,CUST02571,PROD0081,1,Wrong Item,255.39,Approved
RET03421,ORD001571,2025-03-09,CUST03466,PROD0063,1,Late Delivery,4222.04,Pending
RET03422,ORD038610,2024-07-18,CUST00089,PROD0161,1,Wrong Item,15765.29,Approved
RET03423,ORD018915,2024-08-06,CUST03550,PROD0153,1,Wrong Item,8234.87,Approved
RET03424,ORD056396,2025-12-09,CUST00609,PROD0158,1,Wrong Item,16109.18,Approved
RET03425,ORD011572,2024-07-13,CUST01571,PROD0051,1,Damaged,7244.8,Approved
RET03426,ORD054873,2025-12-11,CUST01767,PROD0026,1,Damaged,12026.19,Approved
RET03427,ORD066543,2026-06-05,CUST02091,PROD0044,1,Late Delivery,13681.96,Approved
RET03428,ORD056153,2025-11-06,CUST03484,PROD0143,1,Changed Mind,4810.17,Approved
RET03429,ORD021816,2024-11-18,CUST04948,PROD0133,1,Wrong Item,12376.92,Approved
RET03430,ORD040942,2024-11-06,CUST00070,PROD0117,1,Wrong Item,2739.8,Pending
RET03431,ORD017268,2026-03-21,CUST00371,PROD0052,1,Wrong Item,16337.81,Approved
RET03432,ORD059361,2026-03-02,CUST05895,PROD0157,1,Late Delivery,14323.08,Approved
RET03433,ORD011227,2024-01-13,CUST03069,PROD0064,1,Wrong Item,14023.42,Approved
RET03434,ORD000972,2024-03-20,CUST04409,PROD0029,1,Changed Mind,13777.49,Approved
RET03435,ORD052058,2025-09-28,CUST05983,PROD0082,1,Wrong Item,2212.72,Approved
RET03436,ORD050135,2024-01-09,CUST00583,PROD0162,1,Late Delivery,14802.17,Approved
RET03437,ORD025900,2025-04-14,CUST01886,PROD0172,1,Quality Issue,13612.05,Approved
RET03438,ORD064883,2024-08-09,CUST00664,PROD0015,1,Changed Mind,18083.63,Approved
RET03439,ORD056071,2025-06-04,CUST05061,PROD0105,1,Damaged,10597.29,Pending
RET03440,ORD006581,2026-02-04,CUST00226,PROD0100,1,Wrong Item,4090.74,Approved
RET03441,ORD060574,2026-06-21,CUST03200,PROD0180,1,Damaged,1990.36,Approved
RET03442,ORD003230,2024-06-01,CUST00477,PROD0112,1,Wrong Item,18905.22,Approved
RET03443,ORD070172,2025-09-25,CUST04503,PROD0083,1,Damaged,13634.93,Pending
RET03444,ORD029386,2024-05-09,CUST02954,PROD0122,2,Quality Issue,12684.06,Pending
RET03445,ORD055439,2025-08-29,CUST04995,PROD0095,1,Changed Mind,2134.17,Approved
RET03446,ORD024446,2025-05-17,CUST04669,PROD0103,2,Changed Mind,14681.14,Approved
RET03447,ORD073217,2025-04-03,CUST02285,PROD0077,1,Wrong Item,1021.47,Approved
RET03448,ORD026984,2025-11-15,CUST01072,PROD0142,1,Late Delivery,2133.87,Approved
RET03449,ORD017878,2025-02-10,CUST04950,PROD0002,1,Quality Issue,6109.4,Approved
RET03450,ORD038927,2024-04-11,CUST02417,PROD0064,1,Quality Issue,14023.42,Rejected
RET03451,ORD058860,2024-07-01,CUST05304,PROD0075,1,Wrong Item,16358.29,Approved
RET03452,ORD016235,2024-02-11,CUST00343,PROD0064,1,Damaged,14023.42,Approved
RET03453,ORD007097,2024-11-17,CUST02855,PROD0039,1,Late Delivery,759.95,Approved
RET03454,ORD066787,2025-10-10,CUST03477,PROD0179,1,Late Delivery,15031.47,Approved
RET03455,ORD036618,2025-12-16,CUST05016,PROD0148,2,Changed Mind,17523.74,Pending
RET03456,ORD047359,2024-01-23,CUST01137,PROD0028,1,Changed Mind,19962.64,Pending
RET03457,ORD028111,2025-11-16,CUST05238,PROD0171,1,Wrong Item,13350.31,Approved
RET03458,ORD052389,2024-08-25,CUST04400,PROD0005,1,Damaged,5395.83,Approved
RET03459,ORD064360,2024-04-29,CUST05293,PROD0091,2,Wrong Item,4690.0,Pending
RET03460,ORD034005,2024-08-03,CUST02211,PROD0148,1,Changed Mind,8761.87,Approved
RET03461,ORD015141,2024-09-14,CUST04074,PROD0017,1,Late Delivery,9986.93,Pending
RET03462,ORD062390,2025-05-25,CUST00435,PROD0107,1,Wrong Item,8149.76,Approved
RET03463,ORD025748,2025-03-19,CUST02387,PROD0062,1,Wrong Item,4179.63,Approved
RET03464,ORD046482,2025-09-21,CUST04392,PROD0140,1,Wrong Item,16058.37,Approved
RET03465,ORD074358,2026-04-04,CUST01461,PROD0115,1,Late Delivery,16930.95,Rejected
RET03466,ORD007672,2025-08-24,CUST04216,PROD0028,2,Quality Issue,39925.28,Approved
RET03467,ORD044982,2024-07-20,CUST02203,PROD0144,1,Late Delivery,2257.47,Rejected
RET03468,ORD053338,2026-06-08,CUST02802,PROD0061,1,Damaged,7568.74,Pending
RET03469,ORD030005,2025-05-05,CUST05546,PROD0168,1,Quality Issue,7461.76,Approved
RET03470,ORD033407,2025-06-28,CUST03899,PROD0150,1,Changed Mind,1301.37,Pending
RET03471,ORD049221,2025-05-07,CUST04279,PROD0030,2,Changed Mind,20711.48,Approved
RET03472,ORD008381,2025-09-08,CUST01256,PROD0069,1,Late Delivery,5482.32,Approved
RET03473,ORD046307,2026-05-25,CUST01328,PROD0118,1,Changed Mind,11702.39,Pending
RET03474,ORD036613,2026-04-01,CUST00004,PROD0172,1,Damaged,13612.05,Approved
RET03475,ORD039677,2025-10-31,CUST01189,PROD0103,1,Quality Issue,7340.57,Approved
RET03476,ORD004495,2024-04-19,CUST02955,PROD0122,1,Wrong Item,6342.03,Approved
RET03477,ORD055071,2025-02-11,CUST01876,PROD0123,1,Wrong Item,10275.68,Approved
RET03478,ORD050556,2024-12-01,CUST01235,PROD0064,1,Damaged,14023.42,Pending
RET03479,ORD060330,2026-03-07,CUST04011,PROD0073,1,Quality Issue,8656.25,Approved
RET03480,ORD020168,2024-11-19,CUST04673,PROD0123,1,Damaged,10275.68,Rejected
RET03481,ORD027035,2024-06-02,CUST04987,PROD0160,1,Changed Mind,9056.08,Approved
RET03482,ORD074991,2024-05-06,CUST00838,PROD0001,1,Quality Issue,12001.3,Approved
RET03483,ORD043828,2024-05-14,CUST02934,PROD0041,1,Quality Issue,2219.7,Approved
RET03484,ORD068659,2026-05-27,CUST05785,PROD0122,1,Wrong Item,6342.03,Pending
RET03485,ORD022923,2025-04-30,CUST02311,PROD0026,2,Late Delivery,24052.38,Approved
RET03486,ORD027502,2024-10-07,CUST03269,PROD0111,1,Wrong Item,4589.0,Rejected
RET03487,ORD002787,2025-06-10,CUST05156,PROD0153,1,Quality Issue,8234.87,Approved
RET03488,ORD044964,2025-10-03,CUST02995,PROD0023,1,Changed Mind,12094.54,Approved
RET03489,ORD042995,2024-09-26,CUST00301,PROD0008,1,Changed Mind,8891.61,Approved
RET03490,ORD010775,2024-03-16,CUST04807,PROD0123,1,Quality Issue,10275.68,Approved
RET03491,ORD019374,2024-12-15,CUST04557,PROD0002,1,Quality Issue,6109.4,Approved
RET03492,ORD032834,2024-01-31,CUST00871,PROD0030,1,Damaged,10355.74,Approved
RET03493,ORD046932,2024-04-29,CUST02236,PROD0011,1,Quality Issue,4711.27,Approved
RET03494,ORD050729,2025-12-16,CUST02457,PROD0003,1,Damaged,15842.07,Approved
RET03495,ORD003432,2024-03-24,CUST05208,PROD0058,1,Damaged,2824.28,Approved
RET03496,ORD057812,2024-09-06,CUST02482,PROD0151,1,Quality Issue,3808.36,Rejected
RET03497,ORD022324,2024-08-01,CUST02277,PROD0147,1,Damaged,5213.69,Rejected
RET03498,ORD001888,2025-06-17,CUST02648,PROD0126,1,Changed Mind,11737.65,Approved
RET03499,ORD018536,2025-05-09,CUST03138,PROD0147,1,Late Delivery,5213.69,Approved
RET03500,ORD032899,2024-07-30,CUST00555,PROD0144,1,Damaged,2257.47,Approved
RET03501,ORD008835,2024-10-12,CUST02740,PROD0015,1,Changed Mind,18083.63,Approved
RET03502,ORD070261,2024-11-11,CUST05323,PROD0167,1,Changed Mind,12170.89,Approved
RET03503,ORD027747,2025-05-25,CUST05237,PROD0083,1,Late Delivery,13634.93,Approved
RET03504,ORD010856,2025-01-12,CUST01204,PROD0011,1,Quality Issue,4711.27,Approved
RET03505,ORD008569,2024-05-28,CUST02222,PROD0168,1,Late Delivery,7461.76,Approved
RET03506,ORD003955,2026-01-14,CUST01228,PROD0025,1,Damaged,5285.3,Approved
RET03507,ORD059744,2025-08-02,CUST02242,PROD0032,1,Changed Mind,16577.15,Approved
RET03508,ORD041692,2024-02-20,CUST02634,PROD0031,1,Quality Issue,3348.21,Approved
RET03509,ORD026269,2024-07-28,CUST02987,PROD0069,1,Changed Mind,5482.32,Rejected
RET03510,ORD059946,2024-08-14,CUST01068,PROD0134,1,Changed Mind,6640.83,Approved
RET03511,ORD000025,2025-03-10,CUST02850,PROD0148,1,Changed Mind,8761.87,Approved
RET03512,ORD003170,2026-02-06,CUST04030,PROD0073,1,Late Delivery,8656.25,Approved
RET03513,ORD061434,2025-12-13,CUST01008,PROD0158,1,Changed Mind,16109.18,Approved
RET03514,ORD069558,2024-08-03,CUST00147,PROD0080,1,Quality Issue,7106.65,Approved
RET03515,ORD017519,2025-07-27,CUST05141,PROD0140,1,Late Delivery,16058.37,Approved
RET03516,ORD054978,2025-01-18,CUST00543,PROD0117,1,Quality Issue,2739.8,Approved
RET03517,ORD017757,2025-11-11,CUST03149,PROD0174,1,Late Delivery,2332.87,Pending
RET03518,ORD063300,2024-12-15,CUST02390,PROD0133,1,Changed Mind,12376.92,Approved
RET03519,ORD065098,2024-03-30,CUST02275,PROD0016,1,Late Delivery,5085.97,Approved
RET03520,ORD052615,2025-02-10,CUST04145,PROD0141,1,Damaged,1258.64,Approved
RET03521,ORD062529,2026-04-06,CUST02249,PROD0146,1,Quality Issue,2879.6,Approved
RET03522,ORD036857,2024-06-27,CUST00130,PROD0039,1,Wrong Item,759.95,Approved
RET03523,ORD010182,2024-09-15,CUST05337,PROD0058,1,Quality Issue,2824.28,Approved
RET03524,ORD065100,2024-05-29,CUST01507,PROD0087,1,Changed Mind,3396.38,Approved
RET03525,ORD046837,2026-03-27,CUST03801,PROD0095,1,Damaged,2134.17,Approved
RET03526,ORD042574,2025-03-21,CUST01140,PROD0141,1,Damaged,1258.64,Approved
RET03527,ORD056901,2025-07-27,CUST00659,PROD0149,1,Late Delivery,15077.01,Approved
RET03528,ORD070315,2024-04-07,CUST00608,PROD0139,1,Damaged,1777.94,Approved
RET03529,ORD017207,2024-02-27,CUST00850,PROD0143,2,Damaged,9620.34,Approved
RET03530,ORD011715,2026-03-04,CUST00988,PROD0126,1,Wrong Item,11737.65,Approved
RET03531,ORD067024,2025-11-13,CUST00259,PROD0035,1,Damaged,717.8,Approved
RET03532,ORD024431,2026-02-13,CUST01963,PROD0164,1,Changed Mind,15495.6,Approved
RET03533,ORD017075,2026-01-01,CUST03533,PROD0079,2,Quality Issue,11146.66,Approved
RET03534,ORD058127,2026-04-17,CUST02250,PROD0063,1,Wrong Item,4222.04,Pending
RET03535,ORD044959,2025-05-08,CUST04538,PROD0155,1,Quality Issue,2796.83,Rejected
RET03536,ORD005674,2024-10-26,CUST04095,PROD0087,2,Late Delivery,6792.76,Approved
RET03537,ORD049594,2025-12-25,CUST00154,PROD0103,1,Quality Issue,7340.57,Approved
RET03538,ORD006672,2025-03-02,CUST00206,PROD0052,1,Changed Mind,16337.81,Approved
RET03539,ORD038612,2025-03-28,CUST05105,PROD0173,1,Wrong Item,1727.4,Approved
RET03540,ORD032115,2024-12-15,CUST05055,PROD0091,1,Late Delivery,2345.0,Approved
RET03541,ORD040972,2025-11-28,CUST04275,PROD0059,1,Quality Issue,4032.23,Approved
RET03542,ORD070435,2025-04-01,CUST01746,PROD0124,1,Damaged,10142.95,Approved
RET03543,ORD061657,2024-02-26,CUST04340,PROD0157,1,Damaged,14323.08,Approved
RET03544,ORD038933,2025-05-05,CUST04346,PROD0016,1,Wrong Item,5085.97,Approved
RET03545,ORD074202,2024-02-12,CUST01048,PROD0046,1,Quality Issue,5767.09,Rejected
RET03546,ORD051513,2025-03-14,CUST05026,PROD0075,2,Wrong Item,32716.58,Approved
RET03547,ORD004637,2024-10-18,CUST01672,PROD0001,1,Late Delivery,12001.3,Approved
RET03548,ORD015935,2024-06-04,CUST00222,PROD0009,1,Quality Issue,6992.14,Approved
RET03549,ORD004947,2026-01-04,CUST01087,PROD0081,1,Quality Issue,255.39,Pending
RET03550,ORD026082,2024-02-22,CUST02947,PROD0148,1,Damaged,8761.87,Approved
RET03551,ORD064281,2025-04-05,CUST05518,PROD0168,1,Late Delivery,7461.76,Approved
RET03552,ORD068968,2026-03-31,CUST00672,PROD0066,2,Quality Issue,12271.12,Approved
RET03553,ORD071745,2025-02-06,CUST04542,PROD0155,1,Late Delivery,2796.83,Approved
RET03554,ORD071392,2024-11-15,CUST00804,PROD0091,1,Changed Mind,2345.0,Approved
RET03555,ORD056092,2024-01-20,CUST03568,PROD0179,1,Quality Issue,15031.47,Approved
RET03556,ORD014045,2025-01-11,CUST00035,PROD0040,2,Late Delivery,14251.38,Approved
RET03557,ORD062374,2025-04-17,CUST03659,PROD0002,1,Quality Issue,6109.4,Approved
RET03558,ORD069533,2025-10-08,CUST01900,PROD0106,1,Late Delivery,4279.13,Approved
RET03559,ORD032580,2025-12-06,CUST01926,PROD0074,1,Quality Issue,2745.78,Pending
RET03560,ORD002214,2026-01-19,CUST02419,PROD0148,1,Quality Issue,8761.87,Approved
RET03561,ORD052072,2024-03-04,CUST03952,PROD0109,1,Changed Mind,8971.66,Approved
RET03562,ORD011600,2024-10-19,CUST05352,PROD0122,1,Changed Mind,6342.03,Approved
RET03563,ORD040413,2024-11-24,CUST02391,PROD0152,2,Wrong Item,16312.56,Approved
RET03564,ORD044618,2024-11-19,CUST04803,PROD0029,1,Wrong Item,13777.49,Approved
RET03565,ORD017139,2025-02-13,CUST01394,PROD0018,1,Changed Mind,12486.26,Approved
RET03566,ORD064923,2025-05-18,CUST04186,PROD0142,1,Wrong Item,2133.87,Approved
RET03567,ORD022020,2025-10-19,CUST03071,PROD0131,1,Late Delivery,8773.69,Pending
RET03568,ORD030849,2024-10-13,CUST04326,PROD0122,2,Wrong Item,12684.06,Approved
RET03569,ORD018740,2025-11-09,CUST05303,PROD0125,1,Late Delivery,12200.98,Approved
RET03570,ORD070047,2024-02-01,CUST03869,PROD0045,2,Damaged,5768.48,Approved
RET03571,ORD018437,2024-02-28,CUST05055,PROD0092,1,Quality Issue,3069.95,Approved
RET03572,ORD052086,2024-05-12,CUST03088,PROD0001,1,Quality Issue,12001.3,Approved
RET03573,ORD064760,2026-02-12,CUST00011,PROD0088,1,Late Delivery,15469.47,Approved
RET03574,ORD041231,2024-09-27,CUST01970,PROD0099,1,Wrong Item,5204.8,Approved
RET03575,ORD074717,2025-08-07,CUST05940,PROD0089,1,Damaged,18354.57,Approved
RET03576,ORD045210,2024-08-21,CUST05546,PROD0173,1,Wrong Item,1727.4,Approved
RET03577,ORD009256,2024-08-08,CUST01602,PROD0141,1,Quality Issue,1258.64,Pending
RET03578,ORD071088,2025-04-05,CUST03133,PROD0044,1,Damaged,13681.96,Approved
RET03579,ORD056286,2025-09-17,CUST00197,PROD0059,1,Changed Mind,4032.23,Approved
RET03580,ORD052410,2025-05-07,CUST01889,PROD0005,1,Late Delivery,5395.83,Approved
RET03581,ORD001161,2026-03-25,CUST04080,PROD0074,1,Late Delivery,2745.78,Approved
RET03582,ORD072496,2025-04-15,CUST05481,PROD0120,2,Damaged,13057.24,Approved
RET03583,ORD028601,2024-08-07,CUST04049,PROD0005,2,Wrong Item,10791.66,Approved
RET03584,ORD008021,2024-06-30,CUST04939,PROD0052,1,Damaged,16337.81,Approved
RET03585,ORD052372,2024-07-02,CUST02052,PROD0089,1,Wrong Item,18354.57,Approved
RET03586,ORD018012,2026-01-04,CUST01384,PROD0084,1,Wrong Item,8327.08,Approved
RET03587,ORD011905,2026-05-07,CUST03353,PROD0061,1,Wrong Item,7568.74,Approved
RET03588,ORD048215,2024-08-26,CUST01662,PROD0009,1,Changed Mind,6992.14,Approved
RET03589,ORD043782,2025-06-13,CUST04113,PROD0093,1,Quality Issue,13725.41,Approved
RET03590,ORD074120,2025-08-25,CUST03369,PROD0061,2,Changed Mind,15137.48,Approved
RET03591,ORD042341,2024-12-20,CUST05575,PROD0102,1,Quality Issue,5276.76,Approved
RET03592,ORD006553,2026-05-12,CUST04217,PROD0125,1,Wrong Item,12200.98,Approved
RET03593,ORD049428,2026-03-20,CUST03917,PROD0048,1,Wrong Item,4193.34,Approved
RET03594,ORD030134,2025-09-18,CUST03991,PROD0151,1,Wrong Item,3808.36,Approved
RET03595,ORD054695,2024-04-21,CUST05940,PROD0047,1,Damaged,7182.73,Approved
RET03596,ORD048283,2026-02-11,CUST03815,PROD0130,1,Wrong Item,9115.86,Approved
RET03597,ORD019342,2025-12-02,CUST04893,PROD0040,1,Wrong Item,7125.69,Approved
RET03598,ORD000024,2026-01-13,CUST03420,PROD0090,1,Quality Issue,6354.08,Approved
RET03599,ORD052457,2024-02-04,CUST01570,PROD0112,2,Quality Issue,37810.44,Rejected
RET03600,ORD008134,2025-12-29,CUST01377,PROD0069,1,Changed Mind,5482.32,Approved
RET03601,ORD017898,2025-10-27,CUST02842,PROD0148,1,Damaged,8761.87,Approved
RET03602,ORD027733,2024-06-15,CUST01221,PROD0119,1,Changed Mind,15636.32,Approved
RET03603,ORD069008,2025-11-02,CUST05937,PROD0151,1,Quality Issue,3808.36,Approved
RET03604,ORD008553,2025-11-07,CUST05990,PROD0126,1,Late Delivery,11737.65,Approved
RET03605,ORD056618,2024-08-29,CUST05350,PROD0001,2,Late Delivery,24002.6,Approved
RET03606,ORD006510,2026-03-14,CUST02797,PROD0029,1,Wrong Item,13777.49,Approved
RET03607,ORD036399,2026-05-14,CUST01395,PROD0064,1,Wrong Item,14023.42,Approved
RET03608,ORD073773,2026-06-26,CUST02722,PROD0060,1,Changed Mind,15188.92,Rejected
RET03609,ORD056990,2025-12-25,CUST04374,PROD0178,1,Wrong Item,4622.91,Approved
RET03610,ORD052817,2025-05-26,CUST02088,PROD0061,1,Damaged,7568.74,Approved
RET03611,ORD063849,2024-11-29,CUST05035,PROD0022,2,Changed Mind,31389.14,Pending
RET03612,ORD008164,2024-07-07,CUST02958,PROD0155,1,Changed Mind,2796.83,Approved
RET03613,ORD056567,2025-02-01,CUST05658,PROD0164,1,Late Delivery,15495.6,Approved
RET03614,ORD016440,2024-04-14,CUST05639,PROD0037,1,Damaged,9731.05,Approved
RET03615,ORD041248,2025-04-24,CUST00330,PROD0024,1,Late Delivery,6673.1,Pending
RET03616,ORD051703,2026-02-11,CUST03483,PROD0154,1,Wrong Item,2368.51,Approved
RET03617,ORD035408,2025-05-20,CUST01688,PROD0038,1,Quality Issue,5926.22,Approved
RET03618,ORD067956,2024-07-18,CUST04342,PROD0039,1,Damaged,759.95,Pending
RET03619,ORD065454,2024-10-18,CUST02602,PROD0170,1,Damaged,15086.92,Approved
RET03620,ORD041161,2024-12-08,CUST01229,PROD0042,1,Late Delivery,19236.44,Approved
RET03621,ORD043042,2026-01-18,CUST02876,PROD0025,1,Changed Mind,5285.3,Approved
RET03622,ORD040552,2026-01-12,CUST02176,PROD0077,1,Quality Issue,1021.47,Approved
RET03623,ORD062087,2025-01-14,CUST05202,PROD0104,1,Changed Mind,5323.97,Approved
RET03624,ORD074393,2025-08-31,CUST04724,PROD0073,1,Wrong Item,8656.25,Approved
RET03625,ORD023349,2025-04-18,CUST01289,PROD0063,2,Quality Issue,8444.08,Pending
RET03626,ORD038069,2025-05-29,CUST02381,PROD0065,1,Damaged,4366.12,Approved
RET03627,ORD005505,2026-03-14,CUST01844,PROD0064,1,Damaged,14023.42,Approved
RET03628,ORD014080,2026-03-18,CUST03653,PROD0064,1,Changed Mind,14023.42,Approved
RET03629,ORD026976,2024-05-16,CUST05636,PROD0023,1,Damaged,12094.54,Approved
RET03630,ORD014023,2025-10-05,CUST05301,PROD0065,1,Wrong Item,4366.12,Pending
RET03631,ORD017174,2024-07-07,CUST04485,PROD0084,1,Changed Mind,8327.08,Approved
RET03632,ORD031586,2024-04-19,CUST01152,PROD0034,1,Wrong Item,15512.32,Approved
RET03633,ORD041091,2024-10-02,CUST04024,PROD0178,1,Damaged,4622.91,Approved
RET03634,ORD039705,2025-03-28,CUST04858,PROD0073,1,Quality Issue,8656.25,Approved
RET03635,ORD062206,2025-11-01,CUST01741,PROD0150,1,Damaged,1301.37,Approved
RET03636,ORD033949,2024-02-12,CUST03024,PROD0178,1,Changed Mind,4622.91,Pending
RET03637,ORD021901,2026-04-23,CUST01474,PROD0031,1,Damaged,3348.21,Approved
RET03638,ORD067208,2025-12-22,CUST05227,PROD0014,2,Quality Issue,13845.34,Approved
RET03639,ORD005046,2024-07-25,CUST01597,PROD0156,1,Late Delivery,891.52,Approved
RET03640,ORD068202,2026-06-08,CUST01606,PROD0123,2,Wrong Item,20551.36,Approved
RET03641,ORD048201,2024-06-11,CUST00214,PROD0175,1,Damaged,8066.73,Pending
RET03642,ORD048480,2026-04-24,CUST03458,PROD0025,1,Changed Mind,5285.3,Rejected
RET03643,ORD064408,2024-07-01,CUST01009,PROD0173,1,Damaged,1727.4,Approved
RET03644,ORD052618,2025-03-27,CUST00472,PROD0003,2,Changed Mind,31684.14,Approved
RET03645,ORD063025,2024-02-01,CUST02277,PROD0179,1,Changed Mind,15031.47,Approved
RET03646,ORD010158,2026-06-22,CUST03560,PROD0110,1,Wrong Item,448.54,Approved
RET03647,ORD007336,2025-08-21,CUST02559,PROD0033,1,Wrong Item,8818.49,Approved
RET03648,ORD006240,2024-09-28,CUST05210,PROD0016,1,Late Delivery,5085.97,Approved
RET03649,ORD049667,2024-03-10,CUST04224,PROD0105,1,Quality Issue,10597.29,Approved
RET03650,ORD024472,2026-02-24,CUST01644,PROD0005,1,Wrong Item,5395.83,Approved
RET03651,ORD009821,2025-07-12,CUST01331,PROD0099,1,Wrong Item,5204.8,Approved
RET03652,ORD059905,2024-10-10,CUST03546,PROD0094,2,Wrong Item,25354.7,Approved
RET03653,ORD010382,2026-04-11,CUST02588,PROD0100,1,Changed Mind,4090.74,Approved
RET03654,ORD020141,2025-04-08,CUST04166,PROD0064,2,Wrong Item,28046.84,Approved
RET03655,ORD007857,2024-08-02,CUST03145,PROD0018,1,Wrong Item,12486.26,Approved
RET03656,ORD051558,2024-12-29,CUST04780,PROD0152,1,Wrong Item,8156.28,Approved
RET03657,ORD059198,2024-09-10,CUST01746,PROD0085,1,Quality Issue,7374.91,Approved
RET03658,ORD066436,2024-08-04,CUST00014,PROD0177,1,Wrong Item,6508.8,Approved
RET03659,ORD014316,2025-03-20,CUST04960,PROD0158,1,Changed Mind,16109.18,Approved
RET03660,ORD050470,2025-04-06,CUST03615,PROD0054,1,Quality Issue,17939.72,Approved
RET03661,ORD042883,2024-04-20,CUST04107,PROD0086,1,Quality Issue,4398.02,Pending
RET03662,ORD013529,2025-07-06,CUST04196,PROD0089,1,Wrong Item,18354.57,Approved
RET03663,ORD017740,2024-12-09,CUST05037,PROD0178,1,Changed Mind,4622.91,Approved
RET03664,ORD044198,2024-07-07,CUST03096,PROD0045,1,Quality Issue,2884.24,Approved
RET03665,ORD028475,2024-09-29,CUST01900,PROD0166,1,Changed Mind,6336.84,Approved
RET03666,ORD025496,2025-09-24,CUST05985,PROD0117,1,Late Delivery,2739.8,Rejected
RET03667,ORD003470,2024-08-12,CUST03960,PROD0009,1,Wrong Item,6992.14,Approved
RET03668,ORD002426,2025-03-17,CUST03638,PROD0001,1,Changed Mind,12001.3,Pending
RET03669,ORD011784,2026-04-16,CUST02480,PROD0086,1,Quality Issue,4398.02,Approved
RET03670,ORD063813,2025-06-12,CUST03537,PROD0142,1,Damaged,2133.87,Approved
RET03671,ORD061139,2024-08-11,CUST03484,PROD0061,1,Late Delivery,7568.74,Approved
RET03672,ORD043326,2024-02-24,CUST02967,PROD0135,1,Damaged,11613.45,Approved
RET03673,ORD015037,2026-05-26,CUST05984,PROD0118,1,Late Delivery,11702.39,Approved
RET03674,ORD012024,2026-05-26,CUST03597,PROD0100,1,Wrong Item,4090.74,Approved
RET03675,ORD000129,2025-04-12,CUST01241,PROD0037,2,Changed Mind,19462.1,Approved
RET03676,ORD030970,2026-03-05,CUST04655,PROD0155,1,Wrong Item,2796.83,Approved
RET03677,ORD023018,2026-03-23,CUST00687,PROD0165,1,Quality Issue,11488.02,Approved
RET03678,ORD005280,2025-05-15,CUST02031,PROD0028,1,Damaged,19962.64,Approved
RET03679,ORD052125,2026-04-04,CUST00478,PROD0153,1,Late Delivery,8234.87,Approved
RET03680,ORD001635,2024-08-14,CUST03722,PROD0024,1,Changed Mind,6673.1,Approved
RET03681,ORD058552,2024-09-27,CUST04461,PROD0103,2,Late Delivery,14681.14,Approved
RET03682,ORD042936,2025-07-16,CUST00032,PROD0092,1,Damaged,3069.95,Approved
RET03683,ORD055530,2025-07-07,CUST03291,PROD0062,2,Changed Mind,8359.26,Approved
RET03684,ORD043172,2025-12-27,CUST00389,PROD0075,2,Damaged,32716.58,Approved
RET03685,ORD010849,2024-09-11,CUST03176,PROD0133,1,Wrong Item,12376.92,Approved
RET03686,ORD070820,2026-04-25,CUST05094,PROD0069,1,Changed Mind,5482.32,Approved
RET03687,ORD015490,2025-10-29,CUST03594,PROD0013,2,Late Delivery,20700.0,Approved
RET03688,ORD026939,2024-12-26,CUST03445,PROD0003,1,Changed Mind,15842.07,Approved
RET03689,ORD009264,2025-09-13,CUST05855,PROD0124,1,Changed Mind,10142.95,Approved
RET03690,ORD006626,2026-06-15,CUST01549,PROD0105,1,Damaged,10597.29,Rejected
RET03691,ORD004960,2024-08-22,CUST00783,PROD0079,1,Late Delivery,5573.33,Approved
RET03692,ORD074650,2025-07-28,CUST02158,PROD0098,1,Changed Mind,15512.35,Approved
RET03693,ORD068700,2025-03-04,CUST03969,PROD0122,1,Changed Mind,6342.03,Approved
RET03694,ORD053619,2024-06-03,CUST05456,PROD0108,1,Changed Mind,12361.97,Approved
RET03695,ORD070052,2024-09-24,CUST03647,PROD0010,1,Changed Mind,11772.01,Rejected
RET03696,ORD032269,2024-01-26,CUST01909,PROD0164,1,Changed Mind,15495.6,Pending
RET03697,ORD065692,2025-10-02,CUST05030,PROD0016,1,Changed Mind,5085.97,Approved
RET03698,ORD040514,2024-09-21,CUST05354,PROD0032,1,Wrong Item,16577.15,Approved
RET03699,ORD040018,2025-02-18,CUST00176,PROD0072,1,Wrong Item,6813.77,Approved
RET03700,ORD000199,2025-05-16,CUST00022,PROD0082,1,Changed Mind,2212.72,Approved
RET03701,ORD039421,2026-02-22,CUST01523,PROD0065,1,Damaged,4366.12,Approved
RET03702,ORD068430,2025-05-22,CUST03001,PROD0005,1,Changed Mind,5395.83,Rejected
RET03703,ORD012346,2025-10-06,CUST03495,PROD0156,1,Changed Mind,891.52,Approved
RET03704,ORD066472,2025-12-03,CUST04570,PROD0107,1,Late Delivery,8149.76,Pending
RET03705,ORD053429,2025-06-20,CUST03247,PROD0024,1,Quality Issue,6673.1,Approved
RET03706,ORD038285,2025-03-18,CUST05861,PROD0152,1,Damaged,8156.28,Approved
RET03707,ORD050194,2024-08-15,CUST04005,PROD0005,1,Changed Mind,5395.83,Approved
RET03708,ORD024848,2025-05-05,CUST05509,PROD0157,1,Damaged,14323.08,Approved
RET03709,ORD047187,2024-08-21,CUST01978,PROD0082,1,Late Delivery,2212.72,Approved
RET03710,ORD049205,2026-03-02,CUST01882,PROD0046,1,Wrong Item,5767.09,Approved
RET03711,ORD032306,2025-03-11,CUST02608,PROD0084,1,Quality Issue,8327.08,Approved
RET03712,ORD069001,2026-04-23,CUST03624,PROD0008,1,Late Delivery,8891.61,Approved
RET03713,ORD045088,2024-06-04,CUST01498,PROD0055,1,Changed Mind,832.15,Approved
RET03714,ORD021472,2025-08-25,CUST02794,PROD0177,1,Damaged,6508.8,Approved
RET03715,ORD065182,2024-05-05,CUST04162,PROD0088,1,Damaged,15469.47,Approved
RET03716,ORD052658,2025-01-23,CUST04145,PROD0180,1,Damaged,1990.36,Approved
RET03717,ORD027036,2025-03-20,CUST05784,PROD0064,1,Damaged,14023.42,Approved
RET03718,ORD006961,2024-08-20,CUST00803,PROD0089,1,Wrong Item,18354.57,Pending
RET03719,ORD008770,2025-05-19,CUST04526,PROD0021,2,Quality Issue,36999.72,Approved
RET03720,ORD022538,2025-02-01,CUST03031,PROD0087,1,Late Delivery,3396.38,Pending
RET03721,ORD067946,2025-11-14,CUST01268,PROD0022,1,Damaged,15694.57,Approved
RET03722,ORD051579,2024-10-20,CUST02653,PROD0180,2,Wrong Item,3980.72,Approved
RET03723,ORD046065,2024-06-29,CUST02718,PROD0156,1,Changed Mind,891.52,Approved
RET03724,ORD015700,2024-05-18,CUST01985,PROD0045,1,Quality Issue,2884.24,Approved
RET03725,ORD051175,2025-03-25,CUST01747,PROD0145,1,Late Delivery,1029.53,Approved
RET03726,ORD034753,2026-05-11,CUST04662,PROD0124,1,Changed Mind,10142.95,Approved
RET03727,ORD068961,2024-12-03,CUST03036,PROD0110,1,Quality Issue,448.54,Approved
RET03728,ORD054114,2024-06-20,CUST01045,PROD0073,1,Damaged,8656.25,Approved
RET03729,ORD024033,2024-06-15,CUST05581,PROD0075,1,Damaged,16358.29,Approved
RET03730,ORD069747,2024-04-04,CUST03268,PROD0111,1,Late Delivery,4589.0,Approved
RET03731,ORD006061,2025-06-19,CUST00338,PROD0179,1,Quality Issue,15031.47,Approved
RET03732,ORD071637,2026-02-11,CUST01929,PROD0098,2,Damaged,31024.7,Pending
RET03733,ORD004161,2026-03-01,CUST00765,PROD0070,1,Late Delivery,13770.36,Approved
RET03734,ORD048922,2024-07-21,CUST04710,PROD0099,1,Late Delivery,5204.8,Approved
RET03735,ORD041367,2025-11-25,CUST03951,PROD0024,1,Quality Issue,6673.1,Pending
RET03736,ORD024968,2025-09-16,CUST05458,PROD0035,1,Late Delivery,717.8,Pending
RET03737,ORD055821,2025-07-25,CUST04533,PROD0077,1,Changed Mind,1021.47,Approved
RET03738,ORD073292,2025-01-14,CUST02292,PROD0011,1,Quality Issue,4711.27,Approved
RET03739,ORD028116,2024-05-15,CUST02848,PROD0179,1,Changed Mind,15031.47,Approved
RET03740,ORD038638,2026-06-21,CUST00257,PROD0117,1,Wrong Item,2739.8,Approved
RET03741,ORD050528,2024-05-13,CUST02078,PROD0083,2,Wrong Item,27269.86,Approved
RET03742,ORD026889,2024-06-23,CUST03561,PROD0116,1,Wrong Item,1812.54,Approved
RET03743,ORD017997,2024-12-27,CUST01061,PROD0173,1,Quality Issue,1727.4,Approved
RET03744,ORD041917,2025-09-11,CUST02157,PROD0148,2,Late Delivery,17523.74,Approved
RET03745,ORD042280,2025-02-11,CUST02626,PROD0077,1,Wrong Item,1021.47,Approved
RET03746,ORD041209,2024-12-27,CUST03364,PROD0040,1,Changed Mind,7125.69,Approved
RET03747,ORD015487,2025-01-10,CUST05120,PROD0163,1,Quality Issue,9897.91,Approved
RET03748,ORD061626,2024-10-22,CUST02979,PROD0149,1,Quality Issue,15077.01,Approved
RET03749,ORD003524,2025-07-04,CUST00405,PROD0070,1,Quality Issue,13770.36,Approved
RET03750,ORD044429,2024-04-04,CUST02926,PROD0034,1,Wrong Item,15512.32,Approved
RET03751,ORD050813,2024-04-06,CUST00830,PROD0134,1,Changed Mind,6640.83,Pending
RET03752,ORD031214,2024-04-11,CUST01542,PROD0121,1,Wrong Item,15732.26,Approved
RET03753,ORD059585,2025-12-12,CUST01659,PROD0021,1,Damaged,18499.86,Approved
RET03754,ORD072869,2024-09-02,CUST04902,PROD0149,1,Wrong Item,15077.01,Approved
RET03755,ORD037357,2026-07-14,CUST05983,PROD0033,1,Changed Mind,8818.49,Approved
RET03756,ORD069875,2024-08-01,CUST03151,PROD0124,1,Damaged,10142.95,Approved
RET03757,ORD060103,2024-05-09,CUST00526,PROD0080,1,Late Delivery,7106.65,Approved
RET03758,ORD028733,2024-04-26,CUST00289,PROD0179,1,Damaged,15031.47,Approved
RET03759,ORD048436,2025-11-11,CUST00714,PROD0041,1,Changed Mind,2219.7,Pending
RET03760,ORD013423,2024-08-08,CUST00420,PROD0155,2,Late Delivery,5593.66,Approved
RET03761,ORD042158,2024-10-11,CUST00132,PROD0078,1,Late Delivery,11816.08,Approved
RET03762,ORD016434,2026-06-06,CUST04251,PROD0087,2,Changed Mind,6792.76,Approved
RET03763,ORD020116,2025-02-01,CUST04663,PROD0176,1,Late Delivery,12006.69,Approved
RET03764,ORD065866,2026-03-13,CUST02838,PROD0007,1,Wrong Item,6620.23,Approved
RET03765,ORD024790,2025-11-15,CUST03396,PROD0092,1,Quality Issue,3069.95,Approved
RET03766,ORD021000,2024-11-25,CUST03983,PROD0096,1,Damaged,2508.21,Rejected
RET03767,ORD038392,2026-06-19,CUST02762,PROD0047,1,Damaged,7182.73,Approved
RET03768,ORD044818,2025-07-11,CUST05622,PROD0124,1,Changed Mind,10142.95,Approved
RET03769,ORD010202,2024-07-09,CUST01127,PROD0094,1,Wrong Item,12677.35,Approved
RET03770,ORD021049,2024-03-23,CUST00719,PROD0162,1,Quality Issue,14802.17,Pending
RET03771,ORD036912,2025-07-20,CUST03942,PROD0148,1,Quality Issue,8761.87,Approved
RET03772,ORD027190,2026-06-01,CUST00507,PROD0080,1,Late Delivery,7106.65,Approved
RET03773,ORD021505,2026-01-21,CUST03031,PROD0100,1,Late Delivery,4090.74,Approved
RET03774,ORD010531,2024-07-17,CUST00736,PROD0044,1,Late Delivery,13681.96,Approved
RET03775,ORD043064,2024-07-07,CUST02282,PROD0077,1,Late Delivery,1021.47,Approved
RET03776,ORD039609,2025-04-17,CUST05368,PROD0085,1,Wrong Item,7374.91,Approved
RET03777,ORD065973,2025-08-22,CUST01347,PROD0050,1,Changed Mind,7609.14,Approved
RET03778,ORD056863,2026-06-23,CUST04238,PROD0029,1,Quality Issue,13777.49,Approved
RET03779,ORD036116,2024-12-15,CUST00948,PROD0172,2,Damaged,27224.1,Approved
RET03780,ORD040978,2025-05-13,CUST01834,PROD0053,1,Damaged,2085.37,Approved
RET03781,ORD047258,2024-09-20,CUST03356,PROD0068,1,Quality Issue,14057.37,Approved
RET03782,ORD026702,2025-05-20,CUST01843,PROD0121,1,Damaged,15732.26,Approved
RET03783,ORD072871,2024-07-24,CUST03360,PROD0062,2,Quality Issue,8359.26,Approved
RET03784,ORD010128,2024-07-27,CUST04795,PROD0128,1,Quality Issue,6488.56,Approved
RET03785,ORD024131,2024-08-27,CUST03588,PROD0024,1,Damaged,6673.1,Approved
RET03786,ORD046647,2024-08-08,CUST01910,PROD0106,1,Wrong Item,4279.13,Pending
RET03787,ORD010818,2024-08-07,CUST05447,PROD0078,1,Changed Mind,11816.08,Approved
RET03788,ORD019041,2026-06-28,CUST02496,PROD0098,1,Wrong Item,15512.35,Approved
RET03789,ORD026578,2025-11-21,CUST04212,PROD0024,1,Wrong Item,6673.1,Pending
RET03790,ORD069388,2025-08-18,CUST04263,PROD0064,2,Wrong Item,28046.84,Approved
RET03791,ORD072159,2026-02-16,CUST02942,PROD0172,2,Changed Mind,27224.1,Rejected
RET03792,ORD001200,2024-10-16,CUST03654,PROD0019,2,Changed Mind,19368.92,Approved
RET03793,ORD027729,2024-04-26,CUST04304,PROD0048,2,Quality Issue,8386.68,Rejected
RET03794,ORD024351,2024-03-25,CUST01088,PROD0132,1,Quality Issue,3901.55,Approved
RET03795,ORD023404,2024-08-11,CUST02579,PROD0042,1,Quality Issue,19236.44,Approved
RET03796,ORD024854,2024-07-02,CUST01089,PROD0003,1,Quality Issue,15842.07,Approved
RET03797,ORD009011,2025-05-25,CUST05959,PROD0059,1,Damaged,4032.23,Approved
RET03798,ORD060946,2025-11-21,CUST03885,PROD0136,1,Quality Issue,14567.99,Approved
RET03799,ORD066377,2024-07-24,CUST03866,PROD0166,2,Late Delivery,12673.68,Approved
RET03800,ORD059393,2026-05-26,CUST01002,PROD0159,1,Quality Issue,2880.2,Approved
RET03801,ORD002649,2026-02-06,CUST02090,PROD0047,1,Late Delivery,7182.73,Approved
RET03802,ORD020067,2025-01-31,CUST04136,PROD0046,1,Late Delivery,5767.09,Approved
RET03803,ORD065898,2025-05-30,CUST00126,PROD0030,1,Damaged,10355.74,Approved
RET03804,ORD058333,2026-06-29,CUST03149,PROD0059,1,Late Delivery,4032.23,Approved
RET03805,ORD025836,2024-10-09,CUST02994,PROD0082,1,Changed Mind,2212.72,Approved
RET03806,ORD065318,2024-03-08,CUST03591,PROD0144,1,Damaged,2257.47,Approved
RET03807,ORD025799,2024-11-07,CUST03678,PROD0021,1,Wrong Item,18499.86,Approved
RET03808,ORD073004,2024-11-12,CUST04134,PROD0007,1,Quality Issue,6620.23,Approved
RET03809,ORD023813,2025-02-06,CUST02982,PROD0134,1,Quality Issue,6640.83,Approved
RET03810,ORD072436,2026-01-14,CUST03229,PROD0086,1,Quality Issue,4398.02,Approved
RET03811,ORD046766,2025-01-30,CUST04584,PROD0076,1,Changed Mind,7447.92,Approved
RET03812,ORD046960,2025-05-02,CUST02747,PROD0036,2,Changed Mind,31187.12,Approved
RET03813,ORD028189,2025-07-22,CUST04822,PROD0109,1,Wrong Item,8971.66,Approved
RET03814,ORD001515,2026-04-29,CUST03927,PROD0175,1,Damaged,8066.73,Pending
RET03815,ORD055258,2025-10-25,CUST01652,PROD0043,1,Quality Issue,18076.17,Approved
RET03816,ORD041541,2024-12-28,CUST04575,PROD0078,2,Damaged,23632.16,Approved
RET03817,ORD074459,2026-01-28,CUST05769,PROD0101,2,Quality Issue,24143.38,Approved
RET03818,ORD030183,2026-06-30,CUST05238,PROD0065,1,Late Delivery,4366.12,Approved
RET03819,ORD024088,2024-04-20,CUST03119,PROD0173,1,Wrong Item,1727.4,Approved
RET03820,ORD062485,2025-03-07,CUST05962,PROD0103,1,Changed Mind,7340.57,Approved
RET03821,ORD073357,2026-02-15,CUST00903,PROD0172,1,Late Delivery,13612.05,Approved
RET03822,ORD069790,2024-09-03,CUST02521,PROD0085,1,Changed Mind,7374.91,Approved
RET03823,ORD057380,2026-05-18,CUST05535,PROD0058,1,Changed Mind,2824.28,Approved
RET03824,ORD025312,2024-10-04,CUST03922,PROD0009,1,Late Delivery,6992.14,Approved
RET03825,ORD056336,2024-03-30,CUST04627,PROD0085,1,Damaged,7374.91,Rejected
RET03826,ORD009708,2024-04-25,CUST01680,PROD0101,1,Wrong Item,12071.69,Approved
RET03827,ORD035479,2026-01-01,CUST01991,PROD0070,2,Late Delivery,27540.72,Approved
RET03828,ORD060817,2026-04-24,CUST02696,PROD0075,1,Damaged,16358.29,Approved
RET03829,ORD041062,2025-08-24,CUST04074,PROD0061,1,Late Delivery,7568.74,Pending
RET03830,ORD029002,2024-03-15,CUST04224,PROD0103,1,Changed Mind,7340.57,Approved
RET03831,ORD069414,2024-11-17,CUST04242,PROD0165,1,Wrong Item,11488.02,Pending
RET03832,ORD019103,2024-09-10,CUST01852,PROD0055,1,Changed Mind,832.15,Approved
RET03833,ORD009379,2026-03-05,CUST01807,PROD0056,1,Late Delivery,4052.4,Approved
RET03834,ORD042149,2025-01-18,CUST02292,PROD0020,1,Changed Mind,4124.29,Approved
RET03835,ORD005918,2024-04-18,CUST02743,PROD0009,1,Quality Issue,6992.14,Approved
RET03836,ORD014450,2026-03-13,CUST02912,PROD0163,1,Quality Issue,9897.91,Approved
RET03837,ORD071861,2024-01-23,CUST00320,PROD0170,1,Late Delivery,15086.92,Approved
RET03838,ORD016563,2026-06-13,CUST00374,PROD0154,1,Wrong Item,2368.51,Approved
RET03839,ORD013025,2025-04-28,CUST02275,PROD0171,1,Late Delivery,13350.31,Approved
RET03840,ORD003556,2024-06-24,CUST01229,PROD0163,1,Wrong Item,9897.91,Approved
RET03841,ORD043992,2024-04-25,CUST02266,PROD0139,1,Late Delivery,1777.94,Pending
RET03842,ORD023892,2025-06-22,CUST03970,PROD0035,1,Wrong Item,717.8,Approved
RET03843,ORD002186,2025-02-18,CUST01182,PROD0076,1,Late Delivery,7447.92,Approved
RET03844,ORD049901,2025-04-19,CUST02733,PROD0177,1,Damaged,6508.8,Approved
RET03845,ORD038539,2026-02-05,CUST02190,PROD0164,1,Damaged,15495.6,Pending
RET03846,ORD004121,2024-06-09,CUST02371,PROD0053,1,Late Delivery,2085.37,Approved
RET03847,ORD074894,2025-05-31,CUST04983,PROD0096,1,Late Delivery,2508.21,Approved
RET03848,ORD035862,2025-04-21,CUST02157,PROD0048,1,Wrong Item,4193.34,Approved
RET03849,ORD048956,2026-03-10,CUST05434,PROD0138,1,Quality Issue,12600.9,Approved
RET03850,ORD046116,2024-09-03,CUST01934,PROD0002,1,Wrong Item,6109.4,Approved
RET03851,ORD006841,2024-08-25,CUST02971,PROD0095,1,Wrong Item,2134.17,Pending
RET03852,ORD060325,2024-05-01,CUST01204,PROD0129,1,Wrong Item,5163.83,Approved
RET03853,ORD053452,2025-01-13,CUST00928,PROD0177,1,Quality Issue,6508.8,Approved
RET03854,ORD037804,2025-04-08,CUST02006,PROD0102,1,Quality Issue,5276.76,Approved
RET03855,ORD013849,2024-10-29,CUST01031,PROD0084,1,Quality Issue,8327.08,Rejected
RET03856,ORD016782,2024-01-10,CUST01266,PROD0098,2,Wrong Item,31024.7,Pending
RET03857,ORD036807,2026-06-16,CUST02946,PROD0001,1,Wrong Item,12001.3,Approved
RET03858,ORD034736,2024-02-29,CUST05212,PROD0168,1,Wrong Item,7461.76,Approved
RET03859,ORD039832,2024-03-21,CUST02315,PROD0106,1,Wrong Item,4279.13,Approved
RET03860,ORD047020,2025-04-28,CUST01640,PROD0083,2,Damaged,27269.86,Approved
RET03861,ORD024752,2026-02-16,CUST04780,PROD0033,1,Late Delivery,8818.49,Approved
RET03862,ORD058755,2026-05-11,CUST03941,PROD0155,1,Late Delivery,2796.83,Approved
RET03863,ORD057057,2024-09-23,CUST02781,PROD0115,1,Wrong Item,16930.95,Approved
RET03864,ORD018424,2024-03-01,CUST01762,PROD0048,1,Quality Issue,4193.34,Rejected
RET03865,ORD065848,2024-10-07,CUST01174,PROD0023,2,Changed Mind,24189.08,Approved
RET03866,ORD000192,2025-02-06,CUST00313,PROD0179,1,Damaged,15031.47,Approved
RET03867,ORD045681,2026-02-13,CUST03244,PROD0162,2,Quality Issue,29604.34,Approved
RET03868,ORD050683,2024-01-26,CUST01594,PROD0164,1,Wrong Item,15495.6,Approved
RET03869,ORD058336,2025-07-06,CUST03067,PROD0161,1,Late Delivery,15765.29,Pending
RET03870,ORD060463,2026-02-23,CUST04984,PROD0161,1,Wrong Item,15765.29,Approved
RET03871,ORD031772,2025-02-17,CUST05536,PROD0076,1,Quality Issue,7447.92,Approved
RET03872,ORD023826,2026-02-07,CUST00232,PROD0076,1,Quality Issue,7447.92,Approved
RET03873,ORD044720,2024-02-19,CUST02231,PROD0083,2,Changed Mind,27269.86,Approved
RET03874,ORD034269,2024-06-24,CUST03878,PROD0105,1,Late Delivery,10597.29,Approved
RET03875,ORD003841,2024-01-15,CUST01890,PROD0139,1,Damaged,1777.94,Approved
RET03876,ORD015919,2025-10-12,CUST00163,PROD0092,1,Damaged,3069.95,Approved
RET03877,ORD070903,2025-01-03,CUST02518,PROD0082,1,Late Delivery,2212.72,Rejected
RET03878,ORD013283,2024-07-06,CUST05208,PROD0169,1,Quality Issue,6354.88,Approved
RET03879,ORD052200,2024-02-20,CUST00301,PROD0041,1,Late Delivery,2219.7,Approved
RET03880,ORD033419,2024-03-07,CUST03770,PROD0036,1,Wrong Item,15593.56,Approved
RET03881,ORD037816,2026-06-16,CUST02579,PROD0034,1,Quality Issue,15512.32,Approved
RET03882,ORD066512,2025-09-16,CUST01536,PROD0016,1,Late Delivery,5085.97,Approved
RET03883,ORD068895,2025-09-13,CUST02358,PROD0118,2,Damaged,23404.78,Approved
RET03884,ORD064025,2026-02-27,CUST05080,PROD0030,1,Late Delivery,10355.74,Approved
RET03885,ORD064559,2024-01-06,CUST00513,PROD0134,1,Late Delivery,6640.83,Approved
RET03886,ORD047231,2024-07-05,CUST05830,PROD0167,1,Quality Issue,12170.89,Approved
RET03887,ORD016129,2025-03-31,CUST02076,PROD0004,1,Damaged,15906.36,Approved
RET03888,ORD035328,2026-03-21,CUST04246,PROD0166,1,Damaged,6336.84,Approved
RET03889,ORD055050,2024-01-13,CUST00027,PROD0106,1,Wrong Item,4279.13,Approved
RET03890,ORD060071,2025-08-31,CUST04655,PROD0041,1,Quality Issue,2219.7,Rejected
RET03891,ORD047979,2025-11-15,CUST04170,PROD0030,1,Quality Issue,10355.74,Approved
RET03892,ORD074245,2024-11-02,CUST05718,PROD0118,1,Damaged,11702.39,Approved
RET03893,ORD047448,2025-04-11,CUST02287,PROD0039,2,Damaged,1519.9,Approved
RET03894,ORD012801,2025-06-26,CUST05915,PROD0133,2,Quality Issue,24753.84,Approved
RET03895,ORD039620,2025-02-01,CUST00553,PROD0104,1,Quality Issue,5323.97,Approved
RET03896,ORD015511,2026-06-08,CUST03827,PROD0122,1,Changed Mind,6342.03,Pending
RET03897,ORD024614,2024-12-17,CUST00817,PROD0010,1,Quality Issue,11772.01,Approved
RET03898,ORD038984,2026-06-17,CUST03118,PROD0084,1,Late Delivery,8327.08,Approved
RET03899,ORD047261,2024-12-01,CUST03608,PROD0005,1,Wrong Item,5395.83,Approved
RET03900,ORD003220,2025-03-19,CUST01575,PROD0143,1,Wrong Item,4810.17,Pending
RET03901,ORD065534,2024-03-10,CUST04224,PROD0031,1,Damaged,3348.21,Approved
RET03902,ORD056523,2025-10-23,CUST00074,PROD0157,1,Late Delivery,14323.08,Pending
RET03903,ORD028492,2025-06-20,CUST05254,PROD0130,1,Late Delivery,9115.86,Approved
RET03904,ORD072302,2025-01-29,CUST01721,PROD0062,2,Wrong Item,8359.26,Approved
RET03905,ORD011164,2026-05-14,CUST01188,PROD0168,1,Late Delivery,7461.76,Pending
RET03906,ORD056561,2026-02-10,CUST02394,PROD0128,2,Wrong Item,12977.12,Approved
RET03907,ORD014836,2026-03-31,CUST02583,PROD0048,1,Changed Mind,4193.34,Approved
RET03908,ORD023210,2025-03-14,CUST00418,PROD0090,1,Changed Mind,6354.08,Approved
RET03909,ORD019162,2025-05-29,CUST02476,PROD0014,1,Damaged,6922.67,Pending
RET03910,ORD001520,2025-03-27,CUST00924,PROD0112,1,Changed Mind,18905.22,Approved
RET03911,ORD005657,2024-03-07,CUST03903,PROD0177,2,Damaged,13017.6,Approved
RET03912,ORD056641,2026-06-26,CUST03086,PROD0051,1,Damaged,7244.8,Approved
RET03913,ORD025404,2024-10-03,CUST01307,PROD0095,1,Changed Mind,2134.17,Approved
RET03914,ORD015229,2024-08-26,CUST04207,PROD0092,1,Damaged,3069.95,Approved
RET03915,ORD061780,2025-03-04,CUST03419,PROD0101,2,Changed Mind,24143.38,Approved
RET03916,ORD064376,2025-04-13,CUST02349,PROD0036,1,Wrong Item,15593.56,Rejected
RET03917,ORD031948,2025-12-28,CUST05232,PROD0098,1,Wrong Item,15512.35,Approved
RET03918,ORD019572,2026-04-07,CUST04873,PROD0041,1,Late Delivery,2219.7,Pending
RET03919,ORD041910,2025-08-30,CUST04839,PROD0055,1,Quality Issue,832.15,Approved
RET03920,ORD028813,2025-07-07,CUST04782,PROD0159,1,Quality Issue,2880.2,Approved
RET03921,ORD074672,2025-04-23,CUST01419,PROD0160,1,Wrong Item,9056.08,Approved
RET03922,ORD060848,2024-04-19,CUST00044,PROD0140,1,Wrong Item,16058.37,Approved
RET03923,ORD030017,2025-10-25,CUST01063,PROD0163,1,Late Delivery,9897.91,Rejected
RET03924,ORD031397,2026-01-24,CUST02912,PROD0118,1,Damaged,11702.39,Rejected
RET03925,ORD055335,2025-11-10,CUST04237,PROD0130,1,Changed Mind,9115.86,Approved
RET03926,ORD069138,2026-01-08,CUST01493,PROD0171,1,Late Delivery,13350.31,Approved
RET03927,ORD063399,2026-02-13,CUST01609,PROD0148,2,Damaged,17523.74,Approved
RET03928,ORD074995,2024-04-05,CUST03257,PROD0180,2,Quality Issue,3980.72,Approved
RET03929,ORD011976,2024-12-29,CUST05618,PROD0056,1,Damaged,4052.4,Approved
RET03930,ORD070652,2026-05-30,CUST03027,PROD0056,1,Wrong Item,4052.4,Approved
RET03931,ORD056230,2026-03-12,CUST01072,PROD0130,2,Wrong Item,18231.72,Approved
RET03932,ORD027453,2026-05-02,CUST04334,PROD0136,1,Changed Mind,14567.99,Approved
RET03933,ORD065541,2024-12-01,CUST01941,PROD0164,1,Changed Mind,15495.6,Approved
RET03934,ORD007091,2025-01-31,CUST03565,PROD0064,1,Changed Mind,14023.42,Approved
RET03935,ORD006478,2026-03-29,CUST03952,PROD0178,1,Damaged,4622.91,Approved
RET03936,ORD028184,2025-12-13,CUST01782,PROD0065,1,Changed Mind,4366.12,Approved
RET03937,ORD046474,2025-10-13,CUST01929,PROD0165,1,Damaged,11488.02,Approved
RET03938,ORD053792,2025-03-02,CUST04708,PROD0067,1,Damaged,4228.87,Approved
RET03939,ORD048895,2025-11-23,CUST01091,PROD0103,1,Damaged,7340.57,Approved
RET03940,ORD051544,2025-01-01,CUST02048,PROD0070,1,Changed Mind,13770.36,Approved
RET03941,ORD027967,2025-04-03,CUST04443,PROD0039,1,Late Delivery,759.95,Approved
RET03942,ORD049489,2024-03-01,CUST00923,PROD0015,1,Damaged,18083.63,Approved
RET03943,ORD020001,2024-03-17,CUST01834,PROD0131,1,Quality Issue,8773.69,Rejected
RET03944,ORD014952,2026-03-19,CUST04622,PROD0024,1,Wrong Item,6673.1,Approved
RET03945,ORD059498,2025-06-14,CUST03375,PROD0146,1,Damaged,2879.6,Pending
RET03946,ORD017703,2025-11-27,CUST01408,PROD0095,1,Late Delivery,2134.17,Approved
RET03947,ORD037004,2025-06-01,CUST05627,PROD0073,1,Wrong Item,8656.25,Approved
RET03948,ORD066148,2024-06-22,CUST04568,PROD0077,1,Damaged,1021.47,Approved
RET03949,ORD003958,2025-02-17,CUST05849,PROD0134,1,Late Delivery,6640.83,Approved
RET03950,ORD042438,2025-10-18,CUST00424,PROD0177,1,Late Delivery,6508.8,Approved
RET03951,ORD017372,2025-09-20,CUST00688,PROD0167,2,Damaged,24341.78,Approved
RET03952,ORD034685,2024-07-09,CUST01132,PROD0163,1,Late Delivery,9897.91,Approved
RET03953,ORD042274,2024-07-10,CUST02175,PROD0133,1,Late Delivery,12376.92,Approved
RET03954,ORD007296,2025-07-07,CUST02875,PROD0126,1,Quality Issue,11737.65,Approved
RET03955,ORD062518,2025-11-27,CUST04141,PROD0120,2,Quality Issue,13057.24,Approved
RET03956,ORD051194,2026-01-28,CUST04592,PROD0001,1,Quality Issue,12001.3,Approved
RET03957,ORD004221,2025-05-30,CUST00689,PROD0048,1,Late Delivery,4193.34,Approved
RET03958,ORD048634,2025-04-19,CUST04629,PROD0098,1,Late Delivery,15512.35,Approved
RET03959,ORD058243,2025-04-25,CUST02652,PROD0066,2,Quality Issue,12271.12,Approved
RET03960,ORD001797,2024-02-26,CUST02055,PROD0027,1,Damaged,10298.65,Rejected
RET03961,ORD020655,2025-05-17,CUST02342,PROD0024,1,Quality Issue,6673.1,Pending
RET03962,ORD006313,2026-06-29,CUST00703,PROD0001,2,Quality Issue,24002.6,Approved
RET03963,ORD035540,2025-01-20,CUST04333,PROD0040,1,Quality Issue,7125.69,Approved
RET03964,ORD035185,2026-03-04,CUST01990,PROD0115,1,Late Delivery,16930.95,Approved
RET03965,ORD002517,2024-09-05,CUST02498,PROD0098,1,Quality Issue,15512.35,Approved
RET03966,ORD013073,2024-02-09,CUST01035,PROD0142,1,Quality Issue,2133.87,Approved
RET03967,ORD047007,2025-04-16,CUST03789,PROD0170,1,Wrong Item,15086.92,Approved
RET03968,ORD045944,2025-03-23,CUST03655,PROD0011,1,Changed Mind,4711.27,Approved
RET03969,ORD036806,2024-07-12,CUST00020,PROD0033,1,Changed Mind,8818.49,Approved
RET03970,ORD035791,2025-08-06,CUST03368,PROD0130,1,Wrong Item,9115.86,Approved
RET03971,ORD030602,2026-06-14,CUST01612,PROD0041,1,Damaged,2219.7,Approved
RET03972,ORD028443,2025-04-26,CUST02536,PROD0180,1,Changed Mind,1990.36,Approved
RET03973,ORD003594,2024-03-30,CUST02641,PROD0075,1,Late Delivery,16358.29,Rejected
RET03974,ORD067909,2025-08-07,CUST00169,PROD0176,1,Quality Issue,12006.69,Approved
RET03975,ORD068308,2025-05-23,CUST02242,PROD0177,1,Wrong Item,6508.8,Approved
RET03976,ORD051312,2025-03-19,CUST04990,PROD0070,2,Quality Issue,27540.72,Approved
RET03977,ORD038203,2024-03-03,CUST03486,PROD0053,1,Late Delivery,2085.37,Pending
RET03978,ORD035728,2025-11-15,CUST01841,PROD0029,1,Wrong Item,13777.49,Approved
RET03979,ORD059526,2025-03-16,CUST03646,PROD0064,1,Late Delivery,14023.42,Approved
RET03980,ORD053675,2025-03-27,CUST05182,PROD0097,2,Changed Mind,22000.08,Approved
RET03981,ORD013911,2024-07-25,CUST00237,PROD0057,1,Damaged,9379.9,Approved
RET03982,ORD036697,2025-05-17,CUST03883,PROD0163,1,Changed Mind,9897.91,Approved
RET03983,ORD013381,2026-06-21,CUST04065,PROD0173,1,Damaged,1727.4,Approved
RET03984,ORD021484,2026-01-25,CUST02342,PROD0097,1,Changed Mind,11000.04,Approved
RET03985,ORD022757,2026-03-14,CUST04204,PROD0131,1,Damaged,8773.69,Approved
RET03986,ORD036001,2025-03-03,CUST01718,PROD0054,1,Quality Issue,17939.72,Approved
RET03987,ORD063993,2024-10-27,CUST00468,PROD0147,2,Late Delivery,10427.38,Rejected
RET03988,ORD009897,2024-04-20,CUST05102,PROD0044,1,Damaged,13681.96,Approved
RET03989,ORD056783,2024-11-03,CUST00584,PROD0001,1,Quality Issue,12001.3,Approved
RET03990,ORD015847,2026-06-04,CUST00742,PROD0061,1,Late Delivery,7568.74,Approved
RET03991,ORD031741,2024-12-17,CUST02009,PROD0009,2,Changed Mind,13984.28,Pending
RET03992,ORD046552,2025-09-27,CUST00695,PROD0142,2,Late Delivery,4267.74,Rejected
RET03993,ORD014075,2026-04-07,CUST02013,PROD0162,1,Quality Issue,14802.17,Pending
RET03994,ORD023736,2024-05-31,CUST04916,PROD0178,1,Changed Mind,4622.91,Approved
RET03995,ORD041557,2025-03-24,CUST05374,PROD0094,1,Quality Issue,12677.35,Approved
RET03996,ORD064973,2025-01-13,CUST02522,PROD0122,2,Quality Issue,12684.06,Approved
RET03997,ORD012633,2025-01-16,CUST02774,PROD0021,1,Quality Issue,18499.86,Approved
RET03998,ORD008974,2024-01-19,CUST01352,PROD0168,1,Wrong Item,7461.76,Rejected
RET03999,ORD070978,2026-03-25,CUST02974,PROD0047,1,Damaged,7182.73,Approved
RET04000,ORD061287,2026-04-12,CUST00463,PROD0083,1,Late Delivery,13634.93,Approved
RET04001,ORD052557,2026-05-28,CUST05176,PROD0180,1,Changed Mind,1990.36,Approved
RET04002,ORD039339,2026-06-17,CUST02116,PROD0142,1,Late Delivery,2133.87,Approved
RET04003,ORD043868,2024-05-05,CUST02453,PROD0147,1,Late Delivery,5213.69,Approved
RET04004,ORD050912,2025-08-30,CUST02442,PROD0017,1,Changed Mind,9986.93,Approved
RET04005,ORD020788,2025-12-18,CUST03448,PROD0085,2,Changed Mind,14749.82,Approved
RET04006,ORD056748,2026-06-08,CUST00381,PROD0062,2,Damaged,8359.26,Approved
RET04007,ORD026876,2025-12-16,CUST03248,PROD0109,1,Changed Mind,8971.66,Approved
RET04008,ORD041973,2026-01-18,CUST03037,PROD0094,1,Damaged,12677.35,Approved
RET04009,ORD063058,2026-05-16,CUST02484,PROD0003,1,Quality Issue,15842.07,Approved
RET04010,ORD032518,2024-04-27,CUST04648,PROD0019,2,Quality Issue,19368.92,Pending
RET04011,ORD071706,2025-12-19,CUST03748,PROD0137,1,Changed Mind,2135.82,Approved
RET04012,ORD005114,2025-02-07,CUST00407,PROD0124,1,Late Delivery,10142.95,Approved
RET04013,ORD042107,2025-09-05,CUST00558,PROD0083,1,Wrong Item,13634.93,Approved
RET04014,ORD017459,2024-10-22,CUST03679,PROD0002,1,Damaged,6109.4,Approved
RET04015,ORD072327,2024-11-15,CUST02827,PROD0129,1,Changed Mind,5163.83,Pending
RET04016,ORD051352,2024-10-29,CUST04899,PROD0030,2,Late Delivery,20711.48,Approved
RET04017,ORD055117,2025-05-29,CUST04893,PROD0126,1,Late Delivery,11737.65,Approved
RET04018,ORD057465,2024-04-01,CUST03922,PROD0081,1,Late Delivery,255.39,Approved
RET04019,ORD027375,2026-02-21,CUST05194,PROD0068,1,Late Delivery,14057.37,Approved
RET04020,ORD051468,2026-04-03,CUST04116,PROD0062,1,Wrong Item,4179.63,Approved
RET04021,ORD006927,2024-04-22,CUST05511,PROD0077,2,Damaged,2042.94,Approved
RET04022,ORD037643,2025-01-03,CUST05261,PROD0011,1,Damaged,4711.27,Approved
RET04023,ORD065314,2024-06-02,CUST04227,PROD0133,1,Changed Mind,12376.92,Approved
RET04024,ORD047990,2025-10-05,CUST02429,PROD0048,2,Damaged,8386.68,Approved
RET04025,ORD047506,2026-04-10,CUST00574,PROD0152,1,Changed Mind,8156.28,Approved
RET04026,ORD059227,2024-07-22,CUST00802,PROD0156,1,Late Delivery,891.52,Approved
RET04027,ORD071858,2025-06-01,CUST00877,PROD0088,1,Wrong Item,15469.47,Approved
RET04028,ORD065438,2024-04-14,CUST00267,PROD0033,1,Wrong Item,8818.49,Pending
RET04029,ORD014335,2024-02-24,CUST01384,PROD0178,2,Damaged,9245.82,Approved
RET04030,ORD066236,2026-06-08,CUST04810,PROD0009,1,Damaged,6992.14,Approved
RET04031,ORD040353,2024-07-19,CUST02830,PROD0036,1,Changed Mind,15593.56,Approved
RET04032,ORD021713,2024-03-16,CUST01417,PROD0133,2,Damaged,24753.84,Approved
RET04033,ORD036965,2025-08-24,CUST03870,PROD0015,1,Changed Mind,18083.63,Approved
RET04034,ORD045454,2024-07-14,CUST02226,PROD0176,1,Changed Mind,12006.69,Approved
RET04035,ORD028277,2025-09-27,CUST05138,PROD0045,1,Late Delivery,2884.24,Approved
RET04036,ORD072468,2025-06-13,CUST00308,PROD0010,1,Changed Mind,11772.01,Approved
RET04037,ORD006869,2024-01-16,CUST02016,PROD0133,1,Late Delivery,12376.92,Pending
RET04038,ORD044783,2025-06-09,CUST05649,PROD0029,1,Late Delivery,13777.49,Approved
RET04039,ORD063889,2026-02-22,CUST05154,PROD0172,1,Wrong Item,13612.05,Approved
RET04040,ORD035994,2024-02-26,CUST04041,PROD0141,1,Changed Mind,1258.64,Approved
RET04041,ORD053159,2026-06-29,CUST02412,PROD0137,1,Wrong Item,2135.82,Approved
RET04042,ORD024387,2026-01-09,CUST04105,PROD0166,1,Quality Issue,6336.84,Approved
RET04043,ORD052923,2025-06-22,CUST02926,PROD0150,1,Wrong Item,1301.37,Rejected
RET04044,ORD051658,2026-04-17,CUST03065,PROD0101,2,Changed Mind,24143.38,Approved
RET04045,ORD009927,2025-06-08,CUST04291,PROD0109,1,Changed Mind,8971.66,Approved
RET04046,ORD018199,2026-01-30,CUST04737,PROD0158,1,Damaged,16109.18,Approved
RET04047,ORD024505,2024-04-04,CUST01602,PROD0179,1,Wrong Item,15031.47,Approved
RET04048,ORD036145,2025-04-28,CUST01268,PROD0170,1,Damaged,15086.92,Pending
RET04049,ORD023871,2025-07-28,CUST04295,PROD0082,1,Quality Issue,2212.72,Pending
RET04050,ORD037551,2024-08-22,CUST04736,PROD0071,1,Wrong Item,10420.29,Approved
RET04051,ORD010161,2024-09-03,CUST01103,PROD0106,1,Quality Issue,4279.13,Approved
RET04052,ORD060160,2024-12-16,CUST00921,PROD0109,1,Quality Issue,8971.66,Pending
RET04053,ORD053424,2025-05-03,CUST04733,PROD0138,1,Late Delivery,12600.9,Approved
RET04054,ORD006388,2024-11-06,CUST04972,PROD0040,1,Late Delivery,7125.69,Rejected
RET04055,ORD045039,2025-07-12,CUST03602,PROD0053,1,Damaged,2085.37,Approved
RET04056,ORD024937,2024-12-27,CUST03722,PROD0144,1,Damaged,2257.47,Approved
RET04057,ORD053075,2024-08-13,CUST04519,PROD0084,2,Quality Issue,16654.16,Approved
RET04058,ORD067601,2025-04-10,CUST02749,PROD0125,1,Changed Mind,12200.98,Approved
RET04059,ORD030287,2025-11-18,CUST05426,PROD0165,1,Wrong Item,11488.02,Approved
RET04060,ORD000515,2025-11-13,CUST01944,PROD0071,1,Late Delivery,10420.29,Approved
RET04061,ORD063705,2024-04-04,CUST01705,PROD0164,1,Changed Mind,15495.6,Approved
RET04062,ORD063154,2024-11-13,CUST04150,PROD0176,1,Changed Mind,12006.69,Approved
RET04063,ORD004829,2024-12-19,CUST03966,PROD0115,1,Late Delivery,16930.95,Approved
RET04064,ORD060304,2024-07-07,CUST01333,PROD0051,1,Wrong Item,7244.8,Rejected
RET04065,ORD035798,2025-11-22,CUST03546,PROD0173,2,Damaged,3454.8,Approved
RET04066,ORD068712,2024-07-05,CUST02595,PROD0113,2,Quality Issue,28850.36,Pending
RET04067,ORD054854,2024-04-11,CUST05817,PROD0140,1,Late Delivery,16058.37,Approved
RET04068,ORD060139,2026-03-22,CUST03467,PROD0144,1,Late Delivery,2257.47,Approved
RET04069,ORD069111,2024-01-27,CUST00206,PROD0091,1,Damaged,2345.0,Pending
RET04070,ORD051433,2024-02-09,CUST01792,PROD0025,2,Wrong Item,10570.6,Approved
RET04071,ORD048673,2025-01-07,CUST03672,PROD0037,1,Changed Mind,9731.05,Approved
RET04072,ORD045999,2024-06-01,CUST05313,PROD0171,2,Wrong Item,26700.62,Approved
RET04073,ORD024426,2024-07-11,CUST05979,PROD0087,1,Damaged,3396.38,Rejected
RET04074,ORD035521,2025-01-04,CUST01518,PROD0077,2,Damaged,2042.94,Approved
RET04075,ORD004426,2026-02-13,CUST04238,PROD0066,1,Late Delivery,6135.56,Approved
RET04076,ORD037843,2025-07-24,CUST01894,PROD0088,1,Wrong Item,15469.47,Approved
RET04077,ORD010603,2024-10-05,CUST03320,PROD0157,1,Damaged,14323.08,Approved
RET04078,ORD073472,2026-06-29,CUST01091,PROD0079,1,Wrong Item,5573.33,Approved
RET04079,ORD030832,2025-03-24,CUST04929,PROD0032,1,Damaged,16577.15,Approved
RET04080,ORD021044,2024-08-10,CUST03477,PROD0043,1,Changed Mind,18076.17,Rejected
RET04081,ORD057669,2025-03-20,CUST02906,PROD0149,1,Late Delivery,15077.01,Pending
RET04082,ORD029531,2024-11-18,CUST00341,PROD0022,1,Changed Mind,15694.57,Approved
RET04083,ORD013261,2026-04-30,CUST04434,PROD0172,2,Quality Issue,27224.1,Approved
RET04084,ORD024185,2025-03-15,CUST02524,PROD0049,2,Wrong Item,2591.64,Approved
RET04085,ORD015945,2024-11-09,CUST04439,PROD0147,1,Changed Mind,5213.69,Rejected
RET04086,ORD062880,2025-06-25,CUST01788,PROD0023,1,Wrong Item,12094.54,Approved
RET04087,ORD021261,2024-03-11,CUST03212,PROD0020,1,Quality Issue,4124.29,Approved
RET04088,ORD061397,2026-02-16,CUST01250,PROD0067,2,Changed Mind,8457.74,Approved
RET04089,ORD017745,2025-03-26,CUST02595,PROD0059,1,Quality Issue,4032.23,Approved
RET04090,ORD001181,2024-02-26,CUST02183,PROD0106,1,Changed Mind,4279.13,Approved
RET04091,ORD063315,2025-04-06,CUST01144,PROD0136,2,Damaged,29135.98,Approved
RET04092,ORD047823,2024-01-13,CUST01289,PROD0062,1,Quality Issue,4179.63,Pending
RET04093,ORD066412,2024-06-23,CUST01577,PROD0073,1,Wrong Item,8656.25,Approved
RET04094,ORD036704,2025-11-08,CUST05917,PROD0007,1,Damaged,6620.23,Rejected
RET04095,ORD055742,2025-09-10,CUST02940,PROD0043,1,Damaged,18076.17,Approved
RET04096,ORD024998,2024-10-27,CUST04337,PROD0097,1,Changed Mind,11000.04,Approved
RET04097,ORD000584,2024-06-01,CUST01141,PROD0034,1,Damaged,15512.32,Approved
RET04098,ORD043456,2026-06-28,CUST00516,PROD0082,1,Damaged,2212.72,Approved
RET04099,ORD003938,2025-11-18,CUST00929,PROD0170,1,Damaged,15086.92,Approved
RET04100,ORD033929,2025-12-18,CUST04934,PROD0108,1,Wrong Item,12361.97,Approved
RET04101,ORD061660,2026-05-18,CUST03259,PROD0137,1,Quality Issue,2135.82,Approved
RET04102,ORD055411,2026-05-27,CUST02538,PROD0078,1,Changed Mind,11816.08,Pending
RET04103,ORD003976,2024-06-13,CUST04708,PROD0134,2,Damaged,13281.66,Approved
RET04104,ORD010194,2025-12-17,CUST02328,PROD0051,1,Wrong Item,7244.8,Approved
RET04105,ORD055118,2024-05-15,CUST05388,PROD0107,2,Wrong Item,16299.52,Approved
RET04106,ORD059923,2024-09-04,CUST03225,PROD0106,1,Damaged,4279.13,Approved
RET04107,ORD010829,2024-04-17,CUST01538,PROD0022,1,Wrong Item,15694.57,Approved
RET04108,ORD034067,2025-06-22,CUST00137,PROD0110,2,Quality Issue,897.08,Approved
RET04109,ORD052736,2025-11-09,CUST05349,PROD0101,1,Damaged,12071.69,Approved
RET04110,ORD049690,2024-03-04,CUST04456,PROD0067,1,Late Delivery,4228.87,Approved
RET04111,ORD051545,2024-02-11,CUST04322,PROD0130,1,Damaged,9115.86,Approved
RET04112,ORD062686,2024-05-20,CUST00402,PROD0173,2,Quality Issue,3454.8,Approved
RET04113,ORD031779,2025-10-23,CUST02142,PROD0004,1,Wrong Item,15906.36,Approved
RET04114,ORD033137,2024-03-28,CUST02463,PROD0132,1,Wrong Item,3901.55,Approved
RET04115,ORD007281,2024-10-09,CUST04344,PROD0151,2,Changed Mind,7616.72,Approved
RET04116,ORD064112,2024-06-24,CUST05069,PROD0059,1,Quality Issue,4032.23,Approved
RET04117,ORD010385,2025-04-13,CUST03119,PROD0058,2,Changed Mind,5648.56,Approved
RET04118,ORD013801,2026-06-20,CUST03843,PROD0065,1,Quality Issue,4366.12,Approved
RET04119,ORD059106,2024-12-02,CUST04028,PROD0044,1,Quality Issue,13681.96,Pending
RET04120,ORD063866,2026-03-31,CUST03636,PROD0161,1,Quality Issue,15765.29,Approved
RET04121,ORD059735,2025-04-18,CUST02107,PROD0031,1,Wrong Item,3348.21,Pending
RET04122,ORD073565,2026-01-16,CUST02724,PROD0059,1,Quality Issue,4032.23,Approved
RET04123,ORD053656,2026-05-21,CUST01080,PROD0161,1,Wrong Item,15765.29,Pending
RET04124,ORD051481,2024-06-02,CUST05540,PROD0098,1,Damaged,15512.35,Pending
RET04125,ORD069742,2024-10-11,CUST00686,PROD0083,1,Changed Mind,13634.93,Rejected
RET04126,ORD045478,2025-08-09,CUST05137,PROD0037,1,Late Delivery,9731.05,Approved
RET04127,ORD035931,2026-02-17,CUST02173,PROD0103,1,Changed Mind,7340.57,Rejected
RET04128,ORD055187,2026-05-28,CUST00329,PROD0112,1,Late Delivery,18905.22,Pending
RET04129,ORD015990,2024-10-17,CUST00154,PROD0075,1,Wrong Item,16358.29,Approved
RET04130,ORD005939,2024-05-14,CUST04716,PROD0173,1,Changed Mind,1727.4,Approved
RET04131,ORD015301,2025-01-21,CUST03579,PROD0065,1,Wrong Item,4366.12,Approved
RET04132,ORD011612,2024-12-24,CUST00731,PROD0066,1,Changed Mind,6135.56,Approved
RET04133,ORD048452,2024-01-18,CUST04436,PROD0022,2,Damaged,31389.14,Pending
RET04134,ORD014355,2024-03-01,CUST01265,PROD0050,1,Damaged,7609.14,Approved
RET04135,ORD041658,2026-05-23,CUST02229,PROD0068,1,Wrong Item,14057.37,Approved
RET04136,ORD021142,2025-09-08,CUST05254,PROD0029,2,Damaged,27554.98,Pending
RET04137,ORD000596,2025-07-30,CUST05081,PROD0012,1,Quality Issue,332.97,Approved
RET04138,ORD064328,2025-08-02,CUST03945,PROD0081,1,Late Delivery,255.39,Approved
RET04139,ORD067714,2026-03-08,CUST03033,PROD0115,1,Quality Issue,16930.95,Approved
RET04140,ORD024377,2025-08-30,CUST05609,PROD0033,2,Wrong Item,17636.98,Approved
RET04141,ORD023965,2025-04-20,CUST00907,PROD0038,2,Late Delivery,11852.44,Approved
RET04142,ORD054283,2025-05-04,CUST01412,PROD0134,1,Late Delivery,6640.83,Pending
RET04143,ORD042297,2024-11-26,CUST04135,PROD0091,1,Late Delivery,2345.0,Approved
RET04144,ORD057189,2024-12-24,CUST05517,PROD0015,1,Quality Issue,18083.63,Approved
RET04145,ORD025459,2024-12-18,CUST05892,PROD0013,1,Changed Mind,10350.0,Approved
RET04146,ORD047059,2025-09-18,CUST01186,PROD0017,1,Changed Mind,9986.93,Approved
RET04147,ORD040797,2024-01-17,CUST00105,PROD0037,1,Quality Issue,9731.05,Approved
RET04148,ORD035600,2025-03-19,CUST05323,PROD0087,1,Quality Issue,3396.38,Approved
RET04149,ORD054732,2024-10-20,CUST05749,PROD0132,1,Late Delivery,3901.55,Approved
RET04150,ORD043930,2024-01-25,CUST03361,PROD0142,1,Quality Issue,2133.87,Approved
RET04151,ORD072743,2025-07-25,CUST02542,PROD0064,1,Changed Mind,14023.42,Pending
RET04152,ORD067974,2025-06-05,CUST00522,PROD0032,1,Changed Mind,16577.15,Rejected
RET04153,ORD059721,2025-12-16,CUST04635,PROD0141,1,Quality Issue,1258.64,Approved
RET04154,ORD042514,2024-09-11,CUST02616,PROD0020,1,Late Delivery,4124.29,Approved
RET04155,ORD009793,2024-07-10,CUST04348,PROD0058,1,Quality Issue,2824.28,Approved
RET04156,ORD028690,2025-09-09,CUST01651,PROD0022,1,Late Delivery,15694.57,Approved
RET04157,ORD049098,2025-11-25,CUST01824,PROD0026,1,Wrong Item,12026.19,Pending
RET04158,ORD053704,2024-04-07,CUST04765,PROD0126,1,Quality Issue,11737.65,Approved
RET04159,ORD024360,2025-03-30,CUST00447,PROD0168,1,Wrong Item,7461.76,Approved
RET04160,ORD010228,2024-05-03,CUST02022,PROD0078,1,Quality Issue,11816.08,Approved
RET04161,ORD044346,2025-01-04,CUST03575,PROD0044,1,Quality Issue,13681.96,Approved
RET04162,ORD051560,2024-03-01,CUST04955,PROD0060,1,Quality Issue,15188.92,Approved
RET04163,ORD059110,2026-06-28,CUST05219,PROD0107,1,Wrong Item,8149.76,Approved
RET04164,ORD007380,2024-12-27,CUST02256,PROD0032,1,Late Delivery,16577.15,Approved
RET04165,ORD016854,2025-05-17,CUST03812,PROD0116,1,Wrong Item,1812.54,Approved
RET04166,ORD000999,2024-07-13,CUST02185,PROD0167,1,Wrong Item,12170.89,Pending
RET04167,ORD014326,2024-06-03,CUST05021,PROD0001,1,Changed Mind,12001.3,Pending
RET04168,ORD046465,2024-07-22,CUST02085,PROD0021,1,Quality Issue,18499.86,Approved
RET04169,ORD065027,2026-06-23,CUST04207,PROD0058,1,Wrong Item,2824.28,Approved
RET04170,ORD062259,2024-11-02,CUST03450,PROD0025,1,Damaged,5285.3,Approved
RET04171,ORD013130,2026-05-24,CUST00833,PROD0037,1,Wrong Item,9731.05,Approved
RET04172,ORD001402,2024-09-25,CUST00479,PROD0129,1,Wrong Item,5163.83,Approved
RET04173,ORD028697,2025-09-26,CUST05919,PROD0039,1,Quality Issue,759.95,Approved
RET04174,ORD002284,2024-06-20,CUST05459,PROD0056,1,Damaged,4052.4,Approved
RET04175,ORD052801,2024-07-11,CUST03167,PROD0062,1,Damaged,4179.63,Approved
RET04176,ORD020196,2025-12-12,CUST00427,PROD0179,1,Late Delivery,15031.47,Approved
RET04177,ORD067848,2024-08-10,CUST03365,PROD0110,1,Quality Issue,448.54,Approved
RET04178,ORD063222,2025-07-09,CUST02021,PROD0032,1,Late Delivery,16577.15,Pending
RET04179,ORD014729,2024-04-25,CUST03134,PROD0105,2,Wrong Item,21194.58,Approved
RET04180,ORD041539,2024-06-18,CUST02672,PROD0180,2,Wrong Item,3980.72,Approved
RET04181,ORD023186,2025-08-12,CUST04662,PROD0077,1,Damaged,1021.47,Approved
RET04182,ORD067686,2024-01-15,CUST02501,PROD0014,1,Damaged,6922.67,Approved
RET04183,ORD033309,2024-02-02,CUST00499,PROD0142,1,Late Delivery,2133.87,Approved
RET04184,ORD053990,2025-03-12,CUST04555,PROD0084,1,Late Delivery,8327.08,Approved
RET04185,ORD071726,2024-07-30,CUST03418,PROD0131,1,Wrong Item,8773.69,Pending
RET04186,ORD063493,2025-09-09,CUST04700,PROD0040,1,Damaged,7125.69,Approved
RET04187,ORD024572,2025-01-21,CUST02886,PROD0049,1,Late Delivery,1295.82,Approved
RET04188,ORD056853,2025-03-27,CUST00598,PROD0026,1,Changed Mind,12026.19,Rejected
RET04189,ORD012443,2026-01-19,CUST03674,PROD0100,1,Wrong Item,4090.74,Approved
RET04190,ORD035108,2024-11-24,CUST00821,PROD0048,1,Wrong Item,4193.34,Approved
RET04191,ORD037510,2024-07-07,CUST02527,PROD0105,1,Late Delivery,10597.29,Pending
RET04192,ORD062787,2024-04-22,CUST00807,PROD0142,1,Changed Mind,2133.87,Approved
RET04193,ORD010038,2025-04-29,CUST00990,PROD0146,2,Changed Mind,5759.2,Approved
RET04194,ORD024724,2024-08-01,CUST01878,PROD0057,1,Damaged,9379.9,Approved
RET04195,ORD005448,2024-11-01,CUST00545,PROD0018,1,Wrong Item,12486.26,Approved
RET04196,ORD023732,2026-02-24,CUST05901,PROD0014,1,Late Delivery,6922.67,Approved
RET04197,ORD002083,2024-03-25,CUST01736,PROD0004,1,Late Delivery,15906.36,Approved
RET04198,ORD050618,2026-05-29,CUST03114,PROD0126,1,Damaged,11737.65,Approved
RET04199,ORD064416,2025-01-04,CUST00570,PROD0066,1,Late Delivery,6135.56,Approved
RET04200,ORD017458,2025-07-21,CUST02049,PROD0088,1,Quality Issue,15469.47,Approved
RET04201,ORD041403,2024-03-11,CUST04632,PROD0104,1,Quality Issue,5323.97,Approved
RET04202,ORD008396,2025-11-29,CUST01469,PROD0081,1,Late Delivery,255.39,Pending
RET04203,ORD061260,2026-05-01,CUST01793,PROD0034,1,Wrong Item,15512.32,Approved
RET04204,ORD011533,2026-03-06,CUST01843,PROD0142,1,Damaged,2133.87,Approved
RET04205,ORD035444,2025-02-14,CUST04740,PROD0137,1,Changed Mind,2135.82,Approved
RET04206,ORD067858,2025-04-23,CUST01849,PROD0072,1,Damaged,6813.77,Approved
RET04207,ORD048912,2025-04-20,CUST04926,PROD0065,2,Wrong Item,8732.24,Approved
RET04208,ORD039530,2024-01-21,CUST05528,PROD0162,1,Damaged,14802.17,Approved
RET04209,ORD050339,2025-10-18,CUST03008,PROD0064,1,Quality Issue,14023.42,Pending
RET04210,ORD058507,2024-12-31,CUST02955,PROD0104,1,Changed Mind,5323.97,Approved
RET04211,ORD049710,2026-02-11,CUST00949,PROD0159,1,Quality Issue,2880.2,Pending
RET04212,ORD030729,2025-04-27,CUST04365,PROD0030,1,Quality Issue,10355.74,Approved
RET04213,ORD074517,2026-04-26,CUST04262,PROD0157,1,Changed Mind,14323.08,Approved
RET04214,ORD032431,2024-08-18,CUST04982,PROD0163,2,Wrong Item,19795.82,Approved
RET04215,ORD053604,2026-01-14,CUST03916,PROD0123,1,Changed Mind,10275.68,Approved
RET04216,ORD066722,2024-03-15,CUST03980,PROD0178,1,Late Delivery,4622.91,Approved
RET04217,ORD039577,2024-09-19,CUST05380,PROD0097,1,Late Delivery,11000.04,Approved
RET04218,ORD009633,2024-05-04,CUST05207,PROD0006,1,Damaged,13675.14,Approved
RET04219,ORD009589,2024-10-26,CUST04111,PROD0120,1,Late Delivery,6528.62,Approved
RET04220,ORD051542,2024-07-23,CUST00553,PROD0056,1,Late Delivery,4052.4,Approved
RET04221,ORD042083,2026-03-16,CUST01619,PROD0123,1,Damaged,10275.68,Approved
RET04222,ORD018912,2026-05-01,CUST01639,PROD0105,1,Damaged,10597.29,Approved
RET04223,ORD062408,2024-10-26,CUST03646,PROD0060,1,Wrong Item,15188.92,Approved
RET04224,ORD033119,2024-09-06,CUST01719,PROD0172,1,Late Delivery,13612.05,Approved
RET04225,ORD004294,2026-02-15,CUST05506,PROD0052,1,Changed Mind,16337.81,Approved
RET04226,ORD067256,2026-06-04,CUST03786,PROD0041,1,Wrong Item,2219.7,Approved
RET04227,ORD060266,2024-06-03,CUST02227,PROD0089,1,Changed Mind,18354.57,Rejected
RET04228,ORD056746,2024-04-08,CUST04942,PROD0036,1,Changed Mind,15593.56,Approved
RET04229,ORD017328,2024-03-22,CUST03759,PROD0060,1,Quality Issue,15188.92,Approved
RET04230,ORD008872,2025-06-12,CUST03920,PROD0136,1,Damaged,14567.99,Approved
RET04231,ORD042867,2025-12-06,CUST02204,PROD0103,1,Changed Mind,7340.57,Approved
RET04232,ORD002079,2024-10-31,CUST04587,PROD0149,1,Late Delivery,15077.01,Approved
RET04233,ORD038478,2024-03-19,CUST02832,PROD0133,1,Changed Mind,12376.92,Approved
RET04234,ORD033746,2025-10-01,CUST03169,PROD0087,1,Damaged,3396.38,Pending
RET04235,ORD074171,2024-02-27,CUST02505,PROD0127,1,Damaged,2851.07,Approved
RET04236,ORD059479,2024-12-16,CUST00593,PROD0001,1,Quality Issue,12001.3,Pending
RET04237,ORD019093,2026-03-19,CUST05922,PROD0123,1,Late Delivery,10275.68,Approved
RET04238,ORD019975,2025-05-29,CUST00130,PROD0137,2,Damaged,4271.64,Approved
RET04239,ORD065073,2024-11-29,CUST02692,PROD0116,1,Wrong Item,1812.54,Approved
RET04240,ORD074874,2026-06-02,CUST02209,PROD0160,1,Damaged,9056.08,Approved
RET04241,ORD010363,2025-09-28,CUST00453,PROD0074,1,Changed Mind,2745.78,Approved
RET04242,ORD048334,2025-11-08,CUST00851,PROD0058,1,Late Delivery,2824.28,Approved
RET04243,ORD072802,2026-03-11,CUST03539,PROD0143,1,Wrong Item,4810.17,Approved
RET04244,ORD050643,2025-12-09,CUST02129,PROD0010,2,Quality Issue,23544.02,Rejected
RET04245,ORD019550,2026-06-11,CUST05500,PROD0012,1,Late Delivery,332.97,Rejected
RET04246,ORD072841,2025-05-27,CUST02581,PROD0068,1,Damaged,14057.37,Approved
RET04247,ORD049663,2024-05-08,CUST04927,PROD0056,1,Damaged,4052.4,Approved
RET04248,ORD070764,2026-02-26,CUST04794,PROD0009,1,Late Delivery,6992.14,Approved
RET04249,ORD027139,2026-01-14,CUST03339,PROD0118,1,Wrong Item,11702.39,Approved
RET04250,ORD044400,2025-11-19,CUST00721,PROD0037,1,Damaged,9731.05,Approved
RET04251,ORD071953,2026-03-06,CUST05661,PROD0103,1,Changed Mind,7340.57,Approved
RET04252,ORD005324,2024-09-07,CUST01118,PROD0012,2,Damaged,665.94,Approved
RET04253,ORD016098,2025-05-04,CUST00744,PROD0119,1,Changed Mind,15636.32,Approved
RET04254,ORD023185,2025-01-20,CUST05462,PROD0053,1,Late Delivery,2085.37,Approved
RET04255,ORD036820,2025-02-18,CUST02283,PROD0108,1,Damaged,12361.97,Approved
RET04256,ORD031151,2024-06-26,CUST02310,PROD0067,1,Changed Mind,4228.87,Approved
RET04257,ORD026936,2024-01-24,CUST03818,PROD0068,1,Changed Mind,14057.37,Approved
RET04258,ORD043983,2025-06-22,CUST03937,PROD0163,2,Changed Mind,19795.82,Approved
RET04259,ORD054317,2024-05-07,CUST03074,PROD0134,1,Late Delivery,6640.83,Pending
RET04260,ORD010883,2024-06-28,CUST05398,PROD0062,1,Quality Issue,4179.63,Approved
RET04261,ORD070980,2025-01-18,CUST00568,PROD0118,1,Damaged,11702.39,Approved
RET04262,ORD026039,2024-07-27,CUST01779,PROD0150,1,Late Delivery,1301.37,Approved
RET04263,ORD054527,2024-12-17,CUST01358,PROD0141,1,Wrong Item,1258.64,Approved
RET04264,ORD010379,2025-04-10,CUST01716,PROD0005,2,Late Delivery,10791.66,Approved
RET04265,ORD073967,2025-12-18,CUST03370,PROD0160,1,Late Delivery,9056.08,Approved
RET04266,ORD047114,2025-11-17,CUST03079,PROD0001,1,Wrong Item,12001.3,Pending
RET04267,ORD041416,2024-08-09,CUST02579,PROD0092,1,Changed Mind,3069.95,Approved
RET04268,ORD018036,2025-09-21,CUST02380,PROD0147,2,Quality Issue,10427.38,Approved
RET04269,ORD003713,2024-09-10,CUST04298,PROD0073,2,Quality Issue,17312.5,Approved
RET04270,ORD031893,2026-05-27,CUST02592,PROD0052,1,Late Delivery,16337.81,Approved
RET04271,ORD038324,2026-01-07,CUST05551,PROD0158,2,Late Delivery,32218.36,Approved
RET04272,ORD063634,2026-05-28,CUST02651,PROD0153,1,Late Delivery,8234.87,Approved
RET04273,ORD030776,2024-06-27,CUST00600,PROD0120,1,Late Delivery,6528.62,Approved
RET04274,ORD057692,2025-06-27,CUST05708,PROD0039,1,Wrong Item,759.95,Pending
RET04275,ORD010225,2024-10-01,CUST02659,PROD0152,1,Wrong Item,8156.28,Rejected
RET04276,ORD045612,2025-07-08,CUST03016,PROD0022,1,Changed Mind,15694.57,Approved
RET04277,ORD047813,2024-12-08,CUST00998,PROD0142,1,Wrong Item,2133.87,Pending
RET04278,ORD061913,2025-12-27,CUST01618,PROD0110,1,Late Delivery,448.54,Approved
RET04279,ORD048778,2025-09-27,CUST04513,PROD0046,2,Changed Mind,11534.18,Approved
RET04280,ORD033494,2026-01-22,CUST02682,PROD0115,1,Changed Mind,16930.95,Approved
RET04281,ORD057730,2024-10-02,CUST01974,PROD0094,1,Late Delivery,12677.35,Approved
RET04282,ORD027838,2024-07-25,CUST02053,PROD0017,2,Late Delivery,19973.86,Approved
RET04283,ORD059944,2024-06-27,CUST03332,PROD0117,1,Late Delivery,2739.8,Approved
RET04284,ORD007773,2024-02-02,CUST05810,PROD0096,1,Wrong Item,2508.21,Approved
RET04285,ORD047075,2024-07-08,CUST00078,PROD0132,2,Quality Issue,7803.1,Pending
RET04286,ORD002286,2024-03-28,CUST01608,PROD0120,1,Changed Mind,6528.62,Approved
RET04287,ORD065225,2024-06-05,CUST05225,PROD0038,1,Wrong Item,5926.22,Approved
RET04288,ORD056491,2024-08-21,CUST05215,PROD0103,1,Changed Mind,7340.57,Approved
RET04289,ORD004787,2024-09-21,CUST03236,PROD0154,1,Changed Mind,2368.51,Approved
RET04290,ORD031710,2025-07-20,CUST02665,PROD0001,1,Changed Mind,12001.3,Approved
RET04291,ORD026690,2026-04-10,CUST02098,PROD0109,1,Wrong Item,8971.66,Approved
RET04292,ORD023734,2025-01-08,CUST00236,PROD0002,1,Quality Issue,6109.4,Approved
RET04293,ORD066315,2025-03-13,CUST00622,PROD0016,1,Quality Issue,5085.97,Approved
RET04294,ORD042109,2025-12-08,CUST05245,PROD0012,1,Changed Mind,332.97,Approved
RET04295,ORD033069,2025-12-18,CUST00972,PROD0085,1,Changed Mind,7374.91,Approved
RET04296,ORD054416,2026-04-21,CUST03377,PROD0170,1,Quality Issue,15086.92,Approved
RET04297,ORD063875,2024-08-23,CUST04910,PROD0143,1,Quality Issue,4810.17,Approved
RET04298,ORD038330,2024-04-28,CUST01995,PROD0120,1,Damaged,6528.62,Approved
RET04299,ORD028564,2025-09-04,CUST05175,PROD0178,1,Late Delivery,4622.91,Approved
RET04300,ORD056361,2025-03-17,CUST02146,PROD0129,1,Changed Mind,5163.83,Approved
RET04301,ORD025336,2026-03-12,CUST05438,PROD0112,2,Changed Mind,37810.44,Approved
RET04302,ORD074663,2026-04-02,CUST00910,PROD0058,2,Damaged,5648.56,Approved
RET04303,ORD003007,2025-05-16,CUST04355,PROD0049,1,Wrong Item,1295.82,Rejected
RET04304,ORD011541,2024-12-30,CUST01192,PROD0139,1,Changed Mind,1777.94,Approved
RET04305,ORD057145,2024-09-25,CUST02848,PROD0019,2,Wrong Item,19368.92,Approved
RET04306,ORD001699,2025-03-16,CUST02214,PROD0087,1,Changed Mind,3396.38,Pending
RET04307,ORD058907,2026-01-12,CUST00492,PROD0117,1,Quality Issue,2739.8,Pending
RET04308,ORD064470,2026-07-07,CUST00412,PROD0042,1,Damaged,19236.44,Rejected
RET04309,ORD066513,2026-07-10,CUST00201,PROD0023,1,Damaged,12094.54,Approved
RET04310,ORD051928,2024-01-08,CUST03493,PROD0075,1,Changed Mind,16358.29,Approved
RET04311,ORD009913,2024-07-17,CUST03374,PROD0153,1,Wrong Item,8234.87,Pending
RET04312,ORD037923,2024-02-18,CUST04421,PROD0136,2,Damaged,29135.98,Approved
RET04313,ORD056673,2024-05-02,CUST02844,PROD0158,1,Wrong Item,16109.18,Approved
RET04314,ORD060275,2025-06-30,CUST04283,PROD0161,1,Changed Mind,15765.29,Approved
RET04315,ORD069926,2025-10-23,CUST01686,PROD0156,1,Late Delivery,891.52,Approved
RET04316,ORD062486,2025-08-30,CUST03663,PROD0111,1,Quality Issue,4589.0,Approved
RET04317,ORD043765,2024-08-18,CUST01373,PROD0071,1,Quality Issue,10420.29,Approved
RET04318,ORD051717,2025-07-11,CUST00052,PROD0086,2,Quality Issue,8796.04,Approved
RET04319,ORD050656,2024-01-10,CUST00187,PROD0038,1,Late Delivery,5926.22,Approved
RET04320,ORD002044,2024-05-07,CUST00589,PROD0104,1,Late Delivery,5323.97,Approved
RET04321,ORD045498,2024-01-19,CUST05201,PROD0030,2,Quality Issue,20711.48,Approved
RET04322,ORD031442,2026-03-23,CUST02663,PROD0057,1,Late Delivery,9379.9,Approved
RET04323,ORD061023,2024-10-26,CUST01454,PROD0064,1,Changed Mind,14023.42,Rejected
RET04324,ORD069312,2024-08-03,CUST05665,PROD0103,1,Changed Mind,7340.57,Approved
RET04325,ORD018021,2024-01-11,CUST02721,PROD0100,2,Changed Mind,8181.48,Approved
RET04326,ORD065578,2025-05-14,CUST05001,PROD0076,1,Changed Mind,7447.92,Approved
RET04327,ORD006843,2025-05-28,CUST01119,PROD0090,1,Late Delivery,6354.08,Approved
RET04328,ORD060226,2025-04-17,CUST03369,PROD0092,1,Late Delivery,3069.95,Pending
RET04329,ORD066215,2024-01-18,CUST00447,PROD0089,1,Damaged,18354.57,Approved
RET04330,ORD052226,2025-04-04,CUST02468,PROD0006,1,Wrong Item,13675.14,Approved
RET04331,ORD059527,2024-09-27,CUST02228,PROD0111,1,Damaged,4589.0,Approved
RET04332,ORD018418,2026-03-04,CUST02561,PROD0088,1,Quality Issue,15469.47,Approved
RET04333,ORD045659,2024-02-27,CUST00176,PROD0138,1,Late Delivery,12600.9,Approved
RET04334,ORD042952,2024-06-04,CUST03656,PROD0017,1,Changed Mind,9986.93,Approved
RET04335,ORD061463,2026-05-31,CUST05133,PROD0060,1,Wrong Item,15188.92,Approved
RET04336,ORD058885,2025-04-14,CUST01381,PROD0154,1,Late Delivery,2368.51,Approved
RET04337,ORD005940,2025-12-03,CUST05103,PROD0069,1,Changed Mind,5482.32,Approved
RET04338,ORD044753,2024-05-02,CUST04073,PROD0149,1,Late Delivery,15077.01,Approved
RET04339,ORD069657,2025-07-07,CUST00277,PROD0157,2,Changed Mind,28646.16,Approved
RET04340,ORD011620,2025-05-05,CUST02062,PROD0069,1,Wrong Item,5482.32,Approved
RET04341,ORD071125,2024-04-07,CUST02544,PROD0002,1,Changed Mind,6109.4,Approved
RET04342,ORD010928,2024-05-22,CUST05154,PROD0016,1,Damaged,5085.97,Approved
RET04343,ORD001660,2025-03-27,CUST04656,PROD0046,1,Changed Mind,5767.09,Approved
RET04344,ORD049145,2024-05-07,CUST00311,PROD0151,1,Changed Mind,3808.36,Approved
RET04345,ORD022771,2026-01-07,CUST01759,PROD0062,2,Changed Mind,8359.26,Approved
RET04346,ORD061469,2024-11-30,CUST02911,PROD0087,1,Quality Issue,3396.38,Approved
RET04347,ORD005626,2024-01-15,CUST04558,PROD0019,2,Damaged,19368.92,Approved
RET04348,ORD073776,2025-10-30,CUST05436,PROD0180,2,Damaged,3980.72,Pending
RET04349,ORD024321,2024-05-08,CUST02345,PROD0173,1,Damaged,1727.4,Approved
RET04350,ORD052613,2024-02-28,CUST04273,PROD0129,1,Changed Mind,5163.83,Approved
RET04351,ORD018670,2026-06-22,CUST04371,PROD0171,1,Late Delivery,13350.31,Approved
RET04352,ORD025018,2026-07-05,CUST03074,PROD0162,2,Quality Issue,29604.34,Approved
RET04353,ORD005235,2025-10-27,CUST04329,PROD0039,2,Changed Mind,1519.9,Approved
RET04354,ORD073733,2024-06-28,CUST03801,PROD0039,1,Quality Issue,759.95,Approved
RET04355,ORD018430,2026-03-13,CUST05850,PROD0092,1,Wrong Item,3069.95,Approved
RET04356,ORD003346,2024-03-21,CUST02011,PROD0070,1,Late Delivery,13770.36,Approved
RET04357,ORD035445,2025-01-09,CUST00448,PROD0140,1,Late Delivery,16058.37,Approved
RET04358,ORD035743,2024-11-25,CUST03447,PROD0082,1,Changed Mind,2212.72,Pending
RET04359,ORD071610,2026-02-10,CUST03056,PROD0057,1,Changed Mind,9379.9,Approved
RET04360,ORD028586,2024-01-29,CUST04575,PROD0068,1,Changed Mind,14057.37,Pending
RET04361,ORD001859,2025-03-07,CUST04741,PROD0150,1,Quality Issue,1301.37,Approved
RET04362,ORD028011,2024-01-15,CUST01584,PROD0050,1,Changed Mind,7609.14,Approved
RET04363,ORD059650,2026-04-26,CUST03059,PROD0083,2,Changed Mind,27269.86,Approved
RET04364,ORD027683,2026-06-04,CUST05869,PROD0132,1,Damaged,3901.55,Approved
RET04365,ORD008950,2026-03-29,CUST00528,PROD0130,1,Wrong Item,9115.86,Approved
RET04366,ORD014419,2025-08-09,CUST01950,PROD0165,1,Late Delivery,11488.02,Approved
RET04367,ORD006031,2025-02-11,CUST05151,PROD0139,1,Damaged,1777.94,Approved
RET04368,ORD037795,2025-09-07,CUST02915,PROD0095,1,Changed Mind,2134.17,Approved
RET04369,ORD059971,2026-06-14,CUST03106,PROD0008,1,Changed Mind,8891.61,Approved
RET04370,ORD059412,2025-04-17,CUST02896,PROD0079,2,Damaged,11146.66,Rejected
RET04371,ORD010516,2025-05-16,CUST05689,PROD0031,2,Quality Issue,6696.42,Approved
RET04372,ORD037676,2026-03-27,CUST05494,PROD0146,1,Late Delivery,2879.6,Approved
RET04373,ORD003319,2024-04-03,CUST00964,PROD0025,1,Wrong Item,5285.3,Approved
RET04374,ORD021192,2025-02-13,CUST00870,PROD0113,1,Changed Mind,14425.18,Approved
RET04375,ORD054660,2024-02-08,CUST03865,PROD0110,1,Late Delivery,448.54,Approved
RET04376,ORD056422,2024-11-12,CUST04608,PROD0017,2,Late Delivery,19973.86,Approved
RET04377,ORD029810,2026-01-15,CUST00275,PROD0120,1,Wrong Item,6528.62,Approved
RET04378,ORD030846,2026-05-18,CUST03537,PROD0117,1,Quality Issue,2739.8,Approved
RET04379,ORD047383,2024-05-06,CUST04362,PROD0131,1,Quality Issue,8773.69,Approved
RET04380,ORD035990,2025-06-13,CUST05678,PROD0114,1,Damaged,5547.1,Approved
RET04381,ORD012273,2024-04-05,CUST00526,PROD0155,2,Changed Mind,5593.66,Approved
RET04382,ORD066104,2024-08-17,CUST00046,PROD0050,1,Damaged,7609.14,Approved
RET04383,ORD074621,2025-01-22,CUST04593,PROD0042,1,Quality Issue,19236.44,Pending
RET04384,ORD073036,2024-10-13,CUST05774,PROD0018,1,Damaged,12486.26,Approved
RET04385,ORD019069,2025-03-13,CUST02988,PROD0022,1,Damaged,15694.57,Approved
RET04386,ORD042570,2025-10-11,CUST01043,PROD0100,1,Quality Issue,4090.74,Approved
RET04387,ORD021897,2024-04-03,CUST01680,PROD0010,2,Quality Issue,23544.02,Approved
RET04388,ORD017213,2025-01-09,CUST05207,PROD0145,1,Quality Issue,1029.53,Approved
RET04389,ORD060715,2024-01-26,CUST04625,PROD0168,1,Damaged,7461.76,Approved
RET04390,ORD012197,2024-12-01,CUST05071,PROD0179,1,Quality Issue,15031.47,Approved
RET04391,ORD053550,2024-10-28,CUST03595,PROD0139,1,Wrong Item,1777.94,Approved
RET04392,ORD022071,2025-04-13,CUST02655,PROD0042,1,Late Delivery,19236.44,Approved
RET04393,ORD007841,2024-12-09,CUST03721,PROD0142,1,Changed Mind,2133.87,Approved
RET04394,ORD033546,2025-12-09,CUST03683,PROD0084,1,Wrong Item,8327.08,Approved
RET04395,ORD032923,2024-07-21,CUST05744,PROD0117,1,Changed Mind,2739.8,Approved
RET04396,ORD011384,2024-09-25,CUST02277,PROD0026,1,Quality Issue,12026.19,Approved
RET04397,ORD038334,2025-10-19,CUST01152,PROD0095,1,Changed Mind,2134.17,Approved
RET04398,ORD003623,2025-03-09,CUST04122,PROD0038,1,Wrong Item,5926.22,Rejected
RET04399,ORD012073,2026-03-15,CUST02398,PROD0058,1,Late Delivery,2824.28,Pending
RET04400,ORD047853,2024-11-20,CUST00871,PROD0001,2,Changed Mind,24002.6,Approved
RET04401,ORD043358,2024-09-11,CUST03718,PROD0044,1,Changed Mind,13681.96,Approved
RET04402,ORD074632,2025-06-07,CUST04317,PROD0099,1,Quality Issue,5204.8,Rejected
RET04403,ORD037373,2026-01-12,CUST05101,PROD0154,1,Wrong Item,2368.51,Pending
RET04404,ORD003507,2025-07-03,CUST03927,PROD0174,2,Quality Issue,4665.74,Rejected
RET04405,ORD043768,2025-05-30,CUST03642,PROD0067,1,Damaged,4228.87,Approved
RET04406,ORD007554,2026-01-17,CUST01272,PROD0173,2,Wrong Item,3454.8,Approved
RET04407,ORD068821,2025-08-17,CUST02225,PROD0109,1,Late Delivery,8971.66,Rejected
RET04408,ORD008304,2025-11-07,CUST02170,PROD0028,1,Quality Issue,19962.64,Approved
RET04409,ORD008138,2025-11-13,CUST03085,PROD0099,1,Wrong Item,5204.8,Pending
RET04410,ORD010942,2024-01-15,CUST02095,PROD0029,1,Quality Issue,13777.49,Approved
RET04411,ORD059092,2024-09-20,CUST04712,PROD0037,1,Damaged,9731.05,Approved
RET04412,ORD041246,2026-02-27,CUST03598,PROD0163,1,Damaged,9897.91,Approved
RET04413,ORD010974,2026-03-09,CUST00544,PROD0134,1,Quality Issue,6640.83,Rejected
RET04414,ORD039683,2025-09-20,CUST02306,PROD0090,1,Late Delivery,6354.08,Approved
RET04415,ORD010515,2024-02-15,CUST02212,PROD0056,1,Late Delivery,4052.4,Approved
RET04416,ORD050830,2024-11-20,CUST03707,PROD0035,1,Quality Issue,717.8,Approved
RET04417,ORD043102,2025-06-16,CUST04001,PROD0010,1,Changed Mind,11772.01,Approved
RET04418,ORD026851,2024-05-04,CUST01760,PROD0172,1,Late Delivery,13612.05,Approved
RET04419,ORD006222,2024-08-06,CUST02005,PROD0153,1,Quality Issue,8234.87,Approved
RET04420,ORD002189,2024-08-07,CUST05219,PROD0152,1,Quality Issue,8156.28,Approved
RET04421,ORD018227,2024-09-22,CUST00880,PROD0138,1,Quality Issue,12600.9,Approved
RET04422,ORD046632,2024-09-30,CUST03783,PROD0137,1,Damaged,2135.82,Approved
RET04423,ORD008629,2024-12-11,CUST05824,PROD0146,1,Late Delivery,2879.6,Approved
RET04424,ORD028566,2024-09-02,CUST05883,PROD0044,2,Quality Issue,27363.92,Approved
RET04425,ORD014464,2024-02-05,CUST01763,PROD0071,1,Wrong Item,10420.29,Approved
RET04426,ORD003251,2024-10-03,CUST00541,PROD0156,2,Quality Issue,1783.04,Approved
RET04427,ORD010685,2026-02-28,CUST00820,PROD0025,1,Damaged,5285.3,Approved
RET04428,ORD035481,2025-11-21,CUST00218,PROD0062,1,Wrong Item,4179.63,Approved
RET04429,ORD051243,2024-05-22,CUST04240,PROD0027,2,Late Delivery,20597.3,Approved
RET04430,ORD051872,2026-02-10,CUST01921,PROD0059,1,Late Delivery,4032.23,Rejected
RET04431,ORD058272,2025-10-24,CUST03937,PROD0161,1,Late Delivery,15765.29,Approved
RET04432,ORD024546,2024-02-27,CUST00537,PROD0043,1,Late Delivery,18076.17,Approved
RET04433,ORD019394,2026-03-14,CUST04151,PROD0041,2,Wrong Item,4439.4,Approved
RET04434,ORD025697,2025-07-22,CUST02699,PROD0053,1,Changed Mind,2085.37,Approved
RET04435,ORD074053,2026-02-26,CUST00842,PROD0052,1,Changed Mind,16337.81,Approved
RET04436,ORD057122,2024-10-07,CUST04135,PROD0058,1,Changed Mind,2824.28,Approved
RET04437,ORD063040,2025-05-21,CUST02665,PROD0141,1,Wrong Item,1258.64,Approved
RET04438,ORD052917,2024-08-18,CUST03016,PROD0118,1,Changed Mind,11702.39,Pending
RET04439,ORD033185,2026-03-24,CUST05398,PROD0126,1,Quality Issue,11737.65,Approved
RET04440,ORD015799,2026-04-24,CUST03457,PROD0044,1,Changed Mind,13681.96,Approved
RET04441,ORD041395,2024-02-20,CUST05970,PROD0065,1,Wrong Item,4366.12,Approved
RET04442,ORD003115,2025-06-27,CUST01513,PROD0170,1,Changed Mind,15086.92,Approved
RET04443,ORD011510,2024-08-01,CUST02251,PROD0025,1,Late Delivery,5285.3,Approved
RET04444,ORD053249,2025-09-13,CUST05053,PROD0047,1,Wrong Item,7182.73,Approved
RET04445,ORD033432,2026-01-29,CUST01893,PROD0117,1,Wrong Item,2739.8,Pending
RET04446,ORD023562,2026-01-23,CUST03496,PROD0079,1,Changed Mind,5573.33,Approved
RET04447,ORD034437,2024-09-07,CUST00788,PROD0083,1,Changed Mind,13634.93,Approved
RET04448,ORD060165,2024-01-07,CUST00505,PROD0078,1,Wrong Item,11816.08,Approved
RET04449,ORD070786,2025-04-30,CUST01478,PROD0154,2,Changed Mind,4737.02,Approved
RET04450,ORD002139,2024-07-20,CUST04478,PROD0138,1,Late Delivery,12600.9,Approved
RET04451,ORD054412,2024-09-25,CUST05874,PROD0167,1,Damaged,12170.89,Approved
RET04452,ORD009089,2025-02-10,CUST03736,PROD0171,1,Wrong Item,13350.31,Approved
RET04453,ORD000583,2024-11-13,CUST04587,PROD0165,1,Wrong Item,11488.02,Approved
RET04454,ORD015612,2025-08-22,CUST05191,PROD0169,1,Wrong Item,6354.88,Approved
RET04455,ORD025915,2024-05-08,CUST03358,PROD0179,1,Changed Mind,15031.47,Approved
RET04456,ORD037365,2026-03-26,CUST05542,PROD0003,1,Wrong Item,15842.07,Approved
RET04457,ORD072423,2024-09-17,CUST05410,PROD0004,1,Late Delivery,15906.36,Approved
RET04458,ORD068006,2026-05-14,CUST05218,PROD0132,1,Late Delivery,3901.55,Approved
RET04459,ORD046411,2024-07-30,CUST03122,PROD0148,1,Changed Mind,8761.87,Approved
RET04460,ORD061998,2024-06-12,CUST03768,PROD0121,1,Changed Mind,15732.26,Approved
RET04461,ORD047047,2024-04-02,CUST04049,PROD0127,1,Wrong Item,2851.07,Pending
RET04462,ORD002004,2026-03-19,CUST02238,PROD0058,1,Wrong Item,2824.28,Approved
RET04463,ORD035419,2024-02-14,CUST04346,PROD0020,1,Damaged,4124.29,Approved
RET04464,ORD028336,2024-11-04,CUST04464,PROD0173,1,Late Delivery,1727.4,Pending
RET04465,ORD027748,2025-11-07,CUST04788,PROD0103,1,Damaged,7340.57,Approved
RET04466,ORD053611,2026-05-06,CUST04504,PROD0097,1,Late Delivery,11000.04,Rejected
RET04467,ORD065209,2025-03-05,CUST05546,PROD0020,1,Wrong Item,4124.29,Approved
RET04468,ORD054908,2025-08-13,CUST05895,PROD0043,1,Changed Mind,18076.17,Approved
RET04469,ORD032589,2024-09-22,CUST01178,PROD0059,2,Wrong Item,8064.46,Rejected
RET04470,ORD011603,2024-07-03,CUST03030,PROD0038,1,Late Delivery,5926.22,Approved
RET04471,ORD036162,2024-02-01,CUST01580,PROD0072,1,Changed Mind,6813.77,Approved
RET04472,ORD014805,2026-03-02,CUST04803,PROD0063,1,Changed Mind,4222.04,Rejected
RET04473,ORD034053,2025-06-12,CUST04988,PROD0097,1,Changed Mind,11000.04,Rejected
RET04474,ORD050399,2025-02-12,CUST01917,PROD0046,1,Wrong Item,5767.09,Approved
RET04475,ORD001172,2025-06-23,CUST03644,PROD0172,1,Late Delivery,13612.05,Approved
RET04476,ORD005828,2024-11-02,CUST05874,PROD0164,1,Wrong Item,15495.6,Approved
RET04477,ORD006572,2025-08-01,CUST05491,PROD0128,1,Wrong Item,6488.56,Approved
RET04478,ORD008803,2025-03-12,CUST04459,PROD0084,1,Late Delivery,8327.08,Approved
RET04479,ORD054756,2026-02-13,CUST04634,PROD0018,1,Wrong Item,12486.26,Approved
RET04480,ORD051643,2024-08-09,CUST05829,PROD0154,1,Damaged,2368.51,Approved
RET04481,ORD045717,2024-05-22,CUST02369,PROD0109,2,Quality Issue,17943.32,Approved
RET04482,ORD000929,2025-08-19,CUST02989,PROD0152,1,Late Delivery,8156.28,Approved
RET04483,ORD027143,2024-09-30,CUST05958,PROD0101,1,Wrong Item,12071.69,Pending
RET04484,ORD000456,2024-12-26,CUST02441,PROD0161,1,Damaged,15765.29,Rejected
RET04485,ORD064183,2024-11-21,CUST03722,PROD0044,1,Quality Issue,13681.96,Rejected
RET04486,ORD003022,2024-04-11,CUST05125,PROD0168,2,Late Delivery,14923.52,Approved
RET04487,ORD050839,2024-10-21,CUST00206,PROD0156,1,Changed Mind,891.52,Rejected
RET04488,ORD065458,2025-01-14,CUST03370,PROD0112,1,Late Delivery,18905.22,Approved
RET04489,ORD044080,2025-05-08,CUST03878,PROD0130,1,Quality Issue,9115.86,Approved
RET04490,ORD058441,2024-06-10,CUST04343,PROD0136,1,Late Delivery,14567.99,Approved
RET04491,ORD046916,2026-04-01,CUST03860,PROD0137,1,Quality Issue,2135.82,Approved
RET04492,ORD059504,2026-05-05,CUST02816,PROD0061,1,Wrong Item,7568.74,Approved
RET04493,ORD051302,2026-03-12,CUST00281,PROD0108,1,Damaged,12361.97,Approved
RET04494,ORD029182,2025-02-25,CUST00273,PROD0091,1,Quality Issue,2345.0,Approved
RET04495,ORD013047,2025-03-31,CUST02545,PROD0023,1,Changed Mind,12094.54,Approved
RET04496,ORD028226,2025-06-16,CUST05462,PROD0114,1,Changed Mind,5547.1,Pending
RET04497,ORD059244,2026-01-01,CUST03983,PROD0131,1,Quality Issue,8773.69,Approved
RET04498,ORD031099,2026-01-25,CUST01135,PROD0129,1,Wrong Item,5163.83,Approved
RET04499,ORD001889,2024-07-30,CUST05379,PROD0069,1,Late Delivery,5482.32,Approved
RET04500,ORD073999,2025-03-12,CUST05090,PROD0116,1,Quality Issue,1812.54,Approved
